UF,Ano,Trimestre,Trimestre_Ano,Total,Forca_de_Trabalho,Ocupados,Desocupados,Fora_da_Forca,Taxa_Desocupacao,Nivel_Ocupacao,Taxa_Participacao
Rondônia,2012,1,T1/2012,1210,765,703,62,445,8.104575163398692,58.09917355371901,63.22314049586777
Acre,2012,1,T1/2012,534,313,284,29,221,9.26517571884984,53.18352059925093,58.61423220973783
Amazonas,2012,1,T1/2012,2463,1558,1386,173,905,11.10397946084724,56.27283800243605,63.25619163621599
Roraima,2012,1,T1/2012,296,185,169,16,111,8.64864864864865,57.0945945945946,62.5
Pará,2012,1,T1/2012,5579,3373,3104,270,2206,8.00474355173436,55.63721096970783,60.45886359562645
Amapá,2012,1,T1/2012,487,318,278,40,169,12.57861635220126,57.08418891170432,65.29774127310061
Tocantins,2012,1,T1/2012,1043,654,599,55,389,8.409785932721713,57.43048897411314,62.70373921380633
Maranhão,2012,1,T1/2012,4824,2721,2505,216,2103,7.938257993384785,51.92786069651741,56.40547263681592
Piauí,2012,1,T1/2012,2426,1424,1315,109,1002,7.654494382022473,54.20445177246497,58.69744435284419
Ceará,2012,1,T1/2012,6679,3756,3482,275,2923,7.321618743343983,52.13355292708489,56.23596346758497
Rio Grande do Norte,2012,1,T1/2012,2540,1370,1211,159,1170,11.60583941605839,47.67716535433071,53.93700787401576
Paraíba,2012,1,T1/2012,2952,1667,1500,167,1285,10.01799640071986,50.81300813008131,56.47018970189702
Pernambuco,2012,1,T1/2012,6931,3925,3549,376,3006,9.579617834394904,51.20473236185254,56.62963497330833
Alagoas,2012,1,T1/2012,2383,1173,1041,133,1210,11.3384484228474,43.68443138900545,49.22366764582459
Sergipe,2012,1,T1/2012,1595,947,848,99,648,10.45406546990496,53.16614420062697,59.37304075235109
Bahia,2012,1,T1/2012,10986,6888,6086,802,4098,11.64343786295006,55.39777899144366,62.69797924631349
Minas Gerais,2012,1,T1/2012,15985,10115,9316,799,5870,7.899159663865546,58.27963715983735,63.27807319361902
Espírito Santo,2012,1,T1/2012,2885,1869,1726,143,1016,7.651150347779562,59.8266897746967,64.78336221837088
Rio de Janeiro,2012,1,T1/2012,13293,8071,7379,691,5222,8.561516540701277,55.51041901752802,60.7161664033702
São Paulo,2012,1,T1/2012,34709,22440,20685,1755,12269,7.820855614973262,59.59549396410153,64.65181941283241
Paraná,2012,1,T1/2012,8482,5533,5221,312,2949,5.638893909271643,61.5538788021693,65.2322565432681
Santa Catarina,2012,1,T1/2012,5196,3428,3286,142,1768,4.142357059509918,63.2409545804465,65.9738260200154
Rio Grande do Sul,2012,1,T1/2012,8874,5746,5439,307,3128,5.342847198050818,61.29141311697093,64.75095785440614
Mato Grosso do Sul,2012,1,T1/2012,1887,1219,1127,92,668,7.547169811320755,59.72443031266561,64.59989401165872
Mato Grosso,2012,1,T1/2012,2381,1566,1462,103,815,6.577266922094509,61.40277194456111,65.77068458630826
Goiás,2012,1,T1/2012,4857,3219,3015,204,1638,6.337371854613234,62.07535515750463,66.27547869054973
Distrito Federal,2012,1,T1/2012,2122,1420,1295,125,702,8.80281690140845,61.02733270499529,66.91800188501414
Rondônia,2012,2,T2/2012,1217,782,733,49,435,6.265984654731457,60.23007395234183,64.25636811832375
Acre,2012,2,T2/2012,537,329,299,30,208,9.118541033434653,55.67970204841713,61.26629422718808
Amazonas,2012,2,T2/2012,2477,1557,1416,141,920,9.05587668593449,57.165926524021,62.85829632620105
Roraima,2012,2,T2/2012,300,188,177,11,112,5.851063829787234,59.0,62.66666666666667
Pará,2012,2,T2/2012,5625,3549,3269,280,2076,7.889546351084813,58.11555555555555,63.09333333333333
Amapá,2012,2,T2/2012,497,315,269,46,182,14.6031746031746,54.12474849094567,63.38028169014085
Tocantins,2012,2,T2/2012,1054,656,605,51,398,7.774390243902439,57.40037950664136,62.23908918406072
Maranhão,2012,2,T2/2012,4844,2749,2496,253,2095,9.203346671516917,51.52766308835673,56.75061932287366
Piauí,2012,2,T2/2012,2447,1428,1327,101,1019,7.072829131652661,54.22966898242746,58.35717204740498
Ceará,2012,2,T2/2012,6683,3750,3443,307,2933,8.186666666666667,51.5187789914709,56.1125243154272
Rio Grande do Norte,2012,2,T2/2012,2544,1453,1288,165,1091,11.35581555402615,50.62893081761006,57.11477987421384
Paraíba,2012,2,T2/2012,2940,1679,1522,158,1261,9.410363311494937,51.76870748299319,57.10884353741497
Pernambuco,2012,2,T2/2012,6928,3832,3514,318,3096,8.298538622129437,50.72170900692841,55.31177829099308
Alagoas,2012,2,T2/2012,2376,1155,1020,135,1221,11.68831168831169,42.92929292929293,48.61111111111111
Sergipe,2012,2,T2/2012,1620,968,862,106,652,10.9504132231405,53.20987654320988,59.75308641975309
Bahia,2012,2,T2/2012,10981,6908,6121,787,4073,11.39258830341633,55.74173572534378,62.9086604134414
Minas Gerais,2012,2,T2/2012,16093,10448,9690,758,5645,7.254977029096478,60.2125147579693,64.922637171441
Espírito Santo,2012,2,T2/2012,2883,1919,1780,139,964,7.243355914538823,61.74124176205341,66.562608394034
Rio de Janeiro,2012,2,T2/2012,13345,8152,7540,612,5193,7.507360157016683,56.50056200824278,61.08654926938929
São Paulo,2012,2,T2/2012,34778,22706,20993,1712,12072,7.539857306438827,60.36287308068319,65.28840071309449
Paraná,2012,2,T2/2012,8546,5647,5345,302,2899,5.347972374712237,62.54388017786099,66.07769716826586
Santa Catarina,2012,2,T2/2012,5201,3497,3366,131,1704,3.746068058335716,64.71832339934627,67.23706979427033
Rio Grande do Sul,2012,2,T2/2012,8902,5810,5515,295,3092,5.077452667814113,61.95237025387554,65.26623230734666
Mato Grosso do Sul,2012,2,T2/2012,1899,1260,1170,89,639,7.063492063492063,61.61137440758294,66.35071090047393
Mato Grosso,2012,2,T2/2012,2406,1578,1487,91,828,5.766793409378961,61.80382377389859,65.5860349127182
Goiás,2012,2,T2/2012,4917,3281,3108,173,1636,5.272782688204815,63.20927394752898,66.72767947935732
Distrito Federal,2012,2,T2/2012,2141,1413,1293,120,728,8.492569002123142,60.39234002802429,65.9971975712284
Rondônia,2012,3,T3/2012,1226,784,738,46,442,5.86734693877551,60.1957585644372,63.94779771615008
Acre,2012,3,T3/2012,539,325,299,25,214,7.692307692307693,55.47309833024119,60.29684601113172
Amazonas,2012,3,T3/2012,2498,1567,1419,149,931,9.508615188257815,56.80544435548439,62.73018414731786
Roraima,2012,3,T3/2012,298,192,178,14,106,7.291666666666667,59.73154362416108,64.42953020134227
Pará,2012,3,T3/2012,5637,3502,3249,253,2135,7.224443175328384,57.63704097924428,62.12524392407309
Amapá,2012,3,T3/2012,509,329,283,47,180,14.28571428571428,55.5992141453831,64.63654223968565
Tocantins,2012,3,T3/2012,1050,652,605,47,398,7.208588957055214,57.61904761904761,62.09523809523809
Maranhão,2012,3,T3/2012,4852,2763,2549,214,2089,7.745204487875498,52.53503709810388,56.94558944765046
Piauí,2012,3,T3/2012,2461,1445,1355,90,1016,6.228373702422145,55.05891913856156,58.71596911824462
Ceará,2012,3,T3/2012,6689,3698,3398,300,2991,8.112493239588966,50.79982060098669,55.28479593362236
Rio Grande do Norte,2012,3,T3/2012,2543,1456,1289,167,1087,11.46978021978022,50.68816358631537,57.25521038143925
Paraíba,2012,3,T3/2012,2928,1661,1518,143,1267,8.609271523178808,51.84426229508197,56.72814207650273
Pernambuco,2012,3,T3/2012,6971,3954,3583,371,3017,9.382903388973192,51.39865155644814,56.72070004303544
Alagoas,2012,3,T3/2012,2406,1208,1068,140,1198,11.58940397350993,44.38902743142145,50.20781379883624
Sergipe,2012,3,T3/2012,1628,988,883,105,640,10.62753036437247,54.23832923832924,60.68796068796068
Bahia,2012,3,T3/2012,11060,6957,6206,751,4103,10.79488285180394,56.11211573236889,62.90235081374323
Minas Gerais,2012,3,T3/2012,16118,10414,9744,670,5704,6.433647013635491,60.4541506390371,64.61099391984118
Espírito Santo,2012,3,T3/2012,2898,1931,1798,133,967,6.887622993267736,62.04278812974465,66.63216011042098
Rio de Janeiro,2012,3,T3/2012,13399,8110,7503,607,5289,7.4845869297164,55.99671617284871,60.52690499290991
São Paulo,2012,3,T3/2012,34926,22854,21262,1592,12072,6.96595781920014,60.87728339918685,65.43549218347363
Paraná,2012,3,T3/2012,8562,5675,5410,265,2887,4.669603524229075,63.18617145526746,66.28124270030366
Santa Catarina,2012,3,T3/2012,5245,3505,3392,112,1740,3.195435092724679,64.67111534795042,66.82554814108676
Rio Grande do Sul,2012,3,T3/2012,8937,5778,5509,269,3159,4.655590169608861,61.64260937674835,64.6525679758308
Mato Grosso do Sul,2012,3,T3/2012,1906,1244,1183,62,662,4.983922829581994,62.06715634837355,65.26757607555089
Mato Grosso,2012,3,T3/2012,2418,1580,1498,83,838,5.253164556962026,61.95202646815549,65.34325889164599
Goiás,2012,3,T3/2012,4909,3249,3087,162,1660,4.986149584487535,62.88449786107149,66.18455897331432
Distrito Federal,2012,3,T3/2012,2148,1439,1314,125,709,8.686587908269631,61.1731843575419,66.9925512104283
Rondônia,2012,4,T4/2012,1219,805,762,42,414,5.217391304347826,62.51025430680885,66.0377358490566
Acre,2012,4,T4/2012,542,332,305,27,210,8.132530120481928,56.27306273062731,61.25461254612546
Amazonas,2012,4,T4/2012,2511,1605,1472,134,906,8.348909657320872,58.62206292313819,63.91875746714456
Roraima,2012,4,T4/2012,300,196,179,16,104,8.16326530612245,59.66666666666667,65.33333333333333
Pará,2012,4,T4/2012,5691,3570,3325,245,2121,6.862745098039216,58.42558425584256,62.73062730627307
Amapá,2012,4,T4/2012,510,329,289,40,181,12.1580547112462,56.66666666666666,64.50980392156863
Tocantins,2012,4,T4/2012,1066,673,621,52,393,7.726597325408618,58.25515947467167,63.13320825515948
Maranhão,2012,4,T4/2012,4874,2725,2518,207,2149,7.596330275229358,51.66187935986869,55.90890439064423
Piauí,2012,4,T4/2012,2474,1453,1351,102,1021,7.019958706125258,54.60792239288601,58.73080032336298
Ceará,2012,4,T4/2012,6707,3641,3366,275,3066,7.552870090634441,50.18637244669748,54.28656627404204
Rio Grande do Norte,2012,4,T4/2012,2544,1448,1280,168,1096,11.60220994475138,50.31446540880503,56.91823899371069
Paraíba,2012,4,T4/2012,2942,1647,1496,151,1295,9.168184578020645,50.84976206662135,55.98232494901427
Pernambuco,2012,4,T4/2012,7021,3902,3543,359,3119,9.20041004613019,50.46289702321607,55.57612875658739
Alagoas,2012,4,T4/2012,2421,1243,1105,139,1178,11.18262268704746,45.6422965716646,51.3424204874019
Sergipe,2012,4,T4/2012,1650,1024,925,99,626,9.66796875,56.06060606060606,62.06060606060606
Bahia,2012,4,T4/2012,11040,6847,6104,743,4193,10.85146779611509,55.28985507246377,62.01992753623189
Minas Gerais,2012,4,T4/2012,16175,10352,9700,652,5823,6.298299845440495,59.96908809891809,64.0
Espírito Santo,2012,4,T4/2012,2926,1952,1821,131,974,6.711065573770492,62.23513328776487,66.71223513328776
Rio de Janeiro,2012,4,T4/2012,13424,8136,7577,559,5288,6.870698131760079,56.44368295589987,60.60786650774732
São Paulo,2012,4,T4/2012,34986,22858,21310,1548,12128,6.772246040773471,60.9100783170411,65.33470531069571
Paraná,2012,4,T4/2012,8618,5678,5424,254,2940,4.473406128918633,62.93803666744024,65.88535623114412
Santa Catarina,2012,4,T4/2012,5283,3498,3404,94,1785,2.687249857061178,64.43308726102593,66.21237932992618
Rio Grande do Sul,2012,4,T4/2012,8951,5836,5580,256,3115,4.386566141192598,62.33940341861245,65.19941905932298
Mato Grosso do Sul,2012,4,T4/2012,1899,1259,1196,63,640,5.003971405877681,62.98051606108478,66.29805160610847
Mato Grosso,2012,4,T4/2012,2426,1588,1513,76,838,4.785894206549118,62.36603462489695,65.45754328112119
Goiás,2012,4,T4/2012,4969,3265,3098,168,1704,5.145482388973966,62.34654860132823,65.70738579190984
Distrito Federal,2012,4,T4/2012,2161,1458,1329,129,703,8.847736625514404,61.49930587690883,67.46876446089773
Rondônia,2013,1,T1/2013,1233,796,746,49,437,6.155778894472362,60.50283860502839,64.55798864557988
Acre,2013,1,T1/2013,543,330,294,36,213,10.90909090909091,54.14364640883977,60.77348066298342
Amazonas,2013,1,T1/2013,2532,1622,1454,168,910,10.35758323057953,57.42496050552922,64.06003159557662
Roraima,2013,1,T1/2013,304,192,175,17,112,8.854166666666668,57.56578947368421,63.1578947368421
Pará,2013,1,T1/2013,5742,3629,3344,286,2113,7.88095894185726,58.23754789272031,63.20097526994078
Amapá,2013,1,T1/2013,520,317,281,37,203,11.67192429022082,54.03846153846153,60.96153846153847
Tocantins,2013,1,T1/2013,1066,655,594,61,411,9.31297709923664,55.72232645403376,61.44465290806755
Maranhão,2013,1,T1/2013,4887,2733,2473,260,2154,9.51335528723015,50.60364231634949,55.92387968078576
Piauí,2013,1,T1/2013,2465,1459,1336,123,1006,8.430431802604524,54.19878296146045,59.18864097363083
Ceará,2013,1,T1/2013,6718,3667,3339,328,3051,8.944641396236706,49.70229234891337,54.58469782673415
Rio Grande do Norte,2013,1,T1/2013,2550,1431,1257,174,1119,12.15932914046122,49.29411764705882,56.11764705882353
Paraíba,2013,1,T1/2013,2957,1647,1489,158,1310,9.593199757134183,50.35508961785593,55.69834291511667
Pernambuco,2013,1,T1/2013,7016,3857,3444,412,3159,10.6818771065595,49.08779931584949,54.97434435575826
Alagoas,2013,1,T1/2013,2425,1245,1093,153,1180,12.28915662650602,45.0721649484536,51.34020618556701
Sergipe,2013,1,T1/2013,1652,1009,892,118,643,11.69474727452924,53.99515738498789,61.07748184019371
Bahia,2013,1,T1/2013,11066,6805,5891,914,4261,13.4313005143277,53.23513464666546,61.49466835351527
Minas Gerais,2013,1,T1/2013,16202,10287,9513,774,5915,7.52405949256343,58.71497346006665,63.49216146154796
Espírito Santo,2013,1,T1/2013,2942,1946,1793,152,996,7.810894141829394,60.94493541808293,66.14547926580558
Rio de Janeiro,2013,1,T1/2013,13472,8146,7549,597,5326,7.328750306899091,56.03473871733967,60.46615201900237
São Paulo,2013,1,T1/2013,35151,23002,21207,1795,12149,7.803669246152508,60.33114278398908,65.43768313845979
Paraná,2013,1,T1/2013,8653,5707,5425,282,2946,4.941300157701069,62.69501906853115,65.95400439154051
Santa Catarina,2013,1,T1/2013,5294,3509,3380,129,1785,3.676261043032203,63.84586324140537,66.2825840574235
Rio Grande do Sul,2013,1,T1/2013,8991,5913,5593,320,3078,5.411804498562489,62.20665109553999,65.76576576576578
Mato Grosso do Sul,2013,1,T1/2013,1915,1247,1187,60,668,4.811547714514836,61.98433420365536,65.11749347258485
Mato Grosso,2013,1,T1/2013,2449,1617,1523,94,832,5.813234384662956,62.18864842792977,66.02694977541854
Goiás,2013,1,T1/2013,4974,3320,3094,226,1654,6.807228915662651,62.20345798150382,66.74708484117411
Distrito Federal,2013,1,T1/2013,2186,1467,1324,142,719,9.679618268575323,60.5672461116194,67.10887465690759
Rondônia,2013,2,T2/2013,1242,800,761,39,442,4.875,61.27214170692431,64.4122383252818
Acre,2013,2,T2/2013,550,328,296,31,222,9.451219512195122,53.81818181818182,59.63636363636363
Amazonas,2013,2,T2/2013,2543,1633,1465,168,910,10.28781383955909,57.60912308297287,64.21549351160047
Roraima,2013,2,T2/2013,309,199,182,17,110,8.542713567839195,58.89967637540453,64.40129449838187
Pará,2013,2,T2/2013,5772,3605,3327,278,2167,7.711511789181692,57.64033264033264,62.45668745668745
Amapá,2013,2,T2/2013,532,325,278,47,207,14.46153846153846,52.25563909774436,61.09022556390977
Tocantins,2013,2,T2/2013,1077,659,605,54,418,8.19423368740516,56.17455896007429,61.18848653667596
Maranhão,2013,2,T2/2013,4891,2702,2447,255,2189,9.437453737971872,50.03066857493356,55.24432631363729
Piauí,2013,2,T2/2013,2483,1475,1364,111,1008,7.525423728813559,54.93354812726541,59.40394683850181
Ceará,2013,2,T2/2013,6757,3739,3420,319,3018,8.531692966033699,50.61417788959598,55.33520793251443
Rio Grande do Norte,2013,2,T2/2013,2562,1431,1275,156,1131,10.90146750524109,49.76580796252927,55.85480093676814
Paraíba,2013,2,T2/2013,2953,1688,1536,152,1265,9.004739336492891,52.0149001015916,57.16220792414494
Pernambuco,2013,2,T2/2013,7064,3850,3476,374,3214,9.714285714285714,49.20724801812005,54.50169875424689
Alagoas,2013,2,T2/2013,2427,1246,1112,135,1181,10.8346709470305,45.81788215904409,51.33910177173465
Sergipe,2013,2,T2/2013,1668,1011,897,115,657,11.37487636003956,53.77697841726619,60.61151079136691
Bahia,2013,2,T2/2013,11091,6794,5987,807,4297,11.87812775978805,53.9807050761879,61.256874943648
Minas Gerais,2013,2,T2/2013,16275,10548,9807,742,5727,7.034508911642018,60.25806451612902,64.8110599078341
Espírito Santo,2013,2,T2/2013,2966,1972,1820,152,994,7.707910750507099,61.36210384356036,66.4868509777478
Rio de Janeiro,2013,2,T2/2013,13503,8131,7559,572,5372,7.034805067027426,55.98015255869066,60.21624824113159
São Paulo,2013,2,T2/2013,35211,23220,21478,1742,11991,7.502153316106805,60.99798358467524,65.945301184289
Paraná,2013,2,T2/2013,8654,5764,5499,265,2890,4.597501734906316,63.54287034897157,66.60503813265541
Santa Catarina,2013,2,T2/2013,5325,3509,3387,122,1816,3.47677400968937,63.6056338028169,65.89671361502347
Rio Grande do Sul,2013,2,T2/2013,9037,5920,5647,274,3117,4.628378378378378,62.48755117848843,65.50846519862786
Mato Grosso do Sul,2013,2,T2/2013,1929,1276,1213,63,653,4.93730407523511,62.88232244686366,66.14826334888542
Mato Grosso,2013,2,T2/2013,2457,1629,1555,74,828,4.542664211172498,63.2885632885633,66.30036630036629
Goiás,2013,2,T2/2013,4999,3297,3106,191,1702,5.793145283591143,62.13242648529705,65.95319063812762
Distrito Federal,2013,2,T2/2013,2189,1489,1352,137,700,9.200805910006716,61.76336226587483,68.0219278209228
Rondônia,2013,3,T3/2013,1244,784,748,36,460,4.591836734693878,60.12861736334405,63.02250803858522
Acre,2013,3,T3/2013,557,328,299,29,229,8.841463414634147,53.68043087971274,58.88689407540395
Amazonas,2013,3,T3/2013,2557,1606,1471,135,951,8.405977584059777,57.52835353930386,62.80797809933516
Roraima,2013,3,T3/2013,311,207,191,17,104,8.212560386473431,61.41479099678456,66.55948553054662
Pará,2013,3,T3/2013,5840,3577,3299,278,2263,7.771875873637126,56.48972602739726,61.25000000000001
Amapá,2013,3,T3/2013,532,329,293,36,203,10.94224924012158,55.07518796992481,61.8421052631579
Tocantins,2013,3,T3/2013,1075,651,610,41,424,6.29800307219662,56.74418604651162,60.55813953488373
Maranhão,2013,3,T3/2013,4891,2671,2471,200,2220,7.487832272557095,50.52136577387037,54.6105090983439
Piauí,2013,3,T3/2013,2481,1454,1345,109,1027,7.49656121045392,54.21201128577187,58.60540104796453
Ceará,2013,3,T3/2013,6803,3724,3453,272,3079,7.303974221267455,50.75701896222255,54.74055563721888
Rio Grande do Norte,2013,3,T3/2013,2581,1459,1310,148,1122,10.14393420150788,50.75552111584657,56.52847733436652
Paraíba,2013,3,T3/2013,2972,1667,1524,143,1305,8.578284343131374,51.27860026917901,56.09017496635262
Pernambuco,2013,3,T3/2013,7091,3909,3577,332,3182,8.493220772576105,50.4442250740375,55.12621633055986
Alagoas,2013,3,T3/2013,2423,1258,1126,133,1165,10.57233704292528,46.47131654973174,51.91910854312836
Sergipe,2013,3,T3/2013,1666,1015,912,103,651,10.14778325123153,54.74189675870348,60.92436974789916
Bahia,2013,3,T3/2013,11156,6825,6091,734,4331,10.75457875457875,54.59842237361061,61.17784152025816
Minas Gerais,2013,3,T3/2013,16319,10506,9839,666,5813,6.33923472301542,60.29168453949384,64.3789447882836
Espírito Santo,2013,3,T3/2013,2988,1998,1854,144,990,7.207207207207207,62.04819277108435,66.86746987951807
Rio de Janeiro,2013,3,T3/2013,13545,8166,7601,565,5379,6.918932157727162,56.11664820967146,60.28792912513843
São Paulo,2013,3,T3/2013,35272,23233,21507,1726,12039,7.429087935264494,60.97471081877976,65.86811068269449
Paraná,2013,3,T3/2013,8694,5769,5524,245,2925,4.246836540128272,63.53807223372441,66.35610766045549
Santa Catarina,2013,3,T3/2013,5343,3452,3354,98,1891,2.838933951332561,62.77372262773723,64.60789818454053
Rio Grande do Sul,2013,3,T3/2013,9050,5973,5680,293,3077,4.905407667838607,62.76243093922652,66.0
Mato Grosso do Sul,2013,3,T3/2013,1939,1286,1229,57,653,4.432348367029549,63.38318720990201,66.32284682826199
Mato Grosso,2013,3,T3/2013,2464,1649,1584,65,815,3.941782898726501,64.28571428571429,66.9237012987013
Goiás,2013,3,T3/2013,5029,3323,3149,174,1706,5.236232320192597,62.61682242990653,66.07675482203221
Distrito Federal,2013,3,T3/2013,2201,1536,1398,138,665,8.984375,63.51658337119491,69.78646069968197
Rondônia,2013,4,T4/2013,1260,786,747,39,474,4.961832061068702,59.28571428571428,62.38095238095238
Acre,2013,4,T4/2013,560,326,303,23,234,7.05521472392638,54.10714285714285,58.21428571428572
Amazonas,2013,4,T4/2013,2565,1633,1507,126,932,7.71586037966932,58.75243664717349,63.66471734892788
Roraima,2013,4,T4/2013,312,202,188,14,110,6.930693069306932,60.25641025641026,64.74358974358975
Pará,2013,4,T4/2013,5844,3593,3372,220,2251,6.123016977456165,57.70020533880903,61.48186173853525
Amapá,2013,4,T4/2013,543,335,304,31,208,9.25373134328358,55.98526703499079,61.69429097605893
Tocantins,2013,4,T4/2013,1085,658,615,43,427,6.534954407294832,56.68202764976959,60.64516129032258
Maranhão,2013,4,T4/2013,4922,2736,2583,153,2186,5.592105263157895,52.47866720845185,55.58715969118244
Piauí,2013,4,T4/2013,2483,1485,1381,104,998,7.003367003367003,55.61820378574305,59.80668546113572
Ceará,2013,4,T4/2013,6833,3793,3530,263,3040,6.933825467967308,51.66105663690912,55.5100248792624
Rio Grande do Norte,2013,4,T4/2013,2594,1492,1346,146,1102,9.785522788203751,51.88897455666923,57.51734772552043
Paraíba,2013,4,T4/2013,2969,1696,1552,144,1273,8.49056603773585,52.27349275850455,57.12361064331425
Pernambuco,2013,4,T4/2013,7120,3962,3668,294,3158,7.420494699646643,51.51685393258427,55.64606741573034
Alagoas,2013,4,T4/2013,2426,1245,1128,117,1181,9.397590361445785,46.49629018961253,51.31904369332234
Sergipe,2013,4,T4/2013,1664,1001,913,88,663,8.791208791208792,54.86778846153846,60.15625
Bahia,2013,4,T4/2013,11185,6965,6332,634,4220,9.102656137832016,56.61153330353152,62.27089852481001
Minas Gerais,2013,4,T4/2013,16399,10429,9826,603,5970,5.78195416626714,59.91828770046954,63.5953411793402
Espírito Santo,2013,4,T4/2013,2996,1936,1821,115,1060,5.9400826446281,60.78104138851802,64.61949265687583
Rio de Janeiro,2013,4,T4/2013,13572,8052,7549,502,5520,6.234475906607054,55.62186855290303,59.32802829354553
São Paulo,2013,4,T4/2013,35373,23021,21498,1523,12352,6.615698709873594,60.77516750063607,65.08071127696266
Paraná,2013,4,T4/2013,8694,5760,5542,218,2934,3.784722222222222,63.74511157119854,66.25258799171843
Santa Catarina,2013,4,T4/2013,5371,3465,3376,89,1906,2.568542568542568,62.85607894246882,64.513126047291
Rio Grande do Sul,2013,4,T4/2013,9075,5988,5705,283,3087,4.726118904475618,62.86501377410468,65.98347107438016
Mato Grosso do Sul,2013,4,T4/2013,1935,1277,1220,58,658,4.541895066562255,63.04909560723514,65.99483204134367
Mato Grosso,2013,4,T4/2013,2490,1632,1570,61,858,3.737745098039216,63.05220883534136,65.5421686746988
Goiás,2013,4,T4/2013,5071,3341,3209,132,1730,3.950912900329242,63.28140406231513,65.88444093867088
Distrito Federal,2013,4,T4/2013,2225,1515,1385,129,710,8.514851485148515,62.24719101123596,68.08988764044945
Rondônia,2014,1,T1/2014,1274,793,753,40,481,5.044136191677175,59.10518053375197,62.24489795918367
Acre,2014,1,T1/2014,559,330,303,27,229,8.181818181818182,54.20393559928443,59.0339892665474
Amazonas,2014,1,T1/2014,2576,1584,1452,132,992,8.333333333333332,56.36645962732919,61.49068322981367
Roraima,2014,1,T1/2014,318,211,195,16,107,7.582938388625593,61.32075471698113,66.35220125786164
Pará,2014,1,T1/2014,5884,3648,3364,284,2236,7.785087719298247,57.17199184228416,61.9986403806934
Amapá,2014,1,T1/2014,548,338,300,38,210,11.24260355029586,54.74452554744526,61.67883211678832
Tocantins,2014,1,T1/2014,1090,677,619,58,413,8.567208271787297,56.78899082568807,62.11009174311927
Maranhão,2014,1,T1/2014,4971,2796,2616,180,2175,6.437768240343347,52.62522631261316,56.24622812311407
Piauí,2014,1,T1/2014,2468,1522,1414,108,946,7.095926412614981,57.29335494327391,61.66936790923825
Ceará,2014,1,T1/2014,6867,3812,3509,303,3055,7.948583420776495,51.09946119120431,55.51186835590506
Rio Grande do Norte,2014,1,T1/2014,2630,1511,1332,179,1119,11.84645929847783,50.64638783269962,57.45247148288973
Paraíba,2014,1,T1/2014,2972,1700,1542,159,1272,9.352941176470589,51.88425302826379,57.20053835800808
Pernambuco,2014,1,T1/2014,7127,3908,3563,345,3219,8.828045035823951,49.99298442542444,54.83373088255929
Alagoas,2014,1,T1/2014,2434,1236,1115,121,1198,9.789644012944985,45.80936729663106,50.78060805258833
Sergipe,2014,1,T1/2014,1665,1006,910,96,659,9.542743538767397,54.65465465465466,60.42042042042042
Bahia,2014,1,T1/2014,11181,7025,6205,819,4156,11.65836298932384,55.49593059654772,62.82980055451212
Minas Gerais,2014,1,T1/2014,16440,10436,9695,741,6004,7.10042161747796,58.97201946472019,63.47931873479319
Espírito Santo,2014,1,T1/2014,3001,1938,1813,124,1063,6.398348813209494,60.41319560146617,64.57847384205266
Rio de Janeiro,2014,1,T1/2014,13624,8145,7595,550,5479,6.752608962553714,55.74721080446271,59.78420434527305
São Paulo,2014,1,T1/2014,35575,23012,21326,1686,12563,7.326612202329219,59.94659170765987,64.68587491215742
Paraná,2014,1,T1/2014,8708,5756,5515,241,2952,4.186935371785962,63.33256775378962,66.10013780431787
Santa Catarina,2014,1,T1/2014,5389,3503,3395,109,1886,3.111618612617756,62.99870105771015,65.00278344776397
Rio Grande do Sul,2014,1,T1/2014,9069,5957,5634,324,3112,5.43897935202283,62.12371816076745,65.68530157680009
Mato Grosso do Sul,2014,1,T1/2014,1949,1264,1205,60,685,4.746835443037975,61.82657773217034,64.85377116469985
Mato Grosso,2014,1,T1/2014,2502,1651,1577,74,851,4.482132041187159,63.02957633892886,65.98721023181456
Goiás,2014,1,T1/2014,5067,3336,3145,191,1731,5.725419664268585,62.06828498125123,65.83777383066904
Distrito Federal,2014,1,T1/2014,2220,1500,1364,136,720,9.066666666666666,61.44144144144145,67.56756756756756
Rondônia,2014,2,T2/2014,1277,778,746,32,499,4.113110539845758,58.41816758026624,60.92404072043853
Acre,2014,2,T2/2014,560,332,300,32,228,9.63855421686747,53.57142857142857,59.28571428571428
Amazonas,2014,2,T2/2014,2593,1623,1487,137,970,8.441158348736908,57.34670266101042,62.59159274971076
Roraima,2014,2,T2/2014,322,213,201,12,109,5.633802816901409,62.42236024844721,66.14906832298136
Pará,2014,2,T2/2014,5887,3647,3386,261,2240,7.156567041403894,57.5165619160863,61.9500594530321
Amapá,2014,2,T2/2014,538,341,307,34,197,9.97067448680352,57.06319702602231,63.38289962825279
Tocantins,2014,2,T2/2014,1099,680,627,53,419,7.794117647058823,57.05186533212011,61.8744313011829
Maranhão,2014,2,T2/2014,4949,2807,2606,202,2142,7.196294976843605,52.65710244493837,56.71852899575672
Piauí,2014,2,T2/2014,2483,1512,1404,108,971,7.142857142857142,56.54450261780105,60.89407974224729
Ceará,2014,2,T2/2014,6885,3858,3566,292,3027,7.568688439606014,51.79375453885257,56.03485838779957
Rio Grande do Norte,2014,2,T2/2014,2647,1504,1328,177,1143,11.7686170212766,50.17000377786173,56.81904042312051
Paraíba,2014,2,T2/2014,2980,1710,1558,152,1270,8.88888888888889,52.28187919463087,57.38255033557047
Pernambuco,2014,2,T2/2014,7137,3955,3638,317,3182,8.015170670037927,50.97379851478212,55.41544066134229
Alagoas,2014,2,T2/2014,2433,1232,1112,120,1201,9.740259740259742,45.70489108096999,50.63707357172215
Sergipe,2014,2,T2/2014,1675,999,902,98,676,9.80980980980981,53.85074626865671,59.64179104477611
Bahia,2014,2,T2/2014,11223,7009,6296,713,4214,10.17263518333571,56.09908224182482,62.45210727969349
Minas Gerais,2014,2,T2/2014,16484,10486,9760,726,5998,6.923517070379553,59.20892987139044,63.61320067944673
Espírito Santo,2014,2,T2/2014,3001,1953,1824,129,1048,6.605222734254992,60.77974008663779,65.07830723092303
Rio de Janeiro,2014,2,T2/2014,13685,8104,7574,530,5581,6.539980256663376,55.34526854219949,59.21812203142126
São Paulo,2014,2,T2/2014,35752,23207,21549,1658,12545,7.144396087387427,60.27355113000671,64.91105392705303
Paraná,2014,2,T2/2014,8757,5791,5544,246,2966,4.247970989466413,63.30935251798561,66.1299531803129
Santa Catarina,2014,2,T2/2014,5429,3503,3404,99,1926,2.826149015129888,62.7003131331737,64.52385337999632
Rio Grande do Sul,2014,2,T2/2014,9079,5920,5622,298,3159,5.033783783783783,61.92311928626501,65.20541909901971
Mato Grosso do Sul,2014,2,T2/2014,1950,1283,1233,50,667,3.897116134060795,63.23076923076923,65.7948717948718
Mato Grosso,2014,2,T2/2014,2507,1652,1586,66,855,3.995157384987893,63.26286398085361,65.89549262066214
Goiás,2014,2,T2/2014,5074,3372,3190,181,1702,5.36773428232503,62.86953094205755,66.45644461962948
Distrito Federal,2014,2,T2/2014,2236,1508,1370,138,728,9.151193633952255,61.27012522361359,67.44186046511628
Rondônia,2014,3,T3/2014,1293,786,753,33,507,4.198473282442748,58.23665893271461,60.78886310904872
Acre,2014,3,T3/2014,568,335,312,24,233,7.164179104477612,54.92957746478874,58.97887323943662
Amazonas,2014,3,T3/2014,2614,1643,1531,112,971,6.816798539257456,58.56924254016832,62.85386381025248
Roraima,2014,3,T3/2014,326,212,198,14,114,6.60377358490566,60.73619631901841,65.03067484662577
Pará,2014,3,T3/2014,5934,3663,3398,265,2271,7.234507234507234,57.26322885069093,61.72901921132456
Amapá,2014,3,T3/2014,547,348,311,37,199,10.63218390804598,56.85557586837295,63.61974405850091
Tocantins,2014,3,T3/2014,1110,693,639,53,417,7.647907647907648,57.56756756756756,62.43243243243243
Maranhão,2014,3,T3/2014,4958,2819,2627,192,2139,6.810925860234125,52.98507462686567,56.85760387252925
Piauí,2014,3,T3/2014,2486,1510,1416,94,976,6.225165562913907,56.95897023330652,60.74014481094127
Ceará,2014,3,T3/2014,6915,3850,3559,291,3065,7.558441558441559,51.46782357194505,55.6760665220535
Rio Grande do Norte,2014,3,T3/2014,2640,1484,1326,158,1156,10.64690026954178,50.22727272727273,56.21212121212121
Paraíba,2014,3,T3/2014,2989,1713,1553,160,1276,9.340338587273788,51.95717631314821,57.31013716962195
Pernambuco,2014,3,T3/2014,7174,3992,3654,338,3182,8.46693386773547,50.93392807359911,55.64538611653192
Alagoas,2014,3,T3/2014,2448,1265,1141,124,1183,9.802371541501977,46.60947712418301,51.67483660130719
Sergipe,2014,3,T3/2014,1682,1014,921,93,668,9.171597633136097,54.75624256837099,60.28537455410225
Bahia,2014,3,T3/2014,11241,7018,6327,691,4223,9.846110002849814,56.28502802241794,62.43216795658749
Minas Gerais,2014,3,T3/2014,16532,10453,9728,725,6079,6.935807902037692,58.84345511734818,63.22888942656666
Espírito Santo,2014,3,T3/2014,3012,1945,1830,114,1067,5.861182519280206,60.75697211155379,64.57503320053121
Rio de Janeiro,2014,3,T3/2014,13759,8135,7631,505,5624,6.207744314689613,55.46187949705648,59.12493640526201
São Paulo,2014,3,T3/2014,35811,23202,21501,1701,12609,7.331264546159814,60.04021110831867,64.79014827846193
Paraná,2014,3,T3/2014,8792,5812,5570,242,2980,4.163799036476256,63.35304822565969,66.10555050045495
Santa Catarina,2014,3,T3/2014,5459,3564,3458,105,1895,2.946127946127946,63.34493496977468,65.28668254259021
Rio Grande do Sul,2014,3,T3/2014,9072,5923,5608,315,3149,5.318250886375147,61.81657848324515,65.28880070546738
Mato Grosso do Sul,2014,3,T3/2014,1968,1293,1240,53,675,4.098994586233565,63.00813008130082,65.70121951219512
Mato Grosso,2014,3,T3/2014,2495,1657,1593,64,838,3.862401931200966,63.84769539078157,66.41282565130261
Goiás,2014,3,T3/2014,5099,3383,3208,176,1716,5.202483003251552,62.91429692096489,66.34634242008237
Distrito Federal,2014,3,T3/2014,2242,1507,1372,135,735,8.95819508958195,61.19536128456735,67.21677074041035
Rondônia,2014,4,T4/2014,1293,802,773,29,491,3.615960099750624,59.78344934261408,62.02629543696829
Acre,2014,4,T4/2014,573,334,313,21,239,6.287425149700598,54.62478184991274,58.28970331588133
Amazonas,2014,4,T4/2014,2641,1622,1494,128,1019,7.891491985203452,56.56948125709958,61.41613025369178
Roraima,2014,4,T4/2014,331,223,209,14,108,6.278026905829597,63.14199395770392,67.37160120845923
Pará,2014,4,T4/2014,5947,3643,3384,259,2304,7.109525116662092,56.90263998654784,61.25777703043551
Amapá,2014,4,T4/2014,544,345,312,33,199,9.565217391304348,57.35294117647059,63.41911764705882
Tocantins,2014,4,T4/2014,1096,677,634,43,419,6.351550960118169,57.84671532846716,61.77007299270073
Maranhão,2014,4,T4/2014,4968,2833,2629,203,2135,7.165548888104483,52.91867954911433,57.02495974235104
Piauí,2014,4,T4/2014,2489,1494,1404,90,995,6.024096385542169,56.40819606267578,60.02410606669345
Ceará,2014,4,T4/2014,6889,3761,3511,250,3128,6.647168306301515,50.96530701117724,54.59428073740747
Rio Grande do Norte,2014,4,T4/2014,2644,1488,1332,156,1156,10.48387096774194,50.37821482602119,56.27836611195158
Paraíba,2014,4,T4/2014,2987,1713,1573,140,1274,8.172796263864566,52.6615333110144,57.34851021091396
Pernambuco,2014,4,T4/2014,7203,4008,3698,309,3195,7.709580838323353,51.3397195612939,55.64348188254894
Alagoas,2014,4,T4/2014,2465,1287,1165,122,1178,9.47940947940948,47.26166328600406,52.21095334685598
Sergipe,2014,4,T4/2014,1694,1034,941,93,660,8.994197292069632,55.54899645808737,61.03896103896103
Bahia,2014,4,T4/2014,11323,7151,6451,700,4172,9.788840721577404,56.97253378080014,63.15464099620242
Minas Gerais,2014,4,T4/2014,16560,10501,9836,665,6059,6.332730216169889,59.39613526570048,63.41183574879226
Espírito Santo,2014,4,T4/2014,3012,1920,1801,119,1092,6.197916666666667,59.79415670650731,63.74501992031873
Rio de Janeiro,2014,4,T4/2014,13838,8099,7625,473,5739,5.840227188541795,55.10189333718746,58.52724382136147
São Paulo,2014,4,T4/2014,35955,23436,21742,1694,12519,7.228195937873358,60.47003198442498,65.18147684605758
Paraná,2014,4,T4/2014,8817,5731,5516,215,3086,3.751526784156343,62.56096177838268,64.99943291368946
Santa Catarina,2014,4,T4/2014,5478,3623,3525,98,1855,2.70494065691416,64.34830230010952,66.13727637824023
Rio Grande do Sul,2014,4,T4/2014,9082,5929,5656,273,3153,4.60448642266824,62.27703149086105,65.28297731777141
Mato Grosso do Sul,2014,4,T4/2014,1969,1298,1247,50,671,3.852080123266564,63.33164042661249,65.92178770949721
Mato Grosso,2014,4,T4/2014,2499,1646,1579,67,853,4.070473876063184,63.18527410964386,65.86634653861545
Goiás,2014,4,T4/2014,5134,3434,3258,177,1700,5.154338963308096,63.45929100116868,66.88741721854305
Distrito Federal,2014,4,T4/2014,2247,1483,1353,130,764,8.766014834794337,60.21361815754339,65.99910992434357
Rondônia,2015,1,T1/2015,1288,791,755,36,497,4.551201011378002,58.61801242236024,61.41304347826087
Acre,2015,1,T1/2015,575,345,314,31,230,8.985507246376812,54.60869565217391,60.0
Amazonas,2015,1,T1/2015,2654,1640,1485,156,1014,9.51219512195122,55.95327807083648,61.79351921627732
Roraima,2015,1,T1/2015,333,218,198,20,115,9.174311926605505,59.45945945945946,65.46546546546547
Pará,2015,1,T1/2015,5942,3724,3375,349,2218,9.371643394199786,56.79905755637832,62.67250084146752
Amapá,2015,1,T1/2015,543,336,303,33,207,9.821428571428571,55.80110497237569,61.87845303867403
Tocantins,2015,1,T1/2015,1104,675,615,60,429,8.88888888888889,55.70652173913043,61.14130434782609
Maranhão,2015,1,T1/2015,4983,2857,2599,258,2126,9.03045152257613,52.15733493879189,57.33493879189243
Piauí,2015,1,T1/2015,2487,1493,1376,117,994,7.83657066309444,55.32770406111781,60.03216726980297
Ceará,2015,1,T1/2015,6891,3740,3438,303,3151,8.101604278074866,49.89116238572051,54.27369032070817
Rio Grande do Norte,2015,1,T1/2015,2668,1509,1334,175,1159,11.59708416169649,50.0,56.5592203898051
Paraíba,2015,1,T1/2015,2998,1746,1583,163,1252,9.335624284077891,52.80186791194129,58.23882588392262
Pernambuco,2015,1,T1/2015,7249,4010,3681,329,3239,8.204488778054863,50.77941785073803,55.3179748930887
Alagoas,2015,1,T1/2015,2467,1259,1118,141,1208,11.19936457505957,45.31820024321038,51.03364410214836
Sergipe,2015,1,T1/2015,1706,1042,951,91,664,8.73320537428023,55.74443141852286,61.07854630715123
Bahia,2015,1,T1/2015,11331,7176,6355,821,4155,11.44091415830546,56.08507633924632,63.33068572941488
Minas Gerais,2015,1,T1/2015,16606,10537,9659,878,6069,8.332542469393566,58.16572323256655,63.4529688064555
Espírito Santo,2015,1,T1/2015,3026,1931,1794,137,1095,7.09476954945624,59.28618638466623,63.81361533377395
Rio de Janeiro,2015,1,T1/2015,13928,8115,7578,536,5813,6.605052372150339,54.40838598506605,58.26392877656519
São Paulo,2015,1,T1/2015,36057,23562,21534,2028,12495,8.607079195314489,59.72210666444796,65.34653465346535
Paraná,2015,1,T1/2015,8843,5738,5429,309,3105,5.385151620773788,61.39319235553545,64.8874816238833
Santa Catarina,2015,1,T1/2015,5483,3627,3483,144,1856,3.970223325062035,63.52361845704906,66.14991792814153
Rio Grande do Sul,2015,1,T1/2015,9112,6027,5677,350,3085,5.807200929152149,62.30245829675154,66.1435469710272
Mato Grosso do Sul,2015,1,T1/2015,1985,1302,1220,82,683,6.29800307219662,61.46095717884131,65.59193954659949
Mato Grosso,2015,1,T1/2015,2512,1672,1576,97,840,5.801435406698564,62.73885350318471,66.56050955414013
Goiás,2015,1,T1/2015,5159,3426,3185,241,1733,7.034442498540572,61.73677069199457,66.40821864702463
Distrito Federal,2015,1,T1/2015,2257,1509,1346,164,748,10.86812458581842,59.63668586619406,66.85866194062915
Rondônia,2015,2,T2/2015,1285,786,747,39,499,4.961832061068702,58.13229571984436,61.16731517509728
Acre,2015,2,T2/2015,575,339,309,30,236,8.849557522123893,53.73913043478261,58.95652173913043
Amazonas,2015,2,T2/2015,2672,1652,1492,160,1020,9.685230024213077,55.83832335329342,61.82634730538922
Roraima,2015,2,T2/2015,335,218,201,17,117,7.79816513761468,60.0,65.07462686567163
Pará,2015,2,T2/2015,5988,3736,3393,343,2252,9.180942184154176,56.66332665330661,62.39144956579826
Amapá,2015,2,T2/2015,543,340,305,35,203,10.29411764705882,56.16942909760589,62.61510128913444
Tocantins,2015,2,T2/2015,1106,678,625,52,428,7.669616519174041,56.50994575045208,61.30198915009042
Maranhão,2015,2,T2/2015,4989,2849,2594,255,2140,8.95050895050895,51.99438765283624,57.10563239126078
Piauí,2015,2,T2/2015,2510,1519,1402,117,991,7.702435813034891,55.85657370517928,60.51792828685259
Ceará,2015,2,T2/2015,6910,3789,3451,338,3121,8.920559514383744,49.94211287988423,54.83357452966715
Rio Grande do Norte,2015,2,T2/2015,2652,1520,1341,179,1132,11.77631578947368,50.56561085972851,57.31523378582202
Paraíba,2015,2,T2/2015,3019,1739,1577,162,1280,9.315698677400803,52.2358396820139,57.60185491884729
Pernambuco,2015,2,T2/2015,7275,4106,3729,378,3169,9.206039941548951,51.25773195876289,56.43986254295532
Alagoas,2015,2,T2/2015,2478,1250,1101,149,1228,11.92,44.43099273607748,50.44390637610977
Sergipe,2015,2,T2/2015,1725,1038,943,95,687,9.152215799614645,54.66666666666666,60.17391304347826
Bahia,2015,2,T2/2015,11392,7228,6301,927,4164,12.825124515772,55.31074438202247,63.44803370786517
Minas Gerais,2015,2,T2/2015,16665,10678,9828,850,5987,7.960292189548604,58.97389738973897,64.07440744074407
Espírito Santo,2015,2,T2/2015,3062,1963,1830,133,1099,6.775343861436577,59.76485956890921,64.10842586544742
Rio de Janeiro,2015,2,T2/2015,13965,8259,7657,602,5706,7.289018040925052,54.82993197278911,59.140708915145
São Paulo,2015,2,T2/2015,36119,23673,21498,2176,12446,9.191906391247413,59.51992026357319,65.54168166339046
Paraná,2015,2,T2/2015,8851,5798,5437,361,3053,6.226284925836496,61.42808722178285,65.50672240424811
Santa Catarina,2015,2,T2/2015,5526,3671,3525,146,1855,3.97711795151185,63.78935939196525,66.43141512848352
Rio Grande do Sul,2015,2,T2/2015,9118,5994,5631,363,3124,6.056056056056057,61.7569642465453,65.73810046062734
Mato Grosso do Sul,2015,2,T2/2015,1988,1304,1221,83,684,6.365030674846625,61.41851106639839,65.59356136820925
Mato Grosso,2015,2,T2/2015,2494,1653,1549,104,841,6.291591046581972,62.10906174819567,66.27906976744185
Goiás,2015,2,T2/2015,5183,3462,3203,258,1721,7.452339688041594,61.79818637854524,66.79529230175574
Distrito Federal,2015,2,T2/2015,2270,1506,1359,147,764,9.760956175298803,59.86784140969162,66.34361233480176
Rondônia,2015,3,T3/2015,1288,807,753,54,481,6.691449814126393,58.46273291925466,62.65527950310559
Acre,2015,3,T3/2015,580,343,313,31,237,9.037900874635568,53.96551724137931,59.13793103448276
Amazonas,2015,3,T3/2015,2702,1683,1510,173,1019,10.27926322043969,55.88452997779423,62.28719467061435
Roraima,2015,3,T3/2015,338,219,199,21,119,9.58904109589041,58.87573964497042,64.79289940828401
Pará,2015,3,T3/2015,6027,3791,3466,325,2236,8.572935900817725,57.50788120126099,62.90028206404513
Amapá,2015,3,T3/2015,548,346,305,41,202,11.84971098265896,55.65693430656934,63.13868613138686
Tocantins,2015,3,T3/2015,1099,677,614,63,422,9.30576070901034,55.86897179253867,61.60145586897179
Maranhão,2015,3,T3/2015,5032,2888,2641,248,2144,8.587257617728532,52.48410174880763,57.39268680445151
Piauí,2015,3,T3/2015,2512,1521,1404,118,991,7.758053911900066,55.89171974522294,60.54936305732485
Ceará,2015,3,T3/2015,6907,3838,3465,373,3069,9.718603439291297,50.16649775589981,55.56681627334588
Rio Grande do Norte,2015,3,T3/2015,2667,1554,1355,199,1113,12.80566280566281,50.80614923134609,58.26771653543307
Paraíba,2015,3,T3/2015,3034,1752,1568,184,1282,10.50228310502283,51.68094924192486,57.74555042847725
Pernambuco,2015,3,T3/2015,7355,4209,3733,476,3146,11.30909954858636,50.75458871515976,57.22637661454792
Alagoas,2015,3,T3/2015,2497,1253,1116,137,1244,10.93375897845172,44.6936323588306,50.18021625951141
Sergipe,2015,3,T3/2015,1730,1026,936,90,704,8.771929824561402,54.10404624277456,59.30635838150289
Bahia,2015,3,T3/2015,11380,7246,6303,943,4134,13.01407673199006,55.38664323374341,63.67311072056238
Minas Gerais,2015,3,T3/2015,16758,10844,9891,953,5914,8.788270011066027,59.02255639097744,64.70939252894141
Espírito Santo,2015,3,T3/2015,3069,1949,1787,162,1120,8.311954848640328,58.22743564679048,63.50602802215705
Rio de Janeiro,2015,3,T3/2015,13967,8303,7610,693,5664,8.346380826207394,54.48557313667931,59.44726856160951
São Paulo,2015,3,T3/2015,36128,23703,21383,2320,12425,9.787790575032696,59.18678033658104,65.60839238263951
Paraná,2015,3,T3/2015,8883,5811,5449,362,3072,6.229564618826363,61.34188900146347,65.41708882134414
Santa Catarina,2015,3,T3/2015,5549,3672,3510,163,1877,4.438997821350762,63.25464047576141,66.17408542079653
Rio Grande do Sul,2015,3,T3/2015,9136,5994,5575,419,3142,6.990323656990324,61.0223292469352,65.60858143607706
Mato Grosso do Sul,2015,3,T3/2015,1987,1326,1242,84,661,6.334841628959276,62.50629089079014,66.73376950176146
Mato Grosso,2015,3,T3/2015,2498,1632,1522,110,866,6.740196078431373,60.92874299439551,65.33226581265012
Goiás,2015,3,T3/2015,5229,3453,3199,255,1776,7.38488271068636,61.17804551539491,66.03557085484796
Distrito Federal,2015,3,T3/2015,2292,1511,1353,157,781,10.39046988749173,59.03141361256544,65.92495636998254
Rondônia,2015,4,T4/2015,1278,816,764,53,462,6.495098039215687,59.78090766823161,63.84976525821596
Acre,2015,4,T4/2015,584,344,317,27,240,7.848837209302325,54.28082191780822,58.9041095890411
Amazonas,2015,4,T4/2015,2727,1659,1505,154,1068,9.282700421940929,55.18885221855518,60.83608360836084
Roraima,2015,4,T4/2015,342,221,203,18,121,8.144796380090497,59.35672514619883,64.61988304093568
Pará,2015,4,T4/2015,6078,3811,3477,334,2267,8.764103909734978,57.20631786771965,62.70154656136887
Amapá,2015,4,T4/2015,549,352,306,46,197,13.06818181818182,55.73770491803278,64.11657559198542
Tocantins,2015,4,T4/2015,1115,678,617,61,437,8.997050147492626,55.33632286995515,60.80717488789238
Maranhão,2015,4,T4/2015,5036,2873,2632,241,2163,8.38844413505047,52.26370135027801,57.04924543288325
Piauí,2015,4,T4/2015,2525,1497,1387,110,1028,7.348029392117568,54.93069306930693,59.28712871287129
Ceará,2015,4,T4/2015,6931,3795,3451,344,3136,9.06455862977602,49.7907949790795,54.75400375126245
Rio Grande do Norte,2015,4,T4/2015,2688,1533,1344,189,1155,12.32876712328767,50.0,57.03125
Paraíba,2015,4,T4/2015,3043,1729,1562,168,1314,9.7165991902834,51.33092343082485,56.81892868879396
Pernambuco,2015,4,T4/2015,7350,4084,3629,455,3266,11.14103819784525,49.37414965986395,55.56462585034014
Alagoas,2015,4,T4/2015,2504,1263,1118,145,1241,11.4806017418844,44.64856230031949,50.43929712460064
Sergipe,2015,4,T4/2015,1746,1011,909,103,735,10.18793273986152,52.0618556701031,57.90378006872853
Bahia,2015,4,T4/2015,11394,7171,6282,889,4223,12.39715520847859,55.1342812006319,62.93663331578023
Minas Gerais,2015,4,T4/2015,16836,10813,9798,1016,6023,9.396097290298714,58.19672131147541,64.22546923259682
Espírito Santo,2015,4,T4/2015,3096,1953,1773,181,1143,9.26779313876088,57.26744186046512,63.08139534883721
Rio de Janeiro,2015,4,T4/2015,13925,8314,7594,721,5611,8.67211931681501,54.53500897666068,59.70556552962299
São Paulo,2015,4,T4/2015,36230,24033,21569,2464,12197,10.25256938376399,59.53353574385868,66.33452939552856
Paraná,2015,4,T4/2015,8909,5873,5527,345,3036,5.874340200919462,62.03838814681782,65.92210124593109
Santa Catarina,2015,4,T4/2015,5579,3693,3536,157,1886,4.251286217167614,63.38053414590429,66.19465854095716
Rio Grande do Sul,2015,4,T4/2015,9160,6108,5700,408,3052,6.679764243614931,62.22707423580786,66.68122270742359
Mato Grosso do Sul,2015,4,T4/2015,1997,1330,1251,80,667,6.015037593984962,62.64396594892339,66.59989984977466
Mato Grosso,2015,4,T4/2015,2522,1647,1552,95,875,5.768063145112325,61.53846153846154,65.30531324345758
Goiás,2015,4,T4/2015,5250,3468,3197,271,1782,7.814302191464821,60.89523809523809,66.05714285714286
Distrito Federal,2015,4,T4/2015,2286,1518,1369,149,768,9.81554677206851,59.88626421697288,66.40419947506561
Rondônia,2016,1,T1/2016,1285,812,750,62,473,7.635467980295567,58.36575875486382,63.19066147859922
Acre,2016,1,T1/2016,583,342,312,30,241,8.771929824561402,53.51629502572899,58.66209262435677
Amazonas,2016,1,T1/2016,2725,1710,1488,221,1015,12.92397660818713,54.60550458715596,62.75229357798165
Roraima,2016,1,T1/2016,342,221,203,18,121,8.144796380090497,59.35672514619883,64.61988304093568
Pará,2016,1,T1/2016,6113,3811,3423,388,2302,10.18105484124901,55.99541959757893,62.34254866677572
Amapá,2016,1,T1/2016,552,342,291,50,210,14.61988304093567,52.71739130434783,61.95652173913043
Tocantins,2016,1,T1/2016,1124,688,613,74,436,10.75581395348837,54.53736654804271,61.20996441281139
Maranhão,2016,1,T1/2016,5060,2883,2563,320,2177,11.09954908081859,50.65217391304348,56.97628458498024
Piauí,2016,1,T1/2016,2529,1481,1337,143,1048,9.655638082376772,52.86674574930803,58.56069592724397
Ceará,2016,1,T1/2016,6960,3759,3349,410,3201,10.90715615855281,48.11781609195403,54.00862068965517
Rio Grande do Norte,2016,1,T1/2016,2698,1504,1285,218,1194,14.49468085106383,47.62787249814677,55.74499629355078
Paraíba,2016,1,T1/2016,3060,1707,1532,175,1353,10.25190392501464,50.06535947712418,55.7843137254902
Pernambuco,2016,1,T1/2016,7368,4104,3554,550,3264,13.40155945419103,48.23561346362649,55.70032573289902
Alagoas,2016,1,T1/2016,2512,1267,1103,164,1245,12.94396211523283,43.90923566878981,50.43789808917197
Sergipe,2016,1,T1/2016,1757,1023,905,118,734,11.5347018572825,51.50825270347183,58.22424587364826
Bahia,2016,1,T1/2016,11385,7108,5990,1119,4277,15.74282498593134,52.61308739569609,62.43302591128678
Minas Gerais,2016,1,T1/2016,16871,10819,9596,1223,6052,11.3041870782882,56.87866753600853,64.12779325469741
Espírito Santo,2016,1,T1/2016,3109,1963,1744,219,1146,11.15639327559857,56.0952074622065,63.13927307816019
Rio de Janeiro,2016,1,T1/2016,13956,8343,7494,849,5613,10.17619561308882,53.69733447979363,59.78073946689596
São Paulo,2016,1,T1/2016,36281,24286,21324,2962,11995,12.19632710203409,58.77456519941568,66.93861800942642
Paraná,2016,1,T1/2016,8952,5954,5468,486,2998,8.162579778300302,61.08132260947274,66.51027703306524
Santa Catarina,2016,1,T1/2016,5595,3703,3476,227,1892,6.130164731298946,62.12689901697944,66.18409294012511
Rio Grande do Sul,2016,1,T1/2016,9209,6131,5666,465,3078,7.584407111401076,61.52676729286567,66.5761754805082
Mato Grosso do Sul,2016,1,T1/2016,2024,1338,1234,105,686,7.847533632286996,60.96837944664032,66.10671936758892
Mato Grosso,2016,1,T1/2016,2541,1658,1505,153,883,9.227985524728588,59.22865013774105,65.24990161353797
Goiás,2016,1,T1/2016,5272,3499,3143,357,1773,10.20291511860531,59.61684370257967,66.36949924127465
Distrito Federal,2016,1,T1/2016,2300,1532,1359,173,768,11.29242819843342,59.08695652173913,66.6086956521739
Rondônia,2016,2,T2/2016,1291,833,766,66,458,7.923169267707082,59.33384972889233,64.52362509682416
Acre,2016,2,T2/2016,593,330,293,37,263,11.21212121212121,49.4097807757167,55.64924114671164
Amazonas,2016,2,T2/2016,2739,1763,1526,237,976,13.44299489506523,55.71376414749909,64.36655713764148
Roraima,2016,2,T2/2016,345,221,204,18,124,8.144796380090497,59.1304347826087,64.05797101449275
Pará,2016,2,T2/2016,6154,3758,3345,413,2396,10.98988823842469,54.35489112772181,61.06597335066623
Amapá,2016,2,T2/2016,557,350,294,56,207,16.0,52.78276481149013,62.83662477558348
Tocantins,2016,2,T2/2016,1138,696,617,78,442,11.20689655172414,54.21792618629174,61.15992970123023
Maranhão,2016,2,T2/2016,5058,2768,2435,333,2290,12.03034682080925,48.14155792803479,54.72518782127324
Piauí,2016,2,T2/2016,2524,1449,1303,146,1075,10.07591442374051,51.62440570522979,57.40887480190175
Ceará,2016,2,T2/2016,6991,3926,3472,455,3065,11.58940397350993,49.66385352596195,56.15791732227149
Rio Grande do Norte,2016,2,T2/2016,2722,1516,1310,206,1206,13.58839050131926,48.12637766348274,55.69434239529758
Paraíba,2016,2,T2/2016,3069,1679,1494,185,1390,11.0184633710542,48.68035190615836,54.70837406321277
Pernambuco,2016,2,T2/2016,7360,4092,3510,583,3268,14.24731182795699,47.69021739130434,55.59782608695652
Alagoas,2016,2,T2/2016,2517,1282,1102,181,1235,14.1185647425897,43.78228049264997,50.9336511720302
Sergipe,2016,2,T2/2016,1750,1029,896,133,721,12.92517006802721,51.2,58.8
Bahia,2016,2,T2/2016,11414,7071,5966,1105,4343,15.62720972988262,52.26914315752585,61.9502365516033
Minas Gerais,2016,2,T2/2016,16899,10946,9738,1208,5953,11.03599488397588,57.6247115213918,64.77306349488136
Espírito Santo,2016,2,T2/2016,3100,1991,1759,232,1109,11.65243596182823,56.74193548387096,64.2258064516129
Rio de Janeiro,2016,2,T2/2016,13939,8388,7417,970,5551,11.56413924654268,53.21041681612741,60.17648324843962
São Paulo,2016,2,T2/2016,36512,24456,21461,2995,12056,12.24648348053647,58.77793602103418,66.98071866783523
Paraná,2016,2,T2/2016,8981,5929,5441,488,3052,8.230730308652387,60.58345395835653,66.01714731098987
Santa Catarina,2016,2,T2/2016,5606,3673,3425,248,1933,6.751973863326981,61.09525508383874,65.5190866928291
Rio Grande do Sul,2016,2,T2/2016,9209,6103,5558,544,3106,8.913649025069638,60.35400152025193,66.27212509501574
Mato Grosso do Sul,2016,2,T2/2016,2032,1363,1267,96,669,7.043286867204696,62.35236220472441,67.0767716535433
Mato Grosso,2016,2,T2/2016,2560,1702,1532,170,858,9.9882491186839,59.84374999999999,66.484375
Goiás,2016,2,T2/2016,5290,3550,3186,364,1740,10.25352112676056,60.22684310018903,67.10775047258979
Distrito Federal,2016,2,T2/2016,2300,1524,1357,168,776,11.02362204724409,59.0,66.26086956521739
Rondônia,2016,3,T3/2016,1291,816,747,70,475,8.57843137254902,57.86212238574748,63.20681642137878
Acre,2016,3,T3/2016,600,323,283,39,277,12.07430340557276,47.16666666666667,53.83333333333334
Amazonas,2016,3,T3/2016,2745,1737,1497,239,1008,13.75935521013241,54.53551912568307,63.27868852459017
Roraima,2016,3,T3/2016,350,215,194,21,135,9.767441860465116,55.42857142857143,61.42857142857143
Pará,2016,3,T3/2016,6170,3729,3312,417,2441,11.18262268704746,53.67909238249595,60.43760129659643
Amapá,2016,3,T3/2016,569,350,298,53,219,15.14285714285714,52.3725834797891,61.51142355008788
Tocantins,2016,3,T3/2016,1135,680,606,74,455,10.88235294117647,53.3920704845815,59.91189427312775
Maranhão,2016,3,T3/2016,5092,2682,2358,324,2410,12.08053691275168,46.30793401413983,52.67085624509033
Piauí,2016,3,T3/2016,2535,1435,1298,138,1100,9.616724738675956,51.20315581854044,56.60749506903353
Ceará,2016,3,T3/2016,7029,3921,3401,520,3108,13.26192297883193,48.38526106131739,55.78318395219804
Rio Grande do Norte,2016,3,T3/2016,2742,1523,1306,217,1219,14.24819435325016,47.62946754194019,55.54339897884756
Paraíba,2016,3,T3/2016,3086,1663,1447,217,1423,13.04870715574263,46.88917692806221,53.88852883992223
Pernambuco,2016,3,T3/2016,7397,4017,3396,621,3380,15.45929798356983,45.91050425848317,54.30579964850615
Alagoas,2016,3,T3/2016,2539,1271,1082,190,1268,14.94885916601101,42.61520283576211,50.0590783773139
Sergipe,2016,3,T3/2016,1766,1026,877,148,740,14.42495126705653,49.66024915062287,58.0973952434881
Bahia,2016,3,T3/2016,11505,6988,5865,1123,4517,16.07040641099027,50.97783572359843,60.73880921338548
Minas Gerais,2016,3,T3/2016,16858,10950,9714,1235,5908,11.27853881278539,57.62249377150314,64.95432435638865
Espírito Santo,2016,3,T3/2016,3108,1959,1706,253,1149,12.91475242470648,54.89060489060489,63.03088803088804
Rio de Janeiro,2016,3,T3/2016,13979,8412,7381,1031,5567,12.25630052306229,52.80062951570213,60.17597825309393
São Paulo,2016,3,T3/2016,36498,24508,21353,3155,11990,12.87334747837441,58.50457559318318,67.14888487040386
Paraná,2016,3,T3/2016,9009,5886,5381,505,3123,8.57968059802922,59.72915972915973,65.33466533466533
Santa Catarina,2016,3,T3/2016,5626,3689,3453,236,1937,6.397397668744917,61.37575542125844,65.57056523284749
Rio Grande do Sul,2016,3,T3/2016,9258,6096,5586,511,3162,8.38254593175853,60.33700583279325,65.84575502268308
Mato Grosso do Sul,2016,3,T3/2016,2054,1361,1256,105,693,7.714915503306393,61.1489776046738,66.26095423563778
Mato Grosso,2016,3,T3/2016,2569,1674,1522,152,895,9.08004778972521,59.24484235110938,65.16154145581939
Goiás,2016,3,T3/2016,5316,3492,3120,372,1824,10.65292096219931,58.69074492099323,65.68848758465012
Distrito Federal,2016,3,T3/2016,2305,1574,1384,191,731,12.13468869123253,60.04338394793927,68.28633405639913
Rondônia,2016,4,T4/2016,1304,828,762,67,476,8.091787439613526,58.43558282208588,63.49693251533742
Acre,2016,4,T4/2016,605,330,291,39,275,11.81818181818182,48.09917355371901,54.54545454545454
Amazonas,2016,4,T4/2016,2746,1721,1462,259,1025,15.04938988959907,53.24107793153679,62.67297887836853
Roraima,2016,4,T4/2016,355,210,190,20,145,9.523809523809524,53.52112676056338,59.15492957746478
Pará,2016,4,T4/2016,6207,3792,3303,489,2415,12.89556962025316,53.21411309811504,61.0923151280812
Amapá,2016,4,T4/2016,578,359,298,61,219,16.991643454039,51.55709342560554,62.11072664359861
Tocantins,2016,4,T4/2016,1145,697,606,92,448,13.19942611190818,52.92576419213974,60.87336244541485
Maranhão,2016,4,T4/2016,5102,2709,2351,358,2393,13.21520856404577,46.07996863974912,53.0968247745982
Piauí,2016,4,T4/2016,2541,1404,1279,125,1137,8.903133903133902,50.3345139708776,55.25383707201888
Ceará,2016,4,T4/2016,7053,3920,3426,494,3133,12.60204081632653,48.57507443641003,55.57918616191692
Rio Grande do Norte,2016,4,T4/2016,2753,1517,1295,223,1236,14.70006591957812,47.03959317108609,55.10352342898656
Paraíba,2016,4,T4/2016,3087,1662,1459,202,1425,12.1540312876053,47.26271460965339,53.83867832847424
Pernambuco,2016,4,T4/2016,7383,4071,3422,649,3312,15.94202898550724,46.34972233509414,55.14018691588785
Alagoas,2016,4,T4/2016,2542,1246,1060,186,1296,14.92776886035313,41.69944925255705,49.01652242328875
Sergipe,2016,4,T4/2016,1771,1026,870,156,745,15.2046783625731,49.12478825522304,57.93337097684924
Bahia,2016,4,T4/2016,11564,7039,5859,1180,4525,16.76374485012076,50.66585956416465,60.86994119681771
Minas Gerais,2016,4,T4/2016,16872,10936,9710,1226,5936,11.21068032187271,57.55097202465623,64.81744902797534
Espírito Santo,2016,4,T4/2016,3124,2009,1732,277,1115,13.78795420607267,55.44174135723432,64.30857874519846
Rio de Janeiro,2016,4,T4/2016,14043,8518,7358,1160,5525,13.61822023949284,52.39621163569038,60.65655486719363
São Paulo,2016,4,T4/2016,36647,24661,21580,3081,11986,12.4934106483922,58.88612983327421,67.29336644200072
Paraná,2016,4,T4/2016,9047,5945,5460,485,3102,8.15811606391926,60.35149773405549,65.71239084779485
Santa Catarina,2016,4,T4/2016,5630,3706,3475,231,1924,6.233135456017269,61.72291296625222,65.8259325044405
Rio Grande do Sul,2016,4,T4/2016,9205,6114,5600,515,3091,8.423290807981681,60.83650190114069,66.42042368278109
Mato Grosso do Sul,2016,4,T4/2016,2064,1379,1266,113,685,8.194343727338651,61.33720930232558,66.81201550387597
Mato Grosso,2016,4,T4/2016,2580,1693,1530,163,887,9.627879503839338,59.30232558139535,65.62015503875969
Goiás,2016,4,T4/2016,5341,3562,3158,404,1779,11.34194272880404,59.12750421269425,66.69163078075266
Distrito Federal,2016,4,T4/2016,2314,1595,1372,224,719,14.04388714733542,59.29127052722558,68.92826274848747
Rondônia,2017,1,T1/2017,1313,807,741,66,506,8.178438661710038,56.43564356435643,61.46230007616145
Acre,2017,1,T1/2017,611,333,280,53,278,15.91591591591592,45.8265139116203,54.50081833060556
Amazonas,2017,1,T1/2017,2765,1792,1469,323,973,18.02455357142857,53.12839059674502,64.81012658227849
Roraima,2017,1,T1/2017,361,214,192,22,147,10.2803738317757,53.18559556786704,59.2797783933518
Pará,2017,1,T1/2017,6245,3712,3194,518,2533,13.95474137931035,51.14491593274619,59.43955164131305
Amapá,2017,1,T1/2017,588,361,293,68,227,18.83656509695291,49.82993197278912,61.39455782312925
Tocantins,2017,1,T1/2017,1153,690,603,87,463,12.60869565217391,52.29835212489159,59.84388551604511
Maranhão,2017,1,T1/2017,5108,2745,2329,416,2363,15.15482695810565,45.59514487079092,53.73923257635083
Piauí,2017,1,T1/2017,2527,1405,1224,180,1122,12.81138790035587,48.43688167787891,55.59952512861101
Ceará,2017,1,T1/2017,7093,3952,3380,571,3141,14.44838056680162,47.65261525447625,55.71690398984914
Rio Grande do Norte,2017,1,T1/2017,2750,1514,1265,249,1236,16.44649933949802,46.0,55.05454545454545
Paraíba,2017,1,T1/2017,3092,1655,1434,222,1437,13.41389728096677,46.37774902975421,53.52522639068565
Pernambuco,2017,1,T1/2017,7420,4039,3339,700,3381,17.33102253032929,45.0,54.43396226415095
Alagoas,2017,1,T1/2017,2555,1225,1008,217,1330,17.71428571428571,39.45205479452055,47.94520547945205
Sergipe,2017,1,T1/2017,1769,993,831,162,776,16.31419939577039,46.97569248162804,56.13340870548333
Bahia,2017,1,T1/2017,11651,7009,5703,1306,4642,18.63318590383792,48.9485881040254,60.15792635825251
Minas Gerais,2017,1,T1/2017,16895,10978,9467,1512,5917,13.77300054654764,56.03432968333827,64.97780408404854
Espírito Santo,2017,1,T1/2017,3139,1996,1703,293,1143,14.67935871743487,54.25294679834343,63.58712965912711
Rio de Janeiro,2017,1,T1/2017,14146,8591,7331,1260,5555,14.66651146548714,51.82383712710307,60.73094867807154
São Paulo,2017,1,T1/2017,36527,24981,21392,3589,11546,14.36691885833233,58.564897199332,68.39050565335232
Paraná,2017,1,T1/2017,9084,5979,5358,621,3105,10.38635223281485,58.98282694848085,65.81902245706736
Santa Catarina,2017,1,T1/2017,5674,3812,3510,302,1862,7.922350472193076,61.86112090236166,67.18364469510045
Rio Grande do Sul,2017,1,T1/2017,9241,6150,5580,570,3091,9.268292682926829,60.38307542473758,66.55123904339358
Mato Grosso do Sul,2017,1,T1/2017,2059,1373,1237,136,686,9.905316824471958,60.0777076250607,66.68285575522098
Mato Grosso,2017,1,T1/2017,2599,1669,1492,177,930,10.60515278609946,57.40669488264717,64.2170065409773
Goiás,2017,1,T1/2017,5369,3567,3111,456,1802,12.7838519764508,57.94375116409015,66.43695287763084
Distrito Federal,2017,1,T1/2017,2343,1609,1379,230,734,14.29459291485395,58.85616730687153,68.67264191207853
Rondônia,2017,2,T2/2017,1324,837,760,77,487,9.19952210274791,57.40181268882175,63.21752265861027
Acre,2017,2,T2/2017,611,345,294,52,266,15.07246376811594,48.1178396072013,56.46481178396072
Amazonas,2017,2,T2/2017,2789,1794,1514,280,995,15.60758082497213,54.28468985299391,64.32413051272857
Roraima,2017,2,T2/2017,363,223,199,24,140,10.76233183856502,54.82093663911846,61.43250688705234
Pará,2017,2,T2/2017,6268,3764,3330,433,2504,11.50371944739639,53.12699425654116,60.05105296745374
Amapá,2017,2,T2/2017,589,361,297,63,228,17.45152354570637,50.42444821731748,61.29032258064516
Tocantins,2017,2,T2/2017,1160,681,602,79,479,11.60058737151248,51.89655172413793,58.70689655172414
Maranhão,2017,2,T2/2017,5125,2685,2289,396,2440,14.74860335195531,44.66341463414634,52.39024390243902
Piauí,2017,2,T2/2017,2538,1439,1242,197,1099,13.69006254343294,48.93617021276596,56.69818754925138
Ceará,2017,2,T2/2017,7123,3946,3420,526,3177,13.32995438418652,48.01347746735926,55.39800645795311
Rio Grande do Norte,2017,2,T2/2017,2747,1515,1275,240,1232,15.84158415841584,46.41427011285038,55.15107389879869
Paraíba,2017,2,T2/2017,3106,1686,1491,195,1420,11.56583629893238,48.00386349001931,54.28203477141017
Pernambuco,2017,2,T2/2017,7439,4079,3303,776,3360,19.0242706545722,44.40112918403011,54.83263879553704
Alagoas,2017,2,T2/2017,2561,1233,1011,222,1328,18.00486618004866,39.4767668879344,48.14525575946896
Sergipe,2017,2,T2/2017,1775,1020,876,145,755,14.2156862745098,49.35211267605634,57.46478873239437
Bahia,2017,2,T2/2017,11602,7024,5788,1236,4578,17.59681093394077,49.88795035338735,60.54128598517497
Minas Gerais,2017,2,T2/2017,16957,11075,9724,1351,5882,12.19864559819413,57.34504924220087,65.31226042342395
Espírito Santo,2017,2,T2/2017,3145,2072,1793,279,1073,13.46525096525097,57.01112877583466,65.88235294117646
Rio de Janeiro,2017,2,T2/2017,14236,8724,7343,1381,5512,15.82989454378725,51.58050014048891,61.28125878055634
São Paulo,2017,2,T2/2017,36711,25071,21660,3412,11640,13.6093494475689,59.00138922938629,68.29288224237968
Paraná,2017,2,T2/2017,9069,5983,5447,536,3086,8.95871636302858,60.06174881464329,65.97199250192965
Santa Catarina,2017,2,T2/2017,5670,3806,3520,287,1864,7.540725170782975,62.08112874779541,67.1252204585538
Rio Grande do Sul,2017,2,T2/2017,9232,6113,5589,524,3119,8.571895959430721,60.5394280762565,66.21533795493934
Mato Grosso do Sul,2017,2,T2/2017,2066,1383,1259,124,683,8.966015907447577,60.93901258470474,66.94094869312681
Mato Grosso,2017,2,T2/2017,2579,1675,1529,146,904,8.716417910447761,59.2865451725475,64.94765412950755
Goiás,2017,2,T2/2017,5405,3658,3254,403,1747,11.01694915254237,60.20351526364477,67.67807585568917
Distrito Federal,2017,2,T2/2017,2357,1598,1385,213,759,13.32916145181477,58.7611370386084,67.79804836656767
Rondônia,2017,3,T3/2017,1332,843,773,69,489,8.185053380782918,58.03303303303304,63.28828828828829
Acre,2017,3,T3/2017,612,348,300,48,264,13.79310344827586,49.01960784313725,56.86274509803921
Amazonas,2017,3,T3/2017,2813,1754,1470,285,1059,16.24857468643101,52.25737646640597,62.35335940277285
Roraima,2017,3,T3/2017,365,225,205,21,140,9.333333333333334,56.16438356164384,61.64383561643836
Pará,2017,3,T3/2017,6330,3857,3425,432,2473,11.20041483017889,54.10742496050553,60.93206951026856
Amapá,2017,3,T3/2017,596,365,303,62,231,16.98630136986301,50.83892617449665,61.24161073825503
Tocantins,2017,3,T3/2017,1171,671,591,80,500,11.92250372578241,50.46968403074295,57.30145175064047
Maranhão,2017,3,T3/2017,5157,2766,2364,402,2391,14.53362255965293,45.84060500290867,53.63583478766725
Piauí,2017,3,T3/2017,2536,1445,1268,177,1091,12.24913494809689,50.0,56.97949526813881
Ceará,2017,3,T3/2017,7129,3980,3504,476,3149,11.95979899497487,49.15135362603451,55.8283069154159
Rio Grande do Norte,2017,3,T3/2017,2745,1513,1303,210,1232,13.87970918704561,47.46812386156648,55.11839708561021
Paraíba,2017,3,T3/2017,3105,1709,1524,186,1396,10.88355763604447,49.08212560386473,55.04025764895331
Pernambuco,2017,3,T3/2017,7465,4113,3370,743,3352,18.06467298808656,45.14400535833892,55.09711989283323
Alagoas,2017,3,T3/2017,2569,1227,1031,197,1342,16.05541972290138,40.13234721681588,47.76177500973141
Sergipe,2017,3,T3/2017,1765,1012,872,140,753,13.83399209486166,49.40509915014164,57.33711048158641
Bahia,2017,3,T3/2017,11648,6923,5759,1164,4725,16.81352015022389,49.44196428571428,59.43509615384615
Minas Gerais,2017,3,T3/2017,16981,11129,9761,1369,5852,12.30119507592776,57.48189152582298,65.5379541840881
Espírito Santo,2017,3,T3/2017,3149,2101,1825,276,1048,13.13660161827701,57.9549063194665,66.71959352175294
Rio de Janeiro,2017,3,T3/2017,14211,8797,7510,1287,5414,14.62998749573718,52.84638660192809,61.90275138976848
São Paulo,2017,3,T3/2017,36796,25227,21866,3361,11569,13.3230269156063,59.42493749320579,68.55908250896836
Paraná,2017,3,T3/2017,9104,5966,5460,507,3138,8.498156218571907,59.97363796133568,65.53163444639719
Santa Catarina,2017,3,T3/2017,5698,3846,3585,261,1852,6.786271450858035,62.91681291681292,67.4973674973675
Rio Grande do Sul,2017,3,T3/2017,9230,6130,5628,501,3100,8.172920065252855,60.9750812567714,66.41386782231852
Mato Grosso do Sul,2017,3,T3/2017,2059,1368,1259,110,691,8.04093567251462,61.14618746964546,66.44001942690626
Mato Grosso,2017,3,T3/2017,2610,1729,1564,164,881,9.485251590514748,59.92337164750958,66.24521072796935
Goiás,2017,3,T3/2017,5455,3707,3362,346,1748,9.333693013218236,61.63153070577452,67.95600366636113
Distrito Federal,2017,3,T3/2017,2375,1581,1387,195,794,12.33396584440228,58.4,66.56842105263158
Rondônia,2017,4,T4/2017,1348,855,790,65,493,7.602339181286549,58.6053412462908,63.4272997032641
Acre,2017,4,T4/2017,612,354,310,44,258,12.42937853107345,50.65359477124183,57.84313725490197
Amazonas,2017,4,T4/2017,2848,1751,1514,238,1097,13.59223300970874,53.16011235955056,61.48174157303371
Roraima,2017,4,T4/2017,366,234,212,23,132,9.82905982905983,57.92349726775956,63.9344262295082
Pará,2017,4,T4/2017,6353,3892,3474,418,2461,10.73997944501542,54.68282701086101,61.26239571855816
Amapá,2017,4,T4/2017,595,367,297,70,228,19.07356948228883,49.91596638655462,61.68067226890756
Tocantins,2017,4,T4/2017,1177,698,624,74,479,10.60171919770774,53.0161427357689,59.30331350892099
Maranhão,2017,4,T4/2017,5178,2699,2337,362,2479,13.41237495368655,45.1332560834299,52.12437234453456
Piauí,2017,4,T4/2017,2533,1435,1242,193,1098,13.44947735191638,49.03276746940387,56.6521910777734
Ceará,2017,4,T4/2017,7143,4106,3646,460,3037,11.20311738918656,51.04297914041719,57.48285034299314
Rio Grande do Norte,2017,4,T4/2017,2765,1507,1320,187,1258,12.40875912408759,47.73960216998191,54.50271247739602
Paraíba,2017,4,T4/2017,3119,1711,1536,175,1408,10.22793687901812,49.24655338249439,54.85732606604681
Pernambuco,2017,4,T4/2017,7492,4167,3458,708,3325,16.9906407487401,46.15589962626802,55.6193272824346
Alagoas,2017,4,T4/2017,2571,1169,984,184,1402,15.73994867408041,38.2730455075846,45.4686892259821
Sergipe,2017,4,T4/2017,1768,1044,903,142,724,13.60153256704981,51.07466063348416,59.04977375565611
Bahia,2017,4,T4/2017,11609,6982,5927,1056,4627,15.1246061300487,51.05521578085968,60.14299250581445
Minas Gerais,2017,4,T4/2017,17084,11179,9986,1194,5905,10.68074067447893,58.45235307890424,65.4354952001873
Espírito Santo,2017,4,T4/2017,3137,2067,1825,243,1070,11.75616835994195,58.17660184890022,65.89097864201466
Rio de Janeiro,2017,4,T4/2017,14240,8863,7511,1352,5377,15.25442852307345,52.74578651685393,62.24016853932584
São Paulo,2017,4,T4/2017,36850,25198,21960,3237,11652,12.8462576394952,59.59294436906377,68.3799185888738
Paraná,2017,4,T4/2017,9125,6010,5514,496,3115,8.252911813643927,60.42739726027398,65.86301369863014
Santa Catarina,2017,4,T4/2017,5721,3890,3640,250,1831,6.426735218508997,63.62524034259744,67.99510575074288
Rio Grande do Sul,2017,4,T4/2017,9258,6138,5642,496,3120,8.080808080808081,60.94188809678116,66.299416720674
Mato Grosso do Sul,2017,4,T4/2017,2075,1389,1286,103,686,7.415406767458603,61.97590361445783,66.93975903614458
Mato Grosso,2017,4,T4/2017,2620,1718,1592,126,902,7.334109429569266,60.76335877862596,65.57251908396947
Goiás,2017,4,T4/2017,5480,3668,3322,346,1812,9.432933478735006,60.62043795620438,66.93430656934306
Distrito Federal,2017,4,T4/2017,2391,1589,1377,212,802,13.34172435494022,57.59096612296111,66.45754914261815
Rondônia,2018,1,T1/2018,1351,856,765,90,495,10.51401869158878,56.62472242783123,63.36047372316802
Acre,2018,1,T1/2018,620,359,307,53,261,14.76323119777159,49.51612903225806,57.90322580645161
Amazonas,2018,1,T1/2018,2893,1794,1543,251,1099,13.99108138238573,53.33563774628414,62.01175250604909
Roraima,2018,1,T1/2018,378,238,213,25,140,10.50420168067227,56.34920634920635,62.96296296296296
Pará,2018,1,T1/2018,6372,3789,3324,465,2583,12.27236737925574,52.16572504708098,59.46327683615819
Amapá,2018,1,T1/2018,597,370,290,80,227,21.62162162162162,48.57621440536013,61.97654941373534
Tocantins,2018,1,T1/2018,1185,704,626,78,481,11.07954545454546,52.82700421940928,59.40928270042194
Maranhão,2018,1,T1/2018,5206,2681,2258,423,2525,15.77769488996643,43.37303111794083,51.49827122550903
Piauí,2018,1,T1/2018,2548,1401,1214,187,1147,13.34760885082084,47.64521193092622,54.98430141287284
Ceará,2018,1,T1/2018,7157,4095,3566,530,3062,12.94261294261294,49.82534581528573,57.21671091239347
Rio Grande do Norte,2018,1,T1/2018,2772,1518,1289,229,1254,15.08563899868248,46.5007215007215,54.76190476190477
Paraíba,2018,1,T1/2018,3118,1707,1504,203,1411,11.89220855301699,48.2360487491982,54.74663245670301
Pernambuco,2018,1,T1/2018,7479,4227,3468,759,3252,17.95599716110717,46.36983553951063,56.51825110308864
Alagoas,2018,1,T1/2018,2580,1145,939,206,1435,17.99126637554585,36.3953488372093,44.37984496124031
Sergipe,2018,1,T1/2018,1765,1035,857,178,730,17.19806763285024,48.55524079320113,58.64022662889519
Bahia,2018,1,T1/2018,11668,6951,5693,1258,4717,18.09811537908215,48.79156667809394,59.57319163524168
Minas Gerais,2018,1,T1/2018,17099,11200,9780,1419,5899,12.66964285714286,57.19632727060062,65.5009064857594
Espírito Santo,2018,1,T1/2018,3152,2074,1811,264,1078,12.72902603664417,57.45558375634518,65.7994923857868
Rio de Janeiro,2018,1,T1/2018,14294,8822,7487,1335,5472,15.13262298798458,52.37862040016791,61.71820344200364
São Paulo,2018,1,T1/2018,36834,25418,21826,3592,11416,14.13171768038398,59.25503610794375,69.00689580279091
Paraná,2018,1,T1/2018,9135,6014,5433,581,3121,9.660791486531426,59.47454844006567,65.83470169677067
Santa Catarina,2018,1,T1/2018,5760,3871,3617,254,1889,6.561611986566779,62.79513888888889,67.20486111111111
Rio Grande do Sul,2018,1,T1/2018,9281,6056,5536,520,3225,8.58652575957728,59.64874474733326,65.25158926839781
Mato Grosso do Sul,2018,1,T1/2018,2093,1407,1287,120,686,8.528784648187633,61.49068322981367,67.22408026755853
Mato Grosso,2018,1,T1/2018,2644,1731,1568,164,913,9.474292316580012,59.30408472012103,65.46898638426626
Goiás,2018,1,T1/2018,5508,3673,3292,381,1835,10.37299210454669,59.76761074800291,66.68482207697895
Distrito Federal,2018,1,T1/2018,2418,1615,1388,227,803,14.05572755417957,57.40281224152191,66.79073614557485
Rondônia,2018,2,T2/2018,1357,838,768,69,519,8.233890214797137,56.59543109801032,61.75386882829772
Acre,2018,2,T2/2018,621,351,303,48,270,13.67521367521368,48.79227053140097,56.52173913043478
Amazonas,2018,2,T2/2018,2913,1772,1518,254,1141,14.33408577878104,52.1112255406797,60.83075866803982
Roraima,2018,2,T2/2018,383,240,212,28,143,11.66666666666667,55.35248041775457,62.66318537859008
Pará,2018,2,T2/2018,6397,3837,3403,434,2560,11.31091998957519,53.19681100515867,59.9812412068157
Amapá,2018,2,T2/2018,602,368,289,80,234,21.73913043478261,48.00664451827242,61.12956810631229
Tocantins,2018,2,T2/2018,1195,715,633,81,480,11.32867132867133,52.97071129707113,59.83263598326359
Maranhão,2018,2,T2/2018,5231,2598,2222,376,2633,14.47267128560431,42.47753775568725,49.66545593576754
Piauí,2018,2,T2/2018,2549,1430,1236,194,1119,13.56643356643357,48.48960376618282,56.10043154178109
Ceará,2018,2,T2/2018,7210,4055,3576,479,3155,11.81257706535142,49.59778085991678,56.24133148404993
Rio Grande do Norte,2018,2,T2/2018,2776,1521,1319,202,1255,13.28073635765943,47.51440922190201,54.79106628242075
Paraíba,2018,2,T2/2018,3139,1698,1510,188,1441,11.0718492343934,48.10449187639376,54.09366040140172
Pernambuco,2018,2,T2/2018,7506,4224,3500,723,3282,17.11647727272727,46.62936317612576,56.27498001598721
Alagoas,2018,2,T2/2018,2595,1143,941,202,1452,17.67279090113736,36.26204238921002,44.04624277456647
Sergipe,2018,2,T2/2018,1768,1024,850,174,744,16.9921875,48.07692307692308,57.9185520361991
Bahia,2018,2,T2/2018,11687,6848,5699,1149,4839,16.7786214953271,48.7635834688115,58.5950201078121
Minas Gerais,2018,2,T2/2018,17164,11278,10051,1227,5886,10.87958857953538,58.55861104637614,65.70729433698439
Espírito Santo,2018,2,T2/2018,3166,2100,1844,257,1066,12.23809523809524,58.24384080859129,66.32975363234365
Rio de Janeiro,2018,2,T2/2018,14297,8848,7475,1372,5449,15.50632911392405,52.2836958802546,61.88710918374484
São Paulo,2018,2,T2/2018,36965,25414,21915,3499,11551,13.76800188872275,59.28581090220478,68.75152170972541
Paraná,2018,2,T2/2018,9133,5996,5451,545,3137,9.08939292861908,59.68466002408847,65.6520310960254
Santa Catarina,2018,2,T2/2018,5763,3852,3600,252,1911,6.542056074766355,62.46746486205102,66.84018740239459
Rio Grande do Sul,2018,2,T2/2018,9286,6007,5500,507,3279,8.440153154652904,59.22894680163687,64.68877880680594
Mato Grosso do Sul,2018,2,T2/2018,2079,1402,1294,108,677,7.703281027104136,62.24146224146224,67.43626743626744
Mato Grosso,2018,2,T2/2018,2657,1756,1606,151,901,8.599088838268793,60.44410989838164,66.08957470831766
Goiás,2018,2,T2/2018,5495,3669,3320,349,1826,9.512128645407468,60.41856232939035,66.76979071883531
Distrito Federal,2018,2,T2/2018,2421,1627,1427,200,794,12.29256299938537,58.94258570838497,67.20363486162742
Rondônia,2018,3,T3/2018,1367,865,788,77,502,8.901734104046243,57.6444769568398,63.27724945135332
Acre,2018,3,T3/2018,629,359,311,48,270,13.37047353760446,49.44356120826709,57.07472178060413
Amazonas,2018,3,T3/2018,2928,1812,1573,240,1116,13.24503311258278,53.72267759562842,61.88524590163934
Roraima,2018,3,T3/2018,387,245,211,33,142,13.46938775510204,54.52196382428941,63.30749354005169
Pará,2018,3,T3/2018,6412,3838,3414,424,2574,11.04742053152684,53.243917654398,59.85651902682471
Amapá,2018,3,T3/2018,615,382,312,70,233,18.32460732984293,50.73170731707317,62.11382113821138
Tocantins,2018,3,T3/2018,1201,713,643,70,488,9.817671809256662,53.53871773522065,59.36719400499584
Maranhão,2018,3,T3/2018,5226,2624,2257,367,2602,13.98628048780488,43.18790662074244,50.21048603138155
Piauí,2018,3,T3/2018,2549,1454,1273,182,1095,12.5171939477304,49.94115339348764,57.04197724597881
Ceará,2018,3,T3/2018,7215,4138,3694,444,3077,10.72982116964717,51.1988911988912,57.35273735273735
Rio Grande do Norte,2018,3,T3/2018,2785,1570,1366,204,1215,12.99363057324841,49.04847396768402,56.37342908438061
Paraíba,2018,3,T3/2018,3141,1731,1541,190,1410,10.97631426920855,49.06080865966253,55.10983763132761
Pernambuco,2018,3,T3/2018,7500,4227,3508,719,3273,17.00969955050864,46.77333333333333,56.36
Alagoas,2018,3,T3/2018,2585,1183,978,205,1402,17.32882502113271,37.83365570599614,45.76402321083172
Sergipe,2018,3,T3/2018,1774,1037,855,183,737,17.64705882352941,48.19616685456595,58.4554678692221
Bahia,2018,3,T3/2018,11778,7047,5892,1155,4731,16.38995317156236,50.0254712175242,59.83188996434029
Minas Gerais,2018,3,T3/2018,17144,11280,10175,1105,5864,9.79609929078014,59.35020998600093,65.79561362575829
Espírito Santo,2018,3,T3/2018,3175,2124,1882,241,1051,11.34651600753296,59.2755905511811,66.89763779527559
Rio de Janeiro,2018,3,T3/2018,14299,8867,7563,1304,5432,14.7062140521033,52.891810616127,62.01132946359886
São Paulo,2018,3,T3/2018,37163,25633,22234,3400,11530,13.26415167947567,59.82832387051638,68.97451766541991
Paraná,2018,3,T3/2018,9166,6039,5511,527,3127,8.726610365954627,60.12437268164958,65.88479162120882
Santa Catarina,2018,3,T3/2018,5789,3887,3645,242,1902,6.225881142269102,62.96424252893419,67.14458455691829
Rio Grande do Sul,2018,3,T3/2018,9274,6032,5533,499,3242,8.272546419098143,59.66141902091869,65.04205305154194
Mato Grosso do Sul,2018,3,T3/2018,2082,1432,1327,105,650,7.332402234636872,63.73679154658982,68.78001921229587
Mato Grosso,2018,3,T3/2018,2670,1773,1652,120,897,6.768189509306261,61.87265917602996,66.40449438202248
Goiás,2018,3,T3/2018,5504,3673,3343,331,1831,9.011707051456575,60.73764534883721,66.73328488372093
Distrito Federal,2018,3,T3/2018,2442,1659,1449,210,783,12.65822784810127,59.33660933660934,67.93611793611794
Rondônia,2018,4,T4/2018,1373,876,796,80,497,9.1324200913242,57.97523670793881,63.80189366351055
Acre,2018,4,T4/2018,640,364,316,49,276,13.46153846153846,49.375,56.875
Amazonas,2018,4,T4/2018,2939,1834,1566,267,1105,14.55834242093784,53.28342973800613,62.40217761143246
Roraima,2018,4,T4/2018,392,253,217,36,139,14.22924901185771,55.35714285714286,64.54081632653062
Pará,2018,4,T4/2018,6449,3866,3469,397,2583,10.26901189860321,53.79128547061561,59.94727864785238
Amapá,2018,4,T4/2018,615,377,302,75,238,19.89389920424403,49.10569105691057,61.30081300813008
Tocantins,2018,4,T4/2018,1200,732,655,77,468,10.51912568306011,54.58333333333333,61.0
Maranhão,2018,4,T4/2018,5261,2651,2273,379,2610,14.29649188985289,43.20471393271242,50.3896597605018
Piauí,2018,4,T4/2018,2562,1461,1280,181,1101,12.38877481177276,49.96096799375488,57.02576112412178
Ceará,2018,4,T4/2018,7195,4125,3705,420,3070,10.18181818181818,51.49409312022237,57.33148019457956
Rio Grande do Norte,2018,4,T4/2018,2798,1548,1337,211,1250,13.63049095607235,47.78413152251608,55.325232308792
Paraíba,2018,4,T4/2018,3144,1726,1532,194,1418,11.23986095017381,48.72773536895674,54.89821882951654
Pernambuco,2018,4,T4/2018,7474,4245,3581,664,3229,15.64193168433451,47.91276424939791,56.7968959058068
Alagoas,2018,4,T4/2018,2593,1193,1000,193,1400,16.17770326906957,38.56536829926726,46.00848438102584
Sergipe,2018,4,T4/2018,1802,1065,903,161,737,15.11737089201878,50.11098779134295,59.10099889012209
Bahia,2018,4,T4/2018,11734,7032,5793,1239,4702,17.61945392491468,49.36935401397648,59.92841315834328
Minas Gerais,2018,4,T4/2018,17164,11224,10131,1093,5940,9.73806129722024,59.02470286646469,65.39268235842461
Espírito Santo,2018,4,T4/2018,3173,2120,1900,220,1053,10.37735849056604,59.88023952095808,66.81374093917428
Rio de Janeiro,2018,4,T4/2018,14323,8924,7589,1335,5399,14.95965934558494,52.98470990714236,62.3053829504992
São Paulo,2018,4,T4/2018,37348,25615,22390,3226,11733,12.59418309584228,59.94966263253721,68.58466316804113
Paraná,2018,4,T4/2018,9193,6071,5593,479,3122,7.8899687036732,60.83976938975307,66.03937778744697
Santa Catarina,2018,4,T4/2018,5819,3939,3689,250,1880,6.346788525006347,63.39577246949648,67.69204330641003
Rio Grande do Sul,2018,4,T4/2018,9340,6121,5664,458,3219,7.48243751021075,60.6423982869379,65.53533190578158
Mato Grosso do Sul,2018,4,T4/2018,2115,1438,1337,101,677,7.023643949930459,63.21513002364066,67.99054373522459
Mato Grosso,2018,4,T4/2018,2655,1796,1672,124,859,6.904231625835189,62.97551789077212,67.64595103578155
Goiás,2018,4,T4/2018,5504,3689,3384,306,1815,8.294930875576037,61.48255813953488,67.02398255813954
Distrito Federal,2018,4,T4/2018,2442,1661,1461,200,781,12.04093919325707,59.82800982800983,68.01801801801803
Rondônia,2019,1,T1/2019,1370,871,792,79,499,9.07003444316877,57.81021897810219,63.57664233576642
Acre,2019,1,T1/2019,643,357,292,65,286,18.20728291316527,45.41213063763608,55.52099533437014
Amazonas,2019,1,T1/2019,2960,1844,1548,296,1116,16.05206073752711,52.2972972972973,62.29729729729729
Roraima,2019,1,T1/2019,392,257,218,39,135,15.17509727626459,55.61224489795919,65.56122448979592
Pará,2019,1,T1/2019,6456,3836,3392,445,2620,11.60062565172054,52.54027261462205,59.41759603469641
Amapá,2019,1,T1/2019,612,383,305,78,229,20.36553524804177,49.83660130718954,62.58169934640523
Tocantins,2019,1,T1/2019,1192,720,631,90,472,12.5,52.93624161073826,60.40268456375839
Maranhão,2019,1,T1/2019,5287,2591,2163,429,2696,16.55731377846391,40.91167013429166,49.00699829771137
Piauí,2019,1,T1/2019,2560,1452,1264,188,1108,12.94765840220386,49.375,56.71874999999999
Ceará,2019,1,T1/2019,7224,4122,3646,476,3102,11.54779233381853,50.47065337763013,57.05980066445183
Rio Grande do Norte,2019,1,T1/2019,2778,1522,1308,214,1256,14.0604467805519,47.08423326133909,54.78761699064075
Paraíba,2019,1,T1/2019,3140,1684,1494,189,1456,11.22327790973872,47.5796178343949,53.63057324840764
Pernambuco,2019,1,T1/2019,7507,4269,3573,696,3238,16.3035839775123,47.59557746103636,56.8669242040762
Alagoas,2019,1,T1/2019,2592,1202,1008,194,1390,16.13976705490849,38.88888888888889,46.37345679012346
Sergipe,2019,1,T1/2019,1795,1063,898,165,732,15.52210724365005,50.02785515320334,59.2200557103064
Bahia,2019,1,T1/2019,11817,7073,5765,1307,4744,18.4787219001838,48.78564779554878,59.85444698315986
Minas Gerais,2019,1,T1/2019,17188,11183,9926,1257,6005,11.24027541804525,57.74959273912032,65.0628345357226
Espírito Santo,2019,1,T1/2019,3177,2154,1888,266,1023,12.34911792014856,59.42713251495121,67.79981114258734
Rio de Janeiro,2019,1,T1/2019,14368,8992,7604,1388,5376,15.43594306049822,52.92316258351894,62.58351893095768
São Paulo,2019,1,T1/2019,37476,25832,22322,3510,11644,13.5877980799009,59.5634539438574,68.92944818016863
Paraná,2019,1,T1/2019,9176,6098,5548,550,3078,9.019350606756314,60.46207497820401,66.45597210113338
Santa Catarina,2019,1,T1/2019,5801,3920,3635,285,1881,7.270408163265306,62.66161006722979,67.57455611101534
Rio Grande do Sul,2019,1,T1/2019,9381,6164,5668,496,3217,8.046722907203115,60.41999786803112,65.70728067370216
Mato Grosso do Sul,2019,1,T1/2019,2109,1431,1295,137,678,9.57372466806429,61.40350877192983,67.85206258890469
Mato Grosso,2019,1,T1/2019,2673,1823,1656,167,850,9.16072408118486,61.95286195286195,68.2005237560793
Goiás,2019,1,T1/2019,5563,3751,3344,407,1812,10.85043988269795,60.1114506561208,67.42764695308287
Distrito Federal,2019,1,T1/2019,2452,1677,1438,238,775,14.19200954084675,58.64600326264274,68.3931484502447
Rondônia,2019,2,T2/2019,1380,868,809,60,512,6.912442396313365,58.6231884057971,62.89855072463768
Acre,2019,2,T2/2019,642,358,309,49,284,13.68715083798883,48.13084112149533,55.7632398753894
Amazonas,2019,2,T2/2019,2939,1887,1622,265,1052,14.04345521992581,55.18883974140864,64.20551207893841
Roraima,2019,2,T2/2019,392,249,211,38,143,15.26104417670683,53.82653061224489,63.52040816326531
Pará,2019,2,T2/2019,6461,3839,3403,435,2622,11.33107580098984,52.66986534592169,59.4180467419904
Amapá,2019,2,T2/2019,630,402,333,69,228,17.16417910447761,52.85714285714286,63.8095238095238
Tocantins,2019,2,T2/2019,1201,728,644,84,473,11.53846153846154,53.62198168193172,60.61615320566195
Maranhão,2019,2,T2/2019,5314,2624,2236,388,2690,14.78658536585366,42.07753105005646,49.37899887090704
Piauí,2019,2,T2/2019,2555,1467,1276,191,1088,13.01976823449216,49.9412915851272,57.41682974559686
Ceará,2019,2,T2/2019,7221,4163,3705,459,3058,11.02570261830411,51.30868300789364,57.65129483451046
Rio Grande do Norte,2019,2,T2/2019,2797,1540,1346,195,1257,12.66233766233766,48.12298891669646,55.05899177690382
Paraíba,2019,2,T2/2019,3163,1699,1492,207,1464,12.18363743378458,47.1704078406576,53.71482769522606
Pernambuco,2019,2,T2/2019,7544,4235,3553,681,3309,16.08028335301063,47.09703075291623,56.1373276776246
Alagoas,2019,2,T2/2019,2600,1246,1060,186,1354,14.92776886035313,40.76923076923077,47.92307692307693
Sergipe,2019,2,T2/2019,1812,1101,932,169,711,15.34968210717529,51.43487858719647,60.76158940397352
Bahia,2019,2,T2/2019,11822,7098,5857,1240,4724,17.46970977740208,49.54322449670106,60.04060226695991
Minas Gerais,2019,2,T2/2019,17297,11389,10293,1096,5908,9.623320748090263,59.50742903393652,65.84378794010523
Espírito Santo,2019,2,T2/2019,3183,2202,1960,242,981,10.99000908265213,61.57712849513038,69.18001885014138
Rio de Janeiro,2019,2,T2/2019,14407,8955,7589,1366,5452,15.25404801786711,52.67578260567779,62.15728465329354
São Paulo,2019,2,T2/2019,37531,26064,22696,3368,11467,12.92203806015961,60.47267592123844,69.44659081825691
Paraná,2019,2,T2/2019,9186,6137,5576,560,3049,9.124979631741894,60.70106684084477,66.8081863705639
Santa Catarina,2019,2,T2/2019,5833,3916,3677,239,1917,6.103166496424923,63.03788787930738,67.13526487227841
Rio Grande do Sul,2019,2,T2/2019,9409,6229,5714,515,3180,8.267779739926153,60.72908916994367,66.20257200552663
Mato Grosso do Sul,2019,2,T2/2019,2105,1461,1338,123,644,8.41889117043121,63.56294536817102,69.4061757719715
Mato Grosso,2019,2,T2/2019,2665,1853,1699,154,812,8.310847274689692,63.75234521575985,69.53095684803003
Goiás,2019,2,T2/2019,5586,3764,3366,399,1822,10.60042507970244,60.2577873254565,67.3827425707125
Distrito Federal,2019,2,T2/2019,2451,1696,1462,234,755,13.79716981132076,59.64912280701754,69.19624643002857
Rondônia,2019,3,T3/2019,1383,886,812,74,497,8.35214446952596,58.71294287780188,64.06362979031091
Acre,2019,3,T3/2019,646,356,309,47,290,13.20224719101124,47.8328173374613,55.10835913312694
Amazonas,2019,3,T3/2019,2949,1899,1642,257,1050,13.53343865192206,55.67989148864022,64.39471007121058
Roraima,2019,3,T3/2019,391,249,212,37,142,14.85943775100401,54.21994884910486,63.68286445012787
Pará,2019,3,T3/2019,6511,3915,3471,444,2596,11.34099616858238,53.30978344340347,60.12901244048533
Amapá,2019,3,T3/2019,624,391,325,66,233,16.87979539641944,52.08333333333334,62.66025641025641
Tocantins,2019,3,T3/2019,1215,728,650,78,487,10.71428571428571,53.49794238683128,59.91769547325103
Maranhão,2019,3,T3/2019,5329,2656,2274,382,2673,14.38253012048193,42.67217113905048,49.84049540251455
Piauí,2019,3,T3/2019,2584,1538,1340,199,1046,12.93888166449935,51.85758513931889,59.52012383900929
Ceará,2019,3,T3/2019,7244,4184,3706,478,3060,11.4244741873805,51.15958034235229,57.75814467145224
Rio Grande do Norte,2019,3,T3/2019,2770,1543,1333,210,1227,13.6098509397278,48.12274368231047,55.70397111913358
Paraíba,2019,3,T3/2019,3176,1699,1506,193,1477,11.35962330782813,47.41813602015114,53.49496221662469
Pernambuco,2019,3,T3/2019,7542,4214,3541,674,3328,15.99430469862364,46.95041103155661,55.87377353487138
Alagoas,2019,3,T3/2019,2613,1234,1042,193,1379,15.64019448946515,39.87753539992346,47.22541140451588
Sergipe,2019,3,T3/2019,1819,1096,934,162,723,14.78102189781022,51.34689389774601,60.25288620120946
Bahia,2019,3,T3/2019,11807,7055,5862,1194,4752,16.92416725726435,49.6485135936309,59.75268908274752
Minas Gerais,2019,3,T3/2019,17339,11483,10334,1149,5856,10.00609596795263,59.59974623680719,66.2264259761232
Espírito Santo,2019,3,T3/2019,3194,2176,1943,233,1018,10.70772058823529,60.83281152160301,68.12773951158422
Rio de Janeiro,2019,3,T3/2019,14477,8999,7685,1314,5478,14.60162240248916,53.0842025281481,62.1606686468191
São Paulo,2019,3,T3/2019,37586,26087,22918,3169,11499,12.14781308697819,60.9748310541159,69.40616186878093
Paraná,2019,3,T3/2019,9223,6172,5613,559,3051,9.057031756318858,60.85872275832159,66.9196573782934
Santa Catarina,2019,3,T3/2019,5868,3922,3695,227,1946,5.787863335033147,62.96864349011588,66.83708248125426
Rio Grande do Sul,2019,3,T3/2019,9393,6212,5657,555,3181,8.934320669671603,60.22569998935378,66.13435537102097
Mato Grosso do Sul,2019,3,T3/2019,2119,1440,1329,111,679,7.708333333333334,62.71826333176026,67.9565832940066
Mato Grosso,2019,3,T3/2019,2670,1855,1707,148,815,7.97843665768194,63.93258426966292,69.47565543071161
Goiás,2019,3,T3/2019,5639,3847,3426,421,1792,10.94359240966987,60.75545309452031,68.22131583614116
Distrito Federal,2019,3,T3/2019,2455,1696,1472,224,759,13.20754716981132,59.95926680244399,69.08350305498982
Rondônia,2019,4,T4/2019,1388,883,810,72,505,8.154020385050963,58.35734870317003,63.61671469740634
Acre,2019,4,T4/2019,653,353,304,49,300,13.88101983002833,46.55436447166922,54.05819295558959
Amazonas,2019,4,T4/2019,2987,1902,1654,248,1085,13.03890641430073,55.37328423167057,63.67592902577838
Roraima,2019,4,T4/2019,397,256,217,38,141,14.84375,54.65994962216625,64.48362720403023
Pará,2019,4,T4/2019,6546,3881,3521,360,2665,9.275959804174182,53.78857317445769,59.28811487931561
Amapá,2019,4,T4/2019,620,393,331,62,227,15.77608142493639,53.38709677419354,63.38709677419355
Tocantins,2019,4,T4/2019,1223,723,656,67,500,9.266943291839558,53.63859362224039,59.11692559280458
Maranhão,2019,4,T4/2019,5347,2660,2330,330,2687,12.40601503759398,43.57583691789789,49.74752197493922
Piauí,2019,4,T4/2019,2591,1503,1303,200,1088,13.30671989354624,50.28946352759552,58.0084909301428
Ceará,2019,4,T4/2019,7297,4227,3790,437,3070,10.33830139578897,51.93915307660683,57.92791558174593
Rio Grande do Norte,2019,4,T4/2019,2783,1534,1335,199,1249,12.97262059973924,47.9698167445203,55.1203736974488
Paraíba,2019,4,T4/2019,3175,1695,1489,206,1480,12.15339233038348,46.89763779527559,53.38582677165354
Pernambuco,2019,4,T4/2019,7624,4247,3646,601,3377,14.15116552860843,47.82266526757608,55.70566631689402
Alagoas,2019,4,T4/2019,2601,1193,1028,165,1408,13.83067896060352,39.52326028450596,45.86697424067666
Sergipe,2019,4,T4/2019,1816,1125,957,168,691,14.93333333333334,52.69823788546255,61.94933920704846
Bahia,2019,4,T4/2019,11808,7029,5867,1162,4779,16.53151230616019,49.68665311653117,59.52743902439024
Minas Gerais,2019,4,T4/2019,17383,11461,10363,1098,5922,9.580315853764942,59.61571650463097,65.93223264108612
Espírito Santo,2019,4,T4/2019,3233,2175,1948,227,1058,10.4367816091954,60.25363439529848,67.27497680173214
Rio de Janeiro,2019,4,T4/2019,14530,9008,7761,1246,5522,13.83214920071048,53.41362697866483,61.99587061252581
São Paulo,2019,4,T4/2019,37580,26029,23014,3015,11551,11.58323408505897,61.24002128791911,69.26290580095795
Paraná,2019,4,T4/2019,9217,6122,5671,450,3095,7.350539039529566,61.52761202126506,66.42074427687969
Santa Catarina,2019,4,T4/2019,5899,3983,3767,216,1916,5.423047953803666,63.85828106458722,67.51991863027632
Rio Grande do Sul,2019,4,T4/2019,9396,6274,5819,455,3122,7.252151737328657,61.93060876968923,66.77309493401448
Mato Grosso do Sul,2019,4,T4/2019,2140,1432,1336,96,708,6.70391061452514,62.42990654205608,66.9158878504673
Mato Grosso,2019,4,T4/2019,2667,1820,1703,117,847,6.428571428571428,63.85451818522685,68.24146981627297
Goiás,2019,4,T4/2019,5636,3836,3431,405,1800,10.55787278415016,60.87650816181689,68.0624556422995
Distrito Federal,2019,4,T4/2019,2460,1674,1463,210,786,12.54480286738351,59.47154471544715,68.04878048780488
Rondônia,2020,1,T1/2020,1394,892,817,76,502,8.520179372197308,58.60832137733142,63.98852223816356
Acre,2020,1,T1/2020,650,340,293,47,310,13.82352941176471,45.07692307692307,52.30769230769231
Amazonas,2020,1,T1/2020,3007,1908,1629,279,1099,14.62264150943396,54.17359494512803,63.45194546059195
Roraima,2020,1,T1/2020,402,255,212,42,147,16.47058823529412,52.7363184079602,63.43283582089553
Pará,2020,1,T1/2020,6537,3874,3457,417,2663,10.76406814661848,52.88358574269543,59.26265871194738
Amapá,2020,1,T1/2020,628,388,320,67,240,17.2680412371134,50.95541401273886,61.78343949044586
Tocantins,2020,1,T1/2020,1233,728,644,84,505,11.53846153846154,52.23033252230332,59.04298459042985
Maranhão,2020,1,T1/2020,5374,2644,2212,431,2730,16.30105900151286,41.16114625976926,49.1998511350949
Piauí,2020,1,T1/2020,2559,1434,1233,202,1125,14.08647140864714,48.18288393903868,56.03751465416178
Ceará,2020,1,T1/2020,7324,4143,3630,513,3181,12.38233164373642,49.56308028399782,56.56744948115784
Rio Grande do Norte,2020,1,T1/2020,2790,1565,1321,244,1225,15.59105431309904,47.34767025089606,56.09318996415771
Paraíba,2020,1,T1/2020,3160,1672,1440,232,1488,13.8755980861244,45.56962025316456,52.9113924050633
Pernambuco,2020,1,T1/2020,7726,4128,3517,611,3598,14.80135658914729,45.52161532487704,53.42997670204505
Alagoas,2020,1,T1/2020,2580,1224,1019,204,1356,16.66666666666666,39.49612403100775,47.44186046511628
Sergipe,2020,1,T1/2020,1810,1083,912,171,727,15.78947368421053,50.38674033149171,59.8342541436464
Bahia,2020,1,T1/2020,11841,7081,5748,1333,4760,18.82502471402344,48.54319736508741,59.80069250907862
Minas Gerais,2020,1,T1/2020,17401,11286,9967,1320,6115,11.69590643274854,57.27831733808402,64.85834147462789
Espírito Santo,2020,1,T1/2020,3240,2155,1912,243,1085,11.27610208816705,59.01234567901235,66.51234567901234
Rio de Janeiro,2020,1,T1/2020,14590,8942,7629,1313,5648,14.68351599194811,52.28923920493489,61.28855380397532
São Paulo,2020,1,T1/2020,37705,25654,22502,3151,12051,12.28268496140953,59.67908765415727,68.03872165495292
Paraná,2020,1,T1/2020,9222,6085,5598,487,3137,8.00328677074774,60.70266753415745,65.9835176751247
Santa Catarina,2020,1,T1/2020,5905,3896,3674,223,2009,5.723819301848049,62.21845893310753,65.97798475867909
Rio Grande do Sul,2020,1,T1/2020,9396,6197,5668,529,3199,8.536388575116991,60.32354193273734,65.95359727543637
Mato Grosso do Sul,2020,1,T1/2020,2136,1406,1295,111,730,7.894736842105263,60.62734082397003,65.82397003745318
Mato Grosso,2020,1,T1/2020,2690,1842,1684,158,848,8.577633007600435,62.60223048327137,68.47583643122677
Goiás,2020,1,T1/2020,5644,3765,3331,434,1879,11.52722443559097,59.01842664776754,66.70800850460667
Distrito Federal,2020,1,T1/2020,2484,1677,1449,228,807,13.59570661896243,58.33333333333334,67.512077294686
Rondônia,2020,2,T2/2020,1383,823,731,91,560,11.05710814094775,52.85610990600145,59.50831525668836
Acre,2020,2,T2/2020,651,339,289,49,312,14.45427728613569,44.39324116743472,52.07373271889401
Amazonas,2020,2,T2/2020,3063,1751,1460,291,1312,16.61907481439178,47.66568723473718,57.16617695070193
Roraima,2020,2,T2/2020,401,229,190,39,172,17.03056768558952,47.38154613466335,57.1072319201995
Pará,2020,2,T2/2020,6585,3546,3216,330,3039,9.30626057529611,48.83826879271071,53.8496583143508
Amapá,2020,2,T2/2020,637,343,304,39,294,11.37026239067055,47.72370486656201,53.84615384615385
Tocantins,2020,2,T2/2020,1220,691,603,88,529,12.73516642547033,49.42622950819672,56.63934426229508
Maranhão,2020,2,T2/2020,5378,2376,1984,391,3002,16.45622895622895,36.89103756043139,44.17999256229081
Piauí,2020,2,T2/2020,2588,1213,1052,162,1375,13.3553173948887,40.64914992272025,46.87017001545595
Ceará,2020,2,T2/2020,7318,3601,3158,443,3717,12.30213829491808,43.15386717682427,49.20743372506149
Rio Grande do Norte,2020,2,T2/2020,2836,1366,1157,209,1470,15.30014641288433,40.7968970380818,48.16643159379407
Paraíba,2020,2,T2/2020,3156,1483,1287,196,1673,13.21645313553607,40.77946768060837,46.98986058301647
Pernambuco,2020,2,T2/2020,7651,3593,3041,552,4058,15.36320623434456,39.74643837406875,46.96118154489609
Alagoas,2020,2,T2/2020,2570,1112,910,203,1458,18.25539568345324,35.40856031128405,43.26848249027238
Sergipe,2020,2,T2/2020,1831,1006,801,205,825,20.37773359840954,43.74658656471873,54.94265428727472
Bahia,2020,2,T2/2020,11870,6125,4869,1256,5745,20.50612244897959,41.01937657961247,51.60067396798652
Minas Gerais,2020,2,T2/2020,17310,10507,9121,1385,6803,13.18168839821072,52.69208549971115,60.69901790872328
Espírito Santo,2020,2,T2/2020,3266,2022,1767,255,1244,12.61127596439169,54.1028781383956,61.91059399877526
Rio de Janeiro,2020,2,T2/2020,14640,8050,6701,1349,6590,16.75776397515528,45.77185792349727,54.98633879781421
São Paulo,2020,2,T2/2020,37748,23318,20071,3247,14430,13.92486491122738,53.17102892868496,61.77280915545195
Paraná,2020,2,T2/2020,9307,5999,5422,577,3308,9.618269711618604,58.25722574406361,64.4568604276351
Santa Catarina,2020,2,T2/2020,5991,3813,3538,275,2178,7.212168895882508,59.05524954097814,63.64546820230346
Rio Grande do Sul,2020,2,T2/2020,9451,5806,5244,562,3645,9.679641749913882,55.48619193736113,61.4326526293514
Mato Grosso do Sul,2020,2,T2/2020,2131,1327,1172,155,804,11.68048229088169,54.99765368371656,62.27123416236508
Mato Grosso,2020,2,T2/2020,2705,1779,1597,182,926,10.23046655424396,59.03881700554528,65.76709796672829
Goiás,2020,2,T2/2020,5684,3511,3055,456,2173,12.98775277698661,53.74736101337086,61.76988036593948
Distrito Federal,2020,2,T2/2020,2481,1552,1310,242,929,15.59278350515464,52.801289802499,62.55542120112858
Rondônia,2020,3,T3/2020,1383,816,720,96,567,11.76470588235294,52.06073752711497,59.00216919739696
Acre,2020,3,T3/2020,666,334,276,58,332,17.36526946107784,41.44144144144144,50.15015015015015
Amazonas,2020,3,T3/2020,3072,1839,1529,310,1233,16.85698749320283,49.77213541666667,59.86328125
Roraima,2020,3,T3/2020,407,236,191,45,171,19.06779661016949,46.92874692874692,57.98525798525799
Pará,2020,3,T3/2020,6604,3706,3293,413,2898,11.14409066378845,49.86371895820715,56.11750454270139
Amapá,2020,3,T3/2020,648,353,299,54,295,15.29745042492918,46.14197530864197,54.4753086419753
Tocantins,2020,3,T3/2020,1207,671,586,84,536,12.51862891207154,48.55012427506214,55.5923777961889
Maranhão,2020,3,T3/2020,5336,2410,1993,417,2926,17.30290456431535,37.35007496251874,45.16491754122939
Piauí,2020,3,T3/2020,2613,1319,1144,174,1294,13.1918119787718,43.78109452736319,50.47837734404899
Ceará,2020,3,T3/2020,7328,3612,3097,515,3716,14.25802879291251,42.26255458515284,49.29039301310043
Rio Grande do Norte,2020,3,T3/2020,2809,1405,1154,251,1404,17.86476868327402,41.08223567105732,50.01779992880029
Paraíba,2020,3,T3/2020,3169,1514,1252,262,1655,17.30515191545575,39.50773114547176,47.77532344588199
Pernambuco,2020,3,T3/2020,7576,3678,2969,709,3898,19.27678085916259,39.18954593453009,48.5480464625132
Alagoas,2020,3,T3/2020,2569,1124,896,228,1445,20.2846975088968,34.87738419618528,43.75243285325029
Sergipe,2020,3,T3/2020,1835,990,785,206,845,20.80808080808081,42.77929155313351,53.95095367847411
Bahia,2020,3,T3/2020,11993,6246,4925,1321,5747,21.14953570284982,41.06562161260736,52.08038022179606
Minas Gerais,2020,3,T3/2020,17318,10605,9162,1443,6713,13.60678925035361,52.90449243561612,61.23686337914309
Espírito Santo,2020,3,T3/2020,3267,2086,1790,296,1181,14.18983700862896,54.79032751760025,63.85062748699112
Rio de Janeiro,2020,3,T3/2020,14609,8104,6537,1567,6505,19.33613030602172,44.74638921212951,55.47265384352112
São Paulo,2020,3,T3/2020,38091,23411,19798,3613,14680,15.43291615052753,51.97553227796592,61.4607125042661
Paraná,2020,3,T3/2020,9342,5851,5234,617,3491,10.54520594770125,56.02654677799187,62.63112823806466
Santa Catarina,2020,3,T3/2020,6011,3784,3531,253,2227,6.686046511627906,58.74230577274996,62.95125603061054
Rio Grande do Sul,2020,3,T3/2020,9387,5711,5111,601,3676,10.52355104184906,54.44764035368063,60.83945882603601
Mato Grosso do Sul,2020,3,T3/2020,2137,1329,1171,157,808,11.81339352896915,54.79644361254095,62.18998596162844
Mato Grosso,2020,3,T3/2020,2713,1780,1599,181,933,10.1685393258427,58.93844452635459,65.61002580169554
Goiás,2020,3,T3/2020,5708,3541,3062,479,2167,13.52725218864727,53.64400840925018,62.03573931324456
Distrito Federal,2020,3,T3/2020,2471,1581,1333,248,890,15.68627450980392,53.94577094293809,63.98219344394982
Rondônia,2020,4,T4/2020,1404,845,751,94,559,11.12426035502959,53.49002849002849,60.18518518518518
Acre,2020,4,T4/2020,669,358,301,57,311,15.92178770949721,44.99252615844544,53.51270553064275
Amazonas,2020,4,T4/2020,3035,1878,1583,295,1157,15.70820021299255,52.15815485996706,61.87808896210873
Roraima,2020,4,T4/2020,416,246,210,36,170,14.63414634146341,50.48076923076923,59.13461538461539
Pará,2020,4,T4/2020,6635,3839,3419,420,2796,10.94034904923157,51.52976639035418,57.85983421250942
Amapá,2020,4,T4/2020,658,371,312,59,287,15.90296495956873,47.41641337386018,56.38297872340425
Tocantins,2020,4,T4/2020,1214,719,638,81,495,11.26564673157163,52.55354200988468,59.22570016474464
Maranhão,2020,4,T4/2020,5325,2502,2138,365,2823,14.58832933653077,40.15023474178403,46.98591549295774
Piauí,2020,4,T4/2020,2559,1366,1199,167,1193,12.22547584187408,46.85423993747558,53.38022665103556
Ceará,2020,4,T4/2020,7389,3858,3300,558,3531,14.46345256609643,44.66098254161592,52.21274868047097
Rio Grande do Norte,2020,4,T4/2020,2846,1507,1272,235,1339,15.59389515593895,44.69430780042165,52.95151089248068
Paraíba,2020,4,T4/2020,3145,1615,1362,254,1530,15.72755417956656,43.30683624801272,51.35135135135135
Pernambuco,2020,4,T4/2020,7555,3996,3221,775,3559,19.39439439439439,42.63401720714759,52.8921244209133
Alagoas,2020,4,T4/2020,2602,1274,1014,260,1328,20.40816326530612,38.97002305918524,48.96233666410453
Sergipe,2020,4,T4/2020,1847,1056,863,193,791,18.27651515151515,46.72441797509475,57.17379534380076
Bahia,2020,4,T4/2020,12004,6614,5242,1372,5390,20.74387662534019,43.66877707430857,55.09830056647785
Minas Gerais,2020,4,T4/2020,17361,10785,9440,1344,6576,12.46175243393602,54.37474799838719,62.12199758078452
Espírito Santo,2020,4,T4/2020,3261,2099,1817,282,1162,13.43496903287279,55.71910456915057,64.36675866298681
Rio de Janeiro,2020,4,T4/2020,14540,8360,6719,1641,6180,19.62918660287081,46.21045392022008,57.49656121045392
São Paulo,2020,4,T4/2020,38322,24246,20657,3589,14076,14.80244163985812,53.9037628516257,63.26914044152184
Paraná,2020,4,T4/2020,9421,6040,5432,608,3381,10.06622516556291,57.65842267275237,64.11209001167605
Santa Catarina,2020,4,T4/2020,6010,3790,3585,204,2220,5.382585751978892,59.65058236272879,63.06156405990016
Rio Grande do Sul,2020,4,T4/2020,9418,5863,5356,507,3555,8.647450110864744,56.86982374177107,62.25313229985134
Mato Grosso do Sul,2020,4,T4/2020,2121,1354,1225,129,767,9.527326440177251,57.75577557755776,63.83781235266384
Mato Grosso,2020,4,T4/2020,2731,1851,1653,197,880,10.64289573203674,60.52727938484072,67.77737092640058
Goiás,2020,4,T4/2020,5700,3580,3125,456,2120,12.73743016759777,54.82456140350877,62.80701754385964
Distrito Federal,2020,4,T4/2020,2491,1625,1389,235,866,14.46153846153846,55.76073865917303,65.23484544359694
Rondônia,2021,1,T1/2021,1409,845,749,96,564,11.36094674556213,53.1582682753726,59.97161107168204
Acre,2021,1,T1/2021,668,366,300,66,302,18.0327868852459,44.91017964071856,54.79041916167665
Amazonas,2021,1,T1/2021,3052,1869,1540,329,1183,17.60299625468165,50.45871559633027,61.23853211009175
Roraima,2021,1,T1/2021,418,252,215,36,166,14.28571428571428,51.43540669856459,60.28708133971292
Pará,2021,1,T1/2021,6658,3772,3250,523,2886,13.86532343584305,48.81345749474317,56.65364974466807
Amapá,2021,1,T1/2021,655,368,312,56,287,15.21739130434783,47.63358778625954,56.18320610687023
Tocantins,2021,1,T1/2021,1238,759,629,130,479,17.12779973649539,50.80775444264943,61.30856219709209
Maranhão,2021,1,T1/2021,5391,2578,2131,448,2813,17.377812257564,39.52884437024671,47.82044147653497
Piauí,2021,1,T1/2021,2621,1399,1188,212,1222,15.15368120085775,45.32621136970622,53.37657382678367
Ceará,2021,1,T1/2021,7377,3686,3129,557,3691,15.11123168746609,42.41561610410736,49.96611088518368
Rio Grande do Norte,2021,1,T1/2021,2869,1517,1281,235,1352,15.49110085695452,44.64970372952249,52.87556639944232
Paraíba,2021,1,T1/2021,3145,1610,1350,260,1535,16.14906832298137,42.92527821939587,51.19236883942766
Pernambuco,2021,1,T1/2021,7548,4149,3260,888,3399,21.40274765003615,43.19024907260201,54.96820349761526
Alagoas,2021,1,T1/2021,2588,1291,1029,261,1297,20.21688613477924,39.76043276661515,49.88408037094281
Sergipe,2021,1,T1/2021,1848,1092,867,226,756,20.69597069597069,46.91558441558442,59.09090909090909
Bahia,2021,1,T1/2021,11965,6638,5195,1442,5327,21.72341066586321,43.41830338487254,55.47847889678228
Minas Gerais,2021,1,T1/2021,17348,10942,9418,1523,6406,13.91884481813197,54.28867881023749,63.07355314733687
Espírito Santo,2021,1,T1/2021,3266,2120,1842,278,1146,13.11320754716981,56.39926515615432,64.91120636864667
Rio de Janeiro,2021,1,T1/2021,14631,8401,6751,1650,6230,19.64051898583502,46.14175381040257,57.41917845670152
São Paulo,2021,1,T1/2021,38413,24419,20840,3579,13994,14.65661984520251,54.25246661286543,63.56962486658163
Paraná,2021,1,T1/2021,9443,6057,5486,571,3386,9.42710912993231,58.09594408556603,64.14275124430795
Santa Catarina,2021,1,T1/2021,5953,3794,3552,241,2159,6.352134949920927,59.66739459096254,63.7325718125315
Rio Grande do Sul,2021,1,T1/2021,9506,5925,5359,566,3581,9.552742616033754,56.37492110246161,62.32905533347359
Mato Grosso do Sul,2021,1,T1/2021,2141,1379,1233,146,762,10.58738216098622,57.58991125642223,64.40915460065389
Mato Grosso,2021,1,T1/2021,2703,1812,1627,184,891,10.15452538631347,60.19237883832778,67.03662597114317
Goiás,2021,1,T1/2021,5749,3643,3137,505,2106,13.86220148229481,54.56601148025744,63.36754218124891
Distrito Federal,2021,1,T1/2021,2483,1658,1410,248,825,14.9577804583836,56.78614579138139,66.77406363270238
Rondônia,2021,2,T2/2021,1442,868,782,86,574,9.90783410138249,54.23023578363384,60.19417475728155
Acre,2021,2,T2/2021,680,389,326,64,291,16.45244215938303,47.94117647058824,57.20588235294117
Amazonas,2021,2,T2/2021,3051,1925,1621,304,1126,15.79220779220779,53.1301212717142,63.09406751884627
Roraima,2021,2,T2/2021,421,265,228,37,156,13.9622641509434,54.15676959619952,62.94536817102138
Pará,2021,2,T2/2021,6741,3873,3349,524,2868,13.52956364575265,49.68105622311229,57.45438362260792
Amapá,2021,2,T2/2021,658,382,320,62,276,16.2303664921466,48.63221884498481,58.05471124620061
Tocantins,2021,2,T2/2021,1217,737,620,117,480,15.87516960651289,50.94494658997534,60.55875102711585
Maranhão,2021,2,T2/2021,5412,2668,2201,467,2744,17.50374812593703,40.66888396156688,49.29785661492978
Piauí,2021,2,T2/2021,2630,1439,1218,221,1191,15.35788742182071,46.31178707224334,54.71482889733841
Ceará,2021,2,T2/2021,7365,3828,3251,577,3537,15.07314524555904,44.14120841819416,51.9755600814664
Rio Grande do Norte,2021,2,T2/2021,2871,1488,1246,242,1383,16.26344086021505,43.39951236502961,51.82863113897596
Paraíba,2021,2,T2/2021,3169,1573,1330,243,1596,15.4481881754609,41.96907541811297,49.63710949826444
Pernambuco,2021,2,T2/2021,7570,4165,3259,906,3405,21.75270108043217,43.05151915455747,55.01981505944518
Alagoas,2021,2,T2/2021,2622,1323,1068,254,1299,19.19879062736205,40.73226544622426,50.45766590389016
Sergipe,2021,2,T2/2021,1860,1082,873,209,778,19.31608133086876,46.93548387096774,58.17204301075268
Bahia,2021,2,T2/2021,12055,6816,5443,1374,5239,20.15845070422535,45.1513894649523,56.54085441725425
Minas Gerais,2021,2,T2/2021,17335,11037,9644,1393,6298,12.62118329256138,55.63311220074992,63.66887799250072
Espírito Santo,2021,2,T2/2021,3261,2115,1871,245,1146,11.5839243498818,57.37503833180006,64.85740570377186
Rio de Janeiro,2021,2,T2/2021,14738,8888,7300,1588,5850,17.86678667866787,49.53182249966074,60.30669018862803
São Paulo,2021,2,T2/2021,38509,25033,21397,3636,13476,14.52482722805896,55.56363447505777,65.0055831104417
Paraná,2021,2,T2/2021,9281,5887,5355,532,3394,9.036860879904877,57.69852386596271,63.43066479905183
Santa Catarina,2021,2,T2/2021,5969,3896,3669,228,2073,5.852156057494867,61.4675825096331,65.27056458368236
Rio Grande do Sul,2021,2,T2/2021,9498,6023,5490,533,3475,8.849410592727876,57.80164245104233,63.41335017898505
Mato Grosso do Sul,2021,2,T2/2021,2147,1405,1267,138,742,9.8220640569395,59.01257568700512,65.44014904517933
Mato Grosso,2021,2,T2/2021,2720,1805,1641,164,915,9.085872576177286,60.33088235294117,66.36029411764706
Goiás,2021,2,T2/2021,5780,3664,3208,455,2116,12.41812227074236,55.50173010380622,63.39100346020762
Distrito Federal,2021,2,T2/2021,2485,1642,1407,235,843,14.31181485992692,56.61971830985916,66.0764587525151
Rondônia,2021,3,T3/2021,1444,896,827,70,548,7.8125,57.27146814404433,62.04986149584487
Acre,2021,3,T3/2021,672,378,326,52,294,13.75661375661376,48.51190476190476,56.25
Amazonas,2021,3,T3/2021,3092,1966,1701,264,1126,13.42828077314344,55.01293661060802,63.58344113842173
Roraima,2021,3,T3/2021,422,261,234,28,161,10.727969348659,55.45023696682464,61.84834123222749
Pará,2021,3,T3/2021,6742,4004,3529,475,2738,11.86313686313686,52.34351824384456,59.38890536932661
Amapá,2021,3,T3/2021,672,406,335,71,266,17.48768472906404,49.85119047619047,60.41666666666666
Tocantins,2021,3,T3/2021,1235,758,676,82,477,10.8179419525066,54.73684210526316,61.37651821862347
Maranhão,2021,3,T3/2021,5409,2726,2317,409,2683,15.00366837857667,42.83601405065631,50.3974856720281
Piauí,2021,3,T3/2021,2634,1451,1278,173,1183,11.92281185389387,48.51936218678816,55.08731966590737
Ceará,2021,3,T3/2021,7408,3952,3460,492,3456,12.44939271255061,46.70626349892009,53.34773218142549
Rio Grande do Norte,2021,3,T3/2021,2887,1502,1281,221,1385,14.71371504660453,44.37131970904053,52.02632490474542
Paraíba,2021,3,T3/2021,3185,1597,1366,231,1588,14.46462116468378,42.88854003139718,50.14128728414443
Pernambuco,2021,3,T3/2021,7623,4180,3374,806,3443,19.2822966507177,44.26078971533517,54.83405483405483
Alagoas,2021,3,T3/2021,2605,1355,1124,231,1250,17.0479704797048,43.14779270633397,52.01535508637236
Sergipe,2021,3,T3/2021,1867,1102,914,188,765,17.05989110707804,48.95554365291912,59.02517407605785
Bahia,2021,3,T3/2021,12099,7134,5797,1336,4965,18.72722175497617,47.91305066534424,58.96355070666998
Minas Gerais,2021,3,T3/2021,17474,11314,10104,1210,6160,10.69471451299275,57.82305139063752,64.7476250429209
Espírito Santo,2021,3,T3/2021,3304,2153,1939,214,1151,9.939619136089178,58.6864406779661,65.1634382566586
Rio de Janeiro,2021,3,T3/2021,14688,8941,7519,1422,5747,15.90426126831451,51.19144880174292,60.87282135076253
São Paulo,2021,3,T3/2021,38493,25614,22188,3426,12879,13.37549777465449,57.64164913101083,66.54196866962825
Paraná,2021,3,T3/2021,9336,6072,5589,484,3264,7.971014492753622,59.86503856041131,65.03856041131105
Santa Catarina,2021,3,T3/2021,5942,3924,3717,207,2018,5.275229357798166,62.554695388758,66.03837091888252
Rio Grande do Sul,2021,3,T3/2021,9531,6086,5573,512,3445,8.412750575090373,58.47235337320323,63.85478963382646
Mato Grosso do Sul,2021,3,T3/2021,2131,1404,1298,107,727,7.621082621082621,60.91037071797278,65.884561238855
Mato Grosso,2021,3,T3/2021,2725,1807,1687,120,918,6.640841173215274,61.90825688073394,66.3119266055046
Goiás,2021,3,T3/2021,5797,3745,3369,375,2052,10.01335113484646,58.11626703467311,64.60238054165947
Distrito Federal,2021,3,T3/2021,2470,1701,1454,247,769,14.52087007642563,58.8663967611336,68.86639676113361
Rondônia,2021,4,T4/2021,1445,916,853,63,529,6.877729257641921,59.03114186851212,63.39100346020762
Acre,2021,4,T4/2021,674,381,331,51,293,13.38582677165354,49.10979228486647,56.52818991097923
Amazonas,2021,4,T4/2021,3075,1923,1671,252,1152,13.10452418096724,54.34146341463415,62.53658536585366
Roraima,2021,4,T4/2021,424,262,238,24,162,9.16030534351145,56.13207547169812,61.79245283018868
Pará,2021,4,T4/2021,6758,4102,3652,450,2656,10.97025841053145,54.03965670316661,60.6984314886061
Amapá,2021,4,T4/2021,677,419,345,73,258,17.42243436754177,50.96011816838995,61.89069423929099
Tocantins,2021,4,T4/2021,1258,767,693,74,491,9.647979139504564,55.08744038155803,60.9697933227345
Maranhão,2021,4,T4/2021,5441,2725,2361,364,2716,13.35779816513762,43.39275868406543,50.08270538503952
Piauí,2021,4,T4/2021,2633,1460,1286,173,1173,11.84931506849315,48.841625522218,55.45005696923661
Ceará,2021,4,T4/2021,7467,3961,3522,439,3506,11.08305983337541,47.16753716351948,53.04673898486675
Rio Grande do Norte,2021,4,T4/2021,2899,1536,1341,194,1363,12.63020833333333,46.25733011383236,52.9837875129355
Paraíba,2021,4,T4/2021,3200,1599,1391,208,1601,13.00813008130081,43.46875,49.96875
Pernambuco,2021,4,T4/2021,7647,4217,3494,723,3430,17.14488973203699,45.69112070092847,55.14580881391395
Alagoas,2021,4,T4/2021,2615,1399,1196,203,1216,14.51036454610436,45.73613766730401,53.49904397705545
Sergipe,2021,4,T4/2021,1873,1141,975,165,732,14.46099912357581,52.05552589428724,60.9183128670582
Bahia,2021,4,T4/2021,12034,7154,5914,1240,4880,17.33296058149287,49.1440917400698,59.44823001495762
Minas Gerais,2021,4,T4/2021,17525,11341,10271,1070,6184,9.434794109866855,58.6077032810271,64.7132667617689
Espírito Santo,2021,4,T4/2021,3326,2177,1963,214,1149,9.83004134129536,59.01984365604329,65.45399879735417
Rio de Janeiro,2021,4,T4/2021,14688,9052,7767,1285,5636,14.19575784357048,52.87990196078432,61.62854030501089
São Paulo,2021,4,T4/2021,38573,26039,23142,2898,12534,11.12945965666884,59.99533352344905,67.50576828351439
Paraná,2021,4,T4/2021,9393,6249,5814,435,3144,6.961113778204512,61.89715745768125,66.52826572979879
Santa Catarina,2021,4,T4/2021,5947,3987,3815,172,1960,4.314020566842237,64.14999159239953,67.04220615436356
Rio Grande do Sul,2021,4,T4/2021,9533,6173,5673,500,3360,8.099789405475457,59.50907374383719,64.75401237805518
Mato Grosso do Sul,2021,4,T4/2021,2157,1435,1343,92,722,6.411149825783973,62.26240148354195,66.5275846082522
Mato Grosso,2021,4,T4/2021,2737,1819,1711,108,918,5.937328202308962,62.51370113262696,66.45962732919256
Goiás,2021,4,T4/2021,5793,3792,3460,332,2001,8.755274261603375,59.7272570343518,65.45831175556707
Distrito Federal,2021,4,T4/2021,2494,1734,1524,210,760,12.11072664359862,61.10665597433841,69.52686447473937
