Taxa de Aprovação - 2009,nan,nan,nan,nan,nan,nan,nan,nan,nan,nan,nan,nan,nan,nan,nan,nan,nan,nan,nan,nan,nan,Taxa de Reprovação - 2009,nan,nan,nan,nan,nan,nan,nan,nan,nan,nan,nan,nan,nan,nan,nan,nan,nan,Taxa de Abandono - 2009,nan,nan,nan,nan,nan,nan,nan,nan,nan,nan,nan,nan,nan,nan,nan,nan,nan
"Taxa de Aprovação, segundo a Localização e a Dependência Administrativa, nos Níveis de Ensino Fundamental de 8 e 9 Anos e Médio, divididos por série, segundo as Unidades da Federação, 2009. ",,,,,,,,,,,,,,,,,,,,,,"Taxa de Reprovação,  segundo a Localização e a Dependência Administrativa, nos Níveis de Ensino Fundamental de 8 e 9 Anos e Médio, divididos por série, segundo as Unidades da Federação, em 2009.",,,,,,,,,,,,,,,,,,"Taxa de Abandono,   segundo a Localização e a Dependência Administrativa, nos Níveis de Ensino Fundamental de 8 e 9 Anos e Médio, divididos por série, segundo as Unidades da Federação, em 2009.",,,,,,,,,,,,,,,,,
Ano,UF,Localização,Rede,Aprovação no 1º Ano do Ensino Fundamental,Taxa de Aprovação - Ensino Fundamental de 8 e 9 anos,,,,,,,,,,,Taxa de Aprovação - Ensino Médio,,,,,,Taxa de Reprovação - Ensino Fundamental de 8 e 9 anos,,,,,,,,,,,,Taxa de Reprovação - Ensino Médio,,,,,,Taxa de Abandono - Ensino Fundamental de 8 e 9 anos,,,,,,,,,,,,Taxa de Abandono - Ensino Médio,,,,,
Ano,UF,Localização,Rede,Aprovação no 1º Ano do Ensino Fundamental,Aprovação na 1ª série/2º Ano,Aprovação na 2ª série/3º Ano,Aprovação na 3ª série/4º Ano,Aprovaçãona 4ª série/5º Ano,Aprovação na 5ª série/6º Ano,Aprovação na 6ª série/7º Ano,Aprovação na 7ª série/8º Ano,Aprovação na 8ª série/9º Ano,Aprovação 1ª a 4ª  Série/1º a 5º Ano,Aprovação 5ª a 8ª Série/ 6º ao 9º Ano,Total Aprovação Fundamental,Aprovação na 1ª série - Médio,Aprovação na 2ª série - Médio,Aprovação na 3ª série - Médio,Aprovação na 4ª série - Médio,Total  Aprovação Médio Não Seriado,Total  Aprovação Médio,Reprovação no 1º Ano do Ensino Fundamental,Reprovação na 1ª série/2º Ano,Reprovação na 2ª série/3º Ano,Reprovação na 3ª série/4º Ano,Reprovação na 4ª série/5º Ano,Reprovação na 5ª série/6º Ano,Reprovação na 6ª série/7º Ano,Reprovação na 7ª série/8º Ano,Reprovação na 8ª série/9º Ano,Reprovação 1ª a 4ª  Série/1º a 5º Ano,Reprovação 5ª a 8ª Série/ 6º ao 9º Ano,Total Reprovação Fundamental,Reprovação na 1ª série - Médio,Reprovação na 2ª série - Médio,Reprovação na 3ª série - Médio,Reprovação na 4ª série - Médio,Total  Reprovação Médio Não Seriado,Total  Reprovação Médio,Abandono no 1º Ano do Ensino Fundamental,Abandono na 1ª série/2º Ano,Abandono na 2ª série/3º Ano,Abandono na 3ª série/4º Ano,Abandono na 4ª série/5º Ano,Abandono na 5ª série/6º Ano,Abandono na 6ª série/7º Ano,Abandono na 7ª série/8º Ano,Abandono na 8ª série/9º Ano,Abandono 1ª a 4ª  Série/1º a 5º Ano,Abandono 5ª a 8ª Série/ 6º ao 9º Ano,Total Abandono Fundamental,Abandono na 1ª série - Médio,Abandono na 2ª série - Médio,Abandono na 3ª série - Médio,Abandono na 4ª série - Médio,Total  Abandono Médio Não Seriado,Total Abandono - Médio
Ano,UF,Localização,Rede,Aprovação no 1º Ano do Ensino Fundamental,Aprovação na 1ª série/2º Ano,Aprovação na 2ª série/3º Ano,Aprovação na 3ª série/4º Ano,Aprovaçãona 4ª série/5º Ano,Aprovação na 5ª série/6º Ano,Aprovação na 6ª série/7º Ano,Aprovação na 7ª série/8º Ano,Aprovação na 8ª série/9º Ano,Aprovação 1ª a 4ª  Série/1º a 5º Ano,Aprovação 5ª a 8ª Série/ 6º ao 9º Ano,Total Aprovação Fundamental,Aprovação na 1ª série - Médio,Aprovação na 2ª série - Médio,Aprovação na 3ª série - Médio,Aprovação na 4ª série - Médio,Total  Aprovação Médio Não Seriado,Total  Aprovação Médio,Reprovação no 1º Ano do Ensino Fundamental,Reprovação na 1ª série/2º Ano,Reprovação na 2ª série/3º Ano,Reprovação na 3ª série/4º Ano,Reprovação na 4ª série/5º Ano,Reprovação na 5ª série/6º Ano,Reprovação na 6ª série/7º Ano,Reprovação na 7ª série/8º Ano,Reprovação na 8ª série/9º Ano,Reprovação 1ª a 4ª  Série/1º a 5º Ano,Reprovação 5ª a 8ª Série/ 6º ao 9º Ano,Total Reprovação Fundamental,Reprovação na 1ª série - Médio,Reprovação na 2ª série - Médio,Reprovação na 3ª série - Médio,Reprovação na 4ª série - Médio,Total  Reprovação Médio Não Seriado,Total  Reprovação Médio,Abandono no 1º Ano do Ensino Fundamental,Abandono na 1ª série/2º Ano,Abandono na 2ª série/3º Ano,Abandono na 3ª série/4º Ano,Abandono na 4ª série/5º Ano,Abandono na 5ª série/6º Ano,Abandono na 6ª série/7º Ano,Abandono na 7ª série/8º Ano,Abandono na 8ª série/9º Ano,Abandono 1ª a 4ª  Série/1º a 5º Ano,Abandono 5ª a 8ª Série/ 6º ao 9º Ano,Total Abandono Fundamental,Abandono na 1ª série - Médio,Abandono na 2ª série - Médio,Abandono na 3ª série - Médio,Abandono na 4ª série - Médio,Total  Abandono Médio Não Seriado,Total Abandono - Médio
Ano,UF,Localização,Rede,Aprovação no 1º Ano do Ensino Fundamental,Aprovação na 1ª série/2º Ano,Aprovação na 2ª série/3º Ano,Aprovação na 3ª série/4º Ano,Aprovaçãona 4ª série/5º Ano,Aprovação na 5ª série/6º Ano,Aprovação na 6ª série/7º Ano,Aprovação na 7ª série/8º Ano,Aprovação na 8ª série/9º Ano,Aprovação 1ª a 4ª  Série/1º a 5º Ano,Aprovação 5ª a 8ª Série/ 6º ao 9º Ano,Total Aprovação Fundamental,Aprovação na 1ª série - Médio,Aprovação na 2ª série - Médio,Aprovação na 3ª série - Médio,Aprovação na 4ª série - Médio,Total  Aprovação Médio Não Seriado,Total  Aprovação Médio,Reprovação no 1º Ano do Ensino Fundamental,Reprovação na 1ª série/2º Ano,Reprovação na 2ª série/3º Ano,Reprovação na 3ª série/4º Ano,Reprovação na 4ª série/5º Ano,Reprovação na 5ª série/6º Ano,Reprovação na 6ª série/7º Ano,Reprovação na 7ª série/8º Ano,Reprovação na 8ª série/9º Ano,Reprovação 1ª a 4ª  Série/1º a 5º Ano,Reprovação 5ª a 8ª Série/ 6º ao 9º Ano,Total Reprovação Fundamental,Reprovação na 1ª série - Médio,Reprovação na 2ª série - Médio,Reprovação na 3ª série - Médio,Reprovação na 4ª série - Médio,Total  Reprovação Médio Não Seriado,Total  Reprovação Médio,Abandono no 1º Ano do Ensino Fundamental,Abandono na 1ª série/2º Ano,Abandono na 2ª série/3º Ano,Abandono na 3ª série/4º Ano,Abandono na 4ª série/5º Ano,Abandono na 5ª série/6º Ano,Abandono na 6ª série/7º Ano,Abandono na 7ª série/8º Ano,Abandono na 8ª série/9º Ano,Abandono 1ª a 4ª  Série/1º a 5º Ano,Abandono 5ª a 8ª Série/ 6º ao 9º Ano,Total Abandono Fundamental,Abandono na 1ª série - Médio,Abandono na 2ª série - Médio,Abandono na 3ª série - Médio,Abandono na 4ª série - Médio,Total  Abandono Médio Não Seriado,Total Abandono - Médio
2009,RO,Rural,Estadual,95.4,71,76.2,80.9,84.4,71.9,76.8,83.8,86.6,80.2,78.7,79.5,70,80.9,85.4,--,--,77,1.9,20.7,17.2,13.9,10.9,19.7,15,10.1,6,14,13.7,13.9,13.7,7.5,7.5,--,--,10.3,2.7,8.3,6.6,5.2,4.7,8.4,8.2,6.1,7.4,5.8,7.6,6.6,16.3,11.6,7.1,--,--,12.7
2009,RO,Rural,Federal,--,--,--,--,--,--,--,--,--,--,--,--,97.8,97.6,98.9,--,--,98.1,--,--,--,--,--,--,--,--,--,--,--,--,1.4,1.2,1.1,--,--,1.3,--,--,--,--,--,--,--,--,--,--,--,--,0.8,1.2,0,--,--,0.6
2009,RO,Rural,Municipal,97.9,75.5,81.5,84.6,88.2,72.9,78.6,83,89.4,84.7,80,82.8,77.4,--,--,--,80.3,79.1,0.5,21.6,16.2,13.3,9.4,20.3,14.8,10.6,5.2,12.9,13.6,13.2,0,--,--,--,0,0,1.6,2.9,2.3,2.1,2.4,6.8,6.6,6.4,5.4,2.4,6.4,4,22.6,--,--,--,19.7,20.9
2009,RO,Rural,Particular,100,100,100,100,100,97.3,97.7,96.3,98.9,100,97.6,97.8,97.9,98.7,99.3,95.7,--,98.1,0,0,0,0,0,0,2.3,2.5,0,0,1.2,1.1,1.7,0.6,0,2.2,--,1.1,0,0,0,0,0,2.7,0,1.2,1.1,0,1.2,1.1,0.4,0.7,0.7,2.1,--,0.8
2009,RO,Rural,Publico,97.7,75,80.9,84.2,87.9,72.8,78.4,83.1,89,84.3,79.9,82.4,74.1,82.9,87.7,--,80.3,79.9,0.6,21.5,16.3,13.4,9.5,20.2,14.9,10.5,5.3,13,13.6,13.3,11.4,6.7,6.5,--,0,8.5,1.7,3.5,2.8,2.4,2.6,7,6.7,6.4,5.7,2.7,6.5,4.3,14.5,10.4,5.8,--,19.7,11.6
2009,RO,Rural,Total,97.7,75.1,80.9,84.2,87.9,72.9,78.5,83.2,89.2,84.3,80,82.5,78.5,85.7,90.2,95.7,80.3,83.7,0.6,21.5,16.3,13.4,9.5,20.2,14.8,10.4,5.2,13,13.5,13.2,9.6,5.6,5.1,2.2,0,7,1.7,3.4,2.8,2.4,2.6,6.9,6.7,6.4,5.6,2.7,6.5,4.3,11.9,8.7,4.7,2.1,19.7,9.3
2009,RO,Total,Estadual,96.7,82.4,83.6,86.8,89.6,68.8,72.3,75.8,78.9,87.4,73.5,78.9,67.2,76.6,82.7,100,85.5,74.4,1.5,15.3,14.6,11.5,8.6,25.9,22.4,18.7,14.8,10.8,21,17,17.7,11.4,8.4,0,2.9,13,1.8,2.3,1.8,1.7,1.8,5.3,5.3,5.5,6.3,1.8,5.5,4.1,15.1,12,8.9,0,11.6,12.6
2009,RO,Total,Federal,--,--,--,--,--,--,--,--,--,--,--,--,85.9,97.6,98.9,--,--,90.5,--,--,--,--,--,--,--,--,--,--,--,--,12.7,1.2,1.1,--,--,8.4,--,--,--,--,--,--,--,--,--,--,--,--,1.4,1.2,0,--,--,1.1
2009,RO,Total,Municipal,97.9,77.3,83.4,85.4,88.5,71.6,77.1,81.9,86.7,86,78.3,83.6,77.4,--,--,--,80.3,79.1,0.5,20.4,14.9,13,9.5,22.5,16.8,12.4,8.2,12.1,15.9,13.3,0,--,--,--,0,0,1.6,2.3,1.7,1.6,2,5.9,6.1,5.7,5.1,1.9,5.8,3.1,22.6,--,--,--,19.7,20.9
2009,RO,Total,Particular,98,96.7,97.5,98.5,98.1,94.7,93.5,95.2,93.9,97.8,94.3,96.2,91.4,94.7,97.5,95.7,--,94.3,1,2.9,2.1,1.3,1.8,5,6.4,4.3,5.7,1.8,5.4,3.4,7.9,4.8,2.4,2.2,--,5.2,1,0.4,0.4,0.2,0.1,0.3,0.1,0.5,0.4,0.4,0.3,0.4,0.7,0.5,0.1,2.1,--,0.5
2009,RO,Total,Publico,97.6,79,83.5,86,89,69.8,73.8,77.8,81.3,86.5,75,81.2,67.5,76.7,82.8,100,85.4,74.5,0.8,18.7,14.8,12.4,9.1,24.8,20.6,16.7,12.7,11.6,19.4,15.2,17.6,11.4,8.3,0,2.8,13,1.6,2.3,1.7,1.6,1.9,5.4,5.6,5.5,6,1.9,5.6,3.6,14.9,11.9,8.9,0,11.8,12.5
2009,RO,Total,Total,97.6,80,84.3,86.8,89.5,70.9,74.9,78.8,82.2,87.2,76.1,82.1,69.1,78.3,84.3,95.7,85.4,76.1,0.8,17.8,14,11.6,8.7,23.9,19.9,15.9,12.3,11,18.6,14.5,16.9,10.8,7.7,2.1,2.8,12.3,1.6,2.2,1.7,1.6,1.8,5.2,5.2,5.3,5.5,1.8,5.3,3.4,14,10.9,8,2.2,11.8,11.6
2009,RO,Urbana,Estadual,96.8,83.6,84.3,87.3,89.9,68.7,72.1,75.5,78.6,88,73.2,78.8,67.1,76.5,82.6,100,85.5,74.3,1.5,14.7,14.3,11.3,8.5,26.2,22.7,19.1,15.1,10.5,21.3,17.2,17.9,11.6,8.4,0,2.9,13.1,1.7,1.7,1.4,1.4,1.6,5.1,5.2,5.4,6.3,1.5,5.5,4,15,11.9,9,0,11.6,12.6
2009,RO,Urbana,Federal,--,--,--,--,--,--,--,--,--,--,--,--,74.3,--,--,--,--,74.3,--,--,--,--,--,--,--,--,--,--,--,--,23.6,--,--,--,--,23.6,--,--,--,--,--,--,--,--,--,--,--,--,2.1,--,--,--,--,2.1
2009,RO,Urbana,Municipal,98,78.6,84.7,86,88.8,69.4,74.1,79.4,82,86.9,75.1,84.4,--,--,--,--,--,--,0.5,19.5,14,12.7,9.5,25.9,20.8,16.4,13.5,11.5,20.2,13.4,--,--,--,--,--,--,1.5,1.9,1.3,1.3,1.7,4.7,5.1,4.2,4.5,1.6,4.7,2.2,--,--,--,--,--,--
2009,RO,Urbana,Particular,98,96.7,97.5,98.5,98.1,94.7,93.4,95.2,93.6,97.8,94.2,96.2,90.3,94.2,97.3,--,--,93.7,1,2.9,2.1,1.3,1.8,5.1,6.5,4.4,6,1.8,5.5,3.4,8.9,5.3,2.7,--,--,5.9,1,0.4,0.4,0.2,0.1,0.2,0.1,0.4,0.4,0.4,0.3,0.4,0.8,0.5,0,--,--,0.4
2009,RO,Urbana,Publico,97.5,80.7,84.5,86.7,89.4,68.8,72.4,76,79.1,87.4,73.5,80.7,67.2,76.5,82.6,100,85.5,74.3,0.9,17.5,14.2,12,8.9,26.2,22.5,18.7,14.9,11,21.1,15.9,17.9,11.6,8.4,0,2.9,13.2,1.6,1.8,1.3,1.3,1.7,5,5.1,5.3,6,1.6,5.4,3.4,14.9,11.9,9,0,11.6,12.5
2009,RO,Urbana,Total,97.6,82,85.6,87.7,90.1,70.3,73.8,77.5,80.3,88.3,75,81.9,68.6,77.9,84,100,85.5,75.7,0.9,16.3,13.2,11,8.4,25,21.4,17.6,14.2,10.3,20.1,14.9,17.3,11.1,7.9,0,2.9,12.6,1.5,1.7,1.2,1.3,1.5,4.7,4.8,4.9,5.5,1.4,4.9,3.2,14.1,11,8.1,0,11.6,11.7
2009,AC,Rural,Estadual,79,65.5,73.7,80.7,85.1,81.3,87.5,90.6,88.8,76.1,86.4,80,85.3,90.4,96,--,82.8,87.9,12.5,24.5,16.9,11.9,7.6,8.2,5.6,4.2,4.2,15.3,5.9,11.7,4.3,3.9,0.5,--,0,3.4,8.5,10,9.4,7.4,7.3,10.5,6.9,5.2,7,8.6,7.7,8.3,10.4,5.7,3.5,--,17.2,8.7
2009,AC,Rural,Municipal,76.1,55.3,73.6,81.3,85.3,79.1,86.9,90,87.4,71.3,85.1,73.7,--,--,--,--,--,--,10.6,32.3,18.3,11.5,6.7,10.5,5.9,3.7,6.1,18.8,7,16.8,--,--,--,--,--,--,13.3,12.4,8.1,7.2,8,10.4,7.2,6.3,6.5,9.9,7.9,9.5,--,--,--,--,--,--
2009,AC,Rural,Publico,77.5,58.5,73.6,81.1,85.2,80.5,87.3,90.4,88.3,73.1,85.9,76.5,85.3,90.4,96,--,82.8,87.9,11.5,29.8,17.8,11.6,7,9,5.7,4,4.8,17.5,6.3,14.5,4.3,3.9,0.5,--,0,3.4,11,11.7,8.6,7.3,7.8,10.5,7,5.6,6.9,9.4,7.8,9,10.4,5.7,3.5,--,17.2,8.7
2009,AC,Rural,Total,77.5,58.5,73.6,81.1,85.2,80.5,87.3,90.4,88.3,73.1,85.9,76.5,85.3,90.4,96,--,82.8,87.9,11.5,29.8,17.8,11.6,7,9,5.7,4,4.8,17.5,6.3,14.5,4.3,3.9,0.5,--,0,3.4,11,11.7,8.6,7.3,7.8,10.5,7,5.6,6.9,9.4,7.8,9,10.4,5.7,3.5,--,17.2,8.7
2009,AC,Total,Estadual,93.1,78.5,85.5,90.4,92.9,87.1,89.9,90.7,88.1,87.8,88.8,88.3,74,80.7,82.1,87.5,85.5,78.2,3.7,16.4,10.5,6.7,4.3,7.7,6,5.3,5.5,8.6,6.2,7.4,10.6,7.7,5.2,10,3.9,8.2,3.2,5.1,4,2.9,2.8,5.2,4.1,4,6.4,3.6,5,4.3,15.4,11.6,12.7,2.5,10.6,13.6
2009,AC,Total,Federal,78.3,85.2,95.8,76.9,100,72,94.5,94.7,88.5,87.7,87.9,87.8,82.6,89.8,100,--,--,90.1,21.7,14.8,4.2,23.1,0,28,5.5,5.3,11.5,12.3,12.1,12.2,17.4,10.2,0,--,--,9.9,0,0,0,0,0,0,0,0,0,0,0,0,0,0,0,--,--,0
2009,AC,Total,Municipal,89.9,65.8,79.6,86.4,89.6,79,84.5,88.3,89.9,80.5,84.6,81.2,--,--,--,--,--,--,4.1,25.4,15.3,9.3,5.9,13.3,9,6.5,5.4,13.5,9.2,12.8,--,--,--,--,--,--,6,8.8,5.1,4.3,4.5,7.7,6.5,5.2,4.7,6,6.2,6,--,--,--,--,--,--
2009,AC,Total,Particular,99.2,98.3,98.8,99.4,98.8,95.6,97.6,96.3,95.6,98.9,96.3,97.7,91.2,93.4,96,--,--,93.5,0.5,1.6,1.1,0.6,1.1,4,2.4,3.2,4.3,1,3.4,2.1,8,5.5,3.7,--,--,5.8,0.3,0.1,0.1,0,0.1,0.4,0,0.5,0.1,0.1,0.3,0.2,0.8,1.1,0.3,--,--,0.7
2009,AC,Total,Publico,91.6,71.5,82.5,88.4,91.3,85.6,88.9,90.3,88.4,84.1,88,85.6,74,80.7,82.1,87.5,85.5,78.3,3.9,21.4,13,8,5.1,8.8,6.6,5.5,5.5,11.1,6.8,9.5,10.6,7.7,5.2,10,3.9,8.2,4.5,7.1,4.5,3.6,3.6,5.6,4.5,4.2,6.1,4.8,5.2,4.9,15.4,11.6,12.7,2.5,10.6,13.5
2009,AC,Total,Total,91.9,72.3,83.1,88.9,91.6,86,89.3,90.7,88.7,84.7,88.4,86.1,74.9,81.6,83.1,87.5,85.5,79.2,3.8,20.8,12.5,7.7,4.9,8.5,6.3,5.4,5.4,10.7,6.6,9.2,10.4,7.6,5.1,10,3.9,8,4.3,6.9,4.4,3.4,3.5,5.5,4.4,3.9,5.9,4.6,5,4.7,14.7,10.8,11.8,2.5,10.6,12.8
2009,AC,Urbana,Estadual,98.5,85.2,91.2,94.6,95.8,88.6,90.5,90.7,88,92.9,89.3,91,72.4,79.4,81.4,87.5,89,77.1,0.3,12.3,7.5,4.4,3.1,7.5,6.1,5.6,5.7,5.6,6.3,6,11.4,8.2,5.4,10,8.8,8.7,1.2,2.5,1.3,1,1.1,3.9,3.4,3.7,6.3,1.5,4.4,3,16.2,12.4,13.2,2.5,2.2,14.2
2009,AC,Urbana,Federal,78.3,85.2,95.8,76.9,100,72,94.5,94.7,88.5,87.7,87.9,87.8,82.6,89.8,100,--,--,90.1,21.7,14.8,4.2,23.1,0,28,5.5,5.3,11.5,12.3,12.1,12.2,17.4,10.2,0,--,--,9.9,0,0,0,0,0,0,0,0,0,0,0,0,0,0,0,--,--,0
2009,AC,Urbana,Municipal,98.4,81.6,86.2,91,93,78.8,81.3,86.8,92.3,89.7,84.1,88.8,--,--,--,--,--,--,0.1,14.9,11.9,7.3,5.3,16.3,13.3,8.9,4.7,8.2,11.5,8.8,--,--,--,--,--,--,1.5,3.5,1.9,1.7,1.7,4.9,5.4,4.3,3,2.1,4.4,2.4,--,--,--,--,--,--
2009,AC,Urbana,Particular,99.2,98.3,98.8,99.4,98.8,95.6,97.6,96.3,95.6,98.9,96.3,97.7,91.2,93.4,96,--,--,93.5,0.5,1.6,1.1,0.6,1.1,4,2.4,3.2,4.3,1,3.4,2.1,8,5.5,3.7,--,--,5.8,0.3,0.1,0.1,0,0.1,0.4,0,0.5,0.1,0.1,0.3,0.2,0.8,1.1,0.3,--,--,0.7
2009,AC,Urbana,Publico,98.4,83.7,89.1,93.1,94.7,87.3,89.5,90.3,88.4,91.5,88.7,90.3,72.4,79.4,81.5,87.5,89,77.2,0.3,13.4,9.4,5.7,4,8.7,6.9,6,5.6,6.8,6.9,6.8,11.5,8.2,5.4,10,8.8,8.8,1.3,2.9,1.5,1.2,1.3,4,3.6,3.7,6,1.7,4.4,2.9,16.1,12.4,13.1,2.5,2.2,14
2009,AC,Urbana,Total,98.4,84.5,89.7,93.5,94.9,87.8,90,90.8,88.8,92,89.2,90.8,73.5,80.6,82.5,87.5,89,78.3,0.3,12.8,8.9,5.4,3.8,8.4,6.6,5.8,5.6,6.4,6.7,6.5,11.3,8,5.3,10,8.8,8.6,1.3,2.7,1.4,1.1,1.3,3.8,3.4,3.4,5.6,1.6,4.1,2.7,15.2,11.4,12.2,2.5,2.2,13.1
2009,AM,Rural,Estadual,92.1,90.7,77.6,89.8,83.9,84.6,84.3,85.1,87.2,85.7,85.2,85.4,74.3,87.4,87.3,--,--,82.5,4.3,6.2,18.4,6.1,11,7.2,7,5.5,4.6,10.1,6.2,7.6,2,1.7,6.6,--,--,3.5,3.6,3.1,4,4.1,5.1,8.2,8.7,9.4,8.2,4.2,8.6,7,23.7,10.9,6.1,--,--,14
2009,AM,Rural,Municipal,81.6,66.8,68.8,73.1,74.9,69,77.2,80.1,84.7,71.8,76.1,72.9,70.6,--,0,--,--,66.7,9.7,23.8,23.1,18.4,15.7,13.3,7.5,5.2,3.2,19.4,8.4,16.5,0,--,100,--,--,5.6,8.7,9.4,8.1,8.5,9.4,17.7,15.3,14.7,12.1,8.8,15.5,10.6,29.4,--,0,--,--,27.7
2009,AM,Rural,Particular,91.7,97.5,87.5,82.8,93.1,85.7,83,93.6,74.5,90.8,83.8,87.4,87.5,88.9,97.6,--,--,90.5,0,2.5,10.7,17.2,6.9,12.2,17,4.3,25.5,7.7,15.2,11.4,12.5,11.1,2.4,--,--,9.5,8.3,0,1.8,0,0,2.1,0,2.1,0,1.5,1,1.2,0,0,0,--,--,0
2009,AM,Rural,Publico,82,67.3,69.1,73.8,75.4,71,78.2,81,85.2,72.3,77.5,73.8,74.3,87.4,87.3,--,--,82.5,9.5,23.4,23,17.9,15.5,12.5,7.4,5.3,3.4,19.1,8,15.8,2,1.7,6.6,--,--,3.5,8.5,9.3,7.9,8.3,9.1,16.5,14.4,13.7,11.4,8.6,14.5,10.4,23.7,10.9,6.1,--,--,14
2009,AM,Rural,Total,82,67.4,69.1,73.8,75.4,71.1,78.3,81,85.1,72.3,77.5,73.8,74.4,87.5,87.4,--,--,82.6,9.5,23.4,23,17.9,15.4,12.5,7.4,5.3,3.6,19.1,8.1,15.8,2.1,1.8,6.6,--,--,3.5,8.5,9.2,7.9,8.3,9.2,16.4,14.3,13.7,11.3,8.6,14.4,10.4,23.5,10.7,6,--,--,13.9
2009,AM,Total,Estadual,93.8,91.2,77.4,94.4,87.2,72.2,77,78.2,80.1,87.8,76.7,80.9,70.2,77.7,83.9,100,--,76.5,2,3.6,18.1,2.6,9.4,17.3,13.9,12.2,9.2,8.3,13.4,11.4,11.8,8.6,6.4,0,--,9.2,4.2,5.2,4.5,3,3.4,10.5,9.1,9.6,10.7,3.9,9.9,7.7,18,13.7,9.7,0,--,14.3
2009,AM,Total,Federal,--,--,--,--,--,90.6,85.6,88.8,93.6,--,89.7,89.7,81.3,85.1,93,--,--,85.4,--,--,--,--,--,9.4,14.4,10.7,5.6,--,9.9,9.9,15.2,13.3,6.6,--,--,12.5,--,--,--,--,--,0,0,0.5,0.8,--,0.4,0.4,3.5,1.6,0.4,--,--,2.1
2009,AM,Total,Municipal,88.3,70.2,69.8,77.4,77.4,66.2,73,76.8,79,75.6,72.4,74.7,68.4,100,0,--,--,60.9,5.2,22.4,24.4,16.9,16.4,17.9,12.7,8.3,7,18.1,12.7,16.6,0,0,66.7,--,--,8.7,6.5,7.4,5.8,5.7,6.2,15.9,14.3,14.9,14,6.3,14.9,8.7,31.6,0,33.3,--,--,30.4
2009,AM,Total,Particular,95.2,96.3,97.2,97.1,97.8,94.3,94,94.8,93.9,96.7,94.3,95.8,87.8,93.5,96.3,--,--,92,3.4,2.8,2.4,2.4,2.1,5.3,5.6,4.7,5.8,2.6,5.3,3.7,11.3,5.8,3.3,--,--,7.3,1.4,0.9,0.4,0.5,0.1,0.4,0.4,0.5,0.3,0.7,0.4,0.5,0.9,0.7,0.4,--,--,0.7
2009,AM,Total,Publico,89.4,74.6,71.8,82.4,80.8,69.5,75.4,77.8,79.8,78.8,75,77.2,70.4,77.9,84,100,--,76.6,4.5,18.5,22.7,12.7,14,17.5,13.4,10.8,8.5,15.5,13.1,14.5,11.8,8.7,6.4,0,--,9.3,6.1,6.9,5.5,4.9,5.2,13,11.2,11.4,11.7,5.7,11.9,8.3,17.8,13.4,9.6,0,--,14.1
2009,AM,Total,Total,90,76,73.3,83.5,81.9,70.9,76.6,78.9,80.7,80.1,76.2,78.5,71.3,78.7,84.7,100,--,77.4,4.4,17.5,21.5,11.9,13.2,16.9,12.9,10.4,8.3,14.6,12.6,13.8,11.8,8.5,6.2,0,--,9.2,5.6,6.5,5.2,4.6,4.9,12.2,10.5,10.7,11,5.3,11.2,7.7,16.9,12.8,9.1,0,--,13.4
2009,AM,Urbana,Estadual,93.8,91.2,77.4,94.6,87.4,71.5,76.7,77.9,79.8,87.8,76.2,80.7,69.7,76.6,83.4,100,--,75.7,1.9,3.5,18,2.4,9.3,17.8,14.2,12.5,9.4,8.2,13.7,11.6,12.9,9.4,6.3,0,--,10,4.3,5.3,4.6,3,3.3,10.7,9.1,9.6,10.8,4,10.1,7.7,17.4,14,10.3,0,--,14.3
2009,AM,Urbana,Federal,--,--,--,--,--,90.6,85.6,88.8,93.6,--,89.7,89.7,81.3,85.1,93,--,--,85.4,--,--,--,--,--,9.4,14.4,10.7,5.6,--,9.9,9.9,15.2,13.3,6.6,--,--,12.5,--,--,--,--,--,0,0,0.5,0.8,--,0.4,0.4,3.5,1.6,0.4,--,--,2.1
2009,AM,Urbana,Municipal,91.5,73.2,70.5,80.8,79.1,64.4,70.3,74.7,75.6,78.3,70,75.9,50,100,0,--,--,40,3,21.3,25.2,15.7,16.8,20.9,16.1,10.4,9.3,17.1,15.4,16.7,0,0,50,--,--,20,5.5,5.5,4.3,3.5,4.1,14.7,13.6,14.9,15.1,4.6,14.6,7.4,50,0,50,--,--,40
2009,AM,Urbana,Particular,95.2,96.3,97.3,97.2,97.8,94.4,94.1,94.9,94.2,96.7,94.4,95.8,87.8,93.5,96.3,--,--,92,3.5,2.8,2.3,2.3,2,5.2,5.5,4.7,5.5,2.6,5.2,3.6,11.3,5.7,3.3,--,--,7.2,1.3,0.9,0.4,0.5,0.2,0.4,0.4,0.4,0.3,0.7,0.4,0.6,0.9,0.8,0.4,--,--,0.8
2009,AM,Urbana,Publico,92.1,79,73.1,86.6,82.9,69.1,74.8,77.1,78.8,81.8,74.4,78.4,70,76.8,83.5,100,--,75.9,2.7,15.6,22.6,10.1,13.4,18.9,14.8,11.9,9.4,13.8,14.2,14,12.9,9.5,6.3,0,--,10,5.2,5.4,4.3,3.3,3.7,12,10.4,11,11.8,4.4,11.4,7.6,17.1,13.7,10.2,0,--,14.1
2009,AM,Urbana,Total,92.5,80.7,75,87.7,84.2,70.8,76.2,78.4,79.9,83.3,75.9,80,71,77.8,84.3,100,--,76.9,2.8,14.3,20.9,9.3,12.4,17.9,14.1,11.4,9.1,12.7,13.6,13.1,12.8,9.2,6.1,0,--,9.8,4.7,5,4.1,3,3.4,11.3,9.7,10.2,11,4,10.5,6.9,16.2,13,9.6,0,--,13.3
2009,RR,Rural,Estadual,97.6,75.2,84.4,84.2,87,78.9,82.1,84.7,88.7,83,82.8,82.9,77,86.1,90.9,--,--,84.1,0,19.8,11.9,12,8.1,15,10.2,7.3,3.3,12.7,9.9,11.4,7.1,4,4,--,--,5.2,2.4,5,3.7,3.8,4.9,6.1,7.7,8,8,4.3,7.3,5.7,15.9,9.9,5.1,--,--,10.7
2009,RR,Rural,Federal,--,--,--,--,--,--,--,--,--,--,--,--,32.2,--,--,--,93,79.1,--,--,--,--,--,--,--,--,--,--,--,--,45.8,--,--,--,5,14.3,--,--,--,--,--,--,--,--,--,--,--,--,22,--,--,--,2,6.6
2009,RR,Rural,Municipal,96.4,80.8,86.2,90.6,91,70,82.4,82.8,92.4,88.2,80.1,86.7,100,100,100,--,--,100,0,14.6,10.7,8.1,6.3,21.8,8.6,6.8,1.7,8.8,11.4,9.2,0,0,0,--,--,0,3.6,4.6,3.1,1.3,2.7,8.2,9,10.4,5.9,3,8.5,4.1,0,0,0,--,--,0
2009,RR,Rural,Particular,--,--,--,--,--,--,--,--,--,--,--,--,25,66.7,54.5,70,--,58.8,--,--,--,--,--,--,--,--,--,--,--,--,0,0,0,0,--,0,--,--,--,--,--,--,--,--,--,--,--,--,75,33.3,45.5,30,--,41.2
2009,RR,Rural,Publico,96.6,77.3,85,86.4,88.2,77.6,82.1,84.5,89.2,84.9,82.4,84,74.8,86.2,90.9,--,93,83.7,0,17.8,11.5,10.7,7.5,16,10,7.2,3.1,11.2,10.1,10.8,9.3,3.9,4,--,5,6,3.4,4.9,3.5,2.9,4.3,6.4,7.9,8.3,7.7,3.9,7.5,5.2,15.9,9.9,5.1,--,2,10.3
2009,RR,Rural,Total,96.6,77.3,85,86.4,88.2,77.6,82.1,84.5,89.2,84.9,82.4,84,74.6,86,90.4,70,93,83.4,0,17.8,11.5,10.7,7.5,16,10,7.2,3.1,11.2,10.1,10.8,9.2,3.9,4,0,5,5.9,3.4,4.9,3.5,2.9,4.3,6.4,7.9,8.3,7.7,3.9,7.5,5.2,16.2,10.1,5.6,30,2,10.7
2009,RR,Total,Estadual,99.1,81.8,88.3,89.4,91.1,80,82.3,85.1,86.2,88.8,83,85.4,73.2,83.1,87.1,--,93.8,80,0.2,14.7,9.7,8.7,6.4,15.9,13.4,10.2,8.9,8.9,12.6,11.1,15.7,9.3,6.7,--,6.2,11.3,0.7,3.5,2,1.9,2.5,4.1,4.3,4.7,4.9,2.3,4.4,3.5,11.1,7.6,6.2,--,0,8.7
2009,RR,Total,Federal,--,96,100,93.9,100,95.7,98,96,100,96.8,97.5,97.2,83.5,86.9,97.1,--,93,89.3,--,4,0,6.1,0,4.3,2,4,0,3.2,2.5,2.8,11.3,9.9,2.5,--,5,7.7,--,0,0,0,0,0,0,0,0,0,0,0,5.2,3.2,0.4,--,2,3
2009,RR,Total,Municipal,97.3,87.6,89.5,91.2,93.2,80.3,85,88.1,92.5,91.7,84.9,91.1,100,100,100,--,--,100,1.5,10.8,9.1,7.7,5.5,15.5,9.4,5.1,2.5,7,9.9,7.2,0,0,0,--,--,0,1.2,1.6,1.4,1.1,1.3,4.2,5.6,6.8,5,1.3,5.2,1.7,0,0,0,--,--,0
2009,RR,Total,Particular,100,99.4,99.1,100,99.6,98.7,96.7,97.1,97.5,99.6,97.6,98.6,92.4,95.5,97.1,70,--,94.7,0,0.4,0.9,0,0.4,1.3,3.3,2.7,2.5,0.4,2.4,1.4,7,3.3,1.6,0,--,4,0,0.2,0,0,0,0,0,0.2,0,0,0,0,0.6,1.2,1.3,30,--,1.3
2009,RR,Total,Publico,97.6,85.1,88.9,90.2,91.9,80.1,82.6,85.3,86.5,90.3,83.2,87.2,73.7,83.3,87.7,--,93,80.6,1.2,12.5,9.4,8.3,6.1,15.8,13.1,9.9,8.6,7.9,12.4,9.9,15.5,9.3,6.4,--,5.1,11.1,1.2,2.4,1.7,1.5,2,4.1,4.3,4.8,4.9,1.8,4.4,2.9,10.8,7.4,5.9,--,1.9,8.3
2009,RR,Total,Total,97.8,85.8,89.3,90.6,92.3,81,83.2,86,87.3,90.7,84,87.8,74.9,84.3,88.5,70,93,81.6,1.2,11.9,9,7.9,5.8,15.1,12.7,9.5,8.1,7.6,11.8,9.4,14.9,8.8,6,0,5.1,10.6,1,2.3,1.7,1.5,1.9,3.9,4.1,4.5,4.6,1.7,4.2,2.8,10.2,6.9,5.5,30,1.9,7.8
2009,RR,Urbana,Estadual,99.3,87.7,90.7,92,92.9,80.3,82.4,85.2,85.6,91.9,83,86.2,72.5,82.5,86.3,--,93.8,79.1,0.3,10.2,8.3,7,5.7,16.1,14.2,10.9,10.1,6.9,13.2,10.9,17.2,10.4,7.3,--,6.2,12.5,0.4,2.1,1,1,1.4,3.6,3.4,3.9,4.3,1.2,3.8,2.9,10.3,7.1,6.4,--,0,8.4
2009,RR,Urbana,Federal,--,96,100,93.9,100,95.7,98,96,100,96.8,97.5,97.2,95.6,86.9,97.1,--,--,93.2,--,4,0,6.1,0,4.3,2,4,0,3.2,2.5,2.8,3.2,9.9,2.5,--,--,5.2,--,0,0,0,0,0,0,0,0,0,0,0,1.2,3.2,0.4,--,--,1.6
2009,RR,Urbana,Municipal,97.4,89.4,90.4,91.4,93.8,88.6,87.5,94.2,92.5,92.6,89.7,92.4,--,--,--,--,--,--,1.8,9.7,8.7,7.6,5.3,10.5,10.2,3.1,3.7,6.6,8.3,6.7,--,--,--,--,--,--,0.8,0.9,0.9,1,0.9,0.9,2.3,2.7,3.8,0.8,2,0.9,--,--,--,--,--,--
2009,RR,Urbana,Particular,100,99.4,99.1,100,99.6,98.7,96.7,97.1,97.5,99.6,97.6,98.6,93,96.1,98.4,--,--,95.7,0,0.4,0.9,0,0.4,1.3,3.3,2.7,2.5,0.4,2.4,1.4,7,3.4,1.6,--,--,4.2,0,0.2,0,0,0,0,0,0.2,0,0,0,0,0,0.5,0,--,--,0.1
2009,RR,Urbana,Publico,97.8,88.9,90.6,91.7,93.3,80.8,82.7,85.5,85.9,92.3,83.4,88.2,73.5,82.7,86.9,--,93.8,79.9,1.4,9.9,8.4,7.3,5.5,15.8,14,10.6,9.9,6.7,13,9.6,16.6,10.4,7,--,6.2,12.2,0.8,1.2,1,1,1.2,3.4,3.3,3.9,4.2,1,3.6,2.2,9.9,6.9,6.1,--,0,7.9
2009,RR,Urbana,Total,98,89.6,91.2,92.2,93.7,81.9,83.5,86.4,86.9,92.8,84.4,88.9,75,84,88.1,--,93.8,81.2,1.3,9.2,8,6.9,5.2,14.9,13.4,10,9.2,6.3,12.2,9,15.9,9.7,6.5,--,6.2,11.5,0.7,1.2,0.8,0.9,1.1,3.2,3.1,3.6,3.9,0.9,3.4,2.1,9.1,6.3,5.4,--,0,7.3
2009,PA,Rural,Estadual,84.7,78.8,67.3,68.8,73.5,74.5,78.3,82.2,81.7,71.7,78.5,75.5,65.4,69.4,75.6,--,--,69.1,6.6,9.4,22.6,20.5,13.9,14.3,11.8,7.7,7.8,17.4,11,13.9,6.6,5.1,5.5,--,--,5.9,8.7,11.8,10.1,10.7,12.6,11.2,9.9,10.1,10.5,10.9,10.5,10.6,28,25.5,18.9,--,--,25
2009,PA,Rural,Municipal,83.2,59.8,70.1,74.1,79.3,75.2,82,84.4,86.8,70.5,80.7,73.1,87,100,--,100,--,88.5,8.9,30.2,22.2,18.3,12.6,12.1,7.6,5.1,4.3,21.1,8.3,17.8,0,0,--,0,--,0,7.9,10,7.7,7.6,8.1,12.7,10.4,10.5,8.9,8.4,11,9.1,13,0,--,0,--,11.5
2009,PA,Rural,Particular,84.2,80.2,80,71.7,75.4,88.5,90.2,91.2,92.6,77.9,90.7,82.4,94.3,98.6,100,--,--,97.4,15.8,11.1,14.7,24.1,22.1,6.3,3.3,3.5,6.3,16.6,4.8,12.5,5.1,0,0,--,--,2.1,0,8.7,5.3,4.2,2.5,5.2,6.5,5.3,1.1,5.5,4.5,5.1,0.6,1.4,0,--,--,0.5
2009,PA,Rural,Publico,83.3,60,70.1,73.8,79.1,75.1,81.6,84.2,86.2,70.5,80.5,73.2,65.5,69.4,75.6,100,--,69.2,8.8,30,22.2,18.4,12.6,12.3,8,5.4,4.8,20.9,8.5,17.6,6.6,5.1,5.5,0,--,5.9,7.9,10,7.7,7.8,8.3,12.6,10.4,10.4,9,8.6,11,9.2,27.9,25.5,18.9,0,--,24.9
2009,PA,Rural,Total,83.3,60,70.1,73.8,79.1,75.1,81.6,84.2,86.2,70.6,80.5,73.2,66.5,70.1,77.2,100,--,70.3,8.8,29.9,22.2,18.4,12.6,12.3,8,5.4,4.8,20.9,8.5,17.6,6.5,5,5.1,0,--,5.7,7.9,10.1,7.7,7.8,8.3,12.6,10.4,10.4,9,8.5,11,9.2,27,24.9,17.7,0,--,24
2009,PA,Total,Estadual,89.4,86.1,75,78,81.9,69.9,72.2,75.8,72.1,80.3,72.3,75.3,61.1,69.1,69.9,100,57.7,66,2.6,3.9,18.2,15.3,11.2,19.9,17.9,14.7,18.1,12.2,17.8,15.8,13,9.5,12,0,0.7,11.6,8,10,6.8,6.7,6.9,10.2,9.9,9.5,9.8,7.5,9.9,8.9,25.9,21.4,18.1,0,41.6,22.4
2009,PA,Total,Federal,93.5,98.5,97.2,100,98,94.2,90.1,94.6,89.3,98.2,91.9,94.2,76.8,86.3,89.5,95.9,--,84.5,6.5,1.5,2.1,0,2,5.8,9.5,5.4,10.1,1.6,7.8,5.6,15.7,9.1,7.5,4.1,--,10.7,0,0,0.7,0,0,0,0.4,0,0.6,0.2,0.3,0.2,7.5,4.6,3,0,--,4.8
2009,PA,Total,Municipal,88.6,67.8,73.8,78.6,83.1,74.6,79.7,83.7,85.4,76.4,79.7,77.4,55.2,68,63.6,100,--,61.3,5.2,24.2,20.6,15.7,11.1,15.2,11.2,7.8,6.9,17.3,11.2,15.4,35.3,13.3,14.5,0,--,23.8,6.2,8,5.6,5.7,5.8,10.2,9.1,8.5,7.7,6.3,9.1,7.2,9.5,18.7,21.9,0,--,14.9
2009,PA,Total,Particular,96.2,96,97.2,97.3,97.5,95.5,95.7,95.4,95,96.9,95.4,96.2,92.8,96.8,95.5,--,--,95,2.4,2.7,2.3,2.3,2.2,4,4,4.1,4.8,2.4,4.2,3.2,6.6,2.6,4.1,--,--,4.5,1.4,1.3,0.5,0.4,0.3,0.5,0.3,0.5,0.2,0.7,0.4,0.6,0.6,0.6,0.4,--,--,0.5
2009,PA,Total,Publico,88.6,69.3,74,78.6,83,73.2,77.2,80.9,80.2,76.9,77.2,77,61.2,69.3,70.1,96,57.7,66.2,4.9,22.6,20.2,15.7,11.1,16.6,13.4,10.3,11.3,16.7,13.5,15.5,13,9.5,12,4,0.7,11.6,6.5,8.1,5.8,5.7,5.9,10.2,9.4,8.8,8.5,6.4,9.3,7.5,25.8,21.2,17.9,0,41.6,22.2
2009,PA,Total,Total,89.3,70.4,75,79.4,83.7,74.3,78.3,82,81.4,77.8,78.3,78,63,71.1,72,96,57.7,68.1,4.7,21.8,19.5,15,10.7,16,12.9,9.8,10.8,16,12.9,14.8,12.6,9.1,11.4,4,0.7,11.2,6,7.8,5.5,5.6,5.6,9.7,8.8,8.2,7.8,6.2,8.8,7.2,24.4,19.8,16.6,0,41.6,20.7
2009,PA,Urbana,Estadual,90,86.6,75.8,79.7,82.8,69.5,71.6,75.3,71.4,81.4,71.8,75.2,61,69.1,69.8,100,57.7,66,2,3.5,17.7,14.3,10.9,20.4,18.5,15.2,18.9,11.6,18.4,15.9,13.2,9.7,12.2,0,0.7,11.8,8,9.9,6.5,6,6.3,10.1,9.9,9.5,9.7,7,9.8,8.9,25.8,21.2,18,0,41.6,22.2
2009,PA,Urbana,Federal,93.5,98.5,97.2,100,98,94.2,90.1,94.6,89.3,98.2,91.9,94.2,76.8,86.3,89.5,95.9,--,84.5,6.5,1.5,2.1,0,2,5.8,9.5,5.4,10.1,1.6,7.8,5.6,15.7,9.1,7.5,4.1,--,10.7,0,0,0.7,0,0,0,0.4,0,0.6,0.2,0.3,0.2,7.5,4.6,3,0,--,4.8
2009,PA,Urbana,Municipal,91.8,76.9,77.3,82.7,86.1,74.2,78.5,83.3,84.7,81.7,79.1,80.8,47.3,67.6,63.6,--,--,58.1,2.9,17.4,19,13.4,10,17.1,13.1,9.2,8.2,13.8,12.8,13.5,44.1,13.5,14.5,--,--,26.6,5.3,5.7,3.7,3.9,3.9,8.7,8.4,7.5,7.1,4.5,8.1,5.7,8.6,18.9,21.9,--,--,15.3
2009,PA,Urbana,Particular,96.2,96.4,97.6,97.7,97.8,95.6,95.7,95.4,95,97.2,95.5,96.4,92.8,96.8,95.4,--,--,94.9,2.3,2.5,2,2,2,4,4,4.1,4.7,2.1,4.2,3.1,6.6,2.6,4.2,--,--,4.6,1.5,1.1,0.4,0.3,0.2,0.4,0.3,0.5,0.3,0.7,0.3,0.5,0.6,0.6,0.4,--,--,0.5
2009,PA,Urbana,Publico,91.6,78.3,77,82.1,85.4,72.4,75.7,79.8,78.4,81.7,76,79.2,61.1,69.3,69.9,95.9,57.7,66.1,2.8,15.4,18.7,13.6,10.2,18.3,15.3,11.9,13.2,13.4,15.2,14.2,13.2,9.7,12.2,4.1,0.7,11.8,5.6,6.3,4.3,4.3,4.4,9.3,9,8.3,8.4,4.9,8.8,6.6,25.7,21,17.9,0,41.6,22.1
2009,PA,Urbana,Total,92.1,79.7,78.5,83.3,86.3,74,77.3,81.3,80.1,82.9,77.6,80.6,62.9,71.1,71.9,95.9,57.7,68,2.7,14.4,17.5,12.7,9.5,17.4,14.4,11.2,12.4,12.5,14.3,13.3,12.8,9.2,11.6,4.1,0.7,11.3,5.2,5.9,4,4,4.2,8.6,8.3,7.5,7.5,4.6,8.1,6.1,24.3,19.7,16.5,0,41.6,20.7
2009,AP,Rural,Estadual,--,62.1,71.8,75.7,83.6,81.6,85.2,82.2,85.6,72.8,83.4,76.9,66.1,74.8,80.3,--,--,71.8,--,33.8,26.1,22,13.5,11.2,7.2,8.1,4.5,24.3,8.2,18.1,10,7.4,3.6,--,--,7.8,--,4.1,2.1,2.3,2.9,7.2,7.6,9.7,9.9,2.9,8.4,5,23.9,17.8,16.1,--,--,20.4
2009,AP,Rural,Municipal,97.9,68.3,76.9,81.9,89.7,76.2,85,76.6,90.2,80.7,81.3,80.8,100,--,--,--,--,100,0.2,26.6,20.9,15.8,7.9,14,5.7,8.1,4.9,16.3,8.6,15.7,0,--,--,--,--,0,1.9,5.1,2.2,2.3,2.4,9.8,9.3,15.3,4.9,3,10.1,3.5,0,--,--,--,--,0
2009,AP,Rural,Particular,--,65,62.9,69.7,62.3,75.7,94.7,93.3,89.7,64.9,86.8,77.2,89,94,97.5,88.9,--,92.9,--,32.5,34.8,24.2,35.8,20.7,5.3,2.7,6.9,31.9,10.3,19.8,2.2,0,1.2,3.7,--,1.4,--,2.5,2.3,6.1,1.9,3.6,0,4,3.4,3.2,2.9,3,8.8,6,1.3,7.4,--,5.7
2009,AP,Rural,Publico,97.9,64.1,73.4,77.5,85.2,81.3,85.1,81.9,85.9,75.5,83.3,77.9,66.1,74.8,80.3,--,--,71.8,0.2,31.4,24.4,20.2,12,11.3,7.1,8.1,4.5,21.6,8.2,17.5,10,7.4,3.6,--,--,7.8,1.9,4.5,2.2,2.3,2.8,7.4,7.8,10,9.6,2.9,8.5,4.6,23.9,17.8,16.1,--,--,20.4
2009,AP,Rural,Total,97.9,64.1,73.2,77.4,84.8,81.1,85.5,82.3,86,75.3,83.4,77.9,67.4,76.3,82.1,88.9,--,73.6,0.2,31.5,24.6,20.2,12.4,11.7,7.1,7.8,4.6,21.8,8.3,17.5,9.6,6.8,3.3,3.7,--,7.3,1.9,4.4,2.2,2.4,2.8,7.2,7.4,9.9,9.4,2.9,8.3,4.6,23,16.9,14.6,7.4,--,19.1
2009,AP,Total,Estadual,--,69.4,79.1,82.4,87.6,79.4,83.5,85.4,86.7,79.6,83.3,81.5,62.6,72.9,74.8,--,--,68.7,--,26.2,19.3,15.4,10.3,15.1,11.3,9.7,7.3,17.8,11.3,14.4,15.2,10.5,10.6,--,--,12.6,--,4.4,1.6,2.2,2.1,5.5,5.2,4.9,6,2.6,5.4,4.1,22.2,16.6,14.6,--,--,18.7
2009,AP,Total,Municipal,98,80.7,79.1,83.4,86.8,78.8,81.2,85.5,88.4,85.3,82.5,85,100,--,--,--,--,100,0.4,16.3,18.9,15,11.3,14.9,13.1,9.8,5,12.6,11.7,12.5,0,--,--,--,--,0,1.6,3,2,1.6,1.9,6.3,5.7,4.7,6.6,2.1,5.8,2.5,0,--,--,--,--,0
2009,AP,Total,Particular,98.6,93.7,92.8,97.2,97.2,96,97.2,98.1,98.5,95.7,97.5,96.5,95,97.4,98,88.9,--,96.7,1,4.9,6.9,2.4,2.6,3.5,2.8,1.5,1.3,3.7,2.3,3.1,3.9,1.8,1.7,3.7,--,2.6,0.4,1.4,0.3,0.4,0.2,0.5,0,0.4,0.2,0.6,0.2,0.4,1.1,0.8,0.3,7.4,--,0.7
2009,AP,Total,Publico,98,73.8,79.1,82.8,87.3,79.3,83.3,85.4,86.8,82,83.2,82.5,62.6,72.9,74.8,--,--,68.7,0.4,22.4,19.1,15.3,10.6,15.1,11.4,9.7,7.1,15.6,11.3,13.9,15.2,10.5,10.6,--,--,12.6,1.6,3.8,1.8,1.9,2.1,5.6,5.3,4.9,6.1,2.4,5.5,3.6,22.2,16.6,14.6,--,--,18.7
2009,AP,Total,Total,98.1,75,79.8,83.6,87.9,80.3,84.1,86.4,87.8,82.9,84.2,83.4,64.4,74.7,76.8,88.9,--,70.6,0.4,21.3,18.5,14.5,10.1,14.4,10.9,9.1,6.6,14.8,10.7,13.2,14.5,9.9,9.8,3.7,--,11.9,1.5,3.7,1.7,1.9,2,5.3,5,4.5,5.6,2.3,5.1,3.4,21.1,15.4,13.4,7.4,--,17.5
2009,AP,Urbana,Estadual,--,72.4,82,84.8,88.9,78.9,83.2,86,86.8,82.1,83.3,82.7,62.2,72.7,74.2,--,--,68.4,--,23.1,16.5,13.1,9.2,15.9,12,10,7.8,15.4,11.9,13.4,15.7,10.8,11.2,--,--,13.1,--,4.5,1.5,2.1,1.9,5.2,4.8,4,5.4,2.5,4.8,3.9,22.1,16.5,14.6,--,--,18.5
2009,AP,Urbana,Municipal,98,84.3,79.6,83.7,86.2,79,80.8,86.6,88.3,86.3,82.6,85.8,--,--,--,--,--,--,0.4,13.3,18.5,14.8,11.9,15,14.1,10.1,5,11.8,12,11.9,--,--,--,--,--,--,1.6,2.4,1.9,1.5,1.9,6,5.1,3.3,6.7,1.9,5.4,2.3,--,--,--,--,--,--
2009,AP,Urbana,Particular,98.6,94.7,95.8,98.9,99,98.7,97.4,98.5,99,97.3,98.4,97.8,95.7,97.8,98.1,--,--,97.2,1,4,4.1,1,0.9,1.3,2.6,1.4,1,2.3,1.6,2,4.1,2,1.8,--,--,2.7,0.4,1.3,0.1,0.1,0.1,0,0,0.1,0,0.4,0,0.2,0.2,0.2,0.1,--,--,0.1
2009,AP,Urbana,Publico,98,77.2,81,84.3,87.9,79,82.9,86.1,87,84,83.2,83.7,62.2,72.7,74.2,--,--,68.4,0.4,19.1,17.4,13.8,10.2,15.8,12.2,10,7.5,13.8,11.9,13,15.7,10.8,11.2,--,--,13.1,1.6,3.7,1.6,1.9,1.9,5.2,4.9,3.9,5.5,2.2,4.9,3.3,22.1,16.5,14.6,--,--,18.5
2009,AP,Urbana,Total,98.1,78.7,81.9,85.4,88.7,80.1,83.9,87.2,88.1,85.1,84.3,84.7,64.1,74.6,76.3,--,--,70.3,0.5,17.9,16.5,12.8,9.6,14.9,11.5,9.3,6.9,12.9,11.1,12.1,15.1,10.2,10.4,--,--,12.4,1.4,3.4,1.6,1.8,1.7,5,4.6,3.5,5,2,4.6,3.2,20.8,15.2,13.3,--,--,17.3
2009,TO,Rural,Estadual,83.8,81.1,80.2,79.8,82.4,77.5,80.9,85.7,84.3,81.3,81.8,81.6,78.7,84.2,93.4,100,93.1,84.6,3.2,11.8,12.4,13.2,9.9,14.2,11.3,7.4,7.4,10.4,10.4,10.4,10.3,6.8,1.8,0,3.4,6.8,13,7.1,7.4,7,7.7,8.3,7.8,6.9,8.3,8.3,7.8,8,11,9,4.8,0,3.5,8.6
2009,TO,Rural,Federal,--,--,--,--,--,--,--,--,--,--,--,--,70.1,89.2,97.7,--,--,81.8,--,--,--,--,--,--,--,--,--,--,--,--,28.9,10.8,2.3,--,--,17.7,--,--,--,--,--,--,--,--,--,--,--,--,1,0,0,--,--,0.5
2009,TO,Rural,Municipal,95.1,76.9,81.5,85.1,87.3,76.5,83.3,86.3,87.6,84.6,82.7,84,58.6,95.5,75,--,--,74.6,1.7,19.9,15.9,12.2,9.6,17.3,10.2,7.8,6.4,12.5,11.2,12.1,6.9,4.5,0,--,--,4.5,3.2,3.2,2.6,2.7,3.1,6.2,6.5,5.9,6,2.9,6.1,3.9,34.5,0,25,--,--,20.9
2009,TO,Rural,Particular,--,94.9,93.7,94.9,95,97.5,96.2,94.9,94.8,94.6,95.7,95.2,97.7,98.8,100,--,--,98.8,--,5.1,6.3,5.1,5,2.5,3.8,5.1,5.2,5.4,4.3,4.8,2.3,1.2,0,--,--,1.2,--,0,0,0,0,0,0,0,0,0,0,0,0,0,0,--,--,0
2009,TO,Rural,Publico,93.1,77.5,81.3,84,86.3,76.8,82.5,86.1,86.5,84,82.4,83.4,76.9,85.3,93.5,100,93.1,83.9,2,18.6,15.3,12.4,9.7,16.4,10.5,7.7,6.8,12.1,10.9,11.7,13.1,7.4,1.8,0,3.4,8.3,4.9,3.9,3.4,3.6,4,6.8,7,6.2,6.7,3.9,6.7,4.9,10,7.3,4.7,0,3.5,7.8
2009,TO,Rural,Total,93.1,77.8,81.4,84.2,86.4,77.2,82.8,86.4,86.8,84.1,82.7,83.6,78.2,86.4,94.1,100,93.1,85,2,18.5,15.2,12.3,9.6,16.1,10.4,7.6,6.7,12,10.8,11.6,12.5,6.8,1.6,0,3.4,7.8,4.9,3.7,3.4,3.5,4,6.7,6.8,6,6.5,3.9,6.5,4.8,9.3,6.8,4.3,0,3.5,7.2
2009,TO,Total,Estadual,97.8,89.3,91.6,92.1,92.7,84.2,86.1,86.1,88.3,92.4,86.1,88.5,75.6,81,88.3,90.9,89.2,80.8,0.6,9.8,7.6,7,6.4,13.1,11.2,10.6,8.3,6.7,10.9,9.2,12.8,9.6,6.1,7.3,9.7,9.9,1.6,0.9,0.8,0.9,0.9,2.7,2.7,3.3,3.4,0.9,3,2.3,11.6,9.4,5.6,1.8,1.1,9.3
2009,TO,Total,Federal,--,--,--,--,--,--,--,--,--,--,--,--,66.6,87.7,90.9,98.3,--,79.5,--,--,--,--,--,--,--,--,--,--,--,--,26.5,9.1,5.5,0,--,15.6,--,--,--,--,--,--,--,--,--,--,--,--,6.9,3.2,3.6,1.7,--,4.9
2009,TO,Total,Municipal,98,84.1,87.4,89.7,91.6,82.5,86.3,88.4,90.5,89.9,86.2,88.9,58.6,95.5,75,100,--,75.4,0.7,14.4,11.3,9.1,7,13.6,9.9,7.9,5.4,8.7,9.9,9,6.9,4.5,0,0,--,4.3,1.3,1.5,1.3,1.2,1.4,3.9,3.8,3.7,4.1,1.4,3.9,2.1,34.5,0,25,0,--,20.3
2009,TO,Total,Particular,97.2,97.7,98.7,98.8,98.1,94.7,93.4,93.5,92,98.1,93.5,96.2,84.1,92.4,93.5,--,93.2,89.7,2,1.8,1.2,1.1,1.5,4.8,6.2,6,7.5,1.5,6.1,3.4,15.5,7.2,6.2,--,0,9.9,0.8,0.5,0.1,0.1,0.4,0.5,0.4,0.5,0.5,0.4,0.4,0.4,0.4,0.4,0.3,--,6.8,0.4
2009,TO,Total,Publico,97.9,85.9,89.1,90.7,92.1,83.7,86.1,86.7,88.8,90.9,86.1,88.7,75.4,81.1,88.3,96,89.2,80.8,0.7,12.8,9.8,8.2,6.7,13.2,10.8,9.9,7.6,7.9,10.6,9.2,13.1,9.6,6.1,2.3,9.7,10.1,1.4,1.3,1.1,1.1,1.2,3.1,3.1,3.4,3.6,1.2,3.3,2.1,11.5,9.3,5.6,1.7,1.1,9.1
2009,TO,Total,Total,97.9,86.6,89.7,91.2,92.4,84.2,86.5,87.1,89,91.3,86.5,89.1,75.8,81.7,88.6,96,90.2,81.2,0.8,12.1,9.3,7.8,6.4,12.8,10.6,9.7,7.6,7.5,10.4,8.8,13.2,9.5,6.1,2.3,7.4,10.1,1.3,1.3,1,1,1.2,3,2.9,3.2,3.4,1.2,3.1,2.1,11,8.8,5.3,1.7,2.4,8.7
2009,TO,Urbana,Estadual,99.5,90.1,92.7,93.4,93.7,84.7,86.4,86.2,88.5,93.5,86.4,89.1,75.5,80.9,88.1,83.9,88.5,80.7,0.3,9.6,7.1,6.3,6,13,11.1,10.8,8.4,6.3,10.9,9.2,12.9,9.7,6.3,12.9,10.9,10.1,0.2,0.3,0.2,0.3,0.3,2.3,2.5,3,3.1,0.2,2.7,1.7,11.6,9.4,5.6,3.2,0.6,9.2
2009,TO,Urbana,Federal,--,--,--,--,--,--,--,--,--,--,--,--,64.7,86.6,87.3,98.3,--,78.3,--,--,--,--,--,--,--,--,--,--,--,--,25.2,7.9,7.2,0,--,14.6,--,--,--,--,--,--,--,--,--,--,--,--,10.1,5.5,5.5,1.7,--,7.1
2009,TO,Urbana,Municipal,98.9,86.7,89.6,91.3,93.1,84.9,87.5,89.4,91.9,91.8,87.8,90.8,--,--,--,100,--,100,0.4,12.4,9.6,8,6,12.1,9.7,8,4.8,7.4,9.3,7.9,--,--,--,0,--,0,0.7,0.9,0.8,0.7,0.9,3,2.8,2.6,3.3,0.8,2.9,1.3,--,--,--,0,--,0
2009,TO,Urbana,Particular,97.2,97.8,98.9,99,98.2,94.6,93.3,93.5,91.8,98.2,93.3,96.3,83,91.8,92.8,--,93.2,88.8,2,1.6,0.9,0.9,1.3,4.9,6.3,6.1,7.7,1.4,6.2,3.3,16.6,7.7,6.8,--,0,10.6,0.8,0.6,0.2,0.1,0.5,0.5,0.4,0.4,0.5,0.4,0.5,0.4,0.4,0.5,0.4,--,6.8,0.6
2009,TO,Urbana,Publico,99.1,88.1,91.1,92.3,93.4,84.7,86.7,86.8,89.1,92.6,86.7,89.8,75.3,80.9,88.1,95.4,88.5,80.6,0.4,11.3,8.4,7.2,6,12.7,10.8,10.3,7.8,6.9,10.6,8.7,13.1,9.7,6.3,2.6,10.9,10.2,0.5,0.6,0.5,0.5,0.6,2.6,2.5,2.9,3.1,0.5,2.7,1.5,11.6,9.4,5.6,2,0.6,9.2
2009,TO,Urbana,Total,98.9,88.8,91.6,92.8,93.7,85.3,87,87.2,89.3,93,87,90.2,75.6,81.4,88.3,95.4,89.8,81,0.5,10.6,7.9,6.8,5.7,12.3,10.6,10,7.8,6.5,10.3,8.3,13.3,9.6,6.3,2.6,7.9,10.2,0.6,0.6,0.5,0.4,0.6,2.4,2.4,2.8,2.9,0.5,2.7,1.5,11.1,9,5.4,2,2.3,8.8
2009,MA,Rural,Estadual,81,76.2,78,78.8,79.5,76.7,83.7,84.7,89.9,77.9,83.1,80.2,75.9,81.3,87,92.1,78.4,80.6,15.9,15.3,14.6,12.3,9.2,12.8,10.2,8.3,4.4,13.4,9.4,11.7,6.2,4.4,2.4,1,6.9,4.6,3.1,8.5,7.4,8.9,11.3,10.5,6.1,7,5.7,8.7,7.5,8.1,17.9,14.3,10.6,6.9,14.7,14.8
2009,MA,Rural,Federal,--,100,100,100,100,90.9,90,83.3,80,100,86,93.5,88,91.5,89.3,--,--,89.5,--,0,0,0,0,9.1,10,16.7,20,0,14,6.5,5.4,7.8,9.3,--,--,7.2,--,0,0,0,0,0,0,0,0,0,0,0,6.6,0.7,1.4,--,--,3.3
2009,MA,Rural,Municipal,94,86.5,83.5,83.9,84.9,78,81.8,84.3,87.6,85.6,82,84.4,69.8,75.8,86.6,93.2,--,77.9,2.6,9.9,13.2,12.5,11,14.2,10.2,7.3,4.3,10.8,9.9,10.5,7.7,4.7,1.1,0.9,--,4.6,3.4,3.6,3.3,3.6,4.1,7.8,8,8.4,8.1,3.6,8.1,5.1,22.5,19.5,12.3,5.9,--,17.5
2009,MA,Rural,Particular,98.4,97,96.5,96.9,96.1,91.7,95.2,96.3,91.7,97,93.6,96.2,88.9,94.9,100,--,--,93.8,1.1,2.5,2.8,2.9,2,6.4,4.4,3.7,6.6,2.3,5.3,3,11.1,4.3,0,--,--,6,0.5,0.5,0.7,0.2,1.9,1.9,0.4,0,1.7,0.7,1.1,0.8,0,0.8,0,--,--,0.2
2009,MA,Rural,Publico,94,86,83.3,83.7,84.7,78,81.9,84.3,87.8,85.3,82.1,84.2,75.8,81.2,87,92.5,78.4,80.6,2.6,10.2,13.3,12.5,11,14.1,10.2,7.4,4.3,10.9,9.9,10.5,6.3,4.5,2.4,0.9,6.9,4.7,3.4,3.8,3.4,3.8,4.3,7.9,7.9,8.3,7.9,3.8,8,5.3,17.9,14.3,10.6,6.6,14.7,14.7
2009,MA,Rural,Total,94.1,86.1,83.4,83.8,84.8,78,82,84.4,87.8,85.5,82.2,84.3,76,81.4,87.2,92.5,78.4,80.7,2.6,10.1,13.2,12.4,10.9,14.1,10.2,7.3,4.3,10.8,9.9,10.5,6.4,4.5,2.4,0.9,6.9,4.7,3.3,3.8,3.4,3.8,4.3,7.9,7.8,8.3,7.9,3.7,7.9,5.2,17.6,14.1,10.4,6.6,14.7,14.6
2009,MA,Total,Estadual,95.8,87.6,83.4,86.6,88.5,82,84.6,86.3,88.5,86.6,85.4,85.7,70.8,77.8,85.8,91,71.8,77.1,2.5,7.4,13,10,8,13.7,11.5,9.8,7.2,9.6,10.6,10.3,11,7.7,4.2,0.9,6.2,8.1,1.7,5,3.6,3.4,3.5,4.3,3.9,3.9,4.3,3.8,4,4,18.2,14.5,10,8.1,22,14.8
2009,MA,Total,Federal,--,100,100,100,100,79.4,77.9,86,85.7,100,82.5,85.2,84.6,87.7,89.8,--,--,87,--,0,0,0,0,20.6,20.6,10.8,12.7,0,15.8,13.3,8.6,10.7,4.7,--,--,8.2,--,0,0,0,0,0,1.5,3.2,1.6,0,1.7,1.5,6.8,1.6,5.5,--,--,4.8
2009,MA,Total,Municipal,94.9,87.4,83.7,84.9,85.5,78,80.7,83.8,86.7,86.4,81.5,84.6,72.5,78.1,88.9,93,--,80.4,1.8,9,13.3,11.8,10.8,15.1,11.9,8.7,5.3,10.2,11.2,10.5,5.6,5.2,1.6,1.1,--,4,3.3,3.6,3,3.3,3.7,6.9,7.4,7.5,8,3.4,7.3,4.9,21.9,16.7,9.5,5.9,--,15.6
2009,MA,Total,Particular,98.2,97,97.4,97.2,97,95.4,94.7,95.5,94.7,97.3,95.1,96.5,91,93.7,95.7,93.5,88.4,93.3,1,1.9,2,2.1,2.5,4.1,4.9,4.1,4.7,1.9,4.5,2.9,7.5,4.7,2.4,0.3,0.6,4.8,0.8,1.1,0.6,0.7,0.5,0.5,0.4,0.4,0.6,0.8,0.4,0.6,1.5,1.6,1.9,6.2,11,1.9
2009,MA,Total,Publico,94.9,87.4,83.6,85,85.8,78.8,81.7,84.5,87.3,86.4,82.5,84.8,71,77.9,85.9,91.9,71.8,77.3,1.8,8.9,13.3,11.7,10.5,14.8,11.8,9,6,10.1,11,10.5,10.8,7.6,4.1,1,6.2,7.9,3.3,3.7,3.1,3.3,3.7,6.4,6.5,6.5,6.7,3.5,6.5,4.7,18.2,14.5,10,7.1,22,14.8
2009,MA,Total,Total,95.2,88.2,84.6,85.9,86.6,79.7,82.5,85.3,87.9,87.3,83.3,85.6,72.3,79.1,86.8,92.2,75.3,78.5,1.8,8.3,12.4,11,10,14.2,11.4,8.7,5.9,9.5,10.6,10,10.6,7.4,3.9,0.8,5,7.7,3,3.5,3,3.1,3.4,6.1,6.1,6,6.2,3.2,6.1,4.4,17.1,13.5,9.3,7,19.7,13.8
2009,MA,Urbana,Estadual,98.6,94.5,85.5,88.5,90,82.5,84.7,86.4,88.4,89.2,85.5,86.5,69.9,77.2,85.6,90.5,70.6,76.5,0,2.6,12.3,9.4,7.8,13.8,11.6,9.9,7.4,8.5,10.7,10.1,11.9,8.2,4.5,0.9,6.1,8.7,1.4,2.9,2.2,2.1,2.2,3.7,3.7,3.7,4.2,2.3,3.8,3.4,18.2,14.6,9.9,8.6,23.3,14.8
2009,MA,Urbana,Federal,--,--,--,--,100,77.2,75.9,86.4,86.8,100,81.9,82.2,83.4,86.2,90,--,--,86,--,--,--,--,0,22.8,22.4,9.9,11.3,0,16.1,15.8,9.7,11.8,3.2,--,--,8.6,--,--,--,--,0,0,1.7,3.7,1.9,0,2,2,6.9,2,6.8,--,--,5.4
2009,MA,Urbana,Municipal,95.6,88.4,83.8,85.9,86.2,77.9,79.8,83.3,86,87.3,81,84.9,73.4,79,89.8,93,--,81.2,1.2,7.9,13.3,11.2,10.6,15.9,13.4,9.9,6.2,9.6,12.2,10.6,5,5.3,1.8,1.1,--,3.8,3.2,3.7,2.9,2.9,3.2,6.2,6.8,6.8,7.8,3.1,6.8,4.5,21.6,15.7,8.4,5.9,--,15
2009,MA,Urbana,Particular,98.1,97,97.5,97.2,97.1,95.5,94.7,95.5,94.8,97.4,95.1,96.5,91,93.6,95.7,93.5,88.4,93.3,1,1.9,1.9,2.1,2.5,4,4.9,4.1,4.7,1.9,4.4,2.9,7.4,4.7,2.4,0.3,0.6,4.7,0.9,1.1,0.6,0.7,0.4,0.5,0.4,0.4,0.5,0.7,0.5,0.6,1.6,1.7,1.9,6.2,11,2
2009,MA,Urbana,Publico,95.6,89,84,86.3,86.8,79.4,81.6,84.6,87.1,87.5,82.7,85.3,70.1,77.3,85.8,91.8,70.6,76.8,1.2,7.4,13.2,10.9,10.1,15.3,12.7,9.9,6.8,9.4,11.6,10.5,11.7,8.2,4.4,1,6.1,8.5,3.2,3.6,2.8,2.8,3.1,5.3,5.7,5.5,6.1,3.1,5.7,4.2,18.2,14.5,9.8,7.2,23.3,14.7
2009,MA,Urbana,Total,96.1,90.1,85.8,87.6,87.9,80.7,82.7,85.7,87.9,88.8,83.9,86.5,71.6,78.7,86.7,92.2,74.9,78.2,1.2,6.6,11.7,9.8,9.3,14.3,12.1,9.4,6.6,8.4,11,9.6,11.4,7.9,4.2,0.8,4.8,8.2,2.7,3.3,2.5,2.6,2.8,5,5.2,4.9,5.5,2.8,5.1,3.9,17,13.4,9.1,7,20.3,13.6
2009,PI,Rural,Estadual,95.4,76.1,77.9,81.5,76.6,75.8,73.4,84.5,87.1,80,79.4,79.7,65.7,75.8,83.2,100,86.3,73.5,4.6,20.2,18.2,16.8,22.3,21.3,22.5,12.1,4.5,17.7,16.2,17,7.3,4,2.6,0,3.8,5,0,3.7,3.9,1.7,1.1,2.9,4.1,3.4,8.4,2.3,4.4,3.3,27,20.2,14.2,0,9.9,21.5
2009,PI,Rural,Municipal,84.7,71.4,76.1,79.7,83.3,72,80.3,84,86.8,78,79.5,78.4,79.4,80.7,88.8,--,--,82.1,12.3,24.5,20.4,16.4,12.4,19,11.1,7.4,5.6,18.2,12,16.3,7.3,6.2,4.6,--,--,6.3,3,4.1,3.5,3.9,4.3,9,8.6,8.6,7.6,3.8,8.5,5.3,13.3,13.1,6.6,--,--,11.6
2009,PI,Rural,Particular,96.9,95.7,89.5,97.3,92.4,84.3,88.2,93.2,95,94,89.8,92.1,95.8,92.6,97.7,100,--,96.2,3.1,4.3,10.5,2.7,7.6,14.3,9.2,3.4,3.3,6,7.9,6.9,4.2,4.4,1.2,0,--,2.7,0,0,0,0,0,1.4,2.6,3.4,1.7,0,2.3,1,0,3,1.1,0,--,1.1
2009,PI,Rural,Publico,84.7,71.4,76.1,79.7,83.3,72,80.2,84,86.8,78,79.5,78.4,67.7,76.4,83.9,100,86.3,74.6,12.3,24.4,20.4,16.4,12.4,19.1,11.2,7.5,5.6,18.2,12.1,16.3,7.3,4.2,2.8,0,3.8,5.2,3,4.2,3.5,3.9,4.3,8.9,8.6,8.5,7.6,3.8,8.4,5.3,25,19.4,13.3,0,9.9,20.2
2009,PI,Rural,Total,84.8,71.4,76.2,79.7,83.3,72.1,80.3,84.1,86.9,78,79.5,78.5,68.5,76.8,84.5,100,86.3,75.4,12.3,24.4,20.3,16.3,12.4,19,11.2,7.5,5.6,18.1,12,16.3,7.2,4.2,2.8,0,3.8,5.1,2.9,4.2,3.5,4,4.3,8.9,8.5,8.4,7.5,3.9,8.5,5.2,24.3,19,12.7,0,9.9,19.5
2009,PI,Total,Estadual,84.1,74,78.2,82.6,84,70.8,75.6,81.3,83.6,80.3,77.1,78.6,58.9,72.1,81.7,78.9,63.6,68.8,10.1,19.3,17,12.4,11.4,21.7,16.9,12.3,10,14.4,15.9,15.2,11.7,7.4,4.5,1.9,4.2,8.5,5.8,6.7,4.8,5,4.6,7.5,7.5,6.4,6.4,5.3,7,6.2,29.4,20.5,13.8,19.2,32.2,22.7
2009,PI,Total,Federal,--,--,--,--,--,--,--,--,100,--,100,100,83.6,86.7,93.7,94.3,--,87.8,--,--,--,--,--,--,--,--,0,--,0,0,9.1,9.8,4,3.8,--,7.7,--,--,--,--,--,--,--,--,0,--,0,0,7.3,3.5,2.3,1.9,--,4.5
2009,PI,Total,Municipal,88.3,74.7,77.2,81.4,83.7,72.5,79.7,84.4,87.9,80.2,79.7,80,68.4,83.1,90.8,--,--,76.2,9.1,21.4,19.8,15.3,12.7,19.8,13.3,8.9,6,16.4,13.3,15.3,15.1,5.7,3,--,--,10.6,2.6,3.9,3,3.3,3.6,7.7,7,6.7,6.1,3.4,7,4.7,16.5,11.2,6.2,--,--,13.2
2009,PI,Total,Particular,96.1,96.9,97.3,96.3,96.5,93.1,92,91.7,90.7,96.7,91.9,94.5,86.2,91.6,94.9,100,95,90.8,3.6,2.7,2.4,3.6,3.2,6.5,7.7,7.8,8.6,3.1,7.7,5.1,12.4,7.3,4,0,3.7,7.9,0.3,0.4,0.3,0.1,0.3,0.4,0.3,0.5,0.7,0.2,0.4,0.4,1.4,1.1,1.1,0,1.3,1.3
2009,PI,Total,Publico,87.8,74.6,77.3,81.6,83.8,72.1,78.5,83.5,86.5,80.2,79,79.7,59.5,72.5,82,86.7,63.6,69.3,9.2,21.1,19.3,14.8,12.5,20.3,14.3,9.9,7.3,16.1,14,15.3,11.7,7.4,4.5,2.9,4.2,8.5,3,4.3,3.4,3.6,3.7,7.6,7.2,6.6,6.2,3.7,7,5,28.8,20.1,13.5,10.4,32.2,22.2
2009,PI,Total,Total,88.6,76.3,78.9,82.8,84.8,73.7,79.8,84.4,87,81.6,80.3,81,61.5,74.3,83.5,88.1,68.9,71.3,8.7,19.7,18,13.9,11.7,19.2,13.7,9.7,7.4,15,13.4,14.4,11.8,7.4,4.5,2.6,4.1,8.5,2.7,4,3.1,3.3,3.5,7.1,6.5,5.9,5.6,3.4,6.3,4.6,26.7,18.3,12,9.3,27,20.2
2009,PI,Urbana,Estadual,83.9,73.9,78.2,82.6,84.1,70.7,75.6,81.2,83.5,80.3,77.1,78.6,58.5,71.9,81.6,77.6,61.1,68.6,10.2,19.3,17,12.3,11.3,21.7,16.8,12.3,10.1,14.4,15.9,15.2,11.9,7.6,4.6,2,4.3,8.7,5.9,6.8,4.8,5.1,4.6,7.6,7.6,6.5,6.4,5.3,7,6.2,29.6,20.5,13.8,20.4,34.6,22.7
2009,PI,Urbana,Federal,--,--,--,--,--,--,--,--,100,--,100,100,83.6,86.7,93.7,94.3,--,87.8,--,--,--,--,--,--,--,--,0,--,0,0,9.1,9.8,4,3.8,--,7.7,--,--,--,--,--,--,--,--,0,--,0,0,7.3,3.5,2.3,1.9,--,4.5
2009,PI,Urbana,Municipal,91.1,78.8,78.3,83.2,84,72.8,79.3,84.7,88.5,82.5,79.9,81.4,63.1,85.1,92.6,--,--,72.5,6.6,17.6,19.1,14.2,13,20.3,14.7,9.9,6.3,14.6,14.1,14.4,18.9,5.3,1.5,--,--,13.2,2.3,3.6,2.6,2.6,3,6.9,6,5.4,5.2,2.9,6,4.2,18,9.6,5.9,--,--,14.3
2009,PI,Urbana,Particular,96.1,96.9,97.4,96.3,96.6,93.2,92,91.7,90.7,96.7,91.9,94.5,86,91.6,94.9,100,95,90.7,3.6,2.7,2.3,3.6,3.2,6.4,7.7,7.9,8.7,3.1,7.7,5.1,12.5,7.3,4.1,0,3.7,8,0.3,0.4,0.3,0.1,0.2,0.4,0.3,0.4,0.6,0.2,0.4,0.4,1.5,1.1,1,0,1.3,1.3
2009,PI,Urbana,Publico,89.7,77.5,78.3,83.1,84.1,72.1,77.9,83.3,86.4,81.9,78.8,80.5,59,72.3,81.9,86.3,61.1,69,7.3,18,18.5,13.6,12.5,20.8,15.5,10.8,7.9,14.6,14.8,14.7,12,7.6,4.6,2.9,4.3,8.7,3,4.5,3.2,3.3,3.4,7.1,6.6,5.9,5.7,3.5,6.4,4.8,29,20.1,13.5,10.8,34.6,22.3
2009,PI,Urbana,Total,90.7,80,80.8,84.8,85.7,74.3,79.7,84.6,87.1,83.9,80.5,82.4,61.1,74.2,83.4,86.5,67.3,71,6.7,16,16.4,12.3,11.3,19.3,14.5,10.4,8,13,13.8,13.4,12,7.6,4.5,2.9,4.2,8.6,2.6,4,2.8,2.9,3,6.4,5.8,5,4.9,3.1,5.7,4.2,26.9,18.2,12.1,10.6,28.5,20.4
2009,CE,Rural,Estadual,76.9,80.1,81.7,76,83.1,81.4,82.4,83.9,90.2,79.5,85.2,82,64.6,80.8,87.1,--,--,75.5,18.2,16.9,14,20.1,13.7,8.5,9.2,5.6,4.5,16.6,6.4,12.2,12.4,5.1,2.6,--,--,7.6,4.9,3,4.3,3.9,3.2,10.1,8.4,10.5,5.3,3.9,8.4,5.8,23,14.1,10.3,--,--,16.9
2009,CE,Rural,Federal,--,--,--,--,--,--,--,--,--,--,--,--,70.9,84.3,92.8,--,--,81,--,--,--,--,--,--,--,--,--,--,--,--,19.7,14.1,7.2,--,--,14.5,--,--,--,--,--,--,--,--,--,--,--,--,9.4,1.6,0,--,--,4.5
2009,CE,Rural,Municipal,93.4,89.8,86.5,87.1,87.5,81.2,85.9,87.4,91.9,88.7,86,87.6,--,--,--,--,--,--,5.1,9.1,12.1,11,10.1,14.3,9.7,7.3,3.3,9.6,9.3,9.5,--,--,--,--,--,--,1.5,1.1,1.4,1.9,2.4,4.5,4.4,5.3,4.8,1.7,4.7,2.9,--,--,--,--,--,--
2009,CE,Rural,Particular,83.1,88.6,86.1,87.5,80.5,96.4,100,100,100,85.3,97.6,87.1,100,100,--,--,--,100,12.6,6.3,10.2,9.2,16.8,3.6,0,0,0,10.7,2.4,9.5,0,0,--,--,--,0,4.3,5.1,3.7,3.3,2.7,0,0,0,0,4,0,3.4,0,0,--,--,--,0
2009,CE,Rural,Publico,93.3,89.7,86.5,87.1,87.5,81.2,85.9,87.4,91.9,88.7,86,87.6,65.8,81.4,88.4,--,--,76.6,5.2,9.1,12.1,11,10.1,14.3,9.6,7.3,3.3,9.6,9.3,9.5,13.8,6.5,3.6,--,--,8.9,1.5,1.2,1.4,1.9,2.4,4.5,4.5,5.3,4.8,1.7,4.7,2.9,20.4,12.1,8,--,--,14.5
2009,CE,Rural,Total,93.3,89.7,86.5,87.1,87.5,81.2,85.9,87.4,91.9,88.7,86,87.6,66.4,81.7,88.4,--,--,76.9,5.3,9.1,12.1,11,10.2,14.3,9.6,7.3,3.3,9.7,9.3,9.5,13.5,6.4,3.6,--,--,8.7,1.4,1.2,1.4,1.9,2.3,4.5,4.5,5.3,4.8,1.6,4.7,2.9,20.1,11.9,8,--,--,14.4
2009,CE,Total,Estadual,86,89.5,86.3,84.2,83.4,77.7,79.5,82,86,85,82.2,82.4,72.7,79.1,85,88.8,90.6,78,10,8.9,11.1,11.6,11.7,15.4,13.5,11,7.1,11.1,10.8,10.9,9.2,7.2,4.6,0,0,7.3,4,1.6,2.6,4.2,4.9,6.9,7,7,6.9,3.9,7,6.7,18.1,13.7,10.4,11.2,9.4,14.7
2009,CE,Total,Federal,--,--,--,--,--,92.2,93,85.4,90.4,--,90.1,90.1,77,86.8,91,98.4,95.1,86.1,--,--,--,--,--,7.8,7,14.6,9.6,--,9.9,9.9,19.8,12.7,9,1.6,4.9,12.8,--,--,--,--,--,0,0,0,0,--,0,0,3.2,0.5,0,0,0,1.1
2009,CE,Total,Municipal,93.1,87.1,85.3,86.1,87.1,78.3,82.9,85.3,89.5,87.5,83.2,85.7,69.6,66.4,78.1,78.4,100,81,4.4,10.9,12.6,11.5,10.2,15.9,11.4,8.7,4.9,10.1,11,10.5,4.6,3.9,3.8,2,0,2.7,2.5,2,2.1,2.4,2.7,5.8,5.7,6,5.6,2.4,5.8,3.8,25.8,29.7,18.1,19.6,0,16.3
2009,CE,Total,Particular,95.2,96.5,97.2,96.8,96.7,94.3,94.1,93.8,93.6,96.5,94,95.5,90.3,94.4,97.2,87.1,--,93.8,3.8,2.9,2.5,2.8,2.9,5.2,5.4,5.8,5.9,3,5.6,4,9,5,2.3,0,--,5.6,1,0.6,0.3,0.4,0.4,0.5,0.5,0.4,0.5,0.5,0.4,0.5,0.7,0.6,0.5,12.9,--,0.6
2009,CE,Total,Publico,93.1,87.1,85.4,86,87,78.3,82.5,84.6,88.5,87.5,83.1,85.4,72.7,79.1,85,89.6,96,78.1,4.5,10.9,12.5,11.5,10.2,15.8,11.7,9.2,5.5,10.2,11,10.5,9.2,7.2,4.7,0.3,1.4,7.3,2.4,2,2.1,2.5,2.8,5.9,5.8,6.2,6,2.3,5.9,4.1,18.1,13.7,10.3,10.1,2.6,14.6
2009,CE,Total,Total,93.5,88.8,87.3,87.8,88.5,80.3,84,85.8,89.2,89,84.5,87,74.4,80.9,86.6,89.4,96,79.9,4.3,9.5,10.9,10,9.1,14.5,10.9,8.7,5.6,8.9,10.3,9.5,9.2,7,4.4,0.3,1.4,7.1,2.2,1.7,1.8,2.2,2.4,5.2,5.1,5.5,5.2,2.1,5.2,3.5,16.4,12.1,9,10.3,2.6,13
2009,CE,Urbana,Estadual,91.3,92.1,87.3,85.2,83.4,77.6,79.5,82,85.9,85.8,82.2,82.4,72.7,79.1,85,88.8,90.6,78.1,5.2,6.7,10.5,10.6,11.6,15.5,13.6,11,7.1,10.3,10.9,10.8,9.1,7.2,4.6,0,0,7.3,3.5,1.2,2.2,4.2,5,6.9,6.9,7,7,3.9,6.9,6.8,18.2,13.7,10.4,11.2,9.4,14.6
2009,CE,Urbana,Federal,--,--,--,--,--,92.2,93,85.4,90.4,--,90.1,90.1,80.2,87.6,90,98.4,95.1,87.8,--,--,--,--,--,7.8,7,14.6,9.6,--,9.9,9.9,19.8,12.2,10,1.6,4.9,12.2,--,--,--,--,--,0,0,0,0,--,0,0,0,0.2,0,0,0,0
2009,CE,Urbana,Municipal,92.9,85.7,84.7,85.6,86.9,77.1,81.6,84.3,88.4,86.9,82,84.8,69.6,66.4,78.1,78.4,100,81,4.1,11.9,12.8,11.7,10.2,16.5,12.2,9.3,5.6,10.4,11.7,11,4.6,3.9,3.8,2,0,2.7,3,2.4,2.5,2.7,2.9,6.4,6.2,6.4,6,2.7,6.3,4.2,25.8,29.7,18.1,19.6,0,16.3
2009,CE,Urbana,Particular,95.3,96.5,97.2,96.8,96.8,94.3,94.1,93.8,93.6,96.5,94,95.5,90.3,94.4,97.2,87.1,--,93.8,3.7,2.9,2.4,2.8,2.9,5.2,5.4,5.8,5.9,3,5.6,4,9,5,2.3,0,--,5.6,1,0.6,0.4,0.4,0.3,0.5,0.5,0.4,0.5,0.5,0.4,0.5,0.7,0.6,0.5,12.9,--,0.6
2009,CE,Urbana,Publico,92.9,85.8,84.8,85.6,86.8,77.2,81.2,83.6,87.5,86.9,82,84.5,72.8,79.1,85,89.6,96,78.1,4.1,11.8,12.7,11.7,10.3,16.4,12.5,9.8,6.1,10.4,11.5,11,9.2,7.2,4.7,0.3,1.4,7.3,3,2.4,2.5,2.7,2.9,6.4,6.3,6.6,6.4,2.7,6.5,4.5,18,13.7,10.3,10.1,2.6,14.6
2009,CE,Urbana,Total,93.6,88.4,87.6,88.1,88.9,80,83.4,85.4,88.6,89.2,84.1,86.8,74.5,80.9,86.6,89.4,96,79.9,4,9.6,10.4,9.7,8.7,14.5,11.2,9.1,6.1,8.6,10.5,9.5,9.2,7,4.4,0.3,1.4,7.1,2.4,2,2,2.2,2.4,5.5,5.4,5.5,5.3,2.2,5.4,3.7,16.3,12.1,9,10.3,2.6,13
2009,RN,Rural,Estadual,89.2,92.2,86.1,59.7,67.8,54.9,68.7,80.4,78.6,76.3,68.6,73.4,62.1,68.3,86,--,--,70.7,4.4,2.7,7.8,34.4,24,31.4,20.5,9.6,6,17.2,18.8,17.8,8.2,7.3,1.7,--,--,6.1,6.4,5.1,6.1,5.9,8.2,13.7,10.8,10,15.4,6.5,12.6,8.8,29.7,24.4,12.3,--,--,23.2
2009,RN,Rural,Federal,--,--,--,--,--,--,--,--,--,--,--,--,76,82.8,85.1,--,95.5,81.1,--,--,--,--,--,--,--,--,--,--,--,--,21.7,12.8,12.8,--,0,15.9,--,--,--,--,--,--,--,--,--,--,--,--,2.3,4.4,2.1,--,4.5,3
2009,RN,Rural,Municipal,91,89.8,87.7,64.8,73.7,56.1,70.7,78.1,84.1,80.4,68.8,77.3,--,--,--,--,--,--,4.7,7.4,9.3,30.7,21.3,32,19.4,11.6,5.9,15.6,20.5,16.9,--,--,--,--,--,--,4.3,2.8,3,4.5,5,11.9,9.9,10.3,10,4,10.7,5.8,--,--,--,--,--,--
2009,RN,Rural,Particular,89.9,100,85.7,89.7,100,71,85,100,88.6,94.3,85.5,90.8,76.9,100,--,--,--,88.5,8.7,0,14.3,10.3,0,29,13.3,0,11.4,5.2,13.8,8.6,19.2,0,--,--,--,9.6,1.4,0,0,0,0,0,1.7,0,0,0.5,0.7,0.6,3.9,0,--,--,--,1.9
2009,RN,Rural,Publico,90.9,89.9,87.5,64.3,73.1,56,70.5,78.4,83.3,80.1,68.8,76.9,67,73.4,85.7,--,95.5,74.3,4.7,7.1,9.2,31,21.5,32,19.5,11.3,5.9,15.8,20.3,17,12.9,9.2,5.1,--,0,9.5,4.4,3,3.3,4.7,5.4,12,10,10.3,10.8,4.1,10.9,6.1,20.1,17.4,9.2,--,4.5,16.2
2009,RN,Rural,Total,90.9,90,87.5,64.4,73.2,56,70.6,78.5,83.3,80.1,68.9,77,67.3,74.5,85.7,--,95.5,74.7,4.7,7,9.2,31,21.4,31.9,19.5,11.3,6,15.7,20.2,17,13.1,8.9,5.1,--,0,9.5,4.4,3,3.3,4.6,5.4,12.1,9.9,10.2,10.7,4.2,10.9,6,19.6,16.6,9.2,--,4.5,15.8
2009,RN,Total,Estadual,91.1,92.6,87.5,64,72.4,51.6,62.4,78.8,79.6,78.7,66.1,71.3,59.9,70.1,77.1,83.4,64.6,67.6,2.1,2.2,6.9,29.9,20,33.3,25.5,10.9,9,15,21.4,18.8,11.3,6.5,4.3,0.2,17.5,8,6.8,5.2,5.6,6.1,7.6,15.1,12.1,10.3,11.4,6.3,12.5,9.9,28.8,23.4,18.6,16.4,17.9,24.4
2009,RN,Total,Federal,100,--,--,--,--,--,--,--,--,100,--,100,83.1,87.8,88.1,92.9,88.2,87.2,0,--,--,--,--,--,--,--,--,0,--,0,16.3,10.8,10.8,6.7,11,11.9,0,--,--,--,--,--,--,--,--,0,--,0,0.6,1.4,1.1,0.4,0.8,0.9
2009,RN,Total,Municipal,93,91.6,88.4,66.3,73.7,53.4,66.4,77.6,81.6,81.4,66.3,75.6,--,--,--,--,--,--,3.2,5.5,8.6,29.6,21.6,34.5,23.5,13.4,8.4,14.8,23.1,18,--,--,--,--,--,--,3.8,2.9,3,4.1,4.7,12.1,10.1,9,10,3.8,10.6,6.4,--,--,--,--,--,--
2009,RN,Total,Particular,95.9,95.3,95.8,95.8,96,93.2,92.8,93.8,92.6,95.8,93.1,94.7,88.7,93.1,94.6,58.3,76.2,91.6,3.2,3.8,3.7,3.8,3.8,6.3,6.7,5.9,6.8,3.7,6.4,4.8,10.5,6.3,4.8,0,15.5,7.4,0.9,0.9,0.5,0.4,0.2,0.5,0.5,0.3,0.6,0.5,0.5,0.5,0.8,0.6,0.6,41.7,8.3,1
2009,RN,Total,Publico,92.6,91.8,88.2,65.7,73.4,52.7,64.8,78.1,80.6,80.8,66.2,74.2,60.3,70.6,77.4,88.4,72.9,68.2,3,4.8,8.2,29.7,21.2,34,24.3,12.3,8.7,14.9,22.4,18.3,11.4,6.6,4.5,3.6,15.2,8.1,4.4,3.4,3.6,4.6,5.4,13.3,10.9,9.6,10.7,4.3,11.4,7.5,28.3,22.8,18.1,8,11.9,23.7
2009,RN,Total,Total,93.3,92.4,89.4,69.8,77,57.1,68.6,80.8,82.6,83.2,70,77.3,63.4,73.5,79.8,84.5,73.1,71.1,3,4.6,7.5,26.1,18.4,31,21.9,11.2,8.4,13,20.1,16.2,11.3,6.6,4.5,3.1,15.2,8,3.7,3,3.1,4.1,4.6,11.9,9.5,8,9,3.8,9.9,6.5,25.3,19.9,15.7,12.4,11.7,20.9
2009,RN,Urbana,Estadual,91.4,92.6,87.7,64.4,72.9,51.5,62.2,78.8,79.6,79,66,71.1,59.8,70.1,77,83.4,64.6,67.6,1.9,2.2,6.8,29.5,19.6,33.4,25.7,10.9,9.1,14.8,21.5,18.8,11.4,6.5,4.3,0.2,17.5,8,6.7,5.2,5.5,6.1,7.5,15.1,12.1,10.3,11.3,6.2,12.5,10.1,28.8,23.4,18.7,16.4,17.9,24.4
2009,RN,Urbana,Federal,100,--,--,--,--,--,--,--,--,100,--,100,85.3,89.3,88.7,92.9,87.7,88.5,0,--,--,--,--,--,--,--,--,0,--,0,14.5,10.2,10.4,6.7,11.7,11,0,--,--,--,--,--,--,--,--,0,--,0,0.2,0.5,0.9,0.4,0.6,0.5
2009,RN,Urbana,Municipal,94.1,92.6,88.8,67.2,73.7,52.7,65.3,77.5,80.9,82,65.6,74.9,--,--,--,--,--,--,2.3,4.4,8.3,29,21.8,35.1,24.6,13.9,9.1,14.4,23.8,18.5,--,--,--,--,--,--,3.6,3,2.9,3.8,4.5,12.2,10.1,8.6,10,3.6,10.6,6.6,--,--,--,--,--,--
2009,RN,Urbana,Particular,96,95.2,95.9,95.8,95.9,93.2,92.8,93.7,92.6,95.8,93.1,94.7,88.7,93.1,94.6,58.3,76.2,91.6,3.2,3.9,3.7,3.7,3.8,6.2,6.7,5.9,6.8,3.7,6.4,4.8,10.4,6.3,4.8,0,15.5,7.3,0.8,0.9,0.4,0.5,0.3,0.6,0.5,0.4,0.6,0.5,0.5,0.5,0.9,0.6,0.6,41.7,8.3,1.1
2009,RN,Urbana,Publico,93.4,92.6,88.4,66.2,73.5,52.2,63.8,78.1,80.2,81.1,65.8,73.4,60.2,70.5,77.2,88.4,72.4,68.1,2.2,3.8,7.8,29.2,21.1,34.4,25.1,12.5,9.1,14.5,22.7,18.6,11.4,6.6,4.5,3.6,15.5,8.1,4.4,3.6,3.8,4.6,5.4,13.4,11.1,9.4,10.7,4.4,11.5,8,28.4,22.9,18.3,8,12.1,23.8
2009,RN,Urbana,Total,94.1,93.2,90,71.6,78.1,57.3,68.3,81,82.5,84.3,70.1,77.4,63.3,73.4,79.7,84.5,72.7,71,2.5,3.8,6.9,24.5,17.5,30.8,22.3,11.2,8.7,12.1,20.1,16,11.3,6.6,4.5,3.1,15.5,8,3.4,3,3.1,3.9,4.4,11.9,9.4,7.8,8.8,3.6,9.8,6.6,25.4,20,15.8,12.4,11.8,21
2009,PB,Rural,Estadual,83.2,73,77.6,78.1,81.5,61.3,72.5,77.6,79.5,78.5,70.9,76,66.2,76.7,85.3,--,--,73.9,10.7,20,15.9,14.3,10.9,24.2,15.1,10.2,8.5,14.5,16.1,15,13.3,7.9,5,--,--,9.7,6.1,7,6.5,7.6,7.6,14.5,12.4,12.2,12,7,13,9,20.5,15.4,9.7,--,--,16.4
2009,PB,Rural,Federal,--,--,--,--,--,--,--,--,--,--,--,--,80.9,87.7,85.3,--,--,84.1,--,--,--,--,--,--,--,--,--,--,--,--,0,1.4,4.4,--,--,1.6,--,--,--,--,--,--,--,--,--,--,--,--,19.1,10.9,10.3,--,--,14.3
2009,PB,Rural,Municipal,87.8,70.5,76.8,80.4,83.3,62.9,72.2,77.7,82.5,79.1,71.7,77.8,67.1,78.8,84.7,--,--,75.8,8.2,24.5,19.1,14.8,11.1,22.8,15.5,11.3,8.1,16.2,16,16.2,13.9,5.8,4.2,--,--,8.7,4,5,4.1,4.8,5.6,14.3,12.3,11,9.4,4.7,12.3,6,19,15.4,11.1,--,--,15.5
2009,PB,Rural,Particular,97.2,89.4,86.8,78,94.4,87.5,85.7,--,--,89,86.7,88.7,--,--,--,--,--,--,0,4.5,1.3,15.3,5.6,8.3,9.5,--,--,4.9,8.9,5.4,--,--,--,--,--,--,2.8,6.1,11.9,6.7,0,4.2,4.8,--,--,6.1,4.4,5.9,--,--,--,--,--,--
2009,PB,Rural,Publico,87.4,70.7,76.9,80.2,83.1,62.6,72.3,77.7,81.9,79,71.6,77.7,68,78.2,85.2,--,--,75.3,8.4,24.2,18.9,14.8,11.1,23.1,15.4,11.1,8.2,16.1,16,16.1,11.9,6.9,4.8,--,--,8.6,4.2,5.1,4.2,5,5.8,14.3,12.3,11.2,9.9,4.9,12.4,6.2,20.1,14.9,10,--,--,16.1
2009,PB,Rural,Total,87.5,70.7,76.9,80.2,83.1,62.7,72.3,77.7,81.9,79.1,71.6,77.7,68,78.2,85.2,--,--,75.3,8.4,24.1,18.8,14.8,11.1,23,15.4,11.1,8.2,16.1,16,16,11.9,6.9,4.8,--,--,8.6,4.1,5.2,4.3,5,5.8,14.3,12.3,11.2,9.9,4.8,12.4,6.3,20.1,14.9,10,--,--,16.1
2009,PB,Total,Estadual,84,74.2,81,81.1,82.6,57.9,67.1,72.1,74,80.4,67.1,72.3,62.6,73.6,81.7,88.8,76.7,71.3,6.3,18.1,12.5,11.7,9.9,23.8,17.8,13.8,11.6,12.1,17.3,15.2,11.9,7.7,4.3,0.6,4.8,8.5,9.7,7.7,6.5,7.2,7.5,18.3,15.1,14.1,14.4,7.5,15.6,12.5,25.5,18.7,14,10.6,18.5,20.2
2009,PB,Total,Federal,93.3,93.8,100,--,--,--,--,--,--,95.2,--,95.2,78.4,86.8,90.9,100,--,85.2,6.7,6.2,0,--,--,--,--,--,--,4.8,--,4.8,14.5,9.3,7.5,0,--,10.4,0,0,0,--,--,--,--,--,--,0,--,0,7.1,3.9,1.6,0,--,4.4
2009,PB,Total,Municipal,87.6,70.8,75.7,80.8,81.5,61.6,70.6,76.9,80.5,78.7,70.3,75.7,58.1,77.1,85.5,94.9,--,73.3,7.3,23.2,18.9,14.1,12,23.3,17.4,12.4,9.7,15.6,17.2,16.2,8.9,5.3,2.8,0,--,5.6,5.1,6,5.4,5.1,6.5,15.1,12,10.7,9.8,5.7,12.5,8.1,33,17.6,11.7,5.1,--,21.1
2009,PB,Total,Particular,96.3,97.5,98.1,98.1,97.3,95.2,94.4,94,92.9,97.5,94.2,96.1,90.4,93.1,97.5,96.9,--,93.6,2.8,1.9,1.3,1.5,2.4,4.2,5.1,5.6,6.4,2,5.3,3.3,8.5,5.9,1.8,0,--,5.5,0.9,0.6,0.6,0.4,0.3,0.6,0.5,0.4,0.7,0.5,0.5,0.6,1.1,1,0.7,3.1,--,0.9
2009,PB,Total,Publico,86.9,71.6,76.9,80.9,81.8,60.1,69.1,74.7,77,79.1,68.8,74.6,62.7,73.9,82,90.6,76.7,71.5,7.1,22.1,17.4,13.5,11.4,23.5,17.6,13.1,10.7,14.8,17.2,15.9,11.8,7.6,4.3,0.4,4.8,8.4,6,6.3,5.7,5.6,6.8,16.4,13.3,12.2,12.3,6.1,14,9.5,25.5,18.5,13.7,9,18.5,20.1
2009,PB,Total,Total,88,74.1,79,82.7,83.3,62.5,71.2,76.6,78.6,81,71,76.6,65.3,76.3,84.1,90.7,76.7,74.1,6.6,20.1,15.8,12.3,10.6,22.2,16.5,12.3,10.3,13.5,16.2,14.7,11.5,7.4,3.9,0.4,4.8,8.1,5.4,5.8,5.2,5,6.1,15.3,12.3,11.1,11.1,5.5,12.8,8.7,23.2,16.3,12,8.9,18.5,17.8
2009,PB,Urbana,Estadual,84.2,74.4,81.4,81.5,82.7,57.7,66.9,71.9,73.8,80.6,66.9,72,62.6,73.5,81.7,88.8,76.7,71.2,5.6,17.8,12,11.3,9.8,23.8,17.9,14,11.7,11.7,17.3,15.2,11.9,7.7,4.3,0.6,4.8,8.5,10.2,7.8,6.6,7.2,7.5,18.5,15.2,14.1,14.5,7.7,15.8,12.8,25.5,18.8,14,10.6,18.5,20.3
2009,PB,Urbana,Federal,93.3,93.8,100,--,--,--,--,--,--,95.2,--,95.2,77.9,86.7,92,100,--,85.4,6.7,6.2,0,--,--,--,--,--,--,4.8,--,4.8,17.2,10.3,8,0,--,11.8,0,0,0,--,--,--,--,--,--,0,--,0,4.9,3,0,0,--,2.8
2009,PB,Urbana,Municipal,87.5,71,75,81.1,80.5,61.5,70.3,76.7,80.1,78.5,70.1,74.7,57.3,76.9,85.6,94.9,--,73,6.7,22.3,18.7,13.6,12.5,23.4,17.7,12.6,10,15.2,17.4,16.2,8.4,5.3,2.6,0,--,5.3,5.8,6.7,6.3,5.3,7,15.1,12,10.7,9.9,6.3,12.5,9.1,34.3,17.8,11.8,5.1,--,21.7
2009,PB,Urbana,Particular,96.2,97.5,98.2,98.2,97.3,95.3,94.5,94,92.9,97.5,94.2,96.2,90.4,93.1,97.5,96.9,--,93.6,2.8,1.8,1.3,1.4,2.4,4.2,5,5.6,6.4,1.9,5.3,3.3,8.5,5.9,1.8,0,--,5.5,1,0.7,0.5,0.4,0.3,0.5,0.5,0.4,0.7,0.6,0.5,0.5,1.1,1,0.7,3.1,--,0.9
2009,PB,Urbana,Publico,86.6,72,76.9,81.3,81.3,59.8,68.7,74.4,76.5,79.2,68.6,73.7,62.5,73.8,81.9,90.6,76.7,71.5,6.4,21,16.6,12.9,11.6,23.6,17.8,13.3,10.9,14.2,17.4,15.8,11.8,7.7,4.3,0.4,4.8,8.4,7,7,6.5,5.8,7.1,16.6,13.5,12.3,12.6,6.6,14,10.5,25.7,18.5,13.8,9,18.5,20.1
2009,PB,Urbana,Total,88.2,75.6,79.9,83.7,83.4,62.5,71,76.5,78.3,81.8,70.9,76.3,65.3,76.3,84.1,90.7,76.7,74,5.8,18.3,14.5,11.2,10.4,22.1,16.6,12.4,10.4,12.4,16.2,14.3,11.5,7.4,3.9,0.4,4.8,8.1,6,6.1,5.6,5.1,6.2,15.4,12.4,11.1,11.3,5.8,12.9,9.4,23.2,16.3,12,8.9,18.5,17.9
2009,PE,Rural,Estadual,96.3,78.7,69.6,85.1,78.5,70.2,76.4,80.1,79.4,78.9,75.8,76.9,71.3,77.6,81.3,86.5,76.1,76,1.3,17.6,27.9,11.1,18.6,22.2,17.7,13.9,13.4,18,17.5,17.7,11.5,7.9,4.4,8.3,0.3,8.3,2.4,3.7,2.5,3.8,2.9,7.6,5.9,6,7.2,3.1,6.7,5.4,17.2,14.5,14.3,5.2,23.6,15.7
2009,PE,Rural,Federal,--,--,--,--,--,--,--,--,--,--,--,--,77.7,91.9,98,95.8,--,87.7,--,--,--,--,--,--,--,--,--,--,--,--,18.7,7.5,0.7,0,--,10.1,--,--,--,--,--,--,--,--,--,--,--,--,3.6,0.6,1.3,4.2,--,2.2
2009,PE,Rural,Municipal,93.5,79.7,75.1,80.5,82,67.1,75.1,80.5,83.3,80.9,74.9,79.4,64.3,78.7,90.1,94.7,--,76.9,2.7,16.1,21.3,15.5,13.9,22.4,15.3,10.9,8.5,15.1,15.6,15.3,15.5,11.7,3.3,3.5,--,10.5,3.8,4.2,3.6,4,4.1,10.5,9.6,8.6,8.2,4,9.5,5.3,20.2,9.6,6.6,1.8,--,12.6
2009,PE,Rural,Particular,63.4,82.9,84.5,84.5,87.2,86.8,88.1,85.6,97.8,81,89,82.2,85.7,89.2,94.1,--,--,89.7,34.2,12.4,13,13.4,10.8,12.6,11.9,14.4,2.2,16.1,10.7,15.3,14.3,8.1,0,--,--,7.4,2.4,4.7,2.5,2.1,2,0.6,0,0,0,2.9,0.3,2.5,0,2.7,5.9,--,--,2.9
2009,PE,Rural,Publico,93.6,79.7,74.8,80.6,81.8,67.7,75.3,80.4,82.5,80.8,75.1,79.2,71.3,78.4,82.6,91.4,76.1,76.6,2.7,16.2,21.6,15.3,14.2,22.4,15.8,11.5,9.6,15.3,16,15.5,12,8.1,4.1,5.2,0.3,8.5,3.7,4.1,3.6,4.1,4,9.9,8.9,8.1,7.9,3.9,8.9,5.3,16.7,13.5,13.3,3.4,23.6,14.9
2009,PE,Rural,Total,93.1,79.7,74.9,80.7,81.8,67.8,75.4,80.5,82.5,80.8,75.2,79.2,71.3,78.5,82.6,91.4,76.1,76.7,3.2,16.1,21.6,15.3,14.2,22.3,15.8,11.5,9.5,15.3,16,15.5,12.1,8.1,4.1,5.2,0.3,8.5,3.7,4.2,3.5,4,4,9.9,8.8,8,8,3.9,8.8,5.3,16.6,13.4,13.3,3.4,23.6,14.8
2009,PE,Total,Estadual,95.8,92.7,74.6,94.4,81.5,66.4,72.6,76.2,72.5,85.1,71.6,74.1,70.3,75.4,78.9,92.1,81.5,74.8,0.4,4.3,22.3,2.8,15.6,24.5,18.6,15.4,15.9,11.8,18.9,17.6,11.8,10.1,6.9,2.6,1.2,9.5,3.8,3,3.1,2.8,2.9,9.1,8.8,8.4,11.6,3.1,9.5,8.3,17.9,14.5,14.2,5.3,17.3,15.7
2009,PE,Total,Federal,--,--,--,--,--,94.9,96.5,90.1,92.5,--,93.3,93.3,78.3,87.4,91.4,84.7,86.6,83.9,--,--,--,--,--,5.1,3.5,9.9,7.5,--,6.7,6.7,15.4,9.1,7.1,13.5,11.7,11.8,--,--,--,--,--,0,0,0,0,--,0,0,6.3,3.5,1.5,1.8,1.7,4.3
2009,PE,Total,Municipal,93.8,83.3,75.1,83.5,83.1,66.2,70.6,77.7,77.5,82.8,71.8,79.2,59.3,73.3,81.1,93.1,--,73.9,1.9,11.8,20.8,12.5,12.8,21.3,17,11.5,10.4,12.9,16.2,14,10.2,8.4,4.7,1.5,--,7,4.3,4.9,4.1,4,4.1,12.5,12.4,10.8,12.1,4.3,12,6.8,30.5,18.3,14.2,5.4,--,19.1
2009,PE,Total,Particular,95.2,96.5,97.2,97,96.7,94.6,94,93.7,92.8,96.7,93.8,95.6,90.1,93.9,97.4,95.8,95.2,93.7,3.8,2.7,2.4,2.6,3,4.9,5.5,5.9,6.4,2.8,5.6,3.9,8.7,5.2,2,1.4,1.6,5.4,1,0.8,0.4,0.4,0.3,0.5,0.5,0.4,0.8,0.5,0.6,0.5,1.2,0.9,0.6,2.8,3.2,0.9
2009,PE,Total,Publico,93.9,84.1,75.1,84.4,82.8,66.3,71.6,76.9,74.7,83,71.7,77.7,70.3,75.6,79,92,81.7,75,1.8,11.2,21,11.7,13.3,22.8,17.7,13.6,13.6,12.8,17.6,15.1,11.8,10.1,6.9,2.9,1.6,9.5,4.3,4.7,3.9,3.9,3.9,10.9,10.7,9.5,11.7,4.2,10.7,7.2,17.9,14.3,14.1,5.1,16.7,15.5
2009,PE,Total,Total,94.1,86.6,79,86.8,85.2,69.7,74.6,79.5,77.3,85.5,74.7,80.5,72.2,78.1,81.2,92,81.8,77,2.1,9.5,17.7,10,11.5,20.6,16.1,12.4,12.5,11,16,13.3,11.5,9.4,6.3,2.9,1.6,9,3.8,3.9,3.3,3.2,3.3,9.7,9.3,8.1,10.2,3.5,9.3,6.2,16.3,12.5,12.5,5.1,16.6,14
2009,PE,Urbana,Estadual,95.7,95.9,75.5,96.2,81.9,66.1,72.4,75.9,72.1,86.2,71.3,73.9,70.3,75.2,78.7,92.2,81.8,74.8,0.3,1.2,21.3,1.2,15.1,24.7,18.6,15.5,16,10.8,19,17.6,11.8,10.3,7.1,2.6,1.2,9.5,4,2.9,3.2,2.6,3,9.2,9,8.6,11.9,3,9.7,8.5,17.9,14.5,14.2,5.2,17,15.7
2009,PE,Urbana,Federal,--,--,--,--,--,94.9,96.5,90.1,92.5,--,93.3,93.3,78.4,86.7,88.2,83.8,86.6,83.2,--,--,--,--,--,5.1,3.5,9.9,7.5,--,6.7,6.7,14.8,9.3,10.2,14.5,11.7,12.1,--,--,--,--,--,0,0,0,0,--,0,0,6.8,4,1.6,1.7,1.7,4.7
2009,PE,Urbana,Municipal,93.8,85.4,75.2,85.3,83.7,65.9,69.2,76.7,75.7,83.8,70.7,79.1,58,72.5,80,92.9,--,73.4,1.5,9.2,20.5,10.8,12.2,21,17.5,11.8,11,11.7,16.4,13.4,8.9,7.9,4.9,1.2,--,6.4,4.7,5.4,4.3,3.9,4.1,13.1,13.3,11.5,13.3,4.5,12.9,7.5,33.1,19.6,15.1,5.9,--,20.2
2009,PE,Urbana,Particular,96.1,96.8,97.4,97.2,96.8,94.6,94,93.7,92.8,96.9,93.8,95.7,90.1,93.9,97.4,95.8,95.2,93.7,2.9,2.5,2.3,2.4,2.8,4.9,5.5,5.8,6.4,2.6,5.6,3.8,8.7,5.2,2,1.4,1.6,5.4,1,0.7,0.3,0.4,0.4,0.5,0.5,0.5,0.8,0.5,0.6,0.5,1.2,0.9,0.6,2.8,3.2,0.9
2009,PE,Urbana,Publico,94,86.5,75.2,86.5,83.3,66,70.9,76.3,73.5,84.2,71.1,77.2,70.2,75.4,78.8,92,82,74.9,1.4,8.4,20.6,9.7,12.8,22.9,18.1,14,14.2,11.6,17.9,14.9,11.8,10.2,7,2.8,1.6,9.5,4.6,5.1,4.2,3.8,3.9,11.1,11,9.7,12.3,4.2,11,7.9,18,14.4,14.2,5.2,16.4,15.6
2009,PE,Urbana,Total,94.4,89.4,80.6,89.3,86.4,70.1,74.5,79.3,76.6,87.3,74.6,80.9,72.2,78.1,81.2,92,82.1,77.1,1.7,6.8,16.2,7.8,10.6,20.4,16.2,12.6,12.9,9.4,16,12.7,11.5,9.5,6.4,2.8,1.6,9.1,3.9,3.8,3.2,2.9,3,9.5,9.3,8.1,10.5,3.3,9.4,6.4,16.3,12.4,12.4,5.2,16.3,13.8
2009,AL,Rural,Estadual,89.3,92.3,72.2,91.2,69.4,61.2,65,69,71.9,81.3,66.2,73.7,62.9,74.3,83.1,--,--,70.8,3,4.1,24.8,4.2,23.1,23.7,22,18.3,12.5,13.3,19.6,16.5,16.4,10.5,6.5,--,--,12.4,7.7,3.6,3,4.6,7.5,15.1,13,12.7,15.6,5.4,14.2,9.8,20.7,15.2,10.4,--,--,16.8
2009,AL,Rural,Municipal,93.1,92.1,71.8,90.3,77.6,64.3,72.7,76.5,81.8,83.8,71.8,80.7,71.8,74.3,92.1,--,--,76.3,1.8,3.6,23.5,5.3,17.6,22.9,16.3,12.7,8,11.5,16.7,12.9,8.6,4,0,--,--,5.6,5.1,4.3,4.7,4.4,4.8,12.8,11,10.8,10.2,4.7,11.5,6.4,19.6,21.7,7.9,--,--,18.1
2009,AL,Rural,Particular,72.9,68,78.1,78.5,99.1,79.5,50,90,83.3,76.8,76.3,76.8,--,--,--,--,--,--,25.4,31.3,21.4,20.8,0.9,20.5,50,10,16.7,22.5,23.7,22.6,--,--,--,--,--,--,1.7,0.7,0.5,0.7,0,0,0,0,0,0.7,0,0.6,--,--,--,--,--,--
2009,AL,Rural,Publico,93,92.1,71.8,90.4,77.4,64,72.2,75.9,80.7,83.8,71.4,80.4,63.7,74.3,83.7,--,--,71.3,1.8,3.7,23.5,5.3,17.8,23,16.7,13.1,8.5,11.6,16.9,13,15.7,9.9,6.1,--,--,11.9,5.2,4.2,4.7,4.3,4.8,13,11.1,11,10.8,4.6,11.7,6.6,20.6,15.8,10.2,--,--,16.8
2009,AL,Rural,Total,92.9,91.8,71.8,90.3,77.5,64.1,72.1,76,80.8,83.7,71.4,80.4,63.7,74.3,83.7,--,--,71.3,2,4.1,23.5,5.4,17.7,23,16.8,13.1,8.5,11.7,16.9,13.1,15.7,9.9,6.1,--,--,11.9,5.1,4.1,4.7,4.3,4.8,12.9,11.1,10.9,10.7,4.6,11.7,6.5,20.6,15.8,10.2,--,--,16.8
2009,AL,Total,Estadual,84.2,85,67.7,86.4,74.4,57.5,63.8,68,71,78.4,64.6,68.8,59.8,69.3,78.4,91.9,89.1,67.6,5,6.4,25.4,7,19.2,23.3,18.8,14.6,12.4,14.2,17.7,16.6,12.3,9,6.3,1.5,2.3,9.7,10.8,8.6,6.9,6.6,6.4,19.2,17.4,17.4,16.6,7.4,17.7,14.6,27.9,21.7,15.3,6.6,8.6,22.7
2009,AL,Total,Federal,--,--,--,--,--,--,--,--,--,--,--,--,66.7,68.5,86.2,86.7,--,73.5,--,--,--,--,--,--,--,--,--,--,--,--,30.6,30.2,11.9,12.6,--,24.5,--,--,--,--,--,--,--,--,--,--,--,--,2.7,1.3,1.9,0.7,--,2
2009,AL,Total,Municipal,93.3,91.5,72.8,88.9,79.2,61.3,67.5,71.5,75.4,84,67.5,77.4,60,73.8,86.4,92.9,--,74.1,1.6,3.8,22.5,6.7,16.1,23.3,17.8,13.8,9.7,11.3,17.6,13.8,8.7,3.4,2.1,0,--,4.7,5.1,4.7,4.7,4.4,4.7,15.4,14.7,14.7,14.9,4.7,14.9,8.8,31.3,22.8,11.5,7.1,--,21.2
2009,AL,Total,Particular,97.4,96.2,97,97.5,97.3,92.6,92.3,92.9,91.3,97.1,92.3,94.9,85.4,91,95,94.7,--,90.3,1.6,3,2.4,2,2.3,6.5,6.7,6.3,7.7,2.3,6.8,4.4,12.4,7.5,4,1.8,--,8.1,1,0.8,0.6,0.5,0.4,0.9,1,0.8,1,0.6,0.9,0.7,2.2,1.5,1,3.5,--,1.6
2009,AL,Total,Publico,92.4,90.8,72.3,88.7,78.6,60.4,66.5,70.4,73.9,83.4,66.6,75.8,60,69.4,78.9,91.1,89.1,67.9,1.9,4.1,22.8,6.7,16.5,23.3,18.1,14.1,10.7,11.6,17.6,14.3,12.7,9.4,6.3,3.3,2.3,10,5.7,5.1,4.9,4.6,4.9,16.3,15.4,15.5,15.4,5,15.8,9.9,27.3,21.2,14.8,5.6,8.6,22.1
2009,AL,Total,Total,92.9,91.3,74.2,89.5,80.2,62.6,68.8,72.7,75.9,84.6,68.9,77.5,63,72.6,81.6,91.6,89.1,71.1,1.9,4,21.2,6.3,15.3,22.1,17.1,13.3,10.3,10.8,16.6,13.4,12.7,9.1,5.9,3.1,2.3,9.7,5.2,4.7,4.6,4.2,4.5,15.3,14.1,14,13.8,4.6,14.5,9.1,24.3,18.3,12.5,5.3,8.6,19.2
2009,AL,Urbana,Estadual,83.5,84.1,67.2,85.9,74.8,57.3,63.8,68,71,78,64.5,68.5,59.6,69.1,78.2,91.9,89.1,67.4,5.3,6.7,25.4,7.2,18.9,23.2,18.7,14.4,12.4,14.2,17.6,16.6,12.1,8.9,6.3,1.5,2.3,9.6,11.2,9.2,7.4,6.9,6.3,19.5,17.5,17.6,16.6,7.8,17.9,14.9,28.3,22,15.5,6.6,8.6,23
2009,AL,Urbana,Federal,--,--,--,--,--,--,--,--,--,--,--,--,66.7,68.5,86.2,86.7,--,73.5,--,--,--,--,--,--,--,--,--,--,--,--,30.6,30.2,11.9,12.6,--,24.5,--,--,--,--,--,--,--,--,--,--,--,--,2.7,1.3,1.9,0.7,--,2
2009,AL,Urbana,Municipal,93.4,91,73.4,87.9,80.3,60.5,66.2,70.1,73.8,84.1,66.3,75.8,58,73.7,86,92.9,--,73.9,1.4,3.9,21.9,7.6,15.1,23.4,18.2,14.2,10.1,11.2,17.8,14.2,8.7,3.3,2.2,0,--,4.6,5.2,5.1,4.7,4.5,4.6,16.1,15.6,15.7,16.1,4.7,15.9,10,33.3,23,11.8,7.1,--,21.5
2009,AL,Urbana,Particular,98,97.6,97.6,97.9,97.3,92.7,92.5,92.9,91.3,97.7,92.4,95.2,85.4,91,95,94.7,--,90.3,1,1.6,1.7,1.6,2.4,6.4,6.5,6.3,7.7,1.7,6.7,4,12.4,7.5,4,1.8,--,8.1,1,0.8,0.7,0.5,0.3,0.9,1,0.8,1,0.6,0.9,0.8,2.2,1.5,1,3.5,--,1.6
2009,AL,Urbana,Publico,92,90.1,72.5,87.7,79.3,59.6,65.4,69.4,72.6,83.2,65.7,74,59.8,69.1,78.7,91.1,89.1,67.8,1.9,4.3,22.4,7.5,15.8,23.3,18.4,14.3,11,11.6,17.8,14.8,12.5,9.3,6.3,3.3,2.3,9.9,6.1,5.6,5.1,4.8,4.9,17.1,16.2,16.3,16.4,5.2,16.5,11.2,27.7,21.6,15,5.6,8.6,22.3
2009,AL,Urbana,Total,92.9,91.1,75.5,89,81.6,62.3,68.2,72.2,75.1,85.1,68.5,76.5,63,72.5,81.6,91.6,89.1,71.1,1.8,3.9,19.9,6.7,14.1,21.9,17.2,13.3,10.6,10.3,16.6,13.6,12.5,9.1,5.9,3.1,2.3,9.6,5.3,5,4.6,4.3,4.3,15.8,14.6,14.5,14.3,4.6,14.9,9.9,24.5,18.4,12.5,5.3,8.6,19.3
2009,SE,Rural,Estadual,93.6,74.1,78.6,78.2,79.7,57.9,66.6,74.1,82.4,79.9,68.7,75,57.7,74.9,80,93.5,--,69.6,2.6,23.8,20.3,18.8,17.8,28.7,24.9,16.4,7.7,17.7,20.6,19,15.1,9,6.9,0.9,--,10.7,3.8,2.1,1.1,3,2.5,13.4,8.5,9.5,9.9,2.4,10.7,6,27.2,16.1,13.1,5.6,--,19.7
2009,SE,Rural,Federal,--,--,--,--,--,--,--,--,--,--,--,--,73.4,81.8,94.4,--,--,81.5,--,--,--,--,--,--,--,--,--,--,--,--,19.5,17,5.6,--,--,15.2,--,--,--,--,--,--,--,--,--,--,--,--,7.1,1.2,0,--,--,3.3
2009,SE,Rural,Municipal,90.6,62.6,71.6,76,78.5,55.6,67.3,73.4,80.8,73.2,65.9,71.1,0,--,--,--,--,0,7,33.9,25.7,21,17.9,34.3,23.8,17.3,10.4,23.6,24.7,24,100,--,--,--,--,100,2.4,3.5,2.7,3,3.6,10.1,8.9,9.3,8.8,3.2,9.4,4.9,0,--,--,--,--,0
2009,SE,Rural,Particular,100,91.8,95.9,88.2,90.4,35.3,50,63.6,80,92.5,55.8,84.2,65.2,--,--,--,--,65.2,0,4.9,4.1,11.8,9.6,61.8,50,31.8,16,6.8,41.1,14.6,26.1,--,--,--,--,26.1,0,3.3,0,0,0,2.9,0,4.6,4,0.7,3.1,1.2,8.7,--,--,--,--,8.7
2009,SE,Rural,Publico,90.8,63,71.9,76.1,78.6,55.8,67.3,73.5,81,73.6,66.1,71.4,60.9,76.5,83.1,93.5,--,72.1,6.7,33.6,25.5,20.9,17.9,33.9,23.9,17.2,10,23.4,24.3,23.6,16,10.9,6.6,0.9,--,11.7,2.5,3.4,2.6,3,3.5,10.3,8.8,9.3,9,3,9.6,5,23.1,12.6,10.3,5.6,--,16.2
2009,SE,Rural,Total,90.8,63,72,76.2,78.6,55.8,67.2,73.5,81,73.6,66.1,71.4,61,76.5,83.1,93.5,--,72,6.6,33.5,25.4,20.9,17.8,34,24,17.2,10.1,23.3,24.4,23.6,16.4,10.9,6.6,0.9,--,11.9,2.6,3.5,2.6,2.9,3.6,10.2,8.8,9.3,8.9,3.1,9.5,5,22.6,12.6,10.3,5.6,--,16.1
2009,SE,Total,Estadual,94.3,72.4,79.6,80.5,81.6,53.4,63.3,68.3,72.8,80.4,62.9,70,55,68.6,77,90.9,78.9,65.1,1.7,22.4,17.5,16.2,14.6,36.6,28.8,23.5,18.1,15.8,28.2,23.1,21.1,13.6,9.3,1.6,10.5,15.6,4,5.2,2.9,3.3,3.8,10,7.9,8.2,9.1,3.8,8.9,6.9,23.9,17.8,13.7,7.5,10.6,19.3
2009,SE,Total,Federal,--,--,--,--,--,98.3,93.7,79.4,85.4,--,88.7,88.7,71,83.8,93.9,--,--,81.6,--,--,--,--,--,1.7,6.3,20.6,14.6,--,11.3,11.3,22.1,13.4,5.2,--,--,14.5,--,--,--,--,--,0,0,0,0,--,0,0,6.9,2.8,0.9,--,--,3.9
2009,SE,Total,Municipal,91.6,62.5,71.8,75.7,77.5,54.3,64.9,71.7,76.7,73.3,63.8,70,70.1,75.6,87.2,87.1,--,80.1,4.4,32.4,25,20.9,18,34.4,25.6,18.6,12.5,22.6,25.8,23.7,18.6,8.1,5.3,0.9,--,8.5,4,5.1,3.2,3.4,4.5,11.3,9.5,9.7,10.8,4.1,10.4,6.3,11.3,16.3,7.5,12,--,11.4
2009,SE,Total,Particular,97.2,95.3,96.9,96.9,96.6,89.6,89.7,90.8,89.9,96.5,90,93.7,83.3,89.7,92.3,100,93.1,88.1,2.2,3.8,2.8,2.8,3.3,10,10,8.7,9.9,3,9.6,5.9,15.3,9.6,6.9,0,6.2,10.9,0.6,0.9,0.3,0.3,0.1,0.4,0.3,0.5,0.2,0.5,0.4,0.4,1.4,0.7,0.8,0,0.7,1
2009,SE,Total,Publico,92.3,64.7,73.6,77,78.7,53.9,64.2,70,74.6,75.1,63.4,70,55.4,69,77.6,90.6,78.9,65.6,3.6,30.2,23.3,19.7,17,35.3,27,21.1,15.6,20.9,26.9,23.5,21.2,13.5,9.1,1.5,10.5,15.5,4.1,5.1,3.1,3.3,4.3,10.8,8.8,8.9,9.8,4,9.7,6.5,23.4,17.5,13.3,7.9,10.6,18.9
2009,SE,Total,Total,93.2,68.4,76.6,79.7,81.1,57.5,67.4,73.2,77.1,78,66.8,73.1,59,72.4,80.1,90.7,88.8,69,3.4,27.1,20.6,17.4,15.2,32.8,24.9,19.2,14.6,18.5,24.7,21.2,20.4,12.9,8.7,1.5,7.5,14.8,3.4,4.5,2.8,2.9,3.7,9.7,7.7,7.6,8.3,3.5,8.5,5.7,20.6,14.7,11.2,7.8,3.7,16.2
2009,SE,Urbana,Estadual,94.3,72.3,79.7,80.7,81.8,53.3,63.2,68.1,72.4,80.4,62.7,69.7,54.9,68.3,76.9,90.7,78.9,64.9,1.6,22.4,17.3,16,14.3,36.9,28.9,23.8,18.5,15.7,28.5,23.4,21.4,13.8,9.4,1.6,10.5,15.8,4.1,5.3,3,3.3,3.9,9.8,7.9,8.1,9.1,3.9,8.8,6.9,23.7,17.9,13.7,7.7,10.6,19.3
2009,SE,Urbana,Federal,--,--,--,--,--,98.3,93.7,79.4,85.4,--,88.7,88.7,68.8,86.2,93.6,--,--,81.7,--,--,--,--,--,1.7,6.3,20.6,14.6,--,11.3,11.3,24.6,9,4.9,--,--,13.9,--,--,--,--,--,0,0,0,0,--,0,0,6.6,4.8,1.5,--,--,4.4
2009,SE,Urbana,Municipal,92.4,62.5,71.9,75.4,76.6,53.4,63.5,70.7,74.4,73.4,62.5,69.1,70.5,75.6,87.2,87.1,--,80.2,2.3,30.9,24.3,20.8,18.2,34.4,26.6,19.3,13.7,21.7,26.4,23.5,18.2,8.1,5.3,0.9,--,8.4,5.3,6.6,3.8,3.8,5.2,12.2,9.9,10,11.9,4.9,11.1,7.4,11.3,16.3,7.5,12,--,11.4
2009,SE,Urbana,Particular,97.2,95.3,96.9,97,96.7,90,89.8,90.9,89.9,96.6,90.1,93.8,83.5,89.7,92.3,100,93.1,88.2,2.2,3.8,2.8,2.7,3.2,9.7,9.9,8.6,9.8,3,9.5,5.8,15.2,9.6,6.9,0,6.2,10.9,0.6,0.9,0.3,0.3,0.1,0.3,0.3,0.5,0.3,0.4,0.4,0.4,1.3,0.7,0.8,0,0.7,0.9
2009,SE,Urbana,Publico,93.1,66,74.7,77.5,78.9,53.4,63.4,69.1,73.1,76.1,62.7,69.4,55.1,68.6,77.3,90.5,78.9,65.3,2.1,27.9,21.8,18.8,16.5,35.7,27.9,22.1,16.9,19.3,27.6,23.4,21.4,13.7,9.2,1.5,10.5,15.7,4.8,6.1,3.5,3.7,4.6,10.9,8.7,8.8,10,4.6,9.7,7.2,23.5,17.7,13.5,8,10.6,19
2009,SE,Urbana,Total,94.1,71.3,79,81.5,82.3,58,67.5,73.2,76.4,80.2,67,73.8,58.9,72.3,80,90.5,88.8,68.8,2.1,23.5,18.1,15.6,13.9,32.5,25.1,19.6,15.5,16.1,24.7,20.3,20.6,13,8.8,1.5,7.5,15,3.8,5.2,2.9,2.9,3.8,9.5,7.4,7.2,8.1,3.7,8.3,5.9,20.5,14.7,11.2,8,3.7,16.2
2009,BA,Rural,Estadual,33.3,57.2,60.5,70.6,67.2,65,73.4,75,81,63.4,72.9,71.2,66.3,76.7,83.4,90.7,62.7,74.2,50,28.8,25.6,17.5,22.1,21.8,15.4,12.6,8.6,23.8,15.2,16.7,10.1,7.1,4.9,3.8,15.1,7.8,16.7,14,13.9,11.9,10.7,13.2,11.2,12.4,10.4,12.8,11.9,12.1,23.6,16.2,11.7,5.5,22.2,18
2009,BA,Rural,Federal,--,--,--,--,--,--,--,--,--,--,--,--,79.6,92.3,95.4,--,74.3,85.5,--,--,--,--,--,--,--,--,--,--,--,--,14.1,5.7,3.7,--,24.3,11.2,--,--,--,--,--,--,--,--,--,--,--,--,6.3,2,0.9,--,1.4,3.3
2009,BA,Rural,Municipal,88.1,70.5,72.4,76.5,81,65.9,74.6,79.3,84.6,76.3,74.5,75.8,75.5,84.7,93.4,96.3,94.4,84.3,7.9,22.5,22.1,18,13.5,22.3,15.7,11.4,7.7,18,15.5,17.2,7.6,4.2,1.4,0.3,0,4.5,4,7,5.5,5.5,5.5,11.8,9.7,9.3,7.7,5.7,10,7,16.9,11.1,5.2,3.4,5.6,11.2
2009,BA,Rural,Particular,95.7,94.8,97,95.8,97.1,97.4,95.7,91.4,88.3,96.1,92.4,94.7,86,91.5,97.3,--,--,91.4,3.9,3.3,2.3,3.8,2.2,2.6,4.3,7.6,11.3,3.1,7.2,4.6,11.3,5.5,2.3,--,--,6.6,0.4,1.9,0.7,0.4,0.7,0,0,1,0.4,0.8,0.4,0.7,2.7,3,0.4,--,--,2
2009,BA,Rural,Publico,88.1,70.4,72.3,76.5,80.9,65.9,74.5,79.1,84.4,76.3,74.5,75.7,69.3,79.5,87,93.7,71.5,77.6,8,22.5,22.2,18,13.5,22.2,15.6,11.5,7.7,18,15.5,17.2,9.6,6.2,3.8,1.9,16.4,7,3.9,7.1,5.5,5.5,5.6,11.9,9.9,9.4,7.9,5.7,10,7.1,21.1,14.3,9.2,4.4,12.1,15.4
2009,BA,Rural,Total,88.1,70.5,72.4,76.6,81,66,74.6,79.1,84.5,76.3,74.5,75.8,69.8,80,87.4,93.7,71.5,78,7.9,22.5,22.1,18,13.5,22.2,15.6,11.5,7.8,18,15.4,17.2,9.6,6.2,3.7,1.9,16.4,7,4,7,5.5,5.4,5.5,11.8,9.8,9.4,7.7,5.7,10.1,7,20.6,13.8,8.9,4.4,12.1,15
2009,BA,Total,Estadual,80.2,59.8,65.9,72.3,74.6,57.5,65.2,67.9,72.1,69.7,65,65.6,59.8,70.2,77,84.5,55.7,67.7,10.3,28.5,24.8,19.4,17.2,28.8,23.5,20.9,17.3,21.2,23.2,22.9,15.8,10.8,8.6,6.3,11.8,12.3,9.5,11.7,9.3,8.3,8.2,13.7,11.3,11.2,10.6,9.1,11.8,11.5,24.4,19,14.4,9.2,32.5,20
2009,BA,Total,Federal,--,--,--,--,--,97.8,85.5,95.8,97.6,--,93.9,93.9,69.3,85.9,90.8,87.2,74.3,79.6,--,--,--,--,--,2.2,14.5,4.2,2.4,--,6.1,6.1,26.6,12.4,8.6,12.8,24.3,18,--,--,--,--,--,0,0,0,0,--,0,0,4.1,1.7,0.6,0,1.4,2.4
2009,BA,Total,Municipal,89.9,73.7,72.2,78.2,80.9,63.3,71,75.5,81.6,77.8,71.3,75.5,70.7,83.2,90.5,96.2,64.9,81.9,5.4,19.4,22.5,16.4,13.8,24,18.3,14.4,9.7,16.6,17.9,17,9.8,4.6,3.2,0.3,3.7,5.6,4.7,6.9,5.3,5.4,5.3,12.7,10.7,10.1,8.7,5.6,10.8,7.5,19.5,12.2,6.3,3.5,31.4,12.5
2009,BA,Total,Particular,96,96.3,97.3,97.4,97.4,92.8,92.3,91.6,92.7,97,92.4,95.1,86.9,93.1,96.2,98.6,95.8,91.7,3.1,3.2,2.3,2.3,2.3,6.7,7.3,8,6.8,2.6,7.2,4.5,12.3,6.3,3.4,0,4.2,7.7,0.9,0.5,0.4,0.3,0.3,0.5,0.4,0.4,0.5,0.4,0.4,0.4,0.8,0.6,0.4,1.4,0,0.6
2009,BA,Total,Publico,89.8,73.2,71.9,77.9,80.5,61.4,69,72.6,77.8,77.4,69,73.7,60.2,70.7,77.6,88.3,56.8,68.2,5.4,19.7,22.6,16.5,14,25.6,20.2,16.9,12.8,16.7,19.8,18.1,15.7,10.7,8.4,4.7,11.6,12.1,4.8,7.1,5.5,5.6,5.5,13,10.8,10.5,9.4,5.9,11.2,8.2,24.1,18.6,14,7,31.6,19.7
2009,BA,Total,Total,90.3,75.2,74,79.6,81.9,63.2,70.6,74,79,79.1,70.6,75.3,61.7,72.2,78.9,88.6,57,69.7,5.2,18.3,20.9,15.3,13,24.5,19.3,16.2,12.3,15.6,18.9,17.1,15.5,10.4,8,4.5,11.6,11.8,4.5,6.5,5.1,5.1,5.1,12.3,10.1,9.8,8.7,5.3,10.5,7.6,22.8,17.4,13.1,6.9,31.4,18.5
2009,BA,Urbana,Estadual,80.9,60,66.2,72.4,74.8,57.3,64.9,67.7,71.9,70,64.7,65.4,59.6,70,76.8,83.8,55.4,67.5,9.8,28.4,24.8,19.5,17,29,23.8,21.2,17.5,21.1,23.4,23.1,16,11,8.7,6.5,11.7,12.4,9.3,11.6,9,8.1,8.2,13.7,11.3,11.1,10.6,8.9,11.9,11.5,24.4,19,14.5,9.7,32.9,20.1
2009,BA,Urbana,Federal,--,--,--,--,--,97.8,85.5,95.8,97.6,--,93.9,93.9,67.3,84.8,89.7,87.2,--,78.3,--,--,--,--,--,2.2,14.5,4.2,2.4,--,6.1,6.1,29,13.7,9.7,12.8,--,19.5,--,--,--,--,--,0,0,0,0,--,0,0,3.7,1.5,0.6,0,--,2.2
2009,BA,Urbana,Municipal,91.1,76.3,72,79.5,80.8,61.9,69.1,73.3,79.8,78.9,69.5,75.3,66.9,81.8,88.8,96.2,59.5,80.2,3.6,16.8,22.7,15,14,25,19.8,16.2,10.9,15.5,19.2,16.9,11.6,5,4.4,0.3,4.3,6.3,5.3,6.9,5.3,5.5,5.2,13.1,11.1,10.5,9.3,5.6,11.3,7.8,21.5,13.2,6.8,3.5,36.2,13.5
2009,BA,Urbana,Particular,96,96.3,97.3,97.4,97.4,92.7,92.3,91.6,92.8,97,92.4,95.1,86.9,93.2,96.2,98.6,95.8,91.7,3.1,3.2,2.3,2.3,2.3,6.8,7.4,8,6.8,2.6,7.2,4.5,12.3,6.3,3.4,0,4.2,7.7,0.9,0.5,0.4,0.3,0.3,0.5,0.3,0.4,0.4,0.4,0.4,0.4,0.8,0.5,0.4,1.4,0,0.6
2009,BA,Urbana,Publico,90.9,75.5,71.6,78.9,80.2,59.9,67.2,70.6,75.8,78.3,67.3,72.6,59.7,70.3,77.2,87.5,55.7,67.8,3.7,17.4,22.9,15.4,14.3,26.7,21.6,18.6,14.3,15.8,21.2,18.6,16,10.9,8.6,5.1,11.3,12.3,5.4,7.1,5.5,5.7,5.5,13.4,11.2,10.8,9.9,5.9,11.5,8.8,24.3,18.8,14.2,7.4,33,19.9
2009,BA,Urbana,Total,91.6,78.5,74.9,81.5,82.4,62.4,69.5,72.6,77.5,80.8,69.5,75.1,61.3,71.9,78.5,87.9,55.9,69.3,3.6,15.4,20.2,13.6,12.7,25.2,20.3,17.6,13.5,14.1,19.9,17,15.8,10.6,8.2,4.9,11.2,12,4.8,6.1,4.9,4.9,4.9,12.4,10.2,9.8,9,5.1,10.6,7.9,22.9,17.5,13.3,7.2,32.9,18.7
2009,MG,Rural,Estadual,97.6,98.5,93.3,98.6,92.9,76.3,85,85.1,87.6,96,83.1,89.3,83.2,89.4,94,--,--,88.1,0.7,0.5,5.8,0.3,5.5,19.2,11.8,9.7,8.6,2.8,12.7,7.9,7.3,3.2,2.3,--,--,4.7,1.7,1,0.9,1.1,1.6,4.5,3.2,5.2,3.8,1.2,4.2,2.8,9.5,7.4,3.7,--,--,7.2
2009,MG,Rural,Federal,--,--,--,--,--,--,--,--,--,--,--,--,78.9,83.8,95.9,--,--,85.2,--,--,--,--,--,--,--,--,--,--,--,--,18,15.5,3.5,--,--,13.2,--,--,--,--,--,--,--,--,--,--,--,--,3.1,0.7,0.6,--,--,1.6
2009,MG,Rural,Municipal,95.7,86.6,83.5,91.8,89.3,74.4,82.3,87.2,89.2,89,82.6,87.6,68.6,83.2,88.7,--,81.8,78.9,2.8,12.3,15.3,7.2,9.3,20.4,13.4,8.6,6.3,9.8,12.8,10.5,17.8,8.7,7.1,--,9.1,11.9,1.5,1.1,1.2,1,1.4,5.2,4.3,4.2,4.5,1.2,4.6,1.9,13.6,8.1,4.2,--,9.1,9.2
2009,MG,Rural,Particular,100,94.7,95.2,100,100,86.1,92.2,92.9,94.7,97.9,90.9,93.1,89.4,95.1,100,--,--,93.7,0,5.3,2.4,0,0,10.2,3.9,7.1,4.4,1.7,6.9,5.2,6.2,1.5,0,--,--,3.3,0,0,2.4,0,0,3.7,3.9,0,0.9,0.4,2.2,1.7,4.4,3.4,0,--,--,3
2009,MG,Rural,Publico,96,88.2,85,92.8,89.9,75.2,83.3,86.3,88.6,90,82.8,88,81.5,88.1,93.8,--,81.8,86.9,2.5,10.7,13.9,6.2,8.7,19.9,12.8,9.1,7.2,8.8,12.8,9.9,9.6,5.5,2.9,--,9.1,6.5,1.5,1.1,1.1,1,1.4,4.9,3.9,4.6,4.2,1.2,4.4,2.1,8.9,6.4,3.3,--,9.1,6.6
2009,MG,Rural,Total,96,88.2,85,92.8,89.9,75.2,83.4,86.3,88.6,90,82.8,88,81.9,88.3,94.1,--,81.8,87.2,2.5,10.7,13.9,6.2,8.7,19.8,12.8,9.1,7.2,8.8,12.7,9.9,9.4,5.3,2.8,--,9.1,6.4,1.5,1.1,1.1,1,1.4,5,3.8,4.6,4.2,1.2,4.5,2.1,8.7,6.4,3.1,--,9.1,6.4
2009,MG,Total,Estadual,98.7,98.9,94.3,98.1,94.5,77.4,82.8,80.8,79.7,96.7,80,86.3,69.9,79.4,83.1,86.9,78.3,76.6,0.4,0.4,5,0.9,4.5,16.9,14.3,13.1,15.4,2.4,15,10.3,17.1,10.4,9.1,2.1,6.5,12.7,0.9,0.7,0.7,1,1,5.7,2.9,6.1,4.9,0.9,5,3.4,13,10.2,7.8,11,15.2,10.7
2009,MG,Total,Federal,99.1,97.5,98.4,99.5,98,96,90.3,93.9,89.6,98.5,92.4,94.7,78.3,85.2,93.9,97.5,--,85.1,0.4,2.5,1.6,0.5,2,4,9.7,6.1,9.9,1.4,7.5,5.2,20.1,14.3,5.7,2.5,--,14,0.5,0,0,0,0,0,0,0,0.5,0.1,0.1,0.1,1.6,0.5,0.4,0,--,0.9
2009,MG,Total,Municipal,96.7,90,85.1,92.4,90.9,78,82,85.2,83.2,90.7,81.8,88.2,67.8,76.5,86.5,100,98.6,76.5,2.4,9.1,14.1,6.6,8,18.2,14.8,10.9,12.7,8.3,14.5,10.1,25.1,16.9,8.9,0,0.7,17.4,0.9,0.9,0.8,1,1.1,3.8,3.2,3.9,4.1,1,3.7,1.7,7.1,6.6,4.6,0,0.7,6.1
2009,MG,Total,Particular,98.7,98.2,98.5,98.4,98.4,94.9,94,93.8,93.4,98.5,94.1,96.5,88.3,93.6,96,99.6,75.7,92.4,1,1.7,1.4,1.5,1.6,4.9,5.9,5.9,6.3,1.4,5.8,3.4,11,5.9,3.8,0,9.7,7,0.3,0.1,0.1,0.1,0,0.2,0.1,0.3,0.3,0.1,0.1,0.1,0.7,0.5,0.2,0.4,14.6,0.6
2009,MG,Total,Publico,97.4,93,88.5,94.6,92.3,77.6,82.5,82,80.8,92.9,80.6,87.2,70,79.5,83.3,88.6,79.9,76.7,1.7,6.1,10.8,4.4,6.6,17.3,14.5,12.5,14.6,6.2,14.8,10.2,17.4,10.6,9,2.1,6.1,12.9,0.9,0.9,0.7,1,1.1,5.1,3,5.5,4.6,0.9,4.6,2.6,12.6,9.9,7.7,9.3,14,10.4
2009,MG,Total,Total,97.5,93.5,89.2,94.9,92.9,78.9,83.6,82.9,81.9,93.4,81.7,88,71.6,81,84.8,89.4,78.8,78.4,1.6,5.7,10.1,4.2,6.2,16.4,13.7,12,13.9,5.8,14.1,9.6,16.8,10.1,8.4,2,7,12.3,0.9,0.8,0.7,0.9,0.9,4.7,2.7,5.1,4.2,0.8,4.2,2.4,11.6,8.9,6.8,8.6,14.2,9.3
2009,MG,Urbana,Estadual,98.8,98.9,94.4,98,94.6,77.4,82.7,80.6,79.4,96.8,79.9,86.2,69.6,79.3,82.9,86.9,78.3,76.4,0.3,0.4,5,0.9,4.5,16.8,14.4,13.2,15.7,2.4,15.1,10.4,17.3,10.5,9.2,2.1,6.5,12.9,0.9,0.7,0.6,1.1,0.9,5.8,2.9,6.2,4.9,0.8,5,3.4,13.1,10.2,7.9,11,15.2,10.7
2009,MG,Urbana,Federal,99.1,97.5,98.4,99.5,98,96,90.3,93.9,89.6,98.5,92.4,94.7,78.2,85.6,93.3,97.5,--,85.1,0.4,2.5,1.6,0.5,2,4,9.7,6.1,9.9,1.4,7.5,5.2,20.6,13.9,6.3,2.5,--,14.2,0.5,0,0,0,0,0,0,0,0.5,0.1,0.1,0.1,1.2,0.5,0.4,0,--,0.7
2009,MG,Urbana,Municipal,96.9,90.8,85.5,92.5,91.3,78.5,82,84.9,82.3,91.1,81.7,88.3,67.8,75.9,86.4,100,100,76.3,2.3,8.3,13.8,6.5,7.7,17.9,14.9,11.3,13.7,8,14.7,10,25.6,17.5,9,0,0,17.7,0.8,0.9,0.7,1,1,3.6,3.1,3.8,4,0.9,3.6,1.7,6.6,6.6,4.6,0,0,6
2009,MG,Urbana,Particular,98.7,98.3,98.5,98.4,98.4,95,94,93.9,93.4,98.5,94.1,96.5,88.3,93.6,96,99.6,75.7,92.4,1,1.7,1.4,1.5,1.6,4.9,5.9,5.9,6.3,1.4,5.7,3.4,11.1,5.9,3.8,0,9.7,7.1,0.3,0,0.1,0.1,0,0.1,0.1,0.2,0.3,0.1,0.2,0.1,0.6,0.5,0.2,0.4,14.6,0.5
2009,MG,Urbana,Publico,97.6,93.9,89.1,94.9,92.7,77.7,82.5,81.7,80.2,93.4,80.4,87.1,69.7,79.3,83.1,88.6,79.9,76.5,1.6,5.3,10.3,4.1,6.3,17.1,14.6,12.8,15.1,5.8,15,10.2,17.6,10.7,9.2,2.1,6.1,13,0.8,0.8,0.6,1,1,5.2,2.9,5.5,4.7,0.8,4.6,2.7,12.7,10,7.7,9.3,14,10.5
2009,MG,Urbana,Total,97.7,94.3,89.9,95.2,93.3,79.1,83.6,82.7,81.5,93.9,81.6,88,71.4,80.8,84.6,89.4,78.8,78.2,1.5,4.9,9.5,3.9,5.8,16.1,13.8,12.2,14.3,5.3,14.1,9.6,17,10.2,8.5,2,7,12.4,0.8,0.8,0.6,0.9,0.9,4.8,2.6,5.1,4.2,0.8,4.3,2.4,11.6,9,6.9,8.6,14.2,9.4
2009,ES,Rural,Estadual,97.3,96.4,90.3,92.9,95.7,89.2,89.4,93.1,92.7,94,90.9,92.7,80.1,86.4,92.3,--,--,85.4,0.7,2.6,8,5.7,3,7.3,7.5,3.9,3.8,4.6,5.8,5.1,6.1,3.8,1.4,--,--,4.1,2,1,1.7,1.4,1.3,3.5,3.1,3,3.5,1.4,3.3,2.2,13.8,9.8,6.3,--,--,10.5
2009,ES,Rural,Federal,--,--,--,--,--,--,--,--,--,--,--,--,87.6,93.3,98.8,--,--,91.8,--,--,--,--,--,--,--,--,--,--,--,--,12.4,6.7,1.2,--,--,8.2,--,--,--,--,--,--,--,--,--,--,--,--,0,0,0,--,--,0
2009,ES,Rural,Municipal,97.6,86.7,86.8,90.4,93.8,80.3,83,87.6,92.8,90.6,85.1,88.9,92.6,100,90,100,--,95.5,1.4,12.3,12.4,8.8,5.4,16.1,13.6,9.4,4.7,8.6,11.7,9.5,7.4,0,10,0,--,4.5,1,1,0.8,0.8,0.8,3.6,3.4,3,2.5,0.8,3.2,1.6,0,0,0,0,--,0
2009,ES,Rural,Particular,--,100,80,72.7,81.3,80,84.9,84,83.8,80.6,83.3,83.1,88.4,94.1,92.2,95.3,--,92,--,0,13.3,18.2,18.7,15.6,11,11.6,9.5,14.5,11.8,12,7.6,3.3,4.4,0.9,--,4.7,--,0,6.7,9.1,0,4.4,4.1,4.4,6.7,4.9,4.9,4.9,4,2.6,3.4,3.8,--,3.3
2009,ES,Rural,Publico,97.6,88,87.4,90.8,94.1,82.1,84.5,88.9,92.8,91.1,86.4,89.6,81.9,87.7,93.3,100,--,86.7,1.3,11,11.7,8.3,5,14.2,12.2,8.1,4.5,8,10.3,8.7,7.5,4.2,1.5,0,--,4.9,1.1,1,0.9,0.9,0.9,3.7,3.3,3,2.7,0.9,3.3,1.7,10.6,8.1,5.2,0,--,8.4
2009,ES,Rural,Total,97.6,88,87.3,90.8,94,82.1,84.5,88.7,92.3,91.1,86.3,89.5,82.8,88.8,93.2,96,--,87.7,1.3,11,11.7,8.3,5.1,14.3,12.1,8.3,4.8,8,10.4,8.8,7.5,4,2,0.8,--,4.8,1.1,1,1,0.9,0.9,3.6,3.4,3,2.9,0.9,3.3,1.7,9.7,7.2,4.8,3.2,--,7.5
2009,ES,Total,Estadual,97,95.7,87.3,89.8,91.9,77.7,79.1,80.3,79.5,91.3,79.1,83.7,63.7,73.1,80.9,73.4,79.2,71.3,0.8,1.8,10.5,8,5.8,16.4,15.4,14.4,13.8,6.3,15.1,11.8,21,15,9.8,16.5,18.9,16.1,2.2,2.5,2.2,2.2,2.3,5.9,5.5,5.3,6.7,2.4,5.8,4.5,15.3,11.9,9.3,10.1,1.9,12.6
2009,ES,Total,Federal,--,--,--,--,--,--,--,--,--,--,--,--,83.1,94.8,95.8,100,92.6,89.8,--,--,--,--,--,--,--,--,--,--,--,--,16.6,5.2,4.2,0,6.5,9.8,--,--,--,--,--,--,--,--,--,--,--,--,0.3,0,0,0,0.9,0.4
2009,ES,Total,Municipal,97.8,89.3,84.9,87.9,90.4,73.5,75.4,78.7,83.5,89.4,77.2,84.5,92.6,100,90,100,--,95.5,1.1,9.7,14.1,11.1,8.4,22.9,20.6,18,11.9,9.5,19,13.3,7.4,0,10,0,--,4.5,1.1,1,1,1,1.2,3.6,4,3.3,4.6,1.1,3.8,2.2,0,0,0,0,--,0
2009,ES,Total,Particular,98.8,98.6,98.8,98.9,98.4,95.4,94.1,94.8,93,98.7,94.3,96.6,89.1,94.7,98.9,95.3,--,94.1,0.8,1,1.1,0.9,1.4,4.3,5.5,5,6.7,1.1,5.4,3.1,10.3,4.9,0.7,0.9,--,5.5,0.4,0.4,0.1,0.2,0.2,0.3,0.4,0.2,0.3,0.2,0.3,0.3,0.6,0.4,0.4,3.8,--,0.4
2009,ES,Total,Publico,97.7,90.5,85.4,88.3,90.7,75,76.7,79.3,81.9,89.8,77.9,84.3,64.2,73.4,81.1,80.1,91.8,71.8,1.1,8.2,13.4,10.4,7.8,20.6,18.7,16.6,12.7,8.9,17.5,12.9,20.9,14.9,9.7,12.3,7.2,16,1.2,1.3,1.2,1.3,1.5,4.4,4.6,4.1,5.4,1.3,4.6,2.8,14.9,11.7,9.2,7.6,1,12.2
2009,ES,Total,Total,97.9,91.4,86.7,89.4,91.6,77.1,78.7,81.2,83.4,90.8,79.8,85.7,67.2,76.4,84,83.8,91.8,74.8,1.1,7.4,12.1,9.4,7.1,18.9,17.2,15.2,11.9,8,16.1,11.8,19.6,13.5,8.3,9.6,7.2,14.5,1,1.2,1.2,1.2,1.3,4,4.1,3.6,4.7,1.2,4.1,2.5,13.2,10.1,7.7,6.6,1,10.7
2009,ES,Urbana,Estadual,96.9,95.6,86.9,89.3,91.4,77.1,78.5,79.5,78.8,91,78.4,82.9,63.3,72.8,80.5,73.4,79.2,70.9,0.8,1.7,10.9,8.3,6.2,16.9,15.9,15,14.4,6.6,15.6,12.4,21.4,15.4,10,16.5,18.9,16.5,2.3,2.7,2.2,2.4,2.4,6,5.6,5.5,6.8,2.4,6,4.7,15.3,11.8,9.5,10.1,1.9,12.6
2009,ES,Urbana,Federal,--,--,--,--,--,--,--,--,--,--,--,--,81.1,96,93.7,100,92.6,89.2,--,--,--,--,--,--,--,--,--,--,--,--,18.5,4,6.3,0,6.5,10.3,--,--,--,--,--,--,--,--,--,--,--,--,0.4,0,0,0,0.9,0.5
2009,ES,Urbana,Municipal,97.9,89.9,84.5,87.4,89.8,72.6,74.5,77.5,82.5,89.2,76.2,83.8,--,--,--,--,--,--,1.1,9.1,14.4,11.5,9,23.7,21.4,19.1,12.7,9.7,19.9,13.9,--,--,--,--,--,--,1,1,1.1,1.1,1.2,3.7,4.1,3.4,4.8,1.1,3.9,2.3,--,--,--,--,--,--
2009,ES,Urbana,Particular,98.8,98.6,98.8,99,98.5,95.8,94.4,95.1,93.3,98.7,94.6,96.8,89.1,94.7,99.1,--,--,94.2,0.8,1,1.1,0.9,1.4,4,5.4,4.8,6.6,1,5.2,3,10.4,5,0.6,--,--,5.5,0.4,0.4,0.1,0.1,0.1,0.2,0.2,0.1,0.1,0.3,0.2,0.2,0.5,0.3,0.3,--,--,0.3
2009,ES,Urbana,Publico,97.8,91,85,87.8,90.1,74.3,76,78.3,80.9,89.6,77.1,83.5,63.6,72.9,80.7,79,91.8,71.2,1.1,7.7,13.7,10.8,8.3,21.2,19.3,17.5,13.4,9.1,18.2,13.5,21.4,15.3,10,13,7.2,16.4,1.1,1.3,1.3,1.4,1.6,4.5,4.7,4.2,5.7,1.3,4.7,3,15,11.8,9.3,8,1,12.4
2009,ES,Urbana,Total,98,92,86.6,89.2,91.2,76.6,78.2,80.5,82.7,90.8,79.2,85.2,66.6,75.9,83.7,79,91.8,74.3,1,6.8,12.2,9.6,7.4,19.3,17.7,15.8,12.5,8,16.6,12.2,20.1,13.9,8.5,13,7.2,14.9,1,1.2,1.2,1.2,1.4,4.1,4.1,3.7,4.8,1.2,4.2,2.6,13.3,10.2,7.8,8,1,10.8
2009,RJ,Rural,Estadual,82.9,82.9,63.8,92,73.9,66.1,69.8,74.2,79.2,76.8,71.6,72.6,57,71.6,83.5,93.8,50.8,68.3,7.4,7.6,33.5,6.3,21.3,26.5,24.2,20.3,14.6,18.7,22.1,21.4,22.8,13.5,5.8,4.8,1.2,15.1,9.7,9.5,2.7,1.7,4.8,7.4,6,5.5,6.2,4.5,6.3,6,20.2,14.9,10.7,1.4,48,16.6
2009,RJ,Rural,Federal,--,--,--,--,--,--,--,--,--,--,--,--,91.1,--,--,--,--,91.1,--,--,--,--,--,--,--,--,--,--,--,--,3.8,--,--,--,--,3.8,--,--,--,--,--,--,--,--,--,--,--,--,5.1,--,--,--,--,5.1
2009,RJ,Rural,Municipal,75.6,75.4,78,82.9,86,73.1,75.9,80.6,86.1,79.5,77.8,79.1,72.4,92.3,93.8,88.2,--,82.9,22,23.5,20.4,15.2,12.4,23,20.8,16.2,11.2,18.8,18.9,18.8,15.5,3.1,0,5.9,--,8.5,2.4,1.1,1.6,1.9,1.6,3.9,3.3,3.2,2.7,1.7,3.3,2.1,12.1,4.6,6.2,5.9,--,8.6
2009,RJ,Rural,Particular,90.2,95.7,96.6,97.8,96.8,87.8,91.1,92.3,91.7,95.4,90.6,93.8,85.7,87.9,96.3,--,--,89.5,8.8,3,2.8,2,2.9,12.2,8.9,7.4,8.3,4,9.4,5.7,14.3,12.1,3.7,--,--,10.5,1,1.3,0.6,0.2,0.3,0,0,0.3,0,0.6,0,0.5,0,0,0,--,--,0
2009,RJ,Rural,Publico,75.7,75.6,77.3,83.3,85.1,70.6,73.7,78,83.3,79.3,75.4,78.2,58,72,83.7,93.4,50.8,68.8,21.8,23.1,21,14.9,13,24.3,22,17.9,12.6,18.8,20.1,19.2,22.3,13.3,5.7,4.9,1.2,14.9,2.5,1.3,1.7,1.8,1.9,5.1,4.3,4.1,4.1,1.9,4.5,2.6,19.7,14.7,10.6,1.7,48,16.3
2009,RJ,Rural,Total,76.1,76.1,77.8,83.7,85.4,71.1,74.2,78.5,83.6,79.8,75.9,78.6,59.2,73,84.5,93.4,50.8,69.9,21.5,22.6,20.6,14.5,12.7,23.9,21.7,17.5,12.5,18.4,19.8,18.8,22,13.2,5.5,4.9,1.2,14.7,2.4,1.3,1.6,1.8,1.9,5,4.1,4,3.9,1.8,4.3,2.6,18.8,13.8,10,1.7,48,15.4
2009,RJ,Total,Estadual,88.1,89.3,66.4,91.2,74.8,63.4,66.2,68.8,71.6,79.3,67.2,69.7,51.5,64.3,76.3,91.4,78.1,62,7.5,7,30.5,6.1,21.9,28.8,26.9,23.9,20.2,17.4,25.2,23.6,28.9,19.7,11.5,5.3,4.8,21.5,4.4,3.7,3.1,2.7,3.3,7.8,6.9,7.3,8.2,3.3,7.6,6.7,19.6,16,12.2,3.3,17.1,16.5
2009,RJ,Total,Federal,94.5,94.1,95.6,94.1,94.7,84.6,86.9,83,87.3,94.6,85.4,88.9,78.6,85.7,93.9,--,89.3,85.8,5.2,5.9,4.2,5.9,5.1,15.1,12.9,16.9,12.6,5.2,14.4,11,19.4,13.7,5.7,--,9.5,13.1,0.3,0,0.2,0,0.2,0.3,0.2,0.1,0.1,0.2,0.2,0.1,2,0.6,0.4,--,1.2,1.1
2009,RJ,Total,Municipal,86.8,84.7,79.1,85.6,86.7,69.1,73.4,75.6,79.2,84.4,73.6,80.5,65.5,75.3,87.7,82.3,--,74.9,10.5,13.7,19.1,12.6,11.1,26.8,22.2,21,16.4,13.6,22.3,16.7,25.4,18.2,7.2,8.2,--,17.8,2.7,1.6,1.8,1.8,2.2,4.1,4.4,3.4,4.4,2,4.1,2.8,9.1,6.5,5.1,9.5,--,7.3
2009,RJ,Total,Particular,94.3,97.1,97.3,97.2,96.9,92.9,91.2,91.8,91.1,96.6,91.8,94.5,84.3,89.8,95.7,90.7,93.5,89.6,4.8,2.5,2.4,2.6,2.9,6.8,8.4,7.9,8.4,3,7.8,5.1,15,9.6,3.9,7.1,6,9.8,0.9,0.4,0.3,0.2,0.2,0.3,0.4,0.3,0.5,0.4,0.4,0.4,0.7,0.6,0.4,2.2,0.5,0.6
2009,RJ,Total,Publico,86.9,85,77.9,86.2,85.1,67.1,70.6,72.8,75.9,84,71.1,78,52.2,65,76.9,91.1,81.3,62.8,10.3,13.2,20.2,12,12.5,27.5,24,22.2,18,13.9,23.4,18.3,28.7,19.5,11.3,5.4,6.1,21.2,2.8,1.8,1.9,1.8,2.4,5.4,5.4,5,6.1,2.1,5.5,3.7,19.1,15.5,11.8,3.5,12.6,16
2009,RJ,Total,Total,88.3,87.2,81.1,88.1,87.2,70.9,74.1,76.1,78.6,86.3,74.5,80.9,56.1,68.7,80.2,91.1,83.6,66.6,9.3,11.3,17.2,10.3,10.8,24.4,21.4,19.7,16.3,11.9,20.9,16,27,18,10.1,5.4,6.1,19.6,2.4,1.5,1.7,1.6,2,4.7,4.5,4.2,5.1,1.8,4.6,3.1,16.9,13.3,9.7,3.5,10.3,13.8
2009,RJ,Urbana,Estadual,88.3,89.5,66.5,91.2,74.9,63.2,66,68.6,71.3,79.5,67,69.6,51.3,64.1,76.1,91.3,79.3,61.8,7.5,7,30.4,6.1,21.9,28.9,27,24.1,20.4,17.4,25.3,23.7,29.1,19.8,11.7,5.3,4.9,21.6,4.2,3.5,3.1,2.7,3.2,7.9,7,7.3,8.3,3.1,7.7,6.7,19.6,16.1,12.2,3.4,15.8,16.6
2009,RJ,Urbana,Federal,94.5,94.1,95.6,94.1,94.7,84.6,86.9,83,87.3,94.6,85.4,88.9,78.3,85.7,93.9,--,89.3,85.7,5.2,5.9,4.2,5.9,5.1,15.1,12.9,16.9,12.6,5.2,14.4,11,19.6,13.7,5.7,--,9.5,13.1,0.3,0,0.2,0,0.2,0.3,0.2,0.1,0.1,0.2,0.2,0.1,2.1,0.6,0.4,--,1.2,1.2
2009,RJ,Urbana,Municipal,88.1,85.7,79.2,85.9,86.7,69,73.3,75.4,78.9,84.9,73.4,80.7,65.3,74.8,87.5,81.8,--,74.7,9.2,12.5,19,12.3,11,27,22.3,21.2,16.6,13,22.5,16.5,25.8,18.6,7.4,8.4,--,18.1,2.7,1.8,1.8,1.8,2.3,4,4.4,3.4,4.5,2.1,4.1,2.8,8.9,6.6,5.1,9.8,--,7.2
2009,RJ,Urbana,Particular,94.4,97.1,97.3,97.2,96.9,92.9,91.2,91.8,91.1,96.6,91.8,94.5,84.3,89.8,95.7,90.7,93.5,89.6,4.8,2.5,2.4,2.6,2.9,6.7,8.4,7.9,8.4,3,7.8,5.1,15,9.6,3.9,7.1,6,9.8,0.8,0.4,0.3,0.2,0.2,0.4,0.4,0.3,0.5,0.4,0.4,0.4,0.7,0.6,0.4,2.2,0.5,0.6
2009,RJ,Urbana,Publico,88.1,86,77.9,86.4,85.1,66.9,70.5,72.6,75.6,84.5,70.9,78,52,64.8,76.8,91,82.2,62.7,9.1,12.1,20.1,11.7,12.5,27.7,24.1,22.4,18.2,13.4,23.6,18.2,28.9,19.7,11.5,5.4,6.3,21.4,2.8,1.9,2,1.9,2.4,5.4,5.4,5,6.2,2.1,5.5,3.8,19.1,15.5,11.7,3.6,11.5,15.9
2009,RJ,Urbana,Total,89.4,88.2,81.4,88.5,87.4,70.9,74,76,78.4,86.8,74.5,81,56.1,68.6,80.1,91,84.4,66.6,8.2,10.2,16.9,10,10.6,24.5,21.4,19.8,16.4,11.4,20.9,15.9,27.1,18.1,10.1,5.4,6.2,19.7,2.4,1.6,1.7,1.5,2,4.6,4.6,4.2,5.2,1.8,4.6,3.1,16.8,13.3,9.8,3.6,9.4,13.7
2009,SP,Rural,Estadual,98.8,98.3,99.3,99.3,93.3,96.3,96.1,95.2,90,97.3,94.5,95.4,84.6,88.7,92.8,--,0,88,1.2,1.4,0.6,0.5,6.6,2.6,2.8,3.8,8,2.5,4.3,3.7,12.4,8.4,4.1,--,100,9,0,0.3,0.1,0.2,0.1,1.1,1.1,1,2,0.2,1.2,0.9,3,2.9,3.1,--,0,3
2009,SP,Rural,Federal,--,--,--,--,--,--,--,--,--,--,--,--,--,--,--,--,--,--,--,--,--,--,--,--,--,--,--,--,--,--,--,--,--,--,--,--,--,--,--,--,--,--,--,--,--,--,--,--,--,--,--,--,--,--
2009,SP,Rural,Municipal,98.2,92.8,88.9,94.5,92.1,90.2,89.9,94,95,93.1,92.1,92.9,87.8,95.7,95,--,--,91.3,1.3,6.9,10.9,5.3,7.6,9,9.4,5.3,4.3,6.6,7.2,6.7,2,0,0,--,--,1.1,0.5,0.3,0.2,0.2,0.3,0.8,0.7,0.7,0.7,0.3,0.7,0.4,10.2,4.3,5,--,--,7.6
2009,SP,Rural,Particular,100,93.9,94.1,93.7,92.4,91.3,93.4,94.5,95.7,94.5,93.5,94.1,95.3,99.1,99.6,--,--,98.1,0,5.8,5.2,5.5,6.7,7.5,5.1,4.8,4.3,4.9,5.6,5.2,4.3,0.9,0,--,--,1.7,0,0.3,0.7,0.8,0.9,1.2,1.5,0.7,0,0.6,0.9,0.7,0.4,0,0.4,--,--,0.2
2009,SP,Rural,Publico,98.2,93.8,90.8,95.5,92.3,94.3,94.1,94.8,91.5,93.8,93.7,93.8,84.6,88.7,92.8,--,0,88,1.3,6,9,4.3,7.4,4.6,4.9,4.3,6.9,5.9,5.2,5.7,12.3,8.3,4.1,--,100,8.9,0.5,0.2,0.2,0.2,0.3,1.1,1,0.9,1.6,0.3,1.1,0.5,3.1,3,3.1,--,0,3.1
2009,SP,Rural,Total,98.3,93.8,90.9,95.5,92.3,94.2,94.1,94.8,91.6,93.8,93.7,93.8,84.9,89.1,93.1,--,0,88.4,1.3,6,8.9,4.3,7.4,4.7,5,4.3,6.9,5.9,5.2,5.6,12.1,8.1,3.9,--,100,8.7,0.4,0.2,0.2,0.2,0.3,1.1,0.9,0.9,1.5,0.3,1.1,0.6,3,2.8,3,--,0,2.9
2009,SP,Total,Estadual,99.2,98.2,98.8,98.8,94,94.4,94,92.2,83.1,97.2,90.9,92.8,73.3,80.7,87.1,--,50,79.4,0.5,1.3,1,1,5.7,4.4,4.8,6.2,14.4,2.5,7.5,5.9,21.4,14.9,9.3,--,50,16.1,0.3,0.5,0.2,0.2,0.3,1.2,1.2,1.6,2.5,0.3,1.6,1.3,5.3,4.4,3.6,--,0,4.5
2009,SP,Total,Federal,97.7,95.6,95.2,100,95.6,--,--,--,--,96.8,--,96.8,--,--,100,--,--,100,2.3,4.4,4.8,0,2.2,--,--,--,--,2.7,--,2.7,--,--,0,--,--,0,0,0,0,0,2.2,--,--,--,--,0.5,--,0.5,--,--,0,--,--,0
2009,SP,Total,Municipal,98.6,95,91.9,96.5,92.5,92.3,90.4,92.1,89.3,94.6,91.1,93.8,84,90.9,93.9,98.7,--,89.2,1.1,4.6,7.9,3.3,7.2,6.8,8.6,6.7,9.1,5.1,7.7,5.7,12.7,7.7,4.2,0,--,8.6,0.3,0.4,0.2,0.2,0.3,0.9,1,1.2,1.6,0.3,1.2,0.5,3.3,1.4,1.9,1.3,--,2.2
2009,SP,Total,Particular,98.9,98.5,98.3,98.9,98.2,97,95.9,96.6,96.9,98.5,96.6,97.6,92,96,98.4,89,--,95.3,1,1.5,1.7,1.1,1.8,3,4.1,3.4,3.1,1.5,3.4,2.4,7.9,3.9,1.6,10.5,--,4.6,0.1,0,0,0,0,0,0,0,0,0,0,0,0.1,0.1,0,0.5,--,0.1
2009,SP,Total,Publico,98.6,96,94.2,97.4,93.1,93.9,93.1,92.2,84.4,95.5,90.9,93.3,73.5,80.8,87.2,98.7,50,79.5,1.1,3.5,5.6,2.4,6.7,5,5.7,6.3,13.2,4.3,7.6,5.8,21.3,14.8,9.2,0,50,16,0.3,0.5,0.2,0.2,0.2,1.1,1.2,1.5,2.4,0.2,1.5,0.9,5.2,4.4,3.6,1.3,0,4.5
2009,SP,Total,Total,98.7,96.4,94.8,97.6,93.8,94.3,93.5,92.9,86.1,95.9,91.7,93.9,75.7,82.9,88.9,90.7,50,81.7,1.1,3.2,5,2.2,6,4.7,5.5,5.9,11.8,3.8,7,5.3,19.7,13.3,8,8.6,50,14.4,0.2,0.4,0.2,0.2,0.2,1,1,1.2,2.1,0.3,1.3,0.8,4.6,3.8,3.1,0.7,0,3.9
2009,SP,Urbana,Estadual,99.2,98.2,98.8,98.7,94,94.4,94,92.2,83,97.2,90.8,92.8,73.2,80.6,87,--,100,79.2,0.5,1.3,1,1,5.7,4.4,4.8,6.3,14.5,2.5,7.6,6,21.5,15,9.4,--,0,16.2,0.3,0.5,0.2,0.3,0.3,1.2,1.2,1.5,2.5,0.3,1.6,1.2,5.3,4.4,3.6,--,0,4.6
2009,SP,Urbana,Federal,97.7,95.6,95.2,100,95.6,--,--,--,--,96.8,--,96.8,--,--,100,--,--,100,2.3,4.4,4.8,0,2.2,--,--,--,--,2.7,--,2.7,--,--,0,--,--,0,0,0,0,0,2.2,--,--,--,--,0.5,--,0.5,--,--,0,--,--,0
2009,SP,Urbana,Municipal,98.6,95.1,92,96.6,92.6,92.4,90.4,92.1,89.2,94.7,91.1,93.8,84,90.9,93.9,98.7,--,89.2,1.1,4.6,7.8,3.2,7.2,6.7,8.5,6.7,9.2,5,7.7,5.7,12.8,7.7,4.3,0,--,8.6,0.3,0.3,0.2,0.2,0.2,0.9,1.1,1.2,1.6,0.3,1.2,0.5,3.2,1.4,1.8,1.3,--,2.2
2009,SP,Urbana,Particular,98.9,98.5,98.3,98.9,98.2,97.1,95.9,96.6,96.9,98.5,96.6,97.7,92,96,98.4,89,--,95.3,1,1.5,1.7,1.1,1.8,2.9,4.1,3.4,3.1,1.5,3.4,2.3,7.9,3.9,1.6,10.5,--,4.6,0.1,0,0,0,0,0,0,0,0,0,0,0,0.1,0.1,0,0.5,--,0.1
2009,SP,Urbana,Publico,98.6,96.1,94.3,97.4,93.1,93.9,93.1,92.2,84.3,95.5,90.9,93.3,73.3,80.7,87.1,98.7,100,79.4,1.1,3.5,5.5,2.4,6.7,5,5.7,6.4,13.3,4.2,7.6,5.9,21.4,14.9,9.3,0,0,16.1,0.3,0.4,0.2,0.2,0.2,1.1,1.2,1.4,2.4,0.3,1.5,0.8,5.3,4.4,3.6,1.3,0,4.5
2009,SP,Urbana,Total,98.7,96.5,94.9,97.6,93.8,94.3,93.5,92.8,86.1,96,91.7,93.9,75.6,82.8,88.9,90.7,100,81.6,1.1,3.2,4.9,2.2,6,4.7,5.5,5.9,11.9,3.8,7,5.3,19.8,13.4,8.1,8.6,0,14.5,0.2,0.3,0.2,0.2,0.2,1,1,1.3,2,0.2,1.3,0.8,4.6,3.8,3,0.7,0,3.9
2009,PR,Rural,Estadual,81,81.4,79.8,82.5,88.1,86.6,87.4,88.7,92.4,82.7,88.6,88.3,80.7,87.3,93.3,100,--,86,11.8,14.6,18.8,14.3,9.3,10.1,9.3,7.9,4.2,13.9,8,8.3,9.1,5,1.8,0,--,5.9,7.2,4,1.4,3.2,2.6,3.3,3.3,3.4,3.4,3.4,3.4,3.4,10.2,7.7,4.9,0,--,8.1
2009,PR,Rural,Municipal,96.8,87.4,88.2,92.2,95,81.2,82.9,85.7,93.7,91.9,85.5,91.7,--,--,--,--,--,--,2.6,12.3,11.4,7.3,4.6,16.2,14.2,12.2,4.4,7.6,12.1,7.8,--,--,--,--,--,--,0.6,0.3,0.4,0.5,0.4,2.6,2.9,2.1,1.9,0.5,2.4,0.5,--,--,--,--,--,--
2009,PR,Rural,Particular,96.3,86.8,95.5,96.8,91.5,98,95.5,98.1,94.8,93.4,96.6,94.7,91.9,96,97.8,--,--,95,1.5,13.2,4.5,3.2,4.3,2,4.5,1.9,5.2,5.3,3.4,4.5,6.9,3.1,1.6,--,--,4.1,2.2,0,0,0,4.2,0,0,0,0,1.3,0,0.8,1.2,0.9,0.6,--,--,0.9
2009,PR,Rural,Publico,96.4,87.2,87.9,91.8,94.8,86.2,87.1,88.5,92.5,91.6,88.4,90.4,80.7,87.3,93.3,100,--,86,2.8,12.3,11.7,7.6,4.7,10.4,9.6,8.2,4.2,7.8,8.3,8,9.1,5,1.8,0,--,5.9,0.8,0.5,0.4,0.6,0.5,3.4,3.3,3.3,3.3,0.6,3.3,1.6,10.2,7.7,4.9,0,--,8.1
2009,PR,Rural,Total,96.4,87.2,87.9,91.9,94.8,86.3,87.2,88.6,92.5,91.7,88.5,90.5,81.1,87.7,93.5,100,--,86.4,2.8,12.3,11.6,7.5,4.7,10.4,9.5,8.1,4.3,7.8,8.2,8,9,4.9,1.8,0,--,5.9,0.8,0.5,0.5,0.6,0.5,3.3,3.3,3.3,3.2,0.5,3.3,1.5,9.9,7.4,4.7,0,--,7.7
2009,PR,Total,Estadual,81,94.3,95.1,96.7,90.5,82.4,81.9,82,84.5,93.6,82.6,82.9,72.2,79.9,85.9,94.4,--,78.6,11.8,4.4,4.4,2.7,9.2,13.7,13.7,13.3,10.2,5.7,12.8,12.6,16.8,10.9,6.7,3,--,12,7.2,1.3,0.5,0.6,0.3,3.9,4.4,4.7,5.3,0.7,4.6,4.5,11,9.2,7.4,2.6,--,9.4
2009,PR,Total,Federal,--,--,--,--,--,91.6,93.7,92.5,92.6,--,92.6,92.6,81.7,88,92.2,93.8,97.9,90.5,--,--,--,--,--,8.4,6.3,7.5,7.4,--,7.4,7.4,15.2,9.2,5.2,6.2,0.3,7.1,--,--,--,--,--,0,0,0,0,--,0,0,3.1,2.8,2.6,0,1.8,2.4
2009,PR,Total,Municipal,97.6,89.9,89.9,93.9,95.7,78.7,78.6,82.2,91.3,93.5,82.3,93.2,--,--,--,--,--,--,2,9.9,9.8,5.7,4,18,18.3,14.9,6,6.2,14.7,6.4,--,--,--,--,--,--,0.4,0.2,0.3,0.4,0.3,3.3,3.1,2.9,2.7,0.3,3,0.4,--,--,--,--,--,--
2009,PR,Total,Particular,98.7,97.8,98.3,98.8,98.8,97.3,96.4,96.1,96.3,98.5,96.5,97.6,92.4,96.6,98.3,100,99.1,95.7,1,2.1,1.6,1.1,1.1,2.6,3.5,3.7,3.6,1.4,3.3,2.2,7,3,1.3,0,0.9,3.8,0.3,0.1,0.1,0.1,0.1,0.1,0.1,0.2,0.1,0.1,0.2,0.2,0.6,0.4,0.4,0,0,0.5
2009,PR,Total,Publico,97.6,90,90,94,95.5,82.3,81.8,82,84.7,93.5,82.6,88.2,72.2,80,85.9,94.3,97.9,78.7,2,9.8,9.7,5.6,4.2,13.8,13.9,13.3,10,6.2,12.8,9.5,16.8,10.9,6.7,3.1,0.3,12,0.4,0.2,0.3,0.4,0.3,3.9,4.3,4.7,5.3,0.3,4.6,2.3,11,9.1,7.4,2.6,1.8,9.3
2009,PR,Total,Total,97.7,90.8,90.9,94.5,95.8,83.6,83.1,83.2,85.8,94.1,83.8,89.1,74.2,81.8,87.5,94.4,98.2,80.6,1.9,9,8.8,5.2,3.9,12.8,13,12.5,9.4,5.7,12,8.8,15.9,10,6,3.1,0.5,11.1,0.4,0.2,0.3,0.3,0.3,3.6,3.9,4.3,4.8,0.2,4.2,2.1,9.9,8.2,6.5,2.5,1.3,8.3
2009,PR,Urbana,Estadual,--,98.2,97.5,98.4,90.7,82.1,81.6,81.5,84,95.2,82.2,82.6,71.8,79.6,85.6,94.4,--,78.3,--,1.3,2.1,1.2,9.2,13.9,14,13.6,10.6,4.5,13.1,12.9,17.2,11.1,6.9,3,--,12.3,--,0.5,0.4,0.4,0.1,4,4.4,4.9,5.4,0.3,4.7,4.5,11,9.3,7.5,2.6,--,9.4
2009,PR,Urbana,Federal,--,--,--,--,--,91.6,93.7,92.5,92.6,--,92.6,92.6,81.7,88,92.2,93.8,97.9,90.5,--,--,--,--,--,8.4,6.3,7.5,7.4,--,7.4,7.4,15.2,9.2,5.2,6.2,0.3,7.1,--,--,--,--,--,0,0,0,0,--,0,0,3.1,2.8,2.6,0,1.8,2.4
2009,PR,Urbana,Municipal,97.7,90.2,90.1,94.1,95.8,78.3,77.9,81.6,90.9,93.7,81.8,93.4,--,--,--,--,--,--,2,9.6,9.6,5.5,3.9,18.3,18.9,15.4,6.2,6,15,6.2,--,--,--,--,--,--,0.3,0.2,0.3,0.4,0.3,3.4,3.2,3,2.9,0.3,3.2,0.4,--,--,--,--,--,--
2009,PR,Urbana,Particular,98.7,97.9,98.4,98.8,98.8,97.3,96.4,96.1,96.3,98.5,96.5,97.6,92.4,96.7,98.3,100,99.1,95.7,1,2,1.6,1.1,1.1,2.6,3.5,3.7,3.6,1.3,3.3,2.2,7,3,1.3,0,0.9,3.8,0.3,0.1,0,0.1,0.1,0.1,0.1,0.2,0.1,0.2,0.2,0.2,0.6,0.3,0.4,0,0,0.5
2009,PR,Urbana,Publico,97.7,90.3,90.3,94.3,95.6,82,81.5,81.5,84.2,93.7,82.2,87.9,71.9,79.7,85.6,94.3,97.9,78.4,2,9.5,9.4,5.4,4.1,14,14.2,13.7,10.4,6,13.2,9.6,17.2,11.1,6.9,3.2,0.3,12.2,0.3,0.2,0.3,0.3,0.3,4,4.3,4.8,5.4,0.3,4.6,2.5,10.9,9.2,7.5,2.5,1.8,9.4
2009,PR,Urbana,Total,97.9,91.3,91.2,94.8,95.9,83.4,82.8,82.9,85.4,94.3,83.6,89,73.9,81.6,87.3,94.4,98.2,80.4,1.8,8.6,8.6,4.9,3.8,13,13.2,12.7,9.8,5.4,12.2,8.8,16.2,10.2,6.1,3.1,0.5,11.3,0.3,0.1,0.2,0.3,0.3,3.6,4,4.4,4.8,0.3,4.2,2.2,9.9,8.2,6.6,2.5,1.3,8.3
2009,SC,Rural,Estadual,99.6,99.5,93.7,97,94.8,83.2,85.6,89.7,93.9,96.5,87.8,91.2,86.8,91.7,96.1,--,--,90.8,0.1,0.1,6,2.5,4.7,15.6,12.5,8.3,4.5,3.2,10.6,7.7,8,4.2,1.4,--,--,5,0.3,0.4,0.3,0.5,0.5,1.2,1.9,2,1.6,0.3,1.6,1.1,5.2,4.1,2.5,--,--,4.2
2009,SC,Rural,Federal,--,--,--,--,--,--,--,--,--,--,--,--,89,90.8,96,83.5,--,90.9,--,--,--,--,--,--,--,--,--,--,--,--,7.8,6.4,3.1,0,--,5.3,--,--,--,--,--,--,--,--,--,--,--,--,3.2,2.8,0.9,16.5,--,3.8
2009,SC,Rural,Municipal,98.7,94.6,93.8,95.5,96,84.6,88.5,90.8,96,95.7,89.7,94,80.9,91.3,96.8,--,--,88,1.1,5.2,6,4.3,3.8,14.2,10.4,7.8,3,4.1,9.2,5.6,7,1.3,0,--,--,3.5,0.2,0.2,0.2,0.2,0.2,1.2,1.1,1.4,1,0.2,1.1,0.4,12.1,7.4,3.2,--,--,8.5
2009,SC,Rural,Particular,100,100,0,100,--,--,--,--,--,80,--,80,88.6,97.6,92,--,--,92.8,0,0,100,0,--,--,--,--,--,20,--,20,11.4,2.4,8,--,--,7.2,0,0,0,0,--,--,--,--,--,0,--,0,0,0,0,--,--,0
2009,SC,Rural,Publico,98.9,95.7,93.8,95.6,95.7,83.8,87,90.2,94.9,95.9,88.7,93,86.9,91.5,96.1,83.5,--,90.7,0.9,4.1,6,4.2,4,15,11.5,8.1,3.8,3.9,9.9,6.3,8,4.5,1.7,0,--,5,0.2,0.2,0.2,0.2,0.3,1.2,1.5,1.7,1.3,0.2,1.4,0.7,5.1,4,2.2,16.5,--,4.3
2009,SC,Rural,Total,98.9,95.7,93.7,95.6,95.7,83.8,87,90.2,94.9,95.8,88.7,93,86.9,91.6,96,83.5,--,90.8,0.9,4.1,6,4.2,4,15,11.5,8.1,3.8,3.9,9.9,6.3,8,4.5,1.8,0,--,5.1,0.2,0.2,0.3,0.2,0.3,1.2,1.5,1.7,1.3,0.3,1.4,0.7,5.1,3.9,2.2,16.5,--,4.1
2009,SC,Total,Estadual,99.2,99.4,92.2,94.2,94.9,80.1,82.1,86.8,90.7,95.8,84.6,88.9,74.9,84.4,88.2,87.2,92,81.6,0.5,0.4,7.5,5.6,4.8,18.5,16.3,11.5,7.4,3.9,13.7,9.9,15.3,8.6,5.5,5.1,8,10.4,0.3,0.2,0.3,0.2,0.3,1.4,1.6,1.7,1.9,0.3,1.7,1.2,9.8,7,6.3,7.7,0,8
2009,SC,Total,Federal,100,100,98.6,97.3,97.3,92.4,88.4,95.9,82.7,98.6,89.9,94.6,88.7,89.6,95.5,85.1,88.9,90,0,0,1.4,2.7,2.7,7.6,11.6,4.1,17.3,1.4,10.1,5.4,9.7,8.5,3.6,2.3,11.1,8.1,0,0,0,0,0,0,0,0,0,0,0,0,1.6,1.9,0.9,12.6,0,1.9
2009,SC,Total,Municipal,98.8,92.5,92.5,93.6,94.4,85.1,86.3,88.6,93.7,94.3,88,91.9,85.6,91.1,96,100,--,90.3,1,7.3,7.3,6.2,5.2,13.8,12.6,10.3,5.1,5.4,10.9,7.5,8.3,5,2.4,0,--,5.6,0.2,0.2,0.2,0.2,0.4,1.1,1.1,1.1,1.2,0.3,1.1,0.6,6.1,3.9,1.6,0,--,4.1
2009,SC,Total,Particular,99.2,98.8,99,99.2,98.9,97.6,97.1,96.3,96.3,99,96.8,98,93,95.9,97.7,--,96.6,95.6,0.5,1.1,0.9,0.7,1,2.3,2.9,3.5,3.5,0.8,3.1,1.9,6.7,3.9,2.2,--,3.4,4.3,0.3,0.1,0.1,0.1,0.1,0.1,0,0.2,0.2,0.2,0.1,0.1,0.3,0.2,0.1,--,0,0.1
2009,SC,Total,Publico,98.9,95,92.4,93.6,94.6,82.2,83.8,87.5,91.8,94.9,86,90.5,75.1,84.5,88.3,87.1,89.1,81.8,0.8,4.8,7.4,6.1,5,16.5,14.8,11,6.5,4.9,12.6,8.7,15.2,8.6,5.5,4.9,10.9,10.4,0.3,0.2,0.2,0.3,0.4,1.3,1.4,1.5,1.7,0.2,1.4,0.8,9.7,6.9,6.2,8,0,7.8
2009,SC,Total,Total,98.9,95.4,92.9,94.5,94.9,83.3,84.9,88.3,92.2,95.2,86.8,91.1,77.1,86.1,89.8,87.1,94.6,83.7,0.8,4.5,6.9,5.3,4.8,15.5,13.9,10.4,6.2,4.5,11.8,8.1,14.2,8,5,4.9,5.4,9.5,0.3,0.1,0.2,0.2,0.3,1.2,1.2,1.3,1.6,0.3,1.4,0.8,8.7,5.9,5.2,8,0,6.8
2009,SC,Urbana,Estadual,99.1,99.4,92.1,94,94.9,79.8,81.8,86.6,90.4,95.7,84.3,88.8,74.5,84.2,88,87.2,92,81.4,0.5,0.5,7.6,5.8,4.8,18.7,16.6,11.7,7.6,4,14,10.1,15.5,8.8,5.6,5.1,8,10.6,0.4,0.1,0.3,0.2,0.3,1.5,1.6,1.7,2,0.3,1.7,1.1,10,7,6.4,7.7,0,8
2009,SC,Urbana,Federal,100,100,98.6,97.3,97.3,92.4,88.4,95.9,82.7,98.6,89.9,94.6,88.4,88.3,94.6,90.5,88.9,89.4,0,0,1.4,2.7,2.7,7.6,11.6,4.1,17.3,1.4,10.1,5.4,11,10.9,4.5,9.5,11.1,10.1,0,0,0,0,0,0,0,0,0,0,0,0,0.6,0.8,0.9,0,0,0.5
2009,SC,Urbana,Municipal,98.8,92.1,92.2,93.3,94.1,85.1,86.1,88.4,93.4,94.1,87.8,91.5,87.4,91,95.7,100,--,91,1,7.8,7.5,6.4,5.5,13.7,12.8,10.6,5.4,5.7,11,7.8,8.7,6.1,3,0,--,6.2,0.2,0.1,0.3,0.3,0.4,1.2,1.1,1,1.2,0.2,1.2,0.7,3.9,2.9,1.3,0,--,2.8
2009,SC,Urbana,Particular,99.2,98.8,99,99.2,98.9,97.6,97.1,96.3,96.3,99,96.8,98,93,95.9,97.7,--,96.6,95.6,0.5,1.1,0.9,0.7,1,2.3,2.9,3.5,3.5,0.8,3.1,1.9,6.7,3.9,2.2,--,3.4,4.3,0.3,0.1,0.1,0.1,0.1,0.1,0,0.2,0.2,0.2,0.1,0.1,0.3,0.2,0.1,--,0,0.1
2009,SC,Urbana,Publico,98.9,94.9,92.2,93.4,94.5,82,83.5,87.3,91.5,94.7,85.7,90.2,74.7,84.3,88,87.2,89.1,81.5,0.8,4.9,7.6,6.4,5.2,16.6,15.1,11.3,6.8,5,12.8,9,15.5,8.8,5.6,5.2,10.9,10.6,0.3,0.2,0.2,0.2,0.3,1.4,1.4,1.4,1.7,0.3,1.5,0.8,9.8,6.9,6.4,7.6,0,7.9
2009,SC,Urbana,Total,99,95.3,92.7,94.4,94.8,83.2,84.7,88.1,92,95.1,86.7,90.9,76.8,85.9,89.6,87.2,94.6,83.5,0.8,4.5,7,5.4,4.8,15.5,14,10.6,6.5,4.6,12,8.3,14.4,8.1,5.1,5.2,5.4,9.7,0.2,0.2,0.3,0.2,0.4,1.3,1.3,1.3,1.5,0.3,1.3,0.8,8.8,6,5.3,7.6,0,6.8
2009,RS,Rural,Estadual,97.7,80.1,82.8,87.9,88.8,75.2,78.3,81.7,89.5,87.4,80.7,83.9,66.8,79.9,90.8,--,100,76.4,0.9,19,16,11.2,10,22.1,19.1,15.2,7.9,11.6,16.6,14.1,20.2,12.1,3.5,--,0,13.8,1.4,0.9,1.2,0.9,1.2,2.7,2.6,3.1,2.6,1,2.7,2,13,8,5.7,--,0,9.8
2009,RS,Rural,Federal,--,--,--,--,--,--,--,--,--,--,--,--,75.7,85.3,97.9,--,--,85.3,--,--,--,--,--,--,--,--,--,--,--,--,19.1,12.3,1.6,--,--,11.9,--,--,--,--,--,--,--,--,--,--,--,--,5.2,2.4,0.5,--,--,2.8
2009,RS,Rural,Municipal,99.2,82.8,88.4,90,90.6,76.7,79.9,83.3,91.5,89.9,82.2,86.7,75.5,92.6,75.9,--,--,81.3,0.3,16.7,11.4,9.5,8.7,21.2,17.8,13.9,6.3,9.6,15.5,12.1,17.2,2.2,3.8,--,--,9.6,0.5,0.5,0.2,0.5,0.7,2.1,2.3,2.8,2.2,0.5,2.3,1.2,7.3,5.2,20.3,--,--,9.1
2009,RS,Rural,Particular,100,88.6,66.7,92.9,89.3,88.2,95.7,87.5,94.4,90.3,91.8,91.2,81.4,97.4,97.7,--,--,88.7,0,11.4,33.3,7.1,10.7,11.8,4.3,10.4,5.6,9.7,7.7,8.5,14.5,1.3,2.3,--,--,8.7,0,0,0,0,0,0,0,2.1,0,0,0.5,0.3,4.1,1.3,0,--,--,2.6
2009,RS,Rural,Publico,98.8,82.1,87.2,89.4,90.1,76.2,79.3,82.7,90.8,89.2,81.6,85.8,68.1,81.3,91.5,--,100,77.8,0.5,17.4,12.4,10,9.1,21.5,18.3,14.4,6.9,10.2,15.9,12.7,19.9,11.7,3.2,--,0,13.4,0.7,0.5,0.4,0.6,0.8,2.3,2.4,2.9,2.3,0.6,2.5,1.5,12,7,5.3,--,0,8.8
2009,RS,Rural,Total,98.8,82.1,87.1,89.4,90.1,76.2,79.3,82.7,90.8,89.2,81.7,85.8,68.5,81.7,91.6,--,100,78,0.5,17.4,12.4,10,9.1,21.5,18.2,14.3,6.9,10.2,15.9,12.7,19.8,11.5,3.2,--,0,13.3,0.7,0.5,0.5,0.6,0.8,2.3,2.5,3,2.3,0.6,2.4,1.5,11.7,6.8,5.2,--,0,8.7
2009,RS,Total,Estadual,98,81.3,85.4,89.1,88.8,70.2,71.5,75,80.6,88.4,74,80.7,53.5,70,82.4,86.4,68.8,65.3,1.2,18.2,14,10.3,10.5,27.3,25.9,22.1,16.4,11,23.3,17.6,29.7,18.5,10.1,4.8,20.4,21.7,0.8,0.5,0.6,0.6,0.7,2.5,2.6,2.9,3,0.6,2.7,1.7,16.8,11.5,7.5,8.8,10.8,13
2009,RS,Total,Federal,100,96,--,96.4,96.3,90.3,90.2,92.2,83.3,97,88.8,89.4,74.4,82.6,94.1,0,--,81.9,0,4,--,3.6,3.7,9.7,9.8,7.8,16.7,3,11.2,10.6,22,15,4.8,100,--,15.6,0,0,--,0,0,0,0,0,0,0,0,0,3.6,2.4,1.1,0,--,2.5
2009,RS,Total,Municipal,98.7,82.1,87.5,89.2,88.1,74.9,77,79.8,87.7,88.7,79,84.6,56.3,71,76.2,71,61.8,64.7,0.7,17.3,12,10,11,22.4,20.4,17.3,9.7,10.6,18.3,13.8,21,14.7,9.6,6.5,11.6,14.9,0.6,0.6,0.5,0.8,0.9,2.7,2.6,2.9,2.6,0.7,2.7,1.6,22.7,14.3,14.2,22.5,26.6,20.4
2009,RS,Total,Particular,99.6,96,95.9,97.7,97.1,95,94.2,93.7,94.3,97.5,94.3,96,86.5,92,96.8,95.4,92.6,91.6,0.2,4,3.7,2.2,2.9,4.8,5.7,6.1,5.5,2.4,5.5,3.9,12.7,7.7,2.9,1.6,4.8,7.9,0.2,0,0.4,0.1,0,0.2,0.1,0.2,0.2,0.1,0.2,0.1,0.8,0.3,0.3,3,2.6,0.5
2009,RS,Total,Publico,98.4,81.8,86.7,89.2,88.4,72.6,74,77.1,83.5,88.6,76.3,82.7,53.8,70.3,82.5,85.8,67.9,65.6,0.9,17.7,12.7,10.2,10.7,24.9,23.4,20,13.6,10.7,21,15.6,29.5,18.4,10,4.9,19.3,21.5,0.7,0.5,0.6,0.6,0.9,2.5,2.6,2.9,2.9,0.7,2.7,1.7,16.7,11.3,7.5,9.3,12.8,12.9
2009,RS,Total,Total,98.5,83.1,87.1,90.1,89.2,74.3,75.7,78.6,84.6,89.4,77.8,83.9,56.6,72.9,84.6,86.9,68.4,68.3,0.9,16.4,12.4,9.3,10,23.4,21.9,18.7,12.8,10,19.7,14.6,28,17.1,9,4.5,19.1,20,0.6,0.5,0.5,0.6,0.8,2.3,2.4,2.7,2.6,0.6,2.5,1.5,15.4,10,6.4,8.6,12.5,11.7
2009,RS,Urbana,Estadual,98,81.4,85.7,89.2,88.9,69.8,70.9,74.4,79.8,88.5,73.4,80.4,53.1,69.8,82.2,86.4,68.7,65,1.3,18.1,13.8,10.3,10.5,27.8,26.5,22.8,17.2,10.9,23.9,17.9,29.9,18.6,10.3,4.8,20.4,21.9,0.7,0.5,0.5,0.5,0.6,2.4,2.6,2.8,3,0.6,2.7,1.7,17,11.6,7.5,8.8,10.9,13.1
2009,RS,Urbana,Federal,100,96,--,96.4,96.3,90.3,90.2,92.2,83.3,97,88.8,89.4,74.1,81.7,92.6,0,--,80.8,0,4,--,3.6,3.7,9.7,9.8,7.8,16.7,3,11.2,10.6,22.8,15.9,6.1,100,--,16.8,0,0,--,0,0,0,0,0,0,0,0,0,3.1,2.4,1.3,0,--,2.4
2009,RS,Urbana,Municipal,98.6,81.9,87.3,89.1,87.5,74.6,76.5,79,86.8,88.5,78.3,84.2,54.5,68.9,76.2,71,61.8,63.7,0.8,17.4,12.2,10.1,11.5,22.6,20.9,18,10.5,10.8,18.9,14.2,21.4,15.9,10,6.5,11.6,15.3,0.6,0.7,0.5,0.8,1,2.8,2.6,3,2.7,0.7,2.8,1.6,24.1,15.2,13.8,22.5,26.6,21
2009,RS,Urbana,Particular,99.6,96,96,97.7,97.1,95,94.2,93.8,94.3,97.5,94.3,96,86.6,91.9,96.8,95.4,92.6,91.6,0.2,3.9,3.6,2.2,2.9,4.8,5.7,6.1,5.5,2.4,5.5,3.9,12.6,7.8,2.9,1.6,4.8,7.9,0.2,0.1,0.4,0.1,0,0.2,0.1,0.1,0.2,0.1,0.2,0.1,0.8,0.3,0.3,3,2.6,0.5
2009,RS,Urbana,Publico,98.3,81.7,86.6,89.1,88.1,72.1,73.3,76.3,82.5,88.5,75.5,82.2,53.4,70,82.2,85.8,67.9,65.2,1,17.7,12.8,10.2,11,25.3,24,20.8,14.6,10.8,21.7,16.1,29.8,18.6,10.2,4.9,19.3,21.7,0.7,0.6,0.6,0.7,0.9,2.6,2.7,2.9,2.9,0.7,2.8,1.7,16.8,11.4,7.6,9.3,12.8,13.1
2009,RS,Urbana,Total,98.5,83.2,87.1,90.1,89.1,74,75.2,78.1,83.8,89.4,77.3,83.6,56.3,72.7,84.4,86.9,68.3,68.1,0.9,16.2,12.4,9.3,10.2,23.6,22.4,19.3,13.6,10,20.2,14.9,28.3,17.2,9.1,4.5,19.1,20.2,0.6,0.6,0.5,0.6,0.7,2.4,2.4,2.6,2.6,0.6,2.5,1.5,15.4,10.1,6.5,8.6,12.6,11.7
2009,MS,Rural,Estadual,98,73.1,80.6,81.1,90.3,74.7,78.1,80.3,86.1,83.9,79.1,81.4,71.9,78.4,85.2,--,--,77.1,0.1,26.4,18.3,16.8,8,21.3,18.7,14.7,9.1,14.7,16.8,15.8,13.7,10.6,3.8,--,--,10.4,1.9,0.5,1.1,2.1,1.7,4,3.2,5,4.8,1.4,4.1,2.8,14.4,11,11,--,--,12.5
2009,MS,Rural,Municipal,95.1,73.9,77.3,80.2,83,69.2,75.2,82.3,87.3,81.2,76.7,79.6,83.3,81.8,88.9,--,--,84.7,1.6,23.2,20.1,15.9,13.7,23.8,18.6,11.9,7.8,15.6,17.1,16.1,11.9,12.1,8.3,--,--,10.8,3.3,2.9,2.6,3.9,3.3,7,6.2,5.8,4.9,3.2,6.2,4.3,4.8,6.1,2.8,--,--,4.5
2009,MS,Rural,Particular,100,100,100,97.9,98.8,100,98.1,98.1,98.1,99.1,98.5,98.7,97.3,92.1,98.7,--,--,96.4,0,0,0,2.1,1.2,0,0.9,1.9,1.9,0.9,1.2,1.1,1.6,7.1,0,--,--,2.6,0,0,0,0,0,0,1,0,0,0,0.3,0.2,1.1,0.8,1.3,--,--,1
2009,MS,Rural,Publico,95.5,73.8,77.7,80.3,84,70.4,75.9,81.8,87,81.5,77.3,79.9,72.2,78.5,85.4,--,--,77.3,1.4,23.6,19.8,16,12.9,23.2,18.6,12.6,8.2,15.5,17,16.1,13.7,10.6,3.9,--,--,10.4,3.1,2.6,2.5,3.7,3.1,6.4,5.5,5.6,4.8,3,5.7,4,14.1,10.9,10.7,--,--,12.3
2009,MS,Rural,Total,95.5,73.9,77.9,80.4,84.2,70.8,76.4,82.3,87.4,81.7,77.8,80.2,74.8,79.9,87.4,--,--,79.5,1.4,23.5,19.7,15.9,12.8,22.9,18.2,12.3,8,15.4,16.7,15.9,12.4,10.3,3.3,--,--,9.5,3.1,2.6,2.4,3.7,3,6.3,5.4,5.4,4.6,2.9,5.5,3.9,12.8,9.8,9.3,--,--,11
2009,MS,Total,Estadual,98.3,73,81.6,81.2,85.6,69,69,73.4,77.4,82.8,71.9,76.4,59.4,72.5,79,86.4,--,68.2,0.2,25.6,16.8,16.7,12.4,25.6,25.5,20.9,16.6,15.4,22.4,19.6,25.2,15.3,9.3,1.6,--,18.3,1.5,1.4,1.6,2.1,2,5.4,5.5,5.7,6,1.8,5.7,4,15.4,12.2,11.7,12,--,13.5
2009,MS,Total,Federal,--,--,--,--,--,90.1,94.3,86.3,93.4,--,90.9,90.9,88.6,92.1,91.5,--,--,90.6,--,--,--,--,--,9.9,5.7,13.7,6.6,--,9.1,9.1,11.4,7.9,8.5,--,--,9.4,--,--,--,--,--,0,0,0,0,--,0,0,0,0,0,--,--,0
2009,MS,Total,Municipal,97.8,77.2,82.6,84,87.9,75.5,77.8,82.6,88.7,85.2,79.7,83.3,83.3,81.8,88.9,--,--,84.7,0.7,21.4,16.2,14.3,10.6,21.3,19.4,14.8,9,13.4,17.4,14.8,11.9,12.1,8.3,--,--,10.8,1.5,1.4,1.2,1.7,1.5,3.2,2.8,2.6,2.3,1.4,2.9,1.9,4.8,6.1,2.8,--,--,4.5
2009,MS,Total,Particular,99.1,96.9,98.4,98.8,98.5,96.4,95,94.6,94.3,98.3,95.1,96.9,91.6,94.4,96.7,--,--,94.1,0.5,2.9,1.5,1.1,1.4,3.4,4.8,5.3,5.5,1.5,4.8,2.9,7.9,5.1,2.8,--,--,5.3,0.4,0.2,0.1,0.1,0.1,0.2,0.2,0.1,0.2,0.2,0.1,0.2,0.5,0.5,0.5,--,--,0.6
2009,MS,Total,Publico,97.9,76.1,82.3,83.1,87.2,72.5,73.4,77.6,81.8,84.5,75.7,80.6,59.5,72.7,79.1,86.4,--,68.4,0.5,22.6,16.4,15,11.2,23.3,22.4,18.1,13.6,14,20,16.6,25.1,15.3,9.3,1.6,--,18.2,1.6,1.3,1.3,1.9,1.6,4.2,4.2,4.3,4.6,1.5,4.3,2.8,15.4,12,11.6,12,--,13.4
2009,MS,Total,Total,98.1,77.6,83.7,84.6,88.1,74.2,75.2,79.2,83.2,85.7,77.4,82,63,75.7,82.1,86.4,--,71.7,0.5,21.1,15.1,13.7,10.4,21.9,21,16.9,12.7,12.9,18.7,15.4,23.3,13.9,8.2,1.6,--,16.5,1.4,1.3,1.2,1.7,1.5,3.9,3.8,3.9,4.1,1.4,3.9,2.6,13.7,10.4,9.7,12,--,11.8
2009,MS,Urbana,Estadual,98.3,73,81.7,81.2,85.3,68.7,68.5,73,77,82.8,71.5,76.1,58.8,72.2,78.7,86.4,--,67.8,0.2,25.5,16.7,16.7,12.6,25.9,25.9,21.2,16.9,15.5,22.7,19.8,25.8,15.6,9.6,1.6,--,18.7,1.5,1.5,1.6,2.1,2.1,5.4,5.6,5.8,6.1,1.7,5.8,4.1,15.4,12.2,11.7,12,--,13.5
2009,MS,Urbana,Federal,--,--,--,--,--,90.1,94.3,86.3,93.4,--,90.9,90.9,88.6,92.1,91.5,--,--,90.6,--,--,--,--,--,9.9,5.7,13.7,6.6,--,9.1,9.1,11.4,7.9,8.5,--,--,9.4,--,--,--,--,--,0,0,0,0,--,0,0,0,0,0,--,--,0
2009,MS,Urbana,Municipal,98.4,77.9,83.7,84.9,88.9,76.8,78.3,82.6,89,86,80.4,84.1,--,--,--,--,--,--,0.5,21,15.4,13.9,10,20.7,19.6,15.4,9.2,12.9,17.5,14.5,--,--,--,--,--,--,1.1,1.1,0.9,1.2,1.1,2.5,2.1,2,1.8,1.1,2.1,1.4,--,--,--,--,--,--
2009,MS,Urbana,Particular,99.1,96.9,98.4,98.8,98.5,96.3,94.9,94.5,94.2,98.3,95,96.9,91.3,94.5,96.6,--,--,94,0.5,2.9,1.5,1.1,1.4,3.5,4.9,5.4,5.7,1.5,4.9,2.9,8.2,5,2.9,--,--,5.5,0.4,0.2,0.1,0.1,0.1,0.2,0.2,0.1,0.1,0.2,0.1,0.2,0.5,0.5,0.5,--,--,0.5
2009,MS,Urbana,Publico,98.4,76.4,83.1,83.7,87.7,72.8,73.1,77.1,81.2,85,75.5,80.7,58.9,72.4,78.8,86.4,--,67.9,0.4,22.4,15.8,14.8,11,23.3,22.9,18.7,14.2,13.7,20.4,16.7,25.7,15.5,9.6,1.6,--,18.6,1.2,1.2,1.1,1.5,1.3,3.9,4,4.2,4.6,1.3,4.1,2.6,15.4,12.1,11.6,12,--,13.5
2009,MS,Urbana,Total,98.5,78.2,84.6,85.2,88.6,74.6,75,78.9,82.8,86.3,77.3,82.3,62.4,75.4,81.8,86.4,--,71.4,0.4,20.7,14.4,13.4,10.1,21.8,21.4,17.4,13.2,12.5,18.9,15.4,23.8,14.1,8.4,1.6,--,16.9,1.1,1.1,1,1.4,1.3,3.6,3.6,3.7,4,1.2,3.8,2.3,13.8,10.5,9.8,12,--,11.7
2009,MT,Rural,Estadual,92.7,94.8,92.7,96.8,96,86.5,93.1,91.2,87.6,94.7,89.5,92.1,76.4,84.2,89.6,--,83.7,82.5,4.4,2.5,3.5,0.1,0.9,6.2,1,2,4.4,2.2,3.6,2.9,6.8,3.1,2.2,--,4.8,4.4,2.9,2.7,3.8,3.1,3.1,7.3,5.9,6.8,8,3.1,6.9,5,16.8,12.7,8.2,--,11.5,13.1
2009,MT,Rural,Federal,--,--,--,--,--,--,--,--,--,--,--,--,71.9,94.4,94.2,--,--,80.8,--,--,--,--,--,--,--,--,--,--,--,--,20.8,5,4.3,--,--,14.4,--,--,--,--,--,--,--,--,--,--,--,--,7.3,0.6,1.5,--,--,4.8
2009,MT,Rural,Municipal,94.8,87.4,86.6,89.4,91.2,82.4,89.2,90.4,89.4,89.8,87.5,88.9,50,87.5,100,100,--,70.2,2,9.2,10.6,7.4,5.8,11.9,5.1,3.9,5.2,7.1,6.9,7,46.7,0,0,0,--,24.6,3.2,3.4,2.8,3.2,3,5.7,5.7,5.7,5.4,3.1,5.6,4.1,3.3,12.5,0,0,--,5.2
2009,MT,Rural,Particular,100,92.3,100,100,100,100,100,100,100,98.3,100,99,100,100,--,--,--,100,0,0,0,0,0,0,0,0,0,0,0,0,0,0,--,--,--,0,0,7.7,0,0,0,0,0,0,0,1.7,0,1,0,0,--,--,--,0
2009,MT,Rural,Publico,94.4,88.9,88,91,92.3,83.5,90.3,90.6,88.9,90.9,88,89.7,75.6,84.9,89.9,100,83.7,82.3,2.5,7.8,9,5.9,4.8,10.3,3.9,3.4,4.9,6,5.9,6,8.9,3.2,2.3,0,4.8,5.4,3.1,3.3,3,3.1,2.9,6.2,5.8,6,6.2,3.1,6.1,4.3,15.5,11.9,7.8,0,11.5,12.3
2009,MT,Rural,Total,94.4,88.9,88.1,91,92.3,83.5,90.3,90.6,88.9,90.9,88.1,89.7,75.7,85,89.9,100,83.7,82.3,2.5,7.8,9,5.8,4.8,10.3,3.9,3.4,4.9,6,5.9,6,8.9,3.2,2.3,0,4.8,5.4,3.1,3.3,2.9,3.2,2.9,6.2,5.8,6,6.2,3.1,6,4.3,15.4,11.8,7.8,0,11.5,12.3
2009,MT,Total,Estadual,97.2,97.7,94.1,98.4,97.9,89.4,95.2,92.2,85.6,97.1,90.5,93.1,64.5,72.4,77,75,83.3,70.4,0.8,0.4,4.2,0.1,0.4,6.4,0.5,2.6,7.3,1.2,4.2,3,15.4,10.8,8.9,13.3,4.8,12.2,2,1.9,1.7,1.5,1.7,4.2,4.3,5.2,7.1,1.7,5.3,3.9,20.1,16.8,14.1,11.7,11.9,17.4
2009,MT,Total,Federal,--,--,--,--,--,--,--,--,--,--,--,--,76.8,93.1,93.9,--,--,86,--,--,--,--,--,--,--,--,--,--,--,--,17.5,6.2,5.6,--,--,11.1,--,--,--,--,--,--,--,--,--,--,--,--,5.7,0.7,0.5,--,--,2.9
2009,MT,Total,Municipal,97.6,91.4,87.9,91.9,93.5,84.8,88.3,89.2,89.3,92.4,87.5,90.8,51.6,91.7,77.3,100,--,74.4,0.9,7,10.8,6.6,5,11.5,7.6,6.5,6.1,6.1,8.4,6.9,45.2,2.8,18.2,0,--,21.1,1.5,1.6,1.3,1.5,1.5,3.7,4.1,4.3,4.6,1.5,4.1,2.3,3.2,5.5,4.5,0,--,4.5
2009,MT,Total,Particular,97.9,97.7,98.1,98.6,98.4,97.5,96.8,97.1,95.3,98.2,96.6,97.5,92.7,95.6,96,100,100,94.7,1.4,1.9,1.6,1.3,1.5,2.3,2.9,2.7,4.4,1.5,3.1,2.2,7,4,3.7,0,0,5,0.7,0.4,0.3,0.1,0.1,0.2,0.3,0.2,0.3,0.3,0.3,0.3,0.3,0.4,0.3,0,0,0.3
2009,MT,Total,Publico,97.5,93.3,90,94.2,95.2,87.2,92.5,91.2,86.7,94,89.3,91.8,64.7,72.6,77.1,75.4,83.3,70.6,0.9,5,8.6,4.3,3.2,8.8,3.3,4,6.9,4.4,5.9,5.1,15.5,10.8,8.9,13.1,4.8,12.2,1.6,1.7,1.4,1.5,1.6,4,4.2,4.8,6.4,1.6,4.8,3.1,19.8,16.6,14,11.5,11.9,17.2
2009,MT,Total,Total,97.5,93.6,90.6,94.6,95.4,87.9,92.8,91.6,87.4,94.3,89.9,92.3,66.7,74.6,79,76.9,83.7,72.6,0.9,4.8,8.1,4.1,3.1,8.4,3.3,3.9,6.7,4.2,5.6,4.9,14.9,10.2,8.4,12.3,4.7,11.6,1.6,1.6,1.3,1.3,1.5,3.7,3.9,4.5,5.9,1.5,4.5,2.8,18.4,15.2,12.6,10.8,11.6,15.8
2009,MT,Urbana,Estadual,97.9,98.1,94.3,98.5,98.1,89.6,95.4,92.3,85.5,97.4,90.6,93.1,63.7,71.5,76.1,75,83.2,69.5,0.2,0.1,4.4,0.1,0.3,6.4,0.5,2.6,7.5,1,4.3,3.1,16,11.4,9.4,13.3,4.8,12.8,1.9,1.8,1.3,1.4,1.6,4,4.1,5.1,7,1.6,5.1,3.8,20.3,17.1,14.5,11.7,12,17.7
2009,MT,Urbana,Federal,--,--,--,--,--,--,--,--,--,--,--,--,92.1,92.1,93.7,--,--,92.6,--,--,--,--,--,--,--,--,--,--,--,--,7.2,7.1,6.3,--,--,6.9,--,--,--,--,--,--,--,--,--,--,--,--,0.7,0.8,0,--,--,0.5
2009,MT,Urbana,Municipal,98.2,92.6,88.3,92.6,94.2,85.6,87.9,88.7,89.2,93.2,87.5,91.4,100,95,58.3,--,--,81.8,0.6,6.4,10.8,6.4,4.8,11.4,8.8,7.7,6.6,5.8,9.1,6.8,0,5,33.3,--,--,15.2,1.2,1,0.9,1,1,3,3.3,3.6,4.2,1,3.4,1.8,0,0,8.4,--,--,3
2009,MT,Urbana,Particular,97.9,97.7,98.1,98.6,98.4,97.5,96.8,97.1,95.2,98.2,96.6,97.5,92.6,95.6,96,100,100,94.7,1.4,1.9,1.7,1.3,1.5,2.3,2.9,2.7,4.4,1.5,3.1,2.2,7,4,3.7,0,0,5,0.7,0.4,0.2,0.1,0.1,0.2,0.3,0.2,0.4,0.3,0.3,0.3,0.4,0.4,0.3,0,0,0.3
2009,MT,Urbana,Publico,98.1,94.4,90.4,94.9,95.9,87.9,92.9,91.3,86.4,94.7,89.6,92.3,63.8,71.7,76.2,75,83.2,69.7,0.5,4.4,8.5,4,2.9,8.5,3.2,4.1,7.2,4.1,5.8,4.9,16,11.4,9.4,13.3,4.8,12.7,1.4,1.2,1.1,1.1,1.2,3.6,3.9,4.6,6.4,1.2,4.6,2.8,20.2,16.9,14.4,11.7,12,17.6
2009,MT,Urbana,Total,98.1,94.6,91.1,95.3,96.1,88.7,93.3,91.8,87.2,95,90.2,92.8,66,73.9,78.2,76.6,83.6,71.9,0.6,4.1,7.9,3.7,2.7,8,3.2,3.9,7,3.9,5.6,4.7,15.3,10.7,8.8,12.5,4.7,12,1.3,1.3,1,1,1.2,3.3,3.5,4.3,5.8,1.1,4.2,2.5,18.7,15.4,13,10.9,11.7,16.1
2009,GO,Rural,Estadual,95.8,83.6,89.9,91.4,92.6,76.6,82.1,85,82.5,90.8,81.4,84.9,73.5,80,85.8,92.3,--,78.8,0.5,14.2,8.6,5.9,5.7,15.2,11.8,8.9,10.2,7,11.6,9.9,14.9,10.6,5.4,0,--,11,3.7,2.2,1.5,2.7,1.7,8.2,6.1,6.1,7.3,2.2,7,5.2,11.6,9.4,8.8,7.7,--,10.2
2009,GO,Rural,Federal,--,--,--,--,--,--,--,--,--,--,--,--,83.7,84.6,86.1,--,--,84.7,--,--,--,--,--,--,--,--,--,--,--,--,9.9,14.4,10.3,--,--,11.3,--,--,--,--,--,--,--,--,--,--,--,--,6.4,1,3.6,--,--,4
2009,GO,Rural,Municipal,94.1,82.1,86,86.6,87.6,79.8,84.2,87.2,88.8,87.2,84.5,86.3,50.9,72.3,95.2,--,--,70.5,2.7,16,11.9,11.4,9.9,14.9,11.1,7.3,5.1,10.5,10.1,10.4,22.8,6.4,0,--,--,11,3.2,1.9,2.1,2,2.5,5.3,4.7,5.5,6.1,2.3,5.4,3.3,26.3,21.3,4.8,--,--,18.5
2009,GO,Rural,Particular,93.7,74.5,85.2,83.3,89.8,81,86.5,92.2,91.8,84.7,87.2,85.9,89.7,96.6,98,--,--,94.3,3.2,25.5,13.6,15.6,9.3,17.2,11.1,5.6,8.2,14.2,11.1,12.7,8.8,1.7,0,--,--,4,3.1,0,1.2,1.1,0.9,1.8,2.4,2.2,0,1.1,1.7,1.4,1.5,1.7,2,--,--,1.7
2009,GO,Rural,Publico,94.3,82.2,86.4,87.2,88.2,78.9,83.6,86.5,86.9,87.6,83.7,86.1,74.6,80.5,86.3,92.3,--,79.6,2.6,15.9,11.6,10.7,9.4,15,11.3,7.8,6.6,10.1,10.5,10.3,14.3,11.1,6.2,0,--,11,3.1,1.9,2,2.1,2.4,6.1,5.1,5.7,6.5,2.3,5.8,3.6,11.1,8.4,7.5,7.7,--,9.4
2009,GO,Rural,Total,94.3,82.1,86.4,87.1,88.3,79,83.7,86.7,87,87.5,83.7,86.1,75.3,81.3,86.9,92.3,--,80.3,2.6,16,11.6,10.8,9.4,15,11.3,7.7,6.7,10.2,10.5,10.3,14,10.6,5.8,0,--,10.7,3.1,1.9,2,2.1,2.3,6,5,5.6,6.3,2.3,5.8,3.6,10.7,8.1,7.3,7.7,--,9
2009,GO,Total,Estadual,97,87.4,90.3,91.9,92.7,78.7,77.9,80.4,79.8,91.6,79.2,81.5,64.3,74.5,80.9,75,83.3,71.9,0.2,10.5,8,6.4,5.6,14.4,14.7,11.9,10.6,6.6,12.8,11.7,20.3,11.8,8,17.3,16.7,14.3,2.8,2.1,1.7,1.7,1.7,6.9,7.4,7.7,9.6,1.8,8,6.8,15.4,13.7,11.1,7.7,0,13.8
2009,GO,Total,Federal,97.6,87.8,83.1,79.7,89.6,77.6,89.7,86.2,89.3,86.9,85.7,86.3,77.8,84.5,90,--,--,82.6,2.4,12.2,16.9,20.3,10.4,22.4,10.3,13.8,10.7,13.1,14.3,13.7,17.9,12.5,7.5,--,--,13.9,0,0,0,0,0,0,0,0,0,0,0,0,4.3,3,2.5,--,--,3.5
2009,GO,Total,Municipal,95,84.2,86.9,88.5,90.9,81.6,82.5,82.8,84.1,89,82.6,87.4,67.8,89,92.7,--,--,81.3,2.5,13.4,11.2,9.2,6.6,12.7,10.7,8.7,7,8.7,10.2,9,23.3,2.9,4.9,--,--,11.8,2.5,2.4,1.9,2.3,2.5,5.7,6.8,8.5,8.9,2.3,7.2,3.6,8.9,8.1,2.4,--,--,6.9
2009,GO,Total,Particular,97.7,97.9,98.2,97.8,98,94.8,94.4,94,94.2,97.9,94.4,96.3,88.4,93.7,96.1,100,90.6,92.4,1.4,1.9,1.6,1.9,1.8,4.8,5.2,5.6,5.3,1.7,5.2,3.3,10.3,5.2,2.9,0,3.9,6.5,0.9,0.2,0.2,0.3,0.2,0.4,0.4,0.4,0.5,0.4,0.4,0.4,1.3,1.1,1,0,5.5,1.1
2009,GO,Total,Publico,95.1,84.5,87.3,89.1,91.3,79.9,79.5,81.1,80.9,89.4,80.3,85.1,64.4,74.6,81,75,83.3,72.1,2.4,13.2,10.8,8.7,6.4,13.7,13.3,10.9,9.6,8.4,11.9,10.1,20.2,11.8,8,17.3,16.7,14.3,2.5,2.3,1.9,2.2,2.3,6.4,7.2,8,9.5,2.2,7.8,4.8,15.4,13.6,11,7.7,0,13.6
2009,GO,Total,Total,95.6,86.4,89,90.5,92.3,82.1,81.6,82.9,82.8,90.7,82.4,86.8,67.2,77.1,83,79.4,90.5,74.7,2.2,11.5,9.4,7.7,5.7,12.4,12.2,10.2,9,7.4,11,9.1,19.1,10.9,7.3,14.3,4,13.3,2.2,2.1,1.6,1.8,2,5.5,6.2,6.9,8.2,1.9,6.6,4.1,13.7,12,9.7,6.3,5.5,12
2009,GO,Urbana,Estadual,97.2,87.6,90.3,92,92.8,78.8,77.8,80.3,79.7,91.7,79.2,81.4,64.1,74.4,80.8,69.2,83.3,71.9,0.2,10.2,7.9,6.4,5.6,14.3,14.8,11.9,10.6,6.5,12.8,11.7,20.3,11.8,8,23.1,16.7,14.3,2.6,2.2,1.8,1.6,1.6,6.9,7.4,7.8,9.7,1.8,8,6.9,15.6,13.8,11.2,7.7,0,13.8
2009,GO,Urbana,Federal,97.6,87.8,83.1,79.7,89.6,77.6,89.7,86.2,89.3,86.9,85.7,86.3,75,84.4,93.1,--,--,81.4,2.4,12.2,16.9,20.3,10.4,22.4,10.3,13.8,10.7,13.1,14.3,13.7,21.6,11.5,5.3,--,--,15.3,0,0,0,0,0,0,0,0,0,0,0,0,3.4,4.1,1.6,--,--,3.3
2009,GO,Urbana,Municipal,95.1,84.4,86.9,88.6,91.2,81.8,82.3,82.3,83.5,89.2,82.4,87.5,75.6,97.8,91.4,--,--,86.7,2.5,13.2,11.1,9.1,6.4,12.5,10.7,8.9,7.2,8.5,10.2,8.9,23.6,1.1,7.4,--,--,12.3,2.4,2.4,2,2.3,2.4,5.7,7,8.8,9.3,2.3,7.4,3.6,0.8,1.1,1.2,--,--,1
2009,GO,Urbana,Particular,97.7,98,98.2,97.9,98.1,94.9,94.5,94.1,94.2,98,94.4,96.4,88.4,93.7,96.1,100,90.6,92.3,1.3,1.8,1.6,1.8,1.8,4.7,5.2,5.6,5.3,1.6,5.2,3.3,10.3,5.3,2.9,0,3.9,6.5,1,0.2,0.2,0.3,0.1,0.4,0.3,0.3,0.5,0.4,0.4,0.3,1.3,1,1,0,5.5,1.2
2009,GO,Urbana,Publico,95.2,84.7,87.4,89.3,91.5,79.9,79.3,80.9,80.7,89.5,80.2,85,64.2,74.5,80.9,69.2,83.3,71.9,2.4,12.9,10.7,8.6,6.2,13.6,13.4,11.1,9.8,8.2,12,10.1,20.3,11.8,8,23.1,16.7,14.3,2.4,2.4,1.9,2.1,2.3,6.5,7.3,8,9.5,2.3,7.8,4.9,15.5,13.7,11.1,7.7,0,13.8
2009,GO,Urbana,Total,95.6,86.7,89.1,90.7,92.6,82.2,81.5,82.8,82.7,90.9,82.3,86.8,67.1,77.1,83,76,90.5,74.6,2.2,11.2,9.2,7.5,5.5,12.3,12.2,10.3,9.1,7.2,11,9,19.1,10.9,7.3,18,4,13.3,2.2,2.1,1.7,1.8,1.9,5.5,6.3,6.9,8.2,1.9,6.7,4.2,13.8,12,9.7,6,5.5,12.1
2009,DF,Rural,Estadual,96.8,98.1,79.9,86.9,92.4,80.7,83,86.2,82.8,89.7,82.8,87.4,76.3,89.9,86.2,--,--,81.4,1.9,1.3,19.3,12.4,6.6,15.9,15.2,11.5,13.6,9.5,14.4,11.1,18.7,7.9,12,--,--,14.8,1.3,0.6,0.8,0.7,1,3.4,1.8,2.3,3.6,0.8,2.8,1.5,5,2.2,1.8,--,--,3.8
2009,DF,Rural,Federal,--,--,--,--,--,--,--,--,--,--,--,--,71.6,100,--,--,--,77.9,--,--,--,--,--,--,--,--,--,--,--,--,9.8,0,--,--,--,7.6,--,--,--,--,--,--,--,--,--,--,--,--,18.6,0,--,--,--,14.5
2009,DF,Rural,Particular,77.8,100,100,100,100,97.6,99.7,100,100,90.7,99.7,98.4,100,100,--,--,--,100,20,0,0,0,0,0,0.3,0,0,8.4,0.2,1.3,0,0,--,--,--,0,2.2,0,0,0,0,2.4,0,0,0,0.9,0.1,0.3,0,0,--,--,--,0
2009,DF,Rural,Publico,96.8,98.1,79.9,86.9,92.4,80.7,83,86.2,82.8,89.7,82.8,87.4,75.8,90.5,86.2,--,--,81.2,1.9,1.3,19.3,12.4,6.6,15.9,15.2,11.5,13.6,9.5,14.4,11.1,17.8,7.4,12,--,--,14.3,1.3,0.6,0.8,0.7,1,3.4,1.8,2.3,3.6,0.8,2.8,1.5,6.4,2.1,1.8,--,--,4.5
2009,DF,Rural,Total,96.4,98.1,80.1,87,92.4,81,85.4,88.1,84.6,89.7,84.4,87.8,76.8,90.8,86.2,--,--,81.8,2.3,1.2,19.2,12.4,6.6,15.6,13,9.9,12.1,9.5,13,10.7,17.1,7.1,12,--,--,13.8,1.3,0.7,0.7,0.6,1,3.4,1.6,2,3.3,0.8,2.6,1.5,6.1,2.1,1.8,--,--,4.4
2009,DF,Total,Estadual,96.7,97.5,81.8,89.1,93.2,76,80.3,84.4,82.3,90.9,80.2,86.2,63.1,77.3,82.3,--,75.8,71.5,2.3,1.8,17.5,10.3,6.2,19.3,16.4,12.6,14.7,8.4,16.2,11.8,23.8,15.7,11.6,--,24.2,18.7,1,0.7,0.7,0.6,0.6,4.7,3.3,3,3,0.7,3.6,2,13.1,7,6.1,--,0,9.8
2009,DF,Total,Federal,--,--,--,--,--,93.2,96.7,96.8,93.3,--,95.1,95.1,83.9,95.3,96.9,--,--,91.2,--,--,--,--,--,6.8,3.3,3.2,6.7,--,4.9,4.9,13.1,4.7,3.1,--,--,7.6,--,--,--,--,--,0,0,0,0,--,0,0,3,0,0,--,--,1.2
2009,DF,Total,Particular,98.8,98.7,98.9,98.7,99,95.2,93.5,93.4,93.5,98.8,93.9,96.7,86.4,92.3,95.7,--,--,91.1,0.9,1.2,1.1,1.3,1,4.7,6.4,6.5,6.5,1.1,6,3.3,13.4,7.5,4.2,--,--,8.7,0.3,0.1,0,0,0,0.1,0.1,0.1,0,0.1,0.1,0,0.2,0.2,0.1,--,--,0.2
2009,DF,Total,Publico,96.7,97.5,81.8,89.1,93.2,76.1,80.4,84.6,82.5,90.9,80.4,86.3,63.5,77.7,82.6,--,75.8,71.9,2.3,1.8,17.5,10.3,6.2,19.2,16.3,12.4,14.6,8.4,16,11.7,23.6,15.5,11.3,--,24.2,18.5,1,0.7,0.7,0.6,0.6,4.7,3.3,3,2.9,0.7,3.6,2,12.9,6.8,6.1,--,0,9.6
2009,DF,Total,Total,97.3,97.8,85.3,91.2,94.5,80,83.4,86.8,85.5,92.8,83.6,88.7,68,81.8,86.5,--,75.8,76.6,2,1.7,14.2,8.3,4.9,16.2,14.1,11,12.3,6.6,13.7,9.7,21.6,13.2,9.2,--,24.2,16.1,0.7,0.5,0.5,0.5,0.6,3.8,2.5,2.2,2.2,0.6,2.7,1.6,10.4,5,4.3,--,0,7.3
2009,DF,Urbana,Estadual,96.7,97.4,81.9,89.2,93.3,75.7,80.1,84.3,82.3,91,80.1,86.2,62.8,77,82.2,--,75.8,71.3,2.4,1.9,17.4,10.1,6.1,19.4,16.5,12.7,14.8,8.3,16.2,11.8,23.9,15.9,11.5,--,24.2,18.8,0.9,0.7,0.7,0.7,0.6,4.9,3.4,3,2.9,0.7,3.7,2,13.3,7.1,6.3,--,0,9.9
2009,DF,Urbana,Federal,--,--,--,--,--,93.2,96.7,96.8,93.3,--,95.1,95.1,86.3,95,96.9,--,--,92.4,--,--,--,--,--,6.8,3.3,3.2,6.7,--,4.9,4.9,13.7,5,3.1,--,--,7.6,--,--,--,--,--,0,0,0,0,--,0,0,0,0,0,--,--,0
2009,DF,Urbana,Particular,98.9,98.7,98.9,98.7,99,95.2,93.3,93.2,93.4,98.9,93.8,96.6,86.4,92.3,95.7,--,--,91.1,0.9,1.2,1.1,1.3,1,4.7,6.6,6.7,6.6,1.1,6.1,3.3,13.5,7.5,4.2,--,--,8.8,0.2,0.1,0,0,0,0.1,0.1,0.1,0,0,0.1,0.1,0.1,0.2,0.1,--,--,0.1
2009,DF,Urbana,Publico,96.7,97.4,81.9,89.2,93.3,75.8,80.3,84.5,82.5,91,80.3,86.2,63.1,77.5,82.6,--,75.8,71.7,2.4,1.9,17.4,10.1,6.1,19.4,16.3,12.5,14.6,8.3,16.1,11.8,23.8,15.6,11.3,--,24.2,18.6,0.9,0.7,0.7,0.7,0.6,4.8,3.4,3,2.9,0.7,3.6,2,13.1,6.9,6.1,--,0,9.7
2009,DF,Urbana,Total,97.3,97.8,85.6,91.4,94.7,80,83.3,86.8,85.6,93,83.5,88.8,67.8,81.7,86.5,--,75.8,76.5,1.9,1.7,13.8,8,4.9,16.2,14.1,11,12.4,6.5,13.7,9.7,21.7,13.3,9.2,--,24.2,16.1,0.8,0.5,0.6,0.6,0.4,3.8,2.6,2.2,2,0.5,2.8,1.5,10.5,5,4.3,--,0,7.4
Fonte: Mec/Inep/Deed.,DF,Urbana,Total,97.3,97.8,85.6,91.4,94.7,80,83.3,86.8,85.6,93,83.5,88.8,67.8,81.7,86.5,--,75.8,76.5,1.9,1.7,13.8,8,4.9,16.2,14.1,11,12.4,6.5,13.7,9.7,21.7,13.3,9.2,--,24.2,16.1,0.8,0.5,0.6,0.6,0.4,3.8,2.6,2.2,2,0.5,2.8,1.5,10.5,5,4.3,--,0,7.4
"     Notas: 1) Inclui as taxas de aprovação, reprovação e abandono. ",DF,Urbana,Total,97.3,97.8,85.6,91.4,94.7,80,83.3,86.8,85.6,93,83.5,88.8,67.8,81.7,86.5,--,75.8,76.5,1.9,1.7,13.8,8,4.9,16.2,14.1,11,12.4,6.5,13.7,9.7,21.7,13.3,9.2,--,24.2,16.1,0.8,0.5,0.6,0.6,0.4,3.8,2.6,2.2,2,0.5,2.8,1.5,10.5,5,4.3,--,0,7.4
                2) Inclui as taxas do Ensino Fundamental de 8 e 9 anos.,DF,Urbana,Total,97.3,97.8,85.6,91.4,94.7,80,83.3,86.8,85.6,93,83.5,88.8,67.8,81.7,86.5,--,75.8,76.5,1.9,1.7,13.8,8,4.9,16.2,14.1,11,12.4,6.5,13.7,9.7,21.7,13.3,9.2,--,24.2,16.1,0.8,0.5,0.6,0.6,0.4,3.8,2.6,2.2,2,0.5,2.8,1.5,10.5,5,4.3,--,0,7.4
"                3) ""taxas de rendimento escolar"" expressa o percentual de alunos aprovados, reprovados e afastados por abandono.",DF,Urbana,Total,97.3,97.8,85.6,91.4,94.7,80,83.3,86.8,85.6,93,83.5,88.8,67.8,81.7,86.5,--,75.8,76.5,1.9,1.7,13.8,8,4.9,16.2,14.1,11,12.4,6.5,13.7,9.7,21.7,13.3,9.2,--,24.2,16.1,0.8,0.5,0.6,0.6,0.4,3.8,2.6,2.2,2,0.5,2.8,1.5,10.5,5,4.3,--,0,7.4
