Ano,Unidade Geográfica,Localização,Dependência Administrativa,Total,Anos Iniciais,Anos Finais,1º Ano ,2º Ano,3º Ano,4º Ano,5º Ano,6º Ano,7º Ano,8º Ano,9º Ano,Total,1ª série,2ª série,3ª série,4ª série,Não-Seriado,Total,Anos Iniciais,Anos Finais,1º Ano ,2º Ano,3º Ano,4º Ano,5º Ano,6º Ano,7º Ano,8º Ano,9º Ano,Total,1ª série,2ª série,3ª série,4ª série,Não-Seriado,Total_Abandono_EF2010,Anos Iniciais,Anos Finais,1º Ano ,2º Ano,3º Ano,4º Ano,5º Ano,6º Ano,7º Ano,8º Ano,9º Ano,Total_Abandono_EM2010,1ª série,2ª série,3ª série,4ª série,Não-Seriado
2010,RO,Rural,Estadual,95.2,76.9,82.6,85,87.8,74.5,75.7,80.6,83.7,84.9,78.2,81.4,71.1,73.9,87.4,--,100,76.3,1.7,17.4,13.3,11,8.3,18.6,18.5,10.6,7.4,10.9,14.4,12.7,11.5,10.4,5.8,--,0,9.6,3.1,5.7,4.1,4,3.9,6.9,5.8,8.8,8.9,4.2,7.4,5.9,17.4,15.7,6.8,--,0,14.1
2010,RO,Rural,Federal,--,--,--,--,--,--,--,--,--,--,--,--,87.3,58.1,73.2,--,--,78.2,--,--,--,--,--,--,--,--,--,--,--,--,10.6,41.9,23.2,--,--,19.9,--,--,--,--,--,--,--,--,--,--,--,--,2.1,0,3.6,--,--,1.9
2010,RO,Rural,Municipal,97.8,75.3,83.7,85.9,88.8,75.3,78.6,81.5,87.9,85.5,80.2,83.3,90.9,92.1,--,--,--,91.5,0.4,22,14,11,8.5,18.8,15.3,11.5,6.6,12,13.6,12.7,0,0,--,--,--,0,1.8,2.7,2.3,3.1,2.7,5.9,6.1,7,5.5,2.5,6.2,4,9.1,7.9,--,--,--,8.5
2010,RO,Rural,Particular,--,87.5,100,100,100,94,91.7,96.2,96.2,95.7,94.8,94.9,92.7,95.1,97.4,100,--,95.2,--,12.5,0,0,0,6,8.3,3.8,2.5,4.3,4.8,4.7,4.3,4.9,2.6,0,--,3.7,--,0,0,0,0,0,0,0,1.3,0,0.4,0.4,3,0,0,0,--,1.1
2010,RO,Rural,Publico,97.6,75.4,83.6,85.8,88.7,75.2,78.3,81.4,87.3,85.4,79.9,83,75.7,72.3,85.5,--,100,77.1,0.5,21.6,13.9,11,8.4,18.7,15.7,11.4,6.7,11.9,13.7,12.7,10.9,15.1,8.2,--,0,11.4,1.9,3,2.5,3.2,2.9,6.1,6,7.2,6,2.7,6.4,4.3,13.4,12.6,6.3,--,0,11.5
2010,RO,Rural,Total,97.6,75.5,83.6,85.9,88.7,75.3,78.3,81.5,87.4,85.4,80.1,83.1,77.6,75.9,87.4,100,100,79.8,0.5,21.6,13.9,11,8.4,18.7,15.6,11.3,6.7,11.9,13.7,12.7,10.1,13.4,7.3,0,0,10.3,1.9,2.9,2.5,3.1,2.9,6,6.1,7.2,5.9,2.7,6.2,4.2,12.3,10.7,5.3,0,0,9.9
2010,RO,Total,Estadual,97.3,81.4,84.8,86.2,87.7,69.4,70.9,74.6,79.1,86.8,73,78.2,68.9,77.5,82.6,63.6,89.5,75.2,1,16.8,14,12.4,10.3,25.6,24,19.7,14.7,11.6,21.6,17.9,16.4,10.5,7.7,18.2,2.7,12.2,1.7,1.8,1.2,1.4,2,5,5.1,5.7,6.2,1.6,5.4,3.9,14.7,12,9.7,18.2,7.8,12.6
2010,RO,Total,Federal,--,--,--,--,--,--,--,--,--,--,--,--,86.2,70.3,73.2,--,--,79.9,--,--,--,--,--,--,--,--,--,--,--,--,11.1,27.5,23.2,--,--,17.6,--,--,--,--,--,--,--,--,--,--,--,--,2.7,2.2,3.6,--,--,2.5
2010,RO,Total,Municipal,98.2,77.4,84.6,86.4,89.6,74.7,77.5,82.1,86.8,86.7,79.4,84.5,90.9,92.1,--,--,--,91.5,0.4,20.6,13.7,11.5,8.2,19.9,17.2,11.8,7.6,11.4,15.1,12.5,0,0,--,--,--,0,1.4,2,1.7,2.1,2.2,5.4,5.3,6.1,5.6,1.9,5.5,3,9.1,7.9,--,--,--,8.5
2010,RO,Total,Particular,99.3,96.7,98.5,98.7,98.2,95.4,93.1,94.9,94,98.3,94.4,96.6,92.1,93.9,95.4,100,--,93.7,0.4,3.1,1.4,1.2,1.8,4.5,6.7,4.9,5.7,1.6,5.4,3.3,7.3,5.1,4.4,0,--,5.7,0.3,0.2,0.1,0.1,0,0.1,0.2,0.2,0.3,0.1,0.2,0.1,0.6,1,0.2,0,--,0.6
2010,RO,Total,Publico,97.9,78.7,84.7,86.3,88.8,71.2,73,76.9,81.4,86.7,75,81.2,69.3,77.4,82.6,63.6,89.5,75.3,0.6,19.3,13.8,11.8,9.2,23.7,21.8,17.3,12.6,11.5,19.5,15.3,16.2,10.7,7.8,18.2,2.7,12.3,1.5,2,1.5,1.9,2,5.1,5.2,5.8,6,1.8,5.5,3.5,14.5,11.9,9.6,18.2,7.8,12.4
2010,RO,Total,Total,98,79.8,85.5,87.1,89.4,72.4,74.1,78,82.3,87.5,76.1,82.2,70.8,78.8,83.8,85.5,89.5,76.7,0.6,18.4,13,11.1,8.7,22.7,21,16.6,12.1,10.8,18.7,14.5,15.6,10.3,7.5,7.3,2.7,11.8,1.4,1.8,1.5,1.8,1.9,4.9,4.9,5.4,5.6,1.7,5.2,3.3,13.6,10.9,8.7,7.2,7.8,11.5
2010,RO,Urbana,Estadual,97.5,81.7,85,86.3,87.7,69.1,70.7,74.3,78.8,86.9,72.7,78,68.8,77.6,82.4,63.6,89.3,75.2,0.9,16.8,14.1,12.5,10.5,26,24.3,20.1,15.1,11.7,22,18.2,16.6,10.5,7.8,18.2,2.8,12.3,1.6,1.5,0.9,1.2,1.8,4.9,5,5.6,6.1,1.4,5.3,3.8,14.6,11.9,9.8,18.2,7.9,12.5
2010,RO,Urbana,Federal,--,--,--,--,--,--,--,--,--,--,--,--,84.3,80.5,--,--,--,82.6,--,--,--,--,--,--,--,--,--,--,--,--,12.2,15.4,--,--,--,13.7,--,--,--,--,--,--,--,--,--,--,--,--,3.5,4.1,--,--,--,3.7
2010,RO,Urbana,Municipal,98.4,78.8,85.2,86.7,90.2,73.9,75.5,83.4,84,87.5,77.8,85.5,--,--,--,--,--,--,0.4,19.7,13.5,11.8,8.1,21.4,20.5,12.4,10.3,11,17.7,12.4,--,--,--,--,--,--,1.2,1.5,1.3,1.5,1.7,4.7,4,4.2,5.7,1.5,4.5,2.1,--,--,--,--,--,--
2010,RO,Urbana,Particular,99.3,96.7,98.5,98.7,98.2,95.5,93.2,94.8,93.9,98.3,94.4,96.6,92,93.8,95.2,--,--,93.5,0.4,3,1.4,1.2,1.8,4.4,6.6,5,5.9,1.6,5.5,3.2,7.6,5.1,4.6,--,--,5.9,0.3,0.3,0.1,0.1,0,0.1,0.2,0.2,0.2,0.1,0.1,0.2,0.4,1.1,0.2,--,--,0.6
2010,RO,Urbana,Publico,98.1,80,85.1,86.5,88.8,70,71.4,75.5,79.4,87.2,73.4,80.6,68.9,77.6,82.4,63.6,89.3,75.2,0.6,18.4,13.8,12.1,9.4,25.2,23.7,19.1,14.6,11.3,21.4,16.2,16.5,10.5,7.8,18.2,2.8,12.3,1.3,1.6,1.1,1.4,1.8,4.8,4.9,5.4,6,1.5,5.2,3.2,14.6,11.9,9.8,18.2,7.9,12.5
2010,RO,Urbana,Total,98.2,81.4,86.2,87.6,89.7,71.6,72.9,77,80.7,88.2,75,81.9,70.4,78.9,83.6,63.6,89.3,76.6,0.6,17.2,12.7,11.2,8.7,23.8,22.5,18.1,13.8,10.5,20.2,15.1,15.9,10.1,7.5,18.2,2.8,11.8,1.2,1.4,1.1,1.2,1.6,4.6,4.6,4.9,5.5,1.3,4.8,3,13.7,11,8.9,18.2,7.9,11.6
2010,AC,Rural,Estadual,80.9,66.8,76.3,77.4,84.6,82.8,84.9,89.7,91.5,76.3,86.5,80.6,84.8,88.9,93.4,--,89.2,88.2,9.8,23.2,17.3,14.5,8.7,7.9,4.1,4.1,2.2,15.6,4.9,11.1,4.3,2.6,1,--,1.2,2.8,9.3,10,6.4,8.1,6.7,9.3,11,6.2,6.3,8.1,8.6,8.3,10.9,8.5,5.6,--,9.6,9
2010,AC,Rural,Municipal,86.7,59,76.1,80.5,86.8,75.9,81.3,87.9,90.8,76.3,82.3,77.5,--,--,--,--,--,--,6.2,31.6,17.4,13.1,6,9.5,6.9,5.5,3.3,16.3,7,14.4,--,--,--,--,--,--,7.1,9.4,6.5,6.4,7.2,14.6,11.8,6.6,5.9,7.4,10.7,8.1,--,--,--,--,--,--
2010,AC,Rural,Publico,84.8,61.9,76.1,79.4,85.9,79.8,83.8,89,91.2,76.3,84.9,78.8,84.8,88.9,93.4,--,89.2,88.2,7.4,28.5,17.4,13.6,7.1,8.6,4.9,4.6,2.6,16,5.7,12.9,4.3,2.6,1,--,1.2,2.8,7.8,9.6,6.5,7,7,11.6,11.3,6.4,6.2,7.7,9.4,8.3,10.9,8.5,5.6,--,9.6,9
2010,AC,Rural,Total,84.8,61.9,76.1,79.4,85.9,79.8,83.8,89,91.2,76.3,84.9,78.8,84.8,88.9,93.4,--,89.2,88.2,7.4,28.5,17.4,13.6,7.1,8.6,4.9,4.6,2.6,16,5.7,12.9,4.3,2.6,1,--,1.2,2.8,7.8,9.6,6.5,7,7,11.6,11.3,6.4,6.2,7.7,9.4,8.3,10.9,8.5,5.6,--,9.6,9
2010,AC,Total,Estadual,94,80.4,86.1,88.8,93,88.2,89.2,91.6,89.9,88.1,89.5,88.8,72.8,81.4,82.1,--,81.8,78,2.7,15.2,11.1,8.3,4.7,7.1,5.6,5.1,4.7,8.7,5.7,7.2,11.1,8,6.3,--,0.9,8.8,3.3,4.4,2.8,2.9,2.3,4.7,5.2,3.3,5.4,3.2,4.8,4,16.1,10.6,11.6,--,17.3,13.2
2010,AC,Total,Federal,96.4,100,100,88.5,85.2,75,94.4,77.6,93.8,94.1,84.5,88.6,64.6,72.7,89.5,--,--,74.8,3.6,0,0,11.5,14.8,25,5.6,22.4,6.2,5.9,15.5,11.4,35.4,27.3,10.5,--,--,25.2,0,0,0,0,0,0,0,0,0,0,0,0,0,0,0,--,--,0
2010,AC,Total,Municipal,92.3,69,81.3,84.9,89.4,77.5,82.8,86.8,92.1,82.6,83.6,82.8,--,--,--,--,--,--,3.2,24.7,14.5,11,6.3,11.3,8.9,6.7,3.7,12.7,8.3,11.9,--,--,--,--,--,--,4.5,6.3,4.2,4.1,4.3,11.2,8.3,6.5,4.2,4.7,8.1,5.3,--,--,--,--,--,--
2010,AC,Total,Particular,98.1,98.4,99.3,99.3,98.7,97.2,96,95.7,95.6,98.7,96.1,97.5,89.6,96.9,96.8,--,100,94.3,1.6,1.3,0.7,0.6,1.1,2.6,3.9,4,3.9,1.1,3.6,2.2,9.5,2.8,2.7,--,0,5.1,0.3,0.3,0,0.1,0.2,0.2,0.1,0.3,0.5,0.2,0.3,0.3,0.9,0.3,0.5,--,0,0.6
2010,AC,Total,Publico,93.1,74.5,83.6,86.8,91.3,86,88.2,90.7,90.2,85.3,88.5,86.5,72.7,81.3,82.1,--,81.8,78,3,20.1,12.9,9.7,5.5,8,6.1,5.4,4.5,10.8,6.2,9,11.2,8.1,6.3,--,0.9,8.8,3.9,5.4,3.5,3.5,3.2,6,5.7,3.9,5.3,3.9,5.3,4.5,16.1,10.6,11.6,--,17.3,13.2
2010,AC,Total,Total,93.3,75.3,84.1,87.3,91.6,86.5,88.5,91,90.5,85.8,88.9,87,73.6,82.3,83.1,--,82.7,78.9,2.9,19.5,12.5,9.3,5.3,7.8,6,5.3,4.5,10.4,6.1,8.7,11.1,7.8,6.1,--,0.8,8.6,3.8,5.2,3.4,3.4,3.1,5.7,5.5,3.7,5,3.8,5,4.3,15.3,9.9,10.8,--,16.5,12.5
2010,AC,Urbana,Estadual,98.5,87.4,90.8,93.4,96.2,89.6,90.4,92,89.5,93.1,90.3,91.6,71.1,80.3,80.9,--,72.5,76.6,0.2,11.1,8.2,5.8,3.1,6.9,6,5.3,5.2,5.8,5.9,5.9,12.1,8.8,6.9,--,0.5,9.6,1.3,1.5,1,0.8,0.7,3.5,3.6,2.7,5.3,1.1,3.8,2.5,16.8,10.9,12.2,--,27,13.8
2010,AC,Urbana,Federal,96.4,100,100,88.5,85.2,75,94.4,77.6,93.8,94.1,84.5,88.6,64.6,72.7,89.5,--,--,74.8,3.6,0,0,11.5,14.8,25,5.6,22.4,6.2,5.9,15.5,11.4,35.4,27.3,10.5,--,--,25.2,0,0,0,0,0,0,0,0,0,0,0,0,0,0,0,--,--,0
2010,AC,Urbana,Municipal,97.2,80.3,87,89.5,91.7,80,84.6,85.4,93.3,88.9,85.3,88.3,--,--,--,--,--,--,0.6,17,11.4,8.8,6.5,14.1,11.2,8.4,4.1,9.1,9.9,9.2,--,--,--,--,--,--,2.2,2.7,1.6,1.7,1.8,5.9,4.2,6.2,2.6,2,4.8,2.5,--,--,--,--,--,--
2010,AC,Urbana,Particular,98.1,98.4,99.3,99.3,98.7,97.2,96,95.7,95.6,98.7,96.1,97.5,89.6,96.9,96.8,--,100,94.3,1.6,1.3,0.7,0.6,1.1,2.6,3.9,4,3.9,1.1,3.6,2.2,9.5,2.8,2.7,--,0,5.1,0.3,0.3,0,0.1,0.2,0.2,0.1,0.3,0.5,0.2,0.3,0.3,0.9,0.3,0.5,--,0,0.6
2010,AC,Urbana,Publico,97.9,84.4,89.2,91.7,94.3,88.4,89.9,91.3,89.9,91.3,89.8,90.6,71.1,80.2,81,--,72.5,76.6,0.4,13.6,9.6,7.1,4.5,7.8,6.5,5.7,5.1,7.2,6.4,6.9,12.2,8.9,6.9,--,0.5,9.6,1.7,2,1.2,1.2,1.2,3.8,3.6,3,5,1.5,3.8,2.5,16.7,10.9,12.1,--,27,13.8
2010,AC,Urbana,Total,97.9,85.1,89.8,92.2,94.6,89,90.2,91.6,90.3,91.8,90.2,91.1,72.1,81.4,82.1,--,75.4,77.7,0.5,13,9.1,6.7,4.3,7.5,6.4,5.6,5,6.8,6.2,6.6,12,8.5,6.6,--,0.4,9.3,1.6,1.9,1.1,1.1,1.1,3.5,3.4,2.8,4.7,1.4,3.6,2.3,15.9,10.1,11.3,--,24.2,13
2010,AM,Rural,Estadual,93,88.7,82.2,90.8,81.5,85.4,87.5,86.7,88.7,86,87,86.6,82.9,89.1,92.5,--,95,87.2,3.4,5.2,14.3,6.2,13.3,6.7,4.4,4.3,3.8,9.7,4.9,6.6,2.8,2.5,1.5,--,0,2.4,3.6,6.1,3.5,3,5.2,7.9,8.1,9,7.5,4.3,8.1,6.8,14.3,8.4,6,--,5,10.4
2010,AM,Rural,Municipal,83.3,71.8,70.4,74.4,75.2,71.6,78,82.6,85.9,74.1,77.9,75.2,--,--,--,--,--,--,8.3,18.9,21.6,17,14.9,13,8.2,4.8,3.1,17,8.4,14.6,--,--,--,--,--,--,8.4,9.3,8,8.6,9.9,15.4,13.8,12.6,11,8.9,13.7,10.2,--,--,--,--,--,--
2010,AM,Rural,Particular,100,97.1,97.8,94.8,89.7,93.1,83.7,88.7,93.9,95.6,90,92.7,83.1,95.8,100,--,--,91.4,0,2.9,2.2,5.2,10.3,6.9,16.3,9.4,6.1,4.4,9.6,7,14.5,4.2,0,--,--,7.6,0,0,0,0,0,0,0,1.9,0,0,0.4,0.3,2.4,0,0,--,--,1
2010,AM,Rural,Publico,83.6,72.1,70.8,75.1,75.6,73.3,79.6,83.3,86.4,74.6,79.3,76,82.9,89.1,92.5,--,95,87.2,8.2,18.6,21.3,16.5,14.8,12.2,7.5,4.7,3.2,16.7,7.8,14,2.8,2.5,1.5,--,0,2.4,8.2,9.3,7.9,8.4,9.6,14.5,12.9,12,10.4,8.7,12.9,10,14.3,8.4,6,--,5,10.4
2010,AM,Rural,Total,83.6,72.1,70.9,75.1,75.6,73.4,79.6,83.3,86.4,74.6,79.4,76.1,82.9,89.2,92.6,--,95,87.3,8.2,18.5,21.2,16.5,14.8,12.2,7.5,4.7,3.3,16.7,7.8,14,3,2.5,1.4,--,0,2.4,8.2,9.4,7.9,8.4,9.6,14.4,12.9,12,10.3,8.7,12.8,9.9,14.1,8.3,6,--,5,10.3
2010,AM,Total,Estadual,96,94,82.4,96,88.3,78.3,81.3,83.3,84.3,90.6,81.6,85,76,82.2,87.3,--,95,81,0.9,2.7,14.7,1.9,8.9,14.4,12.1,9.9,7.9,6.6,11.3,9.5,10.4,7.5,5,--,0,8,3.1,3.3,2.9,2.1,2.8,7.3,6.6,6.8,7.8,2.8,7.1,5.5,13.6,10.3,7.7,--,5,11
2010,AM,Total,Federal,--,--,--,--,--,93.4,83.1,83.1,88.5,--,86.7,86.7,81.4,87.3,94,--,--,86.2,--,--,--,--,--,6.6,16.9,16.9,11.5,--,13.3,13.3,16,11.4,5.8,--,--,12.1,--,--,--,--,--,0,0,0,0,--,0,0,2.6,1.3,0.2,--,--,1.7
2010,AM,Total,Municipal,88.7,72.6,71.8,77.9,79.2,69.7,76.1,80,81,77.2,75.5,76.7,--,--,--,--,--,--,5,20.7,22.6,16.9,14.4,16,10.9,7.3,6.3,16.7,11.2,15.2,--,--,--,--,--,--,6.3,6.7,5.6,5.2,6.4,14.3,13,12.7,12.7,6.1,13.3,8.1,--,--,--,--,--,--
2010,AM,Total,Particular,96,97.2,98.1,97.5,97.6,95.7,94.9,95.2,94.1,97.2,95,96.4,86.4,93.7,96.7,--,--,91.6,3.2,2.4,1.7,2.4,2.2,4,4.8,4.5,5.6,2.4,4.7,3.3,13,5.9,3.2,--,--,8,0.8,0.4,0.2,0.1,0.2,0.3,0.3,0.3,0.3,0.4,0.3,0.3,0.6,0.4,0.1,--,--,0.4
2010,AM,Total,Publico,90.2,77.1,74.6,83.1,82.3,74.4,79.2,82.1,83.2,80.8,79.2,80.1,76.1,82.3,87.4,--,95,81.1,4.2,16.9,20.5,12.5,12.5,15.1,11.6,9,7.4,14.1,11.2,12.9,10.5,7.6,5,--,0,8.1,5.6,6,4.9,4.4,5.2,10.5,9.2,8.9,9.4,5.1,9.6,7,13.4,10.1,7.6,--,5,10.8
2010,AM,Total,Total,90.8,78.4,76,84.1,83.4,75.6,80.2,83,83.9,81.9,80.2,81.2,76.7,82.9,88,--,95,81.7,4.1,15.9,19.4,11.9,11.8,14.4,11.2,8.7,7.3,13.2,10.8,12.2,10.6,7.5,4.9,--,0,8.1,5.1,5.7,4.6,4,4.8,10,8.6,8.3,8.8,4.9,9,6.6,12.7,9.6,7.1,--,5,10.2
2010,AM,Urbana,Estadual,96.1,94.1,82.4,96.3,88.7,78,80.9,83.1,84.1,90.8,81.3,85,75.1,81.4,86.7,--,--,80.3,0.8,2.6,14.8,1.7,8.6,14.8,12.5,10.2,8.1,6.5,11.6,9.6,11.4,8.1,5.4,--,--,8.7,3.1,3.3,2.8,2,2.7,7.2,6.6,6.7,7.8,2.7,7.1,5.4,13.5,10.5,7.9,--,--,11
2010,AM,Urbana,Federal,--,--,--,--,--,93.4,83.1,83.1,88.5,--,86.7,86.7,81.4,87.3,94,--,--,86.2,--,--,--,--,--,6.6,16.9,16.9,11.5,--,13.3,13.3,16,11.4,5.8,--,--,12.1,--,--,--,--,--,0,0,0,0,--,0,0,2.6,1.3,0.2,--,--,1.7
2010,AM,Urbana,Municipal,91.5,73.1,72.9,80.5,82,68.4,74.9,78.2,77.8,79.3,73.8,77.8,--,--,--,--,--,--,3.4,22,23.3,16.8,14.1,18.1,12.7,9,8.4,16.6,13.1,15.6,--,--,--,--,--,--,5.1,4.9,3.8,2.7,3.9,13.5,12.4,12.8,13.8,4.1,13.1,6.6,--,--,--,--,--,--
2010,AM,Urbana,Particular,96,97.2,98.1,97.5,97.6,95.7,95,95.3,94.1,97.2,95.1,96.4,86.4,93.7,96.6,--,--,91.6,3.2,2.4,1.7,2.3,2.2,3.9,4.7,4.4,5.6,2.4,4.6,3.3,13,6,3.2,--,--,8,0.8,0.4,0.2,0.2,0.2,0.4,0.3,0.3,0.3,0.4,0.3,0.3,0.6,0.3,0.2,--,--,0.4
2010,AM,Urbana,Publico,92.8,79.6,76.4,86.8,85,74.7,79.1,81.8,82.6,83.5,79.1,81.5,75.3,81.5,86.9,--,--,80.4,2.7,16,20.1,10.7,11.6,15.9,12.6,9.9,8.2,12.9,12,12.5,11.5,8.2,5.4,--,--,8.8,4.5,4.4,3.5,2.5,3.4,9.4,8.3,8.3,9.2,3.6,8.9,6,13.2,10.3,7.7,--,--,10.8
2010,AM,Urbana,Total,93.2,81.3,78.2,87.8,86.2,76.2,80.3,82.9,83.5,84.9,80.3,82.8,75.9,82.2,87.5,--,--,81.1,2.7,14.7,18.6,9.9,10.7,15,12,9.5,8,11.8,11.5,11.7,11.6,8,5.3,--,--,8.7,4.1,4,3.2,2.3,3.1,8.8,7.7,7.6,8.5,3.3,8.2,5.5,12.5,9.8,7.2,--,--,10.2
2010,RR,Rural,Estadual,92,82.2,86.8,84.6,87.8,78.5,81.9,86.5,90.3,86.2,83.3,84.9,78.8,85.8,89.9,--,--,84.1,3.9,14.4,10.2,12.2,8.8,14.6,10.5,5.6,2.4,10.4,9.3,9.9,6.5,3.4,3.6,--,--,4.7,4.1,3.4,3,3.2,3.4,6.9,7.6,7.9,7.3,3.4,7.4,5.2,14.7,10.8,6.5,--,--,11.2
2010,RR,Rural,Federal,--,--,--,--,--,--,--,--,--,--,--,--,44.7,94.1,--,--,97.1,86.4,--,--,--,--,--,--,--,--,--,--,--,--,44.7,5.9,--,--,0.6,9.7,--,--,--,--,--,--,--,--,--,--,--,--,10.6,0,--,--,2.3,3.9
2010,RR,Rural,Municipal,97.5,80.3,84.3,86.5,88,82.2,83.5,80.7,83.5,87,82.4,86.2,90.5,100,100,--,--,95.7,0.7,15.9,13.3,11.7,8.3,10.8,7.2,6.9,2.7,10.2,7.6,9.8,0,0,0,--,--,0,1.8,3.8,2.4,1.8,3.7,7,9.3,12.4,13.8,2.8,10,4,9.5,0,0,--,--,4.3
2010,RR,Rural,Particular,--,--,--,--,--,--,--,--,--,--,--,--,100,100,100,100,--,100,--,--,--,--,--,--,--,--,--,--,--,--,0,0,0,0,--,0,--,--,--,--,--,--,--,--,--,--,--,--,0,0,0,0,--,0
2010,RR,Rural,Publico,94.8,81.4,86,85.2,87.9,79,82.1,85.7,89.5,86.5,83.2,85.3,77.7,86.2,90,--,97.1,84.4,2.3,15,11.2,12.1,8.6,14,10.1,5.8,2.4,10.4,9.1,9.9,7.8,3.4,3.5,--,0.6,5,2.9,3.6,2.8,2.7,3.5,7,7.8,8.5,8.1,3.1,7.7,4.8,14.5,10.4,6.5,--,2.3,10.6
2010,RR,Rural,Total,94.8,81.4,86,85.2,87.9,79,82.1,85.7,89.5,86.5,83.2,85.3,78,86.2,90.1,100,97.1,84.5,2.3,15,11.2,12.1,8.6,14,10.1,5.8,2.4,10.4,9.1,9.9,7.7,3.4,3.5,0,0.6,5,2.9,3.6,2.8,2.7,3.5,7,7.8,8.5,8.1,3.1,7.7,4.8,14.3,10.4,6.4,0,2.3,10.5
2010,RR,Total,Estadual,95.5,86.3,88.4,89.7,91.5,81,82.5,84.7,86.6,89.8,83.4,85.9,75.2,82.9,86.3,--,--,80.5,2.3,11.9,9.6,8.7,6.6,15.2,13,11.4,8.9,8.3,12.4,10.8,15.9,9.4,7.7,--,--,11.7,2.2,1.8,2,1.6,1.9,3.8,4.5,3.9,4.5,1.9,4.2,3.3,8.9,7.7,6,--,--,7.8
2010,RR,Total,Federal,100,100,100,92.6,95.8,98,98,94,82.6,97.3,93.4,95.1,85.1,87.6,94.4,96.4,97.1,91,0,0,0,7.4,4.2,2,2,6,17.4,2.7,6.6,4.9,12.6,11.7,4.5,3,0.6,7.6,0,0,0,0,0,0,0,0,0,0,0,0,2.3,0.7,1.1,0.6,2.3,1.4
2010,RR,Total,Municipal,98.4,89.4,90.9,90.8,93.9,82.7,84.3,84.9,84.9,92.9,84,92.4,90.5,100,100,--,--,95.7,0.6,9,8.1,8.3,4.6,11.5,8.9,5.8,2.9,5.9,8.2,6,0,0,0,--,--,0,1,1.6,1,0.9,1.5,5.8,6.8,9.3,12.2,1.2,7.8,1.6,9.5,0,0,--,--,4.3
2010,RR,Total,Particular,99.6,99,99.6,99.4,98.4,98.2,96.3,96.1,95,99.2,96.5,97.9,93,94.8,99.2,100,--,95.5,0.4,0.8,0.4,0.6,1.6,1.8,3.7,3.9,5,0.8,3.5,2.1,6.8,5.2,0.8,0,--,4.5,0,0.2,0,0,0,0,0,0,0,0,0,0,0.2,0,0,0,--,0
2010,RR,Total,Publico,97.8,88.2,89.7,90.2,92.5,81.1,82.7,84.8,86.5,91.5,83.5,88,75.6,83.2,86.6,96.4,97.1,81.3,1,10.1,8.8,8.5,5.8,15,12.8,11.1,8.7,7,12.2,9.3,15.7,9.5,7.5,3,0.6,11.4,1.2,1.7,1.5,1.3,1.7,3.9,4.5,4.1,4.8,1.5,4.3,2.7,8.7,7.3,5.9,0.6,2.3,7.3
2010,RR,Total,Total,97.9,88.8,90.2,90.6,92.7,82,83.3,85.4,87,91.9,84.2,88.5,76.7,84.1,87.6,96.5,97.1,82.2,0.9,9.7,8.4,8.1,5.6,14.3,12.3,10.6,8.5,6.7,11.7,8.9,15.1,9.2,7,2.9,0.6,10.9,1.2,1.5,1.4,1.3,1.7,3.7,4.4,4,4.5,1.4,4.1,2.6,8.2,6.7,5.4,0.6,2.3,6.9
2010,RR,Urbana,Estadual,99.3,89.5,90.1,92.9,93.3,81.7,82.7,84.2,85.8,92.4,83.4,86.2,74.4,82.2,85.4,--,--,79.8,0.6,9.9,8.9,6.4,5.6,15.4,13.7,12.8,10.2,6.8,13.2,11.2,17.9,10.7,8.7,--,--,13.2,0.1,0.6,1,0.7,1.1,2.9,3.6,3,4,0.8,3.4,2.6,7.7,7.1,5.9,--,--,7
2010,RR,Urbana,Federal,100,100,100,92.6,95.8,98,98,94,82.6,97.3,93.4,95.1,93.9,87.2,94.4,96.4,--,92.3,0,0,0,7.4,4.2,2,2,6,17.4,2.7,6.6,4.9,5.6,12.1,4.5,3,--,7,0,0,0,0,0,0,0,0,0,0,0,0,0.5,0.7,1.1,0.6,--,0.7
2010,RR,Urbana,Municipal,98.6,91.7,92.7,92,95.4,84,85.3,95.3,90,94.3,87.4,94.2,--,--,--,--,--,--,0.5,7.3,6.8,7.3,3.7,13.1,11.5,2.8,4,4.8,9.6,5,--,--,--,--,--,--,0.9,1,0.5,0.7,0.9,2.9,3.2,1.9,6,0.9,3,0.8,--,--,--,--,--,--
2010,RR,Urbana,Particular,99.6,99,99.6,99.4,98.4,98.2,96.3,96.1,95,99.2,96.5,97.9,92.7,94.7,99.2,--,--,95.3,0.4,0.8,0.4,0.6,1.6,1.8,3.7,3.9,5,0.8,3.5,2.1,7,5.3,0.8,--,--,4.6,0,0.2,0,0,0,0,0,0,0,0,0,0,0.3,0,0,--,--,0.1
2010,RR,Urbana,Publico,98.7,91.1,91.7,92.5,94.2,81.9,82.9,84.5,85.8,93.6,83.6,89,75.1,82.6,85.9,96.4,--,80.5,0.5,8.1,7.5,6.9,4.7,15.3,13.5,12.6,10.2,5.6,13.1,9,17.4,10.8,8.5,3,--,12.8,0.8,0.8,0.8,0.6,1.1,2.8,3.6,2.9,4,0.8,3.3,2,7.5,6.6,5.6,0.6,--,6.7
2010,RR,Urbana,Total,98.7,91.6,92.3,92.9,94.5,82.9,83.6,85.4,86.5,94,84.5,89.6,76.4,83.6,87.1,96.4,--,81.7,0.5,7.6,7,6.4,4.5,14.4,12.9,12,9.8,5.2,12.5,8.6,16.7,10.3,7.8,3,--,12.2,0.8,0.8,0.7,0.7,1,2.7,3.5,2.6,3.7,0.8,3,1.8,6.9,6.1,5.1,0.6,--,6.1
2010,PA,Rural,Estadual,90.8,79.9,82.7,74.7,74.5,77.6,78.7,84,80.9,78.4,79.9,79.2,70.2,73.5,78.3,--,--,73.1,2.4,11.4,10.7,18.9,16.7,13.3,13.2,7.4,10.6,14.1,11.5,12.6,9.2,7.9,6.7,--,--,8.2,6.8,8.7,6.6,6.4,8.8,9.1,8.1,8.6,8.5,7.5,8.6,8.2,20.6,18.6,15,--,--,18.7
2010,PA,Rural,Municipal,89.2,82,73.8,76.1,80,76.5,82.8,84.9,87.2,79.8,81.6,80.2,98,--,--,92.9,--,94.7,4.6,11.3,19.6,16.8,12.7,12.1,7.5,5.2,4.3,13.5,8.2,12.1,0,--,--,0,--,0,6.2,6.7,6.6,7.1,7.3,11.4,9.7,9.9,8.5,6.7,10.2,7.7,2,--,--,7.1,--,5.3
2010,PA,Rural,Particular,95.5,92.9,76.7,79.8,86.3,84.7,78.2,91.4,97.2,87.1,89.1,87.8,85.1,78.7,95.6,--,--,85.1,0,2.4,18,16.1,13.7,1,3.6,4.3,0,8.8,1.8,6.4,1.9,2.7,2.2,--,--,2.1,4.5,4.7,5.3,4.1,0,14.3,18.2,4.3,2.8,4.1,9.1,5.8,13,18.6,2.2,--,--,12.8
2010,PA,Rural,Publico,89.2,81.9,74,76.1,79.8,76.6,82.4,84.8,86.6,79.7,81.5,80.2,70.5,73.5,78.3,92.9,--,73.4,4.6,11.3,19.4,16.8,12.8,12.2,8,5.4,4.9,13.5,8.5,12.1,9.1,7.9,6.7,0,--,8.1,6.2,6.8,6.6,7.1,7.4,11.2,9.6,9.8,8.5,6.8,10,7.7,20.4,18.6,15,7.1,--,18.5
2010,PA,Rural,Total,89.2,81.9,74,76.1,79.8,76.6,82.4,84.9,86.6,79.7,81.5,80.2,71,73.6,78.6,92.9,--,73.7,4.6,11.3,19.3,16.8,12.8,12.2,8,5.4,4.9,13.5,8.5,12.1,8.8,7.7,6.6,0,--,7.9,6.2,6.8,6.7,7.1,7.4,11.2,9.6,9.7,8.5,6.8,10,7.7,20.2,18.7,14.8,7.1,--,18.4
2010,PA,Total,Estadual,91.1,90.2,77,79,82.7,69.7,71.5,75.5,72.1,82.3,72,75.7,63.4,69.6,69.2,62.5,84.2,66.9,0.7,2.5,16.6,15.7,12.3,21.1,19.8,16.1,19.4,11.6,19.3,16.5,13.3,10.3,13.2,25,5.3,12.3,8.2,7.3,6.4,5.3,5,9.2,8.7,8.4,8.5,6.1,8.7,7.8,23.3,20.1,17.6,12.5,10.5,20.8
2010,PA,Total,Federal,98.1,98.6,99.4,99.5,95.7,88.7,85.8,87.1,84.3,98.1,86.4,91.1,71.4,72.8,84.5,84.3,--,76.3,1,1.4,0.6,0.5,4.3,11.3,14.2,12.9,15.4,1.8,13.5,8.8,21.3,21.2,12.1,9.8,--,17.9,0.9,0,0,0,0,0,0,0,0.3,0.1,0.1,0.1,7.3,6,3.4,5.9,--,5.8
2010,PA,Total,Municipal,91.8,84,76.9,80.3,83.1,76.4,81,84.6,86.2,82.8,81,82.2,69.5,85.4,60.4,92.9,--,76.7,3.1,10.8,18.2,14.5,11.5,14.4,10.8,7.6,6.8,12.1,10.7,11.6,25.4,14.6,18.9,0,--,15.5,5.1,5.2,4.9,5.2,5.4,9.2,8.2,7.8,7,5.1,8.3,6.2,5.1,0,20.7,7.1,--,7.8
2010,PA,Total,Particular,96.7,97,97.6,97.5,97.8,95.7,95.7,95.3,95.1,97.3,95.4,96.5,93.1,96.3,95.6,--,91.1,94.9,2.1,2.2,2,2.2,2,3.8,3.8,4.4,4.6,2.1,4.1,3,6.1,2.8,3.8,--,7.1,4.3,1.2,0.8,0.4,0.3,0.2,0.5,0.5,0.3,0.3,0.6,0.5,0.5,0.8,0.9,0.6,--,1.8,0.8
2010,PA,Total,Publico,91.7,84.6,76.9,80.1,83,74.5,78,81.5,81,82.7,78.1,81,63.5,69.7,69.4,85.5,84.2,67,3,10,18,14.7,11.6,16.3,13.6,10.5,11.4,12,13.5,12.6,13.4,10.4,13.2,8.2,5.3,12.4,5.3,5.4,5.1,5.2,5.4,9.2,8.4,8,7.6,5.3,8.4,6.4,23.1,19.9,17.4,6.3,10.5,20.6
2010,PA,Total,Total,92,85.2,77.7,80.9,83.7,75.6,79,82.5,82.1,83.4,79.2,81.8,65.2,71.4,71.4,85.5,89.3,68.9,2.9,9.6,17.3,14.1,11.2,15.7,13.1,10.1,10.9,11.6,12.9,12.1,13,9.9,12.5,8.2,6.7,11.9,5.1,5.2,5,5,5.1,8.7,7.9,7.4,7,5,7.9,6.1,21.8,18.7,16.1,6.3,4,19.2
2010,PA,Urbana,Estadual,91.1,91.6,76.4,79.5,83.5,69,70.9,74.8,71.5,82.8,71.3,75.4,63.2,69.5,69,62.5,84.2,66.7,0.5,1.3,17.2,15.4,11.9,21.8,20.3,16.8,20,11.4,19.9,16.9,13.4,10.3,13.4,25,5.3,12.5,8.4,7.1,6.4,5.1,4.6,9.2,8.8,8.4,8.5,5.8,8.8,7.7,23.4,20.2,17.6,12.5,10.5,20.8
2010,PA,Urbana,Federal,98.1,98.6,99.4,99.5,95.7,88.7,85.8,87.1,84.3,98.1,86.4,91.1,71.4,72.8,84.5,84.3,--,76.3,1,1.4,0.6,0.5,4.3,11.3,14.2,12.9,15.4,1.8,13.5,8.8,21.3,21.2,12.1,9.8,--,17.9,0.9,0,0,0,0,0,0,0,0.3,0.1,0.1,0.1,7.3,6,3.4,5.9,--,5.8
2010,PA,Urbana,Municipal,94,86,79.6,84.1,85.7,76.4,80,84.4,85.7,85.5,80.7,83.7,49.3,85.4,60.4,--,--,62,1.8,10.2,17,12.5,10.5,15.8,12.7,9,8,10.8,12.2,11.3,43.5,14.6,18.9,--,--,28.2,4.2,3.8,3.4,3.4,3.8,7.8,7.3,6.6,6.3,3.7,7.1,5,7.2,0,20.7,--,--,9.8
2010,PA,Urbana,Particular,96.8,97.1,97.9,97.8,97.9,95.8,95.8,95.4,95,97.5,95.5,96.6,93.3,96.5,95.6,--,91.1,95,2.1,2.2,1.7,2,1.9,3.9,3.8,4.4,4.6,2,4.2,3,6.1,2.8,3.8,--,7.1,4.4,1.1,0.7,0.4,0.2,0.2,0.3,0.4,0.2,0.4,0.5,0.3,0.4,0.6,0.7,0.6,--,1.8,0.6
2010,PA,Urbana,Publico,93.8,86.9,79.1,83.2,85.2,73.7,76.4,80.4,79.3,85,76.9,81.5,63.3,69.6,69.1,83.8,84.2,66.8,1.7,8.8,17,13.1,10.8,18,15.8,12.3,13.4,10.9,15.3,12.8,13.5,10.4,13.4,10.1,5.3,12.5,4.5,4.3,3.9,3.7,4,8.3,7.8,7.3,7.3,4.1,7.8,5.7,23.2,20,17.5,6.1,10.5,20.7
2010,PA,Urbana,Total,94.1,87.7,80.4,84.2,86.2,75.2,77.8,81.7,80.9,86,78.4,82.7,65.1,71.3,71.2,83.8,89.3,68.7,1.7,8.3,15.9,12.3,10.1,17.1,14.9,11.6,12.5,10.2,14.4,12,13.1,9.9,12.6,10.1,6.7,12,4.2,4,3.7,3.5,3.7,7.7,7.3,6.7,6.6,3.8,7.2,5.3,21.8,18.8,16.2,6.1,4,19.3
2010,AP,Rural,Estadual,96.7,72.1,77.5,78,84.4,84.5,85,86,86.2,79.9,85.3,82,67.4,75.7,83.7,70,--,73.3,1.5,24.4,21,19.2,13.6,8.5,6.9,5.3,5.3,17.7,6.8,13.4,8,5.8,6,0,--,6.8,1.8,3.5,1.5,2.8,2,7,8.1,8.7,8.5,2.4,7.9,4.6,24.6,18.5,10.3,30,--,19.9
2010,AP,Rural,Municipal,96.4,82.5,85.6,82.2,89,84.3,85.6,85.8,89.9,86.9,85.8,86.9,--,--,--,--,--,--,1.5,15,12,15.4,8.8,8.1,8.1,10.6,5.1,10.7,8.2,10.5,--,--,--,--,--,--,2.1,2.5,2.4,2.4,2.2,7.6,6.3,3.6,5,2.4,6,2.6,--,--,--,--,--,--
2010,AP,Rural,Particular,--,74,45.5,68.1,61.7,81.1,89.7,94.1,88.8,62.4,88,77.3,90.3,98.5,94.1,85.2,--,92.8,--,18,52.7,31.9,35,10,5.7,5.9,7.5,34.6,7.4,18.8,2.9,0,0,0,--,1.1,--,8,1.8,0,3.3,8.9,4.6,0,3.7,3,4.6,3.9,6.8,1.5,5.9,14.8,--,6.1
2010,AP,Rural,Publico,96.5,76.5,80.5,79.4,85.8,84.5,85,85.9,86.4,82.7,85.3,83.5,67.4,75.7,83.7,70,--,73.3,1.5,20.4,17.6,17.9,12.1,8.5,7,5.7,5.3,15,6.9,12.6,8,5.8,6,0,--,6.8,2,3.1,1.9,2.7,2.1,7,8,8.4,8.3,2.3,7.8,3.9,24.6,18.5,10.3,30,--,19.9
2010,AP,Rural,Total,96.5,76.4,80,79.2,85.4,84.4,85.3,86.3,86.5,82.4,85.4,83.3,69.1,77.2,84.8,81.1,--,75,1.5,20.4,18.1,18.2,12.5,8.5,6.9,5.7,5.4,15.3,6.9,12.7,7.6,5.4,5.3,0,--,6.3,2,3.2,1.9,2.6,2.1,7.1,7.8,8,8.1,2.3,7.7,4,23.3,17.4,9.9,18.9,--,18.7
2010,AP,Total,Estadual,97.2,74.7,79.3,82.2,87.6,80.1,83.4,86.8,88,83.1,84,83.6,64.9,76.9,76.7,89.3,--,71.8,0.9,21,18.7,15.7,10.8,14.9,11.9,8.7,6.9,14.6,11.2,12.7,14.3,9.1,11,5.7,--,11.8,1.9,4.3,2,2.1,1.6,5,4.7,4.5,5.1,2.3,4.8,3.7,20.8,14,12.3,5,--,16.4
2010,AP,Total,Municipal,96.9,89.1,88.9,85.7,89.5,77.9,82.4,86.6,92,90,83.4,89.2,--,--,--,--,--,--,0.8,8.6,9.4,12.2,8.6,17.1,11.6,9.5,3.9,7.9,11.7,8.4,--,--,--,--,--,--,2.3,2.3,1.7,2.1,1.9,5,6,3.9,4.1,2.1,4.9,2.4,--,--,--,--,--,--
2010,AP,Total,Particular,99.6,96.1,94.4,96,96,96.6,97.8,98.4,98,96.4,97.7,96.9,96,97.2,98,85.2,--,96.9,0.1,2.9,5.2,4,3.8,2.6,1.7,1.6,1.6,3.2,1.9,2.6,3.3,2.5,1.5,0,--,2.5,0.3,1,0.4,0,0.2,0.8,0.5,0,0.4,0.4,0.4,0.5,0.7,0.3,0.5,14.8,--,0.6
2010,AP,Total,Publico,97,82.5,83.4,83.6,88.3,79.8,83.3,86.7,88.4,86.3,83.9,85.3,64.9,76.9,76.7,89.3,--,71.8,0.8,14.3,14.7,14.3,10,15.1,11.9,8.8,6.6,11.5,11.2,11.4,14.3,9.1,11,5.7,--,11.8,2.2,3.2,1.9,2.1,1.7,5.1,4.8,4.5,5,2.2,4.9,3.3,20.8,14,12.3,5,--,16.4
2010,AP,Total,Total,97.2,83.4,84.1,84.3,88.8,80.7,84.2,87.6,89.2,86.9,84.9,86.1,66.9,78.4,78.6,89.1,--,73.6,0.8,13.6,14.2,13.8,9.6,14.4,11.3,8.2,6.1,11,10.6,10.8,13.6,8.7,10.2,5.4,--,11.1,2,3,1.7,1.9,1.6,4.9,4.5,4.2,4.7,2.1,4.5,3.1,19.5,12.9,11.2,5.5,--,15.3
2010,AP,Urbana,Estadual,97.4,75.7,80,83.6,88.5,79.2,83.2,86.9,88.3,84.2,83.8,84,64.6,77.1,76.2,89.8,--,71.6,0.6,19.7,17.9,14.6,10,16,12.7,9.3,7.1,13.5,11.9,12.6,15,9.5,11.3,5.9,--,12.3,2,4.6,2.1,1.8,1.5,4.8,4.1,3.8,4.6,2.3,4.3,3.4,20.4,13.4,12.5,4.3,--,16.1
2010,AP,Urbana,Municipal,97,90.5,89.8,86.4,89.7,77.1,82.1,86.7,92.2,90.7,83.2,89.7,--,--,--,--,--,--,0.7,7.2,8.7,11.5,8.6,18.2,11.9,9.4,3.8,7.3,12.1,8,--,--,--,--,--,--,2.3,2.3,1.5,2.1,1.7,4.7,6,3.9,4,2,4.7,2.3,--,--,--,--,--,--
2010,AP,Urbana,Particular,99.6,97.3,97.2,98.1,98.1,98.2,98.7,98.7,98.8,98,98.6,98.3,96.6,97.1,98.4,--,--,97.3,0.1,2.1,2.5,1.9,1.8,1.8,1.3,1.3,1.1,1.7,1.4,1.6,3.4,2.7,1.6,--,--,2.7,0.3,0.6,0.3,0,0.1,0,0,0,0.1,0.3,0,0.1,0,0.2,0,--,--,0
2010,AP,Urbana,Publico,97.1,84.3,84.4,84.8,89,79,83.1,86.9,88.6,87.3,83.7,85.7,64.6,77.1,76.2,89.8,--,71.6,0.7,12.5,13.8,13.3,9.5,16.3,12.6,9.3,6.8,10.5,11.9,11.1,15,9.5,11.3,5.9,--,12.3,2.2,3.2,1.8,1.9,1.5,4.7,4.3,3.8,4.6,2.2,4.4,3.2,20.4,13.4,12.5,4.3,--,16.1
2010,AP,Urbana,Total,97.4,85.3,85.3,85.7,89.6,80.1,84,87.8,89.6,88.1,84.8,86.7,66.7,78.6,78.1,89.8,--,73.5,0.6,11.7,13,12.5,8.9,15.4,12,8.6,6.2,9.9,11.1,10.4,14.2,9,10.5,5.9,--,11.6,2,3,1.7,1.8,1.5,4.5,4,3.6,4.2,2,4.1,2.9,19.1,12.4,11.4,4.3,--,14.9
2010,TO,Rural,Estadual,87.8,76.6,81.1,81.6,80.4,76.9,78.5,81.2,83.8,81.2,79.8,80.5,77.7,84.9,92.5,100,81.3,83.8,3.8,15.4,11.9,11.5,12.8,15.4,13.6,10.8,10.2,11.5,12.7,12.1,9.6,6.4,3,0,0,6.9,8.4,8,7,6.9,6.8,7.7,7.9,8,6,7.3,7.5,7.4,12.7,8.7,4.5,0,18.7,9.3
2010,TO,Rural,Federal,--,--,--,--,--,--,--,--,--,--,--,--,67.7,86.7,88.4,--,--,78.2,--,--,--,--,--,--,--,--,--,--,--,--,30.6,12.7,11.6,--,--,20.9,--,--,--,--,--,--,--,--,--,--,--,--,1.7,0.6,0,--,--,0.9
2010,TO,Rural,Municipal,96.3,78.6,82.9,85.6,88.5,79.3,85.4,88.7,92.5,85.8,85.4,85.7,--,--,--,--,--,--,1.6,18.9,15.2,12.2,9.2,15.8,10,5.7,3.4,12,9.8,11.3,--,--,--,--,--,--,2.1,2.5,1.9,2.2,2.3,4.9,4.6,5.6,4.1,2.2,4.8,3,--,--,--,--,--,--
2010,TO,Rural,Particular,100,93.8,98.8,92.6,95,98.8,97.5,96,99,95.1,97.8,96.5,98.9,98.8,100,--,--,99.2,0,6.2,1.2,7.4,5,1.2,2.5,4,1,4.9,2.2,3.5,1.1,1.2,0,--,--,0.8,0,0,0,0,0,0,0,0,0,0,0,0,0,0,0,--,--,0
2010,TO,Rural,Publico,94.7,78.2,82.5,84.8,86.7,78.5,83.1,86,89.1,84.9,83.5,84.4,75.9,85.2,91.8,100,81.3,82.9,2,18.3,14.6,12,10,15.7,11.2,7.5,6,11.9,10.8,11.5,13.5,7.4,4.5,0,0,9.2,3.3,3.5,2.9,3.2,3.3,5.8,5.7,6.5,4.9,3.2,5.7,4.1,10.6,7.4,3.7,0,18.7,7.9
2010,TO,Rural,Total,94.7,78.5,82.8,84.9,86.8,78.9,83.3,86.3,89.4,85,83.8,84.6,77.3,86.2,92.6,100,81.3,84.1,2,18.1,14.4,12,9.9,15.4,11,7.4,5.9,11.8,10.6,11.4,12.7,6.9,4.1,0,0,8.6,3.3,3.4,2.8,3.1,3.3,5.7,5.7,6.3,4.7,3.2,5.6,4,10,6.9,3.3,0,18.7,7.3
2010,TO,Total,Estadual,98.3,87.4,90.3,91.5,92.4,82.8,84.6,85.8,87.3,91.5,85.1,87.6,76.1,82.5,89.7,86.5,73,81.7,0.6,11.6,8.8,7.6,6.6,14.3,12.4,11.1,9.7,7.5,11.9,10.2,13,9.4,5.2,10.1,3.8,9.7,1.1,1,0.9,0.9,1,2.9,3,3.1,3,1,3,2.2,10.9,8.1,5.1,3.4,23.2,8.6
2010,TO,Total,Federal,--,--,--,--,--,--,--,--,--,--,--,--,65,86.2,88,94.6,--,77.7,--,--,--,--,--,--,--,--,--,--,--,--,30,12,9.3,2.7,--,18.8,--,--,--,--,--,--,--,--,--,--,--,--,5,1.8,2.7,2.7,--,3.5
2010,TO,Total,Municipal,98.6,85.2,87.8,90,91.7,83.4,86.5,88.7,92.4,90.4,87,89.5,--,--,--,--,--,--,0.6,13.7,11.3,8.8,7,13.2,10.3,7.8,4.7,8.5,9.7,8.9,--,--,--,--,--,--,0.8,1.1,0.9,1.2,1.3,3.4,3.2,3.5,2.9,1.1,3.3,1.6,--,--,--,--,--,--
2010,TO,Total,Particular,97.8,98.1,98.8,98.7,98,93.4,93.5,93.7,93,98.3,93.4,96.3,85.6,92.8,96.9,--,--,91.3,1.6,1.8,1,1.3,1.7,5.9,6.1,6.2,6.5,1.5,6.1,3.4,14.1,6.7,2.8,--,--,8.3,0.6,0.1,0.2,0,0.3,0.7,0.4,0.1,0.5,0.2,0.5,0.3,0.3,0.5,0.3,--,--,0.4
2010,TO,Total,Publico,98.5,86,88.8,90.7,92,83,85.2,86.5,88.5,90.9,85.6,88.4,75.8,82.6,89.6,91.6,73,81.6,0.6,12.9,10.3,8.3,6.9,13.9,11.8,10.2,8.5,8.1,11.3,9.6,13.4,9.4,5.3,5.5,3.8,10,0.9,1.1,0.9,1,1.1,3.1,3,3.3,3,1,3.1,2,10.8,8,5.1,2.9,23.2,8.4
2010,TO,Total,Total,98.5,86.8,89.4,91.2,92.4,83.5,85.6,86.9,88.7,91.4,86,88.9,76.2,83.1,90,91.6,73,82.1,0.7,12.2,9.8,7.9,6.5,13.6,11.5,10,8.4,7.7,11,9.2,13.5,9.3,5.1,5.5,3.8,9.9,0.8,1,0.8,0.9,1.1,2.9,2.9,3.1,2.9,0.9,3,1.9,10.3,7.6,4.9,2.9,23.2,8
2010,TO,Urbana,Estadual,99.7,88.5,91.3,92.6,93.6,83.2,85,86.1,87.5,92.7,85.4,88.1,76,82.4,89.6,80.3,72,81.6,0.2,11.1,8.5,7.2,6,14.2,12.3,11.1,9.6,7.1,11.9,10.1,13.1,9.5,5.3,14.8,4.2,9.9,0.1,0.4,0.2,0.2,0.4,2.6,2.7,2.8,2.9,0.2,2.7,1.8,10.9,8.1,5.1,4.9,23.8,8.5
2010,TO,Urbana,Federal,--,--,--,--,--,--,--,--,--,--,--,--,63.5,85.9,87.8,94.6,--,77.5,--,--,--,--,--,--,--,--,--,--,--,--,29.6,11.5,7.6,2.7,--,17.7,--,--,--,--,--,--,--,--,--,--,--,--,6.9,2.6,4.6,2.7,--,4.8
2010,TO,Urbana,Municipal,99.2,87.4,89.4,91.7,92.8,85,87,88.7,92.3,92,87.7,90.8,--,--,--,--,--,--,0.4,12,9.9,7.6,6.3,12.2,10.5,8.7,5.2,7.3,9.7,8,--,--,--,--,--,--,0.4,0.6,0.7,0.7,0.9,2.8,2.5,2.6,2.5,0.7,2.6,1.2,--,--,--,--,--,--
2010,TO,Urbana,Particular,97.8,98.3,98.8,99,98.2,93.1,93.3,93.6,92.6,98.4,93.1,96.3,84.5,92.3,96.6,--,--,90.6,1.6,1.6,1,1,1.5,6.2,6.3,6.3,6.9,1.4,6.4,3.3,15.2,7.3,3,--,--,9,0.6,0.1,0.2,0,0.3,0.7,0.4,0.1,0.5,0.2,0.5,0.4,0.3,0.4,0.4,--,--,0.4
2010,TO,Urbana,Publico,99.4,87.9,90.3,92.1,93.2,83.7,85.5,86.6,88.4,92.3,85.9,89.2,75.7,82.4,89.5,90.5,72,81.6,0.3,11.6,9.3,7.4,6.1,13.7,11.9,10.6,8.8,7.2,11.4,9.2,13.4,9.5,5.3,6.2,4.2,10,0.3,0.5,0.4,0.5,0.7,2.6,2.6,2.8,2.8,0.5,2.7,1.6,10.9,8.1,5.2,3.3,23.8,8.4
2010,TO,Urbana,Total,99.2,88.7,90.9,92.6,93.5,84.2,85.9,87,88.7,92.8,86.3,89.7,76.1,82.9,89.9,90.5,72,82,0.5,10.8,8.7,7,5.8,13.3,11.6,10.4,8.7,6.8,11.1,8.8,13.5,9.4,5.2,6.2,4.2,10,0.3,0.5,0.4,0.4,0.7,2.5,2.5,2.6,2.6,0.4,2.6,1.5,10.4,7.7,4.9,3.3,23.8,8
2010,MA,Rural,Estadual,68.7,84,82.3,81.6,81.2,80.3,84.1,84.8,88.1,81.8,84.2,82.9,73,78.5,85.5,90.8,78.6,78.2,15.8,11.7,12.7,13,11.8,11.9,9.7,7.9,5.9,12.4,9,10.9,7.1,4.8,2.1,0,0,5,15.5,4.3,5,5.4,7,7.8,6.2,7.3,6,5.8,6.8,6.2,19.9,16.7,12.4,9.2,21.4,16.8
2010,MA,Rural,Federal,92.3,100,90.9,100,70.6,90,100,100,93.8,86.3,94.7,90.7,85.4,93.8,97,--,--,91.1,0,0,9.1,0,29.4,10,0,0,0,11.8,3.5,7.4,12.1,3.9,2.7,--,--,7,7.7,0,0,0,0,0,0,0,6.2,1.9,1.8,1.9,2.5,2.3,0.3,--,--,1.9
2010,MA,Rural,Municipal,95,90.7,85.8,85.7,85.7,77.8,82.3,84,86.8,88.1,81.9,85.9,75.8,74.9,85,91.6,--,79.5,2.1,6.7,11.5,11.2,10.6,14.8,10.1,7.5,4.5,8.9,10.2,9.4,6.4,4.4,1.4,1.1,--,4.1,2.9,2.6,2.7,3.1,3.7,7.4,7.6,8.5,8.7,3,7.9,4.7,17.8,20.7,13.6,7.3,--,16.4
2010,MA,Rural,Particular,97.2,97.6,97.5,96.1,97.5,94.9,97.5,98.6,97.2,97.2,96.8,97.1,84.8,90.4,92.2,--,--,88.7,1.9,1.3,2,3.4,1.9,4.5,2.5,1.4,2.8,2,3,2.3,14.6,9.6,7.8,--,--,11.1,0.9,1.1,0.5,0.5,0.6,0.6,0,0,0,0.8,0.2,0.6,0.6,0,0,--,--,0.2
2010,MA,Rural,Publico,94.7,90.3,85.6,85.5,85.6,77.9,82.4,84,86.9,87.8,82,85.7,73.4,78.7,85.8,91.2,78.6,78.6,2.3,7,11.5,11.3,10.7,14.7,10.1,7.5,4.6,9.1,10.1,9.4,7.2,4.7,2,0.6,0,5,3,2.7,2.9,3.2,3.7,7.4,7.5,8.5,8.5,3.1,7.9,4.9,19.4,16.6,12.2,8.2,21.4,16.4
2010,MA,Rural,Total,94.8,90.4,85.8,85.6,85.6,78,82.5,84.1,87,87.9,82.1,85.8,73.5,78.8,85.8,91.2,78.6,78.7,2.3,6.9,11.4,11.2,10.6,14.6,10.1,7.5,4.6,9,10.1,9.4,7.3,4.8,2.1,0.6,0,5,2.9,2.7,2.8,3.2,3.8,7.4,7.4,8.4,8.4,3.1,7.8,4.8,19.2,16.4,12.1,8.2,21.4,16.3
2010,MA,Total,Estadual,92.4,91.1,85.3,86.7,88.9,83,85.1,85.4,87.8,88,85.4,86.1,69,75.9,83.7,89.1,70.9,75.2,3.4,5.4,11.4,10.5,8.3,12.7,11.2,10.2,7.6,8.9,10.4,10,12,8.8,4.8,1.3,4.7,9,4.2,3.5,3.3,2.8,2.8,4.3,3.7,4.4,4.6,3.1,4.2,3.9,19,15.3,11.5,9.6,24.4,15.8
2010,MA,Total,Federal,92.3,100,90.9,100,85.1,70.4,74.6,90.4,68.6,88.9,74.9,78.3,89.5,95.1,94.1,--,--,92.6,0,0,9.1,0,14.9,29.6,23.8,7.7,30.2,9.9,23.9,20.5,8.5,3,3.9,--,--,5.5,7.7,0,0,0,0,0,1.6,1.9,1.2,1.2,1.2,1.2,2,1.9,2,--,--,1.9
2010,MA,Total,Municipal,95.5,90.9,85.4,86.5,86.6,78.1,81,83.6,86.2,88.6,81.5,85.9,71.6,75.3,85.2,93,--,78.9,1.6,6.4,12,10.7,10,15.2,12,9,5.9,8.6,11.4,9.6,5.9,5,3.1,0.9,--,4.3,2.9,2.7,2.6,2.8,3.4,6.7,7,7.4,7.9,2.8,7.1,4.5,22.5,19.7,11.7,6.1,--,16.8
2010,MA,Total,Particular,98.4,98.1,98,97.8,97.7,95.6,94.9,95.3,95,98,95.2,97,89.7,93.5,96.9,97.2,97,93.3,1,1.5,1.5,1.8,2.1,4.1,4.8,4.5,4.6,1.6,4.5,2.6,8.5,5,2.1,0.5,0,5.2,0.6,0.4,0.5,0.4,0.2,0.3,0.3,0.2,0.4,0.4,0.3,0.4,1.8,1.5,1,2.3,3,1.5
2010,MA,Total,Publico,95.5,90.9,85.4,86.5,86.9,79,82,84.1,86.7,88.5,82.5,85.9,69.3,76.1,83.9,91.1,70.9,75.5,1.7,6.4,11.9,10.7,9.9,14.7,11.8,9.3,6.5,8.6,11.1,9.7,11.8,8.6,4.7,1.1,4.7,8.8,2.8,2.7,2.7,2.8,3.2,6.3,6.2,6.6,6.8,2.9,6.4,4.4,18.9,15.3,11.4,7.8,24.4,15.7
2010,MA,Total,Total,95.7,91.5,86.4,87.3,87.6,79.9,82.8,84.9,87.3,89.3,83.3,86.7,70.6,77.4,84.9,92.3,72.4,76.8,1.6,5.9,11.2,10,9.3,14.2,11.4,9,6.3,8,10.7,9.2,11.6,8.3,4.5,1,4.5,8.5,2.7,2.6,2.4,2.7,3.1,5.9,5.8,6.1,6.4,2.7,6,4.1,17.8,14.3,10.6,6.7,23.1,14.7
2010,MA,Urbana,Estadual,97.4,95.8,86.6,88.2,90.4,83.3,85.2,85.4,87.8,90.1,85.5,86.6,68.3,75.4,83.4,88.6,70.7,74.7,0.8,1.3,10.8,9.7,7.7,12.7,11.4,10.3,7.8,7.7,10.5,9.8,12.8,9.5,5.2,1.7,4.8,9.7,1.8,2.9,2.6,2.1,1.9,4,3.4,4.3,4.4,2.2,4,3.6,18.9,15.1,11.4,9.7,24.5,15.6
2010,MA,Urbana,Federal,--,--,--,--,93.3,58.8,68.6,88.4,62.9,93.3,69.2,72.4,91.2,95.6,93.1,--,--,93.1,--,--,--,--,6.7,41.2,29.4,9.3,37.1,6.7,29.8,26.8,6.9,2.7,4.4,--,--,4.8,--,--,--,--,0,0,2,2.3,0,0,1,0.8,1.9,1.7,2.5,--,--,2.1
2010,MA,Urbana,Municipal,96,91.1,85,87.4,87.5,78.3,79.9,83.4,85.6,89,81.1,85.9,69.5,75.5,85.3,93.4,--,78.7,1.1,6.1,12.5,10.1,9.5,15.6,13.6,10.3,7.1,8.3,12.4,9.9,5.6,5.2,3.8,0.8,--,4.3,2.9,2.8,2.5,2.5,3,6.1,6.5,6.3,7.3,2.7,6.5,4.2,24.9,19.3,10.9,5.8,--,17
2010,MA,Urbana,Particular,98.4,98.1,98,97.9,97.7,95.6,94.9,95.2,94.9,98,95.1,97,89.8,93.5,97,97.2,97,93.4,1,1.5,1.5,1.7,2.1,4.1,4.9,4.6,4.7,1.6,4.5,2.7,8.3,5,2,0.5,0,5.1,0.6,0.4,0.5,0.4,0.2,0.3,0.2,0.2,0.4,0.4,0.4,0.3,1.9,1.5,1,2.3,3,1.5
2010,MA,Urbana,Publico,96.1,91.4,85.2,87.5,88,79.8,81.7,84.2,86.6,89.1,82.7,86.1,68.6,75.6,83.5,91.1,70.7,75,1.1,5.7,12.3,10.1,9.2,14.8,12.9,10.3,7.4,8.2,11.7,9.9,12.6,9.3,5.2,1.3,4.8,9.4,2.8,2.9,2.5,2.4,2.8,5.4,5.4,5.5,6,2.7,5.6,4,18.8,15.1,11.3,7.6,24.5,15.6
2010,MA,Urbana,Total,96.5,92.5,86.9,88.8,89.1,81.1,82.9,85.3,87.5,90.4,83.9,87.4,70.1,77.2,84.8,92.6,72.2,76.5,1.1,5.1,10.9,9,8.3,13.9,12.1,9.7,7.1,7.3,11.1,9,12.3,8.9,4.9,1.1,4.6,9.1,2.4,2.4,2.2,2.2,2.6,5,5,5,5.4,2.3,5,3.6,17.6,13.9,10.3,6.3,23.2,14.4
2010,PI,Rural,Estadual,82.4,86.7,81.4,83.8,88.6,85.9,79.7,85.4,86.7,84.9,84.1,84.5,66.2,76.4,82.1,98.2,--,73.9,14.7,11.4,17.9,15.1,11.4,11.6,17.9,12.6,12.6,14.2,13.9,14.1,9.7,6.7,3.2,0,--,7,2.9,1.9,0.7,1.1,0,2.5,2.4,2,0.7,0.9,2,1.4,24.1,16.9,14.7,1.8,--,19.1
2010,PI,Rural,Municipal,86.6,77.2,78.4,81.8,83.8,72.1,80.1,83.9,88.2,81.2,79.7,80.7,63,79.7,92.2,--,--,75.6,10.6,19.7,18.9,14.9,12.1,20,12.2,7.4,4.4,15.6,12.4,14.6,8.6,2.4,0.7,--,--,4.6,2.8,3.1,2.7,3.3,4.1,7.9,7.7,8.7,7.4,3.2,7.9,4.7,28.4,17.9,7.1,--,--,19.8
2010,PI,Rural,Particular,98.3,96.7,79.2,91.9,98.6,85.2,87.5,86.6,94.9,92,88.4,90.4,87.1,98.1,98.1,97.1,--,95,1.7,3.3,19.5,8.1,0,14.8,12.5,13.4,5.1,7.4,11.6,9.3,5,0.9,1.9,1.4,--,2.4,0,0,1.3,0,1.4,0,0,0,0,0.6,0,0.3,7.9,1,0,1.5,--,2.6
2010,PI,Rural,Publico,86.6,77.2,78.4,81.8,83.8,72.2,80.1,83.9,88.2,81.2,79.7,80.8,66,76.7,82.8,98.2,--,74,10.6,19.7,18.9,14.9,12.1,19.9,12.3,7.5,4.5,15.6,12.4,14.6,9.6,6.3,3,0,--,6.8,2.8,3.1,2.7,3.3,4.1,7.9,7.6,8.6,7.3,3.2,7.9,4.6,24.4,17,14.2,1.8,--,19.2
2010,PI,Rural,Total,86.7,77.2,78.5,81.8,83.9,72.3,80.1,84,88.2,81.3,79.8,80.8,66.6,77.6,83.6,97.6,--,75.1,10.6,19.6,18.9,14.9,12.1,19.9,12.3,7.5,4.5,15.5,12.4,14.6,9.5,6.1,3,0.8,--,6.6,2.7,3.2,2.6,3.3,4,7.8,7.6,8.5,7.3,3.2,7.8,4.6,23.9,16.3,13.4,1.6,--,18.3
2010,PI,Total,Estadual,89.7,78.5,81.4,83.2,85.2,72.9,78.8,83.3,86.4,82.8,79.6,81,62.7,74.3,82.6,94.4,78.2,71.9,6.6,17.2,15.2,13.3,11.1,21,16.4,11.9,9.3,13.5,15.3,14.5,13.1,8.5,4.7,1.8,4.1,9.3,3.7,4.3,3.4,3.5,3.7,6.1,4.8,4.8,4.3,3.7,5.1,4.5,24.2,17.2,12.7,3.8,17.7,18.8
2010,PI,Total,Federal,96,--,--,--,--,--,--,--,--,96,--,96,84.9,85.4,86.7,87.8,--,85.9,0,--,--,--,--,--,--,--,--,0,--,0,10.1,12,12.5,11,--,11.2,4,--,--,--,--,--,--,--,--,4,--,4,5,2.6,0.8,1.2,--,2.9
2010,PI,Total,Municipal,89.1,79.7,79.4,83.9,84.3,72.6,79.4,84.6,88.9,83,79.9,81.9,66.4,66.2,91.6,--,--,70.8,8.3,17.5,18.2,13.3,12.3,20.7,14.4,9.3,5.5,14.2,13.8,14.1,10.1,13.8,2.6,--,--,10.3,2.6,2.8,2.4,2.8,3.4,6.7,6.2,6.1,5.6,2.8,6.3,4,23.5,20,5.8,--,--,18.9
2010,PI,Total,Particular,96.1,96.7,97.7,97,97,92.7,92.3,91.7,91.3,96.9,92,94.8,86.3,91,96.1,91.7,94.6,91,3.4,3,2.1,2.9,2.8,7.1,7.4,8,8.2,2.8,7.7,4.9,12.8,8.1,2.9,0.8,5.4,8,0.5,0.3,0.2,0.1,0.2,0.2,0.3,0.3,0.5,0.3,0.3,0.3,0.9,0.9,1,7.5,0,1
2010,PI,Total,Publico,89.2,79.5,79.7,83.8,84.5,72.7,79.2,84.2,88.1,83,79.8,81.7,63.3,74.3,82.7,91.8,78.2,72.2,8.2,17.5,17.7,13.3,12.1,20.8,14.9,10.1,6.7,14.1,14.2,14.2,13,8.7,4.8,5.3,4.1,9.4,2.6,3,2.6,2.9,3.4,6.5,5.9,5.7,5.2,2.9,6,4.1,23.7,17,12.5,2.9,17.7,18.4
2010,PI,Total,Total,90,81.1,81.3,85,85.7,74.4,80.5,85.1,88.5,84.3,81.1,83,65.2,76,84.2,91.8,79.6,74.1,7.6,16.1,16.3,12.3,11.2,19.6,14.2,9.8,6.9,13,13.5,13.2,12.9,8.6,4.6,4.9,4.2,9.2,2.4,2.8,2.4,2.7,3.1,6,5.3,5.1,4.6,2.7,5.4,3.8,21.9,15.4,11.2,3.3,16.2,16.7
2010,PI,Urbana,Estadual,89.8,78.4,81.4,83.2,85.2,72.7,78.8,83.2,86.4,82.8,79.5,80.9,62.5,74.2,82.6,94.1,78.2,71.8,6.5,17.3,15.1,13.2,11.1,21.1,16.4,11.9,9.3,13.4,15.3,14.5,13.2,8.6,4.8,1.9,4.1,9.4,3.7,4.3,3.5,3.6,3.7,6.2,4.8,4.9,4.3,3.8,5.2,4.6,24.3,17.2,12.6,4,17.7,18.8
2010,PI,Urbana,Federal,96,--,--,--,--,--,--,--,--,96,--,96,84.9,85.4,86.7,87.8,--,85.9,0,--,--,--,--,--,--,--,--,0,--,0,10.1,12,12.5,11,--,11.2,4,--,--,--,--,--,--,--,--,4,--,4,5,2.6,0.8,1.2,--,2.9
2010,PI,Urbana,Municipal,91.3,82.2,80.4,86,84.8,72.9,79,85,89.3,84.7,80.1,82.8,67.7,61.8,91.2,--,--,68.9,6.2,15.3,17.5,11.6,12.6,21.1,15.6,10.5,6.3,12.9,14.7,13.6,10.7,17.5,3.8,--,--,12.5,2.5,2.5,2.1,2.4,2.6,6,5.4,4.5,4.4,2.4,5.2,3.6,21.6,20.7,5,--,--,18.6
2010,PI,Urbana,Particular,96.1,96.7,98,97.1,97,92.8,92.4,91.8,91.3,97,92.1,94.8,86.3,90.9,96.1,85.5,94.6,90.9,3.4,3,1.9,2.8,2.9,7,7.3,7.9,8.2,2.8,7.6,4.9,12.9,8.2,2.9,0,5.4,8.2,0.5,0.3,0.1,0.1,0.1,0.2,0.3,0.3,0.5,0.2,0.3,0.3,0.8,0.9,1,14.5,0,0.9
2010,PI,Urbana,Publico,91.2,81.3,80.7,85.2,84.9,72.8,78.9,84.3,88.1,84.3,79.9,82.2,63.1,74.2,82.7,91.5,78.2,72.1,6.3,15.8,16.9,12.1,12.1,21.1,15.9,11,7.5,13,14.9,13.9,13.1,8.8,4.9,5.6,4.1,9.5,2.5,2.9,2.4,2.7,3,6.1,5.2,4.7,4.4,2.7,5.2,3.9,23.8,17,12.4,2.9,17.7,18.4
2010,PI,Urbana,Total,92.1,83.7,83.2,87,86.7,75.1,80.6,85.5,88.6,86.2,81.6,84.1,65.2,76,84.3,91.2,79.6,74,5.7,13.8,14.7,10.7,10.8,19.5,14.8,10.5,7.7,11.4,13.9,12.6,13.1,8.8,4.7,5.3,4.2,9.4,2.2,2.5,2.1,2.3,2.5,5.4,4.6,4,3.7,2.4,4.5,3.3,21.7,15.2,11,3.5,16.2,16.6
2010,CE,Rural,Estadual,83,82.8,81.7,83.5,80.1,77.8,78.7,82.9,82,82.2,80.4,81.5,71.4,81.2,89.6,--,--,79.6,15.6,15.1,15.6,13.5,13.1,15.2,16,8.5,9.8,14.6,12.3,13.6,12.5,7.1,4,--,--,8.4,1.4,2.1,2.7,3,6.8,7,5.3,8.6,8.2,3.2,7.3,4.9,16.1,11.7,6.4,--,--,12
2010,CE,Rural,Federal,--,--,--,--,--,--,--,--,--,--,--,--,76,89.8,98.1,--,--,85.6,--,--,--,--,--,--,--,--,--,--,--,--,16.4,7.9,1.2,--,--,10.1,--,--,--,--,--,--,--,--,--,--,--,--,7.6,2.3,0.7,--,--,4.3
2010,CE,Rural,Municipal,94.8,92.4,88.6,89.2,89.7,82.1,86.9,88.7,93,90.8,87.2,89.3,--,--,--,--,--,--,4.1,6.9,10.2,9.4,8.6,13.8,9.4,7,3.2,8,8.8,8.4,--,--,--,--,--,--,1.1,0.7,1.2,1.4,1.7,4.1,3.7,4.3,3.8,1.2,4,2.3,--,--,--,--,--,--
2010,CE,Rural,Particular,82.3,89.1,91.5,93,86,90,100,100,100,88.4,95.3,89.1,100,100,100,--,--,100,17.1,8.2,7.9,3.8,14,10,0,0,0,10.2,4.7,9.7,0,0,0,--,--,0,0.6,2.7,0.6,3.2,0,0,0,0,0,1.4,0,1.2,0,0,0,--,--,0
2010,CE,Rural,Publico,94.8,92.4,88.6,89.2,89.7,82.1,86.8,88.6,92.9,90.7,87.1,89.3,71.9,82.1,90.4,--,--,80.2,4.2,6.9,10.3,9.4,8.6,13.8,9.5,7,3.3,8.1,8.9,8.4,12.9,7.2,3.7,--,--,8.6,1,0.7,1.1,1.4,1.7,4.1,3.7,4.4,3.8,1.2,4,2.3,15.2,10.7,5.9,--,--,11.2
2010,CE,Rural,Total,94.7,92.3,88.6,89.2,89.7,82.1,86.8,88.6,92.9,90.7,87.2,89.3,72.3,82.4,90.5,--,--,80.5,4.2,6.9,10.2,9.4,8.6,13.8,9.5,7,3.3,8.1,8.9,8.4,12.8,7.1,3.7,--,--,8.5,1.1,0.8,1.2,1.4,1.7,4.1,3.7,4.4,3.8,1.2,3.9,2.3,14.9,10.5,5.8,--,--,11
2010,CE,Total,Estadual,89.7,89.8,86.2,84,84.5,79.2,80.8,82.4,86.9,85.7,83.3,83.4,75.7,81.2,86.9,91.3,65.7,80.5,9.2,8.9,12.1,12.8,11.8,15,13.4,11.1,6.9,11.5,10.6,10.7,9.6,7.3,4.7,1.6,0,7.5,1.1,1.3,1.7,3.2,3.7,5.8,5.8,6.5,6.2,2.8,6.1,5.9,14.7,11.5,8.4,7.1,34.3,12
2010,CE,Total,Federal,--,--,--,--,--,95.1,86.7,90,99.3,--,92.5,92.5,78.6,85.2,93.2,89.3,99.6,86.1,--,--,--,--,--,4.9,13.3,9.3,0.7,--,7.4,7.4,19.1,14.1,6.6,10.4,0,12.9,--,--,--,--,--,0,0,0.7,0,--,0.1,0.1,2.3,0.7,0.2,0.3,0.4,1
2010,CE,Total,Municipal,94.4,89.8,86.7,87.6,89.1,79.6,84.4,86.7,91.5,89.3,84.8,87.4,66.7,71.8,80.1,--,--,73.8,3.7,8.8,11.4,10.4,8.9,15.3,11,8.4,4.2,8.9,10.4,9.5,14.1,7.8,3.4,--,--,8,1.9,1.4,1.9,2,2,5.1,4.6,4.9,4.3,1.8,4.8,3.1,19.2,20.4,16.5,--,--,18.2
2010,CE,Total,Particular,95.1,96.7,97.2,96.9,96.8,94,94.2,94.3,93.8,96.5,94.1,95.6,91.4,94.9,97.9,91.9,--,94.5,4,2.9,2.5,2.7,2.9,5.5,5.4,5.3,5.7,3,5.5,4,8,4.3,1.7,0,--,4.8,0.9,0.4,0.3,0.4,0.3,0.5,0.4,0.4,0.5,0.5,0.4,0.4,0.6,0.8,0.4,8.1,--,0.7
2010,CE,Total,Publico,94.4,89.8,86.7,87.5,89,79.5,84,85.9,90.3,89.2,84.6,87.1,75.7,81.2,86.9,90.8,89.1,80.6,3.7,8.8,11.5,10.4,8.9,15.3,11.3,8.9,4.9,8.9,10.4,9.6,9.7,7.4,4.7,3.9,0,7.6,1.9,1.4,1.8,2.1,2.1,5.2,4.7,5.2,4.8,1.9,5,3.3,14.6,11.4,8.4,5.3,10.9,11.8
2010,CE,Total,Total,94.6,91.1,88.5,89.1,90.3,81.5,85.4,87.1,90.8,90.5,85.9,88.4,77.4,82.8,88.3,91.2,89.1,82.2,3.8,7.7,10,9.1,7.9,14,10.5,8.4,5,7.9,9.8,8.7,9.5,7,4.3,2.5,0,7.2,1.6,1.2,1.5,1.8,1.8,4.5,4.1,4.5,4.2,1.6,4.3,2.9,13.1,10.2,7.4,6.3,10.9,10.6
2010,CE,Urbana,Estadual,93.8,93.4,87.6,84.2,84.9,79.3,80.8,82.4,86.9,86.6,83.3,83.5,75.8,81.2,86.8,91.3,65.7,80.5,5.3,5.7,10.9,12.6,11.6,15,13.3,11.2,6.9,10.8,10.6,10.6,9.5,7.3,4.7,1.6,0,7.5,0.9,0.9,1.5,3.2,3.5,5.7,5.9,6.4,6.2,2.6,6.1,5.9,14.7,11.5,8.5,7.1,34.3,12
2010,CE,Urbana,Federal,--,--,--,--,--,95.1,86.7,90,99.3,--,92.5,92.5,79.6,83.7,91.8,89.3,99.6,86.2,--,--,--,--,--,4.9,13.3,9.3,0.7,--,7.4,7.4,20.1,16.1,8.2,10.4,0,13.6,--,--,--,--,--,0,0,0.7,0,--,0.1,0.1,0.3,0.2,0,0.3,0.4,0.2
2010,CE,Urbana,Municipal,94.2,88.6,85.8,86.8,88.8,78.5,83.4,85.7,90.8,88.5,83.8,86.5,66.7,71.8,80.1,--,--,73.8,3.4,9.7,12.1,10.8,9,15.9,11.7,9.1,4.7,9.3,11.1,10.1,14.1,7.8,3.4,--,--,8,2.4,1.7,2.1,2.4,2.2,5.6,4.9,5.2,4.5,2.2,5.1,3.4,19.2,20.4,16.5,--,--,18.2
2010,CE,Urbana,Particular,95.2,96.7,97.3,96.9,96.9,94,94.2,94.3,93.8,96.6,94.1,95.6,91.4,94.9,97.9,91.9,--,94.5,4,2.8,2.5,2.7,2.9,5.5,5.4,5.3,5.7,3,5.5,4,8,4.3,1.8,0,--,4.8,0.8,0.5,0.2,0.4,0.2,0.5,0.4,0.4,0.5,0.4,0.4,0.4,0.6,0.8,0.3,8.1,--,0.7
2010,CE,Urbana,Publico,94.2,88.6,85.8,86.7,88.7,78.6,83,84.9,89.5,88.5,83.7,86.1,75.8,81.2,86.9,90.8,89.1,80.6,3.5,9.7,12.1,10.9,9.1,15.8,11.9,9.6,5.4,9.3,11,10.1,9.6,7.4,4.7,3.9,0,7.5,2.3,1.7,2.1,2.4,2.2,5.6,5.1,5.5,5.1,2.2,5.3,3.8,14.6,11.4,8.4,5.3,10.9,11.9
2010,CE,Urbana,Total,94.5,90.6,88.4,89,90.5,81.3,85,86.6,90.2,90.5,85.5,88.2,77.4,82.8,88.3,91.2,89.1,82.2,3.6,8,9.8,9,7.7,14,10.8,8.9,5.5,7.8,10,8.8,9.4,7,4.3,2.5,0,7.2,1.9,1.4,1.8,2,1.8,4.7,4.2,4.5,4.3,1.7,4.5,3,13.2,10.2,7.4,6.3,10.9,10.6
2010,RN,Rural,Estadual,92.8,91.5,91.3,62.9,69.4,59.2,72.7,78.1,87.2,78.5,71.1,75.7,66.4,73.6,83.6,--,--,72.8,2.2,4.7,5.7,30.8,23.9,28.9,17,13,6.2,16.3,18.9,17.3,7.7,8.5,4.5,--,--,7.1,5,3.8,3,6.3,6.7,11.9,10.3,8.9,6.6,5.2,10,7,25.9,17.9,11.9,--,--,20.1
2010,RN,Rural,Federal,--,--,--,--,--,--,--,--,--,--,--,--,82.7,86,82.6,93,--,84.6,--,--,--,--,--,--,--,--,--,--,--,--,16.3,11.3,13.9,3.5,--,13,--,--,--,--,--,--,--,--,--,--,--,--,1,2.7,3.5,3.5,--,2.4
2010,RN,Rural,Municipal,92.9,90.7,89,66.3,74.9,54.9,71.1,79.4,86.3,81.5,69.3,78.3,--,--,--,--,--,--,3.7,6.9,8.7,29.7,20.8,34,19.9,11.4,5.8,15.2,21,16.7,--,--,--,--,--,--,3.4,2.4,2.3,4,4.3,11.1,9,9.2,7.9,3.3,9.7,5,--,--,--,--,--,--
2010,RN,Rural,Particular,96.9,95.8,91.7,90.9,96.3,70.2,69,93.8,100,94.8,81.8,89.5,95.7,95.2,91.3,--,--,94,3.1,2.8,8.3,9.1,3.7,29.8,31,6.2,0,4.7,18.2,10.2,4.3,4.8,8.7,--,--,6,0,1.4,0,0,0,0,0,0,0,0.5,0,0.3,0,0,0,--,--,0
2010,RN,Rural,Publico,92.8,90.7,89.1,66,74.4,55.4,71.2,79.3,86.4,81.2,69.6,78,70.2,76.8,83.3,93,--,76.1,3.6,6.7,8.4,29.8,21.1,33.3,19.6,11.6,5.8,15.3,20.7,16.8,9.7,9.2,7.4,3.5,--,8.8,3.6,2.6,2.5,4.2,4.5,11.3,9.2,9.1,7.8,3.5,9.7,5.2,20.1,14,9.3,3.5,--,15.1
2010,RN,Rural,Total,92.9,90.8,89.2,66,74.4,55.5,71.2,79.4,86.5,81.3,69.6,78.1,70.7,77.3,83.5,93,--,76.5,3.6,6.7,8.4,29.8,21,33.3,19.6,11.6,5.8,15.2,20.7,16.7,9.6,9.1,7.4,3.5,--,8.7,3.5,2.5,2.4,4.2,4.6,11.2,9.2,9,7.7,3.5,9.7,5.2,19.7,13.6,9.1,3.5,--,14.8
2010,RN,Total,Estadual,92.1,93.5,89.3,63.3,73.2,55.5,65.6,79.8,82,78.9,68.8,72.9,65.7,75.8,81.8,82.2,60.1,73.2,1.8,2.3,6.4,30.6,19.9,31,23.9,11,8.6,15.4,20.2,18.3,9,5.3,3.8,0.6,10.4,6.4,6.1,4.2,4.3,6.1,6.9,13.5,10.5,9.2,9.4,5.7,11,8.8,25.3,18.9,14.4,17.2,29.5,20.4
2010,RN,Total,Federal,100,98.5,--,--,--,--,--,--,--,98.9,--,98.9,82.1,87.2,85.3,86.8,--,84.6,0,1.5,--,--,--,--,--,--,--,1.1,--,1.1,17,11,12.3,9.5,--,13.6,0,0,--,--,--,--,--,--,--,0,--,0,0.9,1.8,2.4,3.7,--,1.8
2010,RN,Total,Municipal,94.4,93.1,90.1,67.6,76,55.4,68.2,80.3,83.2,82.8,68.5,77.4,--,--,--,--,59.5,59.5,2.4,4.4,7.5,28.7,19.8,33.2,22.4,12,8.3,14,21.9,16.9,--,--,--,--,35.1,35.1,3.2,2.5,2.4,3.7,4.2,11.4,9.4,7.7,8.5,3.2,9.6,5.7,--,--,--,--,5.4,5.4
2010,RN,Total,Particular,95.8,96.5,96.9,96.2,96.2,93.4,92,93.5,94,96.3,93.2,95,90.4,94.6,95.2,--,--,93.2,3.3,3,2.9,3.5,3.5,6.3,7.7,6.2,5.5,3.2,6.4,4.5,8.9,4.9,4.2,--,--,6.2,0.9,0.5,0.2,0.3,0.3,0.3,0.3,0.3,0.5,0.5,0.4,0.5,0.7,0.5,0.6,--,--,0.6
2010,RN,Total,Publico,94,93.2,89.9,66.6,75.3,55.5,67.2,80.1,82.6,81.9,68.7,76,66.4,76,81.9,85,60.1,73.6,2.3,4,7.2,29.2,19.8,32.3,23.1,11.6,8.5,14.3,21.2,17.4,9.3,5.4,4,6,11.8,6.7,3.7,2.8,2.9,4.2,4.9,12.2,9.7,8.3,8.9,3.8,10.1,6.6,24.3,18.6,14.1,9,28.1,19.7
2010,RN,Total,Total,94.4,93.9,91.1,70.6,78.6,60.2,70.8,82.5,84.6,84.4,72.4,79.1,69.2,78.6,83.9,85,60.1,76.1,2.5,3.8,6.5,25.7,17.2,29,20.8,10.6,7.9,12.4,18.9,15.3,9.3,5.3,4.1,6,11.8,6.6,3.1,2.3,2.4,3.7,4.2,10.8,8.4,6.9,7.5,3.2,8.7,5.6,21.5,16.1,12,9,28.1,17.3
2010,RN,Urbana,Estadual,92,93.7,89.1,63.4,73.6,55.3,65.4,79.8,81.8,79,68.8,72.8,65.7,75.8,81.8,82.2,60.1,73.2,1.8,2.1,6.5,30.5,19.6,31.1,24.2,11,8.7,15.3,20.3,18.3,9,5.2,3.8,0.6,10.4,6.4,6.2,4.2,4.4,6.1,6.8,13.6,10.4,9.2,9.5,5.7,10.9,8.9,25.3,19,14.4,17.2,29.5,20.4
2010,RN,Urbana,Federal,100,98.5,--,--,--,--,--,--,--,98.9,--,98.9,82,87.6,86.2,86.1,--,84.5,0,1.5,--,--,--,--,--,--,--,1.1,--,1.1,17.2,10.9,11.7,10.2,--,13.8,0,0,--,--,--,--,--,--,--,0,--,0,0.8,1.5,2.1,3.7,--,1.7
2010,RN,Urbana,Municipal,95.4,94.5,90.7,68.4,76.6,55.6,67.5,80.5,82.5,83.5,68.3,77.1,--,--,--,--,59.5,59.5,1.7,3,6.8,28.1,19.2,33,23.1,12.2,8.9,13.3,22.1,17,--,--,--,--,35.1,35.1,2.9,2.5,2.5,3.5,4.2,11.4,9.4,7.3,8.6,3.2,9.6,5.9,--,--,--,--,5.4,5.4
2010,RN,Urbana,Particular,95.8,96.6,96.9,96.2,96.2,93.5,92,93.5,93.9,96.3,93.2,95.1,90.4,94.6,95.2,--,--,93.2,3.3,3,2.8,3.4,3.5,6.1,7.6,6.2,5.5,3.2,6.4,4.5,8.9,4.9,4.2,--,--,6.2,0.9,0.4,0.3,0.4,0.3,0.4,0.4,0.3,0.6,0.5,0.4,0.4,0.7,0.5,0.6,--,--,0.6
2010,RN,Urbana,Publico,94.5,94.3,90.2,66.8,75.6,55.5,66.5,80.2,82.1,82.2,68.5,75.4,66.3,76,81.9,84.4,60.1,73.5,1.7,2.8,6.7,28.9,19.4,32.2,23.6,11.6,8.8,13.9,21.2,17.5,9.3,5.3,4,6.2,11.8,6.6,3.8,2.9,3.1,4.3,5,12.3,9.9,8.2,9.1,3.9,10.3,7.1,24.4,18.7,14.1,9.4,28.1,19.9
2010,RN,Urbana,Total,94.9,94.9,91.8,72,79.9,60.9,70.8,82.9,84.4,85.4,72.8,79.4,69.2,78.6,83.9,84.4,60.1,76.1,2.2,2.8,5.8,24.4,16.1,28.4,21,10.5,8.2,11.5,18.7,14.9,9.3,5.3,4,6.2,11.8,6.6,2.9,2.3,2.4,3.6,4,10.7,8.2,6.6,7.4,3.1,8.5,5.7,21.5,16.1,12.1,9.4,28.1,17.3
2010,PB,Rural,Estadual,84.4,73.7,78.4,80.1,80.2,61.8,71.9,73.9,74.5,79.1,69.4,75.5,56.8,69.1,80.5,--,85.7,68.2,10.1,20.1,15.5,12.6,11.3,23.4,16.3,11,8.7,14.1,16.1,14.8,8.6,5.3,1.7,--,7.1,5.5,5.5,6.2,6.1,7.3,8.5,14.8,11.8,15.1,16.8,6.8,14.5,9.7,34.6,25.6,17.8,--,7.2,26.3
2010,PB,Rural,Federal,--,--,--,--,--,--,--,--,--,--,--,--,72.7,92.8,95.2,--,--,84.8,--,--,--,--,--,--,--,--,--,--,--,--,15.5,4.8,3.2,--,--,9,--,--,--,--,--,--,--,--,--,--,--,--,11.8,2.4,1.6,--,--,6.2
2010,PB,Rural,Municipal,89.6,72.8,78.1,81.5,84.8,64.2,72.2,77.1,85.1,80.8,72.5,79.4,74.5,92.3,95.2,--,--,85.9,7,23.2,18.1,14.4,10.7,22.3,15.9,11.1,5.7,15.2,15.5,15.3,9.6,3.8,0,--,--,5.1,3.4,4,3.8,4.1,4.5,13.5,11.9,11.8,9.2,4,12,5.3,15.9,3.9,4.8,--,--,9
2010,PB,Rural,Particular,100,92.3,92.9,91.9,92,84,100,91.3,--,94,91.8,93.6,--,--,--,--,--,--,0,7.7,7.1,8.1,4,16,0,8.7,--,5.3,8.2,5.9,--,--,--,--,--,--,0,0,0,0,4,0,0,0,--,0.7,0,0.5,--,--,--,--,--,--
2010,PB,Rural,Publico,89.2,72.9,78.1,81.4,84.4,63.7,72.1,76.4,82.7,80.7,71.9,78.9,60.8,74.3,83.3,--,85.7,71.9,7.2,23,17.9,14.3,10.7,22.5,16,11,6.4,15.1,15.6,15.2,9.6,5.1,1.7,--,7.1,5.9,3.6,4.1,4,4.3,4.9,13.8,11.9,12.6,10.9,4.2,12.5,5.9,29.6,20.6,15,--,7.2,22.2
2010,PB,Rural,Total,89.2,72.9,78.2,81.4,84.4,63.8,72.2,76.5,82.7,80.7,72,79,60.8,74.3,83.3,--,85.7,71.9,7.2,22.9,17.9,14.2,10.7,22.5,15.9,11,6.4,15.1,15.6,15.2,9.6,5.1,1.7,--,7.1,5.9,3.6,4.2,3.9,4.4,4.9,13.7,11.9,12.5,10.9,4.2,12.4,5.8,29.6,20.6,15,--,7.2,22.2
2010,PB,Total,Estadual,87.4,72.7,80,80.9,83.2,56.5,66.5,72.3,75.1,80.4,66.5,71.8,62.5,73.9,81.3,85.5,74.9,71,4.8,20.4,14.5,12.6,10.3,24.2,18.1,13.8,10.8,13.1,17.5,15.8,12.3,7.5,4.3,1.3,4.2,8.7,7.8,6.9,5.5,6.5,6.5,19.3,15.4,13.9,14.1,6.5,16,12.4,25.2,18.6,14.4,13.2,20.9,20.3
2010,PB,Total,Federal,--,--,--,--,--,--,--,--,--,--,--,--,76.5,85.3,89.8,95.1,--,83.6,--,--,--,--,--,--,--,--,--,--,--,--,18.1,12.3,9.5,3.8,--,13.3,--,--,--,--,--,--,--,--,--,--,--,--,5.4,2.4,0.7,1.1,--,3.1
2010,PB,Total,Municipal,89.9,73.2,76.7,81.8,82.5,63.4,72.4,78.9,84.1,80.3,72.4,77.4,61.6,71.6,83.5,92.4,83.8,72.4,5.9,22.1,18.4,13.9,11.7,23.2,17,11.8,7.6,15,16.6,15.6,11.1,7.2,5.1,0,5.4,7.5,4.2,4.7,4.9,4.3,5.8,13.4,10.6,9.3,8.3,4.7,11,7,27.3,21.2,11.4,7.6,10.8,20.1
2010,PB,Total,Particular,96,96.9,97.9,97.6,97.4,94.9,94.4,94.3,94.3,97.1,94.5,96.1,90.7,93.4,97.9,97.8,93.2,93.9,3,2.5,1.9,2.1,2.1,4.7,5.3,5.4,5.1,2.3,5.1,3.4,8.2,5.6,1.7,2.2,5.1,5.2,1,0.6,0.2,0.3,0.5,0.4,0.3,0.3,0.6,0.6,0.4,0.5,1.1,1,0.4,0,1.7,0.9
2010,PB,Total,Publico,89.4,73.1,77.5,81.6,82.7,60.5,69.8,75.8,79.3,80.3,69.7,75.5,62.7,74,81.5,88.2,76.3,71.3,5.7,21.7,17.5,13.6,11.3,23.6,17.5,12.8,9.3,14.5,17,15.6,12.4,7.6,4.4,1.4,4.4,8.7,4.9,5.2,5,4.8,6,15.9,12.7,11.4,11.4,5.2,13.3,8.9,24.9,18.4,14.1,10.4,19.3,20
2010,PB,Total,Total,90.5,76.1,80.1,83.7,84.5,63.5,72.3,78,81.3,82.6,72.4,78.1,65.9,76.7,84.2,88.4,79.8,74.3,5.3,19.3,15.5,12.1,10.2,21.9,16.2,11.9,8.7,12.9,15.7,14.1,11.9,7.3,3.9,1.4,4.5,8.3,4.2,4.6,4.4,4.2,5.3,14.6,11.5,10.1,10,4.5,11.9,7.8,22.2,16,11.9,10.2,15.7,17.4
2010,PB,Urbana,Estadual,87.9,72.5,80.3,80.9,83.5,56.2,66.3,72.2,75.1,80.5,66.4,71.5,62.5,74,81.3,85.5,73,71.1,4,20.4,14.4,12.6,10.2,24.2,18.2,14,10.9,13,17.5,15.9,12.4,7.6,4.3,1.3,3.7,8.7,8.1,7.1,5.3,6.5,6.3,19.6,15.5,13.8,14,6.5,16.1,12.6,25.1,18.4,14.4,13.2,23.3,20.2
2010,PB,Urbana,Federal,--,--,--,--,--,--,--,--,--,--,--,--,76.9,84,89.2,95.1,--,83.4,--,--,--,--,--,--,--,--,--,--,--,--,18.4,13.7,10.2,3.8,--,13.8,--,--,--,--,--,--,--,--,--,--,--,--,4.7,2.3,0.6,1.1,--,2.8
2010,PB,Urbana,Municipal,90.1,73.4,75.9,82,81.2,63.3,72.4,79.2,83.9,79.9,72.4,76.5,60.7,69.6,82.3,92.4,83.8,71.4,5.3,21.3,18.6,13.6,12.3,23.3,17.1,11.9,7.9,14.8,16.8,15.7,11.2,7.6,5.6,0,5.4,7.7,4.6,5.3,5.5,4.4,6.5,13.4,10.5,8.9,8.2,5.3,10.8,7.8,28.1,22.8,12.1,7.6,10.8,20.9
2010,PB,Urbana,Particular,95.9,96.9,97.9,97.6,97.4,95,94.3,94.3,94.3,97.2,94.5,96.1,90.7,93.4,97.9,97.8,93.2,93.9,3,2.5,1.8,2.1,2.1,4.6,5.3,5.4,5.1,2.3,5.1,3.4,8.2,5.6,1.7,2.2,5.1,5.2,1.1,0.6,0.3,0.3,0.5,0.4,0.4,0.3,0.6,0.5,0.4,0.5,1.1,1,0.4,0,1.7,0.9
2010,PB,Urbana,Publico,89.5,73.2,77.2,81.7,81.9,60.1,69.5,75.7,79,80.1,69.5,74.5,62.8,74,81.4,88.2,75,71.3,4.9,21.1,17.3,13.3,11.6,23.7,17.6,12.9,9.6,14.2,17.1,15.8,12.5,7.7,4.4,1.4,4,8.8,5.6,5.7,5.5,5,6.5,16.2,12.9,11.4,11.4,5.7,13.4,9.7,24.7,18.3,14.2,10.4,21,19.9
2010,PB,Urbana,Total,91.1,77.4,80.9,84.6,84.6,63.5,72.3,78.1,81.2,83.3,72.4,77.8,66,76.7,84.2,88.4,79.2,74.4,4.5,17.8,14.6,11.2,10,21.9,16.2,12,8.9,12,15.7,13.9,12,7.4,4,1.4,4.2,8.3,4.4,4.8,4.5,4.2,5.4,14.6,11.5,9.9,9.9,4.7,11.9,8.3,22,15.9,11.8,10.2,16.6,17.3
2010,PE,Rural,Estadual,94,83.6,71.4,88,76.5,74.7,80.8,84.3,83.2,81,80.1,80.4,78.5,81.6,86.9,83.8,85.6,82,2.2,12.4,25.5,8.2,19,18.4,14.1,11.7,12.4,15.1,14.6,14.8,9.5,7.5,5.1,0,0.3,7.3,3.8,4,3.1,3.8,4.5,6.9,5.1,4,4.4,3.9,5.3,4.8,12,10.9,8,16.2,14.1,10.7
2010,PE,Rural,Federal,--,--,--,--,--,--,--,--,--,--,--,--,65.4,85.3,87.2,--,100,78.7,--,--,--,--,--,--,--,--,--,--,--,--,32.4,14.1,11.7,--,0,20,--,--,--,--,--,--,--,--,--,--,--,--,2.2,0.6,1.1,--,0,1.3
2010,PE,Rural,Municipal,95.3,86.5,76.5,84,82.5,70.8,76.8,81.9,84.3,84.3,77.2,82.5,66.8,79,87.4,100,--,76,2,10.6,20.5,12.8,13.8,20.3,14.7,10.2,8.1,12.5,14.5,13,17.5,9.2,4.3,0,--,11.6,2.7,2.9,3,3.2,3.7,8.9,8.5,7.9,7.6,3.2,8.3,4.5,15.7,11.8,8.3,0,--,12.4
2010,PE,Rural,Particular,72.9,84.4,85,86.7,90,87.8,98.1,92.8,97.1,83.4,92.9,84.8,90.6,92.9,100,--,--,94.7,25.8,14.4,13.6,10.9,9.4,12.2,1.9,7.2,2.9,15.1,7.1,14,9.4,7.1,0,--,--,5.3,1.3,1.2,1.4,2.4,0.6,0,0,0,0,1.5,0,1.2,0,0,0,--,--,0
2010,PE,Rural,Publico,95.3,86.3,76.3,84.1,82.3,71.5,77.6,82.3,84,84.2,77.7,82.3,77.2,81.7,86.9,86.8,86.3,81.5,2,10.6,20.7,12.6,14.1,20,14.6,10.5,9,12.6,14.5,13.2,11,8,5.4,0,0.3,8.2,2.7,3.1,3,3.3,3.6,8.5,7.8,7.2,7,3.2,7.8,4.5,11.8,10.3,7.7,13.2,13.4,10.3
2010,PE,Rural,Total,95,86.3,76.4,84.2,82.3,71.6,77.7,82.4,84.1,84.2,77.8,82.3,77.3,81.7,87,86.8,86.3,81.6,2.4,10.7,20.6,12.5,14,19.9,14.5,10.5,9,12.7,14.5,13.2,11,8,5.4,0,0.3,8.2,2.6,3,3,3.3,3.7,8.5,7.8,7.1,6.9,3.1,7.7,4.5,11.7,10.3,7.6,13.2,13.4,10.2
2010,PE,Total,Estadual,97.1,94.6,77.4,96.3,82.3,73.2,79,81.5,76.8,87.5,77.4,79.1,75.2,79.7,81.4,91.9,80.6,78.5,0.6,2.9,20.1,1.8,15,20,14.7,12.7,14.7,10.1,15.7,14.8,10.9,9.1,6.3,2.1,2.6,8.8,2.3,2.5,2.5,1.9,2.7,6.8,6.3,5.8,8.5,2.4,6.9,6.1,13.9,11.2,12.3,6,16.8,12.7
2010,PE,Total,Federal,--,--,--,--,--,94.3,99.5,97.6,98.5,--,97.6,97.6,73.8,72.1,80,66.4,87.7,74.3,--,--,--,--,--,5.7,0.5,2.4,1.5,--,2.4,2.4,24.8,27.4,19.6,32,10.5,24.7,--,--,--,--,--,0,0,0,0,--,0,0,1.4,0.5,0.4,1.6,1.8,1
2010,PE,Total,Municipal,95.6,88.7,75.6,86.1,84,69.6,72.7,80.2,78.6,85.4,74.2,81.7,64,77.7,83.2,89.7,--,77.4,1.6,8.2,21.2,10.7,12.6,20.1,16.8,11.1,10.6,11.5,15.7,12.9,12.2,5,3.9,2.5,--,6.3,2.8,3.1,3.2,3.2,3.4,10.3,10.5,8.7,10.8,3.1,10.1,5.4,23.8,17.3,12.9,7.8,--,16.3
2010,PE,Total,Particular,95.6,96.8,97.1,96.9,96.9,94.7,93.9,94.5,92.8,96.7,94,95.7,91,93.4,97.3,97.9,97.9,93.8,3.5,2.7,2.5,2.7,2.7,4.8,5.6,5,6.6,2.8,5.4,3.8,7.7,5.6,2,1.1,2.1,5.2,0.9,0.5,0.4,0.4,0.4,0.5,0.5,0.5,0.6,0.5,0.6,0.5,1.3,1,0.7,1,0,1
2010,PE,Total,Publico,95.6,89.2,75.8,87.2,83.8,71.2,75.8,80.9,77.6,85.6,75.8,80.9,75.1,79.5,81.4,90.4,80.9,78.4,1.5,7.8,21.1,9.8,12.9,20,15.8,11.9,13,11.4,15.7,13.4,11.2,9.6,6.3,3.7,3,9.1,2.9,3,3.1,3,3.3,8.8,8.4,7.2,9.4,3,8.5,5.7,13.7,10.9,12.3,5.9,16.1,12.5
2010,PE,Total,Total,95.6,90.9,79.8,89.2,86.3,74.3,78.3,83.1,79.9,87.8,78.5,83.5,76.7,81.4,83.3,90.5,81.1,80.2,2,6.6,17.6,8.3,11,18,14.3,10.8,12,9.6,14.2,11.7,10.9,9.1,5.8,3.6,3,8.7,2.4,2.5,2.6,2.5,2.7,7.7,7.4,6.1,8.1,2.6,7.3,4.8,12.4,9.5,10.9,5.9,15.9,11.1
2010,PE,Urbana,Estadual,97.8,97,78.5,97.6,83.1,73.1,78.9,81.3,76.5,88.7,77.2,79,75,79.6,81.1,92,80.1,78.4,0.3,0.8,19.1,0.8,14.5,20.1,14.7,12.7,14.8,9.2,15.8,14.8,11,9.2,6.3,2.2,2.8,8.9,1.9,2.2,2.4,1.6,2.4,6.8,6.4,6,8.7,2.1,7,6.2,14,11.2,12.6,5.8,17.1,12.7
2010,PE,Urbana,Federal,--,--,--,--,--,94.3,99.5,97.6,98.5,--,97.6,97.6,75,70.2,77.2,66.4,86.5,73.6,--,--,--,--,--,5.7,0.5,2.4,1.5,--,2.4,2.4,23.7,29.3,22.6,32,11.4,25.5,--,--,--,--,--,0,0,0,0,--,0,0,1.3,0.5,0.2,1.6,2.1,0.9
2010,PE,Urbana,Municipal,95.7,89.9,75.1,87.4,84.8,69.2,71.4,79.6,76.7,85.9,73.2,81.3,62.9,77.5,82.6,89.2,--,77.7,1.4,7,21.6,9.5,12,20,17.5,11.5,11.5,10.9,16.1,12.8,10.1,4.1,3.9,2.6,--,5.2,2.9,3.1,3.3,3.1,3.2,10.8,11.1,8.9,11.8,3.2,10.7,5.9,27,18.4,13.5,8.2,--,17.1
2010,PE,Urbana,Particular,96.1,97,97.3,97.1,97,94.8,93.9,94.5,92.8,96.9,94.1,95.8,91,93.4,97.3,97.9,97.9,93.8,3.1,2.5,2.3,2.6,2.6,4.7,5.6,5,6.6,2.6,5.4,3.7,7.7,5.6,2,1.1,2.1,5.2,0.8,0.5,0.4,0.3,0.4,0.5,0.5,0.5,0.6,0.5,0.5,0.5,1.3,1,0.7,1,0,1
2010,PE,Urbana,Publico,95.8,90.6,75.6,88.8,84.5,71.2,75.5,80.7,76.6,86.2,75.5,80.5,74.9,79.3,81.1,90.5,80.4,78.3,1.3,6.4,21.3,8.3,12.4,20,16,12.2,13.6,10.7,15.9,13.5,11.2,9.7,6.4,3.7,3.2,9.2,2.9,3,3.1,2.9,3.1,8.8,8.5,7.1,9.8,3.1,8.6,6,13.9,11,12.5,5.8,16.4,12.5
2010,PE,Urbana,Total,95.9,92.5,81.1,91.1,87.7,74.8,78.4,83.2,79.4,89.2,78.6,83.9,76.6,81.4,83.2,90.6,80.6,80.1,1.8,5.2,16.5,6.7,9.9,17.7,14.3,10.9,12.4,8.5,14.2,11.3,10.9,9.1,5.8,3.7,3.2,8.7,2.3,2.3,2.4,2.2,2.4,7.5,7.3,5.9,8.2,2.3,7.2,4.8,12.5,9.5,11,5.7,16.2,11.2
2010,AL,Rural,Estadual,93.1,93.5,73.7,89.5,70.9,57.5,67.8,73.2,79,82.1,68,74.6,63.5,73.1,86.3,--,--,71.4,1.8,2.8,24.7,6.5,24.1,28.6,20.2,12.5,6.6,14.1,18.4,16.4,12.5,9.1,4.3,--,--,9.7,5.1,3.7,1.6,4,5,13.9,12,14.3,14.4,3.8,13.6,9,24,17.8,9.4,--,--,18.9
2010,AL,Rural,Municipal,93.4,93.3,69,91.6,71.6,65.4,72.1,76.3,83.4,81.9,72.4,79.3,75,74.4,81.5,--,--,76.3,2.3,3.6,27,4.7,23.5,23.3,17.6,12.6,7.5,14,17,14.8,1.9,0,0,--,--,0.8,4.3,3.1,4,3.7,4.9,11.3,10.3,11.1,9.1,4.1,10.6,5.9,23.1,25.6,18.5,--,--,22.9
2010,AL,Rural,Particular,75.9,73.7,77.1,87.8,85.7,90.3,84.6,81.3,100,78.6,89.6,80.2,--,--,--,--,--,--,21.8,26.3,22.9,10.4,14.3,9.7,15.4,18.7,0,20.5,10.4,19,--,--,--,--,--,--,2.3,0,0,1.8,0,0,0,0,0,0.9,0,0.8,--,--,--,--,--,--
2010,AL,Rural,Publico,93.4,93.3,69.1,91.6,71.5,64.9,71.8,76.1,83,81.9,72.1,79.1,63.7,73.2,86.2,--,--,71.5,2.3,3.6,26.9,4.8,23.5,23.6,17.7,12.6,7.4,14,17.1,14.9,12.2,8.8,4.1,--,--,9.4,4.3,3.1,4,3.6,5,11.5,10.5,11.3,9.6,4.1,10.8,6,24.1,18,9.7,--,--,19.1
2010,AL,Rural,Total,93.2,93.1,69.2,91.6,71.6,65,71.9,76.1,83.1,81.9,72.1,79.1,63.7,73.2,86.2,--,--,71.5,2.5,3.8,26.9,4.8,23.5,23.6,17.7,12.6,7.4,14,17.1,14.9,12.2,8.8,4.1,--,--,9.4,4.3,3.1,3.9,3.6,4.9,11.4,10.4,11.3,9.5,4.1,10.8,6,24.1,18,9.7,--,--,19.1
2010,AL,Total,Estadual,88.4,88,70.2,87.5,75.7,55.7,64.8,68.9,72.3,80.1,64.3,68.5,61.1,70.6,78.6,87.2,74.6,68.6,4.3,5.5,25,6.4,17.8,25.9,19.3,15.7,11.7,13.8,19.1,17.7,13.2,9.5,7,5.7,22,10.4,7.3,6.5,4.8,6.1,6.5,18.4,15.9,15.4,16,6.1,16.6,13.8,25.7,19.9,14.4,7.1,3.4,21
2010,AL,Total,Federal,--,--,--,--,--,--,--,--,--,--,--,--,65.8,78.7,88,46.4,--,71.1,--,--,--,--,--,--,--,--,--,--,--,--,32.1,19.9,11.1,53.1,--,27.4,--,--,--,--,--,--,--,--,--,--,--,--,2.1,1.4,0.9,0.5,--,1.5
2010,AL,Total,Municipal,93.5,92.8,70.5,90,75.2,60.5,68.2,71,74.5,82.9,67.3,76.6,48,75.5,84.1,96.4,--,72.3,2.1,3.5,25,6.2,19.8,24,18,14.3,11.3,12.7,18,14.9,12,2.2,1.9,0.4,--,5.1,4.4,3.7,4.5,3.8,5,15.5,13.8,14.7,14.2,4.4,14.7,8.5,40,22.3,14,3.2,--,22.6
2010,AL,Total,Particular,97.3,97.2,96.6,97.8,96.7,92.6,91.9,93.2,93.7,97.1,92.8,95.2,87.1,92,95.8,97.6,61.1,91.2,1.7,2.1,3.1,1.9,3,6.8,7.7,6,5.6,2.4,6.5,4.2,10.8,6.7,3.3,1.6,38.9,7.3,1,0.7,0.3,0.3,0.3,0.6,0.4,0.8,0.7,0.5,0.7,0.6,2.1,1.3,0.9,0.8,0,1.5
2010,AL,Total,Publico,93.1,92.4,70.4,89.8,75.2,59.1,67.3,70.3,73.7,82.7,66.4,75.1,61.2,70.9,78.9,78.5,74.6,68.7,2.2,3.7,25,6.2,19.6,24.5,18.3,14.8,11.4,12.8,18.3,15.4,13.6,9.7,7.1,16.6,22,10.9,4.7,3.9,4.6,4,5.2,16.4,14.4,14.9,14.9,4.5,15.3,9.5,25.2,19.4,14,4.9,3.4,20.4
2010,AL,Total,Total,93.6,92.9,72.7,90.6,77.2,61.7,69.5,72.7,76,84.1,68.9,77,64.4,73.9,81.5,79.8,71.4,71.8,2.2,3.5,23.2,5.7,18.1,23.2,17.4,13.8,10.8,11.8,17.2,14.3,13.3,9.3,6.5,15.5,26,10.4,4.2,3.6,4.1,3.7,4.7,15.1,13.1,13.5,13.2,4.1,13.9,8.7,22.3,16.8,12,4.7,2.6,17.8
2010,AL,Urbana,Estadual,87.6,87.5,69.8,87.3,76.1,55.6,64.7,68.7,72,79.9,64.1,68.2,61,70.5,78.3,87.2,74.6,68.5,4.7,5.8,25.1,6.4,17.2,25.8,19.3,15.9,11.9,13.7,19.1,17.7,13.2,9.5,7.1,5.7,22,10.5,7.7,6.7,5.1,6.3,6.7,18.6,16,15.4,16.1,6.4,16.8,14.1,25.8,20,14.6,7.1,3.4,21
2010,AL,Urbana,Federal,--,--,--,--,--,--,--,--,--,--,--,--,65.8,78.7,88,46.4,--,71.1,--,--,--,--,--,--,--,--,--,--,--,--,32.1,19.9,11.1,53.1,--,27.4,--,--,--,--,--,--,--,--,--,--,--,--,2.1,1.4,0.9,0.5,--,1.5
2010,AL,Urbana,Municipal,93.5,92.5,71.4,89,77.8,58.9,67,69.4,72.2,83.6,65.8,75.3,43.5,75.6,84.4,96.4,--,71.8,1.9,3.4,23.7,7.1,17.2,24.2,18.1,14.8,12.2,11.9,18.4,14.9,13.7,2.5,2.2,0.4,--,5.6,4.6,4.1,4.9,3.9,5,16.9,14.9,15.8,15.6,4.5,15.8,9.8,42.8,21.9,13.4,3.2,--,22.6
2010,AL,Urbana,Particular,97.9,97.9,97.1,98,96.8,92.6,91.9,93.2,93.6,97.5,92.8,95.4,87.1,92,95.8,97.6,61.1,91.2,1.1,1.4,2.6,1.7,2.9,6.8,7.6,6,5.6,2,6.5,4,10.8,6.7,3.3,1.6,38.9,7.3,1,0.7,0.3,0.3,0.3,0.6,0.5,0.8,0.8,0.5,0.7,0.6,2.1,1.3,0.9,0.8,0,1.5
2010,AL,Urbana,Publico,93,91.8,71.2,88.8,77.5,57.8,66.3,69.2,72.1,83.1,65.2,73.5,61,70.8,78.6,78.5,74.6,68.6,2.2,3.7,23.9,7,17.2,24.8,18.5,15.2,12.1,12.1,18.6,15.6,13.7,9.8,7.2,16.6,22,11,4.8,4.5,4.9,4.2,5.3,17.4,15.2,15.6,15.8,4.8,16.2,10.9,25.3,19.4,14.2,4.9,3.4,20.4
2010,AL,Urbana,Total,93.9,92.9,74.5,90.2,80.1,61.1,69,72.1,74.9,85.3,68.3,76.3,64.4,73.9,81.4,79.8,71.4,71.8,2,3.3,21.2,6.2,15.3,23.1,17.3,14.1,11.3,10.6,17.3,14.1,13.3,9.3,6.6,15.5,26,10.5,4.1,3.8,4.3,3.6,4.6,15.8,13.7,13.8,13.8,4.1,14.4,9.6,22.3,16.8,12,4.7,2.6,17.7
2010,SE,Rural,Estadual,95.8,76.7,81.8,76.2,83.1,61.9,74.1,79.9,83.5,81.7,72.4,77.4,67.5,76.4,83.4,94.1,--,74.4,1.3,21.9,16.1,19.7,14.4,30.6,20.1,14.3,7.2,15.7,20.5,17.9,10.4,6.3,3.3,0,--,7.3,2.9,1.4,2.1,4.1,2.5,7.5,5.8,5.8,9.3,2.6,7.1,4.7,22.1,17.3,13.3,5.9,--,18.3
2010,SE,Rural,Federal,--,--,--,--,--,--,--,--,--,--,--,--,69.4,83.5,95.7,97,--,83.4,--,--,--,--,--,--,--,--,--,--,--,--,26.6,12.5,4.3,3,--,14,--,--,--,--,--,--,--,--,--,--,--,--,4,4,0,0,--,2.6
2010,SE,Rural,Municipal,92.9,65.2,71.6,74.3,78.4,55.7,65.5,74.9,80.4,75.3,65.6,72.4,--,--,--,--,--,--,5.5,32.2,25.9,22.9,18.1,34.3,25.2,16.2,10,22.1,24.8,22.9,--,--,--,--,--,--,1.6,2.6,2.5,2.8,3.5,10,9.3,8.9,9.6,2.6,9.6,4.7,--,--,--,--,--,--
2010,SE,Rural,Particular,92.6,85.1,91.2,95.8,84,50,80,100,95,89.3,72.7,85.5,--,--,--,--,--,--,7.4,14.9,8.8,4.2,14.7,50,15,0,0,10.4,25.3,13.8,--,--,--,--,--,--,0,0,0,0,1.3,0,5,0,5,0.3,2,0.7,--,--,--,--,--,--
2010,SE,Rural,Publico,93,65.6,72.1,74.4,78.7,56.2,66.2,75.3,80.7,75.6,66.2,72.7,67.7,78.3,86.3,95.1,--,76.3,5.3,31.8,25.4,22.7,17.9,34,24.8,16.1,9.7,21.8,24.5,22.6,12.8,7.9,3.6,1.1,--,8.7,1.7,2.6,2.5,2.9,3.4,9.8,9,8.6,9.6,2.6,9.3,4.7,19.5,13.8,10.1,3.8,--,15
2010,SE,Rural,Total,93,65.7,72.2,74.5,78.7,56.2,66.2,75.4,80.8,75.6,66.2,72.7,67.7,78.3,86.3,95.1,--,76.3,5.3,31.7,25.3,22.7,17.9,34,24.8,16,9.7,21.7,24.5,22.6,12.8,7.9,3.6,1.1,--,8.7,1.7,2.6,2.5,2.8,3.4,9.8,9,8.6,9.5,2.7,9.3,4.7,19.5,13.8,10.1,3.8,--,15
2010,SE,Total,Estadual,96.5,72.2,77.7,79,82.1,54.9,64,69.2,74,80.5,63.9,70.2,56.5,70.1,77.7,88.4,--,66.2,0.9,24.9,19.6,17.8,13.8,35.6,29.2,23.2,17.4,16.3,27.9,23.5,19.9,13.6,8.6,2.8,--,15,2.6,2.9,2.7,3.2,4.1,9.5,6.8,7.6,8.6,3.2,8.2,6.3,23.6,16.3,13.7,8.8,--,18.8
2010,SE,Total,Federal,--,--,--,--,--,71.2,86.4,91.3,87.7,--,84.4,84.4,70,84.4,89.6,96.4,--,82.7,--,--,--,--,--,28.8,13.6,8.7,12.3,--,15.6,15.6,26.3,13,10.1,3.6,--,15.3,--,--,--,--,--,0,0,0,0,--,0,0,3.7,2.6,0.3,0,--,2
2010,SE,Total,Municipal,94.1,65,70.7,74.7,77.6,54.6,64.7,72.2,75.7,75.2,63.7,71.1,91.5,92.6,97.7,--,--,94.3,3.4,31.2,26.2,22,18,35.2,26.1,18.4,14.2,21.4,26.5,23.2,5.6,1.9,1.2,--,--,2.8,2.5,3.8,3.1,3.3,4.4,10.2,9.2,9.4,10.1,3.4,9.8,5.7,2.9,5.5,1.1,--,--,2.9
2010,SE,Total,Particular,97.8,95.5,96.4,96.5,96.3,91.2,90.6,92,92,96.5,91.4,94.3,85.3,90.5,95.9,100,100,90.3,1.8,4.1,3.5,3.3,3.5,8.5,9,7.6,7.6,3.3,8.2,5.4,14,9,3.5,0,0,9.1,0.4,0.4,0.1,0.2,0.2,0.3,0.4,0.4,0.4,0.2,0.4,0.3,0.7,0.5,0.6,0,0,0.6
2010,SE,Total,Publico,94.6,66.4,72.3,75.8,78.9,54.8,64.5,70.7,74.8,76.4,63.8,70.8,56.9,70.5,78.1,89.7,--,66.7,2.9,30,24.7,20.9,16.9,35.4,27.5,20.8,15.9,20.2,27.1,23.3,20,13.6,8.6,3,--,15,2.5,3.6,3,3.3,4.2,9.8,8,8.5,9.3,3.4,9.1,5.9,23.1,15.9,13.3,7.3,--,18.3
2010,SE,Total,Total,95.2,70.7,75.7,78.8,81.5,58.8,68,74.1,78.1,79.5,67.7,74.3,60.6,73.8,81.6,89.8,100,70.4,2.7,26.2,21.7,18.4,14.9,32.4,25,18.7,14.3,17.6,24.5,20.7,19.2,12.8,7.6,3,0,14.1,2.1,3.1,2.6,2.8,3.6,8.8,7,7.2,7.6,2.9,7.8,5,20.2,13.4,10.8,7.2,0,15.5
2010,SE,Urbana,Estadual,96.5,71.8,77.4,79.3,82.1,54.6,63.6,68.7,73.6,80.4,63.5,69.8,56,69.8,77.4,87.8,--,65.8,0.8,25.2,19.9,17.6,13.8,35.9,29.5,23.5,17.8,16.4,28.2,23.8,20.4,13.9,8.8,3.1,--,15.4,2.7,3,2.7,3.1,4.1,9.5,6.9,7.8,8.6,3.2,8.3,6.4,23.6,16.3,13.8,9.1,--,18.8
2010,SE,Urbana,Federal,--,--,--,--,--,71.2,86.4,91.3,87.7,--,84.4,84.4,70.6,85.5,83.2,96.1,--,82.2,--,--,--,--,--,28.8,13.6,8.7,12.3,--,15.6,15.6,26.1,13.7,16.2,3.9,--,16.4,--,--,--,--,--,0,0,0,0,--,0,0,3.3,0.8,0.6,0,--,1.4
2010,SE,Urbana,Municipal,95.1,64.8,69.8,75.2,76.9,54,64.2,70.6,73,75.1,62.6,70.1,91.5,92.6,97.7,--,--,94.3,1.6,30.4,26.5,21.1,18,35.7,26.6,19.7,16.6,20.7,27.5,23.5,5.6,1.9,1.2,--,--,2.8,3.3,4.8,3.7,3.7,5.1,10.3,9.2,9.7,10.4,4.2,9.9,6.4,2.9,5.5,1.1,--,--,2.9
2010,SE,Urbana,Particular,97.8,95.7,96.4,96.5,96.5,91.5,90.6,92,92,96.6,91.5,94.4,85.3,90.5,95.9,100,100,90.3,1.7,3.9,3.5,3.3,3.3,8.2,9,7.6,7.6,3.2,8.1,5.3,14,9,3.5,0,0,9.1,0.5,0.4,0.1,0.2,0.2,0.3,0.4,0.4,0.4,0.2,0.4,0.3,0.7,0.5,0.6,0,0,0.6
2010,SE,Urbana,Publico,95.6,66.9,72.5,76.7,79,54.3,63.9,69.5,73.4,77,63.2,70,56.2,70.1,77.6,88.9,--,66.1,1.4,28.7,24.1,19.8,16.3,35.8,28.3,22,17.3,19.2,27.9,23.6,20.5,13.9,8.9,3.2,--,15.4,3,4.4,3.4,3.5,4.7,9.9,7.8,8.5,9.3,3.8,8.9,6.4,23.3,16,13.5,7.9,--,18.5
2010,SE,Urbana,Total,96.2,73.3,77.6,81,82.8,59.5,68.4,73.9,77.6,81.4,68.1,74.8,60.3,73.6,81.4,89,100,70.1,1.5,23.2,19.7,16.3,13.5,32,25.1,19.2,15.1,15.6,24.5,20,19.5,13,7.8,3.2,0,14.3,2.3,3.5,2.7,2.7,3.7,8.5,6.5,6.9,7.3,3,7.4,5.2,20.2,13.4,10.8,7.8,0,15.6
2010,BA,Rural,Estadual,62.1,54.5,52.1,59,66.2,69.8,74.6,77.7,81.9,58.6,75.6,72.7,70,80.5,87.6,97.3,--,78.4,27.3,28.2,35,24.9,23.2,20.8,18.1,13.5,11.5,27.8,16.3,18.2,11,7,4.2,1.4,--,7.8,10.6,17.3,12.9,16.1,10.6,9.4,7.3,8.8,6.6,13.6,8.1,9.1,19,12.5,8.2,1.3,--,13.8
2010,BA,Rural,Federal,--,--,--,--,--,--,--,--,--,--,--,--,71,91.3,86.7,--,66,79,--,--,--,--,--,--,--,--,--,--,--,--,24.3,7.7,12.7,--,31.4,18.3,--,--,--,--,--,--,--,--,--,--,--,--,4.7,1,0.6,--,2.6,2.7
2010,BA,Rural,Municipal,91.4,76.9,74.3,78.1,82.4,66.1,74.5,78.7,84.9,79.9,74.4,78.2,73.7,84.3,90.2,89.6,--,82,5.3,18,21.1,17,13,22.3,15.8,11.5,7.2,15.5,15.5,15.5,7.3,3,1.9,0.8,--,4.3,3.3,5.1,4.6,4.9,4.6,11.6,9.7,9.8,7.9,4.6,10.1,6.3,19,12.7,7.9,9.6,--,13.7
2010,BA,Rural,Particular,95.6,91.1,95.2,95.1,98.6,96.1,98.8,90.9,94.7,95.1,94.8,95,87.8,93.6,96.2,--,--,92.3,3.4,8.4,3.6,3.8,0.5,3.4,1.2,8.7,5.3,3.9,4.9,4.3,11,6,3.3,--,--,7,1,0.5,1.2,1.1,0.9,0.5,0,0.4,0,1,0.3,0.7,1.2,0.4,0.5,--,--,0.7
2010,BA,Rural,Publico,91.4,76.9,74.2,78,82.3,66.2,74.5,78.7,84.7,79.8,74.4,78.1,70.9,81.9,88.2,93.2,66,79.3,5.3,18,21.1,17,13,22.3,15.8,11.6,7.4,15.6,15.5,15.6,10.8,6.1,3.9,1.1,31.4,7.4,3.3,5.1,4.7,5,4.7,11.5,9.7,9.7,7.9,4.6,10.1,6.3,18.3,12,7.9,5.7,2.6,13.3
2010,BA,Rural,Total,91.4,76.9,74.3,78,82.3,66.2,74.5,78.7,84.8,79.8,74.5,78.1,71.3,82.2,88.4,93.2,66,79.6,5.3,18,21.1,17,13,22.2,15.8,11.6,7.3,15.5,15.5,15.5,10.8,6.1,3.9,1.1,31.4,7.4,3.3,5.1,4.6,5,4.7,11.6,9.7,9.7,7.9,4.7,10,6.4,17.9,11.7,7.7,5.7,2.6,13
2010,BA,Total,Estadual,86.8,65,69.6,73.5,76.4,59.8,67.5,70.6,74.3,73.3,67.4,67.9,61.7,73,79.7,87.4,67.3,70.3,7.1,24.4,23.3,19.7,16.5,28.5,22.6,20,17,19.3,22.5,22.2,17.5,11,8.3,6.1,3.4,12.9,6.1,10.6,7.1,6.8,7.1,11.7,9.9,9.4,8.7,7.4,10.1,9.9,20.8,16,12,6.5,29.3,16.8
2010,BA,Total,Federal,--,--,--,--,--,87.2,84.5,97.5,98.4,--,92.1,92.1,69,83.7,92.1,81.5,66,78.8,--,--,--,--,--,12.8,15.5,2.5,1.6,--,7.9,7.9,27.9,15.3,7.5,18.2,31.4,19.4,--,--,--,--,--,0,0,0,0,--,0,0,3.1,1,0.4,0.3,2.6,1.8
2010,BA,Total,Municipal,92.7,79.5,73.7,80.7,82.2,65.1,72,76.1,82,81,72.2,77.9,68.5,80.2,89.1,88.6,--,79,3.7,15.5,21.8,14.7,13.2,23.2,17.8,14.2,9.7,14.5,17.5,15.5,10.8,5.4,2.6,2.8,--,6.4,3.6,5,4.5,4.6,4.6,11.7,10.2,9.7,8.3,4.5,10.3,6.6,20.7,14.4,8.3,8.6,--,14.6
2010,BA,Total,Particular,96.8,97,97.6,97.5,97.5,92.9,92.6,92.9,92.9,97.3,92.8,95.6,88.1,92.7,96.7,99.3,97.7,92.2,2.5,2.6,2.1,2.3,2.3,6.4,6.9,6.6,6.6,2.4,6.6,4,10.8,6.7,2.8,0,2.3,7.1,0.7,0.4,0.3,0.2,0.2,0.7,0.5,0.5,0.5,0.3,0.6,0.4,1.1,0.6,0.5,0.7,0,0.7
2010,BA,Total,Publico,92.7,79.3,73.6,80.4,81.9,63.4,70.4,74.1,79,80.8,70.5,76.2,62,73.3,80,87.4,66.9,70.6,3.7,15.6,21.8,14.9,13.3,24.9,19.5,16.3,12.6,14.6,19.3,16.7,17.4,11,8.1,5.9,12.6,12.8,3.6,5.1,4.6,4.7,4.8,11.7,10.1,9.6,8.4,4.6,10.2,7.1,20.6,15.7,11.9,6.7,20.5,16.6
2010,BA,Total,Total,93.1,81,75.5,81.8,83.2,65.1,71.9,75.5,80.1,82.3,72,77.7,63.5,74.5,81.1,87.8,76.5,71.9,3.6,14.4,20.2,13.8,12.4,23.8,18.6,15.6,12.1,13.5,18.4,15.7,17.1,10.7,7.8,5.7,9.3,12.4,3.3,4.6,4.3,4.4,4.4,11.1,9.5,8.9,7.8,4.2,9.6,6.6,19.4,14.8,11.1,6.5,14.2,15.7
2010,BA,Urbana,Estadual,89.8,66,70.8,74.2,76.8,59.5,67.3,70.4,74.1,74.2,67.2,67.8,61.4,72.7,79.4,86.5,67.3,70,4.7,24,22.4,19.4,16.2,28.7,22.7,20.2,17.1,18.8,22.7,22.4,17.7,11.2,8.4,6.5,3.4,13.1,5.5,10,6.8,6.4,7,11.8,10,9.4,8.8,7,10.1,9.8,20.9,16.1,12.2,7,29.3,16.9
2010,BA,Urbana,Federal,--,--,--,--,--,87.2,84.5,97.5,98.4,--,92.1,92.1,68.4,80.8,93.2,81.5,--,78.8,--,--,--,--,--,12.8,15.5,2.5,1.6,--,7.9,7.9,29.1,18.2,6.5,18.2,--,19.8,--,--,--,--,--,0,0,0,0,--,0,0,2.5,1,0.3,0.3,--,1.4
2010,BA,Urbana,Municipal,93.7,81.5,73.3,82.6,82,64.5,70.6,74.7,80.3,81.8,71,77.7,63.1,75.6,88,88.4,--,76.3,2.6,13.5,22.3,12.9,13.3,23.7,18.9,15.6,11.2,13.7,18.6,15.5,14.4,8.2,3.2,3.3,--,8.4,3.7,5,4.4,4.5,4.7,11.8,10.5,9.7,8.5,4.5,10.4,6.8,22.5,16.2,8.8,8.3,--,15.3
2010,BA,Urbana,Particular,96.9,97,97.6,97.5,97.5,92.9,92.5,92.9,92.8,97.3,92.8,95.6,88.1,92.6,96.7,99.3,97.7,92.2,2.5,2.5,2.1,2.3,2.3,6.4,7,6.6,6.6,2.3,6.7,4,10.8,6.7,2.8,0,2.3,7.1,0.6,0.5,0.3,0.2,0.2,0.7,0.5,0.5,0.6,0.4,0.5,0.4,1.1,0.7,0.5,0.7,0,0.7
2010,BA,Urbana,Publico,93.6,81.2,73.2,82.1,81.6,62.5,69.1,72.7,77.2,81.5,69.3,75.2,61.5,72.8,79.6,86.6,67.3,70.1,2.6,13.7,22.3,13.3,13.5,25.8,20.6,17.8,14.2,13.9,20.4,17.3,17.8,11.2,8.4,6.5,3.4,13.1,3.8,5.1,4.5,4.6,4.9,11.7,10.3,9.5,8.6,4.6,10.3,7.5,20.7,16,12,6.9,29.3,16.8
2010,BA,Urbana,Total,94.2,83.6,76.3,84.2,83.7,64.8,71.1,74.6,78.7,83.7,71.3,77.5,63.1,74,80.8,87.1,79.6,71.5,2.6,12,19.7,11.8,12,24.3,19.5,16.7,13.4,12.3,19.2,15.8,17.4,10.9,8,6.3,2.9,12.7,3.2,4.4,4,4,4.3,10.9,9.4,8.7,7.9,4,9.5,6.7,19.5,15.1,11.2,6.6,17.5,15.8
2010,MG,Rural,Estadual,98.7,96.8,96.4,98.5,96.6,79.2,85.7,86.9,89.7,97.4,84.9,90.8,80,89.2,94.2,--,--,86.6,0.3,1.8,2.8,0.3,2.2,15.9,10.1,8,5.7,1.5,10.4,6.2,9.4,3.6,1.5,--,--,5.5,1,1.4,0.8,1.2,1.2,4.9,4.2,5.1,4.6,1.1,4.7,3,10.6,7.2,4.3,--,--,7.9
2010,MG,Rural,Federal,--,--,--,--,--,--,--,--,--,--,--,--,79.5,91.6,95.4,--,--,87.3,--,--,--,--,--,--,--,--,--,--,--,--,17.5,7.2,4.6,--,--,11,--,--,--,--,--,--,--,--,--,--,--,--,3,1.2,0,--,--,1.7
2010,MG,Rural,Municipal,96.6,89.6,87.4,93.9,92.5,78,84.6,87.4,90.5,91.8,84.7,90.2,72.5,84.9,92.5,--,--,82,2.2,9.5,11.5,5.2,6.5,17.3,11.3,7.8,5.7,7.2,11,8,18.8,4.4,2.6,--,--,9.8,1.2,0.9,1.1,0.9,1,4.7,4.1,4.8,3.8,1,4.3,1.8,8.7,10.7,4.9,--,--,8.2
2010,MG,Rural,Particular,100,95.1,98.1,100,100,83.1,90.8,98.8,97.1,98.6,91.2,93.5,95.1,97.2,98.2,--,--,96.5,0,4.9,1.9,0,0,13,4.9,0,1,1.4,5.8,4.4,3.2,1.2,0,--,--,1.8,0,0,0,0,0,3.9,4.3,1.2,1.9,0,3,2.1,1.7,1.6,1.8,--,--,1.7
2010,MG,Rural,Publico,96.9,90.5,88.6,94.6,93,78.5,85,87.2,90.2,92.5,84.7,90.3,79.6,89.4,94.3,--,--,86.5,2,8.5,10.4,4.5,5.9,16.7,10.8,7.9,5.7,6.4,10.7,7.6,11.3,4.2,2.1,--,--,6.6,1.1,1,1,0.9,1.1,4.8,4.2,4.9,4.1,1.1,4.6,2.1,9.1,6.4,3.6,--,--,6.9
2010,MG,Rural,Total,96.9,90.5,88.6,94.6,93,78.5,85,87.2,90.3,92.5,84.8,90.4,80.3,89.7,94.5,--,--,87,2,8.5,10.4,4.5,5.9,16.7,10.8,7.8,5.7,6.4,10.7,7.6,10.9,4.1,2,--,--,6.4,1.1,1,1,0.9,1.1,4.8,4.2,5,4,1.1,4.5,2,8.8,6.2,3.5,--,--,6.6
2010,MG,Total,Estadual,99.3,99.3,97.4,99,97.3,79.4,83,82.2,82,98.4,81.6,87.9,69,79.3,83.2,80.4,79.8,75.9,0,0.2,2.1,0.2,1.9,16.1,14,12.5,13.9,1,14.2,9.2,19,11.4,9.6,4.4,0.6,14.1,0.7,0.5,0.5,0.8,0.8,4.5,3,5.3,4.1,0.6,4.2,2.9,12,9.3,7.2,15.2,19.6,10
2010,MG,Total,Federal,99.6,97.4,97.5,98.8,99,91.8,86.9,92.7,84.2,98.4,88.7,92.5,79.1,89.6,95.3,41.6,--,85.3,0.4,2.6,2.5,1.2,1,8.2,13.1,7.3,15.4,1.6,11.2,7.5,19.6,9.9,4.5,57.9,--,13.9,0,0,0,0,0,0,0,0,0.4,0,0.1,0,1.3,0.5,0.2,0.5,--,0.8
2010,MG,Total,Municipal,97.5,92.1,87.3,94.2,93,80.1,82.7,85.8,85.4,92.6,83.2,90,66.5,79.1,85.3,100,--,77.1,1.9,7.3,12,5.1,6.2,16.7,14,10.8,11.1,6.7,13.4,8.6,25.3,14.4,9.9,0,--,16.4,0.6,0.6,0.7,0.7,0.8,3.2,3.3,3.4,3.5,0.7,3.4,1.4,8.2,6.5,4.8,0,--,6.5
2010,MG,Total,Particular,98.8,98.4,98.6,98.3,98.2,94.9,94.2,93.6,93.9,98.5,94.2,96.6,89,94,96,100,96.9,92.8,1,1.4,1.4,1.7,1.8,5,5.6,6.2,5.9,1.4,5.7,3.3,10.4,5.6,3.7,0,2.2,6.7,0.2,0.2,0,0,0,0.1,0.2,0.2,0.2,0.1,0.1,0.1,0.6,0.4,0.3,0,0.9,0.5
2010,MG,Total,Publico,98.1,94.4,90.7,96,94.6,79.7,82.9,83.2,83,94.6,82.1,88.9,69.1,79.4,83.5,77.8,79.8,76.1,1.3,5,8.6,3.3,4.6,16.3,14,12,13.1,4.7,13.9,8.9,19.1,11.5,9.5,8.3,0.6,14.1,0.6,0.6,0.7,0.7,0.8,4,3.1,4.8,3.9,0.7,4,2.2,11.8,9.1,7,13.9,19.6,9.8
2010,MG,Total,Total,98.1,94.8,91.4,96.2,94.9,80.9,83.9,84.1,84,95,83.1,89.6,70.9,81,85,78.6,81.9,77.8,1.3,4.6,8,3.1,4.3,15.4,13.2,11.5,12.4,4.4,13.2,8.4,18.3,10.8,8.8,8,0.8,13.4,0.6,0.6,0.6,0.7,0.8,3.7,2.9,4.4,3.6,0.6,3.7,2,10.8,8.2,6.2,13.4,17.3,8.8
2010,MG,Urbana,Estadual,99.3,99.4,97.5,99,97.4,79.5,82.8,82,81.7,98.4,81.4,87.7,68.8,79.1,83,80.4,79.8,75.7,0,0.1,2,0.2,1.9,16.1,14.2,12.7,14.2,0.9,14.3,9.4,19.2,11.6,9.7,4.4,0.6,14.3,0.7,0.5,0.5,0.8,0.7,4.4,3,5.3,4.1,0.7,4.3,2.9,12,9.3,7.3,15.2,19.6,10
2010,MG,Urbana,Federal,99.6,97.4,97.5,98.8,99,91.8,86.9,92.7,84.2,98.4,88.7,92.5,79.1,89.1,95.3,41.6,--,84.8,0.4,2.6,2.5,1.2,1,8.2,13.1,7.3,15.4,1.6,11.2,7.5,20.2,10.5,4.4,57.9,--,14.7,0,0,0,0,0,0,0,0,0.4,0,0.1,0,0.7,0.4,0.3,0.5,--,0.5
2010,MG,Urbana,Municipal,97.7,92.6,87.3,94.3,93.1,80.4,82.4,85.5,84.6,92.8,83,89.9,66.1,78.9,84.9,100,--,76.9,1.8,6.8,12.1,5.1,6.1,16.6,14.4,11.3,11.9,6.6,13.8,8.7,25.7,14.8,10.3,0,--,16.7,0.5,0.6,0.6,0.6,0.8,3,3.2,3.2,3.5,0.6,3.2,1.4,8.2,6.3,4.8,0,--,6.4
2010,MG,Urbana,Particular,98.8,98.4,98.6,98.3,98.2,94.9,94.3,93.6,93.9,98.5,94.2,96.6,88.9,93.9,96,100,96.9,92.8,1,1.4,1.4,1.7,1.8,5,5.6,6.3,5.9,1.4,5.7,3.3,10.5,5.6,3.7,0,2.2,6.8,0.2,0.2,0,0,0,0.1,0.1,0.1,0.2,0.1,0.1,0.1,0.6,0.5,0.3,0,0.9,0.4
2010,MG,Urbana,Publico,98.2,95.1,91.1,96.3,94.9,79.7,82.7,83,82.5,95,81.9,88.7,68.9,79.2,83.3,77.8,79.8,75.9,1.2,4.4,8.3,3.1,4.4,16.3,14.2,12.3,13.6,4.4,14.2,9.1,19.3,11.6,9.7,8.3,0.6,14.3,0.6,0.5,0.6,0.6,0.7,4,3.1,4.7,3.9,0.6,3.9,2.2,11.8,9.2,7,13.9,19.6,9.8
2010,MG,Urbana,Total,98.3,95.5,91.8,96.4,95.2,81,83.9,83.9,83.6,95.4,83,89.5,70.7,80.8,84.8,78.6,81.9,77.6,1.2,4.1,7.7,2.9,4.1,15.3,13.4,11.8,12.8,4.1,13.4,8.5,18.5,11,8.9,8,0.8,13.5,0.5,0.4,0.5,0.7,0.7,3.7,2.7,4.3,3.6,0.5,3.6,2,10.8,8.2,6.3,13.4,17.3,8.9
2010,ES,Rural,Estadual,97.4,97.8,88.1,94.2,97,91.6,91.6,93.4,96,94.7,93,94,84.7,86.9,96.1,--,--,88.6,1.4,1.4,10.6,4.5,2.5,5.8,5.5,4.7,2.9,4.3,4.8,4.5,5.8,5.4,0.6,--,--,4.2,1.2,0.8,1.3,1.3,0.5,2.6,2.9,1.9,1.1,1,2.2,1.5,9.5,7.7,3.3,--,--,7.2
2010,ES,Rural,Federal,--,--,--,--,--,--,--,--,--,--,--,--,79.9,82.3,79.6,--,--,80.6,--,--,--,--,--,--,--,--,--,--,--,--,13.6,17.7,20.4,--,--,16.4,--,--,--,--,--,--,--,--,--,--,--,--,6.5,0,0,--,--,3
2010,ES,Rural,Municipal,98.1,92.9,84.5,90.7,94,81.5,82.6,88.5,92.8,91.9,85.6,90,100,90,100,100,--,97.4,1.4,6.6,14.8,8.4,5.3,15.7,14.5,9.3,4.8,7.4,11.8,8.7,0,6.7,0,0,--,1.8,0.5,0.5,0.7,0.9,0.7,2.8,2.9,2.2,2.4,0.7,2.6,1.3,0,3.3,0,0,--,0.8
2010,ES,Rural,Particular,100,--,100,100,68,87.4,84.7,87.5,91.5,88.6,87.7,87.8,92.3,90.9,93.3,91.7,--,92.1,0,--,0,0,24,8.1,12,11.1,6.5,8.6,9.5,9.4,4.2,6.4,2.4,6.3,--,4.5,0,--,0,0,8,4.5,3.3,1.4,2,2.8,2.8,2.8,3.5,2.7,4.3,2,--,3.4
2010,ES,Rural,Publico,98,93.5,85,91.2,94.5,83.5,84.3,89.5,93.5,92.3,87.1,90.6,84.1,86.2,93.5,100,--,87.4,1.4,6,14.2,7.8,4.9,13.7,12.8,8.3,4.3,7,10.3,8.1,7.4,7.7,3.8,0,--,6.5,0.6,0.5,0.8,1,0.6,2.8,2.9,2.2,2.2,0.7,2.6,1.3,8.5,6.1,2.7,0,--,6.1
2010,ES,Rural,Total,98,93.5,85,91.2,94.4,83.7,84.3,89.4,93.4,92.3,87.2,90.6,85.6,86.9,93.5,93,--,88.2,1.4,6,14.2,7.8,4.9,13.5,12.8,8.5,4.4,7,10.3,8.1,6.8,7.5,3.5,5.3,--,6.1,0.6,0.5,0.8,1,0.7,2.8,2.9,2.1,2.2,0.7,2.5,1.3,7.6,5.6,3,1.7,--,5.7
2010,ES,Total,Estadual,98.1,97.5,86,92.2,94.4,79,81.2,82.3,85.1,93.1,81.8,86.1,68.4,78,87.2,87.2,--,76.4,0.8,1.3,12.6,6.7,4.6,17.4,15.3,14,11.2,5.8,14.6,11.3,21.3,14.1,6.9,12.8,--,15.2,1.1,1.2,1.4,1.1,1,3.6,3.5,3.7,3.7,1.1,3.6,2.6,10.3,7.9,5.9,0,--,8.4
2010,ES,Total,Federal,--,--,--,--,--,--,--,--,--,--,--,--,84.2,91.1,87.5,--,94.5,89.4,--,--,--,--,--,--,--,--,--,--,--,--,13.9,8.9,12.1,--,5,9.6,--,--,--,--,--,--,--,--,--,--,--,--,1.9,0,0.4,--,0.5,1
2010,ES,Total,Municipal,98.1,93.7,84.8,88.9,91.6,75.8,78.8,82.3,87.3,91.2,80.3,86.9,94.2,90,100,100,--,95,1,5.5,14.3,10.1,7.4,21,18.3,14.7,9.9,7.8,16.7,11.3,5.8,6.7,0,0,--,4.3,0.9,0.8,0.9,1,1,3.2,2.9,3,2.8,1,3,1.8,0,3.3,0,0,--,0.7
2010,ES,Total,Particular,99.2,99.3,99.1,98.9,99,95.5,94.4,94.8,94.7,99.1,94.9,97.1,90.9,94.2,99.1,91.7,96.9,94.5,0.7,0.6,0.9,1.1,1,4.3,5.4,5.1,5.1,0.8,5,2.8,8.7,5.5,0.6,6.3,3.1,5.1,0.1,0.1,0,0,0,0.2,0.2,0.1,0.2,0.1,0.1,0.1,0.4,0.3,0.3,2,0,0.4
2010,ES,Total,Publico,98.1,94.3,85,89.6,92.2,76.9,79.7,82.3,86.4,91.6,80.9,86.7,68.9,78.3,87.3,89.6,94.5,76.9,1,4.8,14,9.4,6.8,19.8,17.3,14.4,10.4,7.5,15.9,11.3,21.1,14,6.9,10.4,5,15,0.9,0.9,1,1,1,3.3,3,3.3,3.2,0.9,3.2,2,10,7.7,5.8,0,0.5,8.1
2010,ES,Total,Total,98.2,94.9,86.5,90.5,92.9,78.8,81.3,83.9,87.5,92.4,82.5,87.9,71.5,80.5,89.2,90.6,94.6,79.3,0.9,4.3,12.7,8.5,6.2,18.2,15.9,13.3,9.7,6.7,14.6,10.3,19.6,12.8,5.9,8.3,4.9,13.7,0.9,0.8,0.8,1,0.9,3,2.8,2.8,2.8,0.9,2.9,1.8,8.9,6.7,4.9,1.1,0.5,7
2010,ES,Urbana,Estadual,98.2,97.5,85.8,91.9,94.1,78.3,80.7,81.7,84.5,92.9,81.2,85.4,68,77.8,87,87.2,--,76.1,0.7,1.3,12.9,7,4.8,18,15.8,14.5,11.6,6,15.1,11.8,21.7,14.4,7,12.8,--,15.5,1.1,1.2,1.3,1.1,1.1,3.7,3.5,3.8,3.9,1.1,3.7,2.8,10.3,7.8,6,0,--,8.4
2010,ES,Urbana,Federal,--,--,--,--,--,--,--,--,--,--,--,--,85.5,95.4,99.1,--,94.5,91.5,--,--,--,--,--,--,--,--,--,--,--,--,14,4.6,0,--,5,8,--,--,--,--,--,--,--,--,--,--,--,--,0.5,0,0.9,--,0.5,0.5
2010,ES,Urbana,Municipal,98.1,93.9,84.8,88.6,91.1,75.1,78.4,81.5,86.6,91.1,79.7,86.4,85.2,--,--,--,--,85.2,0.9,5.3,14.2,10.4,7.9,21.6,18.8,15.4,10.6,7.9,17.3,11.7,14.8,--,--,--,--,14.8,1,0.8,1,1,1,3.3,2.8,3.1,2.8,1,3,1.9,0,--,--,--,--,0
2010,ES,Urbana,Particular,99.2,99.3,99.1,98.9,99.1,95.8,94.7,95,94.8,99.1,95.1,97.2,90.8,94.3,99.4,--,96.9,94.6,0.7,0.6,0.9,1.1,0.9,4.2,5.2,4.9,5.1,0.8,4.8,2.7,8.9,5.5,0.5,--,3.1,5.2,0.1,0.1,0,0,0,0,0.1,0.1,0.1,0.1,0.1,0.1,0.3,0.2,0.1,--,0,0.2
2010,ES,Urbana,Publico,98.1,94.5,85,89.3,91.8,76.2,79.2,81.6,85.7,91.4,80.2,86.1,68.4,78,87,87.2,94.5,76.5,0.9,4.6,14,9.7,7.2,20.4,17.7,15,11,7.6,16.5,11.8,21.5,14.2,7,12.8,5,15.3,1,0.9,1,1,1,3.4,3.1,3.4,3.3,1,3.3,2.1,10.1,7.8,6,0,0.5,8.2
2010,ES,Urbana,Total,98.3,95.1,86.7,90.4,92.7,78.4,81,83.4,87,92.4,82.1,87.5,71,80.3,89,87.2,94.6,79,0.8,4,12.4,8.7,6.4,18.6,16.2,13.7,10.1,6.7,15,10.6,20.1,13,6,12.8,4.9,14,0.9,0.9,0.9,0.9,0.9,3,2.8,2.9,2.9,0.9,2.9,1.9,8.9,6.7,5,0,0.5,7
2010,RJ,Rural,Estadual,--,95,74.4,95.4,72.8,69.2,71.3,73.8,77.9,80.7,72.7,73.8,60.3,73.6,84.4,94.4,80,70.5,--,3.6,22.6,3.9,22,24.6,23.7,20.6,15.9,16.1,21.6,20.8,20.9,11.5,5.8,2.6,0,14.1,--,1.4,3,0.7,5.2,6.2,5,5.6,6.2,3.2,5.7,5.4,18.8,14.9,9.8,3,20,15.4
2010,RJ,Rural,Federal,--,--,--,--,--,--,--,--,--,--,--,--,79.3,82.6,--,--,--,80.8,--,--,--,--,--,--,--,--,--,--,--,--,17.1,11.6,--,--,--,14.6,--,--,--,--,--,--,--,--,--,--,--,--,3.6,5.8,--,--,--,4.6
2010,RJ,Rural,Municipal,76.6,76.4,80.5,84.1,87.3,75.2,76.7,82.7,87.4,80.9,79.5,80.6,84.2,86.2,100,100,--,92.9,21.8,22.7,18.3,14.8,11.4,22.1,20.6,14.7,9.6,17.9,17.8,17.9,10.5,6.9,0,0,--,4,1.6,0.9,1.2,1.1,1.3,2.7,2.7,2.6,3,1.2,2.7,1.5,5.3,6.9,0,0,--,3.1
2010,RJ,Rural,Particular,92.5,96.6,94.3,97.4,97.4,92.7,93.1,90.7,93.1,95.7,92.3,94.5,92.9,96.6,98.8,--,--,95.9,6.9,3.2,5.7,2.4,2,6.9,6.6,9,5.8,4,7.2,5.1,7.1,3.4,1.2,--,--,4.1,0.6,0.2,0,0.2,0.6,0.4,0.3,0.3,1.1,0.3,0.5,0.4,0,0,0,--,--,0
2010,RJ,Rural,Publico,76.6,76.5,80.3,84.5,86.5,73.2,74.7,79.1,83.6,80.9,76.9,79.7,60.7,73.9,84.6,94.8,80,70.9,21.8,22.5,18.4,14.4,12,22.9,21.8,17,12.1,17.9,19.2,18.3,20.8,11.5,5.7,2.4,0,14,1.6,1,1.3,1.1,1.5,3.9,3.5,3.9,4.3,1.2,3.9,2,18.5,14.6,9.7,2.8,20,15.1
2010,RJ,Rural,Total,77.1,77.1,80.7,84.9,86.8,74,75.3,79.6,83.9,81.3,77.5,80.1,61.9,75.3,85.5,94.8,80,72.1,21.3,21.9,18.1,14.1,11.7,22.3,21.3,16.7,11.9,17.5,18.7,17.9,20.3,11,5.4,2.4,0,13.5,1.6,1,1.2,1,1.5,3.7,3.4,3.7,4.2,1.2,3.8,2,17.8,13.7,9.1,2.8,20,14.4
2010,RJ,Total,Estadual,88.2,90.7,69.3,91.4,76,65.4,68.4,70.5,72.3,80.4,69,70.9,53.9,66.2,77,93.3,80.1,63.8,6.2,6.5,28,5.8,20.6,27.2,25.2,22.3,19.6,16.4,23.8,22.5,28.1,18.7,11.1,3.7,3.4,20.7,5.6,2.8,2.7,2.8,3.4,7.4,6.4,7.2,8.1,3.2,7.2,6.6,18,15.1,11.9,3,16.5,15.5
2010,RJ,Total,Federal,93.4,92.1,95.1,94.8,94.6,86.2,84.7,81.4,85.9,94.1,84.6,88,81,87.5,94.5,--,87.2,87,6.6,7.9,4.9,5.2,5.3,13.8,15.2,18.5,14.1,5.9,15.3,12,17.6,11.5,4.3,--,12,11.8,0,0,0,0,0.1,0,0.1,0.1,0,0,0.1,0,1.4,1,1.2,--,0.8,1.2
2010,RJ,Total,Municipal,87.2,85.4,78.9,84.6,88.4,73.1,76.8,80.6,84.8,84.9,77.9,82.4,63.9,78.8,91.7,93,--,76.8,10.9,13.3,19.7,14,10.1,23.5,20.8,16.4,12.5,13.7,19.2,15.6,26.3,14,6,4.7,--,16.5,1.9,1.3,1.4,1.4,1.5,3.4,2.4,3,2.7,1.4,2.9,2,9.8,7.2,2.3,2.3,--,6.7
2010,RJ,Total,Particular,94.2,97.2,97.4,97.1,96.8,92.9,91.7,91.7,91.4,96.5,92,94.5,83.9,90,95.4,95.4,94.7,89.4,5.2,2.5,2.4,2.8,3,6.8,8,8.1,8.3,3.2,7.8,5.2,15.4,9.5,4.1,4.6,4.3,10,0.6,0.3,0.2,0.1,0.2,0.3,0.3,0.2,0.3,0.3,0.2,0.3,0.7,0.5,0.5,0,1,0.6
2010,RJ,Total,Publico,87.2,85.7,78.2,85.2,87,70.3,73.5,76.4,79,84.6,74.3,79.8,54.6,67,77.7,93.3,82.2,64.7,10.8,13,20.4,13.3,11.3,24.8,22.5,18.9,15.8,13.9,21,17.2,27.9,18.4,10.8,3.7,6,20.4,2,1.3,1.4,1.5,1.7,4.9,4,4.7,5.2,1.5,4.7,3,17.5,14.6,11.5,3,11.8,14.9
2010,RJ,Total,Total,88.6,87.8,81.5,87.3,88.8,73.9,76.6,79.2,81.4,86.8,77.4,82.4,58.4,70.6,80.8,93.3,84.8,68.3,9.6,11,17.3,11.4,9.8,22,20.1,16.9,14.4,11.9,18.7,15,26.3,17,9.6,3.7,5.7,18.9,1.8,1.2,1.2,1.3,1.4,4.1,3.3,3.9,4.2,1.3,3.9,2.6,15.3,12.4,9.6,3,9.5,12.8
2010,RJ,Urbana,Estadual,88.2,90.6,69.1,91.3,76.1,65.2,68.2,70.4,72.1,80.4,68.8,70.8,53.8,66,76.8,93.2,80.1,63.6,6.2,6.5,28.1,5.9,20.6,27.3,25.2,22.4,19.8,16.4,23.9,22.6,28.3,18.9,11.2,3.7,3.5,20.9,5.6,2.9,2.8,2.8,3.3,7.5,6.6,7.2,8.1,3.2,7.3,6.6,17.9,15.1,12,3.1,16.4,15.5
2010,RJ,Urbana,Federal,93.4,92.1,95.1,94.8,94.6,86.2,84.7,81.4,85.9,94.1,84.6,88,81,87.6,94.5,--,87.2,87.1,6.6,7.9,4.9,5.2,5.3,13.8,15.2,18.5,14.1,5.9,15.3,12,17.6,11.4,4.3,--,12,11.8,0,0,0,0,0.1,0,0.1,0.1,0,0,0.1,0,1.4,1,1.2,--,0.8,1.1
2010,RJ,Urbana,Municipal,88.4,86.5,78.8,84.7,88.5,73,76.8,80.5,84.6,85.3,77.8,82.6,63.8,78.7,91.6,91.9,--,76.5,9.7,12.2,19.9,14,10,23.6,20.8,16.4,12.6,13.3,19.2,15.4,26.4,14.1,6.1,5.4,--,16.6,1.9,1.3,1.3,1.3,1.5,3.4,2.4,3.1,2.8,1.4,3,2,9.8,7.2,2.3,2.7,--,6.9
2010,RJ,Urbana,Particular,94.2,97.2,97.4,97,96.8,92.9,91.7,91.7,91.3,96.5,92,94.5,83.9,89.9,95.4,95.4,94.7,89.3,5.2,2.5,2.4,2.8,3,6.8,8,8,8.4,3.2,7.8,5.2,15.4,9.5,4.1,4.6,4.3,10.1,0.6,0.3,0.2,0.2,0.2,0.3,0.3,0.3,0.3,0.3,0.2,0.3,0.7,0.6,0.5,0,1,0.6
2010,RJ,Urbana,Publico,88.4,86.7,78,85.3,87,70.2,73.4,76.3,78.7,84.9,74.2,79.8,54.5,66.8,77.6,93.2,82.3,64.5,9.6,11.9,20.5,13.2,11.3,24.9,22.6,18.9,16,13.5,21.1,17.1,28,18.6,10.9,3.8,6.1,20.6,2,1.4,1.5,1.5,1.7,4.9,4,4.8,5.3,1.6,4.7,3.1,17.5,14.6,11.5,3,11.6,14.9
2010,RJ,Urbana,Total,89.7,88.8,81.5,87.5,88.9,73.9,76.6,79.2,81.3,87.2,77.4,82.6,58.3,70.5,80.7,93.2,84.9,68.2,8.6,10,17.2,11.2,9.7,22,20,16.9,14.5,11.5,18.7,14.9,26.4,17.1,9.7,3.8,5.8,19,1.7,1.2,1.3,1.3,1.4,4.1,3.4,3.9,4.2,1.3,3.9,2.5,15.3,12.4,9.6,3,9.3,12.8
2010,SP,Rural,Estadual,98.1,99,99,99.1,92,96.5,96.5,95.9,90.8,96.7,95,95.4,84.2,88.4,92.4,--,--,87.8,0.7,0.6,0.7,0.6,7.4,2.4,2.2,2.4,6.9,2.8,3.4,3.3,11.5,8,5.2,--,--,8.6,1.2,0.4,0.3,0.3,0.6,1.1,1.3,1.7,2.3,0.5,1.6,1.3,4.3,3.6,2.4,--,--,3.6
2010,SP,Rural,Municipal,98.1,93.5,88.6,95,92.7,90.6,90.3,91.9,93.9,93.3,91.6,93,73.1,75.3,93.9,--,--,78,1.4,6.1,11.2,4.7,6.9,8.7,8.7,7,4.8,6.3,7.5,6.5,17.2,17.1,4.1,--,--,14.5,0.5,0.4,0.2,0.3,0.4,0.7,1,1.1,1.3,0.4,0.9,0.5,9.7,7.6,2,--,--,7.5
2010,SP,Rural,Particular,99.3,95.1,95.9,94,93.3,90.4,91.4,96.6,96.7,95.2,93.5,94.5,93.6,94.7,96.3,--,--,94.8,0.7,4.9,4.1,5.3,6.3,9.6,7.4,3.1,3.3,4.5,6.1,5.2,6,5.3,3.3,--,--,4.9,0,0,0,0.7,0.4,0,1.2,0.3,0,0.3,0.4,0.3,0.4,0,0.4,--,--,0.3
2010,SP,Rural,Publico,98.1,94.1,90.2,95.7,92.6,94.6,94.5,94.7,91.7,93.8,93.9,93.9,83.8,88.2,92.4,--,--,87.6,1.4,5.5,9.6,4,7,4.4,4.3,3.9,6.3,5.8,4.7,5.4,11.7,8.1,5.2,--,--,8.7,0.5,0.4,0.2,0.3,0.4,1,1.2,1.4,2,0.4,1.4,0.7,4.5,3.7,2.4,--,--,3.7
2010,SP,Rural,Total,98.1,94.1,90.3,95.6,92.6,94.4,94.4,94.7,91.9,93.9,93.9,93.9,84.1,88.4,92.5,--,--,87.9,1.3,5.4,9.5,4,7,4.6,4.4,3.8,6.2,5.7,4.7,5.4,11.5,8,5.1,--,--,8.6,0.6,0.5,0.2,0.4,0.4,1,1.2,1.5,1.9,0.4,1.4,0.7,4.4,3.6,2.4,--,--,3.5
2010,SP,Total,Estadual,98.4,98.3,98.9,98.7,94.4,95.4,94.5,92.9,84.9,97.4,91.9,93.5,75.2,82,88.4,98.2,--,80.9,0.9,1.1,0.9,1,5.2,3.4,4.1,5.2,12.2,2.2,6.3,5.1,18.8,12.9,7.6,0,--,13.9,0.7,0.6,0.2,0.3,0.4,1.2,1.4,1.9,2.9,0.4,1.8,1.4,6,5.1,4,1.8,--,5.2
2010,SP,Total,Federal,100,93.9,90.9,95.7,100,--,--,--,--,96.1,--,96.1,74.9,85.2,100,--,--,92.8,0,6.1,9.1,4.3,0,--,--,--,--,3.9,--,3.9,22.3,14.8,0,--,--,6.7,0,0,0,0,0,--,--,--,--,0,--,0,2.8,0,0,--,--,0.5
2010,SP,Total,Municipal,98.6,94.9,91.8,96.7,93.1,92.6,90.5,92.1,90,94.9,91.3,94,81.8,89,93.7,92.5,--,87.7,1,4.9,8,3.1,6.6,6.4,8.3,6.5,8.3,4.8,7.4,5.5,15.2,8.7,4.6,5.6,--,9.9,0.4,0.2,0.2,0.2,0.3,1,1.2,1.4,1.7,0.3,1.3,0.5,3,2.3,1.7,1.9,--,2.4
2010,SP,Total,Particular,98.9,98.3,98.2,98.8,98.3,96.2,95.5,95.8,96.5,98.5,96,97.3,92.3,96,98.5,92.8,--,95.4,1,1.7,1.8,1.2,1.7,3.8,4.4,4.2,3.5,1.5,4,2.7,7.5,3.9,1.4,7,--,4.5,0.1,0,0,0,0,0,0.1,0,0,0,0,0,0.2,0.1,0.1,0.2,--,0.1
2010,SP,Total,Publico,98.6,95.8,94,97.3,93.6,94.7,93.4,92.7,86,95.7,91.7,93.7,75.3,82.1,88.5,94.9,--,81,1,3.9,5.8,2.4,6.1,4.2,5.2,5.5,11.3,4,6.5,5.3,18.7,12.8,7.5,3.3,--,13.9,0.4,0.3,0.2,0.3,0.3,1.1,1.4,1.8,2.7,0.3,1.8,1,6,5.1,4,1.8,--,5.1
2010,SP,Total,Total,98.6,96.3,94.7,97.6,94.2,94.9,93.7,93.2,87.5,96.1,92.4,94.3,77.3,84,90,93.6,--,82.9,1,3.5,5.2,2.2,5.5,4.1,5.1,5.3,10.2,3.6,6.2,4.9,17.4,11.6,6.6,5.6,--,12.6,0.4,0.2,0.1,0.2,0.3,1,1.2,1.5,2.3,0.3,1.4,0.8,5.3,4.4,3.4,0.8,--,4.5
2010,SP,Urbana,Estadual,98.5,98.3,98.9,98.7,94.5,95.3,94.4,92.9,84.8,97.4,91.8,93.4,75.1,81.9,88.4,98.2,--,80.8,0.9,1.2,0.9,1,5.2,3.4,4.1,5.3,12.3,2.2,6.3,5.1,18.9,13,7.6,0,--,14,0.6,0.5,0.2,0.3,0.3,1.3,1.5,1.8,2.9,0.4,1.9,1.5,6,5.1,4,1.8,--,5.2
2010,SP,Urbana,Federal,100,93.9,90.9,95.7,100,--,--,--,--,96.1,--,96.1,74.9,85.2,100,--,--,92.8,0,6.1,9.1,4.3,0,--,--,--,--,3.9,--,3.9,22.3,14.8,0,--,--,6.7,0,0,0,0,0,--,--,--,--,0,--,0,2.8,0,0,--,--,0.5
2010,SP,Urbana,Municipal,98.6,94.9,91.9,96.7,93.1,92.7,90.5,92.1,89.9,95,91.3,94,82.1,89.3,93.7,92.5,--,87.9,1,4.9,7.9,3,6.6,6.4,8.3,6.5,8.4,4.8,7.4,5.4,15.1,8.5,4.6,5.6,--,9.8,0.4,0.2,0.2,0.3,0.3,0.9,1.2,1.4,1.7,0.2,1.3,0.6,2.8,2.2,1.7,1.9,--,2.3
2010,SP,Urbana,Particular,98.9,98.3,98.2,98.9,98.3,96.2,95.5,95.8,96.5,98.5,96,97.4,92.3,96,98.5,92.8,--,95.4,1,1.7,1.8,1.1,1.7,3.8,4.5,4.2,3.5,1.5,4,2.6,7.5,3.9,1.4,7,--,4.5,0.1,0,0,0,0,0,0,0,0,0,0,0,0.2,0.1,0.1,0.2,--,0.1
2010,SP,Urbana,Publico,98.6,95.8,94.1,97.4,93.6,94.7,93.4,92.7,85.9,95.7,91.7,93.7,75.1,82,88.5,94.9,--,80.9,1,3.9,5.7,2.4,6.1,4.2,5.3,5.6,11.4,4,6.6,5.3,18.8,12.9,7.6,3.3,--,13.9,0.4,0.3,0.2,0.2,0.3,1.1,1.3,1.7,2.7,0.3,1.7,1,6.1,5.1,3.9,1.8,--,5.2
2010,SP,Urbana,Total,98.7,96.4,94.8,97.6,94.3,94.9,93.7,93.2,87.5,96.2,92.4,94.3,77.3,83.9,90,93.6,--,82.9,1,3.4,5,2.2,5.5,4.1,5.1,5.3,10.3,3.6,6.2,4.9,17.4,11.6,6.6,5.6,--,12.6,0.3,0.2,0.2,0.2,0.2,1,1.2,1.5,2.2,0.2,1.4,0.8,5.3,4.5,3.4,0.8,--,4.5
2010,PR,Rural,Estadual,87.5,83.9,82.9,84.4,84.2,87.3,87.9,88.5,91.6,84.4,88.7,88.5,83.8,89,94.5,100,--,88.2,6.8,13.2,15.7,12.5,13.3,9.8,9.4,8,5.3,12.7,8.2,8.5,9.3,5.4,2.7,0,--,6.4,5.7,2.9,1.4,3.1,2.5,2.9,2.7,3.5,3.1,2.9,3.1,3,6.9,5.6,2.8,0,--,5.4
2010,PR,Rural,Municipal,97.2,90,89.4,92.7,95.2,82.6,78.7,84.7,93.2,92.8,84.4,92.6,--,--,--,--,--,--,2.3,9.7,10.3,6.9,4.3,16.4,20,13.4,5.7,6.8,14.3,7,--,--,--,--,--,--,0.5,0.3,0.3,0.4,0.5,1,1.3,1.9,1.1,0.4,1.3,0.4,--,--,--,--,--,--
2010,PR,Rural,Particular,97.6,82.1,90,97,92.9,94.9,94.5,95.7,89.2,91.8,93.2,92.4,87.9,98.1,94.1,--,--,93.5,1.2,17.9,10,3,7.1,5.1,5.5,4.3,10.8,8,6.8,7.5,12.1,1.9,5.9,--,--,6.5,1.2,0,0,0,0,0,0,0,0,0.2,0,0.1,0,0,0,--,--,0
2010,PR,Rural,Publico,96.9,89.8,89.2,92.4,94.8,87.1,87.4,88.3,91.7,92.5,88.5,90.9,83.8,89,94.5,100,--,88.2,2.4,9.8,10.5,7.1,4.7,10.1,9.9,8.2,5.3,7,8.5,7.6,9.3,5.4,2.7,0,--,6.4,0.7,0.4,0.3,0.5,0.5,2.8,2.7,3.5,3,0.5,3,1.5,6.9,5.6,2.8,0,--,5.4
2010,PR,Rural,Total,97,89.8,89.2,92.4,94.8,87.1,87.5,88.4,91.7,92.5,88.5,90.9,83.9,89.3,94.4,100,--,88.4,2.4,9.9,10.5,7.1,4.7,10.1,9.9,8.2,5.3,7,8.5,7.6,9.4,5.3,2.9,0,--,6.4,0.6,0.3,0.3,0.5,0.5,2.8,2.6,3.4,3,0.5,3,1.5,6.7,5.4,2.7,0,--,5.2
2010,PR,Total,Estadual,87.5,85.5,93.2,96.1,89.3,82.7,81.5,81.2,83.5,91.6,82.2,82.4,73.9,80.9,86.5,93,--,79.7,6.8,11.9,6.1,3.2,10.1,13.9,14.5,14.1,11.3,7.6,13.5,13.4,17.2,11.7,7.5,3.6,--,12.7,5.7,2.6,0.7,0.7,0.6,3.4,4,4.7,5.2,0.8,4.3,4.2,8.9,7.4,6,3.4,--,7.6
2010,PR,Total,Federal,--,--,--,--,--,93.6,93.9,94,97.9,--,95.1,95.1,86.8,91,91.3,88.6,99.1,92.4,--,--,--,--,--,6.4,6.1,6,2.1,--,4.9,4.9,11,7.7,3.6,10.8,0,5.6,--,--,--,--,--,0,0,0,0,--,0,0,2.2,1.3,5.1,0.6,0.9,2
2010,PR,Total,Municipal,97.8,90.2,89.3,93.7,96,79.9,79.2,82.1,88.1,93.4,81.9,93.1,--,--,--,--,--,--,1.9,9.6,10.5,6,3.7,17.8,17.9,14.4,9,6.3,15.2,6.6,--,--,--,--,--,--,0.3,0.2,0.2,0.3,0.3,2.3,2.9,3.5,2.9,0.3,2.9,0.3,--,--,--,--,--,--
2010,PR,Total,Particular,99,97.5,98.5,98.9,98.9,96.9,96,95.6,96.3,98.5,96.2,97.5,92.5,96.4,98.5,100,93.1,95.6,0.9,2.4,1.5,1.1,1.1,3,3.8,4.3,3.5,1.4,3.7,2.4,7.1,3.4,1.2,0,6.2,4.1,0.1,0.1,0,0,0,0.1,0.2,0.1,0.2,0.1,0.1,0.1,0.4,0.2,0.3,0,0.7,0.3
2010,PR,Total,Publico,97.8,90.2,89.3,93.8,95.8,82.7,81.4,81.3,83.6,93.4,82.2,87.8,74,81,86.5,92.8,99.1,79.8,1.9,9.6,10.4,5.9,3.9,14,14.6,14.1,11.2,6.4,13.5,9.9,17.2,11.7,7.5,3.9,0,12.6,0.3,0.2,0.3,0.3,0.3,3.3,4,4.6,5.2,0.2,4.3,2.3,8.8,7.3,6,3.3,0.9,7.6
2010,PR,Total,Total,97.9,91,90.4,94.3,96.1,84,82.7,82.6,84.9,94,83.5,88.8,76,82.8,88.1,92.9,98,81.6,1.8,8.8,9.4,5.4,3.6,13,13.7,13.2,10.5,5.8,12.6,9.2,16.1,10.7,6.7,3.9,1.2,11.7,0.3,0.2,0.2,0.3,0.3,3,3.6,4.2,4.6,0.2,3.9,2,7.9,6.5,5.2,3.2,0.8,6.7
2010,PR,Urbana,Estadual,--,100,96.8,98.3,89.9,82.4,81,80.7,82.9,93.4,81.7,81.9,73.4,80.5,86.1,93,--,79.3,--,0,2.8,1.5,9.8,14.2,14.9,14.6,11.7,6.2,13.9,13.8,17.6,12,7.7,3.6,--,13,--,0,0.4,0.2,0.3,3.4,4.1,4.7,5.4,0.4,4.4,4.3,9,7.5,6.2,3.4,--,7.7
2010,PR,Urbana,Federal,--,--,--,--,--,93.6,93.9,94,97.9,--,95.1,95.1,86.8,91,91.3,88.6,99.1,92.4,--,--,--,--,--,6.4,6.1,6,2.1,--,4.9,4.9,11,7.7,3.6,10.8,0,5.6,--,--,--,--,--,0,0,0,0,--,0,0,2.2,1.3,5.1,0.6,0.9,2
2010,PR,Urbana,Municipal,97.9,90.2,89.3,93.8,96.1,79.5,79.3,81.7,87.3,93.5,81.5,93.2,--,--,--,--,--,--,1.9,9.6,10.5,5.9,3.6,18,17.6,14.5,9.5,6.3,15.4,6.5,--,--,--,--,--,--,0.2,0.2,0.2,0.3,0.3,2.5,3.1,3.8,3.2,0.2,3.1,0.3,--,--,--,--,--,--
2010,PR,Urbana,Particular,99,97.6,98.5,98.9,98.9,96.9,96,95.6,96.3,98.6,96.2,97.5,92.5,96.4,98.6,100,93.1,95.6,0.9,2.3,1.5,1.1,1.1,3,3.8,4.3,3.5,1.4,3.6,2.4,7,3.4,1.2,0,6.2,4.1,0.1,0.1,0,0,0,0.1,0.2,0.1,0.2,0,0.2,0.1,0.5,0.2,0.2,0,0.7,0.3
2010,PR,Urbana,Publico,97.9,90.2,89.4,93.9,95.9,82.3,81,80.7,83,93.5,81.7,87.5,73.5,80.6,86.2,92.8,99.1,79.4,1.9,9.6,10.4,5.8,3.8,14.3,15,14.6,11.7,6.3,13.9,10.2,17.6,12,7.7,3.9,0,12.9,0.2,0.2,0.2,0.3,0.3,3.4,4,4.7,5.3,0.2,4.4,2.3,8.9,7.4,6.1,3.3,0.9,7.7
2010,PR,Urbana,Total,98,91.2,90.5,94.5,96.2,83.7,82.4,82.2,84.4,94.1,83.1,88.6,75.6,82.5,87.8,92.9,98,81.4,1.7,8.7,9.3,5.2,3.5,13.2,13.9,13.6,10.8,5.7,12.9,9.3,16.4,11,6.8,3.9,1.2,11.9,0.3,0.1,0.2,0.3,0.3,3.1,3.7,4.2,4.8,0.2,4,2.1,8,6.5,5.4,3.2,0.8,6.7
2010,SC,Rural,Estadual,99.2,99.6,91.6,99.3,99.7,97.9,88.3,90.3,92.1,97.4,92.5,94.3,82.9,92.1,95.9,--,--,89.1,0.4,0.3,8.1,0.3,0.3,1,9.7,7.8,5.4,2.3,5.7,4.4,8.9,4,1.8,--,--,5.5,0.4,0.1,0.3,0.4,0,1.1,2,1.9,2.5,0.3,1.8,1.3,8.2,3.9,2.3,--,--,5.4
2010,SC,Rural,Federal,--,--,--,--,--,--,--,--,--,--,--,--,91.3,89.7,95.2,79.3,--,89.9,--,--,--,--,--,--,--,--,--,--,--,--,7.5,8.6,4.8,20.7,--,9.2,--,--,--,--,--,--,--,--,--,--,--,--,1.2,1.7,0,0,--,0.9
2010,SC,Rural,Municipal,99.4,95.7,92.9,97.3,96.8,94.9,91.2,93.1,95.8,96.4,93.7,95.5,91.3,95.6,95.8,--,--,93.7,0.5,4.2,7.1,2.5,2.9,4.6,7.6,5.6,3,3.5,5.2,4,1.4,0,0,--,--,0.7,0.1,0.1,0,0.2,0.3,0.5,1.2,1.3,1.2,0.1,1.1,0.5,7.3,4.4,4.2,--,--,5.6
2010,SC,Rural,Particular,--,100,100,--,100,--,--,--,--,100,--,100,100,--,--,--,--,100,--,0,0,--,0,--,--,--,--,0,--,0,0,--,--,--,--,0,--,0,0,--,0,--,--,--,--,0,--,0,0,--,--,--,--,0
2010,SC,Rural,Publico,99.3,96.6,92.5,97.9,97,96.5,89.6,91.6,93.8,96.6,93.1,95.1,84.1,92,95.8,79.3,--,89.4,0.5,3.3,7.4,1.9,2.7,2.7,8.7,6.8,4.3,3.2,5.5,4.2,8.4,4.3,2.1,20.7,--,5.8,0.2,0.1,0.1,0.2,0.3,0.8,1.7,1.6,1.9,0.2,1.4,0.7,7.5,3.7,2.1,0,--,4.8
2010,SC,Rural,Total,99.3,96.6,92.5,97.9,97,96.5,89.6,91.6,93.8,96.6,93.1,95.1,84.2,92,95.8,79.3,--,89.4,0.5,3.3,7.4,1.9,2.7,2.7,8.7,6.8,4.3,3.2,5.5,4.2,8.4,4.3,2.1,20.7,--,5.8,0.2,0.1,0.1,0.2,0.3,0.8,1.7,1.6,1.9,0.2,1.4,0.7,7.4,3.7,2.1,0,--,4.8
2010,SC,Total,Estadual,99.3,99.4,90,99.3,98.7,97.6,84.4,86.1,88.3,96.8,89.6,92.2,72.7,83,89,87.1,69.9,80.4,0.4,0.5,9.8,0.5,0.9,0.9,13.8,12,9.6,2.9,8.6,6.6,16.7,10.3,4.9,5.9,2.4,11.4,0.3,0.1,0.2,0.2,0.4,1.5,1.8,1.9,2.1,0.3,1.8,1.2,10.6,6.7,6.1,7,27.7,8.2
2010,SC,Total,Federal,100,95.9,95.9,94.4,91.9,94.6,93.5,98.7,94.8,95.5,95.4,95.4,86.4,92.4,95.7,79.3,89.5,90,0,4.1,4.1,5.6,8.1,5.4,6.5,1.3,5.2,4.5,4.6,4.6,12.2,6.9,3,20.7,8.7,8.8,0,0,0,0,0,0,0,0,0,0,0,0,1.4,0.7,1.3,0,1.8,1.2
2010,SC,Total,Municipal,99.4,93.3,93,95.3,94.8,89.8,87.7,89.7,94.2,95.1,90.1,93.1,90,92.1,94.5,--,--,92,0.5,6.5,6.9,4.4,4.9,9.1,11.2,9.1,4.7,4.7,8.8,6.3,5.7,4.1,2.8,--,--,4.3,0.1,0.2,0.1,0.3,0.3,1.1,1.1,1.2,1.1,0.2,1.1,0.6,4.3,3.8,2.7,--,--,3.7
2010,SC,Total,Particular,99.1,98.6,98.9,99.2,98.7,97.8,97,96.6,96.5,98.9,97,98,93.1,96.6,97.9,--,91.9,95.6,0.7,1.3,1.1,0.8,1.2,2.1,3,3.3,3.3,1,2.9,1.9,6.5,3.2,1.8,--,8.1,4.2,0.2,0.1,0,0,0.1,0.1,0,0.1,0.2,0.1,0.1,0.1,0.4,0.2,0.3,--,0,0.2
2010,SC,Total,Publico,99.3,95.5,91.7,97.1,95.1,94.4,85.8,87.6,90.6,95.7,89.8,92.7,72.9,83.1,89.1,86.7,86.2,80.6,0.5,4.4,8,2.6,4.6,4.3,12.7,10.8,7.7,4,8.7,6.5,16.5,10.3,4.9,6.6,7.6,11.3,0.2,0.1,0.3,0.3,0.3,1.3,1.5,1.6,1.7,0.3,1.5,0.8,10.6,6.6,6,6.7,6.2,8.1
2010,SC,Total,Total,99.3,95.8,92.3,97.3,95.7,94.6,86.6,88.3,91.1,96,90.4,93.1,75.1,84.9,90.4,86.7,89.7,82.5,0.5,4.1,7.5,2.5,4,4.1,12,10.2,7.3,3.8,8.2,6.1,15.5,9.4,4.4,6.6,7.9,10.4,0.2,0.1,0.2,0.2,0.3,1.3,1.4,1.5,1.6,0.2,1.4,0.8,9.4,5.7,5.2,6.7,2.4,7.1
2010,SC,Urbana,Estadual,99.4,99.4,89.8,99.3,98.5,97.6,84.1,85.8,88,96.8,89.4,92,72.4,82.7,88.8,87.1,69.9,80.1,0.4,0.5,9.9,0.5,1,0.9,14.1,12.4,9.9,3,8.8,6.8,16.9,10.6,5,5.9,2.4,11.6,0.2,0.1,0.3,0.2,0.5,1.5,1.8,1.8,2.1,0.2,1.8,1.2,10.7,6.7,6.2,7,27.7,8.3
2010,SC,Urbana,Federal,100,95.9,95.9,94.4,91.9,94.6,93.5,98.7,94.8,95.5,95.4,95.4,84.3,93.5,96,--,89.5,90,0,4.1,4.1,5.6,8.1,5.4,6.5,1.3,5.2,4.5,4.6,4.6,14.3,6.1,2.1,--,8.7,8.6,0,0,0,0,0,0,0,0,0,0,0,0,1.4,0.4,1.9,--,1.8,1.4
2010,SC,Urbana,Municipal,99.3,92.9,93,94.9,94.6,89.3,87.3,89.4,94,94.9,89.7,92.8,89.5,91,94.2,--,--,91.5,0.5,7,6.9,4.8,5.1,9.6,11.5,9.5,4.9,4.9,9.1,6.7,7.5,5.4,3.4,--,--,5.5,0.2,0.1,0.1,0.3,0.3,1.1,1.2,1.1,1.1,0.2,1.2,0.5,3,3.6,2.4,--,--,3
2010,SC,Urbana,Particular,99.1,98.6,98.9,99.2,98.7,97.8,97,96.6,96.5,98.9,97,98,93.1,96.6,97.9,--,91.9,95.6,0.7,1.3,1.1,0.8,1.2,2.1,3,3.3,3.3,1,2.9,1.9,6.6,3.2,1.8,--,8.1,4.2,0.2,0.1,0,0,0.1,0.1,0,0.1,0.2,0.1,0.1,0.1,0.3,0.2,0.3,--,0,0.2
2010,SC,Urbana,Publico,99.4,95.3,91.6,97,94.9,94.2,85.4,87.2,90.3,95.6,89.5,92.4,72.5,82.8,88.9,87.1,86.2,80.3,0.5,4.5,8.1,2.7,4.8,4.4,13,11.2,8,4.2,9,6.7,16.8,10.5,5,5.9,7.6,11.5,0.1,0.2,0.3,0.3,0.3,1.4,1.6,1.6,1.7,0.2,1.5,0.9,10.7,6.7,6.1,7,6.2,8.2
2010,SC,Urbana,Total,99.3,95.7,92.3,97.2,95.6,94.5,86.4,88.1,90.9,96,90.2,92.9,74.8,84.6,90.2,87.1,89.7,82.3,0.5,4.2,7.5,2.6,4.1,4.3,12.2,10.5,7.6,3.8,8.4,6.3,15.7,9.5,4.5,5.9,7.9,10.6,0.2,0.1,0.2,0.2,0.3,1.2,1.4,1.4,1.5,0.2,1.4,0.8,9.5,5.9,5.3,7,2.4,7.1
2010,RS,Rural,Estadual,97.7,79.4,87.9,86.6,90.2,75.8,77.4,80.7,88.2,88.1,80.1,83.9,66.2,80.9,92.1,76.9,--,76.4,0.9,19.7,11.2,11.8,8.6,21.9,19.4,15.6,8.7,10.7,16.8,13.9,20.6,11.8,3.4,12.8,--,14.1,1.4,0.9,0.9,1.6,1.2,2.3,3.2,3.7,3.1,1.2,3.1,2.2,13.2,7.3,4.5,10.3,--,9.5
2010,RS,Rural,Federal,--,--,--,--,--,--,--,--,--,--,--,--,76.4,86.2,91.2,--,--,84.1,--,--,--,--,--,--,--,--,--,--,--,--,20.3,12.4,6.1,--,--,13.4,--,--,--,--,--,--,--,--,--,--,--,--,3.3,1.4,2.7,--,--,2.5
2010,RS,Rural,Municipal,99.4,83.3,89.9,91.4,90.7,77.5,80.1,83.4,91,90.6,82.3,87.2,78.4,88.1,93.8,--,--,85.5,0.2,16.4,9.7,8.1,8.7,20.4,17.4,13.7,6.7,9,15.3,11.6,12.4,5.3,0,--,--,6.9,0.4,0.3,0.4,0.5,0.6,2.1,2.5,2.9,2.3,0.4,2.4,1.2,9.2,6.6,6.2,--,--,7.6
2010,RS,Rural,Particular,100,93.5,86.2,100,88.5,70.3,87.3,74.2,93.3,92.5,83.3,85.9,73.2,88.6,96.1,--,--,82.9,0,6.5,13.8,0,11.5,27,9.9,24.7,6.7,7.5,15.4,13.1,23.8,11.4,1.3,--,--,15,0,0,0,0,0,2.7,2.8,1.1,0,0,1.3,1,3,0,2.6,--,--,2.1
2010,RS,Rural,Publico,98.9,82.2,89.4,90.4,90.6,76.9,79.2,82.4,89.9,90,81.5,86.2,67.7,81.9,92,76.9,--,77.8,0.4,17.3,10.1,8.9,8.7,20.9,18.1,14.4,7.5,9.4,15.9,12.3,20.2,11.6,3.7,12.8,--,13.7,0.7,0.5,0.5,0.7,0.7,2.2,2.7,3.2,2.6,0.6,2.6,1.5,12.1,6.5,4.3,10.3,--,8.5
2010,RS,Rural,Total,98.9,82.2,89.4,90.4,90.6,76.9,79.2,82.3,89.9,90,81.5,86.2,67.9,82.1,92.1,76.9,--,78,0.4,17.3,10.1,8.9,8.7,20.9,18,14.5,7.5,9.4,15.9,12.3,20.4,11.6,3.7,12.8,--,13.7,0.7,0.5,0.5,0.7,0.7,2.2,2.8,3.2,2.6,0.6,2.6,1.5,11.7,6.3,4.2,10.3,--,8.3
2010,RS,Total,Estadual,98.5,81.5,88.9,87.4,88.9,71.1,71.3,74.8,80.5,88.7,74.1,80.8,54.3,70.7,83.1,86.7,71.2,66.1,0.9,18,10.6,11.9,10.3,26.7,25.9,22.2,16.4,10.7,23.2,17.5,30,18.2,9.7,5.1,18.2,21.6,0.6,0.5,0.5,0.7,0.8,2.2,2.8,3,3.1,0.6,2.7,1.7,15.7,11.1,7.2,8.2,10.6,12.3
2010,RS,Total,Federal,100,100,100,--,100,88.1,91.3,94.4,90.7,100,91.2,91.8,75,81.5,91.1,91.4,--,81.8,0,0,0,--,0,11.9,8.7,5.3,9.3,0,8.7,8.1,20.1,15.6,7.6,5.3,--,14.9,0,0,0,--,0,0,0,0.3,0,0,0.1,0.1,4.9,2.9,1.3,3.3,--,3.3
2010,RS,Total,Municipal,98.7,83.3,88.8,90.2,88.4,76.1,77.5,80.7,87.4,89.6,79.6,85.4,56.1,70.3,80.2,67.2,62.4,65.7,0.6,16.1,10.7,9.1,10.5,21.4,19.9,16.6,10.2,9.7,17.9,13.1,24.9,18.5,7.4,9.7,10.3,16,0.7,0.6,0.5,0.7,1.1,2.5,2.6,2.7,2.4,0.7,2.5,1.5,19,11.2,12.4,23.1,27.3,18.3
2010,RS,Total,Particular,99.6,96.4,98,97.3,97.7,95.1,94.2,93.8,94.2,97.9,94.3,96.2,87.7,91.9,97.1,98.2,99.1,92.1,0.3,3.6,2,2.6,2.3,4.8,5.7,6,5.6,2,5.5,3.7,11.7,7.6,2.6,0.8,0.9,7.5,0.1,0,0,0.1,0,0.1,0.1,0.2,0.2,0.1,0.2,0.1,0.6,0.5,0.3,1,0,0.4
2010,RS,Total,Publico,98.6,82.5,88.9,89.2,88.7,73.6,74.2,77.5,83.4,89.2,76.7,83.2,54.6,70.9,83.2,86.4,70.2,66.3,0.7,17,10.6,10.1,10.4,24.1,23.1,19.7,13.8,10.1,20.7,15.2,29.8,18.2,9.7,5.3,17.3,21.4,0.7,0.5,0.5,0.7,0.9,2.3,2.7,2.8,2.8,0.7,2.6,1.6,15.6,10.9,7.1,8.3,12.5,12.3
2010,RS,Total,Total,98.7,83.8,89.8,89.5,89.6,75.3,75.9,79,84.6,90,78.2,84.4,57.5,73.4,85.2,87.4,70.6,69.1,0.7,15.7,9.8,9.8,9.6,22.5,21.7,18.4,12.9,9.4,19.4,14.2,28.2,16.9,8.6,4.8,17,19.9,0.6,0.5,0.4,0.7,0.8,2.2,2.4,2.6,2.5,0.6,2.4,1.4,14.3,9.7,6.2,7.8,12.4,11
2010,RS,Urbana,Estadual,98.6,81.7,89,87.4,88.8,70.6,70.8,74.3,79.9,88.8,73.6,80.5,53.9,70.4,82.8,86.9,71.2,65.8,0.9,17.9,10.6,11.9,10.5,27.1,26.5,22.7,17.1,10.7,23.7,17.8,30.2,18.4,9.9,5,18.2,21.8,0.5,0.4,0.4,0.7,0.7,2.3,2.7,3,3,0.5,2.7,1.7,15.9,11.2,7.3,8.1,10.6,12.4
2010,RS,Urbana,Federal,100,100,100,--,100,88.1,91.3,94.4,90.7,100,91.2,91.8,74.6,80.1,91,91.4,--,81,0,0,0,--,0,11.9,8.7,5.3,9.3,0,8.7,8.1,20,16.5,8.1,5.3,--,15.4,0,0,0,--,0,0,0,0.3,0,0,0.1,0.1,5.4,3.4,0.9,3.3,--,3.6
2010,RS,Urbana,Municipal,98.6,83.3,88.6,89.9,88,75.9,77,80.1,86.6,89.4,79.1,85,53.8,68.3,78.8,67.2,62.4,64.3,0.7,16.1,10.9,9.3,10.9,21.6,20.4,17.2,11,9.8,18.4,13.5,26.1,20,8.1,9.7,10.3,16.7,0.7,0.6,0.5,0.8,1.1,2.5,2.6,2.7,2.4,0.8,2.5,1.5,20.1,11.7,13.1,23.1,27.3,19
2010,RS,Urbana,Particular,99.6,96.4,98,97.3,97.7,95.1,94.2,94,94.3,97.9,94.4,96.3,87.9,91.9,97.1,98.2,99.1,92.1,0.3,3.6,2,2.6,2.3,4.7,5.7,5.9,5.6,2,5.5,3.6,11.5,7.6,2.6,0.8,0.9,7.4,0.1,0,0,0.1,0,0.2,0.1,0.1,0.1,0.1,0.1,0.1,0.6,0.5,0.3,1,0,0.5
2010,RS,Urbana,Publico,98.6,82.6,88.8,89,88.4,73.1,73.6,76.8,82.5,89.1,76,82.7,54.2,70.5,82.9,86.4,70.2,66,0.8,16.9,10.7,10.3,10.7,24.5,23.8,20.4,14.7,10.2,21.4,15.6,30.1,18.4,9.9,5.2,17.3,21.6,0.6,0.5,0.5,0.7,0.9,2.4,2.6,2.8,2.8,0.7,2.6,1.7,15.7,11.1,7.2,8.4,12.5,12.4
2010,RS,Urbana,Total,98.7,84,89.8,89.4,89.4,75.1,75.5,78.6,83.9,90,77.8,84.1,57.2,73.1,85,87.5,70.6,68.8,0.7,15.5,9.7,10,9.7,22.7,22.1,18.9,13.6,9.4,19.8,14.4,28.4,17.1,8.8,4.8,17,20.1,0.6,0.5,0.5,0.6,0.9,2.2,2.4,2.5,2.5,0.6,2.4,1.5,14.4,9.8,6.2,7.7,12.4,11.1
2010,MS,Rural,Estadual,98,73.7,85.3,89.8,89,71.3,74.7,75.4,87.6,86.3,76.2,80.7,68.3,80.4,88.3,--,--,76.7,0.1,25.5,13.5,8.6,9,21.5,18.6,16.5,9,12.3,17.2,15,17,9.7,4.5,--,--,11.9,1.9,0.8,1.2,1.6,2,7.2,6.7,8.1,3.4,1.4,6.6,4.3,14.7,9.9,7.2,--,--,11.4
2010,MS,Rural,Federal,--,--,--,--,--,--,--,--,--,--,--,--,60.7,--,--,--,--,60.7,--,--,--,--,--,--,--,--,--,--,--,--,38.6,--,--,--,--,38.6,--,--,--,--,--,--,--,--,--,--,--,--,0.7,--,--,--,--,0.7
2010,MS,Rural,Municipal,95.6,71.5,79.6,79.9,81.6,70.1,77.2,82.2,87.8,80.9,77.6,79.7,81.4,91.4,100,--,--,89.3,1.6,26,18.5,17,14.5,23.5,16.7,11.3,7.3,16.3,16.2,16.3,9.3,0,0,--,--,3.9,2.8,2.5,1.9,3.1,3.9,6.4,6.1,6.5,4.9,2.8,6.2,4,9.3,8.6,0,--,--,6.8
2010,MS,Rural,Particular,100,100,97.7,100,98.1,97,99,96,99,99,97.7,98.1,94.5,93.9,94.5,--,--,94.3,0,0,2.3,0,1.9,3,1,4,0,1,2,1.7,2.2,4.9,3.7,--,--,3.5,0,0,0,0,0,0,0,0,1,0,0.3,0.2,3.3,1.2,1.8,--,--,2.2
2010,MS,Rural,Publico,95.9,71.8,80.4,81.2,82.5,70.4,76.6,80.3,87.7,81.6,77.3,79.9,68,80.7,88.6,--,--,76.5,1.4,25.9,17.8,15.9,13.8,23,17.2,12.7,7.7,15.8,16.5,16.1,18.3,9.5,4.4,--,--,12.5,2.7,2.3,1.8,2.9,3.7,6.6,6.2,7,4.6,2.6,6.2,4,13.7,9.8,7,--,--,11
2010,MS,Rural,Total,95.9,71.9,80.5,81.3,82.7,70.8,77,80.6,88,81.7,77.7,80.1,70.1,82.1,89.2,--,--,78.1,1.4,25.8,17.7,15.8,13.7,22.7,16.8,12.5,7.5,15.7,16.2,15.9,17,9,4.3,--,--,11.7,2.7,2.3,1.8,2.9,3.6,6.5,6.2,6.9,4.5,2.6,6.1,4,12.9,8.9,6.5,--,--,10.2
2010,MS,Total,Estadual,98.6,72.1,82,83.7,83.4,66.6,67,68.7,73.7,82.8,68.8,74.2,57.6,73,81.1,77.6,--,67.8,0.3,26.8,17.1,14.6,14.1,26.6,25.9,23.1,18.7,15.7,23.8,20.7,27.1,16.4,9.3,9.6,--,19.6,1.1,1.1,0.9,1.7,2.5,6.8,7.1,8.2,7.6,1.5,7.4,5.1,15.3,10.6,9.6,12.8,--,12.6
2010,MS,Total,Federal,--,--,--,--,--,90.8,87.1,82.4,84,--,85.8,85.8,76.2,92,96.1,--,--,85,--,--,--,--,--,9.2,12.9,17.6,16,--,14.2,14.2,23.5,8,3.9,--,--,14.9,--,--,--,--,--,0,0,0,0,--,0,0,0.3,0,0,--,--,0.1
2010,MS,Total,Municipal,97.8,76.6,84.7,86.7,86.4,76.4,79.6,83.7,89.7,85.8,81,84.1,81.4,91.4,100,--,--,89.3,0.8,22.2,14.4,12.1,11.9,20.5,17.6,13.5,8,12.9,16.1,14.1,9.3,0,0,--,--,3.9,1.4,1.2,0.9,1.2,1.7,3.1,2.8,2.8,2.3,1.3,2.9,1.8,9.3,8.6,0,--,--,6.8
2010,MS,Total,Particular,98.9,96.5,97.3,98.6,98.2,96,94.7,94,95.2,97.9,95,96.6,89.9,95,96.2,--,100,93.5,0.5,3.4,2.4,1.4,1.7,3.8,5.2,5.8,4.6,1.9,4.8,3.2,9.6,4.8,3.2,--,0,6.1,0.6,0.1,0.3,0,0.1,0.2,0.1,0.2,0.2,0.2,0.2,0.2,0.5,0.2,0.6,--,0,0.4
2010,MS,Total,Publico,98,75.4,83.9,85.8,85.4,71.8,73.2,75.4,80,85,74.6,80.2,57.8,73.2,81.2,77.6,--,68,0.7,23.5,15.2,12.8,12.6,23.4,21.8,18.8,14.5,13.7,20.2,16.7,27,16.3,9.2,9.6,--,19.6,1.3,1.1,0.9,1.4,2,4.8,5,5.8,5.5,1.3,5.2,3.1,15.2,10.5,9.6,12.8,--,12.4
2010,MS,Total,Total,98.1,77.2,85,86.9,86.5,73.5,74.8,77,81.5,86.1,76.3,81.6,61,76.2,83.5,77.6,100,71.1,0.7,21.7,14.2,11.8,11.6,22,20.6,17.7,13.5,12.7,18.9,15.5,25.3,14.7,8.3,9.6,0,17.9,1.2,1.1,0.8,1.3,1.9,4.5,4.6,5.3,5,1.2,4.8,2.9,13.7,9.1,8.2,12.8,0,11
2010,MS,Urbana,Estadual,98.7,72,81.7,83.3,83,66.3,66.6,68.3,73.1,82.5,68.4,73.8,57.1,72.6,80.7,77.6,--,67.3,0.3,26.8,17.4,14.9,14.4,27,26.3,23.4,19.2,16,24.2,21,27.6,16.8,9.5,9.6,--,20.1,1,1.2,0.9,1.8,2.6,6.7,7.1,8.3,7.7,1.5,7.4,5.2,15.3,10.6,9.8,12.8,--,12.6
2010,MS,Urbana,Federal,--,--,--,--,--,90.8,87.1,82.4,84,--,85.8,85.8,86.8,92,96.1,--,--,91.2,--,--,--,--,--,9.2,12.9,17.6,16,--,14.2,14.2,13.2,8,3.9,--,--,8.8,--,--,--,--,--,0,0,0,0,--,0,0,0,0,0,--,--,0
2010,MS,Urbana,Municipal,98.2,77.7,85.8,88.1,87.5,77.7,80.1,83.9,90.1,86.9,81.8,85,--,--,--,--,--,--,0.6,21.4,13.6,11.1,11.3,19.8,17.7,14,8.2,12.2,16.1,13.6,--,--,--,--,--,--,1.2,0.9,0.6,0.8,1.2,2.5,2.2,2.1,1.7,0.9,2.1,1.4,--,--,--,--,--,--
2010,MS,Urbana,Particular,98.9,96.5,97.3,98.6,98.2,96,94.5,94,95.1,97.9,94.9,96.6,89.7,95.1,96.3,--,100,93.5,0.5,3.4,2.4,1.4,1.7,3.8,5.3,5.8,4.7,1.9,4.9,3.2,9.9,4.8,3.2,--,0,6.2,0.6,0.1,0.3,0,0.1,0.2,0.2,0.2,0.2,0.2,0.2,0.2,0.4,0.1,0.5,--,0,0.3
2010,MS,Urbana,Publico,98.4,76,84.5,86.5,85.9,72,72.8,74.9,79.1,85.5,74.3,80.2,57.2,72.8,80.8,77.6,--,67.5,0.5,23.1,14.8,12.3,12.4,23.4,22.4,19.5,15.3,13.4,20.6,16.8,27.5,16.7,9.5,9.6,--,20,1.1,0.9,0.7,1.2,1.7,4.6,4.8,5.6,5.6,1.1,5.1,3,15.3,10.5,9.7,12.8,--,12.5
2010,MS,Urbana,Total,98.4,78,85.7,87.7,87.1,73.8,74.6,76.6,80.9,86.8,76.1,81.8,60.5,75.9,83.2,77.6,100,70.7,0.5,21.1,13.6,11.2,11.3,21.9,21,18.2,14.1,12.2,19.2,15.5,25.7,15.1,8.5,9.6,0,18.3,1.1,0.9,0.7,1.1,1.6,4.3,4.4,5.2,5,1,4.7,2.7,13.8,9,8.3,12.8,0,11
2010,MT,Rural,Estadual,97.2,99.2,93.9,99.2,98.1,90.6,98.3,98.8,89.4,97.5,94.3,95.9,73.6,79.8,86.5,100,73.5,78.2,2.4,0.5,5.5,0.8,1.7,7.5,1.2,0.6,7.2,2.2,4.1,3.2,16.2,12.3,6.8,0,13.4,12.8,0.4,0.3,0.6,0,0.2,1.9,0.5,0.6,3.4,0.3,1.6,0.9,10.2,7.9,6.7,0,13.1,9
2010,MT,Rural,Federal,--,--,--,--,--,--,--,--,--,--,--,--,68.7,84.2,96.8,--,--,78.7,--,--,--,--,--,--,--,--,--,--,--,--,26.1,13.3,3.2,--,--,17.9,--,--,--,--,--,--,--,--,--,--,--,--,5.2,2.5,0,--,--,3.4
2010,MT,Rural,Municipal,95.6,89.1,88.4,91.9,92,86.1,89.5,90.6,91.4,91.2,89.1,90.4,--,--,--,--,--,--,2.2,8.2,9.8,6.1,5.1,9.3,5.2,4.3,2.8,6.4,5.7,6.1,--,--,--,--,--,--,2.2,2.7,1.8,2,2.9,4.6,5.3,5.1,5.8,2.4,5.2,3.5,--,--,--,--,--,--
2010,MT,Rural,Particular,100,100,100,100,83.3,100,100,100,100,95.7,100,97.8,100,100,--,--,--,100,0,0,0,0,16.7,0,0,0,0,4.3,0,2.2,0,0,--,--,--,0,0,0,0,0,0,0,0,0,0,0,0,0,0,0,--,--,--,0
2010,MT,Rural,Publico,96,91.4,89.8,93.7,93.6,87.6,92.5,93.5,90.6,92.8,90.9,92,73.1,80.2,87.3,100,73.5,78.2,2.2,6.4,8.7,4.7,4.2,8.7,3.8,3,4.4,5.3,5.2,5.3,17.2,12.4,6.5,0,13.4,13.2,1.8,2.2,1.5,1.6,2.2,3.7,3.7,3.5,5,1.9,3.9,2.7,9.7,7.4,6.2,0,13.1,8.6
2010,MT,Rural,Total,96,91.4,89.8,93.8,93.6,87.6,92.5,93.5,90.6,92.8,90.9,92,73.2,80.2,87.3,100,73.5,78.3,2.2,6.4,8.7,4.7,4.2,8.7,3.8,3,4.4,5.3,5.2,5.3,17.2,12.4,6.5,0,13.4,13.2,1.8,2.2,1.5,1.5,2.2,3.7,3.7,3.5,5,1.9,3.9,2.7,9.6,7.4,6.2,0,13.1,8.5
2010,MT,Total,Estadual,99.4,99.7,97.6,99.8,99.6,95.2,99.4,99.3,90.9,99.2,96.2,97.4,63.4,71.5,77.1,95.8,74.6,69.4,0.6,0.2,2.2,0.2,0.3,3.9,0.4,0.4,6.7,0.7,2.8,2,22.2,17.2,12.8,3.1,14.9,18.2,0,0.1,0.2,0,0.1,0.9,0.2,0.3,2.4,0.1,1,0.6,14.4,11.3,10.1,1.1,10.5,12.4
2010,MT,Total,Federal,--,--,--,--,--,--,--,--,--,--,--,--,75.5,85,94.2,100,--,81.7,--,--,--,--,--,--,--,--,--,--,--,--,22.1,13.7,5.8,0,--,16.7,--,--,--,--,--,--,--,--,--,--,--,--,2.4,1.3,0,0,--,1.6
2010,MT,Total,Municipal,98.2,93,89.6,93.2,94,87.4,89.5,89.8,90.4,93.6,89,92.1,--,--,--,--,--,--,0.8,6,9.4,5.7,4.6,10,7,6.4,5.4,5.4,7.7,6.1,--,--,--,--,--,--,1,1,1,1.1,1.4,2.6,3.5,3.8,4.2,1,3.3,1.8,--,--,--,--,--,--
2010,MT,Total,Particular,98.2,98.2,98.2,98.4,97.9,96.8,96,95.7,95.6,98.2,96,97.2,92.4,94.9,96.4,100,100,94.5,1.5,1.5,1.6,1.4,1.9,3,3.8,4.2,4.1,1.6,3.8,2.6,7.2,4.8,3.3,0,0,5.1,0.3,0.3,0.2,0.2,0.2,0.2,0.2,0.1,0.3,0.2,0.2,0.2,0.4,0.3,0.3,0,0,0.4
2010,MT,Total,Publico,98.6,94.9,92.3,95.7,96.3,91.6,96,96.4,90.8,95.5,93.7,94.7,63.7,71.6,77.3,97.3,74.6,69.6,0.7,4.3,7,3.6,2.8,6.7,2.7,2.3,6.3,3.8,4.5,4.1,22.2,17.2,12.7,2.1,14.9,18.2,0.7,0.8,0.7,0.7,0.9,1.7,1.3,1.3,2.9,0.7,1.8,1.2,14.1,11.2,10,0.6,10.5,12.2
2010,MT,Total,Total,98.5,95.2,92.6,95.9,96.4,92,96,96.3,91.1,95.7,93.9,94.8,65.5,73.6,79.2,97.5,74.9,71.6,0.8,4.1,6.7,3.4,2.8,6.4,2.8,2.4,6.2,3.6,4.5,4,21.2,16.1,11.7,1.9,14.7,17.2,0.7,0.7,0.7,0.7,0.8,1.6,1.2,1.3,2.7,0.7,1.6,1.2,13.3,10.3,9.1,0.6,10.4,11.2
2010,MT,Urbana,Estadual,99.8,99.8,98.2,99.8,99.8,95.7,99.5,99.4,91,99.5,96.4,97.5,62.6,70.9,76.3,94.9,75.5,68.7,0.2,0.1,1.7,0.2,0.1,3.5,0.3,0.4,6.7,0.4,2.7,1.9,22.7,17.6,13.2,3.8,16.1,18.7,0,0.1,0.1,0,0.1,0.8,0.2,0.2,2.3,0.1,0.9,0.6,14.7,11.5,10.5,1.3,8.4,12.6
2010,MT,Urbana,Federal,--,--,--,--,--,--,--,--,--,--,--,--,79.8,85.8,91.9,100,--,83.9,--,--,--,--,--,--,--,--,--,--,--,--,19.6,14.2,8.1,0,--,15.8,--,--,--,--,--,--,--,--,--,--,--,--,0.6,0,0,0,--,0.3
2010,MT,Urbana,Municipal,98.8,94,89.9,93.6,94.6,87.8,89.5,89.5,89.9,94.2,88.9,92.7,--,--,--,--,--,--,0.4,5.4,9.4,5.5,4.5,10.2,7.9,7.5,6.8,5.1,8.5,6.1,--,--,--,--,--,--,0.8,0.6,0.7,0.9,0.9,2,2.6,3,3.3,0.7,2.6,1.2,--,--,--,--,--,--
2010,MT,Urbana,Particular,98.2,98.2,98.2,98.4,98,96.8,96,95.7,95.6,98.2,96,97.2,92.3,94.9,96.4,100,100,94.5,1.5,1.5,1.6,1.5,1.9,3.1,3.9,4.2,4.1,1.6,3.8,2.6,7.2,4.8,3.3,0,0,5.1,0.3,0.3,0.2,0.1,0.1,0.1,0.1,0.1,0.3,0.2,0.2,0.2,0.5,0.3,0.3,0,0,0.4
2010,MT,Urbana,Publico,99.1,95.8,92.8,96.2,96.9,92.5,96.7,96.9,90.8,96.1,94.2,95.2,62.8,71,76.5,96.9,75.5,68.9,0.4,3.8,6.7,3.3,2.5,6.2,2.5,2.1,6.7,3.4,4.4,3.9,22.6,17.5,13.2,2.3,16.1,18.6,0.5,0.4,0.5,0.5,0.6,1.3,0.8,1,2.5,0.5,1.4,0.9,14.6,11.5,10.3,0.8,8.4,12.5
2010,MT,Urbana,Total,99,96,93.2,96.4,97,92.8,96.7,96.8,91.2,96.3,94.4,95.4,64.8,73.2,78.6,97.1,76.1,71,0.5,3.6,6.3,3.2,2.5,6,2.6,2.3,6.5,3.2,4.3,3.8,21.6,16.4,12.1,2.1,15.8,17.5,0.5,0.4,0.5,0.4,0.5,1.2,0.7,0.9,2.3,0.5,1.3,0.8,13.6,10.4,9.3,0.8,8.1,11.5
2010,GO,Rural,Estadual,98.3,81.7,88.1,92.4,90,81.5,85,87.8,88.8,89.8,85.6,86.9,75.2,83.9,87.3,83.3,--,81.3,0,17.5,10.6,5.9,8.1,14.3,11.4,7.3,5.1,8.7,9.8,9.4,9.4,5.5,1.9,0,--,6.1,1.7,0.8,1.3,1.7,1.9,4.2,3.6,4.9,6.1,1.5,4.6,3.7,15.4,10.6,10.8,16.7,--,12.6
2010,GO,Rural,Federal,--,--,--,--,--,--,--,--,--,--,--,--,76.5,95,96.4,--,--,85.7,--,--,--,--,--,--,--,--,--,--,--,--,18.7,4.1,3.6,--,--,11.5,--,--,--,--,--,--,--,--,--,--,--,--,4.8,0.9,0,--,--,2.8
2010,GO,Rural,Municipal,95.9,82.4,86.1,88.8,90.2,80.3,85.5,88.2,89.9,88.3,85.6,87.4,71.1,50,94.1,--,--,72.5,2.2,16.2,12.3,9.6,7.8,14.4,9.6,6.3,4.9,10,9.2,9.8,17.1,14.3,0,--,--,12.3,1.9,1.4,1.6,1.6,2,5.3,4.9,5.5,5.2,1.7,5.2,2.8,11.8,35.7,5.9,--,--,15.2
2010,GO,Rural,Particular,92.7,82.1,85,92.3,89.9,87.5,88.3,93.3,100,88.1,91.8,89.8,95.5,97.9,96.3,--,--,96.6,7.3,17,14,7.7,10.1,11.6,10.8,3.8,0,11.5,7,9.4,4.5,1,2.4,--,--,2.8,0,0.9,1,0,0,0.9,0.9,2.9,0,0.4,1.2,0.8,0,1.1,1.3,--,--,0.6
2010,GO,Rural,Publico,96,82.4,86.2,89.2,90.2,80.7,85.3,88.1,89.5,88.4,85.6,87.4,75.4,85.4,89.3,83.3,--,82,2.1,16.3,12.2,9.2,7.9,14.3,10.1,6.6,5,9.9,9.4,9.7,12.4,5.4,2.1,0,--,7.6,1.9,1.3,1.6,1.6,1.9,5,4.6,5.3,5.5,1.7,5,2.9,12.2,9.2,8.6,16.7,--,10.4
2010,GO,Rural,Total,95.9,82.4,86.2,89.2,90.2,80.8,85.4,88.2,89.8,88.4,85.7,87.4,76.7,86.4,89.9,83.3,--,83.1,2.2,16.3,12.2,9.2,7.9,14.3,10.2,6.5,4.8,10,9.3,9.7,11.9,5.1,2.2,0,--,7.3,1.9,1.3,1.6,1.6,1.9,4.9,4.4,5.3,5.4,1.6,5,2.9,11.4,8.5,7.9,16.7,--,9.6
2010,GO,Total,Estadual,97.4,87.8,91.2,92.5,92.9,80.9,79.6,80.6,81.2,92.2,80.6,82.4,66.2,75.3,81.8,86.3,--,73.2,0.4,11.2,7.5,6.3,5.8,13.1,13.4,11.6,9.5,6.5,11.8,11,18.6,11.3,6.7,5.9,--,13.2,2.2,1,1.3,1.2,1.3,6,7,7.8,9.3,1.3,7.6,6.6,15.2,13.4,11.5,7.8,--,13.6
2010,GO,Total,Federal,100,90.7,96.5,94.9,96.6,95.5,96.4,92.5,94.9,95.7,94.9,95.3,76,87.9,94.3,81.4,--,83.4,0,9.3,3.5,5.1,3.4,4.5,3.6,7.5,5.1,4.3,5.1,4.7,21.3,11.3,5.3,18.6,--,15.1,0,0,0,0,0,0,0,0,0,0,0,0,2.7,0.8,0.4,0,--,1.5
2010,GO,Total,Municipal,95.8,85,87.5,89.8,91.8,81.4,82.1,82.4,83,89.7,82.1,87.8,75.8,80.8,93.7,--,--,81.6,2.4,13.6,11.1,8.7,6.4,12.3,10.4,8.7,7,8.7,10,9,19.5,7.7,3.6,--,--,12.6,1.8,1.4,1.4,1.5,1.8,6.3,7.5,8.9,10,1.6,7.9,3.2,4.7,11.5,2.7,--,--,5.8
2010,GO,Total,Particular,98,97.6,98,98.2,98.1,95.2,94.8,94.7,94.9,98,94.9,96.6,90.1,95.2,97.1,--,92.2,93.7,1.4,2.1,1.9,1.6,1.8,4.6,4.8,4.9,4.5,1.8,4.7,3.1,9.1,4.2,2.4,--,3.9,5.6,0.6,0.3,0.1,0.2,0.1,0.2,0.4,0.4,0.6,0.2,0.4,0.3,0.8,0.6,0.5,--,3.9,0.7
2010,GO,Total,Publico,95.9,85.2,87.9,90.2,92,81.1,80.4,81.2,81.7,90,81.1,85.8,66.3,75.4,81.9,83,--,73.3,2.3,13.4,10.7,8.4,6.3,12.8,12.4,10.7,8.8,8.4,11.2,9.8,18.7,11.3,6.7,14.4,--,13.2,1.8,1.4,1.4,1.4,1.7,6.1,7.2,8.1,9.5,1.6,7.7,4.4,15,13.3,11.4,2.6,--,13.5
2010,GO,Total,Total,96.3,87.2,89.5,91.5,93,83.3,82.6,83.3,83.7,91.4,83.2,87.5,69.3,78.2,84,83,92.2,76.1,2.1,11.6,9.3,7.2,5.5,11.5,11.2,9.8,8.2,7.3,10.2,8.7,17.5,10.4,6.1,14.4,3.9,12.2,1.6,1.2,1.2,1.3,1.5,5.2,6.2,6.9,8.1,1.3,6.6,3.8,13.2,11.4,9.9,2.6,3.9,11.7
2010,GO,Urbana,Estadual,97.4,88.2,91.4,92.5,93,80.8,79.5,80.5,81.1,92.3,80.5,82.3,66.1,75.2,81.7,86.7,--,73.1,0.4,10.9,7.4,6.3,5.7,13,13.4,11.7,9.6,6.4,11.9,11,18.7,11.4,6.7,6.7,--,13.2,2.2,0.9,1.2,1.2,1.3,6.2,7.1,7.8,9.3,1.3,7.6,6.7,15.2,13.4,11.6,6.6,--,13.7
2010,GO,Urbana,Federal,100,90.7,96.5,94.9,96.6,95.5,96.4,92.5,94.9,95.7,94.9,95.3,75.7,84.3,93.1,81.4,--,82.1,0,9.3,3.5,5.1,3.4,4.5,3.6,7.5,5.1,4.3,5.1,4.7,23,14.8,6.3,18.6,--,17,0,0,0,0,0,0,0,0,0,0,0,0,1.3,0.9,0.6,0,--,0.9
2010,GO,Urbana,Municipal,95.8,85.2,87.6,89.9,92,81.5,81.7,81.8,82.3,89.8,81.8,87.9,78.4,92.1,93.5,--,--,86,2.5,13.4,11,8.6,6.3,12.1,10.5,9,7.2,8.6,10,9,20.9,5.3,5.2,--,--,12.7,1.7,1.4,1.4,1.5,1.7,6.4,7.8,9.2,10.5,1.6,8.2,3.1,0.7,2.6,1.3,--,--,1.3
2010,GO,Urbana,Particular,98.1,97.7,98,98.2,98.1,95.3,94.8,94.8,94.9,98,94.9,96.6,90,95.2,97.1,--,92.2,93.7,1.4,2,1.8,1.6,1.7,4.5,4.8,4.9,4.5,1.7,4.7,3,9.1,4.3,2.4,--,3.9,5.6,0.5,0.3,0.2,0.2,0.2,0.2,0.4,0.3,0.6,0.3,0.4,0.4,0.9,0.5,0.5,--,3.9,0.7
2010,GO,Urbana,Publico,95.9,85.4,88,90.3,92.2,81.1,80.2,80.9,81.4,90.1,80.9,85.7,66.1,75.3,81.8,83,--,73.2,2.3,13.2,10.6,8.3,6.2,12.7,12.5,10.9,9,8.3,11.3,9.8,18.8,11.4,6.7,15,--,13.3,1.8,1.4,1.4,1.4,1.6,6.2,7.3,8.2,9.6,1.6,7.8,4.5,15.1,13.3,11.5,2,--,13.5
2010,GO,Urbana,Total,96.4,87.5,89.7,91.7,93.2,83.4,82.5,83.1,83.5,91.5,83.1,87.5,69.2,78.1,84,83,92.2,76,2.1,11.3,9.1,7.1,5.4,11.4,11.3,9.9,8.3,7.2,10.2,8.6,17.6,10.4,6.1,15,3.9,12.2,1.5,1.2,1.2,1.2,1.4,5.2,6.2,7,8.2,1.3,6.7,3.9,13.2,11.5,9.9,2,3.9,11.8
2010,DF,Rural,Estadual,97.7,97.9,80.6,85.5,91.5,75.5,84.2,86.3,82.5,90,81.6,87,67.5,86.7,92.2,--,--,79.5,1.5,1.6,19.3,13.9,8.1,20.2,14,11.4,15.3,9.5,15.6,11.7,22.1,8.1,5.1,--,--,13.6,0.8,0.5,0.1,0.6,0.4,4.3,1.8,2.3,2.2,0.5,2.8,1.3,10.4,5.2,2.7,--,--,6.9
2010,DF,Rural,Federal,--,--,--,--,--,--,--,--,--,--,--,--,64.5,75.8,100,--,--,75.8,--,--,--,--,--,--,--,--,--,--,--,--,35.5,24.2,0,--,--,24.2,--,--,--,--,--,--,--,--,--,--,--,--,0,0,0,--,--,0
2010,DF,Rural,Particular,97.5,96.6,100,100,100,--,99.6,100,100,98.1,99.8,99.6,100,100,--,--,--,100,2.5,3.4,0,0,0,--,0.4,0,0,1.9,0.2,0.4,0,0,--,--,--,0,0,0,0,0,0,--,0,0,0,0,0,0,0,0,--,--,--,0
2010,DF,Rural,Publico,97.7,97.9,80.6,85.5,91.5,75.5,84.2,86.3,82.5,90,81.6,87,67.3,85.6,92.8,--,--,79.2,1.5,1.6,19.3,13.9,8.1,20.2,14,11.4,15.3,9.5,15.6,11.7,23.2,9.9,4.7,--,--,14.5,0.8,0.5,0.1,0.6,0.4,4.3,1.8,2.3,2.2,0.5,2.8,1.3,9.5,4.5,2.5,--,--,6.3
2010,DF,Rural,Total,97.7,97.9,80.7,85.6,91.5,75.5,86.4,88.5,85.3,90.1,83.7,87.6,69.6,85.8,92.8,--,--,80,1.5,1.6,19.1,13.8,8,20.2,12,9.5,12.9,9.4,13.9,11.1,21.6,9.7,4.7,--,--,14,0.8,0.5,0.2,0.6,0.5,4.3,1.6,2,1.8,0.5,2.4,1.3,8.8,4.5,2.5,--,--,6
2010,DF,Total,Estadual,97.1,98,81.9,88,92.3,75.8,80.9,84.5,81,90.9,80.1,86.1,59,74.7,80.3,--,64.1,68.7,2.1,1.5,17.6,11.5,7.1,20.8,16.8,13.4,16.9,8.5,17.3,12.4,29.4,18.6,13.6,--,15.7,22.4,0.8,0.5,0.5,0.5,0.6,3.4,2.3,2.1,2.1,0.6,2.6,1.5,11.6,6.7,6.1,--,20.2,8.9
2010,DF,Total,Federal,--,--,--,--,--,91.6,95.5,98.6,90.2,--,93.9,93.9,85.9,94.8,91.9,--,--,90.7,--,--,--,--,--,8.4,4.5,1.4,9.8,--,6.1,6.1,14.1,5.2,8.1,--,--,9.3,--,--,--,--,--,0,0,0,0,--,0,0,0,0,0,--,--,0
2010,DF,Total,Particular,99,98.9,98.8,99.1,99,95.2,94.4,94.4,94.6,98.9,94.7,97,88.7,93.7,95.5,--,--,92.3,0.8,1.1,1.2,0.9,1,4.8,5.5,5.6,5.4,1,5.3,3,11,6.2,4.3,--,--,7.6,0.2,0,0,0,0,0,0.1,0,0,0.1,0,0,0.3,0.1,0.2,--,--,0.1
2010,DF,Total,Publico,97.1,98,81.9,88,92.3,75.8,81,84.7,81.2,90.9,80.2,86.1,59.4,75.2,80.6,--,64.1,69.2,2.1,1.5,17.6,11.5,7.1,20.7,16.7,13.3,16.8,8.5,17.2,12.4,29.2,18.3,13.5,--,15.7,22.2,0.8,0.5,0.5,0.5,0.6,3.5,2.3,2,2,0.6,2.6,1.5,11.4,6.5,5.9,--,20.2,8.6
2010,DF,Total,Total,97.6,98.2,85.7,90.4,93.8,79.9,84.1,87.2,84.6,92.8,83.7,88.7,65.8,79.9,84.8,--,64.1,74.8,1.7,1.4,13.9,9.2,5.7,17.4,14.1,11.2,13.8,6.7,14.4,10.1,25.3,15.2,10.9,--,15.7,18.6,0.7,0.4,0.4,0.4,0.5,2.7,1.8,1.6,1.6,0.5,1.9,1.2,8.9,4.9,4.3,--,20.2,6.6
2010,DF,Urbana,Estadual,97.1,98,82,88.1,92.3,75.8,80.7,84.4,80.9,91,80,86.1,58.8,74.5,80.1,--,64.1,68.5,2.1,1.5,17.5,11.4,7.1,20.8,17,13.5,17,8.4,17.4,12.5,29.6,18.8,13.8,--,15.7,22.6,0.8,0.5,0.5,0.5,0.6,3.4,2.3,2.1,2.1,0.6,2.6,1.4,11.6,6.7,6.1,--,20.2,8.9
2010,DF,Urbana,Federal,--,--,--,--,--,91.6,95.5,98.6,90.2,--,93.9,93.9,88.6,97.7,91.4,--,--,92.4,--,--,--,--,--,8.4,4.5,1.4,9.8,--,6.1,6.1,11.4,2.3,8.6,--,--,7.6,--,--,--,--,--,0,0,0,0,--,0,0,0,0,0,--,--,0
2010,DF,Urbana,Particular,99.1,98.9,98.8,99.1,99,95.2,94.3,94.3,94.5,98.9,94.6,97,88.7,93.7,95.5,--,--,92.3,0.8,1.1,1.2,0.9,1,4.8,5.6,5.7,5.5,1,5.4,3,11.1,6.2,4.3,--,--,7.6,0.1,0,0,0,0,0,0.1,0,0,0.1,0,0,0.2,0.1,0.2,--,--,0.1
2010,DF,Urbana,Publico,97.1,98,82,88.1,92.3,75.8,80.9,84.6,81.1,91,80.2,86.1,59.2,74.9,80.4,--,64.1,68.9,2.1,1.5,17.5,11.4,7.1,20.7,16.8,13.3,16.8,8.4,17.3,12.4,29.3,18.5,13.7,--,15.7,22.3,0.8,0.5,0.5,0.5,0.6,3.5,2.3,2.1,2.1,0.6,2.5,1.5,11.5,6.6,5.9,--,20.2,8.8
2010,DF,Urbana,Total,97.6,98.2,85.9,90.6,93.9,80,84.1,87.2,84.6,92.9,83.7,88.8,65.7,79.8,84.7,--,64.1,74.7,1.7,1.4,13.7,9,5.6,17.3,14.2,11.3,13.8,6.6,14.4,10.1,25.3,15.3,11,--,15.7,18.7,0.7,0.4,0.4,0.4,0.5,2.7,1.7,1.5,1.6,0.5,1.9,1.1,9,4.9,4.3,--,20.2,6.6
Fonte: Mec/Inep/Deed.,DF,Urbana,Total,97.6,98.2,85.9,90.6,93.9,80,84.1,87.2,84.6,92.9,83.7,88.8,65.7,79.8,84.7,--,64.1,74.7,1.7,1.4,13.7,9,5.6,17.3,14.2,11.3,13.8,6.6,14.4,10.1,25.3,15.3,11,--,15.7,18.7,0.7,0.4,0.4,0.4,0.5,2.7,1.7,1.5,1.6,0.5,1.9,1.1,9,4.9,4.3,--,20.2,6.6
"     Notas: 1) Inclui as taxas de aprovação, reprovação e abandono. ",DF,Urbana,Total,97.6,98.2,85.9,90.6,93.9,80,84.1,87.2,84.6,92.9,83.7,88.8,65.7,79.8,84.7,--,64.1,74.7,1.7,1.4,13.7,9,5.6,17.3,14.2,11.3,13.8,6.6,14.4,10.1,25.3,15.3,11,--,15.7,18.7,0.7,0.4,0.4,0.4,0.5,2.7,1.7,1.5,1.6,0.5,1.9,1.1,9,4.9,4.3,--,20.2,6.6
                2) Inclui as taxas do Ensino Fundamental de 8 e 9 anos.,DF,Urbana,Total,97.6,98.2,85.9,90.6,93.9,80,84.1,87.2,84.6,92.9,83.7,88.8,65.7,79.8,84.7,--,64.1,74.7,1.7,1.4,13.7,9,5.6,17.3,14.2,11.3,13.8,6.6,14.4,10.1,25.3,15.3,11,--,15.7,18.7,0.7,0.4,0.4,0.4,0.5,2.7,1.7,1.5,1.6,0.5,1.9,1.1,9,4.9,4.3,--,20.2,6.6
"                3) ""taxas de rendimento escolar"" expressa o percentual de alunos aprovados, reprovados e afastados por abandono.",DF,Urbana,Total,97.6,98.2,85.9,90.6,93.9,80,84.1,87.2,84.6,92.9,83.7,88.8,65.7,79.8,84.7,--,64.1,74.7,1.7,1.4,13.7,9,5.6,17.3,14.2,11.3,13.8,6.6,14.4,10.1,25.3,15.3,11,--,15.7,18.7,0.7,0.4,0.4,0.4,0.5,2.7,1.7,1.5,1.6,0.5,1.9,1.1,9,4.9,4.3,--,20.2,6.6
