Ano,Unidade Geográfica,Localização,Dependência Administrativa,Total,Anos Iniciais,Anos Finais,1º Ano ,2º Ano,3º Ano,4º Ano,5º Ano,6º Ano,7º Ano,8º Ano,9º Ano,Total,1ª série,2ª série,3ª série,4ª série,Não-Seriado,Total,Anos Iniciais,Anos Finais,1º Ano ,2º Ano,3º Ano,4º Ano,5º Ano,6º Ano,7º Ano,8º Ano,9º Ano,Total,1ª série,2ª série,3ª série,4ª série,Não-Seriado,Total_Abandono_EF2020,Anos Iniciais,Anos Finais,1º Ano ,2º Ano,3º Ano,4º Ano,5º Ano,6º Ano,7º Ano,8º Ano,9º Ano,Total_Abandono_EM2020,1ª série,2ª série,3ª série,4ª série,Não-Seriado
2020,Brasil,Total,Total,98.2,98.5,97.8,98.3,98.6,98.4,98.7,98.5,97.6,97.7,97.9,97.8,95,94.1,95.8,95.5,85.7,91.2,0.8,0.6,1.1,0.4,0.5,0.7,0.5,0.7,1,1.1,1,1.1,2.7,3.2,2.1,2.6,6.3,6.1,1,0.9,1.1,1.3,0.9,0.9,0.8,0.8,1.4,1.2,1.1,1.1,2.3,2.7,2.1,1.9,8,2.7
2020,Brasil,Urbana,Total,98.2,98.5,97.8,98.1,98.5,98.4,98.7,98.7,97.7,97.8,98,97.9,95,94.1,95.8,95.5,85.7,90.2,0.8,0.6,1.1,0.4,0.5,0.7,0.5,0.6,1.1,1.1,1,1.2,2.7,3.2,2.2,2.6,6.3,6.9,1,0.9,1.1,1.5,1,0.9,0.8,0.7,1.2,1.1,1,0.9,2.3,2.7,2,1.9,8,2.9
2020,Brasil,Rural,Total,98.1,98.5,97.4,99.2,99.1,98.4,98.4,97.7,97.3,97.4,97.5,97.3,95,94.1,96,95.4,86.2,94.7,0.7,0.6,0.8,0.2,0.3,0.8,0.6,1.1,0.9,0.8,0.7,0.8,2.6,3.2,1.9,2.4,5.2,3.2,1.2,0.9,1.8,0.6,0.6,0.8,1,1.2,1.8,1.8,1.8,1.9,2.4,2.7,2.1,2.2,8.6,2.1
2020,Brasil,Total,Federal,99.2,99.6,99,99.3,99.8,99.8,99.3,99.7,99.3,99,98.5,99.5,88.2,82.3,90.4,92.2,91.3,90.9,0.8,0.3,0.9,0.6,0,0.2,0.5,0.1,0.6,1,1.5,0.4,10,15.4,8.3,6.4,6.1,6.8,0,0.1,0.1,0.1,0.2,0,0.2,0.2,0.1,0,0,0.1,1.8,2.3,1.3,1.4,2.6,2.3
2020,Brasil,Urbana,Federal,99.2,99.6,99,99.3,99.8,99.8,99.3,99.7,99.3,99,98.5,99.5,89.2,83.9,91.1,92.9,91,91.4,0.8,0.3,0.9,0.6,0,0.2,0.5,0.1,0.6,1,1.5,0.4,9.1,14.1,7.7,5.8,6.3,6.2,0,0.1,0.1,0.1,0.2,0,0.2,0.2,0.1,0,0,0.1,1.7,2,1.2,1.3,2.7,2.4
2020,Brasil,Rural,Federal,100,100,100,--,100,100,100,100,100,100,100,100,82.5,74,86.4,88.3,96.4,86.4,0,0,0,--,0,0,0,0,0,0,0,0,15.2,22.7,11.9,9.8,2.8,12.1,0,0,0,--,0,0,0,0,0,0,0,0,2.3,3.3,1.7,1.9,0.8,1.5
2020,Brasil,Total,Estadual,97.7,98.7,97.3,98.8,99,98.4,99,98.5,97.4,97.3,97.5,97.1,94.6,93.8,95.4,94.9,83.5,91,1.3,0.7,1.5,0.5,0.5,1.2,0.5,1,1.4,1.5,1.4,1.7,2.8,3.2,2.2,2.9,6.5,6.6,1,0.6,1.2,0.7,0.5,0.4,0.5,0.5,1.2,1.2,1.1,1.2,2.6,3,2.4,2.2,10,2.4
2020,Brasil,Urbana,Estadual,97.7,98.8,97.3,98.9,99.1,98.5,99.1,98.7,97.4,97.3,97.5,97.2,94.5,93.8,95.4,94.9,83.5,88.8,1.3,0.7,1.5,0.5,0.5,1.1,0.5,0.9,1.4,1.5,1.4,1.7,2.9,3.3,2.3,3,6.5,8.7,1,0.5,1.2,0.6,0.4,0.4,0.4,0.4,1.2,1.2,1.1,1.1,2.6,2.9,2.3,2.1,10,2.5
2020,Brasil,Rural,Estadual,97,96.9,97.1,97.7,98.4,96.3,97,95.7,97.3,97,97.2,96.8,96,95.6,96.7,95.9,80.3,95.9,1.1,1.1,1.2,0.3,0.5,1.5,0.8,1.9,1,1.2,1,1.4,1.6,1.8,1.2,1.8,6.2,1.9,1.9,2,1.7,2,1.1,2.2,2.2,2.4,1.7,1.8,1.8,1.8,2.4,2.6,2.1,2.3,13.5,2.2
2020,Brasil,Total,Municipal,98.6,99,98,99.4,99.2,98.8,98.9,98.7,97.7,97.9,98.1,98.3,97.2,96.7,97.8,97.8,90.2,--,0.6,0.5,0.7,0.2,0.4,0.7,0.5,0.7,0.8,0.8,0.7,0.6,1.3,1.6,1.1,1,0.6,--,0.8,0.5,1.3,0.4,0.4,0.5,0.6,0.6,1.5,1.3,1.2,1.1,1.5,1.7,1.1,1.2,9.2,--
2020,Brasil,Urbana,Municipal,98.8,99.1,98.1,99.4,99.2,98.8,99,98.9,97.9,98,98.3,98.5,97.4,96.6,97.8,98,95.8,--,0.6,0.5,0.7,0.2,0.4,0.7,0.5,0.6,0.8,0.8,0.7,0.6,1.3,1.7,1.2,0.8,0.7,--,0.6,0.4,1.2,0.4,0.4,0.5,0.5,0.5,1.3,1.2,1,0.9,1.3,1.7,1,1.2,3.5,--
2020,Brasil,Rural,Municipal,98.2,98.6,97.5,99.3,99.2,98.5,98.5,97.9,97.3,97.5,97.5,97.5,96,97.4,98.1,95.6,58.7,--,0.6,0.6,0.7,0.1,0.3,0.7,0.6,1,0.8,0.8,0.7,0.7,1.2,0.9,0.2,2.9,0,--,1.2,0.8,1.8,0.6,0.5,0.8,0.9,1.1,1.9,1.7,1.8,1.8,2.8,1.7,1.7,1.5,41.3,--
2020,Brasil,Total,Privada,97.3,96.5,98.5,93.9,96.1,96.9,97.6,98,98,98.4,98.7,98.8,98.8,98.3,99.1,99.4,83,93.1,0.7,0.7,0.7,1.1,0.8,0.7,0.5,0.6,0.8,0.7,0.7,0.6,0.7,1.1,0.6,0.3,6.6,1.2,2,2.8,0.8,5,3.1,2.4,1.9,1.4,1.2,0.9,0.6,0.6,0.5,0.6,0.3,0.3,10.4,5.7
2020,Brasil,Urbana,Privada,97.3,96.5,98.5,93.9,96.1,96.9,97.6,98,98.1,98.4,98.7,98.8,98.9,98.4,99.1,99.5,79.9,93,0.7,0.7,0.7,1.1,0.8,0.7,0.5,0.6,0.8,0.7,0.6,0.6,0.7,1.1,0.5,0.3,6.3,1.2,2,2.8,0.8,5,3.1,2.4,1.9,1.4,1.1,0.9,0.7,0.6,0.4,0.5,0.4,0.2,13.8,5.8
2020,Brasil,Rural,Privada,96.4,95.9,97.3,94.2,96.1,95.9,96,97.2,96.7,97.6,97.2,97.6,93.8,92.1,95.5,95.4,88.8,98,1.7,1.8,1.5,2.2,1.8,1.6,2,1.5,1.9,1.4,1.8,1,2,2.3,1.4,1.5,7,0,1.9,2.3,1.2,3.6,2.1,2.5,2,1.3,1.4,1,1,1.4,4.2,5.6,3.1,3.1,4.2,2
2020,Brasil,Total,Pública,98.4,98.9,97.7,99.3,99.2,98.7,98.9,98.6,97.6,97.6,97.8,97.7,94.4,93.6,95.3,94.9,85.9,91,0.8,0.5,1.1,0.2,0.4,0.7,0.5,0.7,1.1,1.1,1,1.2,3,3.5,2.4,3,6.3,6.7,0.8,0.6,1.2,0.5,0.4,0.6,0.6,0.7,1.3,1.3,1.2,1.1,2.6,2.9,2.3,2.1,7.8,2.3
2020,Brasil,Urbana,Pública,98.4,99,97.7,99.3,99.2,98.8,99,98.8,97.6,97.6,97.9,97.7,94.4,93.6,95.3,94.8,85.9,89.8,0.8,0.5,1.2,0.2,0.4,0.7,0.5,0.6,1.1,1.2,1.1,1.3,3.1,3.5,2.4,3,6.3,7.7,0.8,0.5,1.1,0.5,0.4,0.5,0.5,0.6,1.3,1.2,1,1,2.5,2.9,2.3,2.2,7.8,2.5
2020,Brasil,Rural,Pública,98.1,98.5,97.4,99.2,99.1,98.4,98.4,97.7,97.3,97.4,97.5,97.3,95.1,94.2,96,95.4,84.7,94.7,0.7,0.6,0.8,0.1,0.3,0.8,0.6,1.1,0.9,0.8,0.7,0.8,2.6,3.2,1.9,2.4,4.2,3.2,1.2,0.9,1.8,0.7,0.6,0.8,1,1.2,1.8,1.8,1.8,1.9,2.3,2.6,2.1,2.2,11.1,2.1
2020,Norte,Total,Total,97.8,98.1,97.4,98.6,98.6,97.9,98.1,97.4,97.1,97.5,97.6,97.5,96.9,95.9,97.2,97.8,97.3,96.9,0.8,0.7,1,0.2,0.4,1,0.6,1,1.1,1,0.9,1,2,2.6,1.8,1.4,0.2,0.4,1.4,1.2,1.6,1.2,1,1.1,1.3,1.6,1.8,1.5,1.5,1.5,1.1,1.5,1,0.8,2.5,2.7
2020,Norte,Urbana,Total,98.1,98.4,97.7,98.5,98.6,98.1,98.4,98.2,97.4,97.7,97.9,97.9,96.9,95.9,97.2,97.8,97.3,98.1,0.8,0.6,1.1,0.2,0.4,0.9,0.6,0.8,1.2,1.1,1,1,2.1,2.7,1.9,1.4,0.3,0,1.1,1,1.2,1.3,1,1,1,1,1.4,1.2,1.1,1.1,1,1.4,0.9,0.8,2.4,1.9
2020,Norte,Rural,Total,97,97.4,96.4,98.7,98.6,97.3,97.4,95.6,96.2,96.7,96.7,96,96.9,96,97.5,97.6,97.4,96.5,0.8,0.9,0.8,0.1,0.3,1.2,0.8,1.7,0.9,0.7,0.7,0.9,1.5,2,1.2,1.3,0,0.6,2.2,1.7,2.8,1.2,1.1,1.5,1.8,2.7,2.9,2.6,2.6,3.1,1.6,2,1.3,1.1,2.6,2.9
2020,Norte,Total,Federal,99.6,99.5,99.6,100,100,99.2,98.4,100,100,99.5,99.2,99.8,88.3,83,91.1,91.6,96.3,99.7,0.4,0.5,0.4,0,0,0.8,1.6,0,0,0.5,0.8,0.2,11,16.2,8.4,7.7,0.7,0,0,0,0,0,0,0,0,0,0,0,0,0,0.7,0.8,0.5,0.7,3,0.3
2020,Norte,Urbana,Federal,99.6,99.5,99.6,100,100,99.2,98.4,100,100,99.5,99.2,99.8,89.5,84.5,92.1,93.1,96.3,--,0.4,0.5,0.4,0,0,0.8,1.6,0,0,0.5,0.8,0.2,9.7,14.7,7.3,6.2,0.7,--,0,0,0,0,0,0,0,0,0,0,0,0,0.8,0.8,0.6,0.7,3,--
2020,Norte,Rural,Federal,--,--,--,--,--,--,--,--,--,--,--,--,81.9,73.7,84.9,82.2,--,99.7,--,--,--,--,--,--,--,--,--,--,--,--,17.6,25.6,14.8,17,--,0,--,--,--,--,--,--,--,--,--,--,--,--,0.5,0.7,0.3,0.8,--,0.3
2020,Norte,Total,Estadual,97.6,98.1,97.4,98.7,98.6,98,98,97.7,97.2,97.4,97.4,97.5,97,96.2,97.3,97.9,97.9,96.6,1.2,0.7,1.4,0.1,0.6,0.9,0.7,0.9,1.5,1.4,1.4,1.4,1.8,2.3,1.7,1.2,0.2,0.5,1.2,1.2,1.2,1.2,0.8,1.1,1.3,1.4,1.3,1.2,1.2,1.1,1.2,1.5,1,0.9,1.9,2.9
2020,Norte,Urbana,Estadual,98.1,99.1,97.7,99.6,99,98.9,99.2,98.9,97.5,97.7,97.7,97.8,97,96.1,97.2,97.8,97.8,100,1.2,0.6,1.5,0.1,0.7,0.8,0.6,0.7,1.5,1.5,1.4,1.4,1.9,2.5,1.8,1.3,0.2,0,0.7,0.3,0.8,0.3,0.3,0.3,0.2,0.4,1,0.8,0.9,0.8,1.1,1.4,1,0.9,2,0
2020,Norte,Rural,Estadual,94.1,92.6,94.9,93,96.4,92.5,91.4,90.7,94.7,94.9,95.1,95,97.5,96.7,98,98.2,98.4,95.6,1,1,0.9,0.1,0.2,0.9,1.3,2.1,0.9,0.9,0.9,1.1,1,1.3,0.8,0.7,0,0.7,4.9,6.4,4.2,6.9,3.4,6.6,7.3,7.2,4.4,4.2,4,3.9,1.5,2,1.2,1.1,1.6,3.7
2020,Norte,Total,Municipal,98,98.3,97.3,99.2,99,98.1,98.2,97.4,97,97.5,97.6,97.3,97.6,--,100,96,--,--,0.7,0.7,0.7,0.1,0.3,1,0.7,1.1,0.8,0.6,0.6,0.7,0,--,0,0,--,--,1.3,1,2,0.7,0.7,0.9,1.1,1.5,2.2,1.9,1.8,2,2.4,--,0,4,--,--
2020,Norte,Urbana,Municipal,98.4,98.7,97.7,99.3,99.1,98.3,98.5,98.2,97.3,97.7,97.9,98.1,97.6,--,100,96,--,--,0.6,0.6,0.7,0.1,0.3,0.9,0.6,0.8,0.8,0.6,0.6,0.5,0,--,0,0,--,--,1,0.7,1.6,0.6,0.6,0.8,0.9,1,1.9,1.7,1.5,1.4,2.4,--,0,4,--,--
2020,Norte,Rural,Municipal,97.4,97.8,96.8,99,98.8,97.6,97.8,96,96.5,97.2,97.1,96.3,--,--,--,--,--,--,0.8,0.8,0.8,0.1,0.3,1.2,0.7,1.7,0.9,0.6,0.6,0.9,--,--,--,--,--,--,1.8,1.4,2.4,0.9,0.9,1.2,1.5,2.3,2.6,2.2,2.3,2.8,--,--,--,--,--,--
2020,Norte,Total,Privada,96.6,95.7,97.9,93.1,95.3,95.8,97,97.3,97.1,97.9,98.3,98.5,98.1,97.5,98.2,98.9,94.7,93.7,0.6,0.6,0.7,0.7,0.5,0.7,0.5,0.6,0.7,0.7,0.6,0.6,0.8,1.1,0.8,0.4,0,0,2.8,3.7,1.4,6.2,4.2,3.5,2.5,2.1,2.2,1.4,1.1,0.9,1.1,1.4,1,0.7,5.3,6.3
2020,Norte,Urbana,Privada,96.5,95.7,97.9,93.1,95.2,95.8,97,97.3,97.1,97.9,98.3,98.5,98.3,97.7,98.3,99.1,91.8,90.8,0.6,0.6,0.6,0.7,0.5,0.7,0.4,0.6,0.7,0.7,0.6,0.6,0.8,1.1,0.8,0.4,0,0,2.9,3.7,1.5,6.2,4.3,3.5,2.6,2.1,2.2,1.4,1.1,0.9,0.9,1.2,0.9,0.5,8.2,9.2
2020,Norte,Rural,Privada,97.2,97.2,97.1,98.2,98.9,96.7,96.6,96.4,97.3,97.2,96.6,97.4,94.3,93,94.9,94.5,96.7,100,1.8,2.1,1.5,1.2,0.6,1.8,3.2,3.4,1.7,1.5,2.1,0.9,0.8,1.3,0.4,0.8,0,0,1,0.7,1.4,0.6,0.5,1.5,0.2,0.2,1,1.3,1.3,1.7,4.9,5.7,4.7,4.7,3.3,0
2020,Norte,Total,Pública,97.9,98.3,97.3,99.1,98.9,98.1,98.2,97.5,97.1,97.4,97.5,97.4,96.8,95.8,97.2,97.7,97.6,97.1,0.8,0.7,1,0.1,0.3,1,0.7,1.1,1.1,1,1,1,2.1,2.7,1.9,1.4,0.3,0.5,1.3,1,1.7,0.8,0.8,0.9,1.1,1.4,1.8,1.6,1.5,1.6,1.1,1.5,0.9,0.9,2.1,2.4
2020,Norte,Urbana,Pública,98.3,98.7,97.7,99.4,99.1,98.4,98.6,98.3,97.4,97.7,97.8,97.9,96.8,95.8,97.1,97.7,97.5,100,0.8,0.6,1.1,0.1,0.4,0.9,0.6,0.8,1.2,1.1,1.1,1.1,2.2,2.8,2,1.5,0.3,0,0.9,0.7,1.2,0.5,0.5,0.7,0.8,0.9,1.4,1.2,1.1,1,1,1.4,0.9,0.8,2.2,0
2020,Norte,Rural,Pública,97,97.4,96.4,98.7,98.6,97.3,97.4,95.6,96.2,96.7,96.7,96,97,96,97.6,97.6,98.4,96.4,0.8,0.9,0.8,0.1,0.3,1.2,0.8,1.7,0.9,0.7,0.6,0.9,1.6,2,1.3,1.3,0,0.6,2.2,1.7,2.8,1.2,1.1,1.5,1.8,2.7,2.9,2.6,2.7,3.1,1.4,2,1.1,1.1,1.6,3
2020,Nordeste,Total,Total,97.8,97.7,97.8,96.8,97.7,97.8,98,98,97.5,97.8,98,98.1,97,97.2,97.8,96,91.4,86.4,0.5,0.5,0.6,0.4,0.3,0.5,0.5,0.6,0.7,0.6,0.5,0.6,0.8,0.6,0.4,1.5,4.7,9.5,1.7,1.8,1.6,2.8,2,1.7,1.5,1.4,1.8,1.6,1.5,1.3,2.2,2.2,1.8,2.5,3.9,4.1
2020,Nordeste,Urbana,Total,97.6,97.3,97.9,95.9,97.1,97.5,97.8,98,97.5,97.8,98.1,98.2,97.2,97.3,97.9,96.2,92.2,86.9,0.5,0.5,0.6,0.5,0.4,0.5,0.5,0.5,0.7,0.6,0.5,0.5,0.8,0.5,0.3,1.5,4.5,9,1.9,2.2,1.5,3.6,2.5,2,1.7,1.5,1.8,1.6,1.4,1.3,2,2.2,1.8,2.3,3.3,4.1
2020,Nordeste,Rural,Total,98.3,98.8,97.6,99.3,99.3,98.7,98.6,98.2,97.6,97.7,97.6,97.6,95.3,95.4,96.4,94.2,84.4,80.5,0.6,0.5,0.7,0.1,0.2,0.5,0.6,0.9,0.7,0.7,0.6,0.6,1.5,1.3,0.8,2.2,6.5,15.2,1.1,0.7,1.7,0.6,0.5,0.8,0.8,0.9,1.7,1.6,1.8,1.8,3.2,3.3,2.8,3.6,9.1,4.3
2020,Nordeste,Total,Federal,99.4,99.4,99.4,100,100,100,100,98.4,99.3,98.9,99.6,99.8,85.3,79,87.7,89.4,90.8,83,0.4,0,0.5,0,0,0,0,0,0.5,0.9,0.4,0.2,11.7,17,10.1,8.3,5.8,12.3,0.2,0.6,0.1,0,0,0,0,1.6,0.2,0.2,0,0,3,4,2.2,2.3,3.4,4.7
2020,Nordeste,Urbana,Federal,99.4,99.3,99.4,100,100,100,100,98.2,99.2,98.9,99.6,99.8,85.9,79.9,88.4,89.7,90.7,83.2,0.4,0,0.5,0,0,0,0,0,0.5,0.9,0.4,0.2,11,16.2,9.5,8,5.8,11.3,0.2,0.7,0.1,0,0,0,0,1.8,0.3,0.2,0,0,3.1,3.9,2.1,2.3,3.5,5.5
2020,Nordeste,Rural,Federal,100,100,100,--,100,100,100,100,100,100,100,100,80.9,73.4,83.3,87.9,93.9,82,0,0,0,--,0,0,0,0,0,0,0,0,16,21.9,14.3,9.9,5.1,17,0,0,0,--,0,0,0,0,0,0,0,0,3.1,4.7,2.4,2.2,1,1
2020,Nordeste,Total,Estadual,99,99.2,99,99.3,99.4,99.4,99.3,98.8,99.2,99.1,99,98.7,97.3,97.7,98,95.8,96.6,87.3,0.2,0.4,0.1,0.2,0.3,0.3,0.4,0.6,0.1,0.1,0.1,0.3,0.4,0.1,0.1,1.5,1.1,9.2,0.8,0.4,0.9,0.5,0.3,0.3,0.3,0.6,0.7,0.8,0.9,1,2.3,2.2,1.9,2.7,2.3,3.5
2020,Nordeste,Urbana,Estadual,99.1,99.7,99.1,99.8,99.8,99.8,99.7,99.4,99.3,99.1,99.1,98.8,97.4,97.7,98.1,95.9,96.5,87.8,0.1,0.1,0.1,0,0,0,0.1,0.2,0.1,0.1,0.1,0.2,0.4,0.1,0.1,1.5,1.2,8.9,0.8,0.2,0.8,0.2,0.2,0.2,0.2,0.4,0.6,0.8,0.8,1,2.2,2.2,1.8,2.6,2.3,3.3
2020,Nordeste,Rural,Estadual,97.8,97.2,98.1,97.8,97.9,97.6,97.4,95.8,98.4,98.5,98.4,97.2,96.3,96.8,97,94.6,100,78.8,1,1.7,0.5,0.7,1.3,1.5,1.8,2.8,0.4,0.3,0.2,1.1,0.6,0.2,0.2,1.7,0,14.5,1.2,1.1,1.4,1.5,0.8,0.9,0.8,1.4,1.2,1.2,1.4,1.7,3.1,3,2.8,3.7,0,6.7
2020,Nordeste,Total,Municipal,98.4,98.9,97.8,99.4,99.3,98.8,98.7,98.5,97.5,97.7,97.9,98,93.2,93.6,95.9,91.9,83.3,--,0.5,0.3,0.6,0.1,0.1,0.4,0.4,0.6,0.7,0.7,0.6,0.6,1.3,1.3,0.1,3.2,0,--,1.1,0.8,1.6,0.5,0.6,0.8,0.9,0.9,1.8,1.6,1.5,1.4,5.5,5.1,4,4.9,16.7,--
2020,Nordeste,Urbana,Municipal,98.4,99,97.8,99.4,99.3,98.8,98.7,98.6,97.5,97.7,98,98.1,90,87.9,91.9,88.6,98.5,--,0.5,0.3,0.6,0.1,0.1,0.4,0.4,0.5,0.7,0.7,0.6,0.6,1.7,2.4,0.3,2.5,0,--,1.1,0.7,1.6,0.5,0.6,0.8,0.9,0.9,1.8,1.6,1.4,1.3,8.3,9.7,7.8,8.9,1.5,--
2020,Nordeste,Rural,Municipal,98.4,98.9,97.6,99.4,99.4,98.8,98.7,98.3,97.6,97.7,97.6,97.7,96,99,98.7,94.9,58.3,--,0.5,0.4,0.6,0.1,0.2,0.5,0.5,0.8,0.7,0.7,0.6,0.6,1,0.2,0,3.9,0,--,1.1,0.7,1.8,0.5,0.4,0.7,0.8,0.9,1.7,1.6,1.8,1.7,3,0.8,1.3,1.2,41.7,--
2020,Nordeste,Total,Privada,94.5,93,97.1,88.3,92,93.8,95.1,95.9,96.1,96.9,97.6,97.9,98.1,97.4,98.4,99,84.8,85.7,0.9,1,0.9,1.4,1,0.9,0.7,0.8,1.1,0.9,0.8,0.8,0.8,1.1,0.7,0.3,8.1,1.6,4.6,6,2,10.3,7,5.3,4.2,3.3,2.8,2.2,1.6,1.3,1.1,1.5,0.9,0.7,7.1,12.7
2020,Nordeste,Urbana,Privada,94.5,93,97.1,88.3,92,93.8,95.1,95.9,96.1,96.9,97.6,97.9,98.3,97.6,98.5,99.1,85.2,85,0.9,1,0.9,1.3,1,0.9,0.7,0.8,1,0.9,0.8,0.8,0.7,1.1,0.6,0.3,3.8,1.7,4.6,6,2,10.4,7,5.3,4.2,3.3,2.9,2.2,1.6,1.3,1,1.3,0.9,0.6,11,13.3
2020,Nordeste,Rural,Privada,94.5,93.9,95.7,92.4,94.2,93.5,93.9,95.8,94.2,96.1,96.3,96.4,91.1,88.3,93.9,94.3,84.7,100,2.4,2.4,2.3,2.6,2.6,2.4,2.7,1.8,3.2,2.3,2.2,1.5,3.3,3.2,2.1,2.3,9.8,0,3.1,3.7,2,5,3.2,4.1,3.4,2.4,2.6,1.6,1.5,2.1,5.6,8.5,4,3.4,5.5,0
2020,Nordeste,Total,Pública,98.5,98.9,98,99.4,99.3,98.8,98.7,98.5,97.8,97.9,98.1,98.2,96.9,97.2,97.7,95.6,92,86.5,0.4,0.4,0.6,0.1,0.1,0.4,0.4,0.6,0.6,0.6,0.5,0.5,0.8,0.5,0.3,1.7,4.4,9.8,1.1,0.7,1.4,0.5,0.6,0.8,0.9,0.9,1.6,1.5,1.4,1.3,2.3,2.3,2,2.7,3.6,3.7
2020,Nordeste,Urbana,Pública,98.5,99,98.1,99.4,99.3,98.9,98.8,98.7,97.8,98,98.2,98.3,97,97.3,97.8,95.7,92.3,87,0.4,0.3,0.5,0.1,0.1,0.4,0.4,0.5,0.6,0.5,0.5,0.5,0.8,0.5,0.3,1.7,4.5,9.3,1.1,0.7,1.4,0.5,0.6,0.7,0.8,0.8,1.6,1.5,1.3,1.2,2.2,2.2,1.9,2.6,3.2,3.7
2020,Nordeste,Rural,Pública,98.4,98.9,97.7,99.4,99.4,98.8,98.6,98.3,97.7,97.7,97.6,97.7,95.4,95.6,96.4,94.2,83.9,80.1,0.5,0.5,0.6,0.1,0.2,0.5,0.6,0.9,0.7,0.6,0.6,0.6,1.4,1.2,0.8,2.2,2.6,15.5,1.1,0.6,1.7,0.5,0.4,0.7,0.8,0.8,1.6,1.7,1.8,1.7,3.2,3.2,2.8,3.6,13.5,4.4
2020,Sudeste,Total,Total,98.6,99.1,98.1,98.7,99.1,99,99.3,99.1,97.9,98.1,98.3,98.2,94.8,93.6,95.7,95.7,76.6,92.9,0.6,0.4,0.8,0.4,0.3,0.4,0.3,0.4,0.8,0.7,0.7,0.8,3,3.5,2.3,2.9,9.1,4.9,0.8,0.5,1.1,0.9,0.6,0.6,0.4,0.5,1.3,1.2,1,1,2.2,2.9,2,1.4,14.3,2.2
2020,Sudeste,Urbana,Total,98.6,99.1,98.1,98.7,99.1,99.1,99.3,99.2,97.9,98.1,98.3,98.2,94.8,93.6,95.7,95.7,76.2,92.5,0.6,0.4,0.8,0.4,0.3,0.4,0.3,0.4,0.8,0.7,0.7,0.8,2.9,3.5,2.3,2.9,9.2,5.1,0.8,0.5,1.1,0.9,0.6,0.5,0.4,0.4,1.3,1.2,1,1,2.3,2.9,2,1.4,14.6,2.4
2020,Sudeste,Rural,Total,98.7,99,98.1,99.1,99.2,99,99.2,98.8,97.9,98,98.1,98.3,94.2,92.3,95,95.8,94,98.1,0.5,0.3,0.7,0.2,0.2,0.4,0.3,0.6,0.8,0.7,0.8,0.7,4.1,5.6,3.5,2.9,1.9,1.8,0.8,0.7,1.2,0.7,0.6,0.6,0.5,0.6,1.3,1.3,1.1,1,1.7,2.1,1.5,1.3,4.1,0.1
2020,Sudeste,Total,Federal,99.1,99.7,98.9,99,99.7,100,99.8,99.8,98.7,99.2,98.1,99.5,92,86.9,93.9,96,95.5,90.4,0.8,0.3,1,1,0,0,0.2,0.2,1.2,0.7,1.9,0.3,7.1,11.9,5.7,3.3,3,7.9,0.1,0,0.1,0,0.3,0,0,0,0.1,0.1,0,0.2,0.9,1.2,0.4,0.7,1.5,1.7
2020,Sudeste,Urbana,Federal,99.1,99.7,98.9,99,99.7,100,99.8,99.8,98.7,99.2,98.1,99.5,92.7,88.4,94.5,96.4,95.4,90.3,0.8,0.3,1,1,0,0,0.2,0.2,1.2,0.7,1.9,0.3,6.4,10.5,5.2,3,3,8,0.1,0,0.1,0,0.3,0,0,0,0.1,0.1,0,0.2,0.9,1.1,0.3,0.6,1.6,1.7
2020,Sudeste,Rural,Federal,--,--,--,--,--,--,--,--,--,--,--,--,86.7,77.8,89.8,93.5,97.2,98.7,--,--,--,--,--,--,--,--,--,--,--,--,12.1,20.6,9.4,5.5,1.4,0,--,--,--,--,--,--,--,--,--,--,--,--,1.2,1.6,0.8,1,1.4,1.3
2020,Sudeste,Total,Estadual,97.9,99,97.4,98.6,99,99,99.1,99.2,97.1,97.5,97.6,97.5,94,92.8,95,94.9,72.2,98.9,0.8,0.3,1,0.4,0.4,0.4,0.3,0.3,1.1,0.9,0.9,1.1,3.4,3.8,2.6,3.5,10.6,1.1,1.3,0.7,1.6,1,0.6,0.6,0.6,0.5,1.8,1.6,1.5,1.4,2.6,3.4,2.4,1.6,17.2,0
2020,Sudeste,Urbana,Estadual,97.9,99,97.4,98.6,99,99,99.1,99.1,97.1,97.5,97.6,97.5,94,92.8,95,94.8,72.2,99.4,0.8,0.3,1,0.4,0.4,0.4,0.3,0.3,1.1,0.9,0.9,1.1,3.4,3.8,2.6,3.5,10.7,0.6,1.3,0.7,1.6,1,0.6,0.6,0.6,0.6,1.8,1.6,1.5,1.4,2.6,3.4,2.4,1.7,17.1,0
2020,Sudeste,Rural,Estadual,98.5,99.4,98.1,99.3,99.6,99.3,99.5,99.2,98.2,98.3,98,98,94.9,93.6,95.4,96,79.5,98,0.6,0.1,0.9,0.1,0.1,0.1,0.1,0.1,0.9,0.7,1,0.9,3.6,4.5,3.1,2.9,0,2,0.9,0.5,1,0.6,0.3,0.6,0.4,0.7,0.9,1,1,1.1,1.5,1.9,1.5,1.1,20.5,0
2020,Sudeste,Total,Municipal,99.2,99.3,98.8,99.4,99.4,99.2,99.4,99.2,98.5,98.7,98.9,99,98.1,97.5,98.4,98.7,97.1,--,0.4,0.3,0.5,0.1,0.2,0.4,0.2,0.4,0.6,0.5,0.5,0.5,1.2,1.5,1.1,0.7,1.6,--,0.4,0.4,0.7,0.5,0.4,0.4,0.4,0.4,0.9,0.8,0.6,0.5,0.7,1,0.5,0.6,1.3,--
2020,Sudeste,Urbana,Municipal,99.2,99.4,98.8,99.4,99.4,99.2,99.4,99.2,98.6,98.7,98.9,99,98.1,97.4,98.4,98.7,97.1,--,0.3,0.3,0.5,0.1,0.2,0.4,0.2,0.4,0.6,0.5,0.5,0.5,1.2,1.6,1.1,0.8,1.6,--,0.5,0.3,0.7,0.5,0.4,0.4,0.4,0.4,0.8,0.8,0.6,0.5,0.7,1,0.5,0.5,1.3,--
2020,Sudeste,Rural,Municipal,98.8,99.1,98,99.2,99.2,98.9,99.2,98.7,97.8,97.8,98.2,98.5,98.7,98.4,98.3,99.5,--,--,0.4,0.3,0.6,0.1,0.2,0.4,0.3,0.6,0.7,0.6,0.6,0.5,0.5,0.8,0.6,0,--,--,0.8,0.6,1.4,0.7,0.6,0.7,0.5,0.7,1.5,1.6,1.2,1,0.8,0.8,1.1,0.5,--,--
2020,Sudeste,Total,Privada,98.6,98.2,99.1,96.6,98.1,98.5,98.9,99,98.9,99.1,99.2,99.2,99.1,98.7,99.4,99.6,76.4,94.2,0.7,0.7,0.6,1.2,0.7,0.6,0.5,0.5,0.7,0.7,0.6,0.6,0.6,1,0.4,0.2,8.2,1.1,0.7,1.1,0.3,2.2,1.2,0.9,0.6,0.5,0.4,0.2,0.2,0.2,0.3,0.3,0.2,0.2,15.4,4.7
2020,Sudeste,Urbana,Privada,98.6,98.2,99.1,96.6,98.2,98.5,98.9,99,98.9,99.1,99.2,99.2,99.2,98.8,99.4,99.7,72.6,94.2,0.7,0.7,0.6,1.1,0.7,0.6,0.5,0.5,0.7,0.7,0.6,0.6,0.6,1,0.4,0.2,9.3,1.1,0.7,1.1,0.3,2.3,1.1,0.9,0.6,0.5,0.4,0.2,0.2,0.2,0.2,0.2,0.2,0.1,18.1,4.7
2020,Sudeste,Rural,Privada,98,97.9,98.3,95.6,97.8,98.6,98.4,99,98.5,98.5,97.8,98.2,95.7,94.6,96.3,96.4,96.2,--,1.1,1.1,1.1,2.1,1,0.6,0.8,0.7,0.9,0.9,1.5,0.9,1,1.1,0.9,0.7,2.5,--,0.9,1,0.6,2.3,1.2,0.8,0.8,0.3,0.6,0.6,0.7,0.9,3.3,4.3,2.8,2.9,1.3,--
2020,Sudeste,Total,Pública,98.7,99.3,97.9,99.3,99.3,99.2,99.3,99.2,97.7,97.9,98.1,98,94,92.8,95.1,94.9,76.6,92.4,0.5,0.3,0.8,0.2,0.2,0.4,0.2,0.4,0.9,0.8,0.8,0.9,3.4,3.9,2.6,3.5,9.2,6.3,0.8,0.4,1.3,0.5,0.5,0.4,0.5,0.4,1.4,1.3,1.1,1.1,2.6,3.3,2.3,1.6,14.2,1.3
2020,Sudeste,Urbana,Pública,98.7,99.3,97.9,99.3,99.3,99.2,99.4,99.2,97.7,97.9,98.1,98,94,92.8,95.1,94.9,76.4,91.8,0.5,0.3,0.8,0.2,0.3,0.4,0.2,0.4,0.9,0.8,0.8,0.9,3.4,3.9,2.6,3.5,9.2,6.8,0.8,0.4,1.3,0.5,0.4,0.4,0.4,0.4,1.4,1.3,1.1,1.1,2.6,3.3,2.3,1.6,14.4,1.4
2020,Sudeste,Rural,Pública,98.7,99.1,98.1,99.2,99.3,99,99.2,98.7,97.9,98,98.1,98.3,94.1,92.1,94.9,95.8,91,98.1,0.4,0.3,0.7,0.1,0.2,0.4,0.2,0.6,0.8,0.7,0.7,0.7,4.4,6.1,3.7,3.1,0.9,1.8,0.9,0.6,1.2,0.7,0.5,0.6,0.6,0.7,1.3,1.3,1.2,1,1.5,1.8,1.4,1.1,8.1,0.1
2020,Sul,Total,Total,98.2,99.1,97.2,99.3,99,98.8,99.2,99,97.5,97.2,97.2,96.9,91,89.5,91.9,92.2,88.7,95.3,1.4,0.8,2.1,0.5,0.9,1,0.6,0.8,1.9,2.1,2.1,2.3,4.8,5.9,4,3.9,5.5,1,0.4,0.1,0.7,0.2,0.1,0.2,0.2,0.2,0.6,0.7,0.7,0.8,4.2,4.6,4.1,3.9,5.8,3.7
2020,Sul,Urbana,Total,98.2,99,97.2,99.2,98.9,98.8,99.2,99,97.5,97.2,97.1,96.8,90.9,89.5,91.8,92.1,89.1,95.3,1.4,0.8,2.2,0.5,0.9,1.1,0.6,0.9,1.9,2.2,2.1,2.4,4.8,6,4.1,3.9,5.5,1,0.4,0.2,0.6,0.3,0.2,0.1,0.2,0.1,0.6,0.6,0.8,0.8,4.3,4.5,4.1,4,5.4,3.7
2020,Sul,Rural,Total,98.7,99.3,97.8,99.7,99.3,99,99.4,99.2,98,97.7,97.6,97.8,92.9,91.4,94.3,94.3,80.6,91.7,0.9,0.6,1.4,0.3,0.6,0.9,0.5,0.7,1.5,1.6,1.3,1.4,3.8,5,2.9,2.9,6.9,0,0.4,0.1,0.8,0,0.1,0.1,0.1,0.1,0.5,0.7,1.1,0.8,3.3,3.6,2.8,2.8,12.5,8.3
2020,Sul,Total,Federal,98.1,99.6,97.7,98.7,100,100,98.9,100,99.1,97.4,96.3,98.4,88,82.8,89.9,91,87.4,97.4,1.8,0,2.2,0,0,0,0,0,0.9,2.6,3.7,1.5,10.8,16.3,8.8,7.7,11.3,1.1,0.1,0.4,0.1,1.3,0,0,1.1,0,0,0,0,0.1,1.2,0.9,1.3,1.3,1.3,1.5
2020,Sul,Urbana,Federal,98.1,99.6,97.7,98.7,100,100,98.9,100,99.1,97.4,96.3,98.4,88.5,83.8,90,91.4,86.2,97.4,1.8,0,2.2,0,0,0,0,0,0.9,2.6,3.7,1.5,10.2,15.5,8.5,7.2,12.3,1.1,0.1,0.4,0.1,1.3,0,0,1.1,0,0,0,0,0.1,1.3,0.7,1.5,1.4,1.5,1.5
2020,Sul,Rural,Federal,--,--,--,--,--,--,--,--,--,--,--,--,85.7,78.5,89.4,89.2,98.3,--,--,--,--,--,--,--,--,--,--,--,--,--,13.5,20,10.1,10.1,1.7,--,--,--,--,--,--,--,--,--,--,--,--,--,0.8,1.5,0.5,0.7,0,--
2020,Sul,Total,Estadual,96.9,98.8,96.2,98.9,99.1,98.7,99.2,98,96.8,96.4,96.2,95.6,89.8,88.5,90.8,90.9,88.7,90,2.4,1.2,2.8,1,0.9,1.2,0.7,1.9,2.4,2.8,2.8,3.3,5.2,6.3,4.5,4.4,4.8,0.8,0.7,0,1,0.1,0,0.1,0.1,0.1,0.8,0.8,1,1.1,5,5.2,4.7,4.7,6.5,9.2
2020,Sul,Urbana,Estadual,96.8,98.7,96.1,98.9,99,98.7,99.2,97.9,96.7,96.3,96.1,95.5,89.7,88.3,90.6,90.8,89.3,90,2.5,1.2,2.9,1,0.9,1.2,0.7,2,2.5,2.9,2.9,3.4,5.3,6.5,4.6,4.5,4.6,0.8,0.7,0.1,1,0.1,0.1,0.1,0.1,0.1,0.8,0.8,1,1.1,5,5.2,4.8,4.7,6.1,9.2
2020,Sul,Rural,Estadual,98.2,99.2,97.7,99.3,99.5,99.1,99.6,98.6,98.1,97.9,97.4,97.4,93.7,92.8,94.8,94.8,72.7,--,1.2,0.7,1.5,0.6,0.5,0.8,0.2,1.1,1.4,1.5,1.3,1.7,2.7,3.3,2.2,2.2,9.3,--,0.6,0.1,0.8,0.1,0,0.1,0.2,0.3,0.5,0.6,1.3,0.9,3.6,3.9,3,3,18,--
2020,Sul,Total,Municipal,98.9,99.1,98.3,99.4,98.9,98.7,99.2,99.2,98.1,98.1,98.4,98.7,96.5,95.9,97.3,97.6,90.4,--,0.9,0.7,1.2,0.4,0.9,1.1,0.6,0.6,1.4,1.4,1.1,0.9,0.6,1,0.6,0.3,0,--,0.2,0.2,0.5,0.2,0.2,0.2,0.2,0.2,0.5,0.5,0.5,0.4,2.9,3.1,2.1,2.1,9.6,--
2020,Sul,Urbana,Municipal,98.9,99.1,98.4,99.4,98.9,98.7,99.2,99.2,98.1,98.2,98.5,98.8,97.4,97.4,97.8,98.2,90.3,--,0.9,0.8,1.2,0.4,1,1.1,0.7,0.6,1.4,1.4,1.1,0.9,0.2,0.2,0.6,0,0,--,0.2,0.1,0.4,0.2,0.1,0.2,0.1,0.2,0.5,0.4,0.4,0.3,2.4,2.4,1.6,1.8,9.7,--
2020,Sul,Rural,Municipal,98.9,99.3,97.9,99.7,99.2,98.9,99.3,99.3,97.9,97.5,97.9,98.2,90.8,87.9,94.3,91.9,100,--,0.8,0.6,1.4,0.2,0.7,0.9,0.5,0.5,1.6,1.7,1.2,1,3.3,4.8,0.7,3.6,0,--,0.3,0.1,0.7,0.1,0.1,0.2,0.2,0.2,0.5,0.8,0.9,0.8,5.9,7.3,5,4.5,0,--
2020,Sul,Total,Privada,99.3,99.3,99.4,98.9,99.1,99.3,99.5,99.5,99.4,99.3,99.4,99.4,99.1,98.6,99.2,99.6,96.6,96,0.6,0.6,0.6,0.7,0.7,0.6,0.4,0.4,0.5,0.6,0.6,0.5,0.7,1.2,0.7,0.3,0,0,0.1,0.1,0,0.4,0.2,0.1,0.1,0.1,0.1,0.1,0,0.1,0.2,0.2,0.1,0.1,3.4,4
2020,Sul,Urbana,Privada,99.3,99.3,99.4,98.9,99.1,99.3,99.5,99.5,99.4,99.3,99.4,99.4,99.1,98.6,99.3,99.6,96.6,97.4,0.6,0.6,0.6,0.7,0.7,0.6,0.4,0.4,0.5,0.6,0.6,0.5,0.7,1.2,0.7,0.3,0,0,0.1,0.1,0,0.4,0.2,0.1,0.1,0.1,0.1,0.1,0,0.1,0.2,0.2,0,0.1,3.4,2.6
2020,Sul,Rural,Privada,98.8,98.8,98.7,100,98.8,99.3,97.3,98.4,98.1,98.5,99.4,98.9,95.6,95.4,96,95.9,--,91.7,0.9,1.1,0.8,0,0.6,0.7,2.7,1.6,1.9,0.7,0.6,0,1.9,2.9,2.1,0.3,--,0,0.3,0.1,0.5,0,0.6,0,0,0,0,0.8,0,1.1,2.5,1.7,1.9,3.8,--,8.3
2020,Sul,Total,Pública,98.1,99,96.9,99.3,99,98.7,99.2,99,97.2,96.9,96.9,96.5,89.8,88.4,90.8,91,88.6,95.2,1.5,0.8,2.3,0.5,0.9,1.1,0.7,0.9,2.1,2.3,2.3,2.6,5.3,6.5,4.6,4.5,5.6,1,0.4,0.2,0.8,0.2,0.1,0.2,0.1,0.1,0.7,0.8,0.8,0.9,4.9,5.1,4.6,4.5,5.8,3.8
2020,Sul,Urbana,Pública,98,99,96.8,99.3,98.9,98.7,99.2,98.9,97.2,96.9,96.8,96.4,89.7,88.2,90.6,90.8,88.9,95.2,1.6,0.8,2.4,0.5,0.9,1.1,0.7,0.9,2.2,2.4,2.4,2.7,5.4,6.6,4.6,4.6,5.6,1,0.4,0.2,0.8,0.2,0.2,0.2,0.1,0.2,0.6,0.7,0.8,0.9,4.9,5.2,4.8,4.6,5.5,3.8
2020,Sul,Rural,Pública,98.7,99.3,97.8,99.7,99.3,99,99.4,99.2,98,97.7,97.6,97.8,92.8,91.3,94.2,94.2,80.6,--,0.9,0.6,1.4,0.3,0.6,0.9,0.5,0.7,1.5,1.6,1.3,1.4,3.9,5,3,3,6.9,--,0.4,0.1,0.8,0,0.1,0.1,0.1,0.1,0.5,0.7,1.1,0.8,3.3,3.7,2.8,2.8,12.5,--
2020,Centro-Oeste,Total,Total,97.8,98.3,97.3,99,98.4,97.4,98.4,98.2,97.7,96.7,97.8,97.1,93.4,91.6,93.9,95.4,81.5,93.2,1.8,1.3,2.3,0.4,1.2,2.2,1.3,1.5,1.9,2.9,1.8,2.5,5.5,7.1,5.1,3.7,8,5.5,0.4,0.4,0.4,0.6,0.4,0.4,0.3,0.3,0.4,0.4,0.4,0.4,1.1,1.3,1,0.9,10.5,1.3
2020,Centro-Oeste,Urbana,Total,97.9,98.3,97.3,98.9,98.4,97.4,98.4,98.3,97.7,96.7,97.8,97.1,93.4,91.7,93.9,95.5,78.8,90.9,1.8,1.3,2.3,0.5,1.2,2.2,1.3,1.5,1.9,2.9,1.8,2.5,5.5,7,5.1,3.6,9.2,7.7,0.3,0.4,0.4,0.6,0.4,0.4,0.3,0.2,0.4,0.4,0.4,0.4,1.1,1.3,1,0.9,12,1.4
2020,Centro-Oeste,Rural,Total,97.7,98.1,97.1,99.5,98.3,97.2,98.1,97.6,97.3,96.3,97.5,97.3,92.2,89.2,93.2,92.9,98.9,96.7,1.8,1.5,2.2,0.2,1.3,2.3,1.5,1.9,2,3,1.7,2,6,8.5,5.2,5.2,0,1.9,0.5,0.4,0.7,0.3,0.4,0.5,0.4,0.5,0.7,0.7,0.8,0.7,1.8,2.3,1.6,1.9,1.1,1.4
2020,Centro-Oeste,Total,Federal,99.5,--,99.5,--,--,--,--,--,99.7,99.5,99.1,99.8,87.5,80.7,89.6,91.4,96.6,95.7,0.5,--,0.5,--,--,--,--,--,0.3,0.5,0.9,0.2,10.3,16.5,8.6,6.7,3.1,2.4,0,--,0,--,--,--,--,--,0,0,0,0,2.2,2.8,1.8,1.9,0.3,1.9
2020,Centro-Oeste,Urbana,Federal,99.5,--,99.5,--,--,--,--,--,99.7,99.5,99.1,99.8,90.1,84.4,91,93.2,96.2,98.4,0.5,--,0.5,--,--,--,--,--,0.3,0.5,0.9,0.2,8.5,13.8,7.9,5.7,3.8,0,0,--,0,--,--,--,--,--,0,0,0,0,1.4,1.8,1.1,1.1,0,1.6
2020,Centro-Oeste,Rural,Federal,--,--,--,--,--,--,--,--,--,--,--,--,77.4,66.9,85.1,84.8,98,66.7,--,--,--,--,--,--,--,--,--,--,--,--,17.5,26.4,11.2,10.5,0,28.6,--,--,--,--,--,--,--,--,--,--,--,--,5.1,6.7,3.7,4.7,2,4.7
2020,Centro-Oeste,Total,Estadual,97.3,97.9,97,99.3,99.3,95.2,99,97.3,97.8,96.2,97.8,96.5,92.8,91.1,93.3,94.9,70.1,92.4,2.4,2,2.6,0.5,0.5,4.7,0.9,2.5,1.9,3.4,1.8,3.1,6,7.6,5.7,4.2,11.7,6.4,0.3,0.1,0.4,0.2,0.2,0.1,0.1,0.2,0.3,0.4,0.4,0.4,1.2,1.3,1,0.9,18.2,1.2
2020,Centro-Oeste,Urbana,Estadual,97.3,97.9,97,99.3,99.3,95.2,99,97.4,97.8,96.2,97.8,96.5,92.7,90.9,93.2,94.9,66.9,87.2,2.4,2,2.6,0.5,0.5,4.8,1,2.5,1.9,3.4,1.9,3.1,6.1,7.7,5.7,4.1,13,11.6,0.3,0.1,0.4,0.2,0.2,0,0,0.1,0.3,0.4,0.3,0.4,1.2,1.4,1.1,1,20.1,1.2
2020,Centro-Oeste,Rural,Estadual,97.6,97.9,97.3,99.8,99.3,95,99.5,96.4,98.2,95.9,98.4,96.8,94.7,93.2,94.7,94.5,100,98.1,2.2,1.9,2.4,0.2,0.6,4.6,0.4,3.4,1.5,3.8,1.2,2.8,4.1,5.4,4.2,4.3,0,0.7,0.2,0.2,0.3,0,0.1,0.4,0.1,0.2,0.3,0.3,0.4,0.4,1.2,1.4,1.1,1.2,0,1.2
2020,Centro-Oeste,Total,Municipal,98,98.3,97,99.3,98.2,97.9,98,98.4,97,96.6,96.8,97.8,90.9,89.2,88.3,97,--,--,1.6,1.3,2.4,0.4,1.5,1.8,1.7,1.3,2.5,2.8,2.6,1.6,6.7,8.1,9.1,1.5,--,--,0.4,0.4,0.6,0.3,0.3,0.3,0.3,0.3,0.5,0.6,0.6,0.6,2.4,2.7,2.6,1.5,--,--
2020,Centro-Oeste,Urbana,Municipal,98.1,98.4,97,99.3,98.2,97.9,98.1,98.4,97,96.6,96.8,97.8,88.3,85,86,96,--,--,1.6,1.3,2.5,0.4,1.5,1.8,1.7,1.3,2.5,2.8,2.6,1.7,8.9,11.6,11.2,2,--,--,0.3,0.3,0.5,0.3,0.3,0.3,0.2,0.3,0.5,0.6,0.6,0.5,2.8,3.4,2.8,2,--,--
2020,Centro-Oeste,Rural,Municipal,97.7,98.2,96.8,99.4,97.9,97.9,97.6,98.1,96.6,96.4,96.7,97.6,98.9,98.9,98,100,--,--,1.6,1.3,2.1,0.2,1.5,1.6,1.9,1.4,2.4,2.5,2.1,1.2,0,0,0,0,--,--,0.7,0.5,1.1,0.4,0.6,0.5,0.5,0.5,1,1.1,1.2,1.2,1.1,1.1,2,0,--,--
2020,Centro-Oeste,Total,Privada,98.7,98.5,99,97.4,98.3,98.6,99,99.1,98.9,99,99.1,99,98.9,98.3,99.1,99.4,100,96,0.6,0.5,0.7,0.5,0.5,0.6,0.4,0.4,0.7,0.8,0.7,0.7,0.8,1.3,0.6,0.4,0,2.1,0.7,1,0.3,2.1,1.2,0.8,0.6,0.5,0.4,0.2,0.2,0.3,0.3,0.4,0.3,0.2,0,1.9
2020,Centro-Oeste,Urbana,Privada,98.7,98.5,99,97.4,98.3,98.6,99,99.1,98.9,99,99.1,99,99,98.5,99.1,99.5,100,96,0.6,0.5,0.7,0.5,0.5,0.6,0.4,0.4,0.7,0.8,0.7,0.7,0.7,1.2,0.6,0.3,0,2.1,0.7,1,0.3,2.1,1.2,0.8,0.6,0.5,0.4,0.2,0.2,0.3,0.3,0.3,0.3,0.2,0,1.9
2020,Centro-Oeste,Rural,Privada,99.3,99.6,99.2,100,100,99.3,99.4,99.4,99.5,100,98.2,99.3,94.6,91.8,97.4,95.5,--,--,0.6,0.4,0.7,0,0,0.7,0.6,0.6,0.5,0,1.3,0.7,3.2,4.8,1.2,3.1,--,--,0.1,0,0.1,0,0,0,0,0,0,0,0.5,0,2.2,3.4,1.4,1.4,--,--
2020,Centro-Oeste,Total,Pública,97.7,98.2,97,99.3,98.4,97.2,98.3,98,97.5,96.3,97.5,96.7,92.5,90.6,93.1,94.8,81,93.1,2,1.5,2.5,0.4,1.3,2.6,1.5,1.7,2.1,3.2,2,2.8,6.2,7.9,5.8,4.3,8.2,5.6,0.3,0.3,0.5,0.3,0.3,0.2,0.2,0.3,0.4,0.5,0.5,0.5,1.3,1.5,1.1,0.9,10.8,1.3
2020,Centro-Oeste,Urbana,Pública,97.7,98.2,97,99.3,98.4,97.2,98.3,98.1,97.5,96.3,97.6,96.7,92.6,90.7,93.1,94.9,78.1,90.6,2,1.5,2.6,0.4,1.3,2.6,1.5,1.7,2.1,3.2,2,2.9,6.2,7.9,5.8,4.2,9.5,8,0.3,0.3,0.4,0.3,0.3,0.2,0.2,0.2,0.4,0.5,0.4,0.4,1.2,1.4,1.1,0.9,12.4,1.4
2020,Centro-Oeste,Rural,Pública,97.6,98.1,97,99.5,98.3,97.2,98.1,97.6,97.3,96.2,97.5,97.2,92.1,89.1,93,92.8,98.9,96.7,1.8,1.5,2.2,0.2,1.3,2.4,1.5,1.9,2.1,3.1,1.7,2,6.1,8.7,5.4,5.4,0,1.9,0.6,0.4,0.8,0.3,0.4,0.4,0.4,0.5,0.6,0.7,0.8,0.8,1.8,2.2,1.6,1.8,1.1,1.4
2020,Rondônia,Total,Total,96.7,97.6,95.6,97.8,98.5,97.3,97.4,97.1,95.4,96.1,95.6,95.2,90.8,89,91.5,92.8,96.5,100,1.2,0.6,2,0.2,0.3,0.8,0.6,0.8,1.9,1.8,2,2.3,6.9,8.3,6.1,5.5,0,0,2.1,1.8,2.4,2,1.2,1.9,2,2.1,2.7,2.1,2.4,2.5,2.3,2.7,2.4,1.7,3.5,0
2020,Rondônia,Urbana,Total,98,99,97,99.2,99.2,98.8,99.1,98.9,97.1,97.4,96.9,96.4,91.6,89.9,92.1,93.6,--,100,1.3,0.5,2.1,0.2,0.3,0.8,0.6,0.8,2,1.9,2,2.4,6.7,8.1,6,5.4,--,0,0.7,0.5,0.9,0.6,0.5,0.4,0.3,0.3,0.9,0.7,1.1,1.2,1.7,2,1.9,1,--,0
2020,Rondônia,Rural,Total,88.8,90.4,86.4,90.3,94.2,90.3,89.4,89.1,84.6,87.9,86.7,86.1,78.6,73.5,81.8,79.8,96.5,100,1,0.6,1.4,0.2,0.3,0.7,0.9,0.8,1.8,1.2,1.3,1.5,9.2,11.4,8.6,7.8,0,0,10.2,9,12.2,9.5,5.5,9,9.7,10.1,13.6,10.9,12,12.4,12.2,15.1,9.6,12.4,3.5,0
2020,Rondônia,Total,Federal,--,--,--,--,--,--,--,--,--,--,--,--,85.2,77.6,90.1,89.6,--,--,--,--,--,--,--,--,--,--,--,--,--,--,14.6,22.3,9.8,10.1,--,--,--,--,--,--,--,--,--,--,--,--,--,--,0.2,0.1,0.1,0.3,--,--
2020,Rondônia,Urbana,Federal,--,--,--,--,--,--,--,--,--,--,--,--,88.2,80.9,92.5,92.7,--,--,--,--,--,--,--,--,--,--,--,--,--,--,11.7,18.9,7.4,7.3,--,--,--,--,--,--,--,--,--,--,--,--,--,--,0.1,0.2,0.1,0,--,--
2020,Rondônia,Rural,Federal,--,--,--,--,--,--,--,--,--,--,--,--,77.2,68.5,83.3,81.4,--,--,--,--,--,--,--,--,--,--,--,--,--,--,22.4,31.2,16.4,17.7,--,--,--,--,--,--,--,--,--,--,--,--,--,--,0.4,0.3,0.3,0.9,--,--
2020,Rondônia,Total,Estadual,93.9,88.1,94.9,84.6,92.6,87,87.5,88.6,94.7,95.5,95,94.5,90.9,89.4,91.3,92.8,--,100,2,0.6,2.2,0.1,0,0.7,0.7,1.1,2.1,2,2.2,2.6,6.6,7.6,6.1,5.4,--,0,4.1,11.3,2.9,15.3,7.4,12.3,11.8,10.3,3.2,2.5,2.8,2.9,2.5,3,2.6,1.8,--,0
2020,Rondônia,Urbana,Estadual,97.1,99.1,96.7,99.5,99.6,99.1,99.1,98.6,96.9,97.2,96.6,96.1,91.4,90,91.8,93.4,--,100,2,0.7,2.2,0.1,0,0.8,0.8,1.2,2.2,2,2.2,2.6,6.7,7.8,6.1,5.5,--,0,0.9,0.2,1.1,0.4,0.4,0.1,0.1,0.2,0.9,0.8,1.2,1.3,1.9,2.2,2.1,1.1,--,0
2020,Rondônia,Rural,Estadual,38.7,8.9,54.5,3,12,8.4,8.1,12,52,55.7,55.5,55.2,73.8,72.3,75.6,74.4,--,--,0.9,0,1.4,0,0,0,0,0.2,1,1,1.4,2.3,3.4,2.4,6.3,1.1,--,--,60.4,91.1,44.1,97,88,91.6,91.9,87.8,47,43.3,43.1,42.5,22.8,25.3,18.1,24.5,--,--
2020,Rondônia,Total,Municipal,98.9,99.1,97.7,99.4,99.4,98.9,99,99,97,97.8,98,98.4,--,--,--,--,--,--,0.6,0.5,1.3,0.2,0.3,0.8,0.6,0.7,1.6,1.3,1.2,1,--,--,--,--,--,--,0.5,0.4,1,0.4,0.3,0.3,0.4,0.3,1.4,0.9,0.8,0.6,--,--,--,--,--,--
2020,Rondônia,Urbana,Municipal,99.2,99.2,98.6,99.5,99.5,98.9,99.1,99.1,98.3,98.6,98.7,99.2,--,--,--,--,--,--,0.5,0.5,0.9,0.2,0.3,0.8,0.5,0.6,0.9,1.1,0.9,0.1,--,--,--,--,--,--,0.3,0.3,0.5,0.3,0.2,0.3,0.4,0.3,0.8,0.3,0.4,0.7,--,--,--,--,--,--
2020,Rondônia,Rural,Municipal,98.1,98.6,97.1,99.2,98.8,98.6,98.5,98.4,96,97.3,97.7,98,--,--,--,--,--,--,1,0.7,1.6,0.2,0.4,0.7,1,0.9,2.1,1.3,1.4,1.3,--,--,--,--,--,--,0.9,0.7,1.3,0.6,0.8,0.7,0.5,0.7,1.9,1.4,0.9,0.7,--,--,--,--,--,--
2020,Rondônia,Total,Privada,98.2,98,98.5,97.2,97.7,97.9,98.7,98.3,98.2,98.4,98.7,99,96.4,95.5,97,97,96.5,100,0.9,0.7,1.1,0.4,0.7,0.9,0.5,1,1.1,1.4,1.1,0.9,2,2.8,2.1,0.9,0,0,0.9,1.3,0.4,2.4,1.6,1.2,0.8,0.7,0.7,0.2,0.2,0.1,1.6,1.7,0.9,2.1,3.5,0
2020,Rondônia,Urbana,Privada,98.1,97.9,98.4,97.1,97.7,97.9,98.6,98.2,98.1,98.3,98.5,98.9,97.3,96.3,97.3,98.9,--,--,0.9,0.7,1.2,0.4,0.7,0.9,0.4,1.1,1.2,1.5,1.2,1,2.4,3.2,2.5,0.9,--,--,1,1.4,0.4,2.5,1.6,1.2,1,0.7,0.7,0.2,0.3,0.1,0.3,0.5,0.2,0.2,--,--
2020,Rondônia,Rural,Privada,99.5,99.3,99.8,100,98.7,98.1,99.4,100,99.5,99.5,100,100,92.5,90,95.2,88.2,96.5,100,0.2,0.4,0.1,0,0.6,0.6,0.6,0,0.5,0,0,0,0.3,0,0,1.2,0,0,0.3,0.3,0.1,0,0.7,1.3,0,0,0,0.5,0,0,7.2,10,4.8,10.6,3.5,0
2020,Rondônia,Total,Pública,96.5,97.5,95.4,97.9,98.6,97.3,97.2,97,95.1,95.9,95.4,94.9,90.5,88.6,91.2,92.6,--,100,1.3,0.5,2.1,0.2,0.2,0.8,0.6,0.8,2,1.9,2,2.4,7.2,8.6,6.4,5.8,--,0,2.2,2,2.5,1.9,1.2,1.9,2.2,2.2,2.9,2.2,2.6,2.7,2.3,2.8,2.4,1.6,--,0
2020,Rondônia,Urbana,Pública,98,99.2,96.8,99.5,99.5,98.9,99.1,99,97,97.3,96.7,96.2,91.2,89.5,91.8,93.3,--,100,1.3,0.5,2.1,0.2,0.2,0.8,0.6,0.7,2.1,2,2.1,2.5,7,8.3,6.2,5.7,--,0,0.7,0.3,1.1,0.3,0.3,0.3,0.3,0.3,0.9,0.7,1.2,1.3,1.8,2.2,2,1,--,0
2020,Rondônia,Rural,Pública,88.3,90.1,85.6,89.8,94,90,89.1,88.8,83.8,87.3,85.8,84.9,75.2,70.9,78.8,77.9,--,--,1,0.6,1.5,0.2,0.3,0.7,0.9,0.9,1.8,1.2,1.4,1.6,11.4,13.3,10.5,9.3,--,--,10.7,9.3,12.9,10,5.7,9.3,10,10.3,14.4,11.5,12.8,13.5,13.4,15.8,10.7,12.8,--,--
2020,Acre,Total,Total,96.2,97,95.2,98.5,95.5,96.7,97.1,97.5,95,95.2,95.2,95.6,86,80.8,87.3,90.9,--,95.6,2,1.3,2.9,0.3,2,1.5,1.3,1.1,3,2.9,2.7,2.8,10.7,15,9.8,6.5,--,0.7,1.8,1.7,1.9,1.2,2.5,1.8,1.6,1.4,2,1.9,2.1,1.6,3.3,4.2,2.9,2.6,--,3.7
2020,Acre,Urbana,Total,95.9,96.9,94.6,98.4,95.5,96.4,96.7,97.4,94.4,94.5,94.5,95.3,83.3,78,85,89.7,--,--,2.5,1.6,3.6,0.4,2.4,2,1.7,1.3,3.8,3.7,3.5,3.2,13.5,18.2,12.3,7.8,--,--,1.6,1.5,1.8,1.2,2.1,1.6,1.6,1.3,1.8,1.8,2,1.5,3.2,3.8,2.7,2.5,--,--
2020,Acre,Rural,Total,97,97.3,96.5,98.6,95.6,97.1,97.9,97.6,96.4,96.7,96.7,96.3,94.5,92.3,95.4,95.8,--,95.6,1,0.8,1.3,0.2,1.4,0.7,0.6,0.7,1.3,1.3,1,1.9,1.3,1.9,0.9,1.4,--,0.7,2,1.9,2.2,1.2,3,2.2,1.5,1.7,2.3,2,2.3,1.8,4.2,5.8,3.7,2.8,--,3.7
2020,Acre,Total,Federal,100,100,100,100,100,100,100,100,100,100,100,100,97.1,93.9,100,97.1,--,--,0,0,0,0,0,0,0,0,0,0,0,0,1.2,0,0,2.2,--,--,0,0,0,0,0,0,0,0,0,0,0,0,1.7,6.1,0,0.7,--,--
2020,Acre,Urbana,Federal,100,100,100,100,100,100,100,100,100,100,100,100,97.1,93.9,100,97.1,--,--,0,0,0,0,0,0,0,0,0,0,0,0,1.2,0,0,2.2,--,--,0,0,0,0,0,0,0,0,0,0,0,0,1.7,6.1,0,0.7,--,--
2020,Acre,Total,Estadual,95.7,96.9,94.9,98.8,95.6,96.3,96.5,97.4,94.5,94.9,94.8,95.5,85.3,79.9,86.7,90.3,--,95.6,2.8,2.3,3.2,0.6,3.1,2.8,2.7,1.9,3.5,3.2,3,2.8,11.2,15.7,10.2,6.9,--,0.7,1.5,0.8,1.9,0.6,1.3,0.9,0.8,0.7,2,1.9,2.2,1.7,3.5,4.4,3.1,2.8,--,3.7
2020,Acre,Urbana,Estadual,94.9,96.1,94.2,98.7,94.4,95.1,95.5,96.8,93.9,94.1,94.1,95,82.3,76.8,84.1,88.9,--,--,3.7,3,4,0.8,4.3,3.8,3.6,2.6,4.3,4.3,3.9,3.5,14.4,19.2,13,8.4,--,--,1.4,0.9,1.8,0.5,1.3,1.1,0.9,0.6,1.8,1.6,2,1.5,3.3,4,2.9,2.7,--,--
2020,Acre,Rural,Estadual,97.5,98.9,96.6,99.2,98.5,99,99.1,98.9,96.4,96.7,96.7,96.7,94.5,92.3,95.4,95.8,--,95.6,0.6,0.3,0.9,0,0.3,0.4,0.4,0.2,1.1,0.8,0.6,1.1,1.3,1.9,0.9,1.4,--,0.7,1.9,0.8,2.5,0.8,1.2,0.6,0.5,0.9,2.5,2.5,2.7,2.2,4.2,5.8,3.7,2.8,--,3.7
2020,Acre,Total,Municipal,96.7,96.9,95.8,98.3,95.3,96.8,97.3,97.3,96.4,95.7,96.2,94.4,--,--,--,--,--,--,0.9,0.7,2,0.1,1.4,0.7,0.5,0.6,1.4,1.9,1.7,3.5,--,--,--,--,--,--,2.4,2.4,2.2,1.6,3.3,2.5,2.2,2.1,2.2,2.4,2.1,2.1,--,--,--,--,--,--
2020,Acre,Urbana,Municipal,97,97.2,94.9,98.1,96,97.2,97.4,97.7,96.3,94,95.3,92.9,--,--,--,--,--,--,0.5,0.4,0.9,0,1,0.5,0.3,0.3,0.6,0.5,0.8,2.2,--,--,--,--,--,--,2.5,2.4,4.2,1.9,3,2.3,2.3,2,3.1,5.5,3.9,4.9,--,--,--,--,--,--
2020,Acre,Rural,Municipal,96.4,96.5,96.3,98.4,94.4,96.2,97.3,96.8,96.5,96.6,96.6,95,--,--,--,--,--,--,1.3,1,2.6,0.2,1.8,0.8,0.7,1,1.9,2.6,2.2,4,--,--,--,--,--,--,2.3,2.5,1.1,1.4,3.8,3,2,2.2,1.6,0.8,1.2,1,--,--,--,--,--,--
2020,Acre,Total,Privada,99.2,99,99.5,98.8,98,99.3,99.2,99.7,99.4,99.3,99.4,99.8,99.5,99.8,98.9,99.6,--,--,0.1,0.1,0,0,0.1,0.1,0,0.1,0,0.1,0,0,0.1,0,0.2,0,--,--,0.7,0.9,0.5,1.2,1.9,0.6,0.8,0.2,0.6,0.6,0.6,0.2,0.4,0.2,0.9,0.4,--,--
2020,Acre,Urbana,Privada,99.2,99,99.5,98.8,98,99.3,99.2,99.7,99.4,99.3,99.4,99.8,99.5,99.8,98.9,99.6,--,--,0.1,0.1,0,0,0.1,0.1,0,0.1,0,0.1,0,0,0.1,0,0.2,0,--,--,0.7,0.9,0.5,1.2,1.9,0.6,0.8,0.2,0.6,0.6,0.6,0.2,0.4,0.2,0.9,0.4,--,--
2020,Acre,Total,Pública,96.1,96.9,95,98.5,95.4,96.6,97,97.4,94.8,95,95,95.4,85.4,80,86.8,90.5,--,95.6,2.1,1.3,3,0.3,2.1,1.6,1.4,1.2,3.2,3,2.9,2.9,11.1,15.6,10.2,6.9,--,0.7,1.8,1.8,2,1.2,2.5,1.8,1.6,1.4,2,2,2.1,1.7,3.5,4.4,3,2.6,--,3.7
2020,Acre,Urbana,Pública,95.6,96.7,94.3,98.4,95.3,96.2,96.5,97.3,94.1,94.1,94.2,94.9,82.4,76.8,84.2,89.1,--,--,2.6,1.7,3.8,0.4,2.5,2.1,1.9,1.4,4,3.9,3.7,3.4,14.3,19.1,12.9,8.3,--,--,1.8,1.6,1.9,1.2,2.2,1.7,1.6,1.3,1.9,2,2.1,1.7,3.3,4.1,2.9,2.6,--,--
2020,Acre,Rural,Pública,97,97.3,96.5,98.6,95.6,97.1,97.9,97.6,96.4,96.7,96.7,96.3,94.5,92.3,95.4,95.8,--,95.6,1,0.8,1.3,0.2,1.4,0.7,0.6,0.7,1.3,1.3,1,1.9,1.3,1.9,0.9,1.4,--,0.7,2,1.9,2.2,1.2,3,2.2,1.5,1.7,2.3,2,2.3,1.8,4.2,5.8,3.7,2.8,--,3.7
2020,Amazonas,Total,Total,98.7,98.7,98.8,99.1,99.2,98,99.2,97.9,98.7,98.9,98.8,98.8,98.5,98,98.6,98.9,--,100,0.5,0.6,0.4,0.1,0.1,1.3,0.3,1.1,0.4,0.4,0.5,0.5,1.4,1.7,1.3,1,--,0,0.8,0.7,0.8,0.8,0.7,0.7,0.5,1,0.9,0.7,0.7,0.7,0.1,0.3,0.1,0.1,--,0
2020,Amazonas,Urbana,Total,99.3,99.2,99.4,99.3,99.4,98.7,99.4,99.1,99.4,99.3,99.3,99.5,98.6,98.3,98.6,98.9,--,100,0.4,0.4,0.3,0.1,0.1,0.9,0.2,0.6,0.3,0.4,0.4,0.3,1.3,1.6,1.3,0.9,--,0,0.3,0.4,0.3,0.6,0.5,0.4,0.4,0.3,0.3,0.3,0.3,0.2,0.1,0.1,0.1,0.2,--,0
2020,Amazonas,Rural,Total,97.1,97.1,97,98.3,98.6,96.2,98.3,94.6,96.8,97.4,97.2,96.5,97.7,96.3,98.6,98.6,--,--,1,1.2,0.8,0.2,0.1,2.3,0.4,2.6,0.8,0.5,0.6,1.2,1.8,2.7,1.3,1.4,--,--,1.9,1.7,2.2,1.5,1.3,1.5,1.3,2.8,2.4,2.1,2.2,2.3,0.5,1,0.1,0,--,--
2020,Amazonas,Total,Federal,99,--,99,--,--,--,--,--,100,98.8,97.5,100,87,81.4,88.6,92.3,--,--,1,--,1,--,--,--,--,--,0,1.2,2.5,0,12.7,18.4,10.8,7.5,--,--,0,--,0,--,--,--,--,--,0,0,0,0,0.3,0.2,0.6,0.2,--,--
2020,Amazonas,Urbana,Federal,99,--,99,--,--,--,--,--,100,98.8,97.5,100,87.1,81.7,88.5,92.5,--,--,1,--,1,--,--,--,--,--,0,1.2,2.5,0,12.5,18.1,10.9,7.4,--,--,0,--,0,--,--,--,--,--,0,0,0,0,0.4,0.2,0.6,0.1,--,--
2020,Amazonas,Rural,Federal,--,--,--,--,--,--,--,--,--,--,--,--,85.6,78.5,89.2,90.8,--,--,--,--,--,--,--,--,--,--,--,--,--,--,14.4,21.5,10.8,9.2,--,--,--,--,--,--,--,--,--,--,--,--,--,--,0,0,0,0,--,--
2020,Amazonas,Total,Estadual,99.6,99.8,99.5,100,100,99.5,99.9,99.6,99.6,99.5,99.3,99.5,98.8,98.6,98.9,99.1,--,100,0.4,0.2,0.5,0,0,0.5,0.1,0.4,0.4,0.5,0.7,0.5,1,1.2,1,0.8,--,0,0,0,0,0,0,0,0,0,0,0,0,0,0.2,0.2,0.1,0.1,--,0
2020,Amazonas,Urbana,Estadual,99.7,99.8,99.6,100,100,99.5,100,99.7,99.7,99.6,99.4,99.6,99,98.9,99,99.1,--,100,0.3,0.2,0.4,0,0,0.5,0,0.3,0.3,0.4,0.6,0.4,0.9,1,0.9,0.7,--,0,0,0,0,0,0,0,0,0,0,0,0,0,0.1,0.1,0.1,0.2,--,0
2020,Amazonas,Rural,Estadual,98.1,98.4,98,98.9,100,98.2,99,97.1,98.3,98.1,97.5,98.3,98,96.7,98.8,98.7,--,--,1.9,1.6,2,1.1,0,1.8,1,2.9,1.7,1.8,2.5,1.6,1.6,2.3,1.1,1.2,--,--,0,0,0,0,0,0,0,0,0,0.1,0,0.1,0.4,1,0.1,0.1,--,--
2020,Amazonas,Total,Municipal,98.3,98.4,98.2,99.2,99.3,97.6,99,97.3,98,98.3,98.3,98,--,--,--,--,--,--,0.6,0.7,0.4,0.1,0.1,1.5,0.3,1.4,0.5,0.3,0.3,0.6,--,--,--,--,--,--,1.1,0.9,1.4,0.7,0.6,0.9,0.7,1.3,1.5,1.4,1.4,1.4,--,--,--,--,--,--
2020,Amazonas,Urbana,Municipal,99.1,99.2,99.1,99.6,99.6,98.4,99.3,98.8,99,99,99.1,99.4,--,--,--,--,--,--,0.4,0.4,0.2,0,0,1.1,0.3,0.7,0.2,0.3,0.2,0.2,--,--,--,--,--,--,0.5,0.4,0.7,0.4,0.4,0.5,0.4,0.5,0.8,0.7,0.7,0.4,--,--,--,--,--,--
2020,Amazonas,Rural,Municipal,97,97.1,96.9,98.3,98.6,96.1,98.3,94.5,96.7,97.4,97.2,96.2,--,--,--,--,--,--,1,1.2,0.7,0.2,0.1,2.4,0.4,2.6,0.8,0.4,0.3,1.1,--,--,--,--,--,--,2,1.7,2.4,1.5,1.3,1.5,1.3,2.9,2.5,2.2,2.5,2.7,--,--,--,--,--,--
2020,Amazonas,Total,Privada,98,97.5,99,95.9,97.1,97.8,98.6,98.7,98.7,99.2,99.2,98.8,98.4,97.8,98.5,99.2,--,--,0.5,0.5,0.5,0.5,0.5,0.6,0.3,0.4,0.4,0.4,0.4,0.8,1.3,1.8,1.2,0.8,--,--,1.5,2,0.5,3.6,2.4,1.6,1.1,0.9,0.9,0.4,0.4,0.4,0.3,0.4,0.3,0,--,--
2020,Amazonas,Urbana,Privada,98,97.5,98.9,95.9,97.1,97.8,98.6,98.6,98.7,99.2,99.2,98.8,98.4,97.7,98.4,99.2,--,--,0.5,0.5,0.5,0.5,0.5,0.6,0.3,0.4,0.4,0.4,0.4,0.8,1.3,1.8,1.2,0.8,--,--,1.5,2,0.6,3.6,2.4,1.6,1.1,1,0.9,0.4,0.4,0.4,0.3,0.5,0.4,0,--,--
2020,Amazonas,Rural,Privada,100,100,100,100,100,100,100,100,100,100,100,100,100,100,100,100,--,--,0,0,0,0,0,0,0,0,0,0,0,0,0,0,0,0,--,--,0,0,0,0,0,0,0,0,0,0,0,0,0,0,0,0,--,--
2020,Amazonas,Total,Pública,98.8,98.7,98.8,99.4,99.4,98,99.2,97.9,98.7,98.9,98.8,98.8,98.5,98,98.6,98.9,--,100,0.5,0.6,0.4,0.1,0.1,1.3,0.3,1.1,0.4,0.4,0.5,0.5,1.4,1.7,1.3,1,--,0,0.7,0.7,0.8,0.5,0.5,0.7,0.5,1,0.9,0.7,0.7,0.7,0.1,0.3,0.1,0.1,--,0
2020,Amazonas,Urbana,Pública,99.4,99.3,99.4,99.7,99.7,98.7,99.5,99.1,99.4,99.3,99.3,99.5,98.6,98.4,98.6,98.9,--,100,0.3,0.4,0.3,0,0,0.9,0.2,0.6,0.3,0.3,0.4,0.3,1.3,1.6,1.3,0.9,--,0,0.3,0.3,0.3,0.3,0.3,0.4,0.3,0.3,0.3,0.4,0.3,0.2,0.1,0,0.1,0.2,--,0
2020,Amazonas,Rural,Pública,97.1,97.1,97,98.3,98.6,96.2,98.3,94.6,96.8,97.4,97.2,96.5,97.7,96.3,98.6,98.6,--,--,1.1,1.2,0.8,0.2,0.1,2.3,0.4,2.6,0.8,0.5,0.6,1.2,1.8,2.7,1.3,1.4,--,--,1.8,1.7,2.2,1.5,1.3,1.5,1.3,2.8,2.4,2.1,2.2,2.3,0.5,1,0.1,0,--,--
2020,Roraima,Total,Total,98.9,98.8,98.9,98.9,98.5,98.8,99,98.9,98.8,99,99,99,98.4,97.9,98.5,99,100,99.7,0.4,0.5,0.4,0.1,0.6,0.6,0.5,0.6,0.5,0.3,0.4,0.4,0.8,1.2,0.7,0.4,0,0,0.7,0.7,0.7,1,0.9,0.6,0.5,0.5,0.7,0.7,0.6,0.6,0.8,0.9,0.8,0.6,0,0.3
2020,Roraima,Urbana,Total,98.8,98.5,99.3,98.6,98.1,98.4,98.7,98.8,99.1,99.3,99.4,99.2,99.1,98.7,99.2,99.6,--,--,0.5,0.6,0.3,0.1,0.8,0.8,0.7,0.7,0.4,0.2,0.2,0.3,0.3,0.6,0.3,0,--,--,0.7,0.9,0.4,1.3,1.1,0.8,0.6,0.5,0.5,0.5,0.4,0.5,0.6,0.7,0.5,0.4,--,--
2020,Roraima,Rural,Total,98.9,99.5,97.9,99.6,99.5,99.6,99.6,99,98.1,98.2,97.4,98,95.9,94.7,95.6,96.8,100,99.7,0.4,0.2,0.9,0,0.1,0.1,0.2,0.5,0.8,0.6,1.2,0.9,2.4,3.5,2.3,1.7,0,0,0.7,0.3,1.2,0.4,0.4,0.3,0.2,0.5,1.1,1.2,1.4,1.1,1.7,1.8,2.1,1.5,0,0.3
2020,Roraima,Total,Federal,98.5,96.8,99.5,100,100,96,88.9,100,100,97.9,100,100,91.4,74.8,81.4,91.3,--,99.7,1.5,3.2,0.5,0,0,4,11.1,0,0,2.1,0,0,8.2,24.4,17.5,8.7,--,0,0,0,0,0,0,0,0,0,0,0,0,0,0.4,0.8,1.1,0,--,0.3
2020,Roraima,Urbana,Federal,98.5,96.8,99.5,100,100,96,88.9,100,100,97.9,100,100,92.2,79.2,94.9,100,--,--,1.5,3.2,0.5,0,0,4,11.1,0,0,2.1,0,0,6.6,18.9,2.6,0,--,--,0,0,0,0,0,0,0,0,0,0,0,0,1.2,1.9,2.5,0,--,--
2020,Roraima,Rural,Federal,--,--,--,--,--,--,--,--,--,--,--,--,91.1,71.2,72.4,78.8,--,99.7,--,--,--,--,--,--,--,--,--,--,--,--,8.7,28.8,27.6,21.2,--,0,--,--,--,--,--,--,--,--,--,--,--,--,0.2,0,0,0,--,0.3
2020,Roraima,Total,Estadual,98.9,99.1,98.8,99.4,99.3,99.4,99.2,98.3,98.7,98.9,98.9,98.9,98.6,98.2,98.7,99.2,--,--,0.4,0.3,0.4,0,0.1,0.2,0.4,0.9,0.5,0.4,0.4,0.5,0.6,0.9,0.5,0.2,--,--,0.7,0.6,0.8,0.6,0.6,0.4,0.4,0.8,0.8,0.7,0.7,0.6,0.8,0.9,0.8,0.6,--,--
2020,Roraima,Urbana,Estadual,99.2,--,99.2,--,--,--,--,--,99,99.3,99.3,99.1,99.1,98.8,99.2,99.6,--,--,0.3,--,0.3,--,--,--,--,--,0.4,0.2,0.2,0.3,0.3,0.5,0.3,0,--,--,0.5,--,0.5,--,--,--,--,--,0.6,0.5,0.5,0.6,0.6,0.7,0.5,0.4,--,--
2020,Roraima,Rural,Estadual,98.4,99.1,97.8,99.4,99.3,99.4,99.2,98.3,97.9,98.1,97.2,97.8,96.5,95.6,96.5,97.7,--,--,0.7,0.3,1,0,0.1,0.2,0.4,0.9,0.9,0.7,1.3,1,1.6,2.5,1.3,0.7,--,--,0.9,0.6,1.2,0.6,0.6,0.4,0.4,0.8,1.2,1.2,1.5,1.2,1.9,1.9,2.2,1.6,--,--
2020,Roraima,Total,Municipal,98.8,98.7,99.9,98.9,98.4,98.6,98.9,98.9,99.9,99.8,100,100,--,--,--,--,--,--,0.5,0.5,0,0.1,0.7,0.6,0.6,0.6,0,0,0,0,--,--,--,--,--,--,0.7,0.8,0.1,1,0.9,0.8,0.5,0.5,0.1,0.2,0,0,--,--,--,--,--,--
2020,Roraima,Urbana,Municipal,98.5,98.5,99.9,98.7,98,98.3,98.6,98.7,99.8,100,100,100,--,--,--,--,--,--,0.6,0.6,0,0.1,0.9,0.8,0.7,0.7,0,0,0,0,--,--,--,--,--,--,0.9,0.9,0.1,1.2,1.1,0.9,0.7,0.6,0.2,0,0,0,--,--,--,--,--,--
2020,Roraima,Rural,Municipal,99.8,99.8,99.9,99.8,99.7,99.8,99.9,99.6,100,99.6,100,100,--,--,--,--,--,--,0,0,0,0,0.1,0,0,0.1,0,0,0,0,--,--,--,--,--,--,0.2,0.2,0.1,0.2,0.2,0.2,0.1,0.3,0,0.4,0,0,--,--,--,--,--,--
2020,Roraima,Total,Privada,99.4,99.1,99.8,97.7,99.1,99,99.9,99.8,99.6,99.8,99.9,100,99.5,99.5,99.7,99.4,100,--,0.2,0.2,0.2,0,0.1,0.6,0,0,0.4,0.2,0.1,0,0.3,0.5,0,0.3,0,--,0.4,0.7,0,2.3,0.8,0.4,0.1,0.2,0,0,0,0,0.2,0,0.3,0.3,0,--
2020,Roraima,Urbana,Privada,99.4,99.1,99.8,97.7,99.1,99,99.9,99.8,99.6,99.8,99.9,100,99.5,99.5,99.7,99.4,--,--,0.2,0.2,0.2,0,0.1,0.6,0,0,0.4,0.2,0.1,0,0.3,0.5,0,0.3,--,--,0.4,0.7,0,2.3,0.8,0.4,0.1,0.2,0,0,0,0,0.2,0,0.3,0.3,--,--
2020,Roraima,Rural,Privada,--,--,--,--,--,--,--,--,--,--,--,--,100,100,100,100,100,--,--,--,--,--,--,--,--,--,--,--,--,--,0,0,0,0,0,--,--,--,--,--,--,--,--,--,--,--,--,--,0,0,0,0,0,--
2020,Roraima,Total,Pública,98.8,98.8,98.9,99,98.5,98.7,98.9,98.8,98.8,99,98.9,98.9,98.3,97.8,98.4,99,--,99.7,0.5,0.5,0.4,0.1,0.6,0.5,0.6,0.7,0.5,0.4,0.4,0.5,0.8,1.2,0.7,0.4,--,0,0.7,0.7,0.7,0.9,0.9,0.8,0.5,0.5,0.7,0.6,0.7,0.6,0.9,1,0.9,0.6,--,0.3
2020,Roraima,Urbana,Pública,98.8,98.5,99.2,98.7,98,98.3,98.6,98.7,99,99.3,99.3,99.2,99.1,98.6,99.2,99.6,--,--,0.5,0.6,0.3,0.1,0.9,0.8,0.8,0.7,0.4,0.2,0.2,0.3,0.3,0.6,0.3,0,--,--,0.7,0.9,0.5,1.2,1.1,0.9,0.6,0.6,0.6,0.5,0.5,0.5,0.6,0.8,0.5,0.4,--,--
2020,Roraima,Rural,Pública,98.9,99.5,97.9,99.6,99.5,99.6,99.6,99,98.1,98.2,97.4,98,95.9,94.7,95.6,96.8,--,99.7,0.4,0.2,0.9,0,0.1,0.1,0.2,0.5,0.8,0.6,1.2,0.9,2.4,3.5,2.3,1.7,--,0,0.7,0.3,1.2,0.4,0.4,0.3,0.2,0.5,1.1,1.2,1.4,1.1,1.7,1.8,2.1,1.5,--,0.3
2020,Pará,Total,Total,97.7,97.8,97.6,98.2,98.5,97.8,97.8,97.1,97.1,97.7,98,97.9,99.2,99.1,99.4,99.3,97.3,97.6,0.6,0.6,0.6,0.2,0.3,0.8,0.6,1,0.7,0.5,0.5,0.5,0.1,0.2,0.1,0.1,0.3,0,1.7,1.6,1.8,1.6,1.2,1.4,1.6,1.9,2.2,1.8,1.5,1.6,0.7,0.7,0.5,0.6,2.4,2.4
2020,Pará,Urbana,Total,97.8,97.7,98,97.6,98.1,97.7,97.8,97.6,97.4,98,98.3,98.4,99.2,99.1,99.4,99.3,97.3,97.5,0.5,0.5,0.5,0.2,0.4,0.7,0.5,0.7,0.7,0.5,0.5,0.4,0.1,0.2,0.1,0.1,0.3,0,1.7,1.8,1.5,2.2,1.5,1.6,1.7,1.7,1.9,1.5,1.2,1.2,0.7,0.7,0.5,0.6,2.4,2.5
2020,Pará,Rural,Total,97.6,98,96.9,99.3,99.3,98.1,97.7,96.2,96.6,97.3,97.3,96.5,99.4,99.4,99.6,99.2,100,100,0.7,0.7,0.6,0.1,0.1,0.9,0.8,1.5,0.7,0.6,0.5,0.6,0.2,0.1,0.1,0.4,0,0,1.7,1.3,2.5,0.6,0.6,1,1.5,2.3,2.7,2.1,2.2,2.9,0.4,0.5,0.3,0.4,0,0
2020,Pará,Total,Federal,99.9,100,99.9,100,100,100,100,100,100,100,100,99.7,94.8,94.6,96,93.8,96.3,--,0.1,0,0.1,0,0,0,0,0,0,0,0,0.3,4.3,4.8,3.5,4.8,0.7,--,0,0,0,0,0,0,0,0,0,0,0,0,0.9,0.6,0.5,1.4,3,--
2020,Pará,Urbana,Federal,99.9,100,99.9,100,100,100,100,100,100,100,100,99.7,95.5,94.7,96.2,95.8,96.3,--,0.1,0,0.1,0,0,0,0,0,0,0,0,0.3,3.7,4.7,3.3,2.9,0.7,--,0,0,0,0,0,0,0,0,0,0,0,0,0.8,0.6,0.5,1.3,3,--
2020,Pará,Rural,Federal,--,--,--,--,--,--,--,--,--,--,--,--,71.2,88.1,81.3,52.6,--,--,--,--,--,--,--,--,--,--,--,--,--,--,26,10.4,15.6,43.6,--,--,--,--,--,--,--,--,--,--,--,--,--,--,2.8,1.5,3.1,3.8,--,--
2020,Pará,Total,Estadual,99.8,99.6,99.8,99.6,99.8,99.8,99.9,99.3,99.8,99.8,99.9,99.9,99.4,99.3,99.6,99.4,97.9,100,0,0.1,0,0,0,0,0,0.3,0,0,0,0,0,0,0,0,0.2,0,0.2,0.3,0.2,0.4,0.2,0.2,0.1,0.4,0.2,0.2,0.1,0.1,0.6,0.7,0.4,0.6,1.9,0
2020,Pará,Urbana,Estadual,99.8,99.6,99.8,99.6,99.8,99.8,99.9,99.3,99.8,99.8,99.9,99.9,99.4,99.3,99.6,99.4,97.8,100,0,0.1,0,0,0,0,0,0.3,0,0,0,0,0,0,0,0,0.2,0,0.2,0.3,0.2,0.4,0.2,0.2,0.1,0.4,0.2,0.2,0.1,0.1,0.6,0.7,0.4,0.6,2,0
2020,Pará,Rural,Estadual,99.9,99.4,99.9,100,99.3,100,99.4,98.8,99.9,99.9,100,99.7,99.6,99.6,99.7,99.6,100,100,0,0.2,0,0,0,0,0,0.8,0,0,0,0,0,0,0,0,0,0,0.1,0.4,0.1,0,0.7,0,0.6,0.4,0.1,0.1,0,0.3,0.4,0.4,0.3,0.4,0,0
2020,Pará,Total,Municipal,97.7,98.2,97.1,99.2,99.1,98.1,97.9,97,96.6,97.2,97.4,97.1,97.6,--,100,96,--,--,0.7,0.6,0.7,0.1,0.3,0.9,0.7,1.1,0.9,0.7,0.6,0.6,0,--,0,0,--,--,1.6,1.2,2.2,0.7,0.6,1,1.4,1.9,2.5,2.1,2,2.3,2.4,--,0,4,--,--
2020,Pará,Urbana,Municipal,97.9,98.3,97.3,99.1,99,98.1,98,97.6,96.8,97.3,97.6,97.7,97.6,--,100,96,--,--,0.6,0.6,0.8,0.1,0.4,0.8,0.6,0.8,1,0.7,0.7,0.6,0,--,0,0,--,--,1.5,1.1,1.9,0.8,0.6,1.1,1.4,1.6,2.2,2,1.7,1.7,2.4,--,0,4,--,--
2020,Pará,Rural,Municipal,97.5,98,96.7,99.3,99.3,98.1,97.7,96.2,96.4,97.1,97.1,96.2,--,--,--,--,--,--,0.7,0.7,0.6,0.1,0.1,0.9,0.8,1.5,0.8,0.6,0.5,0.7,--,--,--,--,--,--,1.8,1.3,2.7,0.6,0.6,1,1.5,2.3,2.8,2.3,2.4,3.1,--,--,--,--,--,--
2020,Pará,Total,Privada,95,93.4,97.1,89.7,92.9,93.6,95.2,96,95.8,97.1,97.6,98.1,97.9,97.2,97.9,98.9,91.8,90.8,0.7,0.7,0.6,0.9,0.6,0.8,0.6,0.6,0.8,0.7,0.6,0.5,0.6,0.9,0.6,0.4,0,0,4.3,5.9,2.3,9.4,6.5,5.6,4.2,3.4,3.4,2.2,1.8,1.4,1.5,1.9,1.5,0.7,8.2,9.2
2020,Pará,Urbana,Privada,95,93.4,97.1,89.6,92.8,93.6,95.2,96,95.8,97.1,97.7,98.2,98,97.4,98.1,98.9,91.8,90.8,0.6,0.7,0.6,0.9,0.6,0.7,0.6,0.6,0.7,0.6,0.5,0.4,0.6,0.8,0.6,0.4,0,0,4.4,5.9,2.3,9.5,6.6,5.7,4.2,3.4,3.5,2.3,1.8,1.4,1.4,1.8,1.3,0.7,8.2,9.2
2020,Pará,Rural,Privada,93.2,94.7,90,95.7,99.2,94.6,92.9,92.8,91.5,94.3,84.3,88.8,91.6,90.3,90.2,98.6,--,--,4.8,4,6.2,2.8,0,3,6.5,6.7,4.9,5.7,10.8,4.5,2.2,3.1,0.8,1.4,--,--,2,1.3,3.8,1.5,0.8,2.4,0.6,0.5,3.6,0,4.9,6.7,6.2,6.6,9,0,--,--
2020,Pará,Total,Pública,98,98.3,97.7,99.2,99.1,98.2,98,97.2,97.2,97.8,98,97.9,99.4,99.3,99.5,99.3,97.6,100,0.6,0.6,0.6,0.1,0.3,0.8,0.6,1,0.7,0.5,0.5,0.4,0.1,0.1,0.1,0.1,0.3,0,1.4,1.1,1.7,0.7,0.6,1,1.4,1.8,2.1,1.7,1.5,1.7,0.5,0.6,0.4,0.6,2.1,0
2020,Pará,Urbana,Pública,98.3,98.5,98.1,99.2,99.1,98.3,98.2,97.8,97.6,98.1,98.3,98.5,99.3,99.2,99.5,99.3,97.5,100,0.5,0.5,0.5,0.1,0.4,0.7,0.5,0.7,0.7,0.5,0.5,0.4,0.1,0.1,0.1,0.1,0.3,0,1.2,1,1.4,0.7,0.5,1,1.3,1.5,1.7,1.4,1.2,1.1,0.6,0.7,0.4,0.6,2.2,0
2020,Pará,Rural,Pública,97.6,98,96.9,99.3,99.3,98.1,97.7,96.2,96.6,97.3,97.3,96.5,99.5,99.6,99.7,99.2,100,100,0.7,0.7,0.6,0.1,0.1,0.9,0.8,1.5,0.7,0.5,0.5,0.6,0.1,0,0,0.3,0,0,1.7,1.3,2.5,0.6,0.6,1,1.5,2.3,2.7,2.2,2.2,2.9,0.4,0.4,0.3,0.5,0,0
2020,Amapá,Total,Total,96.3,98,93.9,99,99.1,98.1,97.7,96.5,93,93.7,94.4,94.8,90.7,89,91.6,92.2,--,100,2.3,1,4.1,0.1,0.1,1.1,1.2,2.2,4.3,4.2,3.9,3.6,6.9,8,6.3,5.9,--,0,1.4,1,2,0.9,0.8,0.8,1.1,1.3,2.7,2.1,1.7,1.6,2.4,3,2.1,1.9,--,0
2020,Amapá,Urbana,Total,96.2,98.4,93.2,99.1,99.2,98.4,98.1,97.3,92,92.9,93.7,94.6,90,88,91,91.9,--,--,2.5,0.9,4.6,0.1,0.1,1.1,1.1,1.8,5,4.8,4.5,4.1,7.7,9.1,7.1,6.5,--,--,1.3,0.7,2.2,0.8,0.7,0.5,0.8,0.9,3,2.3,1.8,1.3,2.3,2.9,1.9,1.6,--,--
2020,Amapá,Rural,Total,97,96.8,97.4,98.7,98.6,97.1,96.2,93.7,98,97.6,97.8,95.9,94.9,94.9,95.4,94.1,--,100,1.3,1.4,1.1,0,0,1.1,1.6,3.9,1,1.3,0.9,1.2,1.6,1.6,1.5,1.9,--,0,1.7,1.8,1.5,1.3,1.4,1.8,2.2,2.4,1,1.1,1.3,2.9,3.5,3.5,3.1,4,--,0
2020,Amapá,Total,Federal,--,--,--,--,--,--,--,--,--,--,--,--,88.7,--,--,88.7,--,--,--,--,--,--,--,--,--,--,--,--,--,--,10.1,--,--,10.1,--,--,--,--,--,--,--,--,--,--,--,--,--,--,1.2,--,--,1.2,--,--
2020,Amapá,Urbana,Federal,--,--,--,--,--,--,--,--,--,--,--,--,88.7,--,--,88.7,--,--,--,--,--,--,--,--,--,--,--,--,--,--,10.1,--,--,10.1,--,--,--,--,--,--,--,--,--,--,--,--,--,--,1.2,--,--,1.2,--,--
2020,Amapá,Total,Estadual,95.2,98.4,93.6,99.6,99.7,98.9,97.7,96.3,92.7,93.6,94.2,94.4,89.9,88.2,90.9,91.6,--,--,3.5,1.1,4.6,0,0.1,0.8,1.4,2.7,4.9,4.8,4.5,4.1,7.4,8.6,6.9,6.2,--,--,1.3,0.5,1.8,0.4,0.2,0.3,0.9,1,2.4,1.6,1.3,1.5,2.7,3.2,2.2,2.2,--,--
2020,Amapá,Urbana,Estadual,94.5,98.9,92.8,99.8,99.7,99.6,98.1,97.3,91.4,92.6,93.4,94.1,89.1,87.1,90.1,91.3,--,--,4,0.5,5.4,0,0.1,0.3,0.6,1.4,5.8,5.6,5.3,4.7,8.4,9.8,7.8,6.9,--,--,1.5,0.6,1.8,0.2,0.2,0.1,1.3,1.3,2.8,1.8,1.3,1.2,2.5,3.1,2.1,1.8,--,--
2020,Amapá,Rural,Estadual,97.3,97.2,97.5,99.2,99.6,97.5,96.7,94.1,98,97.7,97.8,96,94.8,94.8,95.4,94,--,--,1.7,2.4,1.1,0,0.1,2,3,5.4,1,1.4,0.9,1.3,1.7,1.6,1.6,2,--,--,1,0.4,1.4,0.8,0.3,0.5,0.3,0.5,1,0.9,1.3,2.7,3.5,3.6,3,4,--,--
2020,Amapá,Total,Municipal,97.7,98.1,90.9,99.4,99.2,98,97.7,96.5,92.1,89.7,89.9,92.3,--,--,--,--,--,--,0.9,1,0.2,0,0.1,1.2,1.3,2.2,0.4,0.1,0.2,0,--,--,--,--,--,--,1.4,0.9,8.9,0.6,0.7,0.8,1,1.3,7.5,10.2,9.9,7.7,--,--,--,--,--,--
2020,Amapá,Urbana,Municipal,98,98.5,89.9,99.6,99.5,98.3,98.1,97.1,91.4,88.3,88.5,91.8,--,--,--,--,--,--,1,1.1,0.2,0,0.1,1.5,1.5,2.2,0.5,0.1,0.2,0,--,--,--,--,--,--,1,0.4,9.9,0.4,0.4,0.2,0.4,0.7,8.1,11.6,11.3,8.2,--,--,--,--,--,--
2020,Amapá,Rural,Municipal,96.5,96.5,97.8,98.4,98,96.7,95.8,93.4,97.3,100,98.8,94.7,--,--,--,--,--,--,0.6,0.6,0,0,0,0.3,0.4,2.5,0,0,0,0,--,--,--,--,--,--,2.9,2.9,2.2,1.6,2,3,3.8,4.1,2.7,0,1.2,5.3,--,--,--,--,--,--
2020,Amapá,Total,Privada,97.3,96.6,98.3,95.1,96.6,95.9,97.8,97.7,98,98,98.7,98.5,98.9,99.1,98.3,99.5,--,100,0.7,0.7,0.7,0.8,0.4,1.1,0.4,0.7,0.8,0.6,0.5,0.9,0.5,0.4,0.7,0.3,--,0,2,2.7,1,4.1,3,3,1.8,1.6,1.2,1.4,0.8,0.6,0.6,0.5,1,0.2,--,0
2020,Amapá,Urbana,Privada,97.3,96.6,98.4,95.1,96.6,95.9,97.8,97.7,98,98.3,98.8,98.6,99.1,99.3,98.5,99.6,--,--,0.7,0.7,0.7,0.8,0.4,1.1,0.4,0.7,0.8,0.6,0.5,0.9,0.5,0.5,0.7,0.3,--,--,2,2.7,0.9,4.1,3,3,1.8,1.6,1.2,1.1,0.7,0.5,0.4,0.2,0.8,0.1,--,--
2020,Amapá,Rural,Privada,93.5,--,93.5,--,--,--,--,--,100,88.9,93.9,92.3,97,97.4,95.2,97.8,--,100,0,--,0,--,--,--,--,--,0,0,0,0,0,0,0,0,--,0,6.5,--,6.5,--,--,--,--,--,0,11.1,6.1,7.7,3,2.6,4.8,2.2,--,0
2020,Amapá,Total,Pública,96.2,98.2,93.5,99.5,99.3,98.3,97.7,96.4,92.6,93.3,93.9,94.4,89.9,88.2,90.9,91.4,--,--,2.4,1,4.4,0,0.1,1.1,1.3,2.4,4.6,4.5,4.3,3.9,7.5,8.6,6.9,6.5,--,--,1.4,0.8,2.1,0.5,0.6,0.6,1,1.2,2.8,2.2,1.8,1.7,2.6,3.2,2.2,2.1,--,--
2020,Amapá,Urbana,Pública,96,98.6,92.6,99.7,99.6,98.7,98.1,97.2,91.4,92.3,93.1,94,89.1,87.1,90.1,91.1,--,--,2.7,0.9,5.1,0,0.1,1.1,1.2,1.9,5.5,5.3,5,4.5,8.4,9.8,7.8,7.1,--,--,1.3,0.5,2.3,0.3,0.3,0.2,0.7,0.9,3.1,2.4,1.9,1.5,2.5,3.1,2.1,1.8,--,--
2020,Amapá,Rural,Pública,97,96.8,97.5,98.7,98.6,97.1,96.2,93.7,97.9,97.8,97.8,96,94.8,94.8,95.4,94,--,--,1.3,1.4,1.1,0,0,1.1,1.6,3.9,1,1.3,0.9,1.2,1.7,1.6,1.6,2,--,--,1.7,1.8,1.4,1.3,1.4,1.8,2.2,2.4,1.1,0.9,1.3,2.8,3.5,3.6,3,4,--,--
2020,Tocantins,Total,Total,97.8,98.9,96.5,99.2,99.4,98.6,98.6,98.7,96.9,96.3,96.6,96.2,93.2,90.7,94.2,95.8,97.3,95.5,1.1,0.8,1.5,0.2,0.3,1.1,1.1,1,1.3,1.6,1.3,1.7,2.7,3.9,2.2,1.4,0,0,1.1,0.3,2,0.6,0.3,0.3,0.3,0.3,1.8,2.1,2.1,2.1,4.1,5.4,3.6,2.8,2.7,4.5
2020,Tocantins,Urbana,Total,97.9,99,96.6,99.2,99.4,98.8,98.7,99,97,96.4,96.7,96.2,93.3,90.7,94.3,95.9,--,--,1.1,0.7,1.5,0.2,0.3,1,0.9,0.7,1.3,1.6,1.4,1.7,2.5,3.7,2,1.3,--,--,1,0.3,1.9,0.6,0.3,0.2,0.4,0.3,1.7,2,1.9,2.1,4.2,5.6,3.7,2.8,--,--
2020,Tocantins,Rural,Total,97.1,98,96,99.2,99.5,97.8,97.4,96.6,96.3,95.5,95.7,96.5,92.5,89.8,93.5,95.3,97.3,95.5,1.4,1.4,1.3,0,0.4,1.5,2,2.2,1.4,1.4,1.2,1.4,4.4,6,3.8,3,0,0,1.5,0.6,2.7,0.8,0.1,0.7,0.6,1.2,2.3,3.1,3.1,2.1,3.1,4.2,2.7,1.7,2.7,4.5
2020,Tocantins,Total,Federal,--,--,--,--,--,--,--,--,--,--,--,--,80,69.8,88.7,89.2,--,--,--,--,--,--,--,--,--,--,--,--,--,--,18.2,27.6,10.2,9.5,--,--,--,--,--,--,--,--,--,--,--,--,--,--,1.8,2.6,1.1,1.3,--,--
2020,Tocantins,Urbana,Federal,--,--,--,--,--,--,--,--,--,--,--,--,79.1,68,89.3,89.6,--,--,--,--,--,--,--,--,--,--,--,--,--,--,18.7,29,9.2,8.7,--,--,--,--,--,--,--,--,--,--,--,--,--,--,2.2,3,1.5,1.7,--,--
2020,Tocantins,Rural,Federal,--,--,--,--,--,--,--,--,--,--,--,--,82.2,74.9,87.1,88.2,--,--,--,--,--,--,--,--,--,--,--,--,--,--,16.8,23.4,12.5,11.3,--,--,--,--,--,--,--,--,--,--,--,--,--,--,1,1.7,0.4,0.5,--,--
2020,Tocantins,Total,Estadual,95.9,97.7,95.7,97.6,99.7,97.3,97.9,97.3,96.2,95.5,95.8,95.2,93.5,91.4,94.2,95.9,97.3,95.5,1.6,1.5,1.7,0,0.3,2.1,1.6,1.6,1.4,1.8,1.5,2,2,2.7,1.9,1.1,0,0,2.5,0.8,2.6,2.4,0,0.6,0.5,1.1,2.4,2.7,2.7,2.8,4.5,5.9,3.9,3,2.7,4.5
2020,Tocantins,Urbana,Estadual,96,98.7,95.8,100,100,97.6,99.2,98.6,96.3,95.6,95.9,95.2,93.5,91.4,94.1,95.8,--,--,1.6,0.9,1.7,0,0,2.3,0.5,0.8,1.5,1.8,1.6,2.1,2,2.7,1.9,1.1,--,--,2.4,0.4,2.5,0,0,0.1,0.3,0.6,2.2,2.6,2.5,2.7,4.5,5.9,4,3.1,--,--
2020,Tocantins,Rural,Estadual,95.1,95.7,94.8,97,99.5,96.9,94.6,92.9,95.5,94.1,94.6,95.1,94.1,92.4,94.4,96.5,97.3,95.5,1.7,2.6,1.2,0,0.5,1.7,4.1,4.4,1,1.4,0.8,1.9,2.2,2.7,2.4,1.4,0,0,3.2,1.7,4,3,0,1.4,1.3,2.7,3.5,4.5,4.6,3,3.7,4.9,3.2,2.1,2.7,4.5
2020,Tocantins,Total,Municipal,98.8,99,97.9,99.6,99.5,98.7,98.5,98.8,97.9,97.7,98,98.3,--,--,--,--,--,--,0.8,0.7,1.1,0.1,0.3,1,1.1,0.9,1.2,1.2,1,0.8,--,--,--,--,--,--,0.4,0.3,1,0.3,0.2,0.3,0.4,0.3,0.9,1.1,1,0.9,--,--,--,--,--,--
2020,Tocantins,Urbana,Municipal,98.9,99.1,98.3,99.5,99.5,98.8,98.6,99,98.2,98,98.5,98.5,--,--,--,--,--,--,0.7,0.7,1,0.2,0.3,1,1.1,0.8,1.1,1.2,0.7,0.8,--,--,--,--,--,--,0.4,0.2,0.7,0.3,0.2,0.2,0.3,0.2,0.7,0.8,0.8,0.7,--,--,--,--,--,--
2020,Tocantins,Rural,Municipal,97.9,98.5,96.8,99.6,99.5,98,98.1,97.6,96.7,96.6,96.5,97.6,--,--,--,--,--,--,1.2,1.1,1.5,0,0.3,1.4,1.6,1.6,1.7,1.3,1.7,1,--,--,--,--,--,--,0.9,0.4,1.7,0.4,0.2,0.6,0.3,0.8,1.6,2.1,1.8,1.4,--,--,--,--,--,--
2020,Tocantins,Total,Privada,98.7,98.6,98.9,97.2,98.6,98.7,99.3,99.1,98.8,99,98.8,98.9,99.3,98.6,99.6,99.9,--,--,0.7,0.5,1,0.6,0.4,0.6,0.3,0.6,1,1,1.1,0.8,0.5,1.1,0.3,0,--,--,0.6,0.9,0.1,2.2,1,0.7,0.4,0.3,0.2,0,0.1,0.3,0.2,0.3,0.1,0.1,--,--
2020,Tocantins,Urbana,Privada,98.7,98.6,98.8,97.2,98.6,98.7,99.3,99.2,98.8,99,98.8,98.8,99.3,98.6,99.6,99.9,--,--,0.7,0.5,1,0.6,0.4,0.6,0.2,0.5,1,1,1.1,0.8,0.5,1.1,0.3,0,--,--,0.6,0.9,0.2,2.2,1,0.7,0.5,0.3,0.2,0,0.1,0.4,0.2,0.3,0.1,0.1,--,--
2020,Tocantins,Rural,Privada,98.7,97.8,99.4,100,98.4,98.7,97.6,96.4,100,97.7,100,100,99.2,99,98.7,100,--,--,1.3,2.2,0.6,0,1.6,1.3,2.4,3.6,0,2.3,0,0,0.8,1,1.3,0,--,--,0,0,0,0,0,0,0,0,0,0,0,0,0,0,0,0,--,--
2020,Tocantins,Total,Pública,97.7,98.9,96.3,99.5,99.5,98.6,98.5,98.6,96.8,96.1,96.4,96,92.9,90.2,93.9,95.6,97.3,95.5,1.1,0.8,1.5,0.1,0.3,1.1,1.2,1,1.4,1.6,1.4,1.7,2.8,4.1,2.3,1.5,0,0,1.2,0.3,2.2,0.4,0.2,0.3,0.3,0.4,1.8,2.3,2.2,2.3,4.3,5.7,3.8,2.9,2.7,4.5
2020,Tocantins,Urbana,Pública,97.8,99.1,96.4,99.5,99.5,98.8,98.7,99,96.8,96.2,96.5,95.9,92.9,90.3,94,95.6,--,--,1.1,0.7,1.5,0.2,0.3,1,1,0.8,1.3,1.6,1.4,1.8,2.6,3.9,2.1,1.4,--,--,1.1,0.2,2.1,0.3,0.2,0.2,0.3,0.2,1.9,2.2,2.1,2.3,4.5,5.8,3.9,3,--,--
2020,Tocantins,Rural,Pública,97.1,98,95.9,99.2,99.5,97.8,97.4,96.6,96.2,95.4,95.6,96.3,92.2,89.4,93.3,95.1,97.3,95.5,1.4,1.3,1.4,0,0.3,1.5,2,2.2,1.4,1.4,1.2,1.4,4.6,6.2,3.9,3.1,0,0,1.5,0.7,2.7,0.8,0.2,0.7,0.6,1.2,2.4,3.2,3.2,2.3,3.2,4.4,2.8,1.8,2.7,4.5
2020,Maranhão,Total,Total,96.8,97.4,96,97.8,97.9,97.3,97.1,97,95.9,95.9,96.1,95.9,92.3,93.5,94.5,88.5,80.3,92.3,0.9,0.8,1.1,0.3,0.4,0.9,1,1.2,1.2,1.1,1,1.2,2.4,1,0.6,6,0,5.1,2.3,1.8,2.9,1.9,1.7,1.8,1.9,1.8,2.9,3,2.9,2.9,5.3,5.5,4.9,5.5,19.7,2.6
2020,Maranhão,Urbana,Total,96.6,97.1,95.9,97.4,97.5,97,96.9,97,95.6,95.8,96.2,96,92.5,94,94.8,88.3,97.6,89.1,0.9,0.7,1.1,0.3,0.4,0.8,0.9,1,1.1,1.1,0.9,1.1,2.4,0.9,0.5,6.3,0,7.3,2.5,2.2,3,2.3,2.1,2.2,2.2,2,3.3,3.1,2.9,2.9,5.1,5.1,4.7,5.4,2.4,3.6
2020,Maranhão,Rural,Total,97.1,97.8,96.1,98.6,98.6,97.8,97.5,96.9,96.4,96.2,96,95.8,90.8,90.7,92.2,89.7,51.9,100,1,0.9,1.2,0.2,0.4,0.9,1.2,1.5,1.2,1.2,1.1,1.3,2.3,1.8,1.2,4,0,0,1.9,1.3,2.7,1.2,1,1.3,1.3,1.6,2.4,2.6,2.9,2.9,6.9,7.5,6.6,6.3,48.1,0
2020,Maranhão,Total,Federal,98.4,98.4,98.4,--,100,100,100,97.6,96.5,97.7,100,100,81.6,76.1,85.8,84,--,57.1,0.7,0,1,--,0,0,0,0,2.3,1.2,0,0,15.6,19.6,12.1,14.2,--,28.6,0.9,1.6,0.6,--,0,0,0,2.4,1.2,1.1,0,0,2.8,4.3,2.1,1.8,--,14.3
2020,Maranhão,Urbana,Federal,97.7,96.9,98,--,--,--,--,96.9,95.4,97.2,100,100,83.5,78.7,88.9,83.7,--,57.1,1,0,1.2,--,--,--,--,0,3.1,1.4,0,0,14.4,17.9,9.6,14.9,--,28.6,1.3,3.1,0.8,--,--,--,--,3.1,1.5,1.4,0,0,2.1,3.4,1.5,1.4,--,14.3
2020,Maranhão,Rural,Federal,100,100,100,--,100,100,100,100,100,100,100,100,74.7,67.6,74,84.9,--,--,0,0,0,--,0,0,0,0,0,0,0,0,20,25.4,21.4,11.5,--,--,0,0,0,--,0,0,0,0,0,0,0,0,5.3,7,4.6,3.6,--,--
2020,Maranhão,Total,Estadual,94.6,90.9,95.7,89.5,92.6,92.2,92.8,87.4,96.7,97.4,97.8,92.2,92.4,94,94.6,88.1,--,--,2.7,5.7,1.8,3.3,4.7,5,5.4,8.6,0.6,0.5,0.4,4.2,2,0.3,0.2,6,--,--,2.7,3.4,2.5,7.2,2.7,2.8,1.8,4,2.7,2.1,1.8,3.6,5.6,5.7,5.2,5.9,--,--
2020,Maranhão,Urbana,Estadual,97.1,97.3,97.1,91.2,100,100,99.1,98.1,99.5,99.1,99,93.5,92.5,94.3,94.9,87.8,--,--,1.4,0,1.4,0,0,0,0,0,0.2,0.1,0.2,3.7,2.1,0.2,0.2,6.4,--,--,1.5,2.7,1.5,8.8,0,0,0.9,1.9,0.3,0.8,0.8,2.8,5.4,5.5,4.9,5.8,--,--
2020,Maranhão,Rural,Estadual,90.5,90.4,90.7,89.2,92.3,91.5,92.3,86.5,92.2,92.1,92.8,86.1,91.8,92.2,93,89.8,--,--,4.7,6.2,2.8,3.9,4.8,5.5,5.9,9.3,1.1,1.7,1.6,6.7,1.4,0.4,0.3,3.7,--,--,4.8,3.4,6.5,6.9,2.9,3,1.8,4.2,6.7,6.2,5.6,7.2,6.8,7.4,6.7,6.5,--,--
2020,Maranhão,Total,Municipal,96.9,97.7,95.8,98.7,98.4,97.6,97.2,97.1,95.8,95.8,95.9,96,92.7,98.5,99.1,100,69.8,--,0.9,0.7,1.1,0.1,0.2,0.8,1,1.1,1.2,1.1,1,1,0.1,0.5,0,0,0,--,2.2,1.6,3.1,1.2,1.4,1.6,1.8,1.8,3,3.1,3.1,3,7.2,1,0.9,0,30.2,--
2020,Maranhão,Urbana,Municipal,96.6,97.5,95.6,98.6,98.2,97.3,96.9,97,95.3,95.5,95.8,95.9,99.5,99.3,100,100,98.5,--,0.9,0.7,1.1,0.1,0.2,0.8,1,1,1.2,1.1,1,0.9,0,0,0,0,0,--,2.5,1.8,3.3,1.3,1.6,1.9,2.1,2,3.5,3.4,3.2,3.2,0.5,0.7,0,0,1.5,--
2020,Maranhão,Rural,Municipal,97.3,98,96.2,98.8,98.8,98,97.6,97.2,96.4,96.3,96,96.1,84.4,95.7,98.3,100,51.9,--,0.9,0.8,1.2,0.1,0.3,0.8,1.1,1.3,1.2,1.2,1.1,1.1,0.3,2.1,0,0,0,--,1.8,1.2,2.6,1.1,0.9,1.2,1.3,1.5,2.4,2.5,2.9,2.8,15.3,2.2,1.7,0,48.1,--
2020,Maranhão,Total,Privada,96.3,95.7,97.5,93.7,95.2,95.9,96.6,97.2,97,97.1,97.8,98.1,96.9,95.8,97.2,97.8,97.1,100,0.9,0.9,1.1,1,0.9,0.9,0.8,0.7,1,1.3,1,1,1.4,2,1.2,0.9,0,0,2.8,3.4,1.4,5.3,3.9,3.2,2.6,2.1,2,1.6,1.2,0.9,1.7,2.2,1.6,1.3,2.9,0
2020,Maranhão,Urbana,Privada,96.3,95.6,97.4,93.5,95.1,95.9,96.6,97.2,97,97.1,97.8,98.1,97.5,96.7,97.6,98.3,97.1,100,0.9,0.9,1.1,1,0.9,0.9,0.7,0.7,1,1.3,1,1,1.5,2.2,1.3,0.9,0,0,2.8,3.5,1.5,5.5,4,3.2,2.7,2.1,2,1.6,1.2,0.9,1,1.1,1.1,0.8,2.9,0
2020,Maranhão,Rural,Privada,96.8,96.4,97.7,96.6,96.1,95.7,96.7,97.3,97.9,98.6,97.1,97.4,90.5,86.5,93.1,92.7,--,100,0.8,1,0.3,1,1.5,0.9,0.9,0.6,0.4,0,0.5,0.2,0.3,0.4,0.2,0.3,--,0,2.4,2.6,2,2.4,2.4,3.4,2.4,2.1,1.7,1.4,2.4,2.4,9.2,13.1,6.7,7,--,0
2020,Maranhão,Total,Pública,96.8,97.7,95.8,98.6,98.4,97.5,97.2,96.9,95.8,95.8,96,95.7,92,93.4,94.3,88,69.8,57.1,0.9,0.8,1.1,0.2,0.3,0.9,1.1,1.2,1.2,1.1,1,1.2,2.5,1,0.6,6.3,0,28.6,2.3,1.5,3.1,1.2,1.3,1.6,1.7,1.9,3,3.1,3,3.1,5.5,5.6,5.1,5.7,30.2,14.3
2020,Maranhão,Urbana,Pública,96.6,97.5,95.7,98.5,98.2,97.3,96.9,97,95.4,95.6,96,95.7,92.2,93.8,94.7,87.7,98.5,57.1,0.9,0.7,1.1,0.1,0.2,0.8,1,1,1.2,1.1,0.9,1.1,2.5,0.8,0.5,6.7,0,28.6,2.5,1.8,3.2,1.4,1.6,1.9,2.1,2,3.4,3.3,3.1,3.2,5.3,5.4,4.8,5.6,1.5,14.3
2020,Maranhão,Rural,Pública,97.1,97.8,96.1,98.7,98.7,97.8,97.5,96.9,96.4,96.2,96,95.8,90.8,90.8,92.2,89.6,51.9,--,1,0.9,1.2,0.2,0.4,0.9,1.2,1.5,1.2,1.2,1.1,1.3,2.3,1.9,1.3,4.1,0,--,1.9,1.3,2.7,1.1,0.9,1.3,1.3,1.6,2.4,2.6,2.9,2.9,6.9,7.3,6.5,6.3,48.1,--
2020,Piauí,Total,Total,97.7,98.3,96.9,98.5,98.5,98.1,98.1,98.1,96.5,96.8,97,97.5,93.5,91.3,94.7,95.2,96.4,90.8,0.7,0.6,0.8,0.4,0.5,0.7,0.6,0.6,0.9,0.8,1,0.5,1.2,1.6,0.9,0.8,0.5,7.4,1.6,1.1,2.3,1.1,1,1.2,1.3,1.3,2.6,2.4,2,2,5.3,7.1,4.4,4,3.1,1.8
2020,Piauí,Urbana,Total,97.5,98.1,96.8,98.3,98.4,98,98,98,96.2,96.6,96.8,97.6,93.7,91.5,94.9,95.4,96.4,90.3,0.7,0.6,0.9,0.5,0.5,0.6,0.6,0.6,1,0.9,1.1,0.5,1.2,1.6,0.9,0.8,0.5,8.2,1.8,1.3,2.3,1.2,1.1,1.4,1.4,1.4,2.8,2.5,2.1,1.9,5.1,6.9,4.2,3.8,3.1,1.5
2020,Piauí,Rural,Total,98.1,98.6,97.4,99.1,99,98.3,98.5,98.2,97.4,97.4,97.6,97.2,90.2,87.4,91,93.1,--,96,0.6,0.5,0.6,0.3,0.4,0.7,0.5,0.7,0.6,0.5,0.5,0.5,2,2.3,2,1.7,--,0,1.3,0.9,2,0.6,0.6,1,1,1.1,2,2.1,1.9,2.3,7.8,10.3,7,5.2,--,4
2020,Piauí,Total,Federal,--,--,--,--,--,--,--,--,--,--,--,--,83.7,73.5,88.4,89.2,96.3,90.8,--,--,--,--,--,--,--,--,--,--,--,--,14.3,23.9,11.2,8.2,0.5,7.4,--,--,--,--,--,--,--,--,--,--,--,--,2,2.6,0.4,2.6,3.2,1.8
2020,Piauí,Urbana,Federal,--,--,--,--,--,--,--,--,--,--,--,--,83.5,73.2,87.9,89.6,96.3,90.3,--,--,--,--,--,--,--,--,--,--,--,--,14.5,24,11.9,7.6,0.5,8.2,--,--,--,--,--,--,--,--,--,--,--,--,2,2.8,0.2,2.8,3.2,1.5
2020,Piauí,Rural,Federal,--,--,--,--,--,--,--,--,--,--,--,--,85.6,75.9,93.1,85.8,--,96,--,--,--,--,--,--,--,--,--,--,--,--,12.9,22.2,5.4,14.2,--,0,--,--,--,--,--,--,--,--,--,--,--,--,1.5,1.9,1.5,0,--,4
2020,Piauí,Total,Estadual,95.8,97,95.7,98.8,97.9,97.6,97.9,95.4,94.4,95.5,96.2,96.5,93.6,91.7,94.5,95.1,100,--,0.5,0.7,0.5,0,0,0,0.6,1.4,0.6,0.5,0.5,0.5,0.4,0.4,0.4,0.4,0,--,3.7,2.3,3.8,1.2,2.1,2.4,1.5,3.2,5,4,3.3,3,6,7.9,5.1,4.5,0,--
2020,Piauí,Urbana,Estadual,95.8,97,95.7,98.8,97.9,97.6,97.9,95.4,94.4,95.5,96.2,96.5,93.8,91.9,94.8,95.3,100,--,0.5,0.7,0.5,0,0,0,0.6,1.4,0.6,0.5,0.5,0.5,0.3,0.4,0.3,0.4,0,--,3.7,2.3,3.8,1.2,2.1,2.4,1.5,3.2,5,4,3.3,3,5.9,7.7,4.9,4.3,0,--
2020,Piauí,Rural,Estadual,95.2,--,95.2,--,--,--,--,--,96.2,95.1,94.9,94.8,90.5,88.1,90.8,93.6,--,--,0.4,--,0.4,--,--,--,--,--,0,0,1.3,0,1,0.7,1.7,0.7,--,--,4.4,--,4.4,--,--,--,--,--,3.8,4.9,3.8,5.2,8.5,11.2,7.5,5.7,--,--
2020,Piauí,Total,Municipal,97.9,98.5,97,99.2,98.9,98.2,98.2,98.2,96.7,96.9,97,97.8,74.3,77.3,83.6,63.4,--,--,0.6,0.5,0.8,0.2,0.4,0.7,0.5,0.6,0.9,0.9,1.1,0.4,5.1,1.5,1.8,11.5,--,--,1.5,1,2.2,0.6,0.7,1.1,1.3,1.2,2.4,2.2,1.9,1.8,20.6,21.2,14.6,25.1,--,--
2020,Piauí,Urbana,Municipal,97.8,98.5,96.9,99.3,98.8,98.2,98.1,98.1,96.3,96.7,96.8,98,72,71.7,84.8,63.4,--,--,0.7,0.5,1,0.2,0.4,0.6,0.5,0.5,1.1,1.1,1.3,0.4,5.9,2,2.2,11.5,--,--,1.5,1,2.1,0.5,0.8,1.2,1.4,1.4,2.6,2.2,1.9,1.6,22.1,26.3,13,25.1,--,--
2020,Piauí,Rural,Municipal,98.1,98.6,97.4,99.1,99,98.3,98.5,98.2,97.4,97.4,97.6,97.3,88.2,93.9,77.8,--,--,--,0.6,0.5,0.6,0.3,0.4,0.7,0.5,0.7,0.6,0.5,0.5,0.5,0,0,0,--,--,--,1.3,0.9,2,0.6,0.6,1,1,1.1,2,2.1,1.9,2.2,11.8,6.1,22.2,--,--,--
2020,Piauí,Total,Privada,97.2,96.8,97.8,94.6,96.5,97.4,97.6,97.8,97.5,98,98.1,97.7,98.3,97.2,98.7,99.2,--,--,1.1,1.1,1.1,1.6,1.2,0.8,0.8,0.9,1.1,1,1.1,1.1,1,1.6,0.8,0.4,--,--,1.7,2.1,1.1,3.8,2.3,1.8,1.6,1.3,1.4,1,0.8,1.2,0.7,1.2,0.5,0.4,--,--
2020,Piauí,Urbana,Privada,97.2,96.8,97.8,94.6,96.5,97.4,97.6,97.8,97.5,98,98.1,97.7,98.3,97.2,98.7,99.2,--,--,1.1,1.1,1.1,1.6,1.2,0.8,0.8,0.9,1.1,1,1.1,1.1,1,1.6,0.8,0.4,--,--,1.7,2.1,1.1,3.8,2.3,1.8,1.6,1.3,1.4,1,0.8,1.2,0.7,1.2,0.5,0.4,--,--
2020,Piauí,Rural,Privada,100,--,100,--,--,--,--,--,100,100,100,100,100,100,100,100,--,--,0,--,0,--,--,--,--,--,0,0,0,0,0,0,0,0,--,--,0,--,0,--,--,--,--,--,0,0,0,0,0,0,0,0,--,--
2020,Piauí,Total,Pública,97.7,98.5,96.8,99.2,98.9,98.2,98.2,98.1,96.4,96.7,96.9,97.5,92.9,90.7,94.2,94.7,96.4,90.8,0.6,0.5,0.8,0.2,0.4,0.7,0.5,0.6,0.9,0.8,0.9,0.5,1.2,1.6,1,0.9,0.5,7.4,1.7,1,2.4,0.6,0.7,1.1,1.3,1.3,2.7,2.5,2.2,2,5.9,7.7,4.8,4.4,3.1,1.8
2020,Piauí,Urbana,Pública,97.6,98.4,96.6,99.3,98.8,98.2,98.1,98,96,96.4,96.6,97.6,93.1,90.9,94.4,94.8,96.4,90.3,0.7,0.5,0.9,0.2,0.4,0.6,0.5,0.5,1,0.9,1.1,0.4,1.2,1.6,0.9,0.8,0.5,8.2,1.7,1.1,2.5,0.5,0.8,1.2,1.4,1.5,3,2.7,2.3,2,5.7,7.5,4.7,4.4,3.1,1.5
2020,Piauí,Rural,Pública,98.1,98.6,97.4,99.1,99,98.3,98.5,98.2,97.4,97.4,97.6,97.2,90.1,87.3,90.9,93,--,96,0.6,0.5,0.6,0.3,0.4,0.7,0.5,0.7,0.6,0.5,0.5,0.5,2,2.3,2,1.7,--,0,1.3,0.9,2,0.6,0.6,1,1,1.1,2,2.1,1.9,2.3,7.9,10.4,7.1,5.3,--,4
2020,Ceará,Total,Total,98.9,98.7,99.1,97.8,98.6,98.8,99.1,99.2,98.9,99.1,99.2,99.3,97,95.8,97,98.5,93.1,81.5,0.2,0.2,0.2,0.2,0.2,0.2,0.2,0.1,0.2,0.2,0.2,0.1,0.2,0.3,0.2,0.1,5.1,14,0.9,1.1,0.7,2,1.2,1,0.7,0.7,0.9,0.7,0.6,0.6,2.8,3.9,2.8,1.4,1.8,4.5
2020,Ceará,Urbana,Total,98.7,98.4,99,97.2,98.3,98.6,98.9,99,98.8,99,99.1,99.3,97,95.8,97,98.5,93.1,80.9,0.2,0.2,0.2,0.3,0.2,0.2,0.2,0.2,0.3,0.2,0.2,0.2,0.2,0.3,0.2,0.1,5.1,13.9,1.1,1.4,0.8,2.5,1.5,1.2,0.9,0.8,0.9,0.8,0.7,0.5,2.8,3.9,2.8,1.4,1.8,5.2
2020,Ceará,Rural,Total,99.7,99.8,99.5,99.9,99.9,99.9,99.8,99.8,99.6,99.4,99.4,99.6,97.3,96.2,97.8,98.6,--,84.8,0.1,0,0.1,0,0,0,0,0,0.1,0.1,0.1,0.1,0.6,0.5,0.4,0.5,--,14.5,0.2,0.2,0.4,0.1,0.1,0.1,0.2,0.2,0.3,0.5,0.5,0.3,2.1,3.3,1.8,0.9,--,0.7
2020,Ceará,Total,Federal,99.8,--,99.8,--,--,--,--,--,100,100,100,99.2,80.9,74.6,80.9,86.8,92.1,80.9,0.2,--,0.2,--,--,--,--,--,0,0,0,0.8,14.4,18.1,15.1,10.7,5.8,14.5,0,--,0,--,--,--,--,--,0,0,0,0,4.7,7.3,4,2.5,2.1,4.6
2020,Ceará,Urbana,Federal,99.8,--,99.8,--,--,--,--,--,100,100,100,99.2,82.6,77.1,82.4,89.4,92.1,80,0.2,--,0.2,--,--,--,--,--,0,0,0,0.8,13.4,17.5,14.3,8.4,5.8,14.5,0,--,0,--,--,--,--,--,0,0,0,0,4,5.4,3.3,2.2,2.1,5.5
2020,Ceará,Rural,Federal,--,--,--,--,--,--,--,--,--,--,--,--,66.4,51.6,69,57.6,--,84.8,--,--,--,--,--,--,--,--,--,--,--,--,22.6,23.5,22.2,35.3,--,14.5,--,--,--,--,--,--,--,--,--,--,--,--,11,24.9,8.8,7.1,--,0.7
2020,Ceará,Total,Estadual,98.1,99.7,97.7,100,99.8,99.7,99.5,99.5,98.1,98.2,97.7,97.3,97.1,95.9,97,98.5,100,--,0,0,0,0,0,0,0,0,0,0,0,0,0,0,0,0,0,--,1.9,0.3,2.3,0,0.2,0.3,0.5,0.5,1.9,1.8,2.3,2.7,2.9,4.1,3,1.5,0,--
2020,Ceará,Urbana,Estadual,97.8,99.7,97.5,100,99.6,99.7,99.3,99.7,97.9,98.1,97.5,97.3,97,95.8,96.9,98.4,100,--,0,0,0,0,0,0,0,0,0,0,0,0,0,0,0,0,0,--,2.2,0.3,2.5,0,0.4,0.3,0.7,0.3,2.1,1.9,2.5,2.7,3,4.2,3.1,1.6,0,--
2020,Ceará,Rural,Estadual,99.2,99.7,98.7,100,100,99.7,99.7,99.2,98.7,98.5,99.2,98.5,98.2,97.2,98.4,99.3,--,--,0,0,0,0,0,0,0,0,0,0,0,0,0,0,0,0,--,--,0.8,0.3,1.3,0,0,0.3,0.3,0.8,1.3,1.5,0.8,1.5,1.8,2.8,1.6,0.7,--,--
2020,Ceará,Total,Municipal,99.6,99.8,99.5,99.9,99.9,99.8,99.7,99.7,99.4,99.4,99.4,99.6,--,--,--,--,--,--,0.1,0,0.1,0,0,0,0.1,0.1,0.1,0.1,0.1,0.1,--,--,--,--,--,--,0.3,0.2,0.4,0.1,0.1,0.2,0.2,0.2,0.5,0.5,0.5,0.3,--,--,--,--,--,--
2020,Ceará,Urbana,Municipal,99.6,99.8,99.4,99.9,99.9,99.8,99.7,99.7,99.3,99.4,99.4,99.6,--,--,--,--,--,--,0.1,0,0.1,0,0,0,0.1,0.1,0.1,0.1,0.1,0.1,--,--,--,--,--,--,0.3,0.2,0.5,0.1,0.1,0.2,0.2,0.2,0.6,0.5,0.5,0.3,--,--,--,--,--,--
2020,Ceará,Rural,Municipal,99.7,99.9,99.5,99.9,99.9,99.9,99.8,99.8,99.6,99.5,99.4,99.6,--,--,--,--,--,--,0.1,0,0.1,0,0,0,0,0,0.1,0.1,0.1,0.1,--,--,--,--,--,--,0.2,0.1,0.4,0.1,0.1,0.1,0.2,0.2,0.3,0.4,0.5,0.3,--,--,--,--,--,--
2020,Ceará,Total,Privada,96,94.9,97.7,91.2,94.5,95.6,96.6,97,96.9,97.6,98.1,98.5,98.8,98.1,98.8,99.5,--,100,0.7,0.7,0.7,0.9,0.7,0.8,0.5,0.5,0.8,0.6,0.6,0.5,0.6,0.9,0.6,0.1,--,0,3.3,4.4,1.6,7.9,4.8,3.6,2.9,2.5,2.3,1.8,1.3,1,0.6,1,0.6,0.4,--,0
2020,Ceará,Urbana,Privada,96,94.9,97.7,91.1,94.5,95.6,96.6,97,96.9,97.6,98.1,98.5,98.8,98.2,98.8,99.5,--,100,0.7,0.7,0.7,0.9,0.7,0.8,0.5,0.5,0.8,0.6,0.6,0.5,0.6,0.9,0.6,0.1,--,0,3.3,4.4,1.6,8,4.8,3.6,2.9,2.5,2.3,1.8,1.3,1,0.6,0.9,0.6,0.4,--,0
2020,Ceará,Rural,Privada,98.3,98,99.2,96.5,96.6,96.7,100,100,97.6,100,100,100,86.3,81,95.8,86.1,--,--,0.4,0.6,0,0,0,3.3,0,0,0,0,0,0,0,0,0,0,--,--,1.3,1.4,0.8,3.5,3.4,0,0,0,2.4,0,0,0,13.7,19,4.2,13.9,--,--
2020,Ceará,Total,Pública,99.6,99.8,99.4,99.9,99.9,99.8,99.7,99.7,99.4,99.4,99.4,99.5,96.8,95.6,96.8,98.4,93.1,80.9,0.1,0,0.1,0,0,0,0.1,0.1,0.1,0.1,0.1,0.1,0.2,0.2,0.2,0.1,5.1,14.5,0.3,0.2,0.5,0.1,0.1,0.2,0.2,0.2,0.5,0.5,0.5,0.4,3,4.2,3,1.5,1.8,4.6
2020,Ceará,Urbana,Pública,99.6,99.8,99.4,99.9,99.9,99.8,99.7,99.7,99.3,99.4,99.4,99.5,96.8,95.6,96.8,98.4,93.1,80,0.1,0,0.1,0,0,0,0.1,0.1,0.1,0.1,0.1,0.1,0.2,0.2,0.1,0.1,5.1,14.5,0.3,0.2,0.5,0.1,0.1,0.2,0.2,0.2,0.6,0.5,0.5,0.4,3,4.2,3.1,1.5,1.8,5.5
2020,Ceará,Rural,Pública,99.7,99.9,99.5,99.9,99.9,99.9,99.8,99.8,99.6,99.4,99.4,99.6,97.4,96.3,97.8,98.7,--,84.8,0.1,0,0.1,0,0,0,0,0,0.1,0.1,0.1,0.1,0.6,0.5,0.4,0.5,--,14.5,0.2,0.1,0.4,0.1,0.1,0.1,0.2,0.2,0.3,0.5,0.5,0.3,2,3.2,1.8,0.8,--,0.7
2020,Rio Grande do Norte,Total,Total,97.9,97.7,98.2,96.8,97.6,98.1,98,97.8,97.9,98.2,98.7,98.2,98.4,98.4,98.6,98.5,94.9,100,0.5,0.6,0.5,0.4,0.4,0.4,0.7,0.9,0.5,0.5,0.3,0.8,1,0.9,0.8,1.1,4,0,1.6,1.7,1.3,2.8,2,1.5,1.3,1.3,1.6,1.3,1,1,0.6,0.7,0.6,0.4,1.1,0
2020,Rio Grande do Norte,Urbana,Total,97.8,97.4,98.2,96.1,97,97.7,97.9,97.8,97.8,98.1,98.8,98.2,98.4,98.4,98.6,98.5,94.8,100,0.5,0.6,0.5,0.5,0.5,0.5,0.5,0.8,0.5,0.5,0.3,0.8,1,0.8,0.8,1.1,4,0,1.7,2,1.3,3.4,2.5,1.8,1.6,1.4,1.7,1.4,0.9,1,0.6,0.8,0.6,0.4,1.2,0
2020,Rio Grande do Norte,Rural,Total,98.7,98.8,98.4,99.3,99.6,99.4,98.2,97.9,98,98.8,98.7,98.2,98,97.5,98.7,98.5,95.3,--,0.5,0.6,0.3,0.2,0.1,0.1,1.1,1.3,0.4,0.3,0.2,0.5,1.6,2.3,1,1.2,3.5,--,0.8,0.6,1.3,0.5,0.3,0.5,0.7,0.8,1.6,0.9,1.1,1.3,0.4,0.2,0.3,0.3,1.2,--
2020,Rio Grande do Norte,Total,Federal,100,100,--,100,100,100,100,100,--,--,--,--,92.9,90.4,92.5,94.6,94.9,--,0,0,--,0,0,0,0,0,--,--,--,--,6.1,8.5,6.9,4.4,4,--,0,0,--,0,0,0,0,0,--,--,--,--,1,1.1,0.6,1,1.1,--
2020,Rio Grande do Norte,Urbana,Federal,100,100,--,100,100,100,100,100,--,--,--,--,92.8,90.5,92.1,94.6,94.8,--,0,0,--,0,0,0,0,0,--,--,--,--,6.2,8.4,7.3,4.4,4,--,0,0,--,0,0,0,0,0,--,--,--,--,1,1.1,0.6,1,1.2,--
2020,Rio Grande do Norte,Rural,Federal,--,--,--,--,--,--,--,--,--,--,--,--,93.8,89.7,96.5,95,95.3,--,--,--,--,--,--,--,--,--,--,--,--,--,5.6,9.8,3.2,4,3.5,--,--,--,--,--,--,--,--,--,--,--,--,--,0.6,0.5,0.3,1,1.2,--
2020,Rio Grande do Norte,Total,Estadual,99.6,99.7,99.5,99.9,99.9,99.8,99.7,99.2,99.2,99.6,99.8,99.5,99.3,99.4,99.4,98.9,--,100,0.2,0.2,0.2,0,0,0.1,0.3,0.4,0.5,0.2,0,0.2,0.3,0.1,0.1,0.8,--,0,0.2,0.1,0.3,0.1,0.1,0.1,0,0.4,0.3,0.2,0.2,0.3,0.4,0.5,0.5,0.3,--,0
2020,Rio Grande do Norte,Urbana,Estadual,99.6,99.7,99.6,100,99.9,99.8,99.7,99.3,99.3,99.6,99.8,99.5,99.2,99.4,99.4,98.8,--,100,0.2,0.1,0.2,0,0,0.1,0.2,0.3,0.4,0.2,0,0.2,0.3,0.1,0.1,0.8,--,0,0.2,0.2,0.2,0,0.1,0.1,0.1,0.4,0.3,0.2,0.2,0.3,0.5,0.5,0.5,0.4,--,0
2020,Rio Grande do Norte,Rural,Estadual,98.8,99,98.8,99.6,100,99.7,98.8,97.8,97.2,99.5,99.7,99.2,99.7,99.8,99.5,99.8,--,--,1,0.9,1,0,0,0,1.2,2.2,2.5,0.4,0,0.8,0.1,0.1,0.2,0.1,--,--,0.2,0.1,0.2,0.4,0,0.3,0,0,0.3,0.1,0.3,0,0.2,0.1,0.3,0.1,--,--
2020,Rio Grande do Norte,Total,Municipal,98.8,99.2,98.3,99.7,99.8,99.6,98.8,98.6,98,98.3,98.9,97.9,--,--,--,--,--,--,0.4,0.4,0.4,0.1,0,0.2,0.7,0.8,0.3,0.3,0.2,1.1,--,--,--,--,--,--,0.8,0.4,1.3,0.2,0.2,0.2,0.5,0.6,1.7,1.4,0.9,1,--,--,--,--,--,--
2020,Rio Grande do Norte,Urbana,Municipal,98.9,99.4,98.2,99.9,99.9,99.6,99.1,99,97.9,98.2,99,97.9,--,--,--,--,--,--,0.4,0.3,0.5,0,0,0.2,0.4,0.6,0.4,0.4,0.1,1.2,--,--,--,--,--,--,0.7,0.3,1.3,0.1,0.1,0.2,0.5,0.4,1.7,1.4,0.9,0.9,--,--,--,--,--,--
2020,Rio Grande do Norte,Rural,Municipal,98.8,98.9,98.4,99.5,99.7,99.6,98.3,97.9,98.3,98.7,98.5,98.1,--,--,--,--,--,--,0.5,0.6,0.2,0.1,0.1,0.1,1.1,1.2,0.2,0.3,0.2,0.4,--,--,--,--,--,--,0.7,0.5,1.4,0.4,0.2,0.3,0.6,0.9,1.5,1,1.3,1.5,--,--,--,--,--,--
2020,Rio Grande do Norte,Total,Privada,94.1,92.8,96.2,89.1,91.7,93.8,94.4,94.7,95.4,95.7,96.8,96.9,97.4,96.2,97.8,98.8,--,--,1.2,1.2,1.1,1.3,1.3,1,1,1.6,1.1,1.3,1.1,0.9,1.1,1.7,1,0.5,--,--,4.7,6,2.7,9.6,7,5.2,4.6,3.7,3.5,3,2.1,2.2,1.5,2.1,1.2,0.7,--,--
2020,Rio Grande do Norte,Urbana,Privada,94.1,92.8,96.2,89.1,91.8,93.8,94.5,94.8,95.5,95.6,96.8,97,97.4,96.2,97.7,98.8,--,--,1.2,1.2,1.1,1.3,1.3,1,1,1.6,1.1,1.3,1.1,0.9,1.1,1.7,1,0.5,--,--,4.7,6,2.7,9.6,6.9,5.2,4.5,3.6,3.4,3.1,2.1,2.1,1.5,2.1,1.3,0.7,--,--
2020,Rio Grande do Norte,Rural,Privada,89.1,88.2,91.7,87.7,87.9,87.1,89.2,89.7,83.9,100,95.2,90,100,100,100,100,--,--,2.2,2.8,0.6,1.8,3.3,1.5,4.2,3.4,1.8,0,0,0,0,0,0,0,--,--,8.7,9,7.7,10.5,8.8,11.4,6.6,6.9,14.3,0,4.8,10,0,0,0,0,--,--
2020,Rio Grande do Norte,Total,Pública,99,99.3,98.7,99.8,99.8,99.6,99,98.7,98.4,98.8,99.3,98.5,98.5,98.7,98.7,98.4,94.9,100,0.4,0.3,0.4,0.1,0,0.2,0.6,0.7,0.4,0.3,0.1,0.7,1,0.8,0.8,1.2,4,0,0.6,0.4,0.9,0.1,0.2,0.2,0.4,0.6,1.2,0.9,0.6,0.8,0.5,0.5,0.5,0.4,1.1,0
2020,Rio Grande do Norte,Urbana,Pública,99.1,99.5,98.8,99.9,99.9,99.6,99.3,99.1,98.5,98.8,99.4,98.6,98.6,98.7,98.7,98.4,94.8,100,0.3,0.2,0.4,0,0,0.2,0.4,0.5,0.4,0.3,0.1,0.8,0.9,0.7,0.8,1.2,4,0,0.6,0.3,0.8,0.1,0.1,0.2,0.3,0.4,1.1,0.9,0.5,0.6,0.5,0.6,0.5,0.4,1.2,0
2020,Rio Grande do Norte,Rural,Pública,98.8,98.9,98.4,99.5,99.7,99.6,98.3,97.9,98.1,98.8,98.7,98.2,98,97.5,98.7,98.5,95.3,--,0.5,0.6,0.3,0.1,0.1,0.1,1.1,1.3,0.4,0.3,0.2,0.5,1.7,2.3,1,1.2,3.5,--,0.7,0.5,1.3,0.4,0.2,0.3,0.6,0.8,1.5,0.9,1.1,1.3,0.3,0.2,0.3,0.3,1.2,--
2020,Paraíba,Total,Total,97,97,97.2,95.5,97,97.2,97.4,97.4,96.3,97.1,97.6,97.9,97.1,96.4,97.4,97.9,94.4,100,0.5,0.4,0.5,0.5,0.3,0.4,0.4,0.6,0.6,0.6,0.5,0.4,0.5,0.6,0.4,0.2,2.9,0,2.5,2.6,2.3,4,2.7,2.4,2.2,2,3.1,2.3,1.9,1.7,2.4,3,2.2,1.9,2.7,0
2020,Paraíba,Urbana,Total,96.9,96.6,97.2,94.5,96.5,96.9,97.2,97.4,96.3,97.1,97.6,98,97,96.3,97.4,97.8,94.4,100,0.4,0.4,0.5,0.6,0.3,0.3,0.3,0.4,0.6,0.5,0.5,0.4,0.5,0.6,0.4,0.3,2.9,0,2.7,3,2.3,4.9,3.2,2.8,2.5,2.2,3.1,2.4,1.9,1.6,2.5,3.1,2.2,1.9,2.7,0
2020,Paraíba,Rural,Total,98,98.4,97,99.4,99.2,98.4,98.1,97.2,96.8,96.9,97.3,97.2,98.2,98.3,97.8,98.3,--,--,0.6,0.6,0.6,0.1,0.2,0.7,0.7,1.3,0.7,0.7,0.5,0.4,0.2,0.3,0.2,0.1,--,--,1.4,1,2.4,0.5,0.6,0.9,1.2,1.5,2.5,2.4,2.2,2.4,1.6,1.4,2,1.6,--,--
2020,Paraíba,Total,Federal,--,--,--,--,--,--,--,--,--,--,--,--,91.2,87,92.1,94.3,95.6,--,--,--,--,--,--,--,--,--,--,--,--,--,7.5,11.1,7.1,4.9,3.1,--,--,--,--,--,--,--,--,--,--,--,--,--,1.3,1.9,0.8,0.8,1.3,--
2020,Paraíba,Urbana,Federal,--,--,--,--,--,--,--,--,--,--,--,--,91.1,87,91.8,94,95.6,--,--,--,--,--,--,--,--,--,--,--,--,--,7.7,11.3,7.3,5.1,3.1,--,--,--,--,--,--,--,--,--,--,--,--,--,1.2,1.7,0.9,0.9,1.3,--
2020,Paraíba,Rural,Federal,--,--,--,--,--,--,--,--,--,--,--,--,95.7,88.1,100,100,--,--,--,--,--,--,--,--,--,--,--,--,--,--,2.5,6.8,0,0,--,--,--,--,--,--,--,--,--,--,--,--,--,--,1.8,5.1,0,0,--,--
2020,Paraíba,Total,Estadual,99.2,99.5,99.1,99.5,99.7,99.5,99.7,99.1,98.9,99.3,99.2,99.1,97.2,96.6,97.5,97.9,85.5,--,0,0,0,0,0,0,0,0.1,0,0,0,0,0.1,0.1,0.1,0,4.3,--,0.8,0.5,0.9,0.5,0.3,0.5,0.3,0.8,1.1,0.7,0.8,0.9,2.7,3.3,2.4,2.1,10.2,--
2020,Paraíba,Urbana,Estadual,99.2,99.5,99.1,99.4,99.7,99.5,99.8,99,98.8,99.2,99.2,99.1,97.2,96.5,97.5,97.8,85.5,--,0,0,0,0,0,0,0,0.1,0,0,0,0,0.1,0.1,0.1,0,4.3,--,0.8,0.5,0.9,0.6,0.3,0.5,0.2,0.9,1.2,0.8,0.8,0.9,2.7,3.4,2.4,2.2,10.2,--
2020,Paraíba,Rural,Estadual,99.5,99.6,99.5,100,100,99.7,99.2,99.6,99.5,99.7,99.5,99.4,98.2,98.6,97.7,98.2,--,--,0.1,0.1,0.1,0,0,0,0.2,0.2,0.2,0.1,0.1,0,0.2,0.1,0.3,0.1,--,--,0.4,0.3,0.4,0,0,0.3,0.6,0.2,0.3,0.2,0.4,0.6,1.6,1.3,2,1.7,--,--
2020,Paraíba,Total,Municipal,97.6,98.4,96.3,99.2,99.1,98.3,98.1,97.7,95.6,96.3,96.9,97.1,99.7,100,100,98.8,100,--,0.5,0.3,0.7,0.1,0.1,0.3,0.4,0.6,0.7,0.7,0.6,0.5,0,0,0,0,0,--,1.9,1.3,3,0.7,0.8,1.4,1.5,1.7,3.7,3,2.5,2.4,0.3,0,0,1.2,0,--
2020,Paraíba,Urbana,Municipal,97.5,98.4,96.3,99.1,99.1,98.2,98.1,97.9,95.5,96.2,96.9,97.2,99.7,100,100,98.8,100,--,0.4,0.2,0.6,0.1,0.1,0.2,0.3,0.3,0.7,0.7,0.6,0.5,0,0,0,0,0,--,2.1,1.4,3.1,0.8,0.8,1.6,1.6,1.8,3.8,3.1,2.5,2.3,0.3,0,0,1.2,0,--
2020,Paraíba,Rural,Municipal,97.9,98.4,96.4,99.4,99.2,98.5,98.2,97.2,96.2,96.4,96.8,96.6,--,--,--,--,--,--,0.6,0.6,0.7,0.1,0.2,0.6,0.6,1.3,0.8,0.8,0.5,0.5,--,--,--,--,--,--,1.5,1,2.9,0.5,0.6,0.9,1.2,1.5,3,2.8,2.7,2.9,--,--,--,--,--,--
2020,Paraíba,Total,Privada,93.6,91.5,97.1,85.1,90.7,92.9,94.1,95.3,96.1,97.2,97.3,98.1,98,97.2,98.2,98.7,85.7,100,0.9,0.9,0.7,1.6,0.9,0.8,0.6,0.7,0.9,0.6,0.8,0.5,0.6,0.9,0.6,0.2,0,0,5.5,7.6,2.2,13.3,8.4,6.3,5.3,4,3,2.2,1.9,1.4,1.4,1.9,1.2,1.1,14.3,0
2020,Paraíba,Urbana,Privada,93.6,91.5,97.2,85.1,90.7,92.9,94.2,95.3,96.2,97.3,97.4,98.1,98,97.2,98.2,98.7,85.7,100,0.8,0.9,0.7,1.6,0.9,0.7,0.5,0.7,0.9,0.6,0.8,0.5,0.6,0.9,0.6,0.2,0,0,5.6,7.6,2.1,13.3,8.4,6.4,5.3,4,2.9,2.1,1.8,1.4,1.4,1.9,1.2,1.1,14.3,0
2020,Paraíba,Rural,Privada,85.5,87.1,83,91.4,94,80,82,87.2,90.6,79.2,74.4,88.9,--,--,--,--,--,--,9.8,9.2,10.8,1.4,6,14.5,18,8.5,7.5,9.4,18.6,7.4,--,--,--,--,--,--,4.7,3.7,6.2,7.2,0,5.5,0,4.3,1.9,11.4,7,3.7,--,--,--,--,--,--
2020,Paraíba,Total,Pública,97.9,98.5,97.2,99.2,99.1,98.4,98.3,97.9,96.4,97.1,97.6,97.9,96.9,96.3,97.3,97.7,94.6,--,0.4,0.3,0.5,0.1,0.1,0.3,0.3,0.6,0.5,0.5,0.4,0.3,0.4,0.6,0.4,0.3,3,--,1.7,1.2,2.3,0.7,0.8,1.3,1.4,1.5,3.1,2.4,2,1.8,2.7,3.1,2.3,2,2.4,--
2020,Paraíba,Urbana,Pública,97.8,98.5,97.2,99.1,99.1,98.4,98.3,98.1,96.3,97.1,97.7,97.9,96.9,96.2,97.3,97.7,94.6,--,0.3,0.2,0.4,0.1,0.1,0.2,0.2,0.3,0.5,0.5,0.4,0.3,0.5,0.6,0.4,0.3,3,--,1.9,1.3,2.4,0.8,0.8,1.4,1.5,1.6,3.2,2.4,1.9,1.8,2.6,3.2,2.3,2,2.4,--
2020,Paraíba,Rural,Pública,98.1,98.5,97.1,99.4,99.2,98.5,98.2,97.3,96.8,97.1,97.4,97.3,98.2,98.3,97.8,98.3,--,--,0.6,0.6,0.5,0.1,0.2,0.6,0.6,1.3,0.7,0.6,0.4,0.4,0.2,0.3,0.2,0.1,--,--,1.3,0.9,2.4,0.5,0.6,0.9,1.2,1.4,2.5,2.3,2.2,2.3,1.6,1.4,2,1.6,--,--
2020,Pernambuco,Total,Total,98.3,97.6,99.2,95.5,97,98,98.4,98.6,98.9,99.2,99.3,99.3,98.8,99.1,99.5,98.9,82.7,86.8,0.4,0.5,0.3,0.7,0.5,0.4,0.3,0.4,0.3,0.3,0.2,0.3,0.9,0.6,0.3,0.8,10.5,9.5,1.3,1.9,0.5,3.8,2.5,1.6,1.3,1,0.8,0.5,0.5,0.4,0.3,0.3,0.2,0.3,6.8,3.7
2020,Pernambuco,Urbana,Total,98,97,99.1,94.4,96.4,97.5,98,98.4,98.8,99.1,99.3,99.3,98.9,99.3,99.6,99,81.9,87.5,0.4,0.5,0.3,0.8,0.6,0.5,0.4,0.4,0.3,0.3,0.3,0.3,0.8,0.4,0.2,0.8,10.8,8.9,1.6,2.5,0.6,4.8,3,2,1.6,1.2,0.9,0.6,0.4,0.4,0.3,0.3,0.2,0.2,7.3,3.6
2020,Pernambuco,Rural,Total,99.6,99.6,99.6,99.6,99.7,99.6,99.7,99.5,99.5,99.6,99.7,99.5,96.7,96.9,98.3,97.1,94,78.2,0.2,0.2,0.1,0.2,0.2,0.2,0.1,0.2,0.1,0.1,0,0.2,2.4,2.4,1.1,1.8,6,16.7,0.2,0.2,0.3,0.2,0.1,0.2,0.2,0.3,0.4,0.3,0.3,0.3,0.9,0.7,0.6,1.1,0,5.1
2020,Pernambuco,Total,Federal,99.9,--,99.9,--,--,--,--,--,100,99.4,100,100,79.8,73.3,83.3,85.9,78.7,81.2,0.1,--,0.1,--,--,--,--,--,0,0.6,0,0,15.3,22.7,11.9,10.1,12.4,12.8,0,--,0,--,--,--,--,--,0,0,0,0,4.9,4,4.8,4,8.9,6
2020,Pernambuco,Urbana,Federal,99.9,--,99.9,--,--,--,--,--,100,99.4,100,100,80,73.8,83.6,84.8,78.5,82.3,0.1,--,0.1,--,--,--,--,--,0,0.6,0,0,14,21.2,10.4,10.4,12.3,10.2,0,--,0,--,--,--,--,--,0,0,0,0,6,5,6,4.8,9.2,7.5
2020,Pernambuco,Rural,Federal,--,--,--,--,--,--,--,--,--,--,--,--,79.4,71.9,82.5,88.9,84.6,76.9,--,--,--,--,--,--,--,--,--,--,--,--,19.5,26.7,17,9.4,15.4,22.7,--,--,--,--,--,--,--,--,--,--,--,--,1.1,1.4,0.5,1.7,0,0.4
2020,Pernambuco,Total,Estadual,99.8,99.7,99.8,99.9,99.8,99.9,99.5,99.6,99.9,100,100,99.6,99.3,99.9,99.9,99.1,91.9,87.3,0.1,0,0.1,0,0,0.1,0.1,0,0,0,0,0.2,0.5,0,0,0.7,6.1,9.2,0.1,0.3,0.1,0.1,0.2,0,0.4,0.4,0.1,0,0,0.2,0.2,0.1,0.1,0.2,2,3.5
2020,Pernambuco,Urbana,Estadual,99.9,100,99.9,100,100,100,100,100,100,100,100,99.6,99.4,100,100,99.2,90.6,87.8,0.1,0,0.1,0,0,0,0,0,0,0,0,0.1,0.5,0,0,0.7,7.1,8.9,0,0,0,0,0,0,0,0,0,0,0,0.3,0.1,0,0,0.1,2.3,3.3
2020,Pernambuco,Rural,Estadual,99.5,99.7,99.4,99.9,99.8,99.9,99.3,99.4,99.6,99.7,99.6,98.7,98.4,99.4,99.4,97.9,100,78.8,0.1,0.1,0.2,0,0,0.1,0.2,0,0,0.1,0.1,0.6,0.7,0,0,1.1,0,14.5,0.4,0.2,0.4,0.1,0.2,0,0.5,0.6,0.4,0.2,0.3,0.7,0.9,0.6,0.6,1,0,6.7
2020,Pernambuco,Total,Municipal,99.8,99.8,99.7,99.9,99.9,99.8,99.9,99.7,99.6,99.7,99.7,99.6,96.9,95.3,100,100,--,--,0.1,0.1,0.1,0,0,0.1,0,0.1,0.1,0.1,0.1,0.1,0,0,0,0,--,--,0.1,0.1,0.2,0.1,0.1,0.1,0.1,0.2,0.3,0.2,0.2,0.3,3.1,4.7,0,0,--,--
2020,Pernambuco,Urbana,Municipal,99.8,99.8,99.7,99.9,99.9,99.8,99.9,99.7,99.7,99.7,99.7,99.6,92.9,92.9,--,--,--,--,0.1,0.1,0.1,0,0,0.1,0,0.1,0.1,0.1,0.1,0.1,0,0,--,--,--,--,0.1,0.1,0.2,0.1,0.1,0.1,0.1,0.2,0.2,0.2,0.2,0.3,7.1,7.1,--,--,--,--
2020,Pernambuco,Rural,Municipal,99.7,99.8,99.6,99.9,99.9,99.8,99.9,99.6,99.6,99.6,99.7,99.6,100,100,100,100,--,--,0.1,0.1,0.1,0,0,0.1,0,0.2,0.1,0.1,0,0,0,0,0,0,--,--,0.2,0.1,0.3,0.1,0.1,0.1,0.1,0.2,0.3,0.3,0.3,0.4,0,0,0,0,--,--
2020,Pernambuco,Total,Privada,93.5,91.7,96.8,86.1,90.6,92.8,94.3,95.3,95.6,96.8,97.4,97.8,98.6,97.8,98.8,99.3,--,97,1.3,1.5,1.1,2.2,1.5,1.3,1.1,1.1,1.4,1.1,0.9,0.9,0.6,1,0.5,0.2,--,0,5.2,6.8,2.1,11.7,7.9,5.9,4.6,3.6,3,2.1,1.7,1.3,0.8,1.2,0.7,0.5,--,3
2020,Pernambuco,Urbana,Privada,93.5,91.7,96.8,86.1,90.7,92.8,94.4,95.3,95.7,96.8,97.4,97.8,98.6,97.8,98.8,99.2,--,97,1.3,1.4,1.1,2.1,1.5,1.3,1.1,1.1,1.3,1.1,0.9,0.9,0.6,1,0.5,0.2,--,0,5.2,6.9,2.1,11.8,7.8,5.9,4.5,3.6,3,2.1,1.7,1.3,0.8,1.2,0.7,0.6,--,3
2020,Pernambuco,Rural,Privada,92.4,90.7,96.4,85,88.7,92.5,92,95,90.3,96.8,100,98.7,98.9,98.1,98.9,100,--,--,5.3,6.2,3,11.2,7.5,4.3,5.5,2.9,7.5,2.9,0,1.3,1.1,1.9,1.1,0,--,--,2.3,3.1,0.6,3.8,3.8,3.2,2.5,2.1,2.2,0.3,0,0,0,0,0,0,--,--
2020,Pernambuco,Total,Pública,99.8,99.8,99.7,99.9,99.9,99.8,99.9,99.7,99.7,99.7,99.8,99.6,98.8,99.3,99.6,98.9,82.7,86.7,0.1,0.1,0.1,0,0,0.1,0,0.1,0,0.1,0.1,0.1,0.9,0.5,0.2,0.9,10.5,9.6,0.1,0.1,0.2,0.1,0.1,0.1,0.1,0.2,0.3,0.2,0.1,0.3,0.3,0.2,0.2,0.2,6.8,3.7
2020,Pernambuco,Urbana,Pública,99.8,99.8,99.7,99.9,99.9,99.8,99.9,99.7,99.8,99.8,99.8,99.6,98.9,99.5,99.7,99,81.9,87.4,0.1,0.1,0.1,0,0,0.1,0,0.1,0,0.1,0.1,0.1,0.8,0.4,0.2,0.8,10.8,9,0.1,0.1,0.2,0.1,0.1,0.1,0.1,0.2,0.2,0.1,0.1,0.3,0.3,0.1,0.1,0.2,7.3,3.6
2020,Pernambuco,Rural,Pública,99.7,99.8,99.6,99.9,99.9,99.8,99.8,99.6,99.6,99.6,99.7,99.5,96.6,96.9,98.3,97,94,78.2,0.1,0.1,0.1,0,0,0.1,0,0.2,0.1,0.1,0,0.1,2.4,2.4,1.1,1.8,6,16.7,0.2,0.1,0.3,0.1,0.1,0.1,0.2,0.2,0.3,0.3,0.3,0.4,1,0.7,0.6,1.2,0,5.1
2020,Alagoas,Total,Total,98.6,98.4,98.9,97.5,98.3,98.6,98.9,98.7,98.7,98.9,98.9,99.1,99.2,99.1,99.3,99.4,90.2,95.6,0.3,0.2,0.3,0.2,0.2,0.3,0.1,0.3,0.3,0.3,0.4,0.3,0.3,0.4,0.3,0.2,7.2,4.4,1.1,1.4,0.8,2.3,1.5,1.1,1,1,1,0.8,0.7,0.6,0.5,0.5,0.4,0.4,2.6,0
2020,Alagoas,Urbana,Total,98.4,98,98.9,96.7,97.7,98.2,98.6,98.5,98.7,98.9,98.9,99.1,99.2,99.1,99.3,99.3,90.2,95.6,0.3,0.2,0.3,0.2,0.2,0.3,0.1,0.3,0.3,0.3,0.4,0.3,0.3,0.4,0.3,0.2,7.2,4.4,1.3,1.8,0.8,3.1,2.1,1.5,1.3,1.2,1,0.8,0.7,0.6,0.5,0.5,0.4,0.5,2.6,0
2020,Alagoas,Rural,Total,99.3,99.5,99,99.7,99.7,99.4,99.7,99.1,99,99,98.9,98.9,99.7,99.5,99.8,99.9,--,--,0.2,0.2,0.3,0,0,0.2,0.1,0.4,0.3,0.3,0.3,0.3,0.1,0.1,0.2,0.1,--,--,0.5,0.3,0.7,0.3,0.3,0.4,0.2,0.5,0.7,0.7,0.8,0.8,0.2,0.4,0,0,--,--
2020,Alagoas,Total,Federal,--,--,--,--,--,--,--,--,--,--,--,--,87,82.4,89.1,88.8,90.2,100,--,--,--,--,--,--,--,--,--,--,--,--,9.4,11.9,8.7,8.4,7.2,0,--,--,--,--,--,--,--,--,--,--,--,--,3.6,5.7,2.2,2.8,2.6,0
2020,Alagoas,Urbana,Federal,--,--,--,--,--,--,--,--,--,--,--,--,87,82.4,89.1,88.8,90.2,100,--,--,--,--,--,--,--,--,--,--,--,--,9.4,11.9,8.7,8.4,7.2,0,--,--,--,--,--,--,--,--,--,--,--,--,3.6,5.7,2.2,2.8,2.6,0
2020,Alagoas,Total,Estadual,99.8,99.8,99.8,99.7,99.9,99.9,99.4,99.9,99.8,99.7,99.8,99.9,99.7,99.7,99.7,99.7,--,--,0,0,0,0,0,0,0,0,0,0,0,0,0,0,0,0,--,--,0.2,0.2,0.2,0.3,0.1,0.1,0.6,0.1,0.2,0.3,0.2,0.1,0.3,0.3,0.3,0.3,--,--
2020,Alagoas,Urbana,Estadual,99.8,99.7,99.8,99.8,99.9,99.9,99.3,99.8,99.8,99.8,99.8,99.9,99.7,99.7,99.7,99.7,--,--,0,0,0,0,0,0,0,0,0,0,0,0,0,0,0,0,--,--,0.2,0.3,0.2,0.2,0.1,0.1,0.7,0.2,0.2,0.2,0.2,0.1,0.3,0.3,0.3,0.3,--,--
2020,Alagoas,Rural,Estadual,99.3,99.9,98.9,99.4,100,100,100,100,98.3,98.6,99,99.6,99.9,99.7,100,99.9,--,--,0,0,0.1,0,0,0,0,0,0,0,0,0.2,0,0,0,0,--,--,0.7,0.1,1,0.6,0,0,0,0,1.7,1.4,1,0.2,0.1,0.3,0,0.1,--,--
2020,Alagoas,Total,Municipal,99.4,99.6,99.1,99.7,99.7,99.5,99.7,99.2,99.1,99.1,98.9,99.2,--,--,--,--,--,--,0.2,0.1,0.3,0,0,0.2,0.1,0.3,0.2,0.3,0.4,0.3,--,--,--,--,--,--,0.4,0.3,0.6,0.3,0.3,0.3,0.2,0.5,0.7,0.6,0.7,0.5,--,--,--,--,--,--
2020,Alagoas,Urbana,Municipal,99.4,99.6,99.1,99.7,99.7,99.5,99.6,99.2,99.1,99.2,99,99.3,--,--,--,--,--,--,0.2,0.1,0.3,0,0,0.2,0.1,0.2,0.2,0.3,0.4,0.3,--,--,--,--,--,--,0.4,0.3,0.6,0.3,0.3,0.3,0.3,0.6,0.7,0.5,0.6,0.4,--,--,--,--,--,--
2020,Alagoas,Rural,Municipal,99.3,99.5,99,99.7,99.7,99.4,99.7,99.2,99.1,99,98.9,98.9,--,--,--,--,--,--,0.2,0.2,0.3,0,0,0.2,0.1,0.4,0.3,0.3,0.4,0.3,--,--,--,--,--,--,0.5,0.3,0.7,0.3,0.3,0.4,0.2,0.4,0.6,0.7,0.7,0.8,--,--,--,--,--,--
2020,Alagoas,Total,Privada,94.8,93.4,96.9,88.9,92.4,94.3,95.3,96.2,95.8,96.7,97.5,97.6,98.1,97.4,98.3,98.9,--,95.4,0.7,0.6,0.8,0.7,0.6,0.7,0.3,0.6,0.9,0.8,0.8,0.7,0.8,1.1,0.7,0.3,--,4.6,4.5,6,2.3,10.4,7,5,4.4,3.2,3.3,2.5,1.7,1.7,1.1,1.5,1,0.8,--,0
2020,Alagoas,Urbana,Privada,94.8,93.4,96.9,88.8,92.3,94.2,95.4,96.2,95.8,96.7,97.5,97.6,98.2,97.5,98.4,98.9,--,95.4,0.7,0.6,0.8,0.7,0.6,0.7,0.3,0.6,0.9,0.8,0.8,0.7,0.7,1.1,0.6,0.3,--,4.6,4.5,6,2.3,10.5,7.1,5.1,4.3,3.2,3.3,2.5,1.7,1.7,1.1,1.4,1,0.8,--,0
2020,Alagoas,Rural,Privada,96.2,95.8,97.8,93.2,98.1,96.3,93.8,96.4,95.7,96.7,100,100,70.6,68.8,69.2,80,--,--,0.5,0.5,0.6,0,0,1.5,1.3,0,0,1.6,0,0,23.5,25,23.1,20,--,--,3.3,3.7,1.6,6.8,1.9,2.2,4.9,3.6,4.3,1.7,0,0,5.9,6.2,7.7,0,--,--
2020,Alagoas,Total,Pública,99.4,99.6,99.2,99.7,99.7,99.5,99.7,99.2,99.2,99.3,99.1,99.4,99.3,99.3,99.5,99.4,90.2,100,0.2,0.1,0.2,0,0,0.2,0.1,0.3,0.2,0.2,0.3,0.2,0.3,0.3,0.2,0.2,7.2,0,0.4,0.3,0.6,0.3,0.3,0.3,0.2,0.5,0.6,0.5,0.6,0.4,0.4,0.4,0.3,0.4,2.6,0
2020,Alagoas,Urbana,Pública,99.4,99.6,99.3,99.7,99.7,99.6,99.6,99.3,99.3,99.3,99.2,99.5,99.3,99.3,99.4,99.4,90.2,100,0.2,0.1,0.2,0,0,0.1,0.1,0.2,0.2,0.2,0.3,0.2,0.3,0.3,0.2,0.2,7.2,0,0.4,0.3,0.5,0.3,0.3,0.3,0.3,0.5,0.5,0.5,0.5,0.3,0.4,0.4,0.4,0.4,2.6,0
2020,Alagoas,Rural,Pública,99.3,99.5,99,99.7,99.7,99.4,99.7,99.2,99.1,99,98.9,98.9,99.9,99.7,100,99.9,--,--,0.2,0.2,0.3,0,0,0.2,0.1,0.4,0.3,0.3,0.3,0.3,0,0,0,0,--,--,0.5,0.3,0.7,0.3,0.3,0.4,0.2,0.4,0.6,0.7,0.8,0.8,0.1,0.3,0,0.1,--,--
2020,Sergipe,Total,Total,98.5,98.2,98.8,97.6,98.1,98.3,98.4,98.5,98.3,98.6,99.1,99.2,97.6,99,99.5,92.9,--,--,0.4,0.4,0.5,0.2,0.3,0.4,0.5,0.5,0.6,0.5,0.3,0.3,0.4,0.7,0.3,0.2,--,--,1.1,1.4,0.7,2.2,1.6,1.3,1.1,1,1.1,0.9,0.6,0.5,2,0.3,0.2,6.9,--,--
2020,Sergipe,Urbana,Total,98.3,97.9,98.7,96.9,97.6,98.1,98.2,98.4,98.3,98.5,99.1,99.3,97.7,99.3,99.6,92.8,--,--,0.5,0.4,0.5,0.2,0.3,0.4,0.5,0.5,0.7,0.6,0.3,0.4,0.3,0.4,0.2,0.1,--,--,1.2,1.7,0.8,2.9,2.1,1.5,1.3,1.1,1,0.9,0.6,0.3,2,0.3,0.2,7.1,--,--
2020,Sergipe,Rural,Total,99.1,99.3,98.9,99.7,99.7,99.2,99,98.9,98.8,98.9,98.7,99.2,95.4,95.1,97.6,93.3,--,--,0.2,0.2,0.1,0,0,0.2,0.4,0.4,0.2,0.1,0.1,0,2.7,4,2.3,0.8,--,--,0.7,0.5,1,0.3,0.3,0.6,0.6,0.7,1,1,1.2,0.8,1.9,0.9,0.1,5.9,--,--
2020,Sergipe,Total,Federal,100,--,100,--,--,--,--,--,100,100,100,100,86.4,79.8,87.8,97,--,--,0,--,0,--,--,--,--,--,0,0,0,0,12.7,18.5,11.8,2.8,--,--,0,--,0,--,--,--,--,--,0,0,0,0,0.9,1.7,0.4,0.2,--,--
2020,Sergipe,Urbana,Federal,100,--,100,--,--,--,--,--,100,100,100,100,88.4,81.7,89.4,97.9,--,--,0,--,0,--,--,--,--,--,0,0,0,0,11.3,17.9,10.6,1.8,--,--,0,--,0,--,--,--,--,--,0,0,0,0,0.3,0.4,0,0.3,--,--
2020,Sergipe,Rural,Federal,--,--,--,--,--,--,--,--,--,--,--,--,83.3,77.3,85.4,95.2,--,--,--,--,--,--,--,--,--,--,--,--,--,--,14.7,19.3,13.6,4.8,--,--,--,--,--,--,--,--,--,--,--,--,--,--,2,3.4,1,0,--,--
2020,Sergipe,Total,Estadual,100,100,100,100,100,100,99.9,100,99.9,99.9,100,100,97.6,99.8,99.9,91.2,--,--,0,0,0,0,0,0,0,0,0,0,0,0,0,0,0,0,--,--,0,0,0,0,0,0,0.1,0,0.1,0.1,0,0,2.4,0.2,0.1,8.8,--,--
2020,Sergipe,Urbana,Estadual,100,100,100,100,100,100,99.9,100,99.9,99.9,100,100,97.6,99.8,99.9,91,--,--,0,0,0,0,0,0,0,0,0,0,0,0,0,0,0,0,--,--,0,0,0,0,0,0,0.1,0,0.1,0.1,0,0,2.4,0.2,0.1,9,--,--
2020,Sergipe,Rural,Estadual,100,100,100,100,100,100,100,100,100,100,100,100,98.1,99.9,100,92.9,--,--,0,0,0,0,0,0,0,0,0,0,0,0,0,0,0,0,--,--,0,0,0,0,0,0,0,0,0,0,0,0,1.9,0.1,0,7.1,--,--
2020,Sergipe,Total,Municipal,98.7,99,98.2,99.7,99.4,99,98.7,98.6,97.9,97.9,98.5,98.8,--,--,--,--,--,--,0.5,0.4,0.7,0.1,0.3,0.4,0.6,0.5,0.9,0.8,0.4,0.5,--,--,--,--,--,--,0.8,0.6,1.1,0.2,0.3,0.6,0.7,0.9,1.2,1.3,1.1,0.7,--,--,--,--,--,--
2020,Sergipe,Urbana,Municipal,98.4,98.9,97.9,99.6,99.2,98.8,98.4,98.4,97.5,97.5,98.4,98.7,--,--,--,--,--,--,0.7,0.5,1,0.1,0.4,0.5,0.7,0.6,1.3,1.1,0.6,0.7,--,--,--,--,--,--,0.9,0.6,1.1,0.3,0.4,0.7,0.9,1,1.2,1.4,1,0.6,--,--,--,--,--,--
2020,Sergipe,Rural,Municipal,99.1,99.3,98.8,99.7,99.7,99.2,99,98.9,98.7,98.8,98.6,99.1,--,--,--,--,--,--,0.2,0.2,0.1,0,0,0.2,0.3,0.3,0.1,0.1,0.1,0,--,--,--,--,--,--,0.7,0.5,1.1,0.3,0.3,0.6,0.7,0.8,1.2,1.1,1.3,0.9,--,--,--,--,--,--
2020,Sergipe,Total,Privada,96.5,95.4,98.2,92.5,94.7,95.7,96.7,97.2,97.3,98.1,98.8,98.8,99,98.4,99.3,99.3,--,--,0.6,0.5,0.6,0.4,0.4,0.5,0.5,0.7,0.8,0.7,0.5,0.5,0.6,0.9,0.4,0.4,--,--,2.9,4.1,1.2,7.1,4.9,3.8,2.8,2.1,1.9,1.2,0.7,0.7,0.4,0.7,0.3,0.3,--,--
2020,Sergipe,Urbana,Privada,96.5,95.3,98.2,92.4,94.6,95.7,96.8,97.2,97.3,98.1,98.8,98.8,99,98.4,99.3,99.3,--,--,0.5,0.5,0.6,0.4,0.4,0.5,0.5,0.7,0.8,0.7,0.5,0.5,0.6,0.9,0.4,0.4,--,--,3,4.2,1.2,7.2,5,3.8,2.7,2.1,1.9,1.2,0.7,0.7,0.4,0.7,0.3,0.3,--,--
2020,Sergipe,Rural,Privada,97.3,97.2,97.4,96.5,98.7,97.5,95.5,97.6,97.1,98.7,94.2,100,--,--,--,--,--,--,1.2,0.9,1.9,0,0,1.2,2.2,1.2,2.9,0,4.3,0,--,--,--,--,--,--,1.5,1.9,0.7,3.5,1.3,1.3,2.3,1.2,0,1.3,1.5,0,--,--,--,--,--,--
2020,Sergipe,Total,Pública,99.1,99.2,98.9,99.7,99.5,99.2,98.9,98.9,98.6,98.7,99.1,99.4,97.3,99.2,99.6,91.3,--,--,0.4,0.3,0.4,0.1,0.2,0.3,0.4,0.4,0.6,0.5,0.2,0.3,0.4,0.6,0.3,0.1,--,--,0.5,0.5,0.7,0.2,0.3,0.5,0.7,0.7,0.8,0.8,0.7,0.3,2.3,0.2,0.1,8.6,--,--
2020,Sergipe,Urbana,Pública,99,99.2,98.9,99.7,99.4,99.2,98.9,98.9,98.5,98.6,99.2,99.4,97.4,99.5,99.7,91.2,--,--,0.4,0.4,0.5,0.1,0.3,0.4,0.5,0.4,0.7,0.6,0.3,0.3,0.2,0.4,0.2,0,--,--,0.6,0.4,0.6,0.2,0.3,0.4,0.6,0.7,0.8,0.8,0.5,0.3,2.4,0.1,0.1,8.8,--,--
2020,Sergipe,Rural,Pública,99.2,99.3,98.9,99.7,99.7,99.2,99.1,98.9,98.8,98.9,98.7,99.2,95.4,95.1,97.6,93.3,--,--,0.2,0.2,0.1,0,0,0.2,0.3,0.3,0.1,0.1,0.1,0,2.7,4,2.3,0.8,--,--,0.6,0.5,1,0.3,0.3,0.6,0.6,0.8,1.1,1,1.2,0.8,1.9,0.9,0.1,5.9,--,--
2020,Bahia,Total,Total,97.2,97.1,97.2,96,97,97.3,97.6,97.6,96.9,97.1,97.3,97.5,98.7,99.1,99.1,95.1,91.1,69.2,0.7,0.6,0.9,0.4,0.4,0.6,0.6,0.8,1,0.9,0.8,0.8,0.3,0.3,0.2,1.3,4.3,2.5,2.1,2.3,1.9,3.6,2.6,2.1,1.8,1.6,2.1,2,1.9,1.7,1,0.6,0.7,3.6,4.6,28.3
2020,Bahia,Urbana,Total,96.9,96.6,97.3,94.8,96.2,96.8,97.3,97.4,96.9,97.2,97.5,97.7,98.8,99.1,99.1,95.2,92.1,69.2,0.7,0.6,0.9,0.5,0.4,0.6,0.6,0.7,1,0.9,0.8,0.8,0.3,0.3,0.2,1.2,3.3,2.5,2.4,2.8,1.8,4.7,3.4,2.6,2.1,1.9,2.1,1.9,1.7,1.5,0.9,0.6,0.7,3.6,4.6,28.3
2020,Bahia,Rural,Total,97.9,98.6,96.8,99.2,99.3,98.3,98.3,97.9,96.7,96.8,96.8,97,98.3,98.8,99,94.1,86,--,0.7,0.6,0.9,0.1,0.2,0.8,0.7,1.1,1.1,0.9,0.8,0.8,0.6,0.3,0.2,2.3,9,--,1.4,0.8,2.3,0.7,0.5,0.9,1,1,2.2,2.3,2.4,2.2,1.1,0.9,0.8,3.6,5,--
2020,Bahia,Total,Federal,98.7,--,98.7,--,--,--,--,--,100,97.2,98,100,81.6,72.5,85.9,90.2,83.9,--,1.3,--,1.3,--,--,--,--,--,0,2.8,2,0,11.3,18.2,9.2,4.2,8.3,--,0,--,0,--,--,--,--,--,0,0,0,0,7.1,9.3,4.9,5.6,7.8,--
2020,Bahia,Urbana,Federal,98.7,--,98.7,--,--,--,--,--,100,97.2,98,100,81.5,72.5,85.9,90.1,83.9,--,1.3,--,1.3,--,--,--,--,--,0,2.8,2,0,11.4,18.2,9.2,4.3,8.3,--,0,--,0,--,--,--,--,--,0,0,0,0,7.1,9.3,4.9,5.6,7.8,--
2020,Bahia,Rural,Federal,--,--,--,--,--,--,--,--,--,--,--,--,92.9,--,0,95.1,--,--,--,--,--,--,--,--,--,--,--,--,--,--,0,--,0,0,--,--,--,--,--,--,--,--,--,--,--,--,--,--,7.1,--,100,4.9,--,--
2020,Bahia,Total,Estadual,98.7,99.8,98.6,99.5,99.6,99.8,100,100,99.4,98.4,98.2,98.6,99.2,99.6,99.3,91.1,98.3,--,0,0,0,0,0,0,0,0,0,0,0,0,0.1,0,0,1.9,0,--,1.3,0.2,1.4,0.5,0.4,0.2,0,0,0.6,1.6,1.8,1.4,0.7,0.4,0.7,7,1.7,--
2020,Bahia,Urbana,Estadual,98.7,99.8,98.7,100,98.6,100,100,100,99.4,98.5,98.2,98.6,99.2,99.6,99.3,90.8,98.2,--,0,0,0,0,0,0,0,0,0,0,0,0,0.1,0,0,2.1,0,--,1.3,0.2,1.3,0,1.4,0,0,0,0.6,1.5,1.8,1.4,0.7,0.4,0.7,7.1,1.8,--
2020,Bahia,Rural,Estadual,98.7,99.8,98.1,99.4,100,99.8,100,100,99.5,97.9,97.2,98.3,99.3,99.6,99.4,93.8,100,--,0,0,0,0,0,0,0,0,0,0,0,0,0,0,0,0.1,0,--,1.3,0.2,1.9,0.6,0,0.2,0,0,0.5,2.1,2.8,1.7,0.7,0.4,0.6,6.1,0,--
2020,Bahia,Total,Municipal,97.9,98.7,97,99.3,99.2,98.5,98.4,98.2,96.8,97,97.1,97.2,94.5,93.7,96.1,93.5,97.4,--,0.8,0.5,1.1,0.1,0.2,0.6,0.6,0.9,1.2,1.1,1,1,1.5,1.7,0,3.1,0,--,1.3,0.8,1.9,0.6,0.6,0.9,1,0.9,2,1.9,1.9,1.8,4,4.6,3.9,3.4,2.6,--
2020,Bahia,Urbana,Municipal,98,98.7,97.1,99.3,99.1,98.5,98.5,98.3,96.8,97.1,97.3,97.3,88.4,81.7,90,93.3,96.8,--,0.8,0.5,1.1,0.1,0.2,0.6,0.6,0.7,1.3,1.1,1,1.1,1.8,5.1,0,0,0,--,1.2,0.8,1.8,0.6,0.7,0.9,0.9,1,1.9,1.8,1.7,1.6,9.8,13.2,10,6.7,3.2,--
2020,Bahia,Rural,Municipal,97.9,98.6,96.8,99.4,99.3,98.4,98.3,97.9,96.7,96.8,96.8,96.9,97.8,99.4,99.2,93.6,100,--,0.7,0.6,0.9,0.1,0.2,0.8,0.7,1,1,0.9,0.8,0.8,1.3,0.1,0,4.8,0,--,1.4,0.8,2.3,0.5,0.5,0.8,1,1.1,2.3,2.3,2.4,2.3,0.9,0.5,0.8,1.6,0,--
2020,Bahia,Total,Privada,93,91,96.4,84.8,89.2,91.9,94,95,95.3,96.3,97.1,97.5,97.9,97.3,98.4,99,82.3,69.2,0.9,0.8,0.9,1.3,0.9,0.7,0.6,0.7,1,1,0.8,0.8,0.8,1,0.6,0.4,10.1,2.5,6.1,8.2,2.7,13.9,9.9,7.4,5.4,4.3,3.7,2.7,2.1,1.7,1.3,1.7,1,0.6,7.6,28.3
2020,Bahia,Urbana,Privada,93,91,96.5,84.8,89.1,91.9,94,95,95.4,96.3,97.1,97.5,98.4,97.9,98.6,99.2,62.5,69.2,0.8,0.8,0.9,1.3,0.9,0.7,0.6,0.7,1,0.9,0.8,0.8,0.5,0.8,0.5,0.2,12.5,2.5,6.2,8.2,2.6,13.9,10,7.4,5.4,4.3,3.6,2.8,2.1,1.7,1.1,1.3,0.9,0.6,25,28.3
2020,Bahia,Rural,Privada,93.3,92.5,94.2,88.6,95.2,91.2,92.5,95.2,93.2,94.3,95.4,94.1,90.7,88.4,93.7,94.8,84.7,--,2.4,1.3,3.6,0.2,0.2,2.1,1.4,2.3,3.8,4,3.5,2.9,4.7,4.4,3.2,3.5,9.8,--,4.3,6.2,2.2,11.2,4.6,6.7,6.1,2.5,3,1.7,1.1,3,4.6,7.2,3.1,1.7,5.5,--
2020,Bahia,Total,Pública,98,98.7,97.3,99.3,99.2,98.5,98.4,98.2,97.1,97.2,97.3,97.5,98.9,99.3,99.1,91.1,92.9,--,0.7,0.5,0.9,0.1,0.2,0.6,0.6,0.8,1,0.9,0.8,0.7,0.3,0.2,0.1,2.2,3.1,--,1.3,0.8,1.8,0.6,0.6,0.9,1,1,1.9,1.9,1.9,1.8,0.8,0.5,0.8,6.7,4,--
2020,Bahia,Urbana,Pública,98,98.7,97.4,99.3,99.1,98.5,98.5,98.3,97.3,97.3,97.5,97.7,98.8,99.2,99.1,90.8,92.8,--,0.7,0.5,0.9,0.1,0.2,0.6,0.6,0.7,1.1,0.9,0.8,0.8,0.3,0.2,0.1,2.2,3.1,--,1.3,0.8,1.7,0.6,0.7,0.9,0.9,1,1.6,1.8,1.7,1.5,0.9,0.6,0.8,7,4.1,--
2020,Bahia,Rural,Pública,97.9,98.6,96.8,99.4,99.3,98.4,98.3,97.9,96.7,96.8,96.8,97,99.2,99.6,99.3,93.8,100,--,0.7,0.6,0.9,0.1,0.2,0.8,0.7,1,1,0.9,0.8,0.7,0.1,0,0,1.7,0,--,1.4,0.8,2.3,0.5,0.5,0.8,1,1.1,2.3,2.3,2.4,2.3,0.7,0.4,0.7,4.5,0,--
2020,Minas Gerais,Total,Total,97.7,98.9,96.3,98.9,99,98.8,98.9,98.7,96,96.4,96.6,96.5,90.7,89.6,93.1,90.1,72.6,94.5,0.4,0.3,0.4,0.2,0.3,0.4,0.2,0.5,0.5,0.4,0.4,0.4,2,0.6,0.3,5.6,10.5,3.1,1.9,0.8,3.3,0.9,0.7,0.8,0.9,0.8,3.5,3.2,3,3.1,7.3,9.8,6.6,4.3,16.9,2.4
2020,Minas Gerais,Urbana,Total,97.6,98.8,96.3,98.8,98.9,98.8,98.9,98.7,95.9,96.4,96.5,96.4,90.6,89.6,93,89.9,72.5,94,0.4,0.3,0.4,0.2,0.3,0.4,0.2,0.5,0.5,0.4,0.4,0.4,2,0.5,0.2,5.7,10.6,3.5,2,0.9,3.3,1,0.8,0.8,0.9,0.8,3.6,3.2,3.1,3.2,7.4,9.9,6.8,4.4,16.9,2.5
2020,Minas Gerais,Rural,Total,98.4,99,97.4,99.1,99.2,98.8,99.2,98.6,97.2,97.3,97.6,97.6,93.1,90.3,94.7,94.6,79.5,98.7,0.4,0.3,0.5,0.2,0.2,0.4,0.2,0.6,0.7,0.6,0.5,0.4,3,4.5,1.6,2.7,0,0,1.2,0.7,2.1,0.7,0.6,0.8,0.6,0.8,2.1,2.1,1.9,2,3.9,5.2,3.7,2.7,20.5,1.3
2020,Minas Gerais,Total,Federal,98.9,99.8,98.4,100,99.5,100,99.5,100,98.1,98.8,97.2,99.5,91.8,86.1,94.6,96.1,96.8,95.1,1.1,0.1,1.6,0,0,0,0.5,0,1.9,1.2,2.8,0.5,7.4,12.6,5,3.3,1.1,4.1,0,0.1,0,0,0.5,0,0,0,0,0,0,0,0.8,1.3,0.4,0.6,2.1,0.8
2020,Minas Gerais,Urbana,Federal,98.9,99.8,98.4,100,99.5,100,99.5,100,98.1,98.8,97.2,99.5,92.7,87.8,95.2,96.6,96.8,94.4,1.1,0.1,1.6,0,0,0,0.5,0,1.9,1.2,2.8,0.5,6.4,10.8,4.4,2.8,1.1,4.9,0,0.1,0,0,0.5,0,0,0,0,0,0,0,0.9,1.4,0.4,0.6,2.1,0.7
2020,Minas Gerais,Rural,Federal,--,--,--,--,--,--,--,--,--,--,--,--,87.7,78.7,91.9,94.1,--,98.7,--,--,--,--,--,--,--,--,--,--,--,--,11.8,20.5,7.6,5.7,--,0,--,--,--,--,--,--,--,--,--,--,--,--,0.5,0.8,0.5,0.2,--,1.3
2020,Minas Gerais,Total,Estadual,96.4,98.6,95.4,98.5,98.7,98.7,98.6,98.6,94.9,95.5,95.6,95.5,89.7,88.7,92.3,88.7,72.2,--,0.1,0,0.1,0,0,0,0,0.1,0.1,0.1,0.1,0.1,2,0.2,0.1,6.4,10.6,--,3.5,1.4,4.5,1.5,1.3,1.3,1.4,1.3,5,4.4,4.3,4.4,8.3,11.1,7.6,4.9,17.2,--
2020,Minas Gerais,Urbana,Estadual,96.3,98.6,95.3,98.5,98.7,98.7,98.5,98.6,94.8,95.4,95.6,95.4,89.5,88.6,92.2,88.5,72.2,--,0.1,0,0.1,0,0.1,0,0,0.1,0.2,0.1,0.1,0.1,2,0.2,0.1,6.5,10.7,--,3.6,1.4,4.6,1.5,1.2,1.3,1.5,1.3,5,4.5,4.3,4.5,8.5,11.2,7.7,5,17.1,--
2020,Minas Gerais,Rural,Estadual,98.3,99.2,97.7,99.2,99.5,99.2,99.4,99,98,97.8,97.7,97.4,94.7,93.9,95.7,94.8,79.5,--,0.1,0,0.1,0,0,0,0,0.1,0,0.1,0.1,0.1,0.7,0.1,0,2.2,0,--,1.6,0.8,2.2,0.8,0.5,0.8,0.6,0.9,2,2.1,2.2,2.5,4.6,6,4.3,3,20.5,--
2020,Minas Gerais,Total,Municipal,98.5,98.9,97.4,99.1,99,98.8,99,98.6,97,97.4,97.6,97.8,96.7,95.7,96.9,97.9,100,--,0.6,0.5,1.1,0.3,0.3,0.6,0.3,0.7,1.2,1.1,0.9,1.1,1.6,2,1.9,0.7,0,--,0.9,0.6,1.5,0.6,0.7,0.6,0.7,0.7,1.8,1.5,1.5,1.1,1.7,2.3,1.2,1.4,0,--
2020,Minas Gerais,Urbana,Municipal,98.5,98.9,97.4,99.1,99,98.8,99,98.7,97,97.4,97.7,97.8,96.7,95.6,97,97.9,100,--,0.6,0.5,1.1,0.3,0.4,0.6,0.4,0.7,1.2,1.1,0.9,1.2,1.7,2.1,1.9,0.8,0,--,0.9,0.6,1.5,0.6,0.6,0.6,0.6,0.6,1.8,1.5,1.4,1,1.6,2.3,1.1,1.3,0,--
2020,Minas Gerais,Rural,Municipal,98.5,98.9,97.2,99.1,99.1,98.7,99.1,98.6,96.8,97.1,97.5,97.8,96.4,97.2,93.3,98,--,--,0.5,0.4,0.8,0.2,0.2,0.5,0.3,0.7,1.1,0.8,0.7,0.6,0.6,0,2.2,0,--,--,1,0.7,2,0.7,0.7,0.8,0.6,0.7,2.1,2.1,1.8,1.6,3,2.8,4.5,2,--,--
2020,Minas Gerais,Total,Privada,99.1,99,99.2,98.4,99.1,99.1,99.3,99.3,99.2,99.2,99.3,99.2,98.9,98.4,99.2,99.3,75,93.1,0.5,0.3,0.6,0.4,0.3,0.3,0.2,0.4,0.6,0.7,0.6,0.7,0.7,1,0.5,0.3,17.9,0.5,0.4,0.7,0.2,1.2,0.6,0.6,0.5,0.3,0.2,0.1,0.1,0.1,0.4,0.6,0.3,0.4,7.1,6.4
2020,Minas Gerais,Urbana,Privada,99.1,99,99.2,98.4,99.1,99.1,99.3,99.3,99.2,99.2,99.3,99.2,99.1,98.7,99.4,99.4,75,93.1,0.5,0.3,0.6,0.4,0.3,0.3,0.2,0.4,0.6,0.7,0.6,0.7,0.7,1,0.5,0.3,17.9,0.5,0.4,0.7,0.2,1.2,0.6,0.6,0.5,0.3,0.2,0.1,0.1,0.1,0.2,0.3,0.1,0.3,7.1,6.4
2020,Minas Gerais,Rural,Privada,97.9,99.6,97.3,100,100,98.2,100,100,99,96.9,98.1,95.6,91.6,89.8,93.5,92.6,--,--,1,0.4,1.3,0,0,1.8,0,0,0,1.5,1.2,1.9,0.9,1.1,0.8,0.8,--,--,1.1,0,1.4,0,0,0,0,0,1,1.6,0.7,2.5,7.5,9.1,5.7,6.6,--,--
2020,Minas Gerais,Total,Pública,97.5,98.8,96,98.9,98.9,98.8,98.9,98.6,95.6,96.1,96.2,96.1,89.8,88.7,92.4,89,72.5,95.1,0.4,0.3,0.4,0.2,0.3,0.4,0.2,0.5,0.5,0.4,0.4,0.4,2.2,0.6,0.2,6.2,10.5,4.1,2.1,0.9,3.6,0.9,0.8,0.8,0.9,0.9,3.9,3.5,3.4,3.5,8,10.7,7.4,4.8,17,0.8
2020,Minas Gerais,Urbana,Pública,97.4,98.8,95.9,98.9,98.9,98.7,98.9,98.6,95.5,96,96.2,96,89.7,88.7,92.3,88.8,72.5,94.4,0.4,0.3,0.4,0.2,0.3,0.4,0.2,0.5,0.5,0.4,0.4,0.4,2.1,0.5,0.2,6.3,10.5,4.9,2.2,0.9,3.7,0.9,0.8,0.9,0.9,0.9,4,3.6,3.4,3.6,8.2,10.8,7.5,4.9,17,0.7
2020,Minas Gerais,Rural,Pública,98.4,99,97.4,99.1,99.2,98.8,99.2,98.6,97.2,97.3,97.5,97.6,93.2,90.4,94.9,94.7,79.5,98.7,0.4,0.3,0.5,0.2,0.2,0.4,0.2,0.6,0.7,0.6,0.5,0.4,3.2,4.8,1.7,2.9,0,0,1.2,0.7,2.1,0.7,0.6,0.8,0.6,0.8,2.1,2.1,2,2,3.6,4.8,3.4,2.4,20.5,1.3
2020,Espírito Santo,Total,Total,99.3,99.6,99,99.6,99.7,99.4,99.5,99.6,99,99,99.1,99.2,97.1,96.3,97.4,98.3,93.1,95,0.2,0.1,0.2,0.1,0.1,0.2,0.1,0.2,0.3,0.2,0.1,0.2,0.7,0.8,0.6,0.5,4.5,3.7,0.5,0.3,0.8,0.3,0.2,0.4,0.4,0.2,0.7,0.8,0.8,0.6,2.2,2.9,2,1.2,2.4,1.3
2020,Espírito Santo,Urbana,Total,99.4,99.6,99.1,99.6,99.7,99.4,99.5,99.6,99,99,99.1,99.2,97.2,96.4,97.4,98.4,91.8,95,0.2,0.1,0.2,0.1,0.1,0.2,0.1,0.2,0.3,0.2,0.1,0.2,0.6,0.7,0.6,0.5,5.3,3.7,0.4,0.3,0.7,0.3,0.2,0.4,0.4,0.2,0.7,0.8,0.8,0.6,2.2,2.9,2,1.1,2.9,1.3
2020,Espírito Santo,Rural,Total,99.1,99.4,98.5,99.5,99.6,99.4,99.5,99.2,98.4,98.2,98.7,99.1,95.2,93.7,95.6,97.1,96.5,--,0.3,0.2,0.5,0.1,0.1,0.2,0.2,0.3,0.6,0.7,0.5,0.3,2.5,3.7,2.3,1,2.2,--,0.6,0.4,1,0.4,0.3,0.4,0.3,0.5,1,1.1,0.8,0.6,2.3,2.6,2.1,1.9,1.3,--
2020,Espírito Santo,Total,Federal,--,--,--,--,--,--,--,--,--,--,--,--,87,79.4,86.6,91.7,92.4,95,--,--,--,--,--,--,--,--,--,--,--,--,11,18.1,12.3,6.1,4.9,3.7,--,--,--,--,--,--,--,--,--,--,--,--,2,2.5,1.1,2.2,2.7,1.3
2020,Espírito Santo,Urbana,Federal,--,--,--,--,--,--,--,--,--,--,--,--,86.8,79.8,86.3,90.8,91.8,95,--,--,--,--,--,--,--,--,--,--,--,--,11.4,18.3,12.9,6.9,5.3,3.7,--,--,--,--,--,--,--,--,--,--,--,--,1.8,1.9,0.8,2.3,2.9,1.3
2020,Espírito Santo,Rural,Federal,--,--,--,--,--,--,--,--,--,--,--,--,87.7,78.2,88.1,95.2,97.2,--,--,--,--,--,--,--,--,--,--,--,--,--,9.4,17.3,9.9,2.5,1.4,--,--,--,--,--,--,--,--,--,--,--,--,--,2.9,4.5,2,2.3,1.4,--
2020,Espírito Santo,Total,Estadual,99,99.7,98.7,99.6,99.9,99.6,99.7,99.7,98.8,98.6,98.6,98.9,97.5,96.7,97.7,98.7,--,--,0,0,0,0,0,0,0,0,0,0,0,0,0,0,0,0,--,--,1,0.3,1.3,0.4,0.1,0.4,0.3,0.3,1.2,1.4,1.4,1.1,2.5,3.3,2.3,1.3,--,--
2020,Espírito Santo,Urbana,Estadual,98.9,99.7,98.7,99.6,99.9,99.7,99.7,99.7,98.8,98.6,98.6,98.8,97.5,96.7,97.7,98.7,--,--,0,0,0,0,0,0,0,0,0,0,0,0,0,0,0,0,--,--,1.1,0.3,1.3,0.4,0.1,0.3,0.3,0.3,1.2,1.4,1.4,1.2,2.5,3.3,2.3,1.3,--,--
2020,Espírito Santo,Rural,Estadual,99.4,99.7,99.1,99.7,100,99.3,100,99.7,99.4,98.7,99.2,99.3,98.7,98.2,98.7,99.6,--,--,0,0,0,0,0,0,0,0,0,0,0,0,0,0,0,0,--,--,0.6,0.3,0.9,0.3,0,0.7,0,0.3,0.6,1.3,0.8,0.7,1.3,1.8,1.3,0.4,--,--
2020,Espírito Santo,Total,Municipal,99.4,99.6,99.1,99.7,99.7,99.4,99.5,99.5,99,99.1,99.3,99.4,100,100,100,100,--,--,0.2,0.1,0.3,0.1,0.1,0.2,0.1,0.2,0.4,0.3,0.2,0.3,0,0,0,0,--,--,0.4,0.3,0.6,0.2,0.2,0.4,0.4,0.3,0.6,0.6,0.5,0.3,0,0,0,0,--,--
2020,Espírito Santo,Urbana,Municipal,99.5,99.6,99.2,99.7,99.7,99.4,99.6,99.6,99.1,99.2,99.4,99.4,--,--,--,--,--,--,0.2,0.1,0.3,0.1,0.1,0.2,0.1,0.2,0.4,0.2,0.2,0.3,--,--,--,--,--,--,0.3,0.3,0.5,0.2,0.2,0.4,0.3,0.2,0.5,0.6,0.4,0.3,--,--,--,--,--,--
2020,Espírito Santo,Rural,Municipal,99.1,99.4,98.4,99.5,99.6,99.4,99.4,99.2,98.1,98,98.6,99,100,100,100,100,--,--,0.4,0.2,0.7,0.1,0.2,0.2,0.3,0.4,0.7,0.9,0.6,0.4,0,0,0,0,--,--,0.5,0.4,0.9,0.4,0.2,0.4,0.3,0.4,1.2,1.1,0.8,0.6,0,0,0,0,--,--
2020,Espírito Santo,Total,Privada,99.4,99.4,99.5,99.1,99.5,99.3,99.4,99.6,99.3,99.4,99.6,99.6,99.2,99.1,99.2,99.5,96.2,--,0.3,0.2,0.4,0.1,0.2,0.3,0.3,0.3,0.5,0.5,0.2,0.3,0.4,0.5,0.4,0.1,2.5,--,0.3,0.4,0.1,0.8,0.3,0.4,0.3,0.1,0.2,0.1,0.2,0.1,0.4,0.4,0.4,0.4,1.3,--
2020,Espírito Santo,Urbana,Privada,99.4,99.4,99.5,99.1,99.5,99.3,99.4,99.6,99.4,99.4,99.7,99.6,99.6,99.4,99.5,99.9,--,--,0.3,0.2,0.4,0.1,0.2,0.3,0.3,0.3,0.5,0.5,0.2,0.3,0.4,0.6,0.4,0.1,--,--,0.3,0.4,0.1,0.8,0.3,0.4,0.3,0.1,0.1,0.1,0.1,0.1,0,0,0.1,0,--,--
2020,Espírito Santo,Rural,Privada,98,--,98,--,--,--,--,--,97.3,98.5,97.3,99,95.7,96.5,95.1,94.8,96.2,--,0.3,--,0.3,--,--,--,--,--,0,0,0.9,0,0.7,0.4,0.3,0.7,2.5,--,1.7,--,1.7,--,--,--,--,--,2.7,1.5,1.8,1,3.6,3.1,4.6,4.5,1.3,--
2020,Espírito Santo,Total,Pública,99.3,99.6,99,99.7,99.7,99.4,99.6,99.5,98.9,98.9,99,99.1,96.8,96,97.1,98.1,92.4,95,0.2,0.1,0.2,0.1,0.1,0.2,0.1,0.2,0.3,0.2,0.1,0.2,0.7,0.8,0.7,0.5,4.9,3.7,0.5,0.3,0.8,0.2,0.2,0.4,0.3,0.3,0.8,0.9,0.9,0.7,2.5,3.2,2.2,1.4,2.7,1.3
2020,Espírito Santo,Urbana,Pública,99.3,99.6,99,99.7,99.7,99.4,99.6,99.6,99,99,99,99.2,96.9,96.1,97.2,98.1,91.8,95,0.1,0.1,0.2,0.1,0.1,0.2,0.1,0.2,0.2,0.1,0.1,0.2,0.6,0.7,0.6,0.5,5.3,3.7,0.6,0.3,0.8,0.2,0.2,0.4,0.3,0.2,0.8,0.9,0.9,0.6,2.5,3.2,2.2,1.4,2.9,1.3
2020,Espírito Santo,Rural,Pública,99.1,99.4,98.6,99.5,99.6,99.4,99.5,99.2,98.4,98.2,98.7,99.1,95.1,92.9,95.7,97.7,97.2,--,0.3,0.2,0.5,0.1,0.1,0.2,0.2,0.3,0.6,0.7,0.5,0.3,3.1,4.6,2.8,1.1,1.4,--,0.6,0.4,0.9,0.4,0.3,0.4,0.3,0.5,1,1.1,0.8,0.6,1.8,2.5,1.5,1.2,1.4,--
2020,Rio de Janeiro,Total,Total,97.8,97.9,97.6,96.3,97.8,98.2,98.5,98.5,97.3,97.6,97.8,97.7,91.7,88.9,92.6,95.2,72.1,90.8,1,0.5,1.6,1,0.5,0.4,0.4,0.4,1.5,1.5,1.5,1.7,7.8,10.6,7,4.5,8.6,6.3,1.2,1.6,0.8,2.7,1.7,1.4,1.1,1.1,1.2,0.9,0.7,0.6,0.5,0.5,0.4,0.3,19.3,2.9
2020,Rio de Janeiro,Urbana,Total,97.7,97.8,97.6,96.1,97.7,98.2,98.5,98.5,97.3,97.6,97.8,97.7,91.6,88.8,92.6,95.2,72.1,90.8,1,0.5,1.6,1,0.5,0.4,0.4,0.4,1.6,1.5,1.5,1.7,7.9,10.6,7,4.5,8.6,6.3,1.3,1.7,0.8,2.9,1.8,1.4,1.1,1.1,1.1,0.9,0.7,0.6,0.5,0.6,0.4,0.3,19.3,2.9
2020,Rio de Janeiro,Rural,Total,98.2,98.5,97.7,98.4,98.6,98.5,98.6,98.1,97.5,97.8,97.8,97.9,93,90.8,93.6,95.7,--,--,0.7,0.4,1.2,0.3,0.3,0.4,0.3,0.7,1.2,1,1.4,1.3,6.4,8.4,5.9,4,--,--,1.1,1.1,1.1,1.3,1.1,1.1,1.1,1.2,1.3,1.2,0.8,0.8,0.6,0.8,0.5,0.3,--,--
2020,Rio de Janeiro,Total,Federal,99.4,99.5,99.3,97.7,100,100,100,99.5,99.2,99.6,98.9,99.5,92.6,90.1,94.9,97.4,94.2,89.6,0.5,0.5,0.5,2.3,0,0,0,0.5,0.5,0.2,1.1,0.2,6.3,8.9,4.8,2.2,2.3,8.5,0.1,0,0.2,0,0,0,0,0,0.3,0.2,0,0.3,1.1,1,0.3,0.4,3.5,1.9
2020,Rio de Janeiro,Urbana,Federal,99.4,99.5,99.3,97.7,100,100,100,99.5,99.2,99.6,98.9,99.5,93.4,92.4,96.9,98.3,94.2,89.6,0.5,0.5,0.5,2.3,0,0,0,0.5,0.5,0.2,1.1,0.2,5.6,6.7,2.8,1.5,2.3,8.5,0.1,0,0.2,0,0,0,0,0,0.3,0.2,0,0.3,1,0.9,0.3,0.2,3.5,1.9
2020,Rio de Janeiro,Rural,Federal,--,--,--,--,--,--,--,--,--,--,--,--,78.3,70,78.8,86.7,--,--,--,--,--,--,--,--,--,--,--,--,--,--,20,28,20.7,10.8,--,--,--,--,--,--,--,--,--,--,--,--,--,--,1.7,2,0.5,2.5,--,--
2020,Rio de Janeiro,Total,Estadual,93.8,95,93.8,91.7,97.2,95.7,93.9,96.1,93.3,93.7,94.1,93.9,90.1,87.1,91,94,--,94.1,6,4.7,6,6.8,2.8,4.3,6.1,3.9,6.4,6.1,5.7,5.9,9.5,12.4,8.5,5.8,--,5.9,0.2,0.3,0.2,1.5,0,0,0,0,0.3,0.2,0.2,0.2,0.4,0.5,0.5,0.2,--,0
2020,Rio de Janeiro,Urbana,Estadual,93.7,95,93.7,91.7,97.2,95.7,93.9,96.1,93.3,93.6,94.1,93.8,89.9,86.9,91,93.9,--,94.1,6.1,4.7,6.1,6.8,2.8,4.3,6.1,3.9,6.4,6.2,5.7,6,9.6,12.6,8.6,5.8,--,5.9,0.2,0.3,0.2,1.5,0,0,0,0,0.3,0.2,0.2,0.2,0.5,0.5,0.4,0.3,--,0
2020,Rio de Janeiro,Rural,Estadual,95.1,--,95.1,--,--,--,--,--,94.6,95.6,94.8,95.5,93.3,91.3,93.9,95.9,--,--,4.7,--,4.7,--,--,--,--,--,5,4.2,5,4.4,6.2,8,5.6,3.9,--,--,0.2,--,0.2,--,--,--,--,--,0.4,0.2,0.2,0.1,0.5,0.7,0.5,0.2,--,--
2020,Rio de Janeiro,Total,Municipal,98.9,99,98.8,99,99,98.9,99.1,98.9,98.5,98.7,99.1,99,94.2,92.9,94.2,96.5,81.3,--,0.2,0.2,0.2,0.1,0.2,0.2,0.2,0.2,0.1,0.2,0.1,0.2,2.7,3.1,3,1.8,0,--,0.9,0.8,1,0.9,0.8,0.9,0.7,0.9,1.4,1.1,0.8,0.8,3.1,4,2.8,1.7,18.7,--
2020,Rio de Janeiro,Urbana,Municipal,98.9,99,98.8,99,99,98.9,99.1,98.9,98.6,98.7,99.1,99,94.2,92.9,94.2,96.5,81.3,--,0.2,0.2,0.1,0.1,0.2,0.2,0.2,0.2,0.1,0.1,0.1,0.2,2.7,3.1,3,1.8,0,--,0.9,0.8,1.1,0.9,0.8,0.9,0.7,0.9,1.3,1.2,0.8,0.8,3.1,4,2.8,1.7,18.7,--
2020,Rio de Janeiro,Rural,Municipal,98.6,98.6,98.4,98.8,98.8,98.6,98.7,98.1,98.2,98.2,98.7,98.8,--,--,--,--,--,--,0.3,0.3,0.3,0.1,0.3,0.4,0.3,0.6,0.3,0.2,0.3,0.3,--,--,--,--,--,--,1.1,1.1,1.3,1.1,0.9,1,1,1.3,1.5,1.6,1,0.9,--,--,--,--,--,--
2020,Rio de Janeiro,Total,Privada,96.4,95.3,98,90.5,95,96.5,97.3,97.7,97.5,97.9,98.2,98.4,98.2,97.6,98.8,99.3,65.3,93.4,1.2,1.3,1.1,2.8,1.3,0.9,0.8,0.8,1.2,1.1,1,0.9,1.1,1.7,0.8,0.4,10.7,1.3,2.4,3.4,0.9,6.7,3.7,2.6,1.9,1.5,1.3,1,0.8,0.7,0.7,0.7,0.4,0.3,24,5.3
2020,Rio de Janeiro,Urbana,Privada,96.4,95.3,98,90.4,95,96.5,97.3,97.7,97.5,97.9,98.2,98.4,98.2,97.6,98.8,99.3,65.3,93.4,1.2,1.3,1.1,2.7,1.3,0.9,0.8,0.8,1.2,1.1,1,0.9,1.1,1.7,0.8,0.4,10.7,1.3,2.4,3.4,0.9,6.9,3.7,2.6,1.9,1.5,1.3,1,0.8,0.7,0.7,0.7,0.4,0.3,24,5.3
2020,Rio de Janeiro,Rural,Privada,97,96.2,98.3,91.9,96.2,97.8,97.2,98.3,98.4,98.7,98.4,97.8,98.1,96.4,98.5,99.6,--,--,1.3,1.6,0.9,3.6,1.5,0.5,1.1,1,1.1,0.8,0.8,0.7,1.4,2.6,1.1,0.4,--,--,1.7,2.2,0.8,4.5,2.3,1.7,1.7,0.7,0.5,0.5,0.8,1.5,0.5,1,0.4,0,--,--
2020,Rio de Janeiro,Total,Pública,98.3,99,97.5,99,99,98.9,99.1,98.9,97.3,97.4,97.7,97.4,90.1,87.1,91.1,94.1,93.1,89.7,0.9,0.2,1.7,0.1,0.2,0.2,0.2,0.2,1.7,1.6,1.6,2,9.4,12.3,8.4,5.7,2.1,8.5,0.8,0.8,0.8,0.9,0.8,0.9,0.7,0.9,1,1,0.7,0.6,0.5,0.6,0.5,0.2,4.8,1.8
2020,Rio de Janeiro,Urbana,Pública,98.3,99,97.4,99,99,98.9,99.1,98.9,97.3,97.4,97.7,97.4,90.1,87,91,94,93.1,89.7,0.9,0.2,1.8,0.1,0.2,0.2,0.2,0.2,1.7,1.7,1.6,2.1,9.5,12.4,8.5,5.7,2.1,8.5,0.8,0.8,0.8,0.9,0.8,0.9,0.7,0.9,1,0.9,0.7,0.5,0.4,0.6,0.5,0.3,4.8,1.8
2020,Rio de Janeiro,Rural,Pública,98.3,98.6,97.7,98.8,98.8,98.6,98.7,98.1,97.5,97.8,97.7,97.9,92.7,90.5,93.3,95.4,--,--,0.7,0.3,1.2,0.1,0.3,0.4,0.3,0.6,1.2,1,1.4,1.4,6.7,8.7,6.2,4.3,--,--,1,1.1,1.1,1.1,0.9,1,1,1.3,1.3,1.2,0.9,0.7,0.6,0.8,0.5,0.3,--,--
2020,São Paulo,Total,Total,99.3,99.5,99.1,99.4,99.6,99.4,99.6,99.5,99,99.2,99.2,99,97.8,97.2,98,98.5,98.2,99.2,0.5,0.4,0.7,0.3,0.3,0.5,0.3,0.4,0.8,0.7,0.7,0.8,1.8,2.3,1.7,1.2,1.7,0.8,0.2,0.1,0.2,0.3,0.1,0.1,0.1,0.1,0.2,0.1,0.1,0.2,0.4,0.5,0.3,0.3,0.1,0
2020,São Paulo,Urbana,Total,99.3,99.5,99.1,99.4,99.5,99.4,99.6,99.5,99,99.2,99.2,99,97.8,97.2,98,98.5,98.2,99.7,0.5,0.4,0.7,0.3,0.3,0.5,0.3,0.4,0.8,0.7,0.7,0.8,1.7,2.2,1.6,1.2,1.7,0.3,0.2,0.1,0.2,0.3,0.2,0.1,0.1,0.1,0.2,0.1,0.1,0.2,0.5,0.6,0.4,0.3,0.1,0
2020,São Paulo,Rural,Total,99.5,99.6,99.3,99.7,99.8,99.5,99.7,99.4,99.5,99.4,99.1,99.2,96,94.9,96.2,96.9,--,98,0.4,0.3,0.6,0.2,0.2,0.4,0.2,0.5,0.5,0.5,0.8,0.7,3.8,4.9,3.6,2.8,--,2,0.1,0.1,0.1,0.1,0,0.1,0.1,0.1,0,0.1,0.1,0.1,0.2,0.2,0.2,0.3,--,0
2020,São Paulo,Total,Federal,--,--,--,--,--,--,--,--,--,--,--,--,95.2,91.5,95.7,97.7,98.4,--,--,--,--,--,--,--,--,--,--,--,--,--,4.7,8.3,4.1,2.1,1.6,--,--,--,--,--,--,--,--,--,--,--,--,--,0.1,0.2,0.2,0.2,0,--
2020,São Paulo,Urbana,Federal,--,--,--,--,--,--,--,--,--,--,--,--,95.2,91.5,95.7,97.7,98.4,--,--,--,--,--,--,--,--,--,--,--,--,--,4.7,8.3,4.1,2.1,1.6,--,--,--,--,--,--,--,--,--,--,--,--,--,0.1,0.2,0.2,0.2,0,--
2020,São Paulo,Total,Estadual,98.9,99.2,98.8,98.6,99.2,99.2,99.4,99.4,98.7,99,98.9,98.7,97.5,96.8,97.6,98.2,--,99,0.8,0.5,0.9,0.6,0.5,0.6,0.4,0.4,0.9,0.8,0.8,1,2,2.6,1.9,1.4,--,1,0.3,0.3,0.3,0.8,0.3,0.2,0.2,0.2,0.4,0.2,0.3,0.3,0.5,0.6,0.5,0.4,--,0
2020,São Paulo,Urbana,Estadual,98.9,99.2,98.8,98.6,99.2,99.2,99.4,99.4,98.7,99,98.9,98.7,97.5,96.8,97.7,98.2,--,99.6,0.8,0.5,0.9,0.6,0.5,0.6,0.4,0.4,0.9,0.8,0.8,1,2,2.5,1.9,1.4,--,0.4,0.3,0.3,0.3,0.8,0.3,0.2,0.2,0.2,0.4,0.2,0.3,0.3,0.5,0.7,0.4,0.4,--,0
2020,São Paulo,Rural,Estadual,99.5,99.6,99.5,99.4,99.6,99.7,99.7,99.6,99.7,99.6,99.3,99.3,95.7,94.5,95.9,96.7,--,98,0.4,0.4,0.4,0.6,0.4,0.3,0.3,0.3,0.2,0.4,0.5,0.6,4.1,5.3,3.8,3.1,--,2,0.1,0,0.1,0,0,0,0,0.1,0.1,0,0.2,0.1,0.2,0.2,0.3,0.2,--,0
2020,São Paulo,Total,Municipal,99.6,99.6,99.4,99.7,99.7,99.5,99.7,99.5,99.3,99.3,99.3,99.5,99,98.7,99.3,99.2,97.9,--,0.3,0.3,0.6,0.1,0.2,0.4,0.2,0.4,0.6,0.6,0.6,0.4,0.8,1.1,0.7,0.6,1.8,--,0.1,0.1,0,0.2,0.1,0.1,0.1,0.1,0.1,0.1,0.1,0.1,0.2,0.2,0,0.2,0.3,--
2020,São Paulo,Urbana,Municipal,99.6,99.6,99.4,99.7,99.7,99.5,99.7,99.5,99.3,99.3,99.3,99.5,99,98.7,99.3,99.2,97.9,--,0.3,0.3,0.6,0.1,0.2,0.4,0.2,0.4,0.6,0.6,0.6,0.4,0.8,1.1,0.7,0.6,1.8,--,0.1,0.1,0,0.2,0.1,0.1,0.1,0.1,0.1,0.1,0.1,0.1,0.2,0.2,0,0.2,0.3,--
2020,São Paulo,Rural,Municipal,99.6,99.6,99.2,99.8,99.8,99.5,99.8,99.4,99.2,99.3,99,99.3,99.5,98.6,100,100,--,--,0.4,0.3,0.7,0.2,0.2,0.4,0.2,0.6,0.8,0.7,0.8,0.7,0.5,1.4,0,0,--,--,0,0.1,0.1,0,0,0.1,0,0,0,0,0.2,0,0,0,0,0,--,--
2020,São Paulo,Total,Privada,99.5,99.5,99.5,99.4,99.4,99.4,99.6,99.6,99.5,99.5,99.6,99.6,99.6,99.3,99.7,99.9,97.6,100,0.5,0.5,0.5,0.5,0.5,0.6,0.4,0.4,0.5,0.5,0.4,0.4,0.4,0.6,0.3,0.1,1.8,0,0,0,0,0.1,0.1,0,0,0,0,0,0,0,0,0.1,0,0,0.6,0
2020,São Paulo,Urbana,Privada,99.5,99.5,99.5,99.4,99.4,99.4,99.6,99.6,99.5,99.5,99.6,99.6,99.6,99.3,99.7,99.9,97.6,100,0.5,0.5,0.5,0.5,0.5,0.6,0.4,0.4,0.5,0.5,0.4,0.4,0.4,0.6,0.3,0.1,1.8,0,0,0,0,0.1,0.1,0,0,0,0,0,0,0,0,0.1,0,0,0.6,0
2020,São Paulo,Rural,Privada,99,99.4,98.5,99.3,99.5,99.3,99.4,99.6,98.8,98.7,97.5,98.8,98.7,98.5,98.7,98.9,--,--,1,0.6,1.4,0.7,0.5,0.7,0.6,0.4,1.2,1,2.5,1,1,0.9,1.3,0.9,--,--,0,0,0.1,0,0,0,0,0,0,0.3,0,0.2,0.3,0.6,0,0.2,--,--
2020,São Paulo,Total,Pública,99.3,99.5,99,99.5,99.6,99.4,99.6,99.5,98.9,99.1,99.1,98.9,97.5,96.8,97.6,98.2,98.3,99,0.5,0.3,0.8,0.2,0.3,0.4,0.3,0.4,0.8,0.7,0.8,0.9,2,2.6,1.9,1.4,1.6,1,0.2,0.2,0.2,0.3,0.1,0.2,0.1,0.1,0.3,0.2,0.1,0.2,0.5,0.6,0.5,0.4,0.1,0
2020,São Paulo,Urbana,Pública,99.3,99.5,99,99.5,99.6,99.4,99.6,99.5,98.9,99.1,99,98.9,97.5,96.8,97.7,98.2,98.3,99.6,0.5,0.3,0.8,0.3,0.3,0.4,0.3,0.4,0.8,0.7,0.8,0.9,2,2.5,1.9,1.4,1.6,0.4,0.2,0.2,0.2,0.2,0.1,0.2,0.1,0.1,0.3,0.2,0.2,0.2,0.5,0.7,0.4,0.4,0.1,0
2020,São Paulo,Rural,Pública,99.6,99.6,99.4,99.8,99.8,99.5,99.8,99.4,99.5,99.5,99.2,99.3,95.8,94.6,96,96.7,--,98,0.4,0.3,0.5,0.2,0.2,0.4,0.2,0.5,0.4,0.5,0.6,0.6,4,5.2,3.8,3,--,2,0,0.1,0.1,0,0,0.1,0,0.1,0.1,0,0.2,0.1,0.2,0.2,0.2,0.3,--,0
2020,Paraná,Total,Total,97.9,98.8,96.7,99.1,98.2,98.4,99.1,99.3,97,96.6,96.6,96.7,92.4,90.8,92.6,94.2,95,98.7,1.6,1,2.2,0.7,1.6,1.4,0.8,0.6,2,2.3,2.3,2.2,4.5,5.7,4.2,3.2,3.9,0,0.5,0.2,1.1,0.2,0.2,0.2,0.1,0.1,1,1.1,1.1,1.1,3.1,3.5,3.2,2.6,1.1,1.3
2020,Paraná,Urbana,Total,97.8,98.8,96.6,99.1,98.2,98.4,99.1,99.3,96.9,96.5,96.5,96.6,92.3,90.5,92.5,94,95,98.7,1.6,1,2.3,0.7,1.6,1.4,0.8,0.6,2.1,2.3,2.4,2.2,4.5,5.8,4.3,3.2,3.9,0,0.6,0.2,1.1,0.2,0.2,0.2,0.1,0.1,1,1.2,1.1,1.2,3.2,3.7,3.2,2.8,1.1,1.3
2020,Paraná,Rural,Total,98.7,98.9,98.4,99.5,98.4,98.4,99.1,99.2,98.8,98.5,98.2,98.3,96,95.2,96.1,97,100,--,0.9,1,0.9,0.5,1.5,1.4,0.7,0.7,0.8,0.9,0.8,1,2.4,3.2,2.4,1.5,0,--,0.4,0.1,0.7,0,0.1,0.2,0.2,0.1,0.4,0.6,1,0.7,1.6,1.6,1.5,1.5,0,--
2020,Paraná,Total,Federal,98.6,--,98.6,--,--,--,--,--,96.7,99.1,98.5,99.4,90.6,86.5,89.8,92.7,85.8,98.7,1.4,--,1.4,--,--,--,--,--,3.3,0.9,1.5,0.6,8.7,13.1,9.5,7,13.5,0,0,--,0,--,--,--,--,--,0,0,0,0,0.7,0.4,0.7,0.3,0.7,1.3
2020,Paraná,Urbana,Federal,98.6,--,98.6,--,--,--,--,--,96.7,99.1,98.5,99.4,90.5,86,89.6,92.9,85.8,98.7,1.4,--,1.4,--,--,--,--,--,3.3,0.9,1.5,0.6,8.8,13.6,9.7,6.7,13.5,0,0,--,0,--,--,--,--,--,0,0,0,0,0.7,0.4,0.7,0.4,0.7,1.3
2020,Paraná,Rural,Federal,--,--,--,--,--,--,--,--,--,--,--,--,91.7,91.6,93.1,90.5,--,--,--,--,--,--,--,--,--,--,--,--,--,--,8.3,8.4,6.9,9.5,--,--,--,--,--,--,--,--,--,--,--,--,--,--,0,0,0,0,--,--
2020,Paraná,Total,Estadual,96.3,98.9,96.3,99.3,99.8,99.3,98.6,97.5,96.6,96.2,96.1,96.2,91.3,89.6,91.5,93.2,95.8,--,2.5,0.7,2.5,0.5,0.2,0.7,0.3,1.8,2.3,2.6,2.6,2.5,5,6.4,4.8,3.7,3,--,1.2,0.4,1.2,0.2,0,0,1.1,0.7,1.1,1.2,1.3,1.3,3.7,4,3.7,3.1,1.2,--
2020,Paraná,Urbana,Estadual,96.1,99,96.1,98.5,99.4,97.8,99.4,99.4,96.5,96,96,96.1,91.1,89.3,91.2,93,95.8,--,2.6,1,2.6,1.5,0.6,2.2,0.6,0.6,2.4,2.7,2.7,2.5,5.2,6.5,5,3.8,3,--,1.3,0,1.3,0,0,0,0,0,1.1,1.3,1.3,1.4,3.7,4.2,3.8,3.2,1.2,--
2020,Paraná,Rural,Estadual,98.4,98.9,98.4,99.6,100,99.8,98.3,96.9,98.8,98.5,98.1,98.3,96,95.2,96.1,97.1,--,--,0.9,0.6,0.9,0.2,0,0.2,0.2,2.1,0.8,0.9,0.8,1,2.4,3.1,2.4,1.4,--,--,0.7,0.5,0.7,0.2,0,0,1.5,1,0.4,0.6,1.1,0.7,1.6,1.7,1.5,1.5,--,--
2020,Paraná,Total,Municipal,98.8,98.8,99.9,99.2,98.2,98.3,99.1,99.3,100,99.8,99.9,99.9,100,--,100,--,100,--,1,1.1,0.1,0.6,1.7,1.5,0.8,0.7,0,0.1,0.1,0,0,--,0,--,0,--,0.2,0.1,0,0.2,0.1,0.2,0.1,0,0,0.1,0,0.1,0,--,0,--,0,--
2020,Paraná,Urbana,Municipal,98.8,98.8,100,99.2,98.2,98.3,99.1,99.2,100,100,100,100,--,--,--,--,--,--,1,1.1,0,0.6,1.7,1.5,0.8,0.7,0,0,0,0,--,--,--,--,--,--,0.2,0.1,0,0.2,0.1,0.2,0.1,0.1,0,0,0,0,--,--,--,--,--,--
2020,Paraná,Rural,Municipal,98.9,98.9,98.6,99.5,98.3,98.3,99.1,99.3,100,98.3,98.7,97.4,100,--,100,--,100,--,1,1,0.7,0.5,1.6,1.4,0.7,0.7,0,1.2,0.7,0.9,0,--,0,--,0,--,0.1,0.1,0.7,0,0.1,0.3,0.2,0,0,0.5,0.6,1.7,0,--,0,--,0,--
2020,Paraná,Total,Privada,99.2,99,99.5,98.4,98.5,99.1,99.4,99.5,99.5,99.5,99.5,99.6,99.4,98.9,99.5,99.7,100,--,0.7,0.9,0.5,1.4,1.4,0.9,0.5,0.5,0.5,0.5,0.5,0.4,0.6,1,0.4,0.3,0,--,0.1,0.1,0,0.2,0.1,0,0.1,0,0,0,0,0,0,0.1,0.1,0,0,--
2020,Paraná,Urbana,Privada,99.2,99,99.5,98.4,98.5,99.1,99.4,99.5,99.5,99.5,99.5,99.6,99.4,98.9,99.5,99.7,100,--,0.7,0.9,0.5,1.4,1.4,0.9,0.5,0.5,0.5,0.5,0.5,0.4,0.6,1,0.4,0.3,0,--,0.1,0.1,0,0.2,0.1,0,0.1,0,0,0,0,0,0,0.1,0.1,0,0,--
2020,Paraná,Rural,Privada,99.4,100,98.9,100,100,100,100,100,100,97.5,100,98,98.2,96.6,98.4,100,--,--,0.1,0,0.3,0,0,0,0,0,0,1.3,0,0,1.1,2.7,0.5,0,--,--,0.5,0,0.8,0,0,0,0,0,0,1.2,0,2,0.7,0.7,1.1,0,--,--
2020,Paraná,Total,Pública,97.7,98.8,96.3,99.2,98.2,98.3,99.1,99.2,96.6,96.2,96.2,96.3,91.3,89.6,91.5,93.2,94.9,98.7,1.7,1,2.4,0.6,1.7,1.5,0.8,0.7,2.3,2.6,2.6,2.4,5.1,6.4,4.9,3.7,3.9,0,0.6,0.2,1.3,0.2,0.1,0.2,0.1,0.1,1.1,1.2,1.2,1.3,3.6,4,3.6,3.1,1.2,1.3
2020,Paraná,Urbana,Pública,97.6,98.8,96.2,99.2,98.2,98.3,99.1,99.2,96.5,96.1,96,96.1,91.1,89.3,91.2,93,94.9,98.7,1.7,1.1,2.5,0.6,1.7,1.5,0.8,0.7,2.3,2.7,2.7,2.5,5.2,6.6,5,3.8,3.9,0,0.7,0.1,1.3,0.2,0.1,0.2,0.1,0.1,1.2,1.2,1.3,1.4,3.7,4.1,3.8,3.2,1.2,1.3
2020,Paraná,Rural,Pública,98.7,98.9,98.4,99.5,98.4,98.4,99.1,99.2,98.8,98.5,98.2,98.3,96,95.2,96,97,100,--,0.9,1,0.9,0.5,1.5,1.4,0.7,0.7,0.8,0.9,0.8,1,2.5,3.2,2.4,1.5,0,--,0.4,0.1,0.7,0,0.1,0.2,0.2,0.1,0.4,0.6,1,0.7,1.5,1.6,1.6,1.5,0,--
2020,Santa Catarina,Total,Total,97.4,98.7,95.8,98.8,98.9,98.7,99.1,98.1,96.5,96,95.9,94.6,86.4,84.5,88.8,86.8,75.7,95.9,2.4,1.1,3.9,0.9,0.9,1.2,0.8,1.8,3.3,3.7,3.8,5,10,12.5,8,8.6,9.5,3.2,0.2,0.2,0.3,0.3,0.2,0.1,0.1,0.1,0.2,0.3,0.3,0.4,3.6,3,3.2,4.6,14.8,0.9
2020,Santa Catarina,Urbana,Total,97.3,98.7,95.8,98.8,98.9,98.6,99.1,98,96.5,96,95.9,94.5,86.3,84.4,88.7,86.7,75.7,95.9,2.4,1.2,4,1,0.9,1.2,0.8,1.9,3.3,3.8,3.8,5.1,10.1,12.7,8.1,8.6,9.5,3.2,0.3,0.1,0.2,0.2,0.2,0.2,0.1,0.1,0.2,0.2,0.3,0.4,3.6,2.9,3.2,4.7,14.8,0.9
2020,Santa Catarina,Rural,Total,98.3,99.3,96.7,99.4,99.3,99.1,99.5,99,97,96.6,96.6,96.3,89.9,89.1,91.2,90.1,74.5,--,1.5,0.7,2.8,0.5,0.6,0.8,0.4,0.9,2.6,2.8,2.6,3.2,6.7,7.7,5.3,6.6,9.8,--,0.2,0,0.5,0.1,0.1,0.1,0.1,0.1,0.4,0.6,0.8,0.5,3.4,3.2,3.5,3.3,15.7,--
2020,Santa Catarina,Total,Federal,96.5,99.4,93.3,98.3,100,100,98.6,100,100,94.7,84.2,94,86.4,81.1,88.1,89,91,96.7,3.1,0,6.4,0,0,0,0,0,0,5.3,15.8,5,12.4,18.1,10.5,9.5,7.6,3.3,0.4,0.6,0.3,1.7,0,0,1.4,0,0,0,0,1,1.2,0.8,1.4,1.5,1.4,0
2020,Santa Catarina,Urbana,Federal,96.5,99.4,93.3,98.3,100,100,98.6,100,100,94.7,84.2,94,86.8,81.3,88.5,89.6,91,96.7,3.1,0,6.4,0,0,0,0,0,0,5.3,15.8,5,11.9,17.9,9.9,8.8,7.6,3.3,0.4,0.6,0.3,1.7,0,0,1.4,0,0,0,0,1,1.3,0.8,1.6,1.6,1.4,0
2020,Santa Catarina,Rural,Federal,--,--,--,--,--,--,--,--,--,--,--,--,81.8,79,84.1,82.7,--,--,--,--,--,--,--,--,--,--,--,--,--,--,18.1,20.7,15.9,17.3,--,--,--,--,--,--,--,--,--,--,--,--,--,--,0.1,0.3,0,0,--,--
2020,Santa Catarina,Total,Estadual,94,96.6,92.4,97.1,97.5,96.5,97.8,94.6,93.8,93,92.6,89.9,84.5,82.8,87.1,84.6,68.7,69.2,5.7,3.3,7.3,2.8,2.4,3.4,2.2,5.3,6,6.7,6.9,9.6,11.3,13.8,9.1,9.9,10.4,0,0.3,0.1,0.3,0.1,0.1,0.1,0,0.1,0.2,0.3,0.5,0.5,4.2,3.4,3.8,5.5,20.9,30.8
2020,Santa Catarina,Urbana,Estadual,93.9,96.6,92.3,97,97.5,96.4,97.7,94.4,93.7,92.9,92.6,89.7,84.3,82.6,86.9,84.4,68.5,69.2,5.9,3.4,7.4,2.9,2.5,3.5,2.3,5.5,6.1,6.8,7.1,9.8,11.4,14,9.2,10,10.4,0,0.2,0,0.3,0.1,0,0.1,0,0.1,0.2,0.3,0.3,0.5,4.3,3.4,3.9,5.6,21.1,30.8
2020,Santa Catarina,Rural,Estadual,95.5,97.8,93.9,97.8,98.3,97.1,99.3,96.6,94.4,94.2,93.5,93.4,90.7,89.9,92.1,90.9,74.5,--,3.9,2,5.2,2,1.4,2.6,0.7,3.2,4.9,5.2,5,5.9,5.3,6.4,3.7,5.1,9.8,--,0.6,0.2,0.9,0.2,0.3,0.3,0,0.2,0.7,0.6,1.5,0.7,4,3.7,4.2,4,15.7,--
2020,Santa Catarina,Total,Municipal,99.1,99.4,98.5,99.4,99.4,99.3,99.5,99.3,98.4,98.3,98.6,98.7,96.1,95.5,94.3,98.1,--,--,0.7,0.5,1.2,0.4,0.5,0.5,0.4,0.5,1.3,1.4,1.2,1,0.5,0.9,0.8,0,--,--,0.2,0.1,0.3,0.2,0.1,0.2,0.1,0.2,0.3,0.3,0.2,0.3,3.4,3.6,4.9,1.9,--,--
2020,Santa Catarina,Urbana,Municipal,99,99.4,98.5,99.4,99.4,99.3,99.4,99.3,98.4,98.3,98.5,98.7,99.3,98.6,98.8,100,--,--,0.8,0.5,1.3,0.4,0.5,0.5,0.4,0.6,1.3,1.4,1.2,1,0.7,1.4,1.2,0,--,--,0.2,0.1,0.2,0.2,0.1,0.2,0.2,0.1,0.3,0.3,0.3,0.3,0,0,0,0,--,--
2020,Santa Catarina,Rural,Municipal,99.4,99.6,98.9,99.8,99.5,99.5,99.6,99.6,99.1,98.6,99.2,98.6,88.4,90.2,83.8,91.2,--,--,0.5,0.3,0.9,0.1,0.5,0.5,0.3,0.3,0.8,1,0.7,1,0,0,0,0,--,--,0.1,0.1,0.2,0.1,0,0,0.1,0.1,0.1,0.4,0.1,0.4,11.6,9.8,16.2,8.8,--,--
2020,Santa Catarina,Total,Privada,99.3,99.3,99.4,98.6,99.2,99.5,99.7,99.5,99.4,99.3,99.4,99.4,99.2,98.7,99.4,99.6,--,--,0.5,0.4,0.6,0.6,0.5,0.3,0.2,0.4,0.6,0.6,0.6,0.5,0.6,1,0.5,0.2,--,--,0.2,0.3,0,0.8,0.3,0.2,0.1,0.1,0,0.1,0,0.1,0.2,0.3,0.1,0.2,--,--
2020,Santa Catarina,Urbana,Privada,99.3,99.3,99.4,98.6,99.2,99.5,99.7,99.5,99.4,99.3,99.4,99.4,99.2,98.7,99.3,99.6,--,--,0.5,0.4,0.6,0.6,0.5,0.3,0.2,0.4,0.6,0.6,0.6,0.5,0.6,1,0.6,0.2,--,--,0.2,0.3,0,0.8,0.3,0.2,0.1,0.1,0,0.1,0,0.1,0.2,0.3,0.1,0.2,--,--
2020,Santa Catarina,Rural,Privada,99.7,99.5,100,100,97.8,100,100,100,100,100,100,100,100,100,100,100,--,--,0.3,0.5,0,0,2.2,0,0,0,0,0,0,0,0,0,0,0,--,--,0,0,0,0,0,0,0,0,0,0,0,0,0,0,0,0,--,--
2020,Santa Catarina,Total,Pública,97.1,98.6,95.3,98.9,98.9,98.5,99,97.9,96.1,95.6,95.5,94,84.6,82.7,87.2,84.9,75.7,95.9,2.6,1.2,4.3,1,1,1.3,0.9,2,3.6,4.1,4.2,5.6,11.3,14,9.1,9.8,9.5,3.2,0.3,0.2,0.4,0.1,0.1,0.2,0.1,0.1,0.3,0.3,0.3,0.4,4.1,3.3,3.7,5.3,14.8,0.9
2020,Santa Catarina,Urbana,Pública,97,98.6,95.2,98.8,98.9,98.5,99,97.8,96,95.5,95.4,93.8,84.5,82.6,87,84.7,75.7,95.9,2.8,1.3,4.5,1,1,1.4,0.9,2.1,3.7,4.2,4.3,5.8,11.5,14.2,9.2,9.9,9.5,3.2,0.2,0.1,0.3,0.2,0.1,0.1,0.1,0.1,0.3,0.3,0.3,0.4,4,3.2,3.8,5.4,14.8,0.9
2020,Santa Catarina,Rural,Pública,98.3,99.3,96.6,99.4,99.3,99.1,99.5,99,97,96.6,96.6,96.2,89.4,88.5,90.8,89.6,74.5,--,1.5,0.7,2.8,0.5,0.6,0.9,0.4,0.9,2.6,2.9,2.7,3.2,7,8.1,5.5,6.9,9.8,--,0.2,0,0.6,0.1,0.1,0,0.1,0.1,0.4,0.5,0.7,0.6,3.6,3.4,3.7,3.5,15.7,--
2020,Rio Grande do Sul,Total,Total,99.2,99.5,98.7,99.8,99.8,99.3,99.5,99.4,98.7,98.7,98.7,98.7,92.7,91.8,93.4,93.8,82.8,90.3,0.5,0.3,0.7,0,0.1,0.6,0.4,0.4,0.8,0.8,0.6,0.6,1.1,1.3,0.7,1,6.7,0.7,0.3,0.2,0.6,0.2,0.1,0.1,0.1,0.2,0.5,0.5,0.7,0.7,6.2,6.9,5.9,5.2,10.5,9
2020,Rio Grande do Sul,Urbana,Total,99.2,99.5,98.8,99.8,99.8,99.3,99.5,99.4,98.8,98.8,98.8,98.7,92.8,92,93.4,93.9,83,90.2,0.5,0.3,0.7,0,0.1,0.6,0.4,0.4,0.8,0.8,0.6,0.6,1,1.2,0.7,0.9,6.7,0.7,0.3,0.2,0.5,0.2,0.1,0.1,0.1,0.2,0.4,0.4,0.6,0.7,6.2,6.8,5.9,5.2,10.3,9.1
2020,Rio Grande do Sul,Rural,Total,98.9,99.6,97.9,99.9,99.9,99.3,99.5,99.3,98,97.8,97.8,98.1,90.4,88.1,93.3,92.3,81.1,91.7,0.7,0.3,1.1,0,0,0.7,0.4,0.5,1.3,1.3,1,0.8,4.1,5.7,2.4,3.1,6.7,0,0.4,0.1,1,0.1,0.1,0,0.1,0.2,0.7,0.9,1.2,1.1,5.5,6.2,4.3,4.6,12.2,8.3
2020,Rio Grande do Sul,Total,Federal,98.8,100,98.7,100,100,100,100,100,100,97.5,98.4,99.3,89.5,84.4,93.2,94.3,84.1,0,1.2,0,1.3,0,0,0,0,0,0,2.5,1.6,0.7,9,14.4,5.3,4.3,13.5,0,0,0,0,0,0,0,0,0,0,0,0,0,1.5,1.2,1.5,1.4,2.4,100
2020,Rio Grande do Sul,Urbana,Federal,98.8,100,98.7,100,100,100,100,100,100,97.5,98.4,99.3,91.6,90,94.5,95.8,74.9,0,1.2,0,1.3,0,0,0,0,0,0,2.5,1.6,0.7,6.6,9.6,3.5,2.5,21.1,0,0,0,0,0,0,0,0,0,0,0,0,0,1.8,0.4,2,1.7,4,100
2020,Rio Grande do Sul,Rural,Federal,--,--,--,--,--,--,--,--,--,--,--,--,86.5,77.3,91.2,91.9,98.3,--,--,--,--,--,--,--,--,--,--,--,--,--,12.2,20.7,8.1,7,1.7,--,--,--,--,--,--,--,--,--,--,--,--,--,1.3,2,0.7,1.1,0,--
2020,Rio Grande do Sul,Total,Estadual,99.5,99.9,99.2,99.9,99.9,99.9,99.9,99.8,99.6,99.5,99.1,98.5,91.9,91.2,92.6,92.8,81.8,90.6,0.1,0,0.1,0,0,0,0,0,0,0.1,0,0.4,1,1,0.6,1.1,6.2,0.9,0.4,0.1,0.7,0.1,0.1,0.1,0.1,0.2,0.4,0.4,0.9,1.1,7.1,7.8,6.8,6.1,12,8.5
2020,Rio Grande do Sul,Urbana,Estadual,99.5,99.9,99.2,99.9,99.9,99.8,99.9,99.8,99.7,99.5,99.2,98.5,91.9,91.2,92.5,92.8,83.2,90.6,0.1,0,0.1,0,0,0,0,0,0,0.1,0,0.4,0.9,1,0.6,1,5.8,0.9,0.4,0.1,0.7,0.1,0.1,0.2,0.1,0.2,0.3,0.4,0.8,1.1,7.2,7.8,6.9,6.2,11,8.5
2020,Rio Grande do Sul,Rural,Estadual,99.4,100,98.9,100,100,100,100,99.8,99.6,99.4,98.4,98.2,91.4,90.7,93.9,92.6,72.4,--,0,0,0.1,0,0,0,0,0,0,0,0,0.3,1.8,1.8,0.7,2,9.2,--,0.6,0,1,0,0,0,0,0.2,0.4,0.6,1.6,1.5,6.8,7.5,5.4,5.4,18.4,--
2020,Rio Grande do Sul,Total,Municipal,98.9,99.4,98.2,99.8,99.8,98.9,99.2,99.1,97.9,98,98.3,98.7,96.6,95.9,97.7,97.5,90.3,--,0.8,0.5,1.3,0.1,0,0.9,0.6,0.7,1.5,1.5,1.1,0.8,0.6,1,0.6,0.4,0,--,0.3,0.1,0.5,0.1,0.2,0.2,0.2,0.2,0.6,0.5,0.6,0.5,2.8,3.1,1.7,2.1,9.7,--
2020,Rio Grande do Sul,Urbana,Municipal,98.9,99.3,98.3,99.7,99.8,98.9,99.2,99.1,98,98.1,98.4,98.8,97.2,97.3,97.6,98,90.3,--,0.8,0.5,1.2,0.1,0,0.9,0.6,0.7,1.5,1.4,1.1,0.8,0.2,0.1,0.5,0,0,--,0.3,0.2,0.5,0.2,0.2,0.2,0.2,0.2,0.5,0.5,0.5,0.4,2.6,2.6,1.9,2,9.7,--
2020,Rio Grande do Sul,Rural,Municipal,98.7,99.5,97.5,99.9,99.9,99,99.4,99.2,97.3,97.1,97.4,98.1,91.6,87.3,98,92.2,--,--,0.9,0.4,1.6,0.1,0,0.8,0.5,0.6,1.9,1.9,1.5,1,4.3,6,1,5.2,--,--,0.4,0.1,0.9,0,0.1,0.2,0.1,0.2,0.8,1,1.1,0.9,4.1,6.7,1,2.6,--,--
2020,Rio Grande do Sul,Total,Privada,99.4,99.5,99.3,99.6,99.6,99.4,99.5,99.5,99.3,99.1,99.2,99.3,98.6,98,98.7,99.3,90.8,96,0.5,0.3,0.7,0.1,0.3,0.5,0.4,0.4,0.7,0.8,0.7,0.6,1.1,1.7,1.1,0.4,0,0,0.1,0.2,0,0.3,0.1,0.1,0.1,0.1,0,0.1,0.1,0.1,0.3,0.3,0.2,0.3,9.2,4
2020,Rio Grande do Sul,Urbana,Privada,99.4,99.5,99.3,99.6,99.6,99.4,99.6,99.5,99.4,99.1,99.2,99.3,98.7,98.1,98.8,99.4,90.8,97.4,0.5,0.3,0.7,0.1,0.3,0.5,0.4,0.4,0.6,0.8,0.7,0.6,1.1,1.6,1,0.4,0,0,0.1,0.2,0,0.3,0.1,0.1,0,0.1,0,0.1,0.1,0.1,0.2,0.3,0.2,0.2,9.2,2.6
2020,Rio Grande do Sul,Rural,Privada,96.5,96.6,96.3,100,98.2,97.9,92.2,92.9,91.4,100,96.3,100,89.2,90.5,89.5,85.5,--,91.7,3.2,3,3.7,0,0,2.1,7.8,7.1,8.6,0,3.7,0,4.4,5.4,6,1.2,--,0,0.3,0.4,0,0,1.8,0,0,0,0,0,0,0,6.4,4.1,4.5,13.3,--,8.3
2020,Rio Grande do Sul,Total,Pública,99.1,99.5,98.6,99.8,99.9,99.2,99.5,99.4,98.7,98.7,98.7,98.6,91.9,91.1,92.7,92.9,82.6,89.1,0.5,0.3,0.7,0,0,0.6,0.4,0.4,0.9,0.8,0.6,0.6,1.1,1.3,0.7,1.1,6.9,0.8,0.4,0.2,0.7,0.2,0.1,0.2,0.1,0.2,0.4,0.5,0.7,0.8,7,7.6,6.6,6,10.5,10.1
2020,Rio Grande do Sul,Urbana,Pública,99.2,99.5,98.7,99.8,99.8,99.2,99.5,99.4,98.7,98.8,98.8,98.6,92,91.3,92.6,92.9,82.8,89.1,0.5,0.3,0.7,0,0,0.6,0.4,0.4,0.8,0.8,0.6,0.6,1,1.1,0.6,1,6.9,0.8,0.3,0.2,0.6,0.2,0.2,0.2,0.1,0.2,0.5,0.4,0.6,0.8,7,7.6,6.8,6.1,10.3,10.1
2020,Rio Grande do Sul,Rural,Pública,98.9,99.6,97.9,99.9,99.9,99.3,99.5,99.4,98,97.8,97.8,98.1,90.4,88,93.4,92.5,81.1,--,0.7,0.3,1.1,0,0,0.7,0.4,0.5,1.3,1.3,1,0.8,4.1,5.7,2.3,3.1,6.7,--,0.4,0.1,1,0.1,0.1,0,0.1,0.1,0.7,0.9,1.2,1.1,5.5,6.3,4.3,4.4,12.2,--
2020,Mato Grosso do Sul,Total,Total,95.7,97,94.1,99.1,95.4,96.5,96.8,97.3,94.1,94.3,94.1,93.7,87.2,84.1,87.9,90.9,71,88.3,4,2.8,5.6,0.6,4.3,3.3,3,2.6,5.7,5.3,5.6,6,12.1,15.2,11.5,8.5,11.3,10.1,0.3,0.2,0.3,0.3,0.3,0.2,0.2,0.1,0.2,0.4,0.3,0.3,0.7,0.7,0.6,0.6,17.7,1.6
2020,Mato Grosso do Sul,Urbana,Total,95.7,97,94,99.1,95.5,96.5,97,97.3,94.1,94.3,94,93.5,87.1,84.1,87.7,90.9,66.9,89,4.1,2.8,5.8,0.7,4.3,3.3,2.9,2.6,5.7,5.4,5.8,6.3,12.2,15.3,11.7,8.6,13,9.5,0.2,0.2,0.2,0.2,0.2,0.2,0.1,0.1,0.2,0.3,0.2,0.2,0.7,0.6,0.6,0.5,20.1,1.5
2020,Mato Grosso do Sul,Rural,Total,95.7,96.4,94.7,99,95.2,96,95.7,96.8,93.9,94.2,95,96.1,87.5,84.4,90.3,91.2,98,77.5,3.5,2.8,4.5,0.5,3.8,3.2,3.6,2.6,5,4.8,4.1,3.7,11,13.7,8.8,7.8,0,18.9,0.8,0.8,0.8,0.5,1,0.8,0.7,0.6,1.1,1,0.9,0.2,1.5,1.9,0.9,1,2,3.6
2020,Mato Grosso do Sul,Total,Federal,99.8,--,99.8,--,--,--,--,--,100,100,100,99.3,92.8,91.3,93.9,83.7,98,95.7,0.2,--,0.2,--,--,--,--,--,0,0,0,0.7,5.4,7,4.8,14.5,0,2.4,0,--,0,--,--,--,--,--,0,0,0,0,1.8,1.7,1.3,1.8,2,1.9
2020,Mato Grosso do Sul,Urbana,Federal,99.8,--,99.8,--,--,--,--,--,100,100,100,99.3,95,95.8,92.8,80.2,--,98.4,0.2,--,0.2,--,--,--,--,--,0,0,0,0.7,3.7,3.4,6.5,18.3,--,0,0,--,0,--,--,--,--,--,0,0,0,0,1.3,0.8,0.7,1.5,--,1.6
2020,Mato Grosso do Sul,Rural,Federal,--,--,--,--,--,--,--,--,--,--,--,--,82.7,75.9,96.6,95.1,98,66.7,--,--,--,--,--,--,--,--,--,--,--,--,13.5,19.7,0.6,2.1,0,28.6,--,--,--,--,--,--,--,--,--,--,--,--,3.8,4.4,2.8,2.8,2,4.7
2020,Mato Grosso do Sul,Total,Estadual,92.8,96.3,91.6,99.3,93.7,96.1,96.2,96.8,91.9,91.9,91.7,90.9,85.6,82.4,86.4,90,66.9,84,7,3.6,8.2,0.4,6.2,3.8,3.7,3.2,7.9,7.9,8.1,8.8,13.7,16.9,13,9.4,13,14.6,0.2,0.1,0.2,0.3,0.1,0.1,0.1,0,0.2,0.2,0.2,0.3,0.7,0.7,0.6,0.6,20.1,1.4
2020,Mato Grosso do Sul,Urbana,Estadual,92.6,96.2,91.5,98.8,92.9,96.1,96,96.7,91.8,91.9,91.5,90.8,85.4,82.2,86.2,90,66.9,83.7,7.2,3.7,8.3,0,7,3.9,3.9,3.2,8,7.9,8.2,8.9,13.9,17.1,13.2,9.5,13,14.9,0.2,0.1,0.2,1.2,0.1,0,0.1,0.1,0.2,0.2,0.3,0.3,0.7,0.7,0.6,0.5,20.1,1.4
2020,Mato Grosso do Sul,Rural,Estadual,95.1,97.3,93.6,99.5,95.6,96.5,97.7,97.8,93.2,92.9,94.8,93.7,88,85.2,89.1,90.8,--,89.9,4.7,2.5,6.1,0.5,4.2,2.9,2.3,2.2,6.5,6.8,5.1,6.1,11.1,13.7,10.1,8.7,--,7.7,0.2,0.2,0.3,0,0.2,0.6,0,0,0.3,0.3,0.1,0.2,0.9,1.1,0.8,0.5,--,2.4
2020,Mato Grosso do Sul,Total,Municipal,96.5,96.8,95.6,99.2,95.1,96.2,96.5,97.1,94.8,95.4,95.7,97.6,100,100,100,100,--,--,3.3,3,3.9,0.6,4.6,3.6,3.3,2.7,4.8,4,3.8,2.1,0,0,0,0,--,--,0.2,0.2,0.5,0.2,0.3,0.2,0.2,0.2,0.4,0.6,0.5,0.3,0,0,0,0,--,--
2020,Mato Grosso do Sul,Urbana,Municipal,96.6,96.9,95.8,99.2,95.1,96.2,96.7,97.1,95,95.6,95.9,97.7,--,--,--,--,--,--,3.3,3,3.9,0.6,4.7,3.6,3.2,2.7,4.8,4,3.8,1.9,--,--,--,--,--,--,0.1,0.1,0.3,0.2,0.2,0.2,0.1,0.2,0.2,0.4,0.3,0.4,--,--,--,--,--,--
2020,Mato Grosso do Sul,Rural,Municipal,95.8,96.3,94.9,98.9,95.1,95.8,95.4,96.6,94,94.4,95,97.1,100,100,100,100,--,--,3.3,2.9,4.1,0.5,3.8,3.3,3.9,2.7,4.7,4.3,4,2.7,0,0,0,0,--,--,0.9,0.8,1,0.6,1.1,0.9,0.7,0.7,1.3,1.3,1,0.2,0,0,0,0,--,--
2020,Mato Grosso do Sul,Total,Privada,99.2,99,99.5,98.6,98.3,98.9,99.6,99.4,99.4,99.5,99.6,99.4,98.8,98,99.2,99.4,--,--,0.7,0.8,0.5,0.8,1.3,0.9,0.4,0.6,0.6,0.5,0.4,0.6,0.8,1.5,0.3,0.4,--,--,0.1,0.2,0,0.6,0.4,0.2,0,0,0,0,0,0,0.4,0.5,0.5,0.2,--,--
2020,Mato Grosso do Sul,Urbana,Privada,99.2,99,99.5,98.6,98.3,98.9,99.6,99.4,99.4,99.5,99.5,99.4,99.3,98.9,99.2,99.8,--,--,0.7,0.8,0.5,0.8,1.3,0.9,0.4,0.6,0.6,0.5,0.5,0.6,0.5,1,0.3,0.1,--,--,0.1,0.2,0,0.6,0.4,0.2,0,0,0,0,0,0,0.2,0.1,0.5,0.1,--,--
2020,Mato Grosso do Sul,Rural,Privada,100,100,100,100,100,100,100,100,100,100,100,100,88.4,83.2,98.8,89.7,--,--,0,0,0,0,0,0,0,0,0,0,0,0,7.1,9.6,1.2,6.9,--,--,0,0,0,0,0,0,0,0,0,0,0,0,4.5,7.2,0,3.4,--,--
2020,Mato Grosso do Sul,Total,Pública,95.3,96.7,93.4,99.2,95,96.2,96.5,97,93.4,93.7,93.4,93.1,86,82.8,86.6,89.8,71,88.3,4.5,3.1,6.2,0.6,4.7,3.6,3.4,2.8,6.2,5.9,6.3,6.7,13.2,16.6,12.8,9.6,11.3,10.1,0.2,0.2,0.4,0.2,0.3,0.2,0.1,0.2,0.4,0.4,0.3,0.2,0.8,0.6,0.6,0.6,17.7,1.6
2020,Mato Grosso do Sul,Urbana,Pública,95.2,96.8,93.3,99.2,95,96.2,96.6,97,93.4,93.7,93.2,92.7,85.9,82.6,86.3,89.7,66.9,89,4.6,3.1,6.5,0.6,4.8,3.7,3.3,2.9,6.4,6,6.5,7,13.4,16.8,13.1,9.7,13,9.5,0.2,0.1,0.2,0.2,0.2,0.1,0.1,0.1,0.2,0.3,0.3,0.3,0.7,0.6,0.6,0.6,20.1,1.5
2020,Mato Grosso do Sul,Rural,Pública,95.7,96.4,94.6,99,95.2,95.9,95.7,96.8,93.8,94.1,94.9,96,87.5,84.5,90,91.3,98,77.5,3.6,2.9,4.6,0.5,3.8,3.2,3.7,2.6,5.1,4.8,4.2,3.8,11.3,14.1,9.1,7.9,0,18.9,0.7,0.7,0.8,0.5,1,0.9,0.6,0.6,1.1,1.1,0.9,0.2,1.2,1.4,0.9,0.8,2,3.6
2020,Mato Grosso,Total,Total,99.6,99.6,99.7,99.5,99.6,99.6,99.6,99.6,99.7,99.7,99.7,99.6,98,97.7,98.4,97.9,100,98.5,0.2,0.2,0.2,0.1,0.1,0.2,0.2,0.2,0.2,0.2,0.1,0.1,1.3,1.6,1.1,1.2,0,0.4,0.2,0.2,0.1,0.4,0.3,0.2,0.2,0.2,0.1,0.1,0.2,0.3,0.7,0.7,0.5,0.9,0,1.1
2020,Mato Grosso,Urbana,Total,99.6,99.6,99.7,99.5,99.6,99.6,99.6,99.6,99.7,99.7,99.8,99.7,98.3,98.1,98.5,98.3,100,99.1,0.2,0.2,0.2,0.1,0.2,0.2,0.2,0.2,0.2,0.2,0.1,0.1,1.1,1.2,1,1,0,0.2,0.2,0.2,0.1,0.4,0.2,0.2,0.2,0.2,0.1,0.1,0.1,0.2,0.6,0.7,0.5,0.7,0,0.7
2020,Mato Grosso,Rural,Total,99.6,99.7,99.4,99.8,99.9,99.7,99.7,99.7,99.5,99.5,99.5,98.9,96.1,94.3,97.1,94.9,100,98.4,0.1,0.1,0.1,0,0,0.1,0.1,0.1,0.1,0.2,0.1,0.1,2.6,4.3,1.8,3.5,0,0.4,0.3,0.2,0.5,0.2,0.1,0.2,0.2,0.2,0.4,0.3,0.4,1,1.3,1.4,1.1,1.6,0,1.2
2020,Mato Grosso,Total,Federal,--,--,--,--,--,--,--,--,--,--,--,--,87.2,79.8,90.2,93.2,100,--,--,--,--,--,--,--,--,--,--,--,--,--,12.3,19.5,9.6,6,0,--,--,--,--,--,--,--,--,--,--,--,--,--,0.5,0.7,0.2,0.8,0,--
2020,Mato Grosso,Urbana,Federal,--,--,--,--,--,--,--,--,--,--,--,--,89.1,83.1,90.5,94.9,100,--,--,--,--,--,--,--,--,--,--,--,--,--,10.3,16.1,9.2,4.2,0,--,--,--,--,--,--,--,--,--,--,--,--,--,0.6,0.8,0.3,0.9,0,--
2020,Mato Grosso,Rural,Federal,--,--,--,--,--,--,--,--,--,--,--,--,81,69.6,89.5,87.4,--,--,--,--,--,--,--,--,--,--,--,--,--,--,18.7,30,10.5,12.2,--,--,--,--,--,--,--,--,--,--,--,--,--,--,0.3,0.4,0,0.4,--,--
2020,Mato Grosso,Total,Estadual,99.9,100,99.9,100,99.9,100,99.9,99.9,100,100,100,99.9,98.7,98.8,98.9,98.1,100,98.5,0,0,0,0,0,0,0,0,0,0,0,0,0.6,0.4,0.5,1,0,0.4,0.1,0,0.1,0,0.1,0,0.1,0.1,0,0,0,0.1,0.7,0.8,0.6,0.9,0,1.1
2020,Mato Grosso,Urbana,Estadual,100,100,100,100,100,100,100,99.9,100,100,100,99.9,98.8,98.9,99,98.3,--,99.1,0,0,0,0,0,0,0,0,0,0,0,0,0.6,0.4,0.5,0.9,--,0.2,0,0,0,0,0,0,0,0.1,0,0,0,0.1,0.6,0.7,0.5,0.8,--,0.7
2020,Mato Grosso,Rural,Estadual,99.7,99.8,99.7,100,99.9,99.8,99.7,99.7,99.7,99.9,99.7,99.5,98,98,98.5,96.4,100,98.4,0,0,0,0,0,0,0,0.1,0,0,0.1,0,0.6,0.4,0.1,1.8,0,0.4,0.3,0.2,0.3,0,0.1,0.2,0.3,0.2,0.3,0.1,0.2,0.5,1.4,1.6,1.4,1.8,0,1.2
2020,Mato Grosso,Total,Municipal,99.7,99.8,99.4,99.8,99.8,99.8,99.7,99.7,99.6,99.2,99.3,98.9,--,--,--,--,--,--,0.2,0.1,0.3,0,0.1,0.1,0.2,0.2,0.2,0.5,0.3,0.3,--,--,--,--,--,--,0.1,0.1,0.3,0.2,0.1,0.1,0.1,0.1,0.2,0.3,0.4,0.8,--,--,--,--,--,--
2020,Mato Grosso,Urbana,Municipal,99.7,99.8,99.5,99.8,99.8,99.8,99.7,99.8,99.7,99.3,99.4,99.3,--,--,--,--,--,--,0.2,0.1,0.4,0.1,0.1,0.1,0.2,0.2,0.2,0.6,0.4,0.4,--,--,--,--,--,--,0.1,0.1,0.1,0.1,0.1,0.1,0.1,0,0.1,0.1,0.2,0.3,--,--,--,--,--,--
2020,Mato Grosso,Rural,Municipal,99.5,99.7,99,99.7,99.9,99.6,99.6,99.6,99.4,99.1,99.2,98.2,--,--,--,--,--,--,0.1,0.1,0.2,0,0,0.2,0.1,0.1,0.2,0.3,0.1,0.1,--,--,--,--,--,--,0.4,0.2,0.8,0.3,0.1,0.2,0.3,0.3,0.4,0.6,0.7,1.7,--,--,--,--,--,--
2020,Mato Grosso,Total,Privada,98.4,98,98.8,96.8,98,98.1,98.5,98.6,98.5,98.9,99,98.9,99,98.5,98.9,99.8,--,--,0.6,0.5,0.7,0.7,0.4,0.6,0.5,0.5,0.7,0.8,0.5,0.6,0.6,1,0.6,0.2,--,--,1,1.5,0.5,2.5,1.6,1.3,1,0.9,0.8,0.3,0.5,0.5,0.4,0.5,0.5,0,--,--
2020,Mato Grosso,Urbana,Privada,98.4,98,98.8,96.8,98,98.1,98.5,98.6,98.5,98.9,99,98.9,99,98.5,98.9,99.8,--,--,0.6,0.5,0.7,0.7,0.4,0.6,0.5,0.5,0.7,0.8,0.5,0.6,0.7,1,0.6,0.2,--,--,1,1.5,0.5,2.5,1.6,1.3,1,0.9,0.8,0.3,0.5,0.5,0.3,0.5,0.5,0,--,--
2020,Mato Grosso,Rural,Privada,100,100,100,100,100,100,100,100,100,100,100,100,100,100,100,100,--,--,0,0,0,0,0,0,0,0,0,0,0,0,0,0,0,0,--,--,0,0,0,0,0,0,0,0,0,0,0,0,0,0,0,0,--,--
2020,Mato Grosso,Total,Pública,99.8,99.8,99.8,99.8,99.8,99.8,99.8,99.8,99.8,99.8,99.8,99.7,97.9,97.7,98.3,97.7,100,98.5,0.1,0.1,0.1,0,0.1,0.1,0.1,0.1,0.1,0.1,0.1,0.1,1.3,1.6,1.1,1.3,0,0.4,0.1,0.1,0.1,0.2,0.1,0.1,0.1,0.1,0.1,0.1,0.1,0.2,0.8,0.7,0.6,1,0,1.1
2020,Mato Grosso,Urbana,Pública,99.8,99.8,99.8,99.9,99.8,99.9,99.8,99.8,99.8,99.8,99.9,99.8,98.2,98.1,98.5,98.1,100,99.1,0.1,0.1,0.1,0,0.1,0.1,0.2,0.2,0.1,0.1,0.1,0.1,1.1,1.3,1,1.1,0,0.2,0.1,0.1,0.1,0.1,0.1,0,0,0,0.1,0.1,0,0.1,0.7,0.6,0.5,0.8,0,0.7
2020,Mato Grosso,Rural,Pública,99.6,99.7,99.4,99.8,99.9,99.7,99.7,99.7,99.5,99.5,99.5,98.9,96,94.2,97.1,94.9,100,98.4,0.1,0.1,0.1,0,0,0.1,0.1,0.1,0.1,0.2,0.1,0.1,2.6,4.4,1.8,3.5,0,0.4,0.3,0.2,0.5,0.2,0.1,0.2,0.2,0.2,0.4,0.3,0.4,1,1.4,1.4,1.1,1.6,0,1.2
2020,Goiás,Total,Total,98.1,98.3,97.8,98.5,98.7,97.9,98.1,98.5,97.8,97.7,97.7,98,96.1,94.9,96.4,97.4,94.9,95.6,1.2,1,1.5,0.5,0.6,1.5,1.4,1.1,1.4,1.6,1.6,1.3,2.2,3,2,1.3,5.1,2.4,0.7,0.7,0.7,1,0.7,0.6,0.5,0.4,0.8,0.7,0.7,0.7,1.7,2.1,1.6,1.3,0,2
2020,Goiás,Urbana,Total,98.1,98.3,97.9,98.4,98.7,97.9,98.1,98.5,97.9,97.8,97.8,98,96.2,95.1,96.5,97.5,94.9,95.6,1.2,1,1.5,0.5,0.5,1.5,1.4,1.1,1.4,1.5,1.6,1.3,2.1,2.9,1.9,1.3,5.1,2.4,0.7,0.7,0.6,1.1,0.8,0.6,0.5,0.4,0.7,0.7,0.6,0.7,1.7,2,1.6,1.2,0,2
2020,Goiás,Rural,Total,97.6,98.3,96.7,99.4,98.6,98.2,97.6,97.7,97.1,96.5,95.8,97.6,89.5,86.8,91.5,91.3,--,--,1.5,1.2,1.9,0.1,0.8,1.3,1.9,1.5,1.8,2.1,2.4,1.3,5.4,6.9,4.4,4.2,--,--,0.9,0.5,1.4,0.5,0.6,0.5,0.5,0.8,1.1,1.4,1.8,1.1,5.1,6.3,4.1,4.5,--,--
2020,Goiás,Total,Federal,--,--,--,--,--,--,--,--,--,--,--,--,83.5,76.1,86.7,89.6,94.2,--,--,--,--,--,--,--,--,--,--,--,--,--,11.7,17.6,9.3,6.4,5.8,--,--,--,--,--,--,--,--,--,--,--,--,--,4.8,6.3,4,4,0,--
2020,Goiás,Urbana,Federal,--,--,--,--,--,--,--,--,--,--,--,--,87.3,80.7,89.5,93.6,94.2,--,--,--,--,--,--,--,--,--,--,--,--,--,10.6,16.4,8.6,5,5.8,--,--,--,--,--,--,--,--,--,--,--,--,--,2.1,2.9,1.9,1.4,0,--
2020,Goiás,Rural,Federal,--,--,--,--,--,--,--,--,--,--,--,--,68.7,59.5,75.3,75,--,--,--,--,--,--,--,--,--,--,--,--,--,--,16.1,21.7,12.5,11.7,--,--,--,--,--,--,--,--,--,--,--,--,--,--,15.2,18.8,12.2,13.3,--,--
2020,Goiás,Total,Estadual,98.2,99.2,98.1,99.5,99.7,98.8,99.3,99.1,98.3,98.2,98,98,96.2,95.1,96.4,97.3,--,--,1.2,0.6,1.2,0,0,0.9,0.6,0.7,1,1.2,1.3,1.2,2,2.7,1.9,1.3,--,--,0.6,0.2,0.7,0.5,0.3,0.3,0.1,0.2,0.7,0.6,0.7,0.8,1.8,2.2,1.7,1.4,--,--
2020,Goiás,Urbana,Estadual,98.2,99.2,98.1,99.7,99.6,98.8,99.4,99.2,98.3,98.2,98,98,96.2,95.1,96.4,97.3,--,--,1.2,0.5,1.2,0,0,0.9,0.6,0.6,1,1.2,1.3,1.2,2,2.7,1.9,1.3,--,--,0.6,0.3,0.7,0.3,0.4,0.3,0,0.2,0.7,0.6,0.7,0.8,1.8,2.2,1.7,1.4,--,--
2020,Goiás,Rural,Estadual,97.7,98.4,97.6,99,100,99,98,97,98.7,97.6,96.5,98,96.6,96.1,96.6,97.5,--,--,1.4,1.1,1.4,0,0,1,1.3,2.4,0.8,1.2,2.2,1.4,1.7,1.8,2,1.1,--,--,0.9,0.5,1,1,0,0,0.7,0.6,0.5,1.2,1.3,0.6,1.7,2.1,1.4,1.4,--,--
2020,Goiás,Total,Municipal,98,98.4,96.6,99,98.9,97.8,97.9,98.3,96.6,96.2,96.3,97.3,89.3,86.9,86.7,96.4,--,--,1.4,1.1,2.5,0.4,0.6,1.7,1.6,1.3,2.5,2.9,2.7,1.9,7.9,9.8,10.3,1.8,--,--,0.6,0.5,0.9,0.6,0.5,0.5,0.5,0.4,0.9,0.9,1,0.8,2.8,3.3,3,1.8,--,--
2020,Goiás,Urbana,Municipal,98.1,98.4,96.6,99,99,97.8,98,98.4,96.7,96.2,96.4,97.3,88.3,85,86,96,--,--,1.4,1.1,2.6,0.5,0.6,1.7,1.6,1.2,2.5,2.9,2.8,2,8.9,11.6,11.2,2,--,--,0.5,0.5,0.8,0.5,0.4,0.5,0.4,0.4,0.8,0.9,0.8,0.7,2.8,3.4,2.8,2,--,--
2020,Goiás,Rural,Municipal,97.6,98.2,96.2,99.4,98.5,98.1,97.5,97.7,96.4,95.6,95.5,97.4,97.4,97.4,94.7,100,--,--,1.5,1.2,2.2,0.1,0.8,1.3,1.9,1.5,2.2,2.7,2.4,1.2,0,0,0,0,--,--,0.9,0.6,1.6,0.5,0.7,0.6,0.6,0.8,1.4,1.7,2.1,1.4,2.6,2.6,5.3,0,--,--
2020,Goiás,Total,Privada,98.2,98,98.6,96.3,97.8,98.2,98.6,99,98.5,98.7,98.7,98.7,98.4,97.7,98.7,99,100,95.6,0.7,0.5,0.9,0.5,0.4,0.6,0.5,0.4,0.9,1,1,0.9,1.1,1.7,0.9,0.6,0,2.4,1.1,1.5,0.5,3.2,1.8,1.2,0.9,0.6,0.6,0.3,0.3,0.4,0.5,0.6,0.4,0.4,0,2
2020,Goiás,Urbana,Privada,98.2,98,98.7,96.3,97.8,98.2,98.6,99,98.5,98.7,98.7,98.7,98.5,97.7,98.8,99.1,100,95.6,0.6,0.5,0.9,0.5,0.4,0.6,0.4,0.4,0.9,1,1,0.9,1.1,1.7,0.8,0.6,0,2.4,1.2,1.5,0.4,3.2,1.8,1.2,1,0.6,0.6,0.3,0.3,0.4,0.4,0.6,0.4,0.3,0,2
2020,Goiás,Rural,Privada,98.3,99.2,97.5,100,100,98.8,98.7,98.8,99,100,93.6,97.8,95.9,94.7,96,96.9,--,--,1.5,0.8,2,0,0,1.2,1.3,1.2,1,0,4.5,2.2,2.4,3.3,1.6,2.2,--,--,0.2,0,0.5,0,0,0,0,0,0,0,1.9,0,1.7,2,2.4,0.9,--,--
2020,Goiás,Total,Pública,98.1,98.4,97.7,99,98.9,97.9,98,98.4,97.7,97.6,97.6,97.9,95.8,94.5,96.1,97.1,94.2,--,1.3,1.1,1.6,0.4,0.6,1.7,1.6,1.2,1.6,1.7,1.7,1.3,2.3,3.1,2.2,1.5,5.8,--,0.6,0.5,0.7,0.6,0.5,0.4,0.4,0.4,0.7,0.7,0.7,0.8,1.9,2.4,1.7,1.4,0,--
2020,Goiás,Urbana,Pública,98.1,98.4,97.7,99,99,97.9,98,98.4,97.7,97.6,97.6,97.9,95.9,94.7,96.2,97.2,94.2,--,1.3,1.1,1.5,0.5,0.6,1.7,1.6,1.2,1.5,1.6,1.7,1.3,2.3,3,2.1,1.4,5.8,--,0.6,0.5,0.8,0.5,0.4,0.4,0.4,0.4,0.8,0.8,0.7,0.8,1.8,2.3,1.7,1.4,0,--
2020,Goiás,Rural,Pública,97.6,98.2,96.7,99.4,98.6,98.2,97.6,97.7,97.1,96.3,95.8,97.6,88.5,85.8,90.7,90.3,--,--,1.5,1.2,1.9,0.1,0.8,1.3,1.9,1.5,1.8,2.2,2.3,1.3,5.9,7.4,4.9,4.5,--,--,0.9,0.6,1.4,0.5,0.6,0.5,0.5,0.8,1.1,1.5,1.9,1.1,5.6,6.8,4.4,5.2,--,--
2020,Distrito Federal,Total,Total,97.2,97.8,96.5,99.1,99.3,94.7,99.4,96.9,98.9,93.4,99.1,94.8,87.4,83.1,88.6,92.2,--,100,2.6,2,3.3,0.6,0.4,5.2,0.5,2.9,0.9,6.3,0.7,5,12,15.9,11,7.6,--,0,0.2,0.2,0.2,0.3,0.3,0.1,0.1,0.2,0.2,0.3,0.2,0.2,0.6,1,0.4,0.2,--,0
2020,Distrito Federal,Urbana,Total,97.3,97.9,96.5,99.1,99.3,94.9,99.4,97.2,99,93.6,99.1,95,87.5,83.2,88.6,92.2,--,100,2.5,1.9,3.3,0.6,0.4,5,0.5,2.7,0.9,6.1,0.7,4.9,11.9,15.8,10.9,7.6,--,0,0.2,0.2,0.2,0.3,0.3,0.1,0.1,0.1,0.1,0.3,0.2,0.1,0.6,1,0.5,0.2,--,0
2020,Distrito Federal,Rural,Total,95.7,96.3,94.8,99.7,99.7,90.6,100,93.1,98.5,90.5,99.6,92,85.5,81,86.9,91.1,--,--,4.2,3.6,5.2,0.2,0.3,8.9,0,6.9,1.5,9.5,0.4,8,14.5,19,13.1,8.9,--,--,0.1,0.1,0,0.1,0,0.5,0,0,0,0,0,0,0,0,0,0,--,--
2020,Distrito Federal,Total,Federal,99.4,--,99.4,--,--,--,--,--,99.5,99.3,98.9,100,88.5,81.5,91.4,95,--,--,0.6,--,0.6,--,--,--,--,--,0.5,0.7,1.1,0,9.9,16.1,7.3,4.1,--,--,0,--,0,--,--,--,--,--,0,0,0,0,1.6,2.4,1.3,0.9,--,--
2020,Distrito Federal,Urbana,Federal,99.4,--,99.4,--,--,--,--,--,99.5,99.3,98.9,100,90.5,84.2,93.8,95.6,--,--,0.6,--,0.6,--,--,--,--,--,0.5,0.7,1.1,0,7.6,13.1,4.6,3.3,--,--,0,--,0,--,--,--,--,--,0,0,0,0,1.9,2.7,1.6,1.1,--,--
2020,Distrito Federal,Rural,Federal,--,--,--,--,--,--,--,--,--,--,--,--,78,65.2,81.3,91.2,--,--,--,--,--,--,--,--,--,--,--,--,--,--,22,34.8,18.7,8.8,--,--,--,--,--,--,--,--,--,--,--,--,--,--,0,0,0,0,--,--
2020,Distrito Federal,Total,Estadual,96.5,97.3,95.5,99.1,99.4,93.2,99.4,96.1,98.8,91.6,99,93.3,83.8,78.8,85.1,89.5,--,--,3.4,2.6,4.3,0.7,0.4,6.7,0.5,3.8,1.1,8,0.8,6.5,15.5,20.1,14.3,10.2,--,--,0.1,0.1,0.2,0.2,0.2,0.1,0.1,0.1,0.1,0.4,0.2,0.2,0.7,1.1,0.6,0.3,--,--
2020,Distrito Federal,Urbana,Estadual,96.5,97.3,95.5,99.1,99.3,93.4,99.3,96.3,98.8,91.7,99,93.4,83.7,78.7,85.1,89.5,--,--,3.3,2.5,4.2,0.7,0.4,6.6,0.6,3.5,1.1,7.9,0.8,6.4,15.6,20.1,14.4,10.2,--,--,0.2,0.2,0.3,0.2,0.3,0,0.1,0.2,0.1,0.4,0.2,0.2,0.7,1.2,0.5,0.3,--,--
2020,Distrito Federal,Rural,Estadual,95.5,96.3,94.3,99.7,99.7,90.5,100,93.1,98.5,89.4,99.6,91.1,85.9,82.6,87.3,89.8,--,--,4.4,3.6,5.7,0.2,0.3,9,0,6.9,1.5,10.6,0.4,8.9,14.1,17.4,12.7,10.2,--,--,0.1,0.1,0,0.1,0,0.5,0,0,0,0,0,0,0,0,0,0,--,--
2020,Distrito Federal,Total,Privada,99.4,99.4,99.4,99.1,99.2,99.4,99.6,99.5,99.4,99.3,99.5,99.4,99.5,99.1,99.6,99.8,--,100,0.4,0.3,0.5,0.3,0.4,0.4,0.3,0.3,0.5,0.6,0.5,0.5,0.5,0.8,0.4,0.2,--,0,0.2,0.3,0.1,0.6,0.4,0.2,0.1,0.2,0.1,0.1,0,0.1,0,0.1,0,0,--,0
2020,Distrito Federal,Urbana,Privada,99.4,99.4,99.4,99.1,99.2,99.4,99.6,99.5,99.4,99.3,99.4,99.4,99.5,99.1,99.6,99.8,--,100,0.4,0.3,0.5,0.3,0.4,0.4,0.3,0.3,0.5,0.6,0.5,0.5,0.5,0.8,0.4,0.2,--,0,0.2,0.3,0.1,0.6,0.4,0.2,0.1,0.2,0.1,0.1,0.1,0.1,0,0.1,0,0,--,0
2020,Distrito Federal,Rural,Privada,100,100,100,100,100,100,100,100,--,100,100,100,100,100,100,100,--,--,0,0,0,0,0,0,0,0,--,0,0,0,0,0,0,0,--,--,0,0,0,0,0,0,0,0,--,0,0,0,0,0,0,0,--,--
2020,Distrito Federal,Total,Pública,96.5,97.3,95.5,99.1,99.4,93.2,99.4,96.1,98.8,91.6,99,93.4,84,78.9,85.4,89.7,--,--,3.3,2.6,4.3,0.7,0.4,6.7,0.5,3.8,1.1,8,0.8,6.5,15.3,19.9,14,10,--,--,0.2,0.1,0.2,0.2,0.2,0.1,0.1,0.1,0.1,0.4,0.2,0.1,0.7,1.2,0.6,0.3,--,--
2020,Distrito Federal,Urbana,Pública,96.5,97.3,95.6,99.1,99.3,93.4,99.3,96.3,98.8,91.8,99,93.5,84,78.9,85.4,89.7,--,--,3.3,2.5,4.2,0.7,0.4,6.6,0.6,3.5,1.1,7.8,0.8,6.3,15.3,19.9,14,10,--,--,0.2,0.2,0.2,0.2,0.3,0,0.1,0.2,0.1,0.4,0.2,0.2,0.7,1.2,0.6,0.3,--,--
2020,Distrito Federal,Rural,Pública,95.5,96.3,94.3,99.7,99.7,90.5,100,93.1,98.5,89.4,99.6,91.1,84.2,79.4,85.7,90.1,--,--,4.4,3.6,5.7,0.2,0.3,9,0,6.9,1.5,10.6,0.4,8.9,15.8,20.6,14.3,9.9,--,--,0.1,0.1,0,0.1,0,0.5,0,0,0,0,0,0,0,0,0,0,--,--
2020,Distrito Federal,Rural,Pública,95.5,96.3,94.3,99.7,99.7,90.5,100,93.1,98.5,89.4,99.6,91.1,84.2,79.4,85.7,90.1,--,--,4.4,3.6,5.7,0.2,0.3,9,0,6.9,1.5,10.6,0.4,8.9,15.8,20.6,14.3,9.9,--,--,0.1,0.1,0,0.1,0,0.5,0,0,0,0,0,0,0,0,0,0,--,--
Fonte: Censo da Educação Básica 2020/INEP.,Distrito Federal,Rural,Pública,95.5,96.3,94.3,99.7,99.7,90.5,100,93.1,98.5,89.4,99.6,91.1,84.2,79.4,85.7,90.1,--,--,4.4,3.6,5.7,0.2,0.3,9,0,6.9,1.5,10.6,0.4,8.9,15.8,20.6,14.3,9.9,--,--,0.1,0.1,0,0.1,0,0.5,0,0,0,0,0,0,0,0,0,0,--,--
