Ano,Unidade Geográfica,Localização,Dependência Administrativa,Total,Anos Iniciais,Anos Finais,1º Ano ,2º Ano,3º Ano,4º Ano,5º Ano,6º Ano,7º Ano,8º Ano,9º Ano,Total,1ª série,2ª série,3ª série,4ª série,Não-Seriado,Total,Anos Iniciais,Anos Finais,1º Ano ,2º Ano,3º Ano,4º Ano,5º Ano,6º Ano,7º Ano,8º Ano,9º Ano,Total,1ª série,2ª série,3ª série,4ª série,Não-Seriado,Total_Abandono_EF2012,Anos Iniciais,Anos Finais,1º Ano ,2º Ano,3º Ano,4º Ano,5º Ano,6º Ano,7º Ano,8º Ano,9º Ano,Total_Abandono_EM2012,1ª série,2ª série,3ª série,4ª série,Não-Seriado
2012,RO,Total,Total,84.4,90.2,77.3,98.6,85.7,88.4,89,90.6,72.6,74.7,80.1,83.4,76.2,69.2,78,85.5,94.9,80.3,12.9,8.6,18.3,0.4,12.9,10.7,9.9,7.9,23,20.8,15.6,11.9,12.3,16.7,10.9,7.1,2.3,7.7,2.7,1.2,4.4,1,1.4,0.9,1.1,1.5,4.4,4.5,4.3,4.7,11.5,14.1,11.1,7.4,2.8,12
2012,RO,Total,Publico,83.6,89.6,76.2,98.6,84.8,87.7,88.3,90,71.4,73.4,79.3,82.5,74.8,67.8,76.7,84.4,90.5,80.3,13.6,9.2,19.1,0.4,13.7,11.3,10.5,8.3,23.9,21.8,16.2,12.4,12.8,17.1,11.3,7.5,4.8,7.7,2.8,1.2,4.7,1,1.5,1,1.2,1.7,4.7,4.8,4.5,5.1,12.4,15.1,12,8.1,4.7,12
2012,RO,Total,Privada,96.4,98.3,93.8,99,97.1,97.8,99.2,98.7,95,94.6,92.5,93.4,92.3,88.5,92.9,96,99.1,--,3.3,1.4,6,0.5,2.4,2.2,0.7,1.3,4.7,5.3,7.4,6.5,7.2,11,6.4,3.6,0,--,0.3,0.3,0.2,0.5,0.5,0,0.1,0,0.3,0.1,0.1,0.1,0.5,0.5,0.7,0.4,0.9,--
2012,RO,Total,Municipal,86.8,89.6,79.6,98.6,85,88,87.3,89.7,73.2,76.6,83.3,89.4,90.9,86.4,92,96.3,--,--,11,9.1,15.9,0.3,13.4,11,11.5,8.6,22.3,18.7,12,6.4,0,0,0,0,--,--,2.2,1.3,4.5,1.1,1.6,1,1.2,1.7,4.5,4.7,4.7,4.2,9.1,13.6,8,3.7,--,--
2012,RO,Total,Federal,--,--,--,--,--,--,--,--,--,--,--,--,85.7,79.1,91,91.9,90.5,--,--,--,--,--,--,--,--,--,--,--,--,--,11.3,16.1,7.9,6.5,4.8,--,--,--,--,--,--,--,--,--,--,--,--,--,3,4.8,1.1,1.6,4.7,--
2012,RO,Total,Estadual,80.5,89.5,74.7,98.5,84.5,87.2,89.9,90.5,70.5,72,77.5,80,74.4,67.3,76.1,84.2,--,80.3,16.1,9.3,20.5,0.7,14.2,12,9,8,24.7,23.2,17.9,14.6,12.9,17.1,11.5,7.5,--,7.7,3.4,1.2,4.8,0.8,1.3,0.8,1.1,1.5,4.8,4.8,4.6,5.4,12.7,15.6,12.4,8.3,--,12
2012,RO,Rural,Total,85.1,87.6,81.3,98.3,82.1,85.3,86.8,88.3,76,77.8,84.7,88.8,83.9,79.5,82.8,90.7,99.1,84.2,11.6,10.5,13.2,0.4,15.7,13.1,11.4,9.3,18.7,16.6,9.6,5.6,6.8,9.2,6.7,4.7,0,2.5,3.3,1.9,5.5,1.3,2.2,1.6,1.8,2.4,5.3,5.6,5.7,5.6,9.3,11.3,10.5,4.6,0.9,13.3
2012,RO,Rural,Publico,85,87.6,81.2,98.4,82.1,85.2,86.8,88.3,75.9,77.6,84.7,88.7,81.9,77.3,81,89.9,--,84.2,11.6,10.5,13.2,0.4,15.8,13.1,11.4,9.4,18.8,16.7,9.6,5.6,7.3,9.8,7,4.9,--,2.5,3.4,1.9,5.6,1.2,2.1,1.7,1.8,2.3,5.3,5.7,5.7,5.7,10.8,12.9,12,5.2,--,13.3
2012,RO,Rural,Privada,93.6,94.4,93.2,91.2,96.9,100,94.7,92,95.8,94.3,90.8,93.3,94.9,93.5,93.5,95.7,99.1,--,5.7,3.2,6.8,0,3.1,0,5.3,8,4.2,5.7,9.2,6.7,4.1,5.6,5,3.7,0,--,0.7,2.4,0,8.8,0,0,0,0,0,0,0,0,1,0.9,1.5,0.6,0.9,--
2012,RO,Rural,Municipal,85.9,88.5,81.9,98.5,83.3,86.4,87.4,89.3,76,78.4,85.2,90.4,90.9,86.4,92,96.3,--,--,11.2,9.9,13.2,0.3,14.8,12.1,11.2,8.8,19.5,16.6,9.5,4.8,0,0,0,0,--,--,2.9,1.6,4.9,1.2,1.9,1.5,1.4,1.9,4.5,5,5.3,4.8,9.1,13.6,8,3.7,--,--
2012,RO,Rural,Federal,--,--,--,--,--,--,--,--,--,--,--,--,91.7,88.5,95.6,92.1,--,--,--,--,--,--,--,--,--,--,--,--,--,--,6.4,8.1,4,6.5,--,--,--,--,--,--,--,--,--,--,--,--,--,--,1.9,3.4,0.4,1.4,--,--
2012,RO,Rural,Estadual,79.6,81.2,78.1,97.4,73.6,76.6,82.2,81.5,75.1,74.2,82.6,81,78.5,73.4,76.1,88.6,--,84.2,14.2,15.1,13.3,1.1,22.7,20.6,12.8,13.1,15.7,17.3,10.1,9.3,7.9,10.7,8.3,4.4,--,2.5,6.2,3.7,8.6,1.5,3.7,2.8,5,5.4,9.2,8.5,7.3,9.7,13.6,15.9,15.6,7,--,13.3
2012,RO,Urbana,Total,84.2,91,76.1,98.7,86.9,89.5,89.8,91.4,71.6,73.8,78.8,81.9,75.6,68.5,77.7,85.1,90.5,79.8,13.3,8,19.7,0.4,12,9.9,9.4,7.4,24.1,22,17.3,13.7,12.8,17.2,11.3,7.3,4.8,8.3,2.5,1,4.2,0.9,1.1,0.6,0.8,1.2,4.3,4.2,3.9,4.4,11.6,14.3,11,7.6,4.7,11.9
2012,RO,Urbana,Publico,83.1,90.3,74.7,98.7,85.8,88.7,88.9,90.7,70,72.1,77.6,80.7,74.3,67.2,76.4,84,90.5,79.8,14.3,8.7,20.8,0.4,12.9,10.7,10.2,7.9,25.4,23.3,18.2,14.4,13.2,17.5,11.6,7.7,4.8,8.3,2.6,1,4.5,0.9,1.3,0.6,0.9,1.4,4.6,4.6,4.2,4.9,12.5,15.3,12,8.3,4.7,11.9
2012,RO,Urbana,Privada,96.5,98.4,93.9,99.1,97.1,97.8,99.2,98.8,94.9,94.6,92.6,93.4,91.9,87.8,92.8,96,--,--,3.3,1.4,6,0.5,2.3,2.2,0.6,1.2,4.7,5.3,7.3,6.5,7.7,11.8,6.7,3.6,--,--,0.2,0.2,0.1,0.4,0.6,0,0.2,0,0.4,0.1,0.1,0.1,0.4,0.4,0.5,0.4,--,--
2012,RO,Urbana,Municipal,87.5,90.2,75.9,98.7,85.9,88.9,87.3,90.1,69.4,73.8,80.1,87.3,--,--,--,--,--,--,10.8,8.7,20.1,0.2,12.7,10.3,11.6,8.5,26,22.1,16.4,9.9,--,--,--,--,--,--,1.7,1.1,4,1.1,1.4,0.8,1.1,1.4,4.6,4.1,3.5,2.8,--,--,--,--,--,--
2012,RO,Urbana,Federal,--,--,--,--,--,--,--,--,--,--,--,--,82,74.5,88.8,91.6,90.5,--,--,--,--,--,--,--,--,--,--,--,--,--,14.2,19.9,9.8,6.7,4.8,--,--,--,--,--,--,--,--,--,--,--,--,--,3.8,5.6,1.4,1.7,4.7,--
2012,RO,Urbana,Estadual,80.5,90.4,74.4,98.6,85.8,88.3,90.6,91.3,70.2,71.8,77.2,79.9,74.1,67,76.1,84,--,79.8,16.3,8.7,20.9,0.6,13.2,11.1,8.7,7.5,25.3,23.5,18.5,15,13.1,17.5,11.7,7.7,--,8.3,3.2,0.9,4.7,0.8,1,0.6,0.7,1.2,4.5,4.7,4.3,5.1,12.8,15.5,12.2,8.3,--,11.9
2012,AC,Total,Total,89,88.1,90.3,96.1,79.5,86,89.5,91.8,87.8,90.6,90.8,92.1,78,72.1,80.2,84,100,81.2,7.8,9.2,5.6,1,17.5,11.3,8.1,5.7,7,5.6,5.7,3.9,11.8,16.1,11.5,6.2,0,6.8,3.2,2.7,4.1,2.9,3,2.7,2.4,2.5,5.2,3.8,3.5,4,10.2,11.8,8.3,9.8,0,12
2012,AC,Total,Publico,88.6,87.6,89.9,96,78.8,85.5,89.2,91.5,87.4,90.3,90.5,91.8,77,71,79.2,83.2,100,81.2,8,9.6,5.7,1,18.1,11.7,8.3,5.9,7.3,5.8,5.8,3.9,12.2,16.5,12,6.5,0,6.8,3.4,2.8,4.4,3,3.1,2.8,2.5,2.6,5.3,3.9,3.7,4.3,10.8,12.5,8.8,10.3,0,12
2012,AC,Total,Privada,97.9,98.4,97.3,99,97.7,98.1,98,99.2,98.1,97.8,96.2,97.5,94.9,91.7,95.6,98.5,--,--,2,1.5,2.7,0.6,2.1,1.9,2,0.8,1.9,2,3.8,2.5,4.9,8.1,4.4,1.1,--,--,0.1,0.1,0,0.4,0.2,0,0,0,0,0.2,0,0,0.2,0.2,0,0.4,--,--
2012,AC,Total,Municipal,85.6,86.1,83.6,96.3,75.6,83.2,88.4,90.7,78,85.2,84.6,90.4,--,--,--,--,--,--,10.2,10.6,8.1,0.4,20.6,13.3,8.9,6.1,11.1,7.1,8.1,4.1,--,--,--,--,--,--,4.2,3.3,8.3,3.3,3.8,3.5,2.7,3.2,10.9,7.7,7.3,5.5,--,--,--,--,--,--
2012,AC,Total,Federal,85.3,87.6,83.9,100,84,91.3,76,88.9,84,75.5,93,84,71.1,71.7,66.3,100,--,--,14.7,12.4,16.1,0,16,8.7,24,11.1,16,24.5,7,16,16.7,18.9,13,0,--,--,0,0,0,0,0,0,0,0,0,0,0,0,12.2,9.4,20.7,0,--,--
2012,AC,Total,Estadual,90.4,89.4,91.2,95.5,82.8,88,90,92.4,89.8,91.4,91.7,92,77.1,71,79.3,83.2,100,81.2,6.6,8.3,5.2,1.7,14.9,9.9,7.7,5.7,6.2,5.4,5.4,3.9,12.2,16.5,12,6.5,0,6.8,3,2.3,3.6,2.8,2.3,2.1,2.3,1.9,4,3.2,2.9,4.1,10.7,12.5,8.7,10.3,0,12
2012,AC,Rural,Total,83,81,86.9,91.5,70.2,78.9,83.7,86.5,82.2,88.2,88.1,91.5,88,85.3,89.9,90.2,100,81.2,10.8,13.7,5.1,2.3,24.4,16.1,11.3,8.6,7.6,4.4,4.7,2.5,3.5,4.9,3.2,1.7,0,6.8,6.2,5.3,8,6.2,5.4,5,5,4.9,10.2,7.4,7.2,6,8.5,9.8,6.9,8.1,0,12
2012,AC,Rural,Publico,83,81,86.9,91.5,70.2,78.9,83.7,86.5,82.2,88.2,88.1,91.5,88,85.3,89.9,90.2,100,81.2,10.8,13.7,5.1,2.3,24.4,16.1,11.3,8.6,7.6,4.4,4.7,2.5,3.5,4.9,3.2,1.7,0,6.8,6.2,5.3,8,6.2,5.4,5,5,4.9,10.2,7.4,7.2,6,8.5,9.8,6.9,8.1,0,12
2012,AC,Rural,Municipal,81.4,80.9,83.3,93.4,68.5,78.5,84.3,87.4,77,85.2,86,90.6,--,--,--,--,--,--,12.3,14,6.4,0.8,25.9,16.6,11.4,7.7,9.4,4.8,6,3,--,--,--,--,--,--,6.3,5.1,10.3,5.8,5.6,4.9,4.3,4.9,13.6,10,8,6.4,--,--,--,--,--,--
2012,AC,Rural,Estadual,84.8,81.3,89,88.3,73.5,79.5,82.8,85,85.7,89.9,89.5,91.8,88,85.3,89.9,90.2,100,81.2,9.1,13.2,4.3,4.8,21.5,15.3,11.2,10,6.4,4.2,3.8,2.3,3.5,4.9,3.2,1.7,0,6.8,6.1,5.5,6.7,6.9,5,5.2,6,5,7.9,5.9,6.7,5.9,8.5,9.8,6.9,8.1,0,12
2012,AC,Urbana,Total,91.9,92.3,91.5,98.8,86.1,90.3,92.6,94.9,90.4,91.5,91.7,92.2,76.4,70.2,78.7,83,--,--,6.2,6.6,5.8,0.2,12.5,8.4,6.3,4.1,6.8,6.1,6,4.3,13.1,17.7,12.8,6.9,--,--,1.9,1.1,2.7,1,1.4,1.3,1.1,1,2.8,2.4,2.3,3.5,10.5,12.1,8.5,10.1,--,--
2012,AC,Urbana,Publico,91.5,91.9,91.1,98.7,85.4,89.8,92.3,94.6,89.9,91.1,91.4,91.9,75.2,68.9,77.5,82.1,--,--,6.5,6.9,6,0.2,13.3,8.9,6.6,4.3,7.1,6.4,6.2,4.4,13.7,18.3,13.4,7.3,--,--,2,1.2,2.9,1.1,1.3,1.3,1.1,1.1,3,2.5,2.4,3.7,11.1,12.8,9.1,10.6,--,--
2012,AC,Urbana,Privada,97.9,98.4,97.3,99,97.7,98.1,98,99.2,98.1,97.8,96.2,97.5,94.9,91.7,95.6,98.5,--,--,2,1.5,2.7,0.6,2.1,1.9,2,0.8,1.9,2,3.8,2.5,4.9,8.1,4.4,1.1,--,--,0.1,0.1,0,0.4,0.2,0,0,0,0,0.2,0,0,0.2,0.2,0,0.4,--,--
2012,AC,Urbana,Municipal,89.6,90.5,84.1,98.6,83.1,87.4,91.4,93.6,79.8,85.3,82.3,90.2,--,--,--,--,--,--,8.2,7.8,10.7,0,15,10.5,7,4.8,14.2,10.5,11.5,5.3,--,--,--,--,--,--,2.2,1.7,5.2,1.4,1.9,2.1,1.6,1.6,6,4.2,6.2,4.5,--,--,--,--,--,--
2012,AC,Urbana,Federal,85.3,87.6,83.9,100,84,91.3,76,88.9,84,75.5,93,84,71.1,71.7,66.3,100,--,--,14.7,12.4,16.1,0,16,8.7,24,11.1,16,24.5,7,16,16.7,18.9,13,0,--,--,0,0,0,0,0,0,0,0,0,0,0,0,12.2,9.4,20.7,0,--,--
2012,AC,Urbana,Estadual,92.3,93,91.8,98.9,87.4,91.7,93.1,95.4,91.1,91.9,92.2,92.1,75.3,68.8,77.6,82,--,--,5.8,6.2,5.5,0.3,11.6,7.5,6.2,3.9,6.2,5.8,5.7,4.2,13.6,18.3,13.4,7.3,--,--,1.9,0.8,2.7,0.8,1,0.8,0.7,0.7,2.7,2.3,2.1,3.7,11.1,12.9,9,10.7,--,--
2012,AM,Total,Total,84.5,85.6,82.9,93.6,84.2,80.2,87.4,84.8,80.3,82.9,84.5,84.9,82,77.3,82.4,88.3,--,--,9.9,10.8,8.7,2.7,11.8,16.3,9.4,11.3,11,9.2,7.5,6.2,6.4,8.1,6.5,3.8,--,--,5.6,3.6,8.4,3.7,4,3.5,3.2,3.9,8.7,7.9,8,8.9,11.6,14.6,11.1,7.9,--,--
2012,AM,Total,Publico,83.5,84.5,82.1,93.3,83,78.8,86.5,83.8,79.3,82,83.6,84.2,81.5,76.8,81.7,87.9,--,--,10.4,11.5,9,2.7,12.7,17.4,10,12,11.5,9.4,7.8,6.3,6.3,7.8,6.5,3.8,--,--,6.1,4,8.9,4,4.3,3.8,3.5,4.2,9.2,8.6,8.6,9.5,12.2,15.4,11.8,8.3,--,--
2012,AM,Total,Privada,96.6,97.5,95.1,96.3,97.3,98,98.3,97.9,95.8,94.5,95.3,94.7,91.1,86.1,93,96.3,--,--,3,2,4.7,2.6,2.2,1.6,1.6,1.8,4,5.3,4.5,5,8.3,13.2,6.4,3.4,--,--,0.4,0.5,0.2,1.1,0.5,0.4,0.1,0.3,0.2,0.2,0.2,0.3,0.6,0.7,0.6,0.3,--,--
2012,AM,Total,Municipal,80.5,81.6,77.9,92.3,79.1,76.3,82.3,80.9,74.2,78.1,80,82.1,--,--,--,--,--,--,12.9,13.8,10.8,3.3,16,19.3,13.4,13.8,14.1,10.8,8.7,7,--,--,--,--,--,--,6.6,4.6,11.3,4.4,4.9,4.4,4.3,5.3,11.7,11.1,11.3,10.9,--,--,--,--,--,--
2012,AM,Total,Federal,88.8,--,88.8,--,--,--,--,--,87.9,90.4,86.7,90,86.5,80.4,86.8,93.7,--,--,11.2,--,11.2,--,--,--,--,--,12.1,9.6,13.3,10,11.6,16.8,11.8,4.6,--,--,0,--,0,--,--,--,--,--,0,0,0,0,1.9,2.8,1.4,1.7,--,--
2012,AM,Total,Estadual,87.9,93.3,84.9,96.9,97.3,86.5,98.1,90.3,84,84.7,85.8,85.2,81.4,76.7,81.6,87.7,--,--,6.7,4.9,7.7,0.6,0.7,11.6,0.6,7.9,9.1,8.5,7.1,5.9,6.1,7.6,6.4,3.8,--,--,5.4,1.8,7.4,2.5,2,1.9,1.3,1.8,6.9,6.8,7.1,8.9,12.5,15.7,12,8.5,--,--
2012,AM,Rural,Total,79.7,78.8,81.5,89.3,79.5,73.4,79.3,76.3,76.4,81.8,85,86.3,83.7,78.4,85.4,89.9,--,--,12,14.4,7.3,4.4,13.6,20.2,14.1,16,11.6,6.9,4.4,3.3,4.1,5,3.8,3.3,--,--,8.3,6.8,11.2,6.3,6.9,6.4,6.6,7.7,12,11.3,10.6,10.4,12.2,16.6,10.8,6.8,--,--
2012,AM,Rural,Publico,79.7,78.7,81.5,89.2,79.4,73.3,79.2,76.2,76.4,81.8,85,86.3,83.8,78.4,85.4,89.9,--,--,12,14.5,7.2,4.4,13.7,20.3,14.1,16.1,11.6,6.9,4.3,3.3,4,4.8,3.6,3.2,--,--,8.3,6.8,11.3,6.4,6.9,6.4,6.7,7.7,12,11.3,10.7,10.4,12.2,16.8,11,6.9,--,--
2012,AM,Rural,Privada,95.2,99.2,87.6,99.2,98.5,99,100,100,92.9,85.7,85.1,86.2,79.9,75,78.1,87.3,--,--,4.6,0.8,11.6,0.8,1.5,1,0,0,7.1,14.3,12.2,13.8,19.6,23.5,21.9,12.7,--,--,0.2,0,0.8,0,0,0,0,0,0,0,2.7,0,0.5,1.5,0,0,--,--
2012,AM,Rural,Municipal,78.8,78.2,80.3,88.9,78.9,72.9,78.5,75.5,74.9,80.7,84.1,85.7,--,--,--,--,--,--,12.7,14.8,7.7,4.5,14.1,20.5,14.7,16.5,12.2,7.3,4.5,3.4,--,--,--,--,--,--,8.5,7,12,6.6,7,6.6,6.8,8,12.9,12,11.4,10.9,--,--,--,--,--,--
2012,AM,Rural,Estadual,88.5,91.3,87.3,97.4,95.6,84.2,96.1,88.4,84.8,87.2,89,88.6,83.8,78.4,85.4,89.9,--,--,5.3,6.1,4.9,0.6,0.5,13.2,1.3,9.5,7.7,5,3.6,2.7,4,4.8,3.6,3.2,--,--,6.2,2.6,7.8,2,3.9,2.6,2.6,2.1,7.5,7.8,7.4,8.7,12.2,16.8,11,6.9,--,--
2012,AM,Urbana,Total,86,88.2,83.3,95.1,86,82.9,90.8,88.2,81.5,83.1,84.3,84.6,81.8,77.1,81.9,88.1,--,--,9.2,9.3,9,2.1,11.1,14.7,7.5,9.4,10.9,9.7,8.2,6.7,6.7,8.6,7,3.9,--,--,4.8,2.5,7.7,2.8,2.9,2.4,1.7,2.4,7.6,7.2,7.5,8.7,11.5,14.3,11.1,8,--,--
2012,AM,Urbana,Publico,84.8,87.1,82.2,94.8,84.6,81.2,89.9,87.2,80.2,82.1,83.3,83.7,81.1,76.5,81.1,87.6,--,--,9.9,10.2,9.4,2,12.3,16.1,8.1,10.2,11.5,10.1,8.6,6.9,6.6,8.3,7,3.9,--,--,5.3,2.7,8.4,3.2,3.1,2.7,2,2.6,8.3,7.8,8.1,9.4,12.3,15.2,11.9,8.5,--,--
2012,AM,Urbana,Privada,96.6,97.5,95.1,96.3,97.3,97.9,98.2,97.8,95.8,94.5,95.4,94.8,91.4,86.3,93.3,96.5,--,--,3,2,4.6,2.6,2.2,1.6,1.6,1.9,3.9,5.3,4.4,4.9,8.1,13,6,3.2,--,--,0.4,0.5,0.3,1.1,0.5,0.5,0.2,0.3,0.3,0.2,0.2,0.3,0.5,0.7,0.7,0.3,--,--
2012,AM,Urbana,Municipal,81.6,83.8,76.2,94,79.2,78.5,85,84.8,73.7,76.3,77,79.7,--,--,--,--,--,--,13.1,13.1,13.1,2.6,17.2,18.4,12.6,11.9,15.5,13.4,11.9,9.4,--,--,--,--,--,--,5.3,3.1,10.7,3.4,3.6,3.1,2.4,3.3,10.8,10.3,11.1,10.9,--,--,--,--,--,--
2012,AM,Urbana,Federal,88.8,--,88.8,--,--,--,--,--,87.9,90.4,86.7,90,86.5,80.4,86.8,93.7,--,--,11.2,--,11.2,--,--,--,--,--,12.1,9.6,13.3,10,11.6,16.8,11.8,4.6,--,--,0,--,0,--,--,--,--,--,0,0,0,0,1.9,2.8,1.4,1.7,--,--
2012,AM,Urbana,Estadual,87.9,93.4,84.8,96.8,97.4,86.6,98.2,90.4,83.9,84.5,85.6,85,81,76.4,81,87.4,--,--,6.8,4.8,7.9,0.6,0.7,11.6,0.5,7.8,9.2,8.7,7.4,6.1,6.5,8,6.9,3.9,--,--,5.3,1.8,7.3,2.6,1.9,1.8,1.3,1.8,6.9,6.8,7,8.9,12.5,15.6,12.1,8.7,--,--
2012,RR,Total,Total,86.3,92.9,78.2,98.6,92.2,90.9,92.1,91.4,77.8,79.3,77.6,77.9,70.2,59.9,74.2,83.7,91,80,10.4,5.9,16,0.6,6.7,8.1,6.9,6.7,17.6,15.9,16.3,13.8,18.6,25.9,15.6,8.7,8,17.7,3.3,1.2,5.8,0.8,1.1,1,1,1.9,4.6,4.8,6.1,8.3,11.2,14.2,10.2,7.6,1,2.3
2012,RR,Total,Publico,85.5,92.5,77.2,98.5,91.7,90.4,91.6,90.9,77,78.4,76.4,76.7,69,58.5,73.1,83,91,80,11,6.3,16.7,0.6,7.1,8.6,7.3,7.1,18.3,16.6,17.1,14.5,19.1,26.5,16.1,8.9,8,17.7,3.5,1.2,6.1,0.9,1.2,1,1.1,2,4.7,5,6.5,8.8,11.9,15,10.8,8.1,1,2.3
2012,RR,Total,Privada,98.3,99.3,96.9,99.6,98.8,99,99.5,99.3,95.8,96.7,97.2,97.6,90.1,87.4,90.7,93.1,--,--,1.6,0.7,3,0,1.2,1,0.5,0.7,4.2,3.1,2.6,2.4,9.8,12.6,9.3,6.6,--,--,0.1,0,0.1,0.4,0,0,0,0,0,0.2,0.2,0,0.1,0,0,0.3,--,--
2012,RR,Total,Municipal,92.9,93.6,79.7,98.8,92.3,90.9,92.4,93.2,75.4,77.6,87.1,83.2,73.7,--,57.1,83.3,--,--,6.1,5.6,13.8,0.5,6.7,8.3,7,5.7,19.1,16.4,6.3,7.1,10.5,--,0,16.7,--,--,1,0.8,6.5,0.7,1,0.8,0.6,1.1,5.5,6,6.6,9.7,15.8,--,42.9,0,--,--
2012,RR,Total,Federal,97.5,100,96,100,100,100,100,100,97.8,98.2,93.9,93.6,90.1,90.3,93.5,93.9,89.9,80,2.5,0,4,0,0,0,0,0,2.2,1.8,6.1,6.4,8.1,5.6,6.1,5.7,8.9,17.7,0,0,0,0,0,0,0,0,0,0,0,0,1.8,4.1,0.4,0.4,1.2,2.3
2012,RR,Total,Estadual,80.9,90.3,76.9,97.1,90.2,89.1,90.3,88.2,77,78.3,75.9,76.5,67.7,57.4,72.1,82.4,91.8,--,14.1,7.5,16.9,1,8,9.1,7.9,8.7,18.3,16.7,17.6,14.8,19.8,27.3,16.6,9,7.5,--,5,2.2,6.2,1.9,1.8,1.8,1.8,3.1,4.7,5,6.5,8.7,12.5,15.3,11.3,8.6,0.7,--
2012,RR,Rural,Total,85.6,89.2,80.2,97.5,87.5,86.3,87.5,87.6,76.9,80.8,80.7,83.7,79.4,76.1,77.6,87.3,--,80,9.9,8.5,12.2,0.8,10,11.3,10.2,9.4,16.9,12.3,10.3,7.1,7.1,8.8,5.6,3.6,--,17.7,4.5,2.3,7.6,1.7,2.5,2.4,2.3,3,6.2,6.9,9,9.2,13.5,15.1,16.8,9.1,--,2.3
2012,RR,Rural,Publico,85.6,89.2,80.2,97.5,87.5,86.3,87.5,87.6,76.9,80.8,80.7,83.7,79.4,76.1,77.6,87.3,--,80,9.9,8.5,12.2,0.8,10,11.3,10.2,9.4,16.9,12.3,10.3,7.1,7.1,8.8,5.6,3.6,--,17.7,4.5,2.3,7.6,1.7,2.5,2.4,2.3,3,6.2,6.9,9,9.2,13.5,15.1,16.8,9.1,--,2.3
2012,RR,Rural,Municipal,88.6,89.7,83.3,98.6,86.1,85.9,87.9,90.3,78.2,83.2,88.2,84.8,73.7,--,57.1,83.3,--,--,8.5,8.4,8.8,0.3,11.3,12.1,10.3,7.5,14.2,9.6,4.6,4.7,10.5,--,0,16.7,--,--,2.9,1.9,7.9,1.1,2.6,2,1.8,2.2,7.6,7.2,7.2,10.5,15.8,--,42.9,0,--,--
2012,RR,Rural,Federal,--,--,--,--,--,--,--,--,--,--,--,--,81.9,85.1,84.2,92.3,--,80,--,--,--,--,--,--,--,--,--,--,--,--,15.4,12.8,10.5,0,--,17.7,--,--,--,--,--,--,--,--,--,--,--,--,2.7,2.1,5.3,7.7,--,2.3
2012,RR,Rural,Estadual,84.4,88.8,79.7,96.6,88.6,86.6,87.3,86.4,76.8,80.4,79.6,83.5,79.2,75.8,77.6,87.3,--,--,10.5,8.5,12.7,1.2,9,10.8,10.2,10.2,17.3,12.8,11.1,7.4,6.4,8.7,5.5,3.5,--,--,5.1,2.7,7.6,2.2,2.4,2.6,2.5,3.4,5.9,6.8,9.3,9.1,14.4,15.5,16.9,9.2,--,--
2012,RR,Urbana,Total,86.5,94.4,77.6,99,94,92.6,93.8,93,78.1,78.9,76.7,76.7,68.4,57,73.5,82.9,91,--,10.6,4.9,17.1,0.5,5.4,6.9,5.7,5.6,17.8,17,18,15.3,20.9,29,17.7,9.8,8,--,2.9,0.7,5.3,0.5,0.6,0.5,0.5,1.4,4.1,4.1,5.3,8,10.7,14,8.8,7.3,1,--
2012,RR,Urbana,Publico,85.5,93.9,76.2,98.9,93.5,92,93.3,92.4,77,77.6,75.1,75,66.8,55.1,72.1,82,91,--,11.4,5.3,18.1,0.6,5.8,7.4,6.1,6.1,18.7,18,19.2,16.3,21.7,29.9,18.4,10.1,8,--,3.1,0.8,5.7,0.5,0.7,0.6,0.6,1.5,4.3,4.4,5.7,8.7,11.5,15,9.5,7.9,1,--
2012,RR,Urbana,Privada,98.3,99.3,96.9,99.6,98.8,99,99.5,99.3,95.8,96.7,97.2,97.6,90.1,87.4,90.7,93.1,--,--,1.6,0.7,3,0,1.2,1,0.5,0.7,4.2,3.1,2.6,2.4,9.8,12.6,9.3,6.6,--,--,0.1,0,0.1,0.4,0,0,0,0,0,0.2,0.2,0,0.1,0,0,0.3,--,--
2012,RR,Urbana,Municipal,94,94.5,72.3,98.9,93.7,92.1,93.4,93.9,71.7,66.5,84,70.4,--,--,--,--,--,--,5.4,5,24.3,0.6,5.7,7.5,6.3,5.3,25.6,29.9,11,25.9,--,--,--,--,--,--,0.6,0.5,3.4,0.5,0.6,0.4,0.3,0.8,2.7,3.6,5,3.7,--,--,--,--,--,--
2012,RR,Urbana,Federal,97.5,100,96,100,100,100,100,100,97.8,98.2,93.9,93.6,92.4,91.2,94.2,94,89.9,--,2.5,0,4,0,0,0,0,0,2.2,1.8,6.1,6.4,6,4.4,5.8,6,8.9,--,0,0,0,0,0,0,0,0,0,0,0,0,1.6,4.4,0,0,1.2,--
2012,RR,Urbana,Estadual,79.3,92,76.2,99.2,92.4,91.8,93,89.7,77,77.7,74.9,74.9,65.3,53.8,70.8,81.2,91.8,--,15.7,6.4,18.1,0.3,6.5,7.1,5.8,7.4,18.6,17.9,19.4,16.4,22.6,30.9,19.1,10.3,7.5,--,5,1.6,5.7,0.5,1.1,1.1,1.2,2.9,4.4,4.4,5.7,8.7,12.1,15.3,10.1,8.5,0.7,--
2012,PA,Total,Total,83.4,86,79.6,95.6,91.9,79.8,82.4,83.4,75.4,79.2,83.7,82.7,70.7,66.2,73.4,74.1,80,81.3,11.8,10.5,13.7,1,5.3,16.9,13.8,12.3,17.2,13.9,10.2,11.5,12.7,13.8,11.1,12.7,17.8,1.2,4.8,3.5,6.7,3.4,2.8,3.3,3.8,4.3,7.4,6.9,6.1,5.8,16.6,20,15.5,13.2,2.2,17.5
2012,PA,Total,Publico,82.3,85.1,78.2,95.4,91.3,78.6,81.3,82.4,74,77.9,82.4,81.3,68.2,63.9,70.9,71.6,79.5,73.1,12.5,11.2,14.5,1,5.6,17.9,14.6,13,18.1,14.7,10.9,12.3,13.5,14.5,11.9,13.8,18.3,0,5.2,3.7,7.3,3.6,3.1,3.5,4.1,4.6,7.9,7.4,6.7,6.4,18.3,21.6,17.2,14.6,2.2,26.9
2012,PA,Total,Privada,96.6,97.7,95.1,97.7,98.1,97.5,97.7,97.6,95,94.9,95.8,94.6,95.1,93.1,96,96.5,100,82.8,3,1.8,4.6,1.5,1.4,2.2,2,2.2,4.6,4.8,3.9,5,4.2,6,3.4,3.1,0,1.4,0.4,0.5,0.3,0.8,0.5,0.3,0.3,0.2,0.4,0.3,0.3,0.4,0.7,0.9,0.6,0.4,0,15.8
2012,PA,Total,Municipal,83.7,85.1,81,95.3,90.9,79.5,79.7,83.3,76,80.6,85.5,86.1,79.9,74.2,76.5,93.8,--,--,11.4,11.1,11.9,1,6,17.1,16,12.3,16.2,12.1,8.1,7.7,14,16.5,20.6,4.2,--,--,4.9,3.8,7.1,3.7,3.1,3.4,4.3,4.4,7.8,7.3,6.4,6.2,6.1,9.3,2.9,2,--,--
2012,PA,Total,Federal,89.5,95.7,85.2,96.5,99.3,94.6,99,90.6,88.4,83.2,87.5,82.8,79.5,76.6,80.3,86.4,66.1,73.1,10.4,4.2,14.7,3.5,0.7,5.4,1,9,11.6,16.5,12.5,17.2,16,17,15.9,11,31.1,0,0.1,0.1,0.1,0,0,0,0,0.4,0,0.3,0,0,4.5,6.4,3.8,2.6,2.8,26.9
2012,PA,Total,Estadual,75.7,84.8,71.2,97,97,70.3,96.7,77,68,71.1,75.4,71.4,68,63.7,70.8,71.4,92,--,17.9,11.5,21,0.4,0.9,24.8,1.3,17.8,23.7,21,17.3,21.5,13.5,14.5,11.9,13.8,6.3,--,6.4,3.7,7.8,2.6,2.1,4.9,2,5.2,8.3,7.9,7.3,7.1,18.5,21.8,17.3,14.8,1.7,--
2012,PA,Rural,Total,82,82.3,81.3,93.8,89.5,77.5,75.8,79.4,75.8,82.1,85.1,86.4,72.8,68.7,74.2,77,100,94.1,11.7,12.6,10,1.3,6.4,17.9,18.4,14.2,14.3,9.7,6.7,6.1,9.8,10.9,9.2,8.8,0,0,6.3,5.1,8.7,4.9,4.1,4.6,5.8,6.4,9.9,8.2,8.2,7.5,17.4,20.4,16.6,14.2,0,5.9
2012,PA,Rural,Publico,81.9,82.3,81.3,93.8,89.4,77.6,75.8,79.3,75.8,82.1,85.1,86.3,72.3,68.4,73.8,76.7,100,73.1,11.7,12.6,10,1.3,6.4,17.9,18.4,14.2,14.3,9.7,6.7,6.2,9.9,11,9.3,9,0,0,6.4,5.1,8.7,4.9,4.2,4.5,5.8,6.5,9.9,8.2,8.2,7.5,17.8,20.6,16.9,14.3,0,26.9
2012,PA,Rural,Privada,88,85.9,92.6,97.6,98.4,71.7,82.6,86.8,91,96.1,95.6,89.9,91.8,87.2,91.2,93.5,--,100,10.2,12.9,4.4,2.4,1.6,26.1,14.8,12.1,6.2,1.9,4.4,4.2,2.7,4.1,4.1,0.7,--,0,1.8,1.2,3,0,0,2.2,2.6,1.1,2.8,2,0,5.9,5.5,8.7,4.7,5.8,--,0
2012,PA,Rural,Municipal,82.1,82.3,81.8,93.8,89.4,77.7,75.4,79.6,75.9,82.5,85.8,87.9,100,100,--,100,--,--,11.6,12.5,9.4,1.3,6.4,17.8,18.7,14,13.9,9.1,6,4.7,0,0,--,0,--,--,6.3,5.2,8.8,4.9,4.2,4.5,5.9,6.4,10.2,8.4,8.2,7.4,0,0,--,0,--,--
2012,PA,Rural,Federal,--,--,--,--,--,--,--,--,--,--,--,--,87.1,--,--,92,--,73.1,--,--,--,--,--,--,--,--,--,--,--,--,1,--,--,1.3,--,0,--,--,--,--,--,--,--,--,--,--,--,--,11.9,--,--,6.7,--,26.9
2012,PA,Rural,Estadual,78.9,81.5,78.2,96.3,93.7,70.4,92.5,72.3,74.7,79.3,81,78.5,72.2,68.3,73.8,76.4,100,--,14,13.8,14.1,1.2,3.9,23.6,4.5,21.2,17.2,13.6,10.9,13.9,10,11,9.3,9.1,0,--,7.1,4.7,7.7,2.5,2.4,6,3,6.5,8.1,7.1,8.1,7.6,17.8,20.7,16.9,14.5,0,--
2012,PA,Urbana,Total,84.2,88.4,79,96.7,93.4,81.3,87.1,85.8,75.3,78.1,83.2,81.5,70.5,66,73.3,73.9,79.3,51.9,11.8,9.1,15.1,0.8,4.5,16.2,10.5,11.2,18.4,15.6,11.6,13.3,12.9,14.1,11.2,13,18.4,3.8,4,2.5,5.9,2.5,2.1,2.5,2.4,3,6.3,6.3,5.2,5.2,16.6,19.9,15.5,13.1,2.3,44.3
2012,PA,Urbana,Publico,82.6,87.1,76.9,96.5,92.7,79.4,85.8,84.4,73.1,76,81.3,79.3,67.8,63.4,70.6,71.1,78.7,--,13,10.1,16.5,0.7,5,17.8,11.6,12.3,19.9,16.9,12.7,14.6,13.9,14.9,12.2,14.2,19,--,4.4,2.8,6.6,2.8,2.3,2.8,2.6,3.3,7,7.1,6,6.1,18.3,21.7,17.2,14.7,2.3,--
2012,PA,Urbana,Privada,96.7,97.9,95.1,97.7,98.1,98,97.9,97.8,95,94.9,95.8,94.7,95.1,93.2,96.1,96.5,100,51.9,3,1.7,4.6,1.5,1.4,1.6,1.8,2,4.6,4.8,3.9,5,4.3,6.1,3.4,3.1,0,3.8,0.3,0.4,0.3,0.8,0.5,0.4,0.3,0.2,0.4,0.3,0.3,0.3,0.6,0.7,0.5,0.4,0,44.3
2012,PA,Urbana,Municipal,84.9,87.4,80.6,96.4,92.1,81,83.7,86.1,76,79.4,85.3,85.2,67.9,60.3,76.5,80,--,--,11.2,9.9,13.4,0.8,5.6,16.5,13.6,11,17.6,14,9.3,9.4,22.3,25.4,20.6,13.3,--,--,3.9,2.7,6,2.8,2.3,2.5,2.7,2.9,6.4,6.6,5.4,5.4,9.8,14.3,2.9,6.7,--,--
2012,PA,Urbana,Federal,89.5,95.7,85.2,96.5,99.3,94.6,99,90.6,88.4,83.2,87.5,82.8,79.3,76.6,80.3,85.9,66.1,--,10.4,4.2,14.7,3.5,0.7,5.4,1,9,11.6,16.5,12.5,17.2,16.4,17,15.9,11.7,31.1,--,0.1,0.1,0.1,0,0,0,0,0.4,0,0.3,0,0,4.3,6.4,3.8,2.4,2.8,--
2012,PA,Urbana,Estadual,75.3,85.1,70.1,97,97.3,70.3,97.1,77.5,66.9,69.7,74.4,70.2,67.6,63.3,70.5,70.9,91.5,--,18.4,11.3,22.2,0.3,0.6,24.9,0.9,17.5,24.8,22.3,18.4,22.7,13.8,14.9,12.1,14.2,6.8,--,6.3,3.6,7.7,2.7,2.1,4.8,2,5,8.3,8,7.2,7.1,18.6,21.8,17.4,14.9,1.7,--
2012,AP,Total,Total,86.4,89.6,82.3,97.2,96.8,84,85.3,86.7,77.9,82.2,85.2,85.6,68.5,63.2,72.5,72.1,88.5,--,10.1,8.3,12.4,0.7,1.3,14.1,12.4,11,16.3,12.8,10,8.7,13.8,15.5,12.7,12.4,5.3,--,3.5,2.1,5.3,2.1,1.9,1.9,2.3,2.3,5.8,5,4.8,5.7,17.7,21.3,14.8,15.5,6.2,--
2012,AP,Total,Publico,85.5,88.9,81,97,96.6,83,84.3,85.8,76.6,81.1,84,84.2,65.9,60.8,69.8,69.2,89,--,10.8,8.9,13.2,0.8,1.4,15,13.3,11.7,17.2,13.5,10.7,9.5,14.8,16.4,13.9,13.5,5.5,--,3.7,2.2,5.8,2.2,2,2,2.4,2.5,6.2,5.4,5.3,6.3,19.3,22.8,16.3,17.3,5.5,--
2012,AP,Total,Privada,98.1,98.7,97.4,99,99.1,98.2,97.9,99.1,97,96.5,97.5,98.6,95.9,94,97.2,96.9,76.9,--,1.7,1,2.5,0.2,0.4,1.7,1.8,0.9,2.9,3.5,2.5,1.3,3.1,4.4,2.1,2.6,0,--,0.2,0.3,0.1,0.8,0.5,0.1,0.3,0,0.1,0,0,0.1,1,1.6,0.7,0.5,23.1,--
2012,AP,Total,Municipal,89.5,90.4,80.8,97.2,97.1,84.1,88.7,84.3,73,80,86,88.4,--,--,--,--,--,--,8.4,7.8,13.5,0.8,1.3,14.2,9.7,13.6,21.1,14.3,8.3,6.3,--,--,--,--,--,--,2.1,1.8,5.7,2,1.6,1.7,1.6,2.1,5.9,5.7,5.7,5.3,--,--,--,--,--,--
2012,AP,Total,Federal,--,--,--,--,--,--,--,--,--,--,--,--,81.2,74.5,89.4,--,--,--,--,--,--,--,--,--,--,--,--,--,--,--,16,20.6,10.6,--,--,--,--,--,--,--,--,--,--,--,--,--,--,--,2.8,4.9,0,--,--,--
2012,AP,Total,Estadual,83.6,87.3,81,96.8,96.1,81.7,80.1,86.8,76.9,81.2,83.9,83.9,65.6,60.5,69.2,69.2,89,--,11.9,10,13.2,0.7,1.5,15.9,16.7,10.4,16.9,13.5,10.9,9.7,14.8,16.3,13.9,13.5,5.5,--,4.5,2.7,5.8,2.5,2.4,2.4,3.2,2.8,6.2,5.3,5.2,6.4,19.6,23.2,16.9,17.3,5.5,--
2012,AP,Rural,Total,85.4,86.8,82.6,96.9,96.3,80.5,81.5,83,79.3,83.7,85.2,83.3,75.7,69.1,78.4,83.9,76.9,--,10,10.6,8.9,0.8,1.6,16.9,15.5,14.2,13,8.5,6.5,5.7,6,7.5,5.7,3.8,0,--,4.6,2.6,8.5,2.3,2.1,2.6,3,2.8,7.7,7.8,8.3,11,18.3,23.4,15.9,12.3,23.1,--
2012,AP,Rural,Publico,85.4,86.8,82.5,96.9,96.3,80.5,81.5,83,79.5,83.6,85,83.1,74.6,68,77.2,83,--,--,10,10.6,8.8,0.8,1.6,16.9,15.5,14.2,12.7,8.5,6.5,5.5,6.3,7.9,5.9,4.1,--,--,4.6,2.6,8.7,2.3,2.1,2.6,3,2.8,7.8,7.9,8.5,11.4,19.1,24.1,16.9,12.9,--,--
2012,AP,Rural,Privada,86.2,--,86.2,--,--,--,--,--,70.7,97,92.6,89.7,87.5,82.3,90.5,94,76.9,--,12.8,--,12.8,--,--,--,--,--,27.6,3,5.6,10.3,2.8,3.5,4.2,0,0,--,1,--,1,--,--,--,--,--,1.7,0,1.8,0,9.7,14.2,5.3,6,23.1,--
2012,AP,Rural,Municipal,89.4,89.8,85.1,97.6,97.8,81.5,87.6,85.1,86.2,83.5,86.1,84.4,--,--,--,--,--,--,8.3,8.6,5.1,0.9,1.7,16.8,10.4,12.5,6.1,5.9,3.5,4.2,--,--,--,--,--,--,2.3,1.6,9.8,1.5,0.5,1.7,2,2.4,7.7,10.6,10.4,11.4,--,--,--,--,--,--
2012,AP,Rural,Estadual,83.8,84.9,82.3,96.3,95.4,79.9,78,82,78.9,83.6,84.9,83,74.6,68,77.2,83,--,--,10.7,11.9,9.1,0.7,1.5,16.9,18.5,15,13.2,8.7,6.7,5.6,6.3,7.9,5.9,4.1,--,--,5.5,3.2,8.6,3,3.1,3.2,3.5,3,7.9,7.7,8.4,11.4,19.1,24.1,16.9,12.9,--,--
2012,AP,Urbana,Total,86.7,90.4,82.2,97.3,96.9,85.1,86.5,87.7,77.6,82,85.2,85.9,67.8,62.6,71.9,71,89,--,10.1,7.6,13,0.7,1.2,13.3,11.5,10.1,16.9,13.5,10.6,9.2,14.6,16.3,13.5,13.2,5.5,--,3.2,2,4.8,2,1.9,1.6,2,2.2,5.5,4.5,4.2,4.9,17.6,21.1,14.6,15.8,5.5,--
2012,AP,Urbana,Publico,85.5,89.5,80.7,97.1,96.7,83.8,85.3,86.7,76,80.7,83.8,84.4,64.9,60,68.9,67.8,89,--,10.9,8.4,14,0.8,1.3,14.4,12.5,10.9,18.1,14.4,11.5,10.1,15.7,17.2,14.8,14.5,5.5,--,3.6,2.1,5.3,2.1,2,1.8,2.2,2.4,5.9,4.9,4.7,5.5,19.4,22.8,16.3,17.7,5.5,--
2012,AP,Urbana,Privada,98.3,98.7,97.9,99,99.1,98.2,97.9,99.1,98.4,96.5,97.7,99.1,96.7,95.3,97.9,97.1,--,--,1.5,1,2.1,0.2,0.4,1.7,1.8,0.9,1.6,3.5,2.3,0.8,3.1,4.5,1.9,2.8,--,--,0.2,0.3,0,0.8,0.5,0.1,0.3,0,0,0,0,0.1,0.2,0.2,0.2,0.1,--,--
2012,AP,Urbana,Municipal,89.5,90.6,80,97.1,97,84.7,89,84.1,70.6,79.4,86,89,--,--,--,--,--,--,8.4,7.6,15,0.8,1.2,13.7,9.6,13.9,23.9,15.8,9.2,6.6,--,--,--,--,--,--,2.1,1.8,5,2.1,1.8,1.6,1.4,2,5.5,4.8,4.8,4.4,--,--,--,--,--,--
2012,AP,Urbana,Federal,--,--,--,--,--,--,--,--,--,--,--,--,81.2,74.5,89.4,--,--,--,--,--,--,--,--,--,--,--,--,--,--,--,16,20.6,10.6,--,--,--,--,--,--,--,--,--,--,--,--,--,--,--,2.8,4.9,0,--,--,--
2012,AP,Urbana,Estadual,83.5,88.3,80.8,97,96.4,82.6,81,88.7,76.5,80.8,83.7,84,64.6,59.7,68.3,67.8,89,--,12.2,9.3,13.9,0.7,1.5,15.4,15.9,8.6,17.6,14.3,11.6,10.4,15.7,17.2,14.9,14.5,5.5,--,4.3,2.4,5.3,2.3,2.1,2,3.1,2.7,5.9,4.9,4.7,5.6,19.7,23.1,16.8,17.7,5.5,--
2012,TO,Total,Total,89.3,93.5,84.4,98.8,96.7,89.9,91.1,91.7,81.7,83.6,85.1,87.5,80,73.5,81.5,88.3,92.5,100,9,5.7,12.9,0.4,2.6,9.5,8,7.3,15.7,13.5,12,9.6,12.8,17.1,11.8,7.4,1.9,0,1.7,0.8,2.7,0.8,0.7,0.6,0.9,1,2.6,2.9,2.9,2.9,7.2,9.4,6.7,4.3,5.6,0
2012,TO,Total,Publico,88.8,93.1,83.8,98.9,96.5,89.2,90.6,91.3,81,83,84.6,87.2,79.4,72.8,80.9,87.7,92.5,100,9.4,6.1,13.3,0.3,2.8,10.1,8.5,7.6,16.3,14,12.3,9.7,13,17.3,12,7.6,1.9,0,1.8,0.8,2.9,0.8,0.7,0.7,0.9,1.1,2.7,3,3.1,3.1,7.6,9.9,7.1,4.7,5.6,0
2012,TO,Total,Privada,96.5,98.3,93.5,98.5,98.9,98,98.6,97.4,94.7,94.3,93.2,91.7,90,84.9,91.2,95.9,--,--,3.2,1.4,6.3,0.8,0.7,1.9,1.3,2.4,5.2,5.7,6.5,8.1,9,13.5,8.1,3.6,--,--,0.3,0.3,0.2,0.7,0.4,0.1,0.1,0.2,0.1,0,0.3,0.2,1,1.6,0.7,0.5,--,--
2012,TO,Total,Municipal,91.3,93.3,86,99,95.5,89,90.9,91.5,80.8,84.7,88.7,92,75.5,70,79.6,--,--,--,7.3,5.9,11.2,0.3,3.8,10.3,8.3,7.5,16.5,12.1,8.8,5,18.1,22.5,14.8,--,--,--,1.4,0.8,2.8,0.7,0.7,0.7,0.8,1,2.7,3.2,2.5,3,6.4,7.5,5.6,--,--,--
2012,TO,Total,Federal,--,--,--,--,--,--,--,--,--,--,--,--,83.6,72.5,89.8,96.7,86.7,--,--,--,--,--,--,--,--,--,--,--,--,--,12.8,22.8,8.1,1.9,2.2,--,--,--,--,--,--,--,--,--,--,--,--,--,3.6,4.7,2.1,1.4,11.1,--
2012,TO,Total,Estadual,86.5,92.6,83,98.4,98.8,89.5,90,91.1,81.1,82.3,83.2,85.7,79.3,72.8,80.8,87.6,94,100,11.3,6.4,14,0.6,0.6,9.9,8.9,7.7,16.2,14.7,13.6,11.3,13,17.2,12,7.7,1.8,0,2.2,1,3,1,0.6,0.6,1.1,1.2,2.7,3,3.2,3,7.7,10,7.2,4.7,4.2,0
2012,TO,Rural,Total,87,89.1,83.6,96.5,92,85.4,86.7,86.7,77.2,82.7,87.3,89.4,84.8,79,84.8,93.2,96.9,100,9.3,8.3,10.9,1.4,5.9,12.4,10.4,10,17.2,11,7.9,5.7,8.5,12.1,8.4,3.7,0,0,3.7,2.6,5.5,2.1,2.1,2.2,2.9,3.3,5.6,6.3,4.8,4.9,6.7,8.9,6.8,3.1,3.1,0
2012,TO,Rural,Publico,86.9,89,83.4,96.5,91.9,85.2,86.5,86.4,76.9,82.5,87.1,89.3,83.8,78,83.6,92.5,96.9,100,9.4,8.4,11,1.4,6,12.5,10.6,10.2,17.4,11.1,7.9,5.6,9.1,12.7,9,4.1,0,0,3.7,2.6,5.6,2.1,2.1,2.3,2.9,3.4,5.7,6.4,5,5.1,7.1,9.3,7.4,3.4,3.1,0
2012,TO,Rural,Privada,95,97,93.1,100,100,93.5,96.2,98.8,90,93.8,95.1,93.8,98.9,98.7,98.1,100,--,--,5,3,6.9,0,0,6.5,3.8,1.2,10,6.2,4.9,6.2,1.1,1.3,1.9,0,--,--,0,0,0,0,0,0,0,0,0,0,0,0,0,0,0,0,--,--
2012,TO,Rural,Municipal,89,90.5,86,97.9,92.1,85.6,88.6,89,77.9,85.9,90.3,93,75.5,70,79.6,--,--,--,8.8,8.1,10.4,0.8,6.4,12.8,10.2,9.2,18.3,10.1,6.8,3.6,18.1,22.5,14.8,--,--,--,2.2,1.4,3.6,1.3,1.5,1.6,1.2,1.8,3.8,4,2.9,3.4,6.4,7.5,5.6,--,--,--
2012,TO,Rural,Federal,--,--,--,--,--,--,--,--,--,--,--,--,85.9,75.6,88.8,98.2,--,--,--,--,--,--,--,--,--,--,--,--,--,--,12.8,23.2,8.9,1.2,--,--,--,--,--,--,--,--,--,--,--,--,--,--,1.3,1.2,2.3,0.6,--,--
2012,TO,Rural,Estadual,81.3,83.5,79.4,88.8,90.6,84,80.1,78.4,75.4,76.8,82.3,84,83.6,78.8,82.9,91.2,96.9,100,10.9,9.7,11.9,4.6,4,11.5,11.7,13.2,15.8,12.7,9.6,8.6,8.1,10.1,8.7,4.8,0,0,7.8,6.8,8.7,6.6,5.4,4.5,8.2,8.4,8.8,10.5,8.1,7.4,8.3,11.1,8.4,4,3.1,0
2012,TO,Urbana,Total,89.7,94.3,84.5,99.3,97.7,90.7,92,92.7,82.4,83.8,84.8,87.2,79.7,73.2,81.3,88,90.6,--,8.9,5.2,13.1,0.2,2,8.9,7.5,6.7,15.5,13.9,12.5,10.2,13,17.4,12,7.6,2.7,--,1.4,0.5,2.4,0.5,0.3,0.4,0.5,0.6,2.1,2.3,2.7,2.6,7.3,9.4,6.7,4.4,6.7,--
2012,TO,Urbana,Publico,89.1,93.9,83.9,99.4,97.5,90,91.4,92.4,81.6,83.1,84.3,87,79.1,72.5,80.7,87.5,90.6,--,9.4,5.6,13.6,0.1,2.1,9.6,8.1,7.1,16.2,14.4,12.9,10.3,13.3,17.6,12.2,7.8,2.7,--,1.5,0.5,2.5,0.5,0.4,0.4,0.5,0.5,2.2,2.5,2.8,2.7,7.6,9.9,7.1,4.7,6.7,--
2012,TO,Urbana,Privada,96.6,98.4,93.5,98.5,98.9,98.2,98.7,97.4,94.9,94.3,93.1,91.6,89.3,84.2,90.7,95.5,--,--,3.1,1.3,6.3,0.8,0.7,1.7,1.2,2.5,5,5.6,6.6,8.2,9.6,14.1,8.6,4,--,--,0.3,0.3,0.2,0.7,0.4,0.1,0.1,0.1,0.1,0.1,0.3,0.2,1.1,1.7,0.7,0.5,--,--
2012,TO,Urbana,Municipal,92,94.1,86,99.3,96.4,89.9,91.6,92.3,81.9,84.2,88.1,91.6,--,--,--,--,--,--,6.9,5.4,11.5,0.2,3.1,9.6,7.7,7,15.8,13,9.6,5.6,--,--,--,--,--,--,1.1,0.5,2.5,0.5,0.5,0.5,0.7,0.7,2.3,2.8,2.3,2.8,--,--,--,--,--,--
2012,TO,Urbana,Federal,--,--,--,--,--,--,--,--,--,--,--,--,79.6,67.3,92.2,91.3,86.7,--,--,--,--,--,--,--,--,--,--,--,--,--,12.9,22,6.5,4.3,2.2,--,--,--,--,--,--,--,--,--,--,--,--,--,7.5,10.7,1.3,4.4,11.1,--
2012,TO,Urbana,Estadual,87,93.7,83.3,99.7,99.7,90.1,91.2,92.5,81.6,82.8,83.3,85.8,79.1,72.5,80.6,87.4,92.3,--,11.3,6.1,14.2,0,0.2,9.7,8.5,7.1,16.3,14.8,13.9,11.4,13.3,17.6,12.2,7.8,2.9,--,1.7,0.2,2.5,0.3,0.1,0.2,0.3,0.4,2.1,2.4,2.8,2.8,7.6,9.9,7.2,4.8,4.8,--
2012,MA,Total,Total,87.3,90.4,83.4,96.6,93.9,87.7,87.7,87.4,79.5,82.4,85.7,87.9,76.5,70.4,77.1,84.6,90.5,85.9,9,7.2,11.3,1.1,4,10.1,9.8,9.6,15.3,12.3,9.1,6.6,11.5,15.5,11,6.4,0.7,7.3,3.7,2.4,5.3,2.3,2.1,2.2,2.5,3,5.2,5.3,5.2,5.5,12,14.1,11.9,9,8.8,6.8
2012,MA,Total,Publico,86.5,89.6,82.6,96.3,93.4,86.7,86.8,86.6,78.5,81.5,85,87.4,75.1,69.1,75.7,83.4,89.7,87.6,9.6,7.8,11.7,1.2,4.3,10.9,10.5,10.2,15.9,12.7,9.4,6.7,12,15.9,11.5,6.8,1,8.5,3.9,2.6,5.7,2.5,2.3,2.4,2.7,3.2,5.6,5.8,5.6,5.9,12.9,15,12.8,9.8,9.3,3.9
2012,MA,Total,Privada,96.7,98,94.5,98.5,98.2,97.8,97.9,97.5,94.3,94.2,95,94.4,93.1,89.5,93.6,96.6,92.2,78.5,2.9,1.5,5.3,0.9,1.4,1.8,1.7,2,5.3,5.5,4.8,5.3,5.3,9.2,5.1,2.1,0.1,2.5,0.4,0.5,0.2,0.6,0.4,0.4,0.4,0.5,0.4,0.3,0.2,0.3,1.6,1.3,1.3,1.3,7.7,19
2012,MA,Total,Municipal,86.5,89.7,82.1,96.5,93.6,86.8,86.9,86.6,77.9,81,84.8,87.3,75.2,63,75.1,82.3,89.3,--,9.4,7.7,11.7,1,4.2,10.8,10.5,10.3,16.2,12.8,8.9,6,3.4,5,4,2.1,1.2,--,4.1,2.6,6.2,2.5,2.2,2.4,2.6,3.1,5.9,6.2,6.3,6.7,21.4,32,20.9,15.6,9.5,--
2012,MA,Total,Federal,91.6,95.2,90.6,100,100,90.9,85.7,96.7,98.4,98.6,91.2,78.2,90.5,90.3,91.6,90.7,--,87.9,7.6,2.4,9.1,0,0,9.1,0,1.7,1.6,1.4,8.8,20.7,5.2,4.9,4,5.1,--,8.6,0.8,2.4,0.3,0,0,0,14.3,1.6,0,0,0,1.1,4.3,4.8,4.4,4.2,--,3.5
2012,MA,Total,Estadual,85.6,86.8,85.2,88.5,89.6,84.7,85.1,87.7,82.3,84.4,85.8,87.9,74.8,68.9,75.4,83.3,92.6,69.2,11.2,9.8,11.7,7.8,6.9,12.2,11.3,8.9,14.4,12.7,11.3,9,12.4,16.4,11.8,7,0,0,3.2,3.4,3.1,3.7,3.5,3.1,3.6,3.4,3.3,2.9,2.9,3.1,12.8,14.7,12.8,9.7,7.4,30.8
2012,MA,Rural,Total,86.6,89.2,82.4,95.7,93,87.5,86.2,85.5,77.7,82.2,85.2,87.7,76.6,71.9,77.5,83.2,89.4,91.1,9,7.9,10.7,1.6,4.6,10,10.9,10.8,15.7,11.3,7.5,4.8,7.9,10.3,7.4,4.6,0,4.1,4.4,2.9,6.9,2.7,2.4,2.5,2.9,3.7,6.6,6.5,7.3,7.5,15.5,17.8,15.1,12.2,10.6,4.8
2012,MA,Rural,Publico,86.5,89.1,82.4,95.7,92.9,87.3,86.1,85.4,77.6,82.1,85.2,87.7,76.4,71.7,77.3,83.1,89.4,91.1,9.1,8,10.7,1.6,4.6,10.1,11,10.8,15.8,11.4,7.5,4.8,7.9,10.3,7.4,4.6,0,4.1,4.4,2.9,6.9,2.7,2.5,2.6,2.9,3.8,6.6,6.5,7.3,7.5,15.7,18,15.3,12.3,10.6,4.8
2012,MA,Rural,Privada,96.9,98.1,93.8,98,97.2,98.3,99.3,98.1,94.8,93.5,94.7,91.4,92.4,90.1,93.1,95.6,--,--,2.7,1.4,6,1.1,2,1.5,0.4,1.9,5.2,6.5,5,8.1,7.3,9.4,6.9,4.4,--,--,0.4,0.5,0.2,0.9,0.8,0.2,0.3,0,0,0,0.3,0.5,0.3,0.5,0,0,--,--
2012,MA,Rural,Municipal,86.7,89.5,82.4,96.2,93.5,87.6,86.4,85.6,77.5,82.2,85.3,87.8,80.2,75.4,77.7,86.4,89.4,--,8.9,7.8,10.7,1.3,4.2,10,10.8,10.8,16,11.3,7.4,4.5,3.9,4.1,7.2,1.4,0,--,4.4,2.7,6.9,2.5,2.3,2.4,2.8,3.6,6.5,6.5,7.3,7.7,15.9,20.5,15.1,12.2,10.6,--
2012,MA,Rural,Federal,89.5,93.9,86,100,100,90.9,85.7,100,87.5,87.5,82.4,90,83.5,80.1,86.3,82.8,--,92.4,9.2,3,14,0,0,9.1,0,0,12.5,12.5,17.6,10,8.8,11.5,5.4,10.1,--,4.2,1.3,3.1,0,0,0,0,14.3,0,0,0,0,0,7.7,8.4,8.3,7.1,--,3.4
2012,MA,Rural,Estadual,79.8,78.7,81.1,68.9,79.4,81.3,78,79.5,78.7,79.3,83.5,84.9,75.9,71.2,77,82.9,--,60,12.7,14.4,10.8,22.8,14.3,13.1,14.9,12.3,11.5,12.2,9.9,8.8,8.1,10.6,7.5,4.5,--,0,7.5,6.9,8.1,8.3,6.3,5.6,7.1,8.2,9.8,8.5,6.6,6.3,16,18.2,15.5,12.6,--,40
2012,MA,Urbana,Total,87.8,91.2,83.9,97.2,94.6,87.9,88.9,88.9,80.6,82.5,85.9,88,76.5,70.1,77,84.8,90.7,85,9,6.7,11.6,0.8,3.6,10.1,8.9,8.8,15,12.8,9.9,7.5,12.1,16.4,11.6,6.7,0.8,7.9,3.2,2.1,4.5,2,1.8,2,2.2,2.3,4.4,4.7,4.2,4.5,11.4,13.5,11.4,8.5,8.5,7.1
2012,MA,Urbana,Publico,86.4,90,82.8,96.9,93.8,86.2,87.5,87.7,79.1,81.2,84.9,87.2,74.9,68.7,75.4,83.5,89.7,86.8,9.9,7.6,12.3,0.8,4,11.6,10.1,9.7,16,13.6,10.5,7.7,12.7,16.9,12.2,7.2,1.2,9.4,3.7,2.4,4.9,2.3,2.2,2.2,2.4,2.6,4.9,5.2,4.6,5.1,12.4,14.4,12.4,9.3,9.1,3.8
2012,MA,Urbana,Privada,96.7,98,94.5,98.6,98.3,97.8,97.8,97.5,94.3,94.3,95,94.5,93.1,89.5,93.6,96.7,92.2,78.5,2.9,1.5,5.2,0.9,1.3,1.8,1.8,2,5.3,5.5,4.8,5.2,5.3,9.2,5.1,2,0.1,2.5,0.4,0.5,0.3,0.5,0.4,0.4,0.4,0.5,0.4,0.2,0.2,0.3,1.6,1.3,1.3,1.3,7.7,19
2012,MA,Urbana,Municipal,86.4,89.9,81.8,96.8,93.6,86.2,87.4,87.4,78.3,80.2,84.4,86.9,73.2,57.5,73.9,80.6,89.3,--,9.7,7.6,12.5,0.8,4.2,11.5,10.1,9.9,16.3,13.8,10.1,7.1,3.2,5.3,2.5,2.3,1.4,--,3.9,2.5,5.7,2.4,2.2,2.3,2.5,2.7,5.4,6,5.5,6,23.6,37.2,23.6,17.1,9.3,--
2012,MA,Urbana,Federal,92.2,96.1,91.4,--,--,--,--,96.1,100,100,94.1,76.6,93.1,94.7,93.6,94.2,--,87,7.1,2,8.2,--,--,--,--,2,0,0,5.9,22.1,3.8,2.1,3.4,2.8,--,9.5,0.7,1.9,0.4,--,--,--,--,1.9,0,0,0,1.3,3.1,3.2,3,3,--,3.5
2012,MA,Urbana,Estadual,86.8,90.8,85.7,98.4,97.4,86.5,88.7,90.5,82.9,85.1,86,88.1,74.6,68.5,75.2,83.4,92.6,75,10.9,7.5,11.8,0.2,1.2,11.8,9.5,7.8,14.9,12.8,11.4,9,13.1,17.4,12.5,7.4,0,0,2.3,1.7,2.5,1.4,1.4,1.7,1.8,1.7,2.2,2.1,2.6,2.9,12.3,14.1,12.3,9.2,7.4,25
2012,PI,Total,Total,83,85.2,80.1,91.6,87.2,81.2,83.3,84.2,72.7,79.6,84,88.1,74.8,66.2,76.8,84.3,91.6,75.6,13.5,12.4,14.8,6.3,10.7,16.6,14.3,12.9,21.7,15.3,11.2,7.4,8.3,12.4,7.2,3.9,3.5,2.9,3.5,2.4,5.1,2.1,2.1,2.2,2.4,2.9,5.6,5.1,4.8,4.5,16.9,21.4,16,11.8,4.9,21.5
2012,PI,Total,Publico,81.5,83.8,78.7,90.8,85.9,79.4,81.7,82.9,70.8,78.2,83,87.5,72.6,63.8,74.8,82.5,91.3,69.9,14.5,13.6,15.7,6.8,11.8,18.2,15.6,13.9,23.1,16.2,11.6,7.4,8.5,12.5,7.1,4.2,3.6,3.6,4,2.6,5.6,2.4,2.3,2.4,2.7,3.2,6.1,5.6,5.4,5.1,18.9,23.7,18.1,13.3,5.1,26.5
2012,PI,Total,Privada,95,97.1,92.4,97,97.6,97.4,97,96.4,92.7,92.4,91.9,92.6,92,88,91.4,97.2,100,100,4.7,2.7,7.3,2.6,2.2,2.4,2.8,3.5,7,7.4,7.8,7.1,7.2,11.2,7.9,1.8,0,0,0.3,0.2,0.3,0.4,0.2,0.2,0.2,0.1,0.3,0.2,0.3,0.3,0.8,0.8,0.7,1,0,0
2012,PI,Total,Municipal,82,83.9,78.9,90.7,86.2,79.3,81.7,82.8,70.8,78.7,83.5,88.6,76.9,69.6,80.7,81.5,97.1,--,14.4,13.6,15.7,6.9,11.6,18.5,15.8,14.1,23.2,15.9,11.3,6.5,4.5,8.1,2.5,1.7,0,--,3.6,2.5,5.4,2.4,2.2,2.2,2.5,3.1,6,5.4,5.2,4.9,18.6,22.3,16.8,16.8,2.9,--
2012,PI,Total,Federal,94.7,94.7,--,94.7,--,--,--,--,--,--,--,--,82.6,76.7,83.7,90.9,83.3,66.7,5.3,5.3,--,5.3,--,--,--,--,--,--,--,--,12.5,17.7,12,5.7,10.2,15.4,0,0,--,0,--,--,--,--,--,--,--,--,4.9,5.6,4.3,3.4,6.5,17.9
2012,PI,Total,Estadual,79.5,82.7,78,94.4,81.4,80.3,82.2,83.7,70.6,76.9,81.6,85,72.4,63.5,74.6,82.4,92.8,70.4,15.2,13.9,15.8,2.3,14.8,16.2,14.5,12.8,22.7,16.9,12.3,9.4,8.4,12.5,7.1,4.2,2.3,1.9,5.3,3.4,6.2,3.3,3.8,3.5,3.3,3.5,6.7,6.2,6.1,5.6,19.2,24,18.3,13.4,4.9,27.7
2012,PI,Rural,Total,81.9,82.7,80.3,88.3,84.4,79.7,79.5,83.1,72.2,81.2,85.2,88.3,76.9,69.6,76.1,86,96.7,--,14,14.6,13,9,13.5,18,17.7,13.4,20.7,12.3,8.2,5,4.7,7.2,4,2.4,0.7,--,4.1,2.7,6.7,2.7,2.1,2.3,2.8,3.5,7.1,6.5,6.6,6.7,18.4,23.2,19.9,11.6,2.6,--
2012,PI,Rural,Publico,81.9,82.7,80.2,88.3,84.4,79.7,79.4,83,72.1,81.1,85.1,88.3,76.1,68.8,75.6,85.7,95.5,--,14,14.6,13,9,13.5,18,17.7,13.4,20.7,12.4,8.2,5.1,4.9,7.4,4.1,2.4,1,--,4.1,2.7,6.8,2.7,2.1,2.3,2.9,3.6,7.2,6.5,6.7,6.6,19,23.8,20.3,11.9,3.5,--
2012,PI,Rural,Privada,94.9,94.1,95.7,91.8,90.7,95.8,96.5,95.3,92.2,94.5,98.3,98.3,93.8,93.8,89.6,93.2,100,--,4.2,5.5,2.7,6.1,9.3,4.2,3.5,4.7,4.7,2.7,1.7,1.7,1.4,1,3.1,1.1,0,--,0.9,0.4,1.6,2.1,0,0,0,0,3.1,2.8,0,0,4.8,5.2,7.3,5.7,0,--
2012,PI,Rural,Municipal,81.9,82.7,80.2,88.3,84.4,79.7,79.5,83,72.1,81.3,85.1,88.2,76.5,72.1,75.8,79.5,97.1,--,14,14.6,13,9,13.5,18,17.7,13.4,20.7,12.2,8.3,5.1,2.7,4.1,2,1.6,0,--,4.1,2.7,6.8,2.7,2.1,2.3,2.8,3.6,7.2,6.5,6.6,6.7,20.8,23.8,22.2,18.9,2.9,--
2012,PI,Rural,Federal,--,--,--,--,--,--,--,--,--,--,--,--,80,77.3,75,94.3,--,--,--,--,--,--,--,--,--,--,--,--,--,--,11.2,13.3,13.3,2.9,--,--,--,--,--,--,--,--,--,--,--,--,--,--,8.8,9.4,11.7,2.8,--,--
2012,PI,Rural,Estadual,79.7,75.7,81.6,100,68,67.6,73.6,79.5,73.9,68.6,91.7,96.7,76,68.3,75.6,85.9,95.2,--,16.7,21.5,14.5,0,20,32.4,25.3,17,19.7,25.5,7.5,1.6,4.9,7.5,4,2.4,1.2,--,3.6,2.8,3.9,0,12,0,1.1,3.5,6.4,5.9,0.8,1.7,19.1,24.2,20.4,11.7,3.6,--
2012,PI,Urbana,Total,83.5,86.7,80.1,93.5,88.9,82.1,85.5,84.9,72.9,79.1,83.7,88.1,74.6,66,76.8,84.2,90.8,75.6,13.2,11.2,15.4,4.7,9.1,15.9,12.4,12.5,22.1,16.2,12.1,8,8.5,12.7,7.4,4,3.9,2.9,3.3,2.1,4.5,1.8,2,2,2.1,2.6,5,4.7,4.2,3.9,16.9,21.3,15.8,11.8,5.3,21.5
2012,PI,Urbana,Publico,81.4,84.5,78.1,92.6,87,79.2,83.3,82.9,70.3,77.1,82.2,87.2,72.4,63.5,74.8,82.3,90.8,69.9,14.8,12.9,16.7,5.2,10.6,18.4,14.1,14.1,24,17.6,12.8,8.2,8.7,12.8,7.3,4.3,3.9,3.6,3.8,2.6,5.2,2.2,2.4,2.4,2.6,3,5.7,5.3,5,4.6,18.9,23.7,17.9,13.4,5.3,26.5
2012,PI,Urbana,Privada,95,97.1,92.4,97.1,97.7,97.4,97.1,96.4,92.7,92.3,91.9,92.5,92,87.9,91.4,97.3,--,100,4.7,2.7,7.4,2.6,2.2,2.4,2.8,3.5,7,7.4,7.9,7.2,7.3,11.4,8,1.8,--,0,0.3,0.2,0.2,0.3,0.1,0.2,0.1,0.1,0.3,0.3,0.2,0.3,0.7,0.7,0.6,0.9,--,0
2012,PI,Urbana,Municipal,82.1,84.9,78.1,92.5,87.6,79,83.6,82.6,70.1,77.1,82.6,88.8,77.2,67.3,84.1,82.9,--,--,14.6,12.7,17.2,5.3,10.1,18.9,14.1,14.6,24.7,18.1,13.1,7.3,6,11.7,2.8,1.8,--,--,3.3,2.4,4.7,2.2,2.3,2.1,2.3,2.8,5.2,4.8,4.3,3.9,16.8,21,13.1,15.3,--,--
2012,PI,Urbana,Federal,94.7,94.7,--,94.7,--,--,--,--,--,--,--,--,82.8,76.7,84.4,90.7,83.3,66.7,5.3,5.3,--,5.3,--,--,--,--,--,--,--,--,12.5,18.1,11.9,5.9,10.2,15.4,0,0,--,0,--,--,--,--,--,--,--,--,4.7,5.2,3.7,3.4,6.5,17.9
2012,PI,Urbana,Estadual,79.5,82.7,78,94.4,81.5,80.4,82.3,83.7,70.6,77,81.6,84.9,72.2,63.2,74.5,82.2,92.5,70.4,15.2,13.8,15.8,2.3,14.8,16.1,14.4,12.8,22.7,16.8,12.3,9.5,8.6,12.7,7.3,4.3,2.5,1.9,5.3,3.5,6.2,3.3,3.7,3.5,3.3,3.5,6.7,6.2,6.1,5.6,19.2,24.1,18.2,13.5,5,27.7
2012,CE,Total,Total,90.4,93.1,87.2,96.6,96.2,91.1,90.2,92.3,83.8,86.4,87.9,91.6,83.4,78.6,83.9,89.3,83.1,78.3,7.3,5.7,9.2,2.3,3.1,7.7,8.4,6.4,12.6,10,8.2,5,6.9,9.1,6.6,4.3,4.7,10.7,2.3,1.2,3.6,1.1,0.7,1.2,1.4,1.3,3.6,3.6,3.9,3.4,9.7,12.3,9.5,6.4,12.2,11
2012,CE,Total,Publico,89.2,92.1,85.9,96.9,96,89.5,88.5,91.3,81.8,84.9,86.8,91.2,81.9,76.9,82.4,88,83.1,78.3,8.1,6.5,9.8,1.9,3.2,9.1,9.8,7.1,14,10.9,8.7,4.8,7.2,9.3,6.8,4.6,4.7,10.7,2.7,1.4,4.3,1.2,0.8,1.4,1.7,1.6,4.2,4.2,4.5,4,10.9,13.8,10.8,7.4,12.2,11
2012,CE,Total,Privada,95.7,96.8,94,95.8,96.9,97.4,97.3,96.9,94.4,94,93.9,93.7,94.6,91.7,94.9,97.8,--,--,3.9,2.8,5.6,3.5,2.7,2.2,2.5,2.9,5.2,5.7,5.7,5.9,5,7.7,4.7,1.9,--,--,0.4,0.4,0.4,0.7,0.4,0.4,0.2,0.2,0.4,0.3,0.4,0.4,0.4,0.6,0.4,0.3,--,--
2012,CE,Total,Municipal,89.6,92.1,86.3,96.9,96,89.5,88.6,91.3,82.1,85.3,87.5,92.8,60.7,33.3,53.8,81.1,--,--,7.9,6.5,9.7,1.9,3.2,9.1,9.8,7.1,13.9,10.7,8.4,3.8,1.2,0,0,2.7,--,--,2.5,1.4,4,1.2,0.8,1.4,1.6,1.6,4,4,4.1,3.4,38.1,66.7,46.2,16.2,--,--
2012,CE,Total,Federal,95.7,--,95.7,--,--,--,--,--,98.8,90.3,97.8,96.6,87,85.2,90.1,92.2,87.1,78.3,4.3,--,4.3,--,--,--,--,--,1.2,9.7,2.2,3.4,9.6,12.3,8.3,6.5,9.6,10.7,0,--,0,--,--,--,--,--,0,0,0,0,3.4,2.5,1.6,1.3,3.3,11
2012,CE,Total,Estadual,83.2,89.3,82.8,90,90.5,90.9,88,88.5,78.2,81.8,82.8,85.3,81.8,76.9,82.4,88,81.2,--,10.7,8.4,10.9,8.5,8.6,7.9,9.9,7.6,15.5,12.2,10.7,8.2,7.2,9.3,6.8,4.6,2.3,--,6.1,2.3,6.3,1.5,0.9,1.2,2.1,3.9,6.3,6,6.5,6.5,11,13.8,10.8,7.4,16.5,--
2012,CE,Rural,Total,91.2,92.9,88.8,96.8,95.7,91,89.9,92.5,85.2,87.9,89.2,94,84.7,80.3,85.2,90.3,--,86.8,6.8,6.2,7.7,2.5,3.9,8.1,8.9,6.3,11.6,8.6,6.7,2.7,5.3,7.2,5.1,2.6,--,12.1,2,0.9,3.5,0.7,0.4,0.9,1.2,1.2,3.2,3.5,4.1,3.3,10,12.5,9.7,7.1,--,1.1
2012,CE,Rural,Publico,91.2,92.9,88.8,96.8,95.7,91,89.9,92.5,85.2,87.9,89.2,94,84.5,80.2,85,90.2,--,86.8,6.8,6.2,7.7,2.5,3.9,8.1,8.9,6.3,11.6,8.6,6.7,2.7,5.3,7.2,5.2,2.6,--,12.1,2,0.9,3.5,0.7,0.4,0.9,1.2,1.2,3.2,3.5,4.1,3.3,10.2,12.6,9.8,7.2,--,1.1
2012,CE,Rural,Privada,93.6,92.9,100,91.3,97.5,90.1,90.5,96.4,100,100,--,100,99,97,100,100,--,--,5.5,6,0,7.8,2.5,6.2,9.5,3.6,0,0,--,0,0,0,0,0,--,--,0.9,1.1,0,0.9,0,3.7,0,0,0,0,--,0,1,3,0,0,--,--
2012,CE,Rural,Municipal,91.3,93,88.8,96.9,95.7,91,89.9,92.5,85.3,87.9,89.3,94.1,--,--,--,--,--,--,6.8,6.1,7.7,2.4,3.9,8.1,8.9,6.3,11.6,8.6,6.7,2.6,--,--,--,--,--,--,1.9,0.9,3.5,0.7,0.4,0.9,1.2,1.2,3.1,3.5,4,3.3,--,--,--,--,--,--
2012,CE,Rural,Federal,--,--,--,--,--,--,--,--,--,--,--,--,96.5,96.9,100,100,--,86.8,--,--,--,--,--,--,--,--,--,--,--,--,1.9,0,0,0,--,12.1,--,--,--,--,--,--,--,--,--,--,--,--,1.6,3.1,0,0,--,1.1
2012,CE,Rural,Estadual,86.4,88.6,83.3,88.7,91.8,93.2,84.3,85,79.7,82.3,87.1,85,83.9,79.1,84.4,89.9,--,--,8.4,8.9,7.6,10.3,7.5,5.8,11.8,9.1,11.2,9.2,4.3,4.4,5.5,7.7,5.4,2.7,--,--,5.2,2.5,9.1,1,0.7,1,3.9,5.9,9.1,8.5,8.6,10.6,10.6,13.2,10.2,7.4,--,--
2012,CE,Urbana,Total,90.2,93.1,86.8,96.5,96.4,91.2,90.2,92.2,83.4,86,87.6,91,83.3,78.5,83.9,89.3,83.1,76.2,7.4,5.6,9.6,2.3,2.8,7.5,8.3,6.4,12.9,10.4,8.6,5.5,7,9.2,6.6,4.3,4.7,10.3,2.4,1.3,3.6,1.2,0.8,1.3,1.5,1.4,3.7,3.6,3.8,3.5,9.7,12.3,9.5,6.4,12.2,13.5
2012,CE,Urbana,Publico,88.4,91.7,84.9,96.9,96.1,88.8,87.9,90.7,80.6,83.9,86,90.3,81.8,76.8,82.3,87.9,83.1,76.2,8.6,6.7,10.6,1.7,2.9,9.5,10.2,7.5,14.8,11.6,9.4,5.4,7.2,9.4,6.8,4.7,4.7,10.3,3,1.6,4.5,1.4,1,1.7,1.9,1.8,4.6,4.5,4.6,4.3,11,13.8,10.9,7.4,12.2,13.5
2012,CE,Urbana,Privada,95.8,96.8,94,95.8,96.9,97.4,97.3,96.9,94.4,94,93.9,93.7,94.6,91.6,94.9,97.8,--,--,3.9,2.7,5.6,3.4,2.7,2.2,2.5,2.9,5.2,5.7,5.7,6,5,7.8,4.8,1.9,--,--,0.3,0.5,0.4,0.8,0.4,0.4,0.2,0.2,0.4,0.3,0.4,0.3,0.4,0.6,0.3,0.3,--,--
2012,CE,Urbana,Municipal,88.9,91.7,85.4,96.9,96.1,88.8,87.9,90.8,80.8,84.2,86.7,92.2,60.7,33.3,53.8,81.1,--,--,8.4,6.7,10.5,1.6,2.9,9.5,10.2,7.5,14.7,11.5,9,4.4,1.2,0,0,2.7,--,--,2.7,1.6,4.1,1.5,1,1.7,1.9,1.7,4.5,4.3,4.3,3.4,38.1,66.7,46.2,16.2,--,--
2012,CE,Urbana,Federal,95.7,--,95.7,--,--,--,--,--,98.8,90.3,97.8,96.6,84.9,81,88.1,91,87.1,76.2,4.3,--,4.3,--,--,--,--,--,1.2,9.7,2.2,3.4,11.3,16.7,10,7.5,9.6,10.3,0,--,0,--,--,--,--,--,0,0,0,0,3.8,2.3,1.9,1.5,3.3,13.5
2012,CE,Urbana,Estadual,83.1,89.7,82.8,91,89.8,89.7,89.8,89.3,78.2,81.8,82.8,85.3,81.7,76.8,82.3,87.9,81.2,--,10.8,8.2,10.9,7,9.3,9,9.1,7.3,15.6,12.3,10.8,8.3,7.2,9.4,6.8,4.7,2.3,--,6.1,2.1,6.3,2,0.9,1.3,1.1,3.4,6.2,5.9,6.4,6.4,11.1,13.8,10.9,7.4,16.5,--
2012,RN,Total,Total,81.2,86.3,74.4,96.4,95.7,93.9,71.9,80.9,63.6,72.7,83.5,85.4,75.2,67.7,77.4,83.5,90.1,68.3,14.1,11,18.2,1.4,2.5,4.2,24.6,15.7,27.8,20,10.3,7.9,8.1,11.2,7.2,4.8,7.9,1.7,4.7,2.7,7.4,2.2,1.8,1.9,3.5,3.4,8.6,7.3,6.2,6.7,16.7,21.1,15.4,11.7,2,30
2012,RN,Total,Publico,78,83.8,70.5,96.2,95.2,93,67.5,77.9,59.1,68.7,80.8,83.2,72.4,64.7,74.6,81.3,90.1,68.3,16.4,13,20.7,1.1,2.6,4.7,28.4,18.1,31.1,22.6,11.5,8.6,8.4,11.4,7.6,5,7.9,1.7,5.6,3.2,8.8,2.7,2.2,2.3,4.1,4,9.8,8.7,7.7,8.2,19.2,23.9,17.8,13.7,2,30
2012,RN,Total,Privada,95.6,97,93.6,97,97.3,97.5,96.6,96.5,92.9,92.7,94.2,94.6,92.9,89.5,94.1,95.7,--,--,4,2.6,6.1,2.3,2.3,2.2,3.2,3.3,6.6,7,5.5,5,6.5,10,5.3,3.6,--,--,0.4,0.4,0.3,0.7,0.4,0.3,0.2,0.2,0.5,0.3,0.3,0.4,0.6,0.5,0.6,0.7,--,--
2012,RN,Total,Municipal,79.2,84.4,70.4,96.7,95.4,93,68.1,78.2,59.4,69.1,80.8,84.3,81.3,73.9,100,--,--,--,16,12.9,21.3,1,2.7,5,28.3,18.3,31.5,22.2,12.1,8.5,12.5,17.4,0,--,--,--,4.8,2.7,8.3,2.3,1.9,2,3.6,3.5,9.1,8.7,7.1,7.2,6.2,8.7,0,--,--,--
2012,RN,Total,Federal,100,100,--,100,100,100,--,--,--,--,--,--,96.5,97.6,97.9,97.1,89.2,--,0,0,--,0,0,0,--,--,--,--,--,--,2,0.6,0.5,1.5,10.3,--,0,0,--,0,0,0,--,--,--,--,--,--,1.5,1.8,1.6,1.4,0.5,--
2012,RN,Total,Estadual,75.1,81.6,70.7,93.8,94.7,92.9,65.1,76.9,58.7,68.3,80.8,81.8,71.1,63.1,73.5,80.6,93.2,68.3,17.3,13.5,19.8,1.5,1.8,3.6,28.8,17.4,30.3,23.1,10.7,8.8,8.7,11.9,7.9,5.2,0,1.7,7.6,4.9,9.5,4.7,3.5,3.5,6.1,5.7,11,8.6,8.5,9.4,20.2,25,18.6,14.2,6.8,30
2012,RN,Rural,Total,81,83.9,72.9,95.8,93.9,92.5,68.4,77.6,61.4,72.7,81.8,88.1,83.1,77.8,82.9,88.7,92.9,70.4,14.5,13.1,18.5,1.5,4.1,5.7,27.7,18.4,29.8,18,9.7,4.7,5.2,6.2,4.8,4.4,7.1,0,4.5,3,8.6,2.7,2,1.8,3.9,4,8.8,9.3,8.5,7.2,11.7,16,12.3,6.9,0,29.6
2012,RN,Rural,Publico,80.9,83.9,72.8,95.8,93.9,92.5,68.2,77.5,61.4,72.7,81.6,88.1,83,77.8,82.7,88.6,92.9,70.4,14.6,13.1,18.6,1.5,4.1,5.7,27.9,18.5,29.8,18,9.8,4.6,5.1,5.8,4.9,4.4,7.1,0,4.5,3,8.6,2.7,2,1.8,3.9,4,8.8,9.3,8.6,7.3,11.9,16.4,12.4,7,0,29.6
2012,RN,Rural,Privada,93.8,95.6,88,95.8,93.3,95.6,96.7,98.2,85.7,85.3,95.1,84.4,89.1,80.6,100,100,--,--,5.4,3.2,12,2.1,4.8,3.3,3.3,1.8,14.3,14.7,4.9,15.6,10.9,19.4,0,0,--,--,0.8,1.2,0,2.1,1.9,1.1,0,0,0,0,0,0,0,0,0,0,--,--
2012,RN,Rural,Municipal,81.1,84.1,72.5,96,93.9,92.4,68.5,77.7,60.8,72.4,81.2,88.6,--,--,--,--,--,--,14.6,13.1,18.9,1.5,4.1,5.8,28,18.5,30.4,18.4,10.2,4.5,--,--,--,--,--,--,4.3,2.8,8.6,2.5,2,1.8,3.5,3.8,8.8,9.2,8.6,6.9,--,--,--,--,--,--
2012,RN,Rural,Federal,--,--,--,--,--,--,--,--,--,--,--,--,95.1,95.3,94.2,96.4,92.9,--,--,--,--,--,--,--,--,--,--,--,--,--,3.8,3.5,2.9,3.2,7.1,--,--,--,--,--,--,--,--,--,--,--,--,--,1.1,1.2,2.9,0.4,0,--
2012,RN,Rural,Estadual,77.9,80.2,74.7,91.6,93.2,93.1,65.3,75.4,65,74.7,84.3,85.1,79.8,74.7,80.3,86.1,--,70.4,14.4,13.4,15.9,2,2.6,3.4,26,17.6,26.1,15,6.5,5.3,5.5,6.2,5.3,4.8,--,0,7.7,6.4,9.4,6.4,4.2,3.5,8.7,7,8.9,10.3,9.2,9.6,14.7,19.1,14.4,9.1,--,29.6
2012,RN,Urbana,Total,81.3,87.1,74.6,96.5,96.3,94.4,73,81.9,63.9,72.7,83.7,85.1,75,67.5,77.3,83.4,89.8,68.2,14,10.4,18.2,1.4,2,3.8,23.6,14.9,27.6,20.3,10.4,8.3,8.2,11.3,7.3,4.8,8,1.7,4.7,2.5,7.2,2.1,1.7,1.8,3.4,3.2,8.5,7,5.9,6.6,16.8,21.2,15.4,11.8,2.2,30.1
2012,RN,Urbana,Publico,77.2,83.8,70.1,96.3,95.8,93.2,67.2,78,58.7,68.1,80.6,82.5,72.2,64.4,74.4,81.1,89.8,68.2,16.9,12.9,21,0.9,1.9,4.3,28.7,18,31.3,23.3,11.8,9.2,8.5,11.5,7.6,5,8,1.7,5.9,3.3,8.9,2.8,2.3,2.5,4.1,4,10,8.6,7.6,8.3,19.3,24.1,18,13.9,2.2,30.1
2012,RN,Urbana,Privada,95.6,97,93.6,97,97.3,97.5,96.6,96.5,93,92.7,94.2,94.6,92.9,89.5,94.1,95.7,--,--,4,2.6,6,2.3,2.3,2.2,3.2,3.3,6.6,6.9,5.5,5,6.5,9.9,5.3,3.6,--,--,0.4,0.4,0.4,0.7,0.4,0.3,0.2,0.2,0.4,0.4,0.3,0.4,0.6,0.6,0.6,0.7,--,--
2012,RN,Urbana,Municipal,78.4,84.5,69.9,97,96.2,93.3,68,78.4,59,68.2,80.7,83.3,81.3,73.9,100,--,--,--,16.6,12.8,21.9,0.8,2,4.6,28.5,18.2,31.8,23.2,12.6,9.5,12.5,17.4,0,--,--,--,5,2.7,8.2,2.2,1.8,2.1,3.5,3.4,9.2,8.6,6.7,7.2,6.2,8.7,0,--,--,--
2012,RN,Urbana,Federal,100,100,--,100,100,100,--,--,--,--,--,--,96.7,97.8,98.3,97.2,88.7,--,0,0,--,0,0,0,--,--,--,--,--,--,1.7,0.4,0.2,1.1,10.7,--,0,0,--,0,0,0,--,--,--,--,--,--,1.6,1.8,1.5,1.7,0.6,--
2012,RN,Urbana,Estadual,74.9,81.7,70.5,94,94.8,92.9,65.1,77.1,58.3,68,80.6,81.7,70.9,62.8,73.3,80.5,93.2,68.2,17.4,13.5,19.9,1.5,1.7,3.6,29.1,17.4,30.5,23.4,10.9,8.9,8.8,12,8,5.2,0,1.7,7.7,4.8,9.6,4.5,3.5,3.5,5.8,5.5,11.2,8.6,8.5,9.4,20.3,25.2,18.7,14.3,6.8,30.1
2012,PB,Total,Total,82.7,88.1,75.8,94.2,89.8,83.9,86.3,88.1,68,75.3,80.7,83.3,77.4,70.1,79.2,86.7,90.9,80.6,11.1,8.5,14.4,2.7,6.9,13,10.3,8.3,19.9,15.3,11,8.4,7.7,10.7,7.2,3.8,0.8,6.9,6.2,3.4,9.8,3.1,3.3,3.1,3.4,3.6,12.1,9.4,8.3,8.3,14.9,19.2,13.6,9.5,8.3,12.5
2012,PB,Total,Publico,80.1,86,73,93.5,87.9,81.1,84,86.2,64.6,72.4,78.4,81.4,74.4,66.8,76.2,84.4,90.9,80.6,12.6,10,15.8,2.7,8,15.2,12,9.6,21.9,16.7,11.9,8.9,8.2,11.2,7.6,4,0.8,6.9,7.3,4,11.2,3.8,4.1,3.7,4,4.2,13.5,10.9,9.7,9.7,17.4,22,16.2,11.6,8.3,12.5
2012,PB,Total,Privada,96.3,97.7,94,96.7,97.6,98.2,98.1,97.9,94.6,93.5,94.2,93.6,94.1,91.7,94.2,96.8,93.8,--,3.3,1.9,5.5,2.4,1.9,1.5,1.7,1.8,4.9,6.1,5.4,5.8,5.2,7.4,5,2.8,6.2,--,0.4,0.4,0.5,0.9,0.5,0.3,0.2,0.3,0.5,0.4,0.4,0.6,0.7,0.9,0.8,0.4,0,--
2012,PB,Total,Municipal,81.7,85.8,74.9,93.7,87,81.2,83.7,85.5,67.1,73.9,80.8,84.2,80.4,72.1,79.1,90.8,92.5,80.6,12.3,10.5,15.5,2.9,9.2,15.4,12.6,10.3,21.1,16.7,11.2,8,4.8,8.7,3.2,1.4,0,6.9,6,3.7,9.6,3.4,3.8,3.4,3.7,4.2,11.8,9.4,8,7.8,14.8,19.2,17.7,7.8,7.5,12.5
2012,PB,Total,Federal,93.8,93.8,--,100,93.3,90.9,85.7,100,--,--,--,--,96.4,95,96.6,97.6,98.6,--,2.1,2.1,--,0,0,0,14.3,0,--,--,--,--,0.7,1.2,0.5,0.5,0,--,4.1,4.1,--,0,6.7,9.1,0,0,--,--,--,--,2.9,3.8,2.9,1.9,1.4,--
2012,PB,Total,Estadual,76.5,86.8,70.5,92.1,91.9,80.9,84.9,88.1,60.8,70.5,75.4,78.5,73.6,66,75.6,83.9,87.7,--,13.3,8.3,16.1,2,3.1,14.6,10,7.4,23,16.7,12.8,9.7,8.5,11.5,7.9,4.1,1.2,--,10.2,4.9,13.4,5.9,5,4.5,5.1,4.5,16.2,12.8,11.8,11.8,17.9,22.5,16.5,12,11.1,--
2012,PB,Rural,Total,83.8,86.2,75.2,94.1,87.1,82.3,83.4,86,67.3,74.2,80.6,84.3,73.7,66.4,78,83.2,--,--,11.3,10.6,13.7,3.4,9.8,14.7,13.1,10.2,20.2,14.9,8.6,6.5,6.5,7.9,7.5,2.9,--,--,4.9,3.2,11.1,2.5,3.1,3,3.5,3.8,12.5,10.9,10.8,9.2,19.8,25.7,14.5,13.9,--,--
2012,PB,Rural,Publico,83.7,86.2,75.2,94.1,87.1,82.2,83.4,85.9,67.3,74.2,80.6,84.3,73.7,66.4,78,83.2,--,--,11.3,10.6,13.7,3.4,9.9,14.7,13.1,10.2,20.2,14.9,8.6,6.5,6.5,7.9,7.5,2.9,--,--,5,3.2,11.1,2.5,3,3.1,3.5,3.9,12.5,10.9,10.8,9.2,19.8,25.7,14.5,13.9,--,--
2012,PB,Rural,Privada,93.3,95.9,82.6,98.7,97.2,96.1,90.9,95.3,69.2,90.9,78.3,100,--,--,--,--,--,--,5.8,3.8,14,0,2.8,3.9,9.1,4.7,23.1,4.5,21.7,0,--,--,--,--,--,--,0.9,0.3,3.4,1.3,0,0,0,0,7.7,4.6,0,0,--,--,--,--,--,--
2012,PB,Rural,Municipal,83.9,86.1,75,94.1,86.8,82.2,83.4,85.9,67,73.6,81,84.6,84.3,65.9,91.2,100,--,--,11.3,10.6,13.9,3.4,10.2,14.7,13,10.1,20.3,15.3,8.8,6.5,8.7,22.7,0,0,--,--,4.8,3.3,11.1,2.5,3,3.1,3.6,4,12.7,11.1,10.2,8.9,7,11.4,8.8,0,--,--
2012,PB,Rural,Federal,--,--,--,--,--,--,--,--,--,--,--,--,--,--,--,--,--,--,--,--,--,--,--,--,--,--,--,--,--,--,--,--,--,--,--,--,--,--,--,--,--,--,--,--,--,--,--,--,--,--,--,--,--,--
2012,PB,Rural,Estadual,81.7,86.8,75.9,94.5,92.4,82,83.6,85.5,68.7,77,79.2,82.8,73,66.4,77,81.7,--,--,11.2,10,12.7,3.2,3.8,14.6,13.4,10.9,19.3,13.3,7.7,6.5,6.4,7.1,8,3.2,--,--,7.1,3.2,11.4,2.3,3.8,3.4,3,3.6,12,9.7,13.1,10.7,20.6,26.5,15,15.1,--,--
2012,PB,Urbana,Total,82.4,88.8,75.9,94.3,90.7,84.4,87.3,88.7,68.1,75.4,80.7,83.2,77.5,70.2,79.2,86.7,90.9,80.6,11.1,7.9,14.4,2.4,5.8,12.4,9.4,7.7,19.9,15.3,11.2,8.5,7.7,10.8,7.2,3.8,0.8,6.9,6.5,3.3,9.7,3.3,3.5,3.2,3.3,3.6,12,9.3,8.1,8.3,14.8,19,13.6,9.5,8.3,12.5
2012,PB,Urbana,Publico,79.1,86,72.7,93.2,88.4,80.6,84.3,86.3,64.2,72.2,78.1,81.1,74.4,66.8,76.2,84.4,90.9,80.6,13,9.7,16,2.4,7.2,15.4,11.5,9.3,22.1,16.9,12.3,9.1,8.2,11.3,7.6,4,0.8,6.9,7.9,4.3,11.3,4.4,4.4,4,4.2,4.4,13.7,10.9,9.6,9.8,17.4,21.9,16.2,11.6,8.3,12.5
2012,PB,Urbana,Privada,96.3,97.7,94,96.7,97.6,98.2,98.1,97.9,94.7,93.5,94.3,93.6,94.1,91.7,94.2,96.8,93.8,--,3.2,1.9,5.5,2.4,1.9,1.5,1.7,1.8,4.8,6.1,5.4,5.8,5.2,7.4,5,2.8,6.2,--,0.5,0.4,0.5,0.9,0.5,0.3,0.2,0.3,0.5,0.4,0.3,0.6,0.7,0.9,0.8,0.4,0,--
2012,PB,Urbana,Municipal,80.8,85.7,74.9,93.5,87.2,80.5,83.9,85.3,67.1,73.9,80.7,84.1,80.3,72.4,78.6,90.2,92.5,80.6,12.8,10.3,15.7,2.6,8.5,15.8,12.3,10.4,21.2,17,11.7,8.3,4.6,8.1,3.3,1.5,0,6.9,6.4,4,9.4,3.9,4.3,3.7,3.8,4.3,11.7,9.1,7.6,7.6,15.1,19.5,18.1,8.3,7.5,12.5
2012,PB,Urbana,Federal,93.8,93.8,--,100,93.3,90.9,85.7,100,--,--,--,--,96.4,95,96.6,97.6,98.6,--,2.1,2.1,--,0,0,0,14.3,0,--,--,--,--,0.7,1.2,0.5,0.5,0,--,4.1,4.1,--,0,6.7,9.1,0,0,--,--,--,--,2.9,3.8,2.9,1.9,1.4,--
2012,PB,Urbana,Estadual,76.1,86.8,70.3,91.8,91.8,80.8,85,88.3,60.4,70.2,75.2,78.3,73.6,66,75.6,84,87.7,--,13.4,8.2,16.3,1.8,3,14.6,9.7,7.2,23.2,16.9,13.1,9.8,8.5,11.6,7.9,4.1,1.2,--,10.5,5,13.4,6.4,5.2,4.6,5.3,4.5,16.4,12.9,11.7,11.9,17.9,22.4,16.5,11.9,11.1,--
2012,PE,Total,Total,84.8,88.8,80,96,94.6,79.3,92.2,85,75.6,79.2,84.7,81.9,83.1,78.2,84.7,88.3,91.2,80.9,11.5,9.2,14.3,1.9,3.6,18.7,5.9,12.6,18,15.2,11,11.7,9.5,12.3,9.4,6,5.7,2.6,3.7,2,5.7,2.1,1.8,2,1.9,2.4,6.4,5.6,4.3,6.4,7.4,9.5,5.9,5.7,3.1,16.5
2012,PE,Total,Publico,81.9,86.3,77.2,95.9,93.8,74.7,90.6,81.9,71.9,76.1,82.6,79.8,81.5,76.7,83.1,86.9,91.2,79.2,13.5,11.2,16,1.4,4,22.8,7,15.2,20.4,17.2,12.3,12.7,10.1,12.8,10.2,6.6,5.7,2.5,4.6,2.5,6.8,2.7,2.2,2.5,2.4,2.9,7.7,6.7,5.1,7.5,8.4,10.5,6.7,6.5,3.1,18.3
2012,PE,Total,Privada,95.7,96.7,94,96,96.8,96.9,97.1,96.7,94.4,94.2,94.2,93,94,90.7,94.4,97.2,92,96,3.9,2.8,5.6,3.2,2.7,2.7,2.6,3,5.2,5.4,5.4,6.5,5.2,8.4,4.8,2.2,0,3.2,0.4,0.5,0.4,0.8,0.5,0.4,0.3,0.3,0.4,0.4,0.4,0.5,0.8,0.9,0.8,0.6,8,0.8
2012,PE,Total,Municipal,82.4,86.2,74.5,96,93.9,74.4,90.2,81.6,69.7,72.4,80.7,79.2,72.1,58.9,74.6,84,92.5,--,13.2,11.2,17.2,1.4,4,23.1,7.3,15.3,21.6,18.8,12.5,11.9,9,12.8,9.3,5.5,1.1,--,4.4,2.6,8.3,2.6,2.1,2.5,2.5,3.1,8.7,8.8,6.8,8.9,18.9,28.3,16.1,10.5,6.4,--
2012,PE,Total,Federal,97.5,--,97.5,--,--,--,--,--,95,97.3,98.3,98.6,75.3,75.1,73.6,79.1,69.7,79.4,2.5,--,2.5,--,--,--,--,--,5,2.7,1.7,1.4,22.4,21.2,25.2,18.9,29.8,17,0,--,0,--,--,--,--,--,0,0,0,0,2.3,3.7,1.2,2,0.5,3.6
2012,PE,Total,Estadual,80.7,86.9,80,92,91.8,79.4,96.4,84,75,80.4,84.4,80.2,81.7,76.9,83.3,87,94.4,79.2,14.5,11.1,14.9,5.2,5,18.7,2.2,14.1,18.8,15.4,12.1,13.2,9.9,12.7,10,6.4,2.4,1,4.8,2,5.1,2.8,3.2,1.9,1.4,1.9,6.2,4.2,3.5,6.6,8.4,10.4,6.7,6.6,3.2,19.8
2012,PE,Rural,Total,84,85.9,79.4,95.8,92.7,75.6,88.8,80.8,72.7,78.5,84.6,85.9,83.1,77.3,85.7,89.6,91.4,79,12.3,11.5,14.1,1.9,5.2,22,8.6,16,19.7,14.9,10.1,8.3,8.3,11.3,7.6,4.5,0.8,0.8,3.7,2.6,6.5,2.3,2.1,2.4,2.6,3.2,7.6,6.6,5.3,5.8,8.6,11.4,6.7,5.9,7.8,20.2
2012,PE,Rural,Publico,83.9,85.9,79.3,96,92.8,75.4,88.8,80.6,72.6,78.4,84.6,85.9,83.1,77.2,85.6,89.5,91.4,79,12.3,11.5,14.1,1.7,5.1,22.1,8.6,16.1,19.8,14.9,10.1,8.3,8.3,11.3,7.6,4.5,0.8,0.8,3.8,2.6,6.6,2.3,2.1,2.5,2.6,3.3,7.6,6.7,5.3,5.8,8.6,11.5,6.8,6,7.8,20.2
2012,PE,Rural,Privada,89.5,89.1,90.8,86.9,90.3,87.4,89.8,92,88.4,90.4,93.1,94.4,98.7,96,100,100,--,--,9.6,9.8,8.9,12.6,9.3,11.4,7.9,6.9,11.6,9.6,6.2,4.5,1.3,4,0,0,--,--,0.9,1.1,0.3,0.5,0.4,1.2,2.3,1.1,0,0,0.7,1.1,0,0,0,0,--,--
2012,PE,Rural,Municipal,84,86,78.8,96.2,92.9,75.4,88.8,80.6,72.3,77.6,83.7,86.3,78.1,71.2,81.2,87.3,90,--,12.3,11.5,14.6,1.5,5,22.1,8.6,16.1,20.3,15.4,10.6,8.1,13.5,17.5,10.9,9.4,0,--,3.7,2.5,6.6,2.3,2.1,2.5,2.6,3.3,7.4,7,5.7,5.6,8.4,11.3,7.9,3.3,10,--
2012,PE,Rural,Federal,--,--,--,--,--,--,--,--,--,--,--,--,80.2,79.4,78.7,83.8,--,--,--,--,--,--,--,--,--,--,--,--,--,--,16.5,16.9,19.4,11.6,--,--,--,--,--,--,--,--,--,--,--,--,--,--,3.3,3.7,1.9,4.6,--,--
2012,PE,Rural,Estadual,82.6,83.8,82,88.8,89.1,75.3,89,80.6,74,83,89.3,84,83.6,77.4,86.4,90,91.5,79,12.4,13.7,11.7,8.4,9.1,21.5,9,16.8,16.7,11.7,7.5,9.2,7.3,10.5,6.4,3.8,0.8,0.8,5,2.5,6.3,2.8,1.8,3.2,2,2.6,9.3,5.3,3.2,6.8,9.1,12.1,7.2,6.2,7.7,20.2
2012,PE,Urbana,Total,85,89.7,80.1,96,95.3,80.6,93.3,86.4,76.1,79.3,84.7,81.4,83.1,78.3,84.6,88.3,91.2,81,11.3,8.4,14.3,1.9,3.1,17.5,5.1,11.4,17.7,15.3,11.2,12.1,9.6,12.4,9.5,6,5.8,2.6,3.7,1.9,5.6,2.1,1.6,1.9,1.6,2.2,6.2,5.4,4.1,6.5,7.3,9.3,5.9,5.7,3,16.4
2012,PE,Urbana,Publico,81.3,86.5,76.8,95.9,94.4,74.3,91.5,82.4,71.8,75.6,82.3,78.9,81.5,76.6,82.9,86.7,91.2,79.2,13.9,11,16.4,1.3,3.4,23.2,6.2,14.7,20.6,17.6,12.7,13.3,10.2,12.9,10.4,6.7,5.8,2.5,4.8,2.5,6.8,2.8,2.2,2.5,2.3,2.9,7.6,6.8,5,7.8,8.3,10.5,6.7,6.6,3,18.3
2012,PE,Urbana,Privada,95.8,96.8,94,96.1,96.9,97.1,97.2,96.8,94.5,94.2,94.2,93,94,90.7,94.4,97.2,92,96,3.8,2.7,5.6,3,2.6,2.6,2.5,2.9,5.2,5.4,5.4,6.5,5.2,8.4,4.8,2.2,0,3.2,0.4,0.5,0.4,0.9,0.5,0.3,0.3,0.3,0.3,0.4,0.4,0.5,0.8,0.9,0.8,0.6,8,0.8
2012,PE,Urbana,Municipal,81.6,86.4,73,95.9,94.4,73.9,90.9,82.1,68.9,70.6,79.6,76.9,70.2,54.2,72.1,82.8,92.6,--,13.5,11,18,1.3,3.4,23.5,6.7,14.9,22,20,13.1,13.2,7.6,11,8.7,4,1.1,--,4.9,2.6,9,2.8,2.2,2.6,2.4,3,9.1,9.4,7.3,9.9,22.2,34.8,19.2,13.2,6.3,--
2012,PE,Urbana,Federal,97.5,--,97.5,--,--,--,--,--,95,97.3,98.3,98.6,73.9,73,71.7,77.7,69.7,79.4,2.5,--,2.5,--,--,--,--,--,5,2.7,1.7,1.4,24.2,23.3,27.4,21.1,29.8,17,0,--,0,--,--,--,--,--,0,0,0,0,1.9,3.7,0.9,1.2,0.5,3.6
2012,PE,Urbana,Estadual,80.6,87.7,79.9,96.6,93.8,80.3,97.8,84.5,75.1,80.2,84.2,80,81.7,76.9,83.2,86.9,94.5,79.2,14.6,10.5,15,0.5,1.8,18.1,0.9,13.6,19,15.5,12.3,13.4,10.1,12.8,10.2,6.5,2.5,1.1,4.8,1.8,5.1,2.9,4.4,1.6,1.3,1.9,5.9,4.3,3.5,6.6,8.2,10.3,6.6,6.6,3,19.7
2012,AL,Total,Total,77.8,85.3,69,94.6,94.8,73.2,92,77.9,61.1,68.7,73.5,76.8,72.7,65.2,75.2,81.7,82.2,97.9,14.7,11.5,18.5,2.2,2.7,23.6,5.1,18.3,25.4,19.1,14.6,11.2,9.1,12.6,7.4,5.4,11.8,0,7.5,3.2,12.5,3.2,2.5,3.2,2.9,3.8,13.5,12.2,11.9,12,18.2,22.2,17.4,12.9,6,2.1
2012,AL,Total,Publico,75.2,83.4,65.9,93.8,94.2,70.1,91,75.5,57.6,65.6,70.6,74.5,69.3,61.9,72.1,78.4,81.5,100,16.3,13.1,20.1,2.4,3,26.3,5.8,20.3,27.5,20.7,15.9,11.9,9.6,12.8,7.7,6.1,12.2,0,8.5,3.5,14,3.8,2.8,3.6,3.2,4.2,14.9,13.7,13.5,13.6,21.1,25.3,20.2,15.5,6.3,0
2012,AL,Total,Privada,95.9,97.9,93.3,98.4,98.4,97,98.6,97.1,93.1,93.1,94,92.8,92.4,87.7,93.4,97.4,98.4,87.5,3.5,1.5,6.1,0.8,0.9,2.4,1.1,2.6,6.2,6.3,5.4,6.3,6.3,10.6,5.6,1.8,0,0,0.6,0.6,0.6,0.8,0.7,0.6,0.3,0.3,0.7,0.6,0.6,0.9,1.3,1.7,1,0.8,1.6,12.5
2012,AL,Total,Municipal,76.4,83.5,66,94,94.3,70.1,91.1,75.3,58.2,65.4,70.6,75.8,73.4,66.6,73.8,78.6,86.4,--,16.4,13.1,21.1,2.4,3,26.5,5.9,20.7,28.5,21.9,16.8,11.8,5.1,8,6.2,0.9,0,--,7.2,3.4,12.9,3.6,2.7,3.4,3,4,13.3,12.7,12.6,12.4,21.5,25.4,20,20.5,13.6,--
2012,AL,Total,Federal,--,--,--,--,--,--,--,--,--,--,--,--,76.2,72.2,80.1,80.2,73.3,100,--,--,--,--,--,--,--,--,--,--,--,--,19.3,21,15.8,18.1,24.7,0,--,--,--,--,--,--,--,--,--,--,--,--,4.5,6.8,4.1,1.7,2,0
2012,AL,Total,Estadual,68.7,81.5,65.5,87.7,91.1,70.2,89.9,77.3,55.7,66.3,70.6,71.5,69,61.3,71.7,78.4,86.3,--,16.2,12.1,17.3,4.3,4.1,23.8,4.3,15.6,24.3,17.3,13.7,12.2,9.2,12.5,7.3,5.8,5.7,--,15.1,6.4,17.2,8,4.8,6,5.8,7.1,20,16.4,15.7,16.3,21.8,26.2,21,15.8,8,--
2012,AL,Rural,Total,79.4,83.1,70.7,95,95.5,69.1,93.7,72.4,61.3,70.1,75.9,83.1,74.8,66.5,78,86.1,--,--,15.7,13.9,19.9,2.1,2.3,27.8,3.9,23.6,28.6,20.5,15.1,8.7,8.1,12.5,6.6,1.9,--,--,4.9,3,9.4,2.9,2.2,3.1,2.4,4,10.1,9.4,9,8.2,17.1,21,15.4,12,--,--
2012,AL,Rural,Publico,79.3,83,70.7,95,95.5,68.9,93.6,72.3,61.2,70,75.8,83,74.8,66.5,78,86.1,--,--,15.7,13.9,19.9,2.1,2.3,27.9,3.9,23.6,28.6,20.5,15.2,8.7,8.1,12.5,6.6,1.9,--,--,5,3.1,9.4,2.9,2.2,3.2,2.5,4.1,10.2,9.5,9,8.3,17.1,21,15.4,12,--,--
2012,AL,Rural,Privada,91.8,92.4,88.3,97.7,94.4,85.5,95.8,89.5,77.8,81.3,96.9,97.3,--,--,--,--,--,--,7.7,7.1,11.7,1.2,4.7,14.5,4.2,9.7,22.2,18.7,3.1,2.7,--,--,--,--,--,--,0.5,0.5,0,1.1,0.9,0,0,0.8,0,0,0,0,--,--,--,--,--,--
2012,AL,Rural,Municipal,79.3,83,70.4,95,95.6,69,93.6,72.2,61,69.6,75.7,83,83.7,84.6,85.7,80,--,--,15.7,13.9,20.1,2.1,2.2,27.8,3.9,23.8,28.8,20.6,15.2,8.8,8.1,13.5,0,0,--,--,5,3.1,9.5,2.9,2.2,3.2,2.5,4,10.2,9.8,9.1,8.2,8.2,1.9,14.3,20,--,--
2012,AL,Rural,Estadual,78.5,82.9,74.9,93.8,92.1,65.2,94.6,77.3,65.7,76.1,76.7,83.3,74.7,66,77.9,86.3,--,--,16,14,17.5,2.2,5.2,32.6,2.8,18.8,26.1,18.5,15.2,7.6,8.1,12.5,6.7,2,--,--,5.5,3.1,7.6,4,2.7,2.2,2.6,3.9,8.2,5.4,8.1,9.1,17.2,21.5,15.4,11.7,--,--
2012,AL,Urbana,Total,77.3,86.4,68.7,94.4,94.5,75.3,91.3,80.6,61,68.4,73.1,75.8,72.6,65.2,75.1,81.5,82.2,97.9,14.4,10.4,18.2,2.2,2.9,21.4,5.7,15.7,24.8,18.8,14.5,11.6,9.2,12.6,7.4,5.5,11.8,0,8.3,3.2,13.1,3.4,2.6,3.3,3,3.7,14.2,12.8,12.4,12.6,18.2,22.2,17.5,13,6,2.1
2012,AL,Urbana,Publico,73.6,83.6,64.8,93.2,93.4,70.9,89.5,77.4,56.8,64.6,69.4,72.8,69.1,61.7,71.8,78.1,81.5,100,16.6,12.5,20.1,2.6,3.4,25.3,6.8,18.3,27.2,20.8,16.1,12.5,9.7,12.9,7.7,6.3,12.2,0,9.8,3.9,15.1,4.2,3.2,3.8,3.7,4.3,16,14.6,14.5,14.7,21.2,25.4,20.5,15.6,6.3,0
2012,AL,Urbana,Privada,96,98,93.3,98.4,98.5,97.4,98.6,97.2,93.2,93.1,94,92.8,92.4,87.7,93.4,97.4,98.4,87.5,3.4,1.4,6.1,0.8,0.8,2.1,1,2.5,6.2,6.3,5.4,6.3,6.3,10.6,5.6,1.8,0,0,0.6,0.6,0.6,0.8,0.7,0.5,0.4,0.3,0.6,0.6,0.6,0.9,1.3,1.7,1,0.8,1.6,12.5
2012,AL,Urbana,Municipal,75,83.8,64.7,93.5,93.6,70.9,89.6,77.4,57.4,64.1,69,73.7,72,63,72.5,78.3,86.4,--,16.7,12.6,21.4,2.5,3.4,25.6,7.1,18.7,28.4,22.3,17.3,12.6,4.6,6.9,6.9,1.1,0,--,8.3,3.6,13.9,4,3,3.5,3.3,3.9,14.2,13.6,13.7,13.7,23.4,30.1,20.6,20.6,13.6,--
2012,AL,Urbana,Federal,--,--,--,--,--,--,--,--,--,--,--,--,76.2,72.2,80.1,80.2,73.3,100,--,--,--,--,--,--,--,--,--,--,--,--,19.3,21,15.8,18.1,24.7,0,--,--,--,--,--,--,--,--,--,--,--,--,4.5,6.8,4.1,1.7,2,0
2012,AL,Urbana,Estadual,68.1,81.3,65.1,86.3,90.9,70.9,89.3,77.3,55.3,65.8,70.4,71,68.7,61.1,71.4,78,86.3,--,16.2,11.9,17.3,4.7,3.9,22.6,4.4,15.2,24.2,17.2,13.6,12.4,9.2,12.5,7.3,5.9,5.7,--,15.7,6.8,17.6,9,5.2,6.5,6.3,7.5,20.5,17,16,16.6,22.1,26.4,21.3,16.1,8,--
2012,SE,Total,Total,78.1,84.3,70.4,97.2,82.4,81.3,80.8,82.6,61.2,69.7,76.6,80.3,75.5,66.6,78.1,86.1,92.4,89.3,17.1,13.1,22,1.1,15,16.4,16.3,14,30.3,23.1,16.8,12.3,10.8,15.8,9.1,5,1,3,4.8,2.6,7.6,1.7,2.6,2.3,2.9,3.4,8.5,7.2,6.6,7.4,13.7,17.6,12.8,8.9,6.6,7.7
2012,SE,Total,Publico,74.6,81.4,66.4,96.9,79.5,78.1,77.2,79.8,56.5,65.9,73.2,77.5,72.2,62.9,74.9,83.5,92.4,78.5,19.6,15.4,24.7,1.1,17.5,19.2,19.3,16.2,33.7,25.6,18.7,13.5,11.4,16.4,9.6,5.5,1,5.4,5.8,3.2,8.9,2,3,2.7,3.5,4,9.8,8.5,8.1,9,16.4,20.7,15.5,11,6.6,16.1
2012,SE,Total,Privada,94.5,97,91.1,98.3,96,96.6,97.3,96.7,91.3,89.6,91.8,91.9,91.3,86.2,92.5,96.4,--,99,5.1,2.7,8.5,1.2,3.7,3.1,2.4,3.2,8.4,10.1,7.7,7.5,7.8,12.5,6.7,3.1,--,1,0.4,0.3,0.4,0.5,0.3,0.3,0.3,0.1,0.3,0.3,0.5,0.6,0.9,1.3,0.8,0.5,--,0
2012,SE,Total,Municipal,74.4,79.6,65.7,96.8,75.3,77.1,74.9,77.8,56.5,65.3,74.1,77.8,96.1,92.6,97.8,98.1,--,--,20.3,17.1,25.5,1.3,21.7,20,21.2,17.9,34,26,18.3,13.1,3.2,7.4,0,1.9,--,--,5.3,3.3,8.8,1.9,3,2.9,3.9,4.3,9.5,8.7,7.6,9.1,0.7,0,2.2,0,--,--
2012,SE,Total,Federal,--,--,--,--,--,--,--,--,--,--,--,--,58.8,58.8,--,--,--,--,--,--,--,--,--,--,--,--,--,--,--,--,35.3,35.3,--,--,--,--,--,--,--,--,--,--,--,--,--,--,--,--,5.9,5.9,--,--,--,--
2012,SE,Total,Estadual,75,87.7,67.3,97.1,95.5,81.4,84.2,85.2,56.5,66.8,72.4,77.2,72.1,62.9,74.8,83.5,92.4,78.5,18.3,9.7,23.6,0.1,1.7,16.3,13.4,11.7,33.1,25.1,19.2,13.8,11.4,16.4,9.6,5.5,1,5.4,6.7,2.6,9.1,2.8,2.8,2.3,2.4,3.1,10.4,8.1,8.4,9,16.5,20.7,15.6,11,6.6,16.1
2012,SE,Rural,Total,76.5,80.1,68.9,96.8,74.8,78.4,75.9,79.1,58.7,68.5,76.5,83.1,77.8,71.2,79.5,84.3,96.1,78.5,19.2,17.4,22.9,1.9,23,19.5,21,17.3,32.4,23.3,16.3,9.2,4.8,6.4,3.8,3.9,0,5.4,4.3,2.5,8.2,1.3,2.2,2.1,3.1,3.6,8.9,8.2,7.2,7.7,17.4,22.4,16.7,11.8,3.9,16.1
2012,SE,Rural,Publico,76.4,80.1,68.9,96.8,74.7,78.3,75.7,79.1,58.7,68.6,76.4,83.2,77.8,71.2,79.5,84.3,96.1,78.5,19.2,17.4,22.9,2,23.1,19.6,21.1,17.3,32.4,23.2,16.4,9.2,4.8,6.4,3.8,3.9,0,5.4,4.4,2.5,8.2,1.2,2.2,2.1,3.2,3.6,8.9,8.2,7.2,7.6,17.4,22.4,16.7,11.8,3.9,16.1
2012,SE,Rural,Privada,86,91,64.7,98.9,83.2,94.8,94,82,58.3,39.3,100,77.8,--,--,--,--,--,--,14,9,35.3,1.1,16.8,5.2,6,18,41.7,60.7,0,22.2,--,--,--,--,--,--,0,0,0,0,0,0,0,0,0,0,0,0,--,--,--,--,--,--
2012,SE,Rural,Municipal,76.1,79.7,68.3,96.7,73.8,77.9,75.4,78.9,58.4,67.8,75.9,83,--,--,--,--,--,--,19.5,17.8,23.3,2,23.9,20,21.4,17.5,32.5,23.8,16.7,9,--,--,--,--,--,--,4.4,2.5,8.4,1.3,2.3,2.1,3.2,3.6,9.1,8.4,7.4,8,--,--,--,--,--,--
2012,SE,Rural,Federal,--,--,--,--,--,--,--,--,--,--,--,--,--,--,--,--,--,--,--,--,--,--,--,--,--,--,--,--,--,--,--,--,--,--,--,--,--,--,--,--,--,--,--,--,--,--,--,--,--,--,--,--,--,--
2012,SE,Rural,Estadual,81.6,88.9,74.8,98.5,96.9,86.7,83.3,83.7,62.3,76.6,81.2,84.8,77.8,71.2,79.5,84.3,96.1,78.5,14.3,9.1,19.1,0.6,2.4,11.2,13.8,13.8,30.1,16.9,13.8,10.6,4.8,6.4,3.8,3.9,0,5.4,4.1,2,6.1,0.9,0.7,2.1,2.9,2.5,7.6,6.5,5,4.6,17.4,22.4,16.7,11.8,3.9,16.1
2012,SE,Urbana,Total,78.6,86.2,70.8,97.4,86.2,82.6,83,84.1,61.9,69.9,76.6,79.8,75.4,66.4,78,86.2,92.1,99,16.4,11.1,21.8,0.7,11.1,14.9,14.1,12.6,29.7,23.1,16.9,12.9,11,16.2,9.3,5.1,1.1,1,5,2.7,7.4,1.9,2.7,2.5,2.9,3.3,8.4,7,6.5,7.3,13.6,17.4,12.7,8.7,6.8,0
2012,SE,Urbana,Publico,73.8,82.3,65.7,96.9,82.6,78,78.1,80.2,55.8,65.2,72.4,76.1,71.9,62.5,74.6,83.5,92.1,--,19.8,14.2,25.2,0.5,13.8,18.9,18.2,15.5,34.1,26.3,19.4,14.6,11.8,16.9,10,5.6,1.1,--,6.4,3.5,9.1,2.6,3.6,3.1,3.7,4.3,10.1,8.5,8.2,9.3,16.3,20.6,15.4,10.9,6.8,--
2012,SE,Urbana,Privada,94.6,97,91.2,98.3,96.2,96.7,97.3,96.8,91.5,89.8,91.7,91.9,91.3,86.2,92.5,96.4,--,99,5,2.7,8.3,1.2,3.5,3.1,2.4,3,8.2,9.9,7.8,7.4,7.8,12.5,6.7,3.1,--,1,0.4,0.3,0.5,0.5,0.3,0.2,0.3,0.2,0.3,0.3,0.5,0.7,0.9,1.3,0.8,0.5,--,0
2012,SE,Urbana,Municipal,73.1,79.5,64.1,96.9,76.6,76.4,74.5,76.8,55.4,63.8,73,74.7,96.1,92.6,97.8,98.1,--,--,20.9,16.6,26.8,0.7,19.6,20,21,18.2,34.9,27.2,19.3,15.6,3.2,7.4,0,1.9,--,--,6,3.9,9.1,2.4,3.8,3.6,4.5,5,9.7,9,7.7,9.7,0.7,0,2.2,0,--,--
2012,SE,Urbana,Federal,--,--,--,--,--,--,--,--,--,--,--,--,58.8,58.8,--,--,--,--,--,--,--,--,--,--,--,--,--,--,--,--,35.3,35.3,--,--,--,--,--,--,--,--,--,--,--,--,--,--,--,--,5.9,5.9,--,--,--,--
2012,SE,Urbana,Estadual,74.7,87.6,66.9,96.9,95.4,81,84.3,85.3,56.2,66.3,71.9,76.9,71.8,62.5,74.5,83.4,92.1,--,18.6,9.7,23.9,0,1.6,16.7,13.4,11.6,33.3,25.5,19.4,14,11.8,16.9,10,5.6,1.1,--,6.7,2.7,9.2,3.1,3,2.3,2.3,3.1,10.5,8.2,8.7,9.1,16.4,20.6,15.5,11,6.8,--
2012,BA,Total,Total,80.6,85.5,74.6,95.4,89.8,77.9,83.4,84.5,68.7,73.8,77.6,81.9,73.6,66.4,75.5,81.1,87.4,67.9,13.9,11.1,17.3,1.9,7.3,18.7,13,11.6,22.2,18.2,15.1,11,12.3,16.4,11,8.1,7.3,8.8,5.5,3.4,8.1,2.7,2.9,3.4,3.6,3.9,9.1,8,7.3,7.1,14.1,17.2,13.5,10.8,5.3,23.3
2012,BA,Total,Publico,78.6,83.7,72.8,95.2,88.5,75.1,81.4,82.7,66.4,71.9,75.9,80.6,72.1,64.7,74,79.7,87.4,65.7,15.2,12.5,18.4,1.7,8.1,21,14.6,12.9,23.6,19.3,16,11.5,12.7,16.8,11.3,8.5,7.3,9.4,6.2,3.8,8.8,3.1,3.4,3.9,4,4.4,10,8.8,8.1,7.9,15.2,18.5,14.7,11.8,5.3,24.9
2012,BA,Total,Privada,95.5,97.1,92.5,96.5,96.8,97.4,97.3,97.5,92.9,92.1,92.3,92.8,92,87.7,92.8,96.6,100,99.2,4.1,2.5,7,2.7,2.7,2.2,2.4,2.2,6.6,7.5,7.2,6.8,7.4,11.4,6.5,3.1,0,0.8,0.4,0.4,0.5,0.8,0.5,0.4,0.3,0.3,0.5,0.4,0.5,0.4,0.6,0.9,0.7,0.3,0,0
2012,BA,Total,Municipal,80.1,83.7,73.9,95.2,88.5,75.2,81.5,82.8,67.1,73,77.7,83.7,80.2,71.3,81.6,89.4,88.6,--,14.3,12.5,17.4,1.7,8.1,21,14.5,12.8,22.8,18.3,14.4,9,7.1,11.8,6.1,2.7,1.8,--,5.6,3.8,8.7,3.1,3.4,3.8,4,4.4,10.1,8.7,7.9,7.3,12.7,16.9,12.3,7.9,9.6,--
2012,BA,Total,Federal,96.8,--,96.8,--,--,--,--,--,99,90.8,100,97.9,55.8,51.5,61,61.7,48.1,46.7,3.2,--,3.2,--,--,--,--,--,1,9.2,0,2.1,40.5,41.8,37.4,37,50.9,20,0,--,0,--,--,--,--,--,0,0,0,0,3.7,6.7,1.6,1.3,1,33.3
2012,BA,Total,Estadual,70.8,79.8,70.3,94.8,91.6,73.8,74.5,79.2,64.7,69.4,72.6,75.5,72.1,64.8,74,79.7,91.4,65.8,20.3,15,20.7,3.3,4.8,21.5,20.2,14.6,25.8,21.5,18.9,15.4,12.4,16.5,11.1,8.3,3.1,9.4,8.9,5.2,9,1.9,3.6,4.7,5.3,6.2,9.5,9.1,8.5,9.1,15.5,18.7,14.9,12,5.5,24.8
2012,BA,Rural,Total,81.4,83.8,76.8,95.1,87.7,77.4,79.7,82.9,68.8,76.5,81,86.6,80.5,73.8,81.5,88.6,96.2,81.8,13.3,12.5,14.9,2.1,8.9,19.1,16.3,12.7,21.6,15.5,11,6.7,8.1,11.2,7.5,4.4,1.1,6.8,5.3,3.7,8.3,2.8,3.4,3.5,4,4.4,9.6,8,8,6.7,11.4,15,11,7,2.7,11.4
2012,BA,Rural,Publico,81.3,83.7,76.7,95,87.6,77.3,79.6,82.9,68.7,76.4,80.9,86.6,80.2,73.6,81.1,88.3,96.2,81.8,13.4,12.6,14.9,2.1,8.9,19.2,16.3,12.8,21.6,15.5,11.1,6.7,8.1,11.1,7.5,4.5,1.1,6.8,5.3,3.7,8.4,2.9,3.5,3.5,4.1,4.3,9.7,8.1,8,6.7,11.7,15.3,11.4,7.2,2.7,11.4
2012,BA,Rural,Privada,95.9,97.1,93.8,96.3,97.1,98.1,96.7,97.5,91.5,95.3,96.7,92.4,91,85.7,91.9,96.2,--,--,3.4,2.6,4.7,3.2,2.9,1.7,3.3,2.1,6.9,3.1,2.9,5.2,7.5,12.3,6.9,2.9,--,--,0.7,0.3,1.5,0.5,0,0.2,0,0.4,1.6,1.6,0.4,2.4,1.5,2,1.2,0.9,--,--
2012,BA,Rural,Municipal,81.3,83.7,76.7,95.1,87.6,77.3,79.6,82.9,68.6,76.4,80.8,86.8,83,74.2,84.5,93.2,97.4,--,13.4,12.6,14.9,2.1,8.9,19.2,16.3,12.8,21.6,15.5,11,6.5,5.5,9.9,4.2,1,0,--,5.3,3.7,8.4,2.8,3.5,3.5,4.1,4.3,9.8,8.1,8.2,6.7,11.5,15.9,11.3,5.8,2.6,--
2012,BA,Rural,Federal,--,--,--,--,--,--,--,--,--,--,--,--,82.6,72.8,90.9,93,--,46.7,--,--,--,--,--,--,--,--,--,--,--,--,9.1,13.3,6.1,4.1,--,20,--,--,--,--,--,--,--,--,--,--,--,--,8.3,13.9,3,2.9,--,33.3
2012,BA,Rural,Estadual,79.9,84.2,78.6,93.4,90.6,82.4,78.7,82.2,73,77.3,81.7,83,79.3,73.4,79.9,86.7,95.8,100,14.1,10.7,15.1,1.3,3.6,11.1,18,13.1,21.3,16.6,11.9,10.2,8.8,11.4,8.5,5.5,1.4,0,6,5.1,6.3,5.3,5.8,6.5,3.3,4.7,5.7,6.1,6.4,6.8,11.9,15.2,11.6,7.8,2.8,0
2012,BA,Urbana,Total,80.3,86.4,74,95.6,90.9,78.2,85.4,85.3,68.6,73,76.6,80.6,73.3,66.1,75.2,80.7,86.9,67.8,14.2,10.4,18,1.8,6.3,18.5,11.2,11,22.4,19,16.2,12.1,12.4,16.7,11.1,8.2,7.7,8.9,5.5,3.2,8,2.6,2.8,3.3,3.4,3.7,9,8,7.2,7.3,14.3,17.2,13.7,11.1,5.4,23.3
2012,BA,Urbana,Publico,77.3,83.6,71.5,95.2,89.2,73.7,82.5,82.6,65.6,70.4,74.4,78.8,71.7,64.3,73.6,79.3,86.9,65.5,16.2,12.5,19.5,1.4,7.4,22.3,13.4,13,24.3,20.5,17.5,12.9,12.9,17.1,11.5,8.7,7.7,9.4,6.5,3.9,9,3.4,3.4,4,4.1,4.4,10.1,9.1,8.1,8.3,15.4,18.6,14.9,12,5.4,25.1
2012,BA,Urbana,Privada,95.4,97.1,92.5,96.5,96.8,97.4,97.3,97.5,92.9,92.1,92.3,92.8,92,87.7,92.8,96.6,100,99.2,4.1,2.5,7,2.7,2.7,2.2,2.4,2.2,6.5,7.5,7.2,6.8,7.4,11.4,6.5,3.1,0,0.8,0.5,0.4,0.5,0.8,0.5,0.4,0.3,0.3,0.6,0.4,0.5,0.4,0.6,0.9,0.7,0.3,0,0
2012,BA,Urbana,Municipal,79.2,83.7,72.4,95.2,89.1,73.8,82.8,82.8,66.3,71.2,76,82,76.8,67.7,78.1,84.8,85.9,--,14.9,12.4,18.7,1.4,7.5,22.3,13.2,12.9,23.4,19.8,16.2,10.4,9.1,14.3,8.5,4.8,2.3,--,5.9,3.9,8.9,3.4,3.4,3.9,4,4.3,10.3,9,7.8,7.6,14.1,18,13.4,10.4,11.8,--
2012,BA,Urbana,Federal,96.8,--,96.8,--,--,--,--,--,99,90.8,100,97.9,52.8,49,57,57.8,48.1,--,3.2,--,3.2,--,--,--,--,--,1,9.2,0,2.1,44,45,41.6,41.1,50.9,--,0,--,0,--,--,--,--,--,0,0,0,0,3.2,6,1.4,1.1,1,--
2012,BA,Urbana,Estadual,70.5,79.2,70.1,95.1,91.9,71.8,73.9,78.9,64.4,69.2,72.3,75.3,71.9,64.5,73.8,79.5,91.2,65.5,20.5,15.7,20.8,3.8,5,24,20.5,14.7,25.9,21.6,19.1,15.6,12.5,16.7,11.2,8.4,3.2,9.4,9,5.1,9.1,1.1,3.1,4.2,5.6,6.4,9.7,9.2,8.6,9.1,15.6,18.8,15,12.1,5.6,25.1
2012,MG,Total,Total,91.2,96.4,85.6,98.8,98,93.2,97.1,95.8,84.3,86.5,85.7,86.3,78.6,70.8,81.4,86.7,89.2,90.2,7,3.1,11.2,0.8,1.7,6.4,2.4,3.5,12.7,11.1,10,10.5,12.4,17.3,10.6,7.8,3.6,0.9,1.8,0.5,3.2,0.4,0.3,0.4,0.5,0.7,3,2.4,4.3,3.2,9,11.9,8,5.5,7.2,8.9
2012,MG,Total,Publico,90.7,96.1,84.8,98.7,97.8,92.6,96.9,95.6,83.4,85.8,84.9,85.5,77.1,68.9,80,85.5,89.1,89.2,7.4,3.3,11.7,0.8,1.8,7,2.5,3.7,13.4,11.6,10.4,11,13,17.9,11.1,8.3,3.6,0.3,1.9,0.6,3.5,0.5,0.4,0.4,0.6,0.7,3.2,2.6,4.7,3.5,9.9,13.2,8.9,6.2,7.3,10.5
2012,MG,Total,Privada,96.5,98.7,93.7,99.1,99,98.6,98.6,98.2,94.5,93.7,93.3,93.5,92.4,88.8,93.4,95.7,90.9,95.7,3.4,1.2,6.1,0.7,1,1.4,1.4,1.7,5.4,6.2,6.6,6.3,7.2,10.7,6.2,4,7.3,4.3,0.1,0.1,0.2,0.2,0,0,0,0.1,0.1,0.1,0.1,0.2,0.4,0.5,0.4,0.3,1.8,0
2012,MG,Total,Municipal,91.9,94.8,85.3,98.4,97.1,89.8,95.6,94.2,83.1,85.2,86.8,87.1,79.7,70.8,81.7,87.6,94.1,--,6.9,4.7,12.1,1.1,2.5,9.7,3.8,5.1,14.5,12.3,10.5,10,14.1,20.7,12.2,8.7,0,--,1.2,0.5,2.6,0.5,0.4,0.5,0.6,0.7,2.4,2.5,2.7,2.9,6.2,8.5,6.1,3.7,5.9,--
2012,MG,Total,Federal,91.9,97.5,88.3,99.5,97.4,97.9,95.3,97.5,87.4,92,86.3,87.7,88.7,81.2,91.9,94.7,97.9,--,8,2.5,11.6,0.5,2.6,2.1,4.7,2.5,12.6,7.8,13.5,12.3,10.2,17.4,7.2,4.5,1,--,0.1,0,0.1,0,0,0,0,0,0,0.2,0.2,0,1.1,1.4,0.9,0.8,1.1,--
2012,MG,Total,Estadual,89.5,98.7,84.6,99.3,99.3,98.2,99.3,97.9,83.5,86.1,84.1,84.8,76.9,68.7,79.8,85.3,89,89.2,7.8,0.7,11.5,0.1,0.3,1.3,0.2,1.4,12.8,11.2,10.4,11.4,13,17.9,11.2,8.3,3.7,0.3,2.7,0.6,3.9,0.6,0.4,0.5,0.5,0.7,3.7,2.7,5.5,3.8,10.1,13.4,9,6.4,7.3,10.5
2012,MG,Rural,Total,93.2,95.5,88.2,98.4,96.1,92.3,96.4,95,84.4,88.2,90.3,92.1,88.6,83.1,90.5,94.2,92,--,5.2,3.8,8.3,0.8,3.1,7.1,2.9,4.2,12.2,8.6,6.1,4.1,5.4,8.6,4.1,2.3,8,--,1.6,0.7,3.5,0.8,0.8,0.6,0.7,0.8,3.4,3.2,3.6,3.8,6,8.3,5.4,3.5,0,--
2012,MG,Rural,Publico,93.2,95.5,88.2,98.4,96.1,92.3,96.3,95,84.4,88.2,90.2,92.1,88.4,82.9,90.3,94.1,92,--,5.2,3.8,8.3,0.8,3.1,7.1,3,4.2,12.3,8.7,6.1,4.1,5.4,8.7,4.1,2.2,8,--,1.6,0.7,3.5,0.8,0.8,0.6,0.7,0.8,3.3,3.1,3.7,3.8,6.2,8.4,5.6,3.7,0,--
2012,MG,Rural,Privada,94.9,98,93.4,100,97.8,97.4,100,95.4,93.6,94.3,93.5,92.4,93.1,89.3,94.8,95.6,--,--,3.9,1.6,5.1,0,0,2.6,0,4.6,4.6,3.3,4.3,7.6,4.2,5.8,3.2,3.3,--,--,1.2,0.4,1.5,0,2.2,0,0,0,1.8,2.4,2.2,0,2.7,4.9,2,1.1,--,--
2012,MG,Rural,Municipal,93.4,95.3,87.6,98.5,96.3,91.7,96.2,94.6,82.9,87.3,90.2,92.9,82.5,72.6,84.6,96.3,--,--,5.3,4,9.1,0.7,3,7.7,3.2,4.6,13.7,9.7,6.6,3.7,8.8,13.7,8.4,1.1,--,--,1.3,0.7,3.3,0.8,0.7,0.6,0.6,0.8,3.4,3,3.2,3.4,8.7,13.7,7,2.6,--,--
2012,MG,Rural,Federal,--,--,--,--,--,--,--,--,--,--,--,--,85.7,78.3,89.3,92.3,--,--,--,--,--,--,--,--,--,--,--,--,--,--,13.3,20,9.9,7.5,--,--,--,--,--,--,--,--,--,--,--,--,--,--,1,1.7,0.8,0.2,--,--
2012,MG,Rural,Estadual,92.4,96.9,89.1,97.4,95.3,96.7,97.6,97.2,86.7,89.7,90.2,90.9,89.3,84.4,90.8,94.4,92,--,5.1,2.3,7.1,1.8,3.8,2.8,1.7,1.9,10.1,7,5.3,4.7,3.5,5.9,2.5,1.2,8,--,2.5,0.8,3.8,0.8,0.9,0.5,0.7,0.9,3.2,3.3,4.5,4.4,7.2,9.7,6.7,4.4,0,--
2012,MG,Urbana,Total,91.1,96.5,85.5,98.8,98.2,93.3,97.2,95.9,84.3,86.4,85.4,86,78.4,70.5,81.2,86.5,89.2,90.2,7.1,3,11.4,0.8,1.5,6.3,2.3,3.4,12.7,11.2,10.3,10.8,12.6,17.5,10.7,7.9,3.6,0.9,1.8,0.5,3.1,0.4,0.3,0.4,0.5,0.7,3,2.4,4.3,3.2,9,12,8.1,5.6,7.2,8.9
2012,MG,Urbana,Publico,90.4,96.2,84.6,98.7,98.1,92.6,97,95.7,83.3,85.6,84.5,85,76.8,68.6,79.7,85.2,89.1,89.2,7.6,3.3,11.9,0.8,1.6,6.9,2.4,3.6,13.4,11.8,10.7,11.4,13.2,18.2,11.3,8.4,3.6,0.3,2,0.5,3.5,0.5,0.3,0.5,0.6,0.7,3.3,2.6,4.8,3.6,10,13.2,9,6.4,7.3,10.5
2012,MG,Urbana,Privada,96.5,98.7,93.7,99.1,99,98.6,98.6,98.2,94.5,93.7,93.2,93.6,92.4,88.8,93.4,95.7,90.9,95.7,3.4,1.2,6.1,0.7,1,1.4,1.4,1.7,5.4,6.2,6.6,6.3,7.2,10.8,6.3,4,7.3,4.3,0.1,0.1,0.2,0.2,0,0,0,0.1,0.1,0.1,0.2,0.1,0.4,0.4,0.3,0.3,1.8,0
2012,MG,Urbana,Municipal,91.6,94.7,84.9,98.4,97.2,89.5,95.5,94.1,83.2,84.8,86.3,86.2,79.4,70.5,81.4,86.9,94.1,--,7.2,4.8,12.6,1.2,2.4,10.1,3.9,5.2,14.6,12.6,11,11,14.6,21.6,12.6,9.4,0,--,1.2,0.5,2.5,0.4,0.4,0.4,0.6,0.7,2.2,2.6,2.7,2.8,6,7.9,6,3.7,5.9,--
2012,MG,Urbana,Federal,91.9,97.5,88.3,99.5,97.4,97.9,95.3,97.5,87.4,92,86.3,87.7,89.8,82.3,92.8,95.6,97.9,--,8,2.5,11.6,0.5,2.6,2.1,4.7,2.5,12.6,7.8,13.5,12.3,9.1,16.4,6.2,3.4,1,--,0.1,0,0.1,0,0,0,0,0,0,0.2,0.2,0,1.1,1.3,1,1,1.1,--
2012,MG,Urbana,Estadual,89.3,98.8,84.4,99.5,99.5,98.3,99.4,97.9,83.4,86,83.9,84.6,76.6,68.4,79.5,85.1,88.9,89.2,7.9,0.6,11.7,0,0.1,1.3,0.1,1.3,12.9,11.4,10.5,11.6,13.2,18.1,11.3,8.5,3.7,0.3,2.8,0.6,3.9,0.5,0.4,0.4,0.5,0.8,3.7,2.6,5.6,3.8,10.2,13.5,9.2,6.4,7.4,10.5
2012,ES,Total,Total,87.1,92.5,80.6,98.3,96.3,85.9,90,93,77.5,79.1,81.3,86.1,75.2,65.1,78.7,88.7,91,93.2,11.5,6.8,17,1.2,3.3,13.4,9.3,6.2,19.9,18.5,16.3,11.8,17.5,25.4,14.7,7,8.8,3.2,1.4,0.7,2.4,0.5,0.4,0.7,0.7,0.8,2.6,2.4,2.4,2.1,7.3,9.5,6.6,4.3,0.2,3.6
2012,ES,Total,Publico,85.8,91.7,78.7,98.1,95.9,84.4,88.8,92.3,75.6,77.1,79.4,84.8,72.3,62,76.1,86.7,89,93.2,12.6,7.7,18.6,1.3,3.7,14.9,10.4,6.8,21.6,20.3,17.8,12.7,19.4,27.4,16.3,8.2,10.8,3.2,1.6,0.6,2.7,0.6,0.4,0.7,0.8,0.9,2.8,2.6,2.8,2.5,8.3,10.6,7.6,5.1,0.2,3.6
2012,ES,Total,Privada,96.9,99.1,94.3,99.6,99.5,98.9,98.9,98.6,95.1,94.5,94.1,93.4,93.8,89.5,94.2,98.5,99,--,2.9,0.8,5.5,0.2,0.4,1,0.9,1.3,4.7,5.3,5.6,6.4,5.8,9.8,5.4,1.3,1,--,0.2,0.1,0.2,0.2,0.1,0.1,0.2,0.1,0.2,0.2,0.3,0.2,0.4,0.7,0.4,0.2,0,--
2012,ES,Total,Municipal,86.4,91.3,78.7,98.1,95.3,84,88.5,92.1,75.1,76.6,79.7,86.8,99.1,100,100,96.3,100,--,12.3,8,18.9,1.4,4.3,15.4,10.7,7,22.3,21.1,17.9,11.4,0,0,0,0,0,--,1.3,0.7,2.4,0.5,0.4,0.6,0.8,0.9,2.6,2.3,2.4,1.8,0.9,0,0,3.7,0,--
2012,ES,Total,Federal,--,--,--,--,--,--,--,--,--,--,--,--,85.8,81.2,85.1,89.5,99.4,93.2,--,--,--,--,--,--,--,--,--,--,--,--,12.9,17.6,14.3,8.3,0.6,3.2,--,--,--,--,--,--,--,--,--,--,--,--,1.3,1.2,0.6,2.2,0,3.6
2012,ES,Total,Estadual,84,93.2,78.8,97.9,98.7,86.5,90.3,93.1,76.6,78,79,82,71.8,61.4,75.8,86.6,79.9,--,13.6,5.9,17.9,1.1,0.8,12.4,8.8,5.8,20.1,18.8,17.7,14.6,19.6,27.7,16.4,8.2,19.7,--,2.4,0.9,3.3,1,0.5,1.1,0.9,1.1,3.3,3.2,3.3,3.4,8.6,10.9,7.8,5.2,0.4,--
2012,ES,Rural,Total,90.1,92.1,86.1,97.8,96.3,84,90.5,94.2,81.6,84.4,87.6,93.1,85.5,79.3,88,90.7,99.2,70,8.8,7.3,11.9,1.7,3.5,15.5,8.9,5.1,16.3,13.6,10.3,5.1,9.2,13.8,7.7,5.3,0.8,5,1.1,0.6,2,0.5,0.2,0.5,0.6,0.7,2.1,2,2.1,1.8,5.3,6.9,4.3,4,0,25
2012,ES,Rural,Publico,90.2,92.1,86.1,97.8,96.3,84,90.5,94.2,81.4,84.3,87.8,93.2,83.6,76.9,86.6,89.7,100,70,8.8,7.3,11.9,1.7,3.5,15.5,8.9,5.1,16.5,13.8,10.2,5.1,10.7,15.7,8.8,5.9,0,5,1,0.6,2,0.5,0.2,0.5,0.6,0.7,2.1,1.9,2,1.7,5.7,7.4,4.6,4.4,0,25
2012,ES,Rural,Privada,86.2,--,86.2,--,--,--,--,--,87.3,85.6,82.3,90.6,93,89.2,93.5,95.6,99,--,9.4,--,9.4,--,--,--,--,--,9,9.4,12.2,6.3,3.9,5.7,3.6,2.7,1,--,4.4,--,4.4,--,--,--,--,--,3.7,5,5.5,3.1,3.1,5.1,2.9,1.7,0,--
2012,ES,Rural,Municipal,90,91.8,85.9,97.7,95.8,83.3,90.2,94.3,81.4,83.7,87.6,93.4,99.1,100,100,96.3,100,--,9.1,7.7,12.3,1.9,3.9,16.2,9.2,5,16.9,14.4,10.5,4.9,0,0,0,0,0,--,0.9,0.5,1.8,0.4,0.3,0.5,0.6,0.7,1.7,1.9,1.9,1.7,0.9,0,0,3.7,0,--
2012,ES,Rural,Federal,--,--,--,--,--,--,--,--,--,--,--,--,74.8,68.2,81.3,76.7,--,70,--,--,--,--,--,--,--,--,--,--,--,--,21.8,29.9,17.3,18.1,--,5,--,--,--,--,--,--,--,--,--,--,--,--,3.4,1.9,1.4,5.2,--,25
2012,ES,Rural,Estadual,91.1,94.2,86.9,98.2,99.5,88.5,92.2,93.6,81.6,86.9,88.4,92.6,85.3,78.1,87.6,93,--,--,7.4,5,10.7,0.5,0.4,10.6,6.9,5.7,15.1,11.3,9.1,5.8,8.1,12.9,6.8,2.7,--,--,1.5,0.8,2.4,1.3,0.1,0.9,0.9,0.7,3.3,1.8,2.5,1.6,6.6,9,5.6,4.3,--,--
2012,ES,Urbana,Total,86.7,92.6,80.1,98.4,96.4,86.3,89.9,92.8,77.2,78.7,80.7,85.5,74.8,64.6,78.4,88.6,88.5,95.9,11.8,6.8,17.5,1.1,3.2,13.1,9.4,6.3,20.3,19,16.8,12.3,17.9,25.8,15,7.1,11.3,2.9,1.5,0.6,2.4,0.5,0.4,0.6,0.7,0.9,2.5,2.3,2.5,2.2,7.3,9.6,6.6,4.3,0.2,1.2
2012,ES,Urbana,Publico,85.2,91.6,78,98.2,95.8,84.5,88.5,92,75,76.4,78.6,84,71.9,61.5,75.8,86.6,88.5,95.9,13.1,7.7,19.2,1.3,3.7,14.8,10.6,7.1,22.1,20.9,18.6,13.4,19.7,27.7,16.5,8.3,11.3,2.9,1.7,0.7,2.8,0.5,0.5,0.7,0.9,0.9,2.9,2.7,2.8,2.6,8.4,10.8,7.7,5.1,0.2,1.2
2012,ES,Urbana,Privada,97,99.1,94.5,99.6,99.5,98.9,98.9,98.6,95.2,94.7,94.4,93.5,93.8,89.5,94.3,98.7,--,--,2.9,0.8,5.4,0.2,0.4,1,0.9,1.3,4.6,5.2,5.5,6.4,5.9,10,5.5,1.2,--,--,0.1,0.1,0.1,0.2,0.1,0.1,0.2,0.1,0.2,0.1,0.1,0.1,0.3,0.5,0.2,0.1,--,--
2012,ES,Urbana,Municipal,85.9,91.3,77.9,98.2,95.2,84.2,88.2,91.7,74.4,75.8,78.7,85.9,--,--,--,--,--,--,12.8,8.1,19.7,1.3,4.4,15.2,11,7.4,23,21.9,18.8,12.2,--,--,--,--,--,--,1.3,0.6,2.4,0.5,0.4,0.6,0.8,0.9,2.6,2.3,2.5,1.9,--,--,--,--,--,--
2012,ES,Urbana,Federal,--,--,--,--,--,--,--,--,--,--,--,--,88.6,84.6,86,94.2,99.4,95.9,--,--,--,--,--,--,--,--,--,--,--,--,10.6,14.4,13.5,4.7,0.6,2.9,--,--,--,--,--,--,--,--,--,--,--,--,0.8,1,0.5,1.1,0,1.2
2012,ES,Urbana,Estadual,83.4,93.1,78.3,97.9,98.6,86.2,90,93.1,76.3,77.5,78.5,81.5,71.4,61,75.5,86.4,79.9,--,14.1,6,18.3,1.1,0.8,12.7,9,5.8,20.4,19.2,18.2,15,19.9,28,16.6,8.4,19.7,--,2.5,0.9,3.4,1,0.6,1.1,1,1.1,3.3,3.3,3.3,3.5,8.7,11,7.9,5.2,0.4,--
2012,RJ,Total,Total,86.5,89.4,83,90.3,91,85.9,89,91.4,80.9,81.2,84.4,86.8,77.7,69.1,78.7,88.6,93.9,87.5,11.8,9.5,14.3,8.3,8.1,13.2,10,7.6,15.9,16.3,13.3,10.8,14.9,21,14.5,7.3,3.2,4.8,1.7,1.1,2.7,1.4,0.9,0.9,1,1,3.2,2.5,2.3,2.4,7.4,9.9,6.8,4.1,2.9,7.7
2012,RJ,Total,Publico,83.8,86.9,80.3,88.9,88.5,82.1,86.2,89.6,77.7,78.1,81.9,85.3,74.5,65.3,75.2,86.3,95,86.6,13.9,11.8,16.3,9.3,10.4,16.8,12.4,9.1,18.4,18.7,15.1,11.6,16.3,22.5,16.2,8.4,3.3,4.9,2.3,1.3,3.4,1.8,1.1,1.1,1.4,1.3,3.9,3.2,3,3.1,9.2,12.2,8.6,5.3,1.7,8.5
2012,RJ,Total,Privada,94.2,96.1,91.6,93.3,97,97,96.8,96.6,92.6,91.1,91.6,91.1,89.8,84.5,90.9,95.6,77.7,95.5,5.5,3.5,8.1,6,2.7,2.8,3,3.2,7.1,8.6,8.1,8.6,9.6,14.7,8.6,4,1.5,3.7,0.3,0.4,0.3,0.7,0.3,0.2,0.2,0.2,0.3,0.3,0.3,0.3,0.6,0.8,0.5,0.4,20.8,0.8
2012,RJ,Total,Municipal,84.8,86.8,81.1,88.9,88.5,82.1,85.9,89.9,78.1,78.3,83.7,88.2,75.8,64.5,81.6,85.5,95.8,--,13.4,11.9,16,9.4,10.4,16.8,12.8,8.8,18.2,18.9,14,9.8,19.1,29,13.4,10.8,4.2,--,1.8,1.3,2.9,1.7,1.1,1.1,1.3,1.3,3.7,2.8,2.3,2,5.1,6.5,5,3.7,0,--
2012,RJ,Total,Federal,90.6,94.8,88.4,92.2,94.9,93.9,95.8,97.2,89.2,87.5,88.7,88.2,89.2,87.5,91.6,95.9,100,81.3,9.3,5.2,11.5,7.6,5.1,6.1,4.2,2.8,10.6,12.4,11.2,11.7,9.9,11.6,7.8,3.6,0,17.1,0.1,0,0.1,0.2,0,0,0,0,0.2,0.1,0.1,0.1,0.9,0.9,0.6,0.5,0,1.6
2012,RJ,Total,Estadual,79.3,86.7,78.6,88.8,88.8,78.1,94.9,84.1,76.3,77.5,79.2,81.6,73.9,64.8,74.7,86,94.8,87.5,16.5,11.3,17,5.8,9.2,20.3,4,14.3,19,18.6,16.7,13.8,16.5,22.7,16.5,8.5,3.4,3,4.2,2,4.4,5.4,2,1.6,1.1,1.6,4.7,3.9,4.1,4.6,9.6,12.5,8.8,5.5,1.8,9.5
2012,RJ,Rural,Total,82.7,83.8,80.3,82.1,81.2,82,85.5,88.7,75.7,78.3,83.1,87.6,84.3,78.2,85.6,92.9,100,86.9,15.8,15.2,17,16.7,18,17,13.5,10.2,21.1,19.4,14.2,9.9,9.5,13.9,8.4,3.7,0,4.6,1.5,1,2.7,1.2,0.8,1,1,1.1,3.2,2.3,2.7,2.5,6.2,7.9,6,3.4,0,8.5
2012,RJ,Rural,Publico,82.1,83.3,79.7,81.5,80.5,81.4,85,88.3,75,77.7,82.6,87.3,83.7,77.5,85,92.5,100,86.9,16.3,15.7,17.5,17.2,18.7,17.6,14,10.6,21.7,20,14.5,10.1,9.7,14.2,8.6,4,0,4.6,1.6,1,2.8,1.3,0.8,1,1,1.1,3.3,2.3,2.9,2.6,6.6,8.3,6.4,3.5,0,8.5
2012,RJ,Rural,Privada,95.4,96.5,93.2,93.5,97.6,96,97.2,98.8,94.2,92.6,93.2,92.7,95.7,91.8,96.9,100,--,--,4.2,3.2,6.4,5.6,2.4,3.7,2.6,1.1,5.8,7.2,6.8,5.6,4.2,7.7,3.1,0,--,--,0.4,0.3,0.4,0.9,0,0.3,0.2,0.1,0,0.2,0,1.7,0.1,0.5,0,0,--,--
2012,RJ,Rural,Municipal,82.3,83.3,79.4,81.5,80.5,81.4,84.9,88.6,75.4,77.4,82.5,88.6,80.4,66.7,83.3,80,100,--,16.3,15.7,18.1,17.3,18.7,17.6,14.1,10.3,21.8,20.4,14.8,9.2,13.7,27.8,8.3,10,0,--,1.4,1,2.5,1.2,0.8,1,1,1.1,2.8,2.2,2.7,2.2,5.9,5.5,8.4,10,0,--
2012,RJ,Rural,Federal,--,--,--,--,--,--,--,--,--,--,--,--,100,100,100,100,100,--,--,--,--,--,--,--,--,--,--,--,--,--,0,0,0,0,0,--,--,--,--,--,--,--,--,--,--,--,--,--,0,0,0,0,0,--
2012,RJ,Rural,Estadual,80.2,80.4,80.2,77.2,--,72.3,97,77.2,73.8,78.2,82.9,85.7,83.3,77.2,84.6,92.4,--,86.9,16.4,15.2,16.5,13.8,--,21.5,0.8,20,21.4,19.2,14,11.2,9.9,14.4,8.8,4,--,4.6,3.4,4.4,3.3,9,--,6.2,2.2,2.8,4.8,2.6,3.1,3.1,6.8,8.4,6.6,3.6,--,8.5
2012,RJ,Urbana,Total,86.7,89.8,83.1,90.9,91.8,86.1,89.2,91.6,81.2,81.3,84.4,86.8,77.6,68.9,78.6,88.5,93.9,87.5,11.5,9.1,14.2,7.6,7.4,12.9,9.7,7.4,15.7,16.2,13.2,10.8,15,21.1,14.7,7.4,3.2,4.8,1.8,1.1,2.7,1.5,0.8,1,1.1,1,3.1,2.5,2.4,2.4,7.4,10,6.7,4.1,2.9,7.7
2012,RJ,Urbana,Publico,83.9,87.2,80.3,89.7,89.4,82.1,86.4,89.7,77.8,78.1,81.9,85.2,74.3,65,75,86.2,94.9,86.6,13.8,11.4,16.3,8.5,9.5,16.7,12.3,9,18.2,18.7,15.1,11.7,16.5,22.7,16.4,8.5,3.4,4.9,2.3,1.4,3.4,1.8,1.1,1.2,1.3,1.3,4,3.2,3,3.1,9.2,12.3,8.6,5.3,1.7,8.5
2012,RJ,Urbana,Privada,94.2,96.1,91.6,93.3,97,97,96.8,96.6,92.6,91.1,91.6,91.1,89.7,84.5,90.8,95.6,77.7,95.5,5.5,3.5,8.1,6,2.7,2.8,3,3.2,7.1,8.6,8.1,8.6,9.6,14.7,8.6,4.1,1.5,3.7,0.3,0.4,0.3,0.7,0.3,0.2,0.2,0.2,0.3,0.3,0.3,0.3,0.7,0.8,0.6,0.3,20.8,0.8
2012,RJ,Urbana,Municipal,85,87.2,81.2,89.7,89.4,82.2,86,90,78.2,78.4,83.7,88.2,75.7,64.5,81.6,85.5,95.5,--,13.1,11.5,15.9,8.5,9.5,16.7,12.6,8.6,18,18.8,13.9,9.8,19.1,29,13.5,10.8,4.5,--,1.9,1.3,2.9,1.8,1.1,1.1,1.4,1.4,3.8,2.8,2.4,2,5.2,6.5,4.9,3.7,0,--
2012,RJ,Urbana,Federal,90.6,94.8,88.4,92.2,94.9,93.9,95.8,97.2,89.2,87.5,88.7,88.2,89,87.3,91.4,95.9,100,81.3,9.3,5.2,11.5,7.6,5.1,6.1,4.2,2.8,10.6,12.4,11.2,11.7,10.1,11.7,8,3.7,0,17.1,0.1,0,0.1,0.2,0,0,0,0,0.2,0.1,0.1,0.1,0.9,1,0.6,0.4,0,1.6
2012,RJ,Urbana,Estadual,79.3,86.9,78.6,89.3,88.8,78.2,94.9,84.3,76.4,77.4,79.1,81.4,73.7,64.5,74.4,85.8,94.8,87.5,16.5,11.2,17.1,5.4,9.2,20.3,4.1,14.1,18.9,18.5,16.8,13.9,16.7,22.9,16.7,8.6,3.4,2.9,4.2,1.9,4.3,5.3,2,1.5,1,1.6,4.7,4.1,4.1,4.7,9.6,12.6,8.9,5.6,1.8,9.6
2012,SP,Total,Total,94.8,96.8,92.7,98.8,97.4,95,97.4,95.8,95,94,93.4,88.6,82.8,77.2,83.3,90.2,96.1,97,4.3,2.9,5.7,0.9,2.4,4.8,2.4,3.9,3.9,4.8,5.1,9,12.6,17.3,12.1,6.5,2.3,3,0.9,0.3,1.6,0.3,0.2,0.2,0.2,0.3,1.1,1.2,1.5,2.4,4.6,5.5,4.6,3.3,1.6,0
2012,SP,Total,Publico,94.3,96.5,92.1,98.8,97.3,94.3,97.1,95.3,94.7,93.6,93,87.2,80.7,74.9,81.1,88.7,95,97,4.7,3.3,6.1,0.9,2.5,5.5,2.7,4.4,4,4.9,5.2,10,13.9,18.7,13.5,7.4,2.7,3,1,0.2,1.8,0.3,0.2,0.2,0.2,0.3,1.3,1.5,1.8,2.8,5.4,6.4,5.4,3.9,2.3,0
2012,SP,Total,Privada,97.4,98.5,96.1,99,98.1,98.4,98.6,98.5,96.5,95.8,95.8,96.5,95.2,91.7,96,98.5,97.6,--,2.6,1.5,3.9,1,1.9,1.6,1.4,1.5,3.5,4.2,4.2,3.4,4.7,8.1,3.8,1.5,1.8,--,0,0,0,0,0,0,0,0,0,0,0,0.1,0.1,0.2,0.2,0,0.6,--
2012,SP,Total,Municipal,94.9,95.9,92.1,98.9,96.6,92.6,96.5,95.3,93,91,92.5,92.1,86.3,80,88.3,92,93.6,--,4.5,3.8,6.5,0.9,3.2,7.2,3.3,4.4,6,7.7,6,6.1,11.1,16.7,9.4,6,2.9,--,0.6,0.3,1.4,0.2,0.2,0.2,0.2,0.3,1,1.3,1.5,1.8,2.6,3.3,2.3,2,3.5,--
2012,SP,Total,Federal,98.5,98.5,--,100,97.6,94.9,100,100,--,--,--,--,85.4,80.8,83.1,89.2,97.7,--,1.5,1.5,--,0,2.4,5.1,0,0,--,--,--,--,14,18.7,15.8,10.3,2.3,--,0,0,--,0,0,0,0,0,--,--,--,--,0.6,0.5,1.1,0.5,0,--
2012,SP,Total,Estadual,93.6,97.9,92,98.6,99,98.9,98.5,95.3,95.4,94.6,93.2,85.6,80.6,74.8,81,88.7,--,97,4.8,1.8,6,0.8,0.7,0.8,1.1,4.3,3.3,3.9,4.9,11.3,13.9,18.8,13.5,7.5,--,3,1.6,0.3,2,0.6,0.3,0.3,0.4,0.4,1.3,1.5,1.9,3.1,5.5,6.4,5.5,3.8,--,0
2012,SP,Rural,Total,94.5,95,93.8,98.6,95.8,91.1,96.1,93.8,94.9,94.5,94.1,91.6,88.9,85.7,89,93.1,--,--,4.8,4.8,4.9,1,4,8.7,3.8,6,4.1,4.5,4.6,6.5,7.6,10.1,7.4,4.3,--,--,0.7,0.2,1.3,0.4,0.2,0.2,0.1,0.2,1,1,1.3,1.9,3.5,4.2,3.6,2.6,--,--
2012,SP,Rural,Publico,94.5,95,93.8,98.6,95.9,91,96.1,93.7,95,94.7,94.1,91.4,88.6,85.4,88.7,92.9,--,--,4.8,4.8,4.9,1,4,8.8,3.7,6,4.1,4.3,4.6,6.7,7.8,10.3,7.6,4.5,--,--,0.7,0.2,1.3,0.4,0.1,0.2,0.2,0.3,0.9,1,1.3,1.9,3.6,4.3,3.7,2.6,--,--
2012,SP,Rural,Privada,94.5,95.2,93.6,98.5,93.9,94.2,95.1,94.8,93.3,88.8,95,97.8,98.2,96.7,98.3,100,--,--,4.9,4.7,5.2,1.5,6.1,5.8,4.4,4.9,5.4,9.6,4.1,1.2,1.5,3.3,0.9,0,--,--,0.6,0.1,1.2,0,0,0,0.5,0.3,1.3,1.6,0.9,1,0.3,0,0.8,0,--,--
2012,SP,Rural,Municipal,94.2,94.7,91.9,98.7,95.4,89.9,95.8,93.7,91.2,90.9,91.9,93.8,83.2,76.4,83.6,90.8,--,--,5.6,5.1,7.4,1.1,4.4,9.9,4,6.1,8.3,8.5,7.5,5.2,11.6,15.2,11.2,7.7,--,--,0.2,0.2,0.7,0.2,0.2,0.2,0.2,0.2,0.5,0.6,0.6,1,5.2,8.4,5.2,1.5,--,--
2012,SP,Rural,Estadual,95.3,97.2,94.7,98.1,98.6,98.8,98.1,94.1,97,96.6,95,90.4,88.7,85.6,88.8,93,--,--,3.4,2.3,3.7,0.2,1.1,0.9,1.6,5.3,1.9,2.2,3.3,7.3,7.7,10.2,7.6,4.4,--,--,1.3,0.5,1.6,1.7,0.3,0.3,0.3,0.6,1.1,1.2,1.7,2.3,3.6,4.2,3.6,2.6,--,--
2012,SP,Urbana,Total,94.8,96.9,92.7,98.8,97.5,95.1,97.4,95.8,95,94,93.4,88.5,82.7,77,83.2,90.2,96.1,97,4.3,2.9,5.8,0.9,2.3,4.7,2.4,3.9,3.9,4.8,5.1,9.1,12.6,17.4,12.1,6.6,2.3,3,0.9,0.2,1.5,0.3,0.2,0.2,0.2,0.3,1.1,1.2,1.5,2.4,4.7,5.6,4.7,3.2,1.6,0
2012,SP,Urbana,Publico,94.2,96.5,92,98.8,97.3,94.4,97.1,95.3,94.7,93.6,93,87.1,80.6,74.7,81,88.7,95,97,4.7,3.2,6.1,0.9,2.5,5.4,2.7,4.4,4,5,5.2,10.1,14,18.9,13.6,7.5,2.7,3,1.1,0.3,1.9,0.3,0.2,0.2,0.2,0.3,1.3,1.4,1.8,2.8,5.4,6.4,5.4,3.8,2.3,0
2012,SP,Urbana,Privada,97.4,98.5,96.1,99,98.1,98.4,98.7,98.5,96.5,95.8,95.8,96.5,95.2,91.7,96,98.5,97.6,--,2.6,1.5,3.9,1,1.9,1.6,1.3,1.5,3.5,4.2,4.2,3.5,4.7,8.1,3.8,1.5,1.8,--,0,0,0,0,0,0,0,0,0,0,0,0,0.1,0.2,0.2,0,0.6,--
2012,SP,Urbana,Municipal,94.9,96,92.1,98.9,96.6,92.7,96.6,95.3,93,91,92.5,92,86.4,80.1,88.4,92,93.6,--,4.5,3.8,6.4,0.9,3.2,7.1,3.2,4.4,6,7.7,6,6.1,11.1,16.8,9.3,5.9,2.9,--,0.6,0.2,1.5,0.2,0.2,0.2,0.2,0.3,1,1.3,1.5,1.9,2.5,3.1,2.3,2.1,3.5,--
2012,SP,Urbana,Federal,98.5,98.5,--,100,97.6,94.9,100,100,--,--,--,--,85.4,80.8,83.1,89.2,97.7,--,1.5,1.5,--,0,2.4,5.1,0,0,--,--,--,--,14,18.7,15.8,10.3,2.3,--,0,0,--,0,0,0,0,0,--,--,--,--,0.6,0.5,1.1,0.5,0,--
2012,SP,Urbana,Estadual,93.6,97.9,92,98.6,99,98.9,98.5,95.3,95.4,94.6,93.1,85.5,80.5,74.7,80.9,88.6,--,97,4.9,1.8,6,0.8,0.7,0.8,1.1,4.3,3.3,4,5,11.3,14,18.9,13.6,7.5,--,3,1.5,0.3,2,0.6,0.3,0.3,0.4,0.4,1.3,1.4,1.9,3.2,5.5,6.4,5.5,3.9,--,0
2012,PR,Total,Total,89,94.1,83.5,97.9,91.9,90.1,94.6,96.6,82.7,83.5,83.4,84.4,81,74.2,82.3,88.3,94.1,97.1,9.4,5.7,13.4,1.9,7.9,9.8,5.2,3.2,14.6,14,13.4,11.5,12.8,18.2,11.8,7,3.1,1.2,1.6,0.2,3.1,0.2,0.2,0.1,0.2,0.2,2.7,2.5,3.2,4.1,6.2,7.6,5.9,4.7,2.8,1.7
2012,PR,Total,Publico,87.9,93.4,82,97.7,91,88.9,94,96.2,81.1,82,82,83,78.8,71.8,80,86.5,94,97.1,10.3,6.4,14.5,2,8.8,11,5.7,3.5,15.9,15.2,14.5,12.4,14.1,19.7,13.1,8,3.2,0.5,1.8,0.2,3.5,0.3,0.2,0.1,0.3,0.3,3,2.8,3.5,4.6,7.1,8.5,6.9,5.5,2.8,2.4
2012,PR,Total,Privada,97.5,98.5,96.2,98.9,97.6,98.3,98.7,98.8,96.8,96.1,95.8,96,95.7,92.5,96.4,98.5,98.3,97,2.4,1.5,3.7,1,2.3,1.7,1.2,1.2,3.1,3.8,4.1,3.9,3.9,7.1,3.3,1.2,0.9,2.1,0.1,0,0.1,0.1,0.1,0,0.1,0,0.1,0.1,0.1,0.1,0.4,0.4,0.3,0.3,0.8,0.9
2012,PR,Total,Municipal,93.2,93.5,82.9,97.8,91,88.9,94.1,96.4,79.9,79.3,82.9,92,--,--,--,--,--,--,6.5,6.3,15,2,8.8,10.9,5.7,3.4,18.1,18.2,14.9,6.6,--,--,--,--,--,--,0.3,0.2,2.1,0.2,0.2,0.2,0.2,0.2,2,2.5,2.2,1.4,--,--,--,--,--,--
2012,PR,Total,Federal,92.4,--,92.4,--,--,--,--,--,93.9,92.9,90,93,90.4,82.3,90.8,91.7,93.6,97.1,7.6,--,7.6,--,--,--,--,--,6.1,7.1,10,7,7.9,15.6,8,7.1,6.4,0.5,0,--,0,--,--,--,--,--,0,0,0,0,1.7,2.1,1.2,1.2,0,2.4
2012,PR,Total,Estadual,82,86.5,82,85,86.9,83.3,82.2,88.8,81.1,82.1,82,82.8,78.7,71.7,79.9,86.5,94,--,14.5,10.4,14.5,8.6,9.9,14.2,13.7,9.2,15.8,15.1,14.4,12.5,14.2,19.7,13.2,8,3,--,3.5,3.1,3.5,6.4,3.2,2.5,4.1,2,3.1,2.8,3.6,4.7,7.1,8.6,6.9,5.5,3,--
2012,PR,Rural,Total,90.9,92.6,88.4,97,90,88.7,92.4,95.1,86.1,87.6,89,91,88,83.3,88.7,94.2,88.9,--,7.7,6.9,8.8,2.3,9.6,11,7.2,4.3,11.5,10,8,5.4,6.8,9.9,6.3,2.7,0,--,1.4,0.5,2.8,0.7,0.4,0.3,0.4,0.6,2.4,2.4,3,3.6,5.2,6.8,5,3.1,11.1,--
2012,PR,Rural,Publico,90.9,92.6,88.4,97,90.1,88.7,92.4,95.1,86.1,87.6,89,91,87.8,83.1,88.5,94.1,88.9,--,7.7,7,8.8,2.3,9.6,11,7.2,4.2,11.5,10,8,5.3,6.9,10,6.4,2.8,0,--,1.4,0.4,2.8,0.7,0.3,0.3,0.4,0.7,2.4,2.4,3,3.7,5.3,6.9,5.1,3.1,11.1,--
2012,PR,Rural,Privada,92.8,92.5,93.4,98.5,86.4,93.6,90.6,95.1,100,97.2,92.2,85.5,96.5,93.8,97.6,98.5,--,--,6.4,6.6,6.3,1.5,13.6,5.3,6.3,4.9,0,2.8,7.8,13,3.5,6.2,2.4,1.5,--,--,0.8,0.9,0.3,0,0,1.1,3.1,0,0,0,0,1.5,0,0,0,0,--,--
2012,PR,Rural,Municipal,92.9,93.1,87.5,97.7,90.3,88.9,93,95.7,83.5,84.9,88.4,94.5,--,--,--,--,--,--,6.8,6.7,9.5,2,9.5,10.9,6.8,3.9,13.9,12.7,8.5,1.7,--,--,--,--,--,--,0.3,0.2,3,0.3,0.2,0.2,0.2,0.4,2.6,2.4,3.1,3.8,--,--,--,--,--,--
2012,PR,Rural,Estadual,88,81.7,88.4,83,84.4,81.6,78.4,81.3,86.2,87.7,89,90.9,87.8,83.1,88.5,94.1,88.9,--,9,12.8,8.7,9.3,11.7,15.2,16.6,11.4,11.4,9.9,8,5.5,6.9,10,6.4,2.8,0,--,3,5.5,2.9,7.7,3.9,3.2,5,7.3,2.4,2.4,3,3.6,5.3,6.9,5.1,3.1,11.1,--
2012,PR,Urbana,Total,88.9,94.2,83.2,98,92.1,90.2,94.8,96.7,82.5,83.2,83.1,84,80.7,73.8,82,88,94.1,97.1,9.5,5.6,13.7,1.8,7.8,9.7,5,3.1,14.8,14.3,13.7,11.9,13,18.6,12,7.2,3.1,1.2,1.6,0.2,3.1,0.2,0.1,0.1,0.2,0.2,2.7,2.5,3.2,4.1,6.3,7.6,6,4.8,2.8,1.7
2012,PR,Urbana,Publico,87.6,93.5,81.6,97.8,91.1,88.9,94.2,96.4,80.7,81.6,81.5,82.5,78.4,71.3,79.6,86.2,94,97.1,10.5,6.3,14.9,2,8.8,10.9,5.6,3.4,16.2,15.6,14.9,12.9,14.5,20.1,13.4,8.3,3.2,0.5,1.9,0.2,3.5,0.2,0.1,0.2,0.2,0.2,3.1,2.8,3.6,4.6,7.1,8.6,7,5.5,2.8,2.4
2012,PR,Urbana,Privada,97.5,98.5,96.2,98.9,97.7,98.4,98.8,98.8,96.8,96.1,95.8,96,95.7,92.5,96.4,98.5,98.3,97,2.4,1.4,3.7,1,2.3,1.6,1.2,1.2,3.1,3.8,4.1,3.9,3.9,7.1,3.3,1.2,0.9,2.1,0.1,0.1,0.1,0.1,0,0,0,0,0.1,0.1,0.1,0.1,0.4,0.4,0.3,0.3,0.8,0.9
2012,PR,Urbana,Municipal,93.3,93.5,82.4,97.8,91.1,88.9,94.2,96.5,79.5,78.6,82.3,91.7,--,--,--,--,--,--,6.5,6.3,15.6,2,8.8,10.9,5.6,3.3,18.6,18.8,15.7,7.2,--,--,--,--,--,--,0.2,0.2,2,0.2,0.1,0.2,0.2,0.2,1.9,2.6,2,1.1,--,--,--,--,--,--
2012,PR,Urbana,Federal,92.4,--,92.4,--,--,--,--,--,93.9,92.9,90,93,90.4,82.3,90.8,91.7,93.6,97.1,7.6,--,7.6,--,--,--,--,--,6.1,7.1,10,7,7.9,15.6,8,7.1,6.4,0.5,0,--,0,--,--,--,--,--,0,0,0,0,1.7,2.1,1.2,1.2,0,2.4
2012,PR,Urbana,Estadual,81.6,92,81.5,95.3,99.1,89.6,100,91,80.8,81.7,81.5,82.2,78.3,71.2,79.5,86.2,94,--,14.9,7.7,14.9,4.7,0.9,10.4,0,8.6,16.1,15.5,14.9,13,14.5,20.2,13.5,8.3,3,--,3.5,0.3,3.6,0,0,0,0,0.4,3.1,2.8,3.6,4.8,7.2,8.6,7,5.5,3,--
2012,SC,Total,Total,93.8,96.1,91.1,99.2,96.5,93.1,97,95.2,88.4,89,94.2,91,83,76.3,84,90.9,87.8,90.8,5.4,3.6,7.4,0.6,3.3,6.7,2.8,4.5,10.8,10,4.6,6.3,10.1,14.5,9.8,4.5,3.8,8,0.8,0.3,1.5,0.2,0.2,0.2,0.2,0.3,0.8,1,1.2,2.7,6.9,9.2,6.2,4.6,8.4,1.2
2012,SC,Total,Publico,93.4,95.8,90.5,99.3,96.3,92.5,96.8,94.8,87.6,87,94,90.6,81.1,74,82.1,89.8,87.8,88,5.8,4,7.8,0.5,3.6,7.4,3,4.9,11.6,11.7,4.6,6.6,10.9,15.5,10.7,4.8,3.8,10.4,0.8,0.2,1.7,0.2,0.1,0.1,0.2,0.3,0.8,1.3,1.4,2.8,8,10.5,7.2,5.4,8.4,1.6
2012,SC,Total,Privada,97.9,99,96.5,99.2,98.8,99,99.2,99.1,97.8,96.9,95.6,95.9,94.5,91.4,95.5,96.9,--,98.5,2,0.9,3.4,0.7,1.2,0.9,0.8,0.8,2.1,3,4.2,3.9,5.1,8,4.1,2.9,--,1.5,0.1,0.1,0.1,0.1,0,0.1,0,0.1,0.1,0.1,0.2,0.2,0.4,0.6,0.4,0.2,--,0
2012,SC,Total,Municipal,93.4,95.7,89.4,99.3,94.9,93.5,95.4,95.6,87.9,86.4,89.5,93.8,90.1,88.5,89.3,93.3,--,--,6,4.1,9.3,0.5,4.9,6.3,4.4,4.1,11,12.3,9.3,5,6.4,6.8,6.7,5.6,--,--,0.6,0.2,1.3,0.2,0.2,0.2,0.2,0.3,1.1,1.3,1.2,1.2,3.5,4.7,4,1.1,--,--
2012,SC,Total,Federal,95.4,98.3,92,100,95.8,98.7,97.2,100,100,88.5,95.9,84,89.7,87.6,89,95.4,100,88.4,4.4,1.7,7.7,0,4.2,1.3,2.8,0,0,11.5,2.7,16,9,10.4,9.5,3.9,0,10.7,0.2,0,0.3,0,0,0,0,0,0,0,1.4,0,1.3,2,1.5,0.7,0,0.9
2012,SC,Total,Estadual,93.3,96,91.4,99.2,99.4,90.3,99.3,93.5,87.3,90.2,97.5,88.9,80.8,73.7,81.9,89.7,87.4,79.7,5.4,3.7,6.6,0.5,0.4,9.5,0.4,6.1,12.1,8.9,1.2,7.3,11,15.6,10.8,4.8,4,5.1,1.3,0.3,2,0.3,0.2,0.2,0.3,0.4,0.6,0.9,1.3,3.8,8.2,10.7,7.3,5.5,8.6,15.2
2012,SC,Rural,Total,95.5,96.5,93.5,99.2,97.3,93.2,97.3,96,90.6,92.2,96.2,93.5,89.7,85.1,89.1,96,98.2,66.7,3.9,3.3,5,0.5,2.5,6.7,2.5,3.7,8.6,7.3,2.5,3.9,5.9,8.6,6.4,2,0,33.3,0.6,0.2,1.5,0.3,0.2,0.1,0.2,0.3,0.8,0.5,1.3,2.6,4.4,6.3,4.5,2,1.8,0
2012,SC,Rural,Publico,95.5,96.5,93.5,99.2,97.3,93.2,97.3,96,90.6,92.2,96.2,93.5,89.7,85.3,88.9,95.9,98.2,66.7,3.9,3.3,5,0.5,2.5,6.7,2.5,3.7,8.6,7.3,2.5,3.9,5.8,8.4,6.6,2,0,33.3,0.6,0.2,1.5,0.3,0.2,0.1,0.2,0.3,0.8,0.5,1.3,2.6,4.5,6.3,4.5,2.1,1.8,0
2012,SC,Rural,Privada,--,--,--,--,--,--,--,--,--,--,--,--,89.6,80.7,93.9,100,--,--,--,--,--,--,--,--,--,--,--,--,--,--,6.8,14.7,1.2,0,--,--,--,--,--,--,--,--,--,--,--,--,--,--,3.6,4.6,4.9,0,--,--
2012,SC,Rural,Municipal,95.8,96.5,94.1,99.1,96.8,93.7,96.7,96.3,92,92.1,94.7,96.5,92.7,89.8,92.5,96.6,--,--,3.8,3.4,4.9,0.5,3,6.3,3.1,3.5,7.1,7.3,4.1,2.4,3.3,5.6,3.8,0,--,--,0.4,0.1,1,0.4,0.2,0,0.2,0.2,0.9,0.6,1.2,1.1,4,4.6,3.7,3.4,--,--
2012,SC,Rural,Federal,--,--,--,--,--,--,--,--,--,--,--,--,92.6,93.3,89,93.5,100,--,--,--,--,--,--,--,--,--,--,--,--,--,5.8,4.4,9.5,5,0,--,--,--,--,--,--,--,--,--,--,--,--,--,1.6,2.3,1.5,1.5,0,--
2012,SC,Rural,Estadual,94.6,96.7,92.8,99.3,99.3,91.6,99.5,95,89.1,92.8,97.9,90.9,89.1,83.9,88.7,96.3,96.2,66.7,4.2,2.9,5.2,0.4,0.2,8.3,0.3,4.2,10.2,7.2,0.7,5.3,6,9.1,6.3,1.6,0,33.3,1.2,0.4,2,0.3,0.5,0.1,0.2,0.8,0.7,0,1.4,3.8,4.9,7,5,2.1,3.8,0
2012,SC,Urbana,Total,93.7,96.1,90.9,99.2,96.4,93.1,97,95.1,88.3,88.9,94,90.8,82.8,76.1,83.9,90.7,87.1,90.8,5.5,3.7,7.6,0.6,3.4,6.7,2.8,4.6,10.9,10.1,4.8,6.5,10.2,14.7,9.9,4.6,4.1,8,0.8,0.2,1.5,0.2,0.2,0.2,0.2,0.3,0.8,1,1.2,2.7,7,9.2,6.2,4.7,8.8,1.2
2012,SC,Urbana,Publico,93.1,95.7,90.2,99.3,96.1,92.4,96.7,94.7,87.3,86.8,93.9,90.3,80.8,73.7,81.8,89.6,87.1,88,6,4.1,8.1,0.5,3.7,7.5,3.1,5,11.8,12,4.8,6.8,11.1,15.7,10.9,4.9,4.1,10.3,0.9,0.2,1.7,0.2,0.2,0.1,0.2,0.3,0.9,1.2,1.3,2.9,8.1,10.6,7.3,5.5,8.8,1.7
2012,SC,Urbana,Privada,97.9,99,96.5,99.2,98.8,99,99.2,99.1,97.8,96.9,95.6,95.9,94.5,91.5,95.5,96.9,--,98.5,2,0.9,3.4,0.7,1.2,0.9,0.8,0.8,2.1,3,4.2,3.9,5.1,7.9,4.1,2.9,--,1.5,0.1,0.1,0.1,0.1,0,0.1,0,0.1,0.1,0.1,0.2,0.2,0.4,0.6,0.4,0.2,--,0
2012,SC,Urbana,Municipal,93.1,95.6,89,99.3,94.6,93.5,95.2,95.5,87.5,86.1,88.9,93.5,89.2,88.1,88.2,92.1,--,--,6.3,4.2,9.8,0.6,5.2,6.4,4.6,4.2,11.4,12.5,9.9,5.3,7.5,7.2,7.7,7.5,--,--,0.6,0.2,1.2,0.1,0.2,0.1,0.2,0.3,1.1,1.4,1.2,1.2,3.3,4.7,4.1,0.4,--,--
2012,SC,Urbana,Federal,95.4,98.3,92,100,95.8,98.7,97.2,100,100,88.5,95.9,84,89,86.1,89.1,96.4,--,88.4,4.4,1.7,7.7,0,4.2,1.3,2.8,0,0,11.5,2.7,16,9.8,11.9,9.4,3.3,--,10.7,0.2,0,0.3,0,0,0,0,0,0,0,1.4,0,1.2,2,1.5,0.3,--,0.9
2012,SC,Urbana,Estadual,93.2,96,91.3,99.2,99.4,90.2,99.3,93.4,87.2,90,97.4,88.8,80.6,73.4,81.7,89.5,87.1,80.3,5.5,3.8,6.7,0.5,0.4,9.6,0.4,6.2,12.2,9,1.2,7.5,11.1,15.8,10.9,4.9,4.1,3.9,1.3,0.2,2,0.3,0.2,0.2,0.3,0.4,0.6,1,1.4,3.7,8.3,10.8,7.4,5.6,8.8,15.8
2012,RS,Total,Total,87,93.4,79,99.2,96.8,89.3,91.6,91.2,73.5,77,80.3,86.1,72.9,63,76.4,87.4,86.2,75.4,11.7,6.1,18.7,0.4,2.7,10.2,7.8,8.1,24.1,20.8,17.4,11.7,16.8,22.7,15.1,7.5,5.8,16.4,1.3,0.5,2.3,0.4,0.5,0.5,0.6,0.7,2.4,2.2,2.3,2.2,10.3,14.3,8.5,5.1,8,8.2
2012,RS,Total,Publico,86,92.8,77.6,99.1,96.7,88.3,90.9,90.4,72.8,75.1,78.9,85.1,70.6,60.6,74.3,85.9,85.6,75.2,12.6,6.6,19.9,0.4,2.8,11.2,8.4,8.7,24.7,22.4,18.6,12.3,17.8,23.7,16.1,8.2,6.2,16.6,1.4,0.6,2.5,0.5,0.5,0.5,0.7,0.9,2.5,2.5,2.5,2.6,11.6,15.7,9.6,5.9,8.2,8.2
2012,RS,Total,Privada,96.4,98.1,93.7,99.6,97.4,98,97.9,97.7,93,94.1,93.7,93.6,91.4,86.9,92,96.2,95.4,94.4,3.4,1.8,6.1,0.3,2.5,1.9,2,2.2,6.6,5.8,6.2,6.3,8.1,12.2,7.6,3.5,0,3.5,0.2,0.1,0.2,0.1,0.1,0.1,0.1,0.1,0.4,0.1,0.1,0.1,0.5,0.9,0.4,0.3,4.6,2.1
2012,RS,Total,Municipal,87.2,92.2,79.8,99,95.2,87.6,90.8,89.7,75.6,77,80.9,88.4,63.2,50.4,68.3,76.8,78.8,72.8,11.5,7.2,17.8,0.6,4.4,11.8,8.6,9.4,22.1,20.6,16.7,9.3,20.1,29.2,16.1,11.5,5.3,12.8,1.3,0.6,2.4,0.4,0.4,0.6,0.6,0.9,2.3,2.4,2.4,2.3,16.7,20.4,15.6,11.7,15.9,14.4
2012,RS,Total,Federal,92.1,98.5,91.3,100,90.5,100,100,100,91.3,95.4,90.4,88.7,82.3,77.2,83.4,88,87.9,85.9,7.9,1.5,8.7,0,9.5,0,0,0,8.7,4.6,9.6,11.3,15.5,18.8,15.4,11.6,10.9,11,0,0,0,0,0,0,0,0,0,0,0,0,2.2,4,1.2,0.4,1.2,3.1
2012,RS,Total,Estadual,84.6,93.6,75.6,99.3,99,89.2,91.2,91.4,69.4,73.4,77.1,82.5,70.4,60.4,74.1,86,85.4,74.9,13.8,5.8,21.7,0.2,0.5,10.3,8.2,7.9,27.9,24.1,20.2,14.7,17.9,23.7,16.2,8.1,5.2,17.3,1.6,0.6,2.7,0.5,0.5,0.5,0.6,0.7,2.7,2.5,2.7,2.8,11.7,15.9,9.7,5.9,9.4,7.8
2012,RS,Rural,Total,89.3,93.5,83.3,99.3,96.1,89.3,92.1,92.1,77.4,80.6,84.5,92.1,79.9,70.7,82.7,92,100,100,9.3,5.9,14.2,0.2,3.5,10.1,7.4,7.2,20.5,16.8,12.8,5.5,12.5,18.5,10.8,4.4,0,0,1.4,0.6,2.5,0.5,0.4,0.6,0.5,0.7,2.1,2.6,2.7,2.4,7.6,10.8,6.5,3.6,0,0
2012,RS,Rural,Publico,89.3,93.5,83.4,99.3,96.1,89.3,92.1,92.2,77.4,80.6,84.5,92.2,79.8,70.8,82.6,91.9,100,100,9.3,5.9,14.2,0.2,3.5,10.1,7.4,7.1,20.5,16.8,12.7,5.4,12.3,18.1,10.7,4.5,0,0,1.4,0.6,2.4,0.5,0.4,0.6,0.5,0.7,2.1,2.6,2.8,2.4,7.9,11.1,6.7,3.6,0,0
2012,RS,Rural,Privada,84.2,94.1,78.2,100,97.7,88.9,93,87.5,82.6,78.5,72,82.9,80.5,67.7,86.1,97.6,--,--,15.6,5.9,21.5,0,2.3,11.1,7,12.5,13,21.5,28,17.1,19.2,32.3,13,2.4,--,--,0.2,0,0.3,0,0,0,0,0,4.4,0,0,0,0.3,0,0.9,0,--,--
2012,RS,Rural,Municipal,89.8,93.4,83.9,99.6,95.2,89.3,92.2,92,78.4,80.5,85,93.5,77.2,63.1,83.7,93.1,--,--,9.2,6.2,14.1,0.1,4.5,10.3,7.4,7.4,20.1,17.2,12.7,4.7,15.5,28,10.1,1.1,--,--,1,0.4,2,0.3,0.3,0.4,0.4,0.6,1.5,2.3,2.3,1.8,7.3,8.9,6.2,5.8,--,--
2012,RS,Rural,Federal,--,--,--,--,--,--,--,--,--,--,--,--,80.5,72.6,80.8,89.6,100,--,--,--,--,--,--,--,--,--,--,--,--,--,18.3,25.4,18.1,10,0,--,--,--,--,--,--,--,--,--,--,--,--,--,1.2,2,1.1,0.4,0,--
2012,RS,Rural,Estadual,88.4,93.8,82.5,98.7,98.4,89.6,91.6,92.6,75.4,80.8,83.8,90,79.8,70.8,82.8,92.3,--,100,9.6,5.2,14.3,0.3,0.5,9.6,7.4,6.4,21.6,16.1,12.7,6.7,11.1,16.5,9.5,3.4,--,0,2,1,3.2,1,1.1,0.8,1,1,3,3.1,3.5,3.3,9.1,12.7,7.7,4.3,--,0
2012,RS,Urbana,Total,86.7,93.4,78.5,99.1,96.9,89.3,91.6,91,73,76.5,79.9,85.3,72.7,62.8,76.2,87.2,86.1,75.4,11.9,6.1,19.2,0.4,2.7,10.3,7.9,8.2,24.6,21.2,17.9,12.4,16.9,22.8,15.2,7.6,5.9,16.4,1.4,0.5,2.3,0.5,0.4,0.4,0.5,0.8,2.4,2.3,2.2,2.3,10.4,14.4,8.6,5.2,8,8.2
2012,RS,Urbana,Publico,85.5,92.7,76.9,99.1,96.9,88.1,90.8,90.2,72.2,74.4,78.2,84.2,70.3,60.3,74,85.6,85.5,75.2,13,6.7,20.6,0.5,2.7,11.4,8.6,9,25.3,23.1,19.4,13.2,18,23.9,16.3,8.4,6.3,16.6,1.5,0.6,2.5,0.4,0.4,0.5,0.6,0.8,2.5,2.5,2.4,2.6,11.7,15.8,9.7,6,8.2,8.2
2012,RS,Urbana,Privada,96.5,98.1,93.8,99.6,97.4,98,97.9,97.7,93,94.2,93.9,93.7,91.5,87.1,92,96.2,95.4,94.4,3.4,1.8,6,0.3,2.5,1.9,2,2.2,6.6,5.7,6,6.2,8,12,7.5,3.5,0,3.5,0.1,0.1,0.2,0.1,0.1,0.1,0.1,0.1,0.4,0.1,0.1,0.1,0.5,0.9,0.5,0.3,4.6,2.1
2012,RS,Urbana,Municipal,86.8,92,79.1,98.8,95.1,87.3,90.5,89.2,75.2,76.4,80.2,87.4,62.3,49.6,66.7,75.4,78.8,72.8,11.9,7.4,18.5,0.6,4.4,12.2,8.9,9.8,22.5,21.1,17.4,10.2,20.4,29.3,16.7,12.4,5.3,12.8,1.3,0.6,2.4,0.6,0.5,0.5,0.6,1,2.3,2.5,2.4,2.4,17.3,21.1,16.6,12.2,15.9,14.4
2012,RS,Urbana,Federal,92.1,98.5,91.3,100,90.5,100,100,100,91.3,95.4,90.4,88.7,82.7,78.4,83.9,87.3,87.4,85.9,7.9,1.5,8.7,0,9.5,0,0,0,8.7,4.6,9.6,11.3,14.8,17.1,14.8,12.3,11.5,11,0,0,0,0,0,0,0,0,0,0,0,0,2.5,4.5,1.3,0.4,1.1,3.1
2012,RS,Urbana,Estadual,84.2,93.6,75,99.4,99.1,89.2,91.2,91.2,68.8,72.8,76.5,81.9,70.2,60.2,73.8,85.7,85.4,74.8,14.2,5.9,22.4,0.2,0.5,10.4,8.3,8,28.5,24.8,20.9,15.4,18,23.9,16.4,8.2,5.2,17.3,1.6,0.5,2.6,0.4,0.4,0.4,0.5,0.8,2.7,2.4,2.6,2.7,11.8,15.9,9.8,6.1,9.4,7.9
2012,MS,Total,Total,83.9,88.2,78.1,97.8,80.9,85.7,88.5,90.9,76.4,74.2,80.1,82.2,74.2,64.7,77.2,86.1,82.8,74.7,13.6,10.9,17.2,1.3,18.3,13.6,10.6,7.9,19.4,20.9,15.6,12.4,15.5,22.5,13.4,6.8,8.3,15.2,2.5,0.9,4.7,0.9,0.8,0.7,0.9,1.2,4.2,4.9,4.3,5.4,10.3,12.8,9.4,7.1,8.9,10.1
2012,MS,Total,Publico,82.6,87.1,76.6,97.6,79.1,84.4,87.4,90.2,74.8,72.4,78.7,80.8,71.6,61.9,74.6,84.2,82.8,74.7,14.7,11.9,18.3,1.5,20.1,14.8,11.5,8.5,20.7,22.2,16.5,13.2,16.8,24,14.6,7.5,8.3,15.2,2.7,1,5.1,0.9,0.8,0.8,1.1,1.3,4.5,5.4,4.8,6,11.6,14.1,10.8,8.3,8.9,10.1
2012,MS,Total,Privada,96.9,98.3,94.7,99,97.7,97.9,98.3,98.4,95.5,94,94.2,95.1,94.3,90.7,95.1,97.4,--,--,3,1.6,5.1,0.5,2.1,2,1.7,1.6,4.4,5.8,5.6,4.8,5.5,8.9,4.8,2.4,--,--,0.1,0.1,0.2,0.5,0.2,0.1,0,0,0.1,0.2,0.2,0.1,0.2,0.4,0.1,0.2,--,--
2012,MS,Total,Municipal,86,87.7,82.5,98,80.2,84.7,87.6,90.7,78.5,77.9,85.6,90.7,89.6,88.2,86.5,93.2,--,--,12.5,11.4,14.6,1.1,18.9,14.5,11.4,8.2,18.4,18.8,11.9,6.8,2.6,5.9,2.7,0,--,--,1.5,0.9,2.9,0.9,0.9,0.8,1,1.1,3.1,3.3,2.5,2.5,7.8,5.9,10.8,6.8,--,--
2012,MS,Total,Federal,90.8,--,90.8,--,--,--,--,--,89.2,95.3,91.7,88,78.3,71.6,93.3,94.5,--,74.7,9.2,--,9.2,--,--,--,--,--,10.8,4.7,8.3,12,14.9,28.4,6.7,5.5,--,15.2,0,--,0,--,--,--,--,--,0,0,0,0,6.8,0,0,0,--,10.1
2012,MS,Total,Estadual,77.3,85.7,71.3,96.2,76,83.5,87,89.3,70.6,67.3,72.6,74.3,71.5,61.9,74.5,84.1,82.8,--,18.1,13.2,21.6,2.7,23.2,15.7,11.9,9.1,23.3,25.5,20.6,17.3,16.9,24,14.7,7.5,8.3,--,4.6,1.1,7.1,1.1,0.8,0.8,1.1,1.6,6.1,7.2,6.8,8.4,11.6,14.1,10.8,8.4,8.9,--
2012,MS,Rural,Total,81.5,82.8,79.4,94.3,74.2,79.4,83,87.4,73,75.7,83.1,89.1,78.7,72,81,88.7,--,68.2,15,15,14.9,3.5,23.7,19,14.5,10.2,21,18.2,11.1,6.3,12,16.3,9.7,5,--,24.4,3.5,2.2,5.7,2.2,2.1,1.6,2.5,2.4,6,6.1,5.8,4.6,9.3,11.7,9.3,6.3,--,7.4
2012,MS,Rural,Publico,81.3,82.7,79,94.3,73.9,79.2,82.8,87.2,72.6,75.3,82.8,88.8,77,70.3,79.2,87.6,--,68.2,15.2,15.1,15.2,3.5,23.9,19.2,14.7,10.3,21.4,18.5,11.3,6.5,12.8,17.2,10.6,5.4,--,24.4,3.5,2.2,5.8,2.2,2.2,1.6,2.5,2.5,6,6.2,5.9,4.7,10.2,12.5,10.2,7,--,7.4
2012,MS,Rural,Privada,99,100,98.4,100,100,100,100,100,97.7,97.8,98,100,98.4,95.9,100,99.3,--,--,0.8,0,1.3,0,0,0,0,0,1.1,2.2,2,0,1.6,4.1,0,0.7,--,--,0.2,0,0.3,0,0,0,0,0,1.2,0,0,0,0,0,0,0,--,--
2012,MS,Rural,Municipal,81.5,82.2,80,94,74.2,78.4,82.1,86.4,73.2,76.5,84.3,90.4,89.6,88.2,86.5,93.2,--,--,15,15.5,14.1,3.6,23.5,20,15.2,11,20.2,16.7,10.3,5.2,2.6,5.9,2.7,0,--,--,3.5,2.3,5.9,2.4,2.3,1.6,2.7,2.6,6.6,6.8,5.4,4.4,7.8,5.9,10.8,6.8,--,--
2012,MS,Rural,Federal,--,--,--,--,--,--,--,--,--,--,--,--,68.2,--,--,--,--,68.2,--,--,--,--,--,--,--,--,--,--,--,--,24.4,--,--,--,--,24.4,--,--,--,--,--,--,--,--,--,--,--,--,7.4,--,--,--,--,7.4
2012,MS,Rural,Estadual,80.6,85.3,76,95.8,72.6,84.2,86.8,91.6,70.6,71.4,78.2,84.8,77.4,70,79,87.4,--,--,15.9,13.2,18.6,2.5,26.1,14.2,11.9,6.9,25.1,24,14.2,9.8,12.2,17.4,10.8,5.6,--,--,3.5,1.5,5.4,1.7,1.3,1.6,1.3,1.5,4.3,4.6,7.6,5.4,10.4,12.6,10.2,7,--,--
2012,MS,Urbana,Total,84.2,89,78,98.3,81.9,86.6,89.2,91.4,76.8,74,79.7,81.5,74,64.3,77,85.9,82.8,77.9,13.4,10.3,17.4,1,17.5,12.8,10.1,7.6,19.2,21.2,16.1,13,15.7,22.9,13.6,6.9,8.3,10.7,2.4,0.7,4.6,0.7,0.6,0.6,0.7,1,4,4.8,4.2,5.5,10.3,12.8,9.4,7.2,8.9,11.4
2012,MS,Urbana,Publico,82.8,87.8,76.3,98.1,79.9,85.2,88.2,90.7,75.1,72.1,78.3,80,71.3,61.4,74.3,84,82.8,77.9,14.6,11.4,18.6,1.1,19.4,14.1,11,8.2,20.6,22.7,17.1,13.9,17.1,24.4,14.9,7.6,8.3,10.7,2.6,0.8,5.1,0.8,0.7,0.7,0.8,1.1,4.3,5.2,4.6,6.1,11.6,14.2,10.8,8.4,8.9,11.4
2012,MS,Urbana,Privada,96.9,98.3,94.6,99,97.7,97.9,98.3,98.4,95.5,93.9,94.1,94.9,94.1,90.5,94.9,97.3,--,--,3,1.6,5.2,0.5,2.2,2,1.7,1.6,4.5,5.9,5.7,4.9,5.6,9.1,4.9,2.5,--,--,0.1,0.1,0.2,0.5,0.1,0.1,0,0,0,0.2,0.2,0.2,0.3,0.4,0.2,0.2,--,--
2012,MS,Urbana,Municipal,86.9,88.8,83,98.8,81.4,86,88.8,91.5,79.6,78.2,85.9,90.8,--,--,--,--,--,--,12,10.6,14.7,0.6,18,13.4,10.6,7.6,18,19.2,12.2,7.2,--,--,--,--,--,--,1.1,0.6,2.3,0.6,0.6,0.6,0.6,0.9,2.4,2.6,1.9,2,--,--,--,--,--,--
2012,MS,Urbana,Federal,90.8,--,90.8,--,--,--,--,--,89.2,95.3,91.7,88,81.2,71.6,93.3,94.5,--,77.9,9.2,--,9.2,--,--,--,--,--,10.8,4.7,8.3,12,12.1,28.4,6.7,5.5,--,10.7,0,--,0,--,--,--,--,--,0,0,0,0,6.7,0,0,0,--,11.4
2012,MS,Urbana,Estadual,77.1,85.8,71.1,96.2,76.3,83.4,87.1,89.1,70.6,67,72.3,73.8,71.1,61.4,74.2,83.9,82.8,--,18.2,13.2,21.7,2.7,23,15.8,11.9,9.3,23.2,25.6,20.9,17.7,17.1,24.3,15,7.7,8.3,--,4.7,1,7.2,1.1,0.7,0.8,1,1.6,6.2,7.4,6.8,8.5,11.8,14.3,10.8,8.4,8.9,--
2012,MT,Total,Total,96.3,97.2,95.2,99.3,97.6,95,96.9,97.3,94.5,96.3,96.2,93.6,67.3,57.9,71.9,77.6,92,78.5,2.6,2.4,3,0.3,2,4.6,2.8,2,4.3,2.3,1.9,3.5,19.7,26.3,16.9,11.9,6.5,9,1.1,0.4,1.8,0.4,0.4,0.4,0.3,0.7,1.2,1.4,1.9,2.9,13,15.8,11.2,10.5,1.5,12.5
2012,MT,Total,Publico,96.1,97,95,99.3,97.5,94.7,96.7,97.2,94.2,96.3,96.1,93.3,64.9,55.5,69.4,75.5,92,78.4,2.7,2.5,3,0.2,2.1,5,2.9,2,4.5,2.3,1.8,3.5,21,27.7,18.3,13,6.5,9.1,1.2,0.5,2,0.5,0.4,0.3,0.4,0.8,1.3,1.4,2.1,3.2,14.1,16.8,12.3,11.5,1.5,12.5
2012,MT,Total,Privada,98,98.9,97,99.1,99,98.9,98.7,98.6,97.4,96.9,97.2,96.5,95.7,93.3,96.8,97.5,--,95.8,1.8,1.1,2.9,0.7,1,1.1,1.3,1.4,2.5,3,2.6,3.3,3.9,6.1,2.9,2.2,--,4.2,0.2,0,0.1,0.2,0,0,0,0,0.1,0.1,0.2,0.2,0.4,0.6,0.3,0.3,--,0
2012,MT,Total,Municipal,94.2,95.8,90.6,99.1,96.6,92.4,94.8,96,89.6,90.7,91.7,91,87.7,74.3,100,100,--,--,4.6,3.6,6.8,0.3,2.9,7.2,4.6,3.2,8.5,6.7,5.3,5.5,12.3,25.7,0,0,--,--,1.2,0.6,2.6,0.6,0.5,0.4,0.6,0.8,1.9,2.6,3,3.5,0,0,0,0,--,--
2012,MT,Total,Federal,--,--,--,--,--,--,--,--,--,--,--,--,81.4,73.4,81.8,91.6,96.7,--,--,--,--,--,--,--,--,--,--,--,--,--,17.1,24.6,17,7.6,1.6,--,--,--,--,--,--,--,--,--,--,--,--,--,1.5,2,1.2,0.8,1.7,--
2012,MT,Total,Estadual,98,99.6,97.1,99.8,99.5,99.9,99.9,98.9,98.2,99,97.8,94.1,64.7,55.3,69.3,75.4,91.2,78.4,0.8,0.2,1.1,0,0.2,0,0,0.5,0.9,0.1,0.4,2.9,21,27.8,18.3,13,7.3,9.1,1.2,0.2,1.8,0.2,0.3,0.1,0.1,0.6,0.9,0.9,1.8,3,14.3,16.9,12.4,11.6,1.5,12.5
2012,MT,Rural,Total,94.8,96.4,92.8,98.2,96.5,95.5,96.8,95,92.6,94.1,92.1,92.6,77,70.7,79.4,85.3,89.2,79.1,2.9,2.4,3.5,0.6,2.3,3.7,2.3,2.8,4.9,3.2,3,2.8,11.2,15.3,9.7,6.3,3.6,9.1,2.3,1.2,3.7,1.2,1.2,0.8,0.9,2.2,2.5,2.7,4.9,4.6,11.8,14,10.9,8.4,7.2,11.8
2012,MT,Rural,Publico,94.8,96.4,92.8,98.2,96.5,95.5,96.8,95,92.5,94.1,92.1,92.6,77,70.6,79.4,85.3,89.2,79.1,2.9,2.4,3.5,0.5,2.3,3.7,2.3,2.8,4.9,3.2,3,2.8,11.2,15.3,9.7,6.3,3.6,9.1,2.3,1.2,3.7,1.3,1.2,0.8,0.9,2.2,2.6,2.7,4.9,4.6,11.8,14.1,10.9,8.4,7.2,11.8
2012,MT,Rural,Privada,92.1,92,92.3,81.8,100,80,100,100,100,90,90,87.5,96.8,93.3,100,100,--,--,6.7,8,5.1,18.2,0,20,0,0,0,0,10,12.5,3.2,6.7,0,0,--,--,1.2,0,2.6,0,0,0,0,0,0,10,0,0,0,0,0,0,--,--
2012,MT,Rural,Municipal,94,95.9,91,97.9,96.1,94.3,95.7,95.9,89.6,91,92.5,91,87.7,74.3,100,100,--,--,3.6,2.8,5,0.7,2.7,4.7,3.1,2.5,7.2,5.2,3.3,3.7,12.3,25.7,0,0,--,--,2.4,1.3,4,1.4,1.2,1,1.2,1.6,3.2,3.8,4.2,5.3,0,0,0,0,--,--
2012,MT,Rural,Federal,--,--,--,--,--,--,--,--,--,--,--,--,82.8,72.1,84.3,90.6,--,--,--,--,--,--,--,--,--,--,--,--,--,--,14.7,20.6,15.7,9.4,--,--,--,--,--,--,--,--,--,--,--,--,--,--,2.5,7.3,0,0,--,--
2012,MT,Rural,Estadual,96.4,97.7,95.4,99.4,97.7,99.8,99.8,93.2,97.7,99.1,91.7,94.5,76.8,70.6,79.2,85,89.2,79.1,1.3,1.1,1.4,0,1.3,0.1,0,3.3,0.9,0.1,2.7,1.6,11.2,15.2,9.7,6.3,3.6,9.1,2.3,1.2,3.2,0.6,1,0.1,0.2,3.5,1.4,0.8,5.6,3.9,12,14.2,11.1,8.7,7.2,11.8
2012,MT,Urbana,Total,96.5,97.4,95.6,99.4,97.8,94.9,96.9,97.8,94.9,96.7,96.9,93.8,66.3,56.6,71.2,77,92.4,77.4,2.6,2.3,2.9,0.2,1.9,4.8,2.8,1.8,4.2,2.2,1.6,3.6,20.6,27.4,17.5,12.4,6.8,8.9,0.9,0.3,1.5,0.4,0.3,0.3,0.3,0.4,0.9,1.1,1.5,2.6,13.1,16,11.3,10.6,0.8,13.7
2012,MT,Urbana,Publico,96.4,97.2,95.4,99.5,97.7,94.5,96.7,97.7,94.6,96.7,96.9,93.5,63.5,53.8,68.4,74.6,92.4,77,2.7,2.5,2.9,0.1,2.1,5.3,3,1.9,4.4,2.1,1.5,3.7,22.2,29.1,19.1,13.6,6.8,9,0.9,0.3,1.7,0.4,0.2,0.2,0.3,0.4,1,1.2,1.6,2.8,14.3,17.1,12.5,11.8,0.8,14
2012,MT,Urbana,Privada,98.1,98.9,97,99.1,99,99,98.7,98.6,97.4,96.9,97.2,96.5,95.7,93.3,96.7,97.5,--,95.8,1.8,1,2.8,0.7,1,1,1.3,1.4,2.5,3,2.6,3.3,3.9,6.1,2.9,2.2,--,4.2,0.1,0.1,0.2,0.2,0,0,0,0,0.1,0.1,0.2,0.2,0.4,0.6,0.4,0.3,--,0
2012,MT,Urbana,Municipal,94.3,95.7,90.5,99.4,96.7,91.9,94.6,96,89.6,90.6,91.4,91,--,--,--,--,--,--,4.8,3.8,7.5,0.2,3,7.8,5,3.3,8.9,7.4,6.2,6.5,--,--,--,--,--,--,0.9,0.5,2,0.4,0.3,0.3,0.4,0.7,1.5,2,2.4,2.5,--,--,--,--,--,--
2012,MT,Urbana,Federal,--,--,--,--,--,--,--,--,--,--,--,--,81.1,73.6,81.3,92.2,96.7,--,--,--,--,--,--,--,--,--,--,--,--,--,17.5,25.2,17.3,6.5,1.6,--,--,--,--,--,--,--,--,--,--,--,--,--,1.4,1.2,1.4,1.3,1.7,--
2012,MT,Urbana,Estadual,98.2,99.8,97.3,99.8,99.9,99.9,99.9,99.7,98.3,99,98.6,94,63.3,53.7,68.3,74.5,91.5,77,0.7,0,1.1,0,0,0,0,0.1,0.9,0.1,0.1,3,22.2,29.1,19.1,13.7,7.9,9,1.1,0.2,1.6,0.2,0.1,0.1,0.1,0.2,0.8,0.9,1.3,3,14.5,17.2,12.6,11.8,0.6,14
2012,GO,Total,Total,91.2,94.2,87.6,97.9,94,92.3,92.7,94.6,87.3,87.2,88.1,87.8,83.1,76.1,85.3,90.3,89.1,94.6,6.2,4.9,7.9,1,5.1,6.9,6.4,4.3,9.1,8.6,7.2,6.7,9.7,14.5,8.1,4.7,8.9,2.7,2.6,0.9,4.5,1.1,0.9,0.8,0.9,1.1,3.6,4.2,4.7,5.5,7.2,9.4,6.6,5,2,2.7
2012,GO,Total,Publico,89.9,93.2,86.1,97.7,92.8,90.9,91.6,93.9,85.7,85.6,86.6,86.4,81.3,73.8,83.7,89.2,89,0,7,5.7,8.6,1,6.2,8.1,7.3,4.9,10.1,9.4,7.8,7.2,10.3,15.4,8.7,5.1,8.9,100,3.1,1.1,5.3,1.3,1,1,1.1,1.2,4.2,5,5.6,6.4,8.4,10.8,7.6,5.7,2.1,0
2012,GO,Total,Privada,97.2,98.6,95.4,98.6,99,98.8,98.3,98.3,95.7,95.2,95.6,95.3,93.6,89.9,95,96.8,92.3,95.1,2.4,1.1,4.2,0.8,0.8,1,1.5,1.6,4,4.5,4,4.4,5.8,9.3,4.4,2.7,7.7,2.2,0.4,0.3,0.4,0.6,0.2,0.2,0.2,0.1,0.3,0.3,0.4,0.3,0.6,0.8,0.6,0.5,0,2.7
2012,GO,Total,Municipal,90.6,92.9,83.5,97.6,92.4,90.3,91.3,93.7,83.7,83.3,84.1,82.7,83.6,74.1,86.3,96.8,--,--,6.9,6,10,1.1,6.6,8.7,7.6,5,11.7,10.6,8.4,8.3,8.8,18.1,2.7,0,--,--,2.5,1.1,6.5,1.3,1,1,1.1,1.3,4.6,6.1,7.5,9,7.6,7.8,11,3.2,--,--
2012,GO,Total,Federal,89.5,91.2,87.6,100,90,88.1,94.8,85.9,93.2,86.2,82.8,87.9,79,68.8,83.2,90.3,89,--,10.3,8.8,12,0,10,11.9,5.2,14.1,6.8,13.8,15.5,12.1,17.9,26.8,14.4,7.9,8.9,--,0.2,0,0.4,0,0,0,0,0,0,0,1.7,0,3.1,4.4,2.4,1.8,2.1,--
2012,GO,Total,Estadual,88.6,96.7,87.4,98.8,98.5,98.2,94.6,95.5,87.1,86.8,87.7,87.9,81.4,73.9,83.7,89.2,--,0,7.2,2.5,7.9,0.1,0.9,1.2,4.7,3.5,8.9,8.7,7.5,6.7,10.2,15.1,8.6,5,--,100,4.2,0.8,4.7,1.1,0.6,0.6,0.7,1,4,4.5,4.8,5.4,8.4,11,7.7,5.8,--,0
2012,GO,Rural,Total,91,92.6,88.2,97.1,93.4,92.4,89.2,91.8,85.6,86.1,90.3,91.7,88.7,83.1,90.3,95.1,--,100,6.8,6.1,7.9,1.4,5.3,6.6,9.5,6.6,10.7,9.7,6.4,3.6,6.1,9.4,5.2,2.1,--,0,2.2,1.3,3.9,1.5,1.3,1,1.3,1.6,3.7,4.2,3.3,4.7,5.2,7.5,4.5,2.8,--,0
2012,GO,Rural,Publico,90.9,92.5,88,97,93.3,92.4,89,91.8,85.5,86,90.1,91.5,88,82.1,89.9,94.7,--,--,6.8,6.2,7.9,1.4,5.4,6.7,9.7,6.6,10.6,9.8,6.4,3.6,6.3,9.8,5.2,2.2,--,--,2.3,1.3,4.1,1.6,1.3,0.9,1.3,1.6,3.9,4.2,3.5,4.9,5.7,8.1,4.9,3.1,--,--
2012,GO,Rural,Privada,96,97.6,94.1,100,98.9,96.4,97.9,95,88.2,94.9,95.6,96.5,95.2,93.2,94.5,98.5,--,100,3.5,2,5.3,0,0,2.4,2.1,5,11.8,5.1,3.3,2.7,4.1,5.1,5.5,1.5,--,0,0.5,0.4,0.6,0,1.1,1.2,0,0,0,0,1.1,0.8,0.7,1.7,0,0,--,0
2012,GO,Rural,Municipal,90.7,92.2,87.1,97,93,91.9,88.5,91.6,84.7,84.7,89.6,90.9,76,67.3,71.7,94.7,--,--,7.1,6.4,8.6,1.4,5.6,7.1,10.1,6.8,11.3,10.9,7.1,3.6,2.1,5.5,0,0,--,--,2.2,1.4,4.3,1.6,1.4,1,1.4,1.6,4,4.4,3.3,5.5,21.9,27.2,28.3,5.3,--,--
2012,GO,Rural,Federal,--,--,--,--,--,--,--,--,--,--,--,--,85.1,77.8,88.8,93.4,--,--,--,--,--,--,--,--,--,--,--,--,--,--,12.2,17,10.3,5.9,--,--,--,--,--,--,--,--,--,--,--,--,--,--,2.7,5.2,0.9,0.7,--,--
2012,GO,Rural,Estadual,91.8,96.6,90,97.7,98.4,98.7,95.7,93.7,87.7,88.7,91.2,93,89.7,84.6,91.3,95.1,--,--,5.3,2.3,6.4,0.6,1.6,0.5,3.6,4,9,7.6,4.9,3.5,4.1,6.8,3.5,1,--,--,2.9,1.1,3.6,1.7,0,0.8,0.7,2.3,3.3,3.7,3.9,3.5,6.2,8.6,5.2,3.9,--,--
2012,GO,Urbana,Total,91.2,94.3,87.6,97.9,94,92.3,92.9,94.8,87.4,87.2,88,87.7,83,76,85.2,90.3,89.1,94.4,6.2,4.8,7.9,1,5.1,6.9,6.2,4.2,9,8.5,7.2,6.8,9.7,14.6,8.1,4.8,8.9,2.8,2.6,0.9,4.5,1.1,0.9,0.8,0.9,1,3.6,4.3,4.8,5.5,7.3,9.4,6.7,4.9,2,2.8
2012,GO,Urbana,Publico,89.9,93.2,86,97.7,92.8,90.8,91.8,94,85.7,85.6,86.4,86.2,81.2,73.7,83.5,89.1,89,0,7.1,5.7,8.7,1,6.2,8.2,7.2,4.7,10,9.3,7.9,7.3,10.4,15.5,8.8,5.1,8.9,100,3,1.1,5.3,1.3,1,1,1,1.3,4.3,5.1,5.7,6.5,8.4,10.8,7.7,5.8,2.1,0
2012,GO,Urbana,Privada,97.3,98.6,95.4,98.6,99,98.9,98.3,98.3,95.8,95.2,95.6,95.3,93.5,89.8,95,96.8,92.3,95,2.4,1.1,4.2,0.8,0.8,1,1.5,1.6,4,4.5,4,4.4,5.8,9.4,4.3,2.7,7.7,2.2,0.3,0.3,0.4,0.6,0.2,0.1,0.2,0.1,0.2,0.3,0.4,0.3,0.7,0.8,0.7,0.5,0,2.8
2012,GO,Urbana,Municipal,90.6,92.9,83.1,97.7,92.4,90.2,91.5,93.8,83.6,83.1,83.6,81.9,86.8,76.4,94.6,97.7,--,--,6.9,6,10.1,1,6.6,8.8,7.4,4.9,11.8,10.6,8.5,8.7,11.7,22.4,4.3,0,--,--,2.5,1.1,6.8,1.3,1,1,1.1,1.3,4.6,6.3,7.9,9.4,1.5,1.2,1.1,2.3,--,--
2012,GO,Urbana,Federal,89.5,91.2,87.6,100,90,88.1,94.8,85.9,93.2,86.2,82.8,87.9,76.4,64.8,80.3,88.7,89,--,10.3,8.8,12,0,10,11.9,5.2,14.1,6.8,13.8,15.5,12.1,20.3,31.1,16.5,9,8.9,--,0.2,0,0.4,0,0,0,0,0,0,0,1.7,0,3.3,4.1,3.2,2.3,2.1,--
2012,GO,Urbana,Estadual,88.6,96.7,87.3,98.9,98.5,98.2,94.6,95.6,87.1,86.8,87.6,87.8,81.2,73.8,83.5,89.1,--,0,7.3,2.5,8,0,0.8,1.2,4.8,3.5,8.9,8.7,7.6,6.8,10.3,15.3,8.7,5.1,--,100,4.1,0.8,4.7,1.1,0.7,0.6,0.6,0.9,4,4.5,4.8,5.4,8.5,10.9,7.8,5.8,--,0
2012,DF,Total,Total,87.6,92.5,81.8,97.6,97.9,84.8,90.4,93.7,78.9,81.5,84.5,83,74.1,63.9,79.5,85.6,--,--,11,7.1,15.6,2,1.8,14.9,9.1,5.8,18.1,16,13.2,14.5,18.6,25.8,14.9,10.1,--,--,1.4,0.4,2.6,0.4,0.3,0.3,0.5,0.5,3,2.5,2.3,2.5,7.3,10.3,5.6,4.3,--,--
2012,DF,Total,Publico,84.2,90.1,77.4,96.8,97.4,80.5,87.6,91.9,74,77,80.8,78.7,67.7,56.6,73.9,81.7,--,--,13.9,9.3,19.2,2.5,2.2,19,11.8,7.5,22.2,19.6,16.2,17.9,22.4,30.2,18.4,12.1,--,--,1.9,0.6,3.4,0.7,0.4,0.5,0.6,0.6,3.8,3.4,3,3.4,9.9,13.2,7.7,6.2,--,--
2012,DF,Total,Privada,97.2,99,95,99.2,99,98.7,98.9,98.9,96.1,94.5,94.9,94.3,92.4,89.4,93.8,94.8,--,--,2.8,1,5,0.7,0.9,1.3,1.1,1.1,3.9,5.4,5,5.6,7.5,10.4,6.2,5.2,--,--,0,0,0,0.1,0.1,0,0,0,0,0.1,0.1,0.1,0.1,0.2,0,0,--,--
2012,DF,Total,Federal,95.2,--,95.2,--,--,--,--,--,94.1,97,96.2,93.6,94.2,88.3,96.2,98.2,--,--,4.8,--,4.8,--,--,--,--,--,5.9,3,3.8,6.4,4.3,9.1,3.4,0.4,--,--,0,--,0,--,--,--,--,--,0,0,0,0,1.5,2.6,0.4,1.4,--,--
2012,DF,Total,Estadual,84.2,90.1,77.2,96.8,97.4,80.5,87.6,91.9,73.9,76.9,80.6,78.5,67.1,56.1,73.4,81.2,--,--,13.9,9.3,19.3,2.5,2.2,19,11.8,7.5,22.3,19.8,16.3,18.1,22.8,30.6,18.7,12.5,--,--,1.9,0.6,3.5,0.7,0.4,0.5,0.6,0.6,3.8,3.3,3.1,3.4,10.1,13.3,7.9,6.3,--,--
2012,DF,Rural,Total,85,89.5,77.8,97.2,96.2,79.9,87.6,91,75.2,78,81.9,76.4,79.4,70.6,85,90.4,--,--,13.5,9.9,19.2,2.1,3.4,19.5,11.9,8.3,21.5,19.2,15.3,20.4,15.8,23.1,10.9,7.1,--,--,1.5,0.6,3,0.7,0.4,0.6,0.5,0.7,3.3,2.8,2.8,3.2,4.8,6.3,4.1,2.5,--,--
2012,DF,Rural,Publico,84.2,89.3,75.4,97.1,96.2,79.7,87.4,91,75.2,74.7,78.5,73.2,76.9,65.1,83.2,90.4,--,--,14.2,10.1,21.3,2.2,3.4,19.8,12.1,8.4,21.5,22.1,18.1,23.2,17.7,27.4,12.1,7.1,--,--,1.6,0.6,3.3,0.7,0.4,0.5,0.5,0.6,3.3,3.2,3.4,3.6,5.4,7.5,4.7,2.5,--,--
2012,DF,Rural,Privada,99.5,99.4,99.5,100,97.6,100,100,100,--,98.7,100,100,99.5,100,98.5,--,--,--,0.5,0.6,0.5,0,2.4,0,0,0,--,1.3,0,0,0.5,0,1.5,--,--,--,0,0,0,0,0,0,0,0,--,0,0,0,0,0,0,--,--,--
2012,DF,Rural,Federal,--,--,--,--,--,--,--,--,--,--,--,--,72.1,59.1,75.6,87.1,--,--,--,--,--,--,--,--,--,--,--,--,--,--,15.9,24.7,20,1.4,--,--,--,--,--,--,--,--,--,--,--,--,--,--,12,16.2,4.4,11.5,--,--
2012,DF,Rural,Estadual,84.2,89.3,75.4,97.1,96.2,79.7,87.4,91,75.2,74.7,78.5,73.2,77.6,66,84,91,--,--,14.2,10.1,21.3,2.2,3.4,19.8,12.1,8.4,21.5,22.1,18.1,23.2,18,27.8,11.4,8.3,--,--,1.6,0.6,3.3,0.7,0.4,0.5,0.5,0.6,3.3,3.2,3.4,3.6,4.4,6.2,4.6,0.7,--,--
2012,DF,Urbana,Total,87.7,92.6,81.9,97.6,98,85,90.5,93.8,79,81.6,84.6,83.2,74,63.8,79.4,85.5,--,--,10.9,7,15.5,1.9,1.7,14.6,9,5.7,18,15.9,13.1,14.3,18.6,25.9,15,10.1,--,--,1.4,0.4,2.6,0.5,0.3,0.4,0.5,0.5,3,2.5,2.3,2.5,7.4,10.3,5.6,4.4,--,--
2012,DF,Urbana,Publico,84.2,90.2,77.5,96.8,97.5,80.6,87.7,92,73.9,77.1,80.9,78.9,67.5,56.4,73.7,81.5,--,--,13.9,9.3,19.1,2.6,2.1,19,11.7,7.4,22.2,19.5,16.1,17.7,22.5,30.3,18.5,12.2,--,--,1.9,0.5,3.4,0.6,0.4,0.4,0.6,0.6,3.9,3.4,3,3.4,10,13.3,7.8,6.3,--,--
2012,DF,Urbana,Privada,97.2,99,94.9,99.2,99,98.7,98.9,98.9,96.1,94.5,94.8,94.2,92.3,89.2,93.7,94.8,--,--,2.8,1,5,0.7,0.9,1.3,1.1,1.1,3.9,5.5,5.1,5.7,7.6,10.5,6.2,5.2,--,--,0,0,0.1,0.1,0.1,0,0,0,0,0,0.1,0.1,0.1,0.3,0.1,0,--,--
2012,DF,Urbana,Federal,95.2,--,95.2,--,--,--,--,--,94.1,97,96.2,93.6,97.3,94,98,99.8,--,--,4.8,--,4.8,--,--,--,--,--,5.9,3,3.8,6.4,2.7,6,2,0.2,--,--,0,--,0,--,--,--,--,--,0,0,0,0,0,0,0,0,--,--
2012,DF,Urbana,Estadual,84.2,90.2,77.3,96.8,97.5,80.6,87.7,92,73.8,77,80.7,78.7,66.9,55.9,73.2,81,--,--,13.9,9.3,19.3,2.6,2.1,19,11.7,7.4,22.3,19.7,16.2,17.9,22.9,30.6,18.9,12.6,--,--,1.9,0.5,3.4,0.6,0.4,0.4,0.6,0.6,3.9,3.3,3.1,3.4,10.2,13.5,7.9,6.4,--,--
Fonte: MEC/INEP/DEED/CSI.,DF,Urbana,Estadual,84.2,90.2,77.3,96.8,97.5,80.6,87.7,92,73.8,77,80.7,78.7,66.9,55.9,73.2,81,--,--,13.9,9.3,19.3,2.6,2.1,19,11.7,7.4,22.3,19.7,16.2,17.9,22.9,30.6,18.9,12.6,--,--,1.9,0.5,3.4,0.6,0.4,0.4,0.6,0.6,3.9,3.3,3.1,3.4,10.2,13.5,7.9,6.4,--,--
"     Notas: 1) Inclui as taxas de aprovação, reprovação e abandono. ",DF,Urbana,Estadual,84.2,90.2,77.3,96.8,97.5,80.6,87.7,92,73.8,77,80.7,78.7,66.9,55.9,73.2,81,--,--,13.9,9.3,19.3,2.6,2.1,19,11.7,7.4,22.3,19.7,16.2,17.9,22.9,30.6,18.9,12.6,--,--,1.9,0.5,3.4,0.6,0.4,0.4,0.6,0.6,3.9,3.3,3.1,3.4,10.2,13.5,7.9,6.4,--,--
                2) Inclui as taxas do Ensino Fundamental de 8 e 9 anos.,DF,Urbana,Estadual,84.2,90.2,77.3,96.8,97.5,80.6,87.7,92,73.8,77,80.7,78.7,66.9,55.9,73.2,81,--,--,13.9,9.3,19.3,2.6,2.1,19,11.7,7.4,22.3,19.7,16.2,17.9,22.9,30.6,18.9,12.6,--,--,1.9,0.5,3.4,0.6,0.4,0.4,0.6,0.6,3.9,3.3,3.1,3.4,10.2,13.5,7.9,6.4,--,--
"                3) ""taxas de rendimento escolar"" expressa o percentual de alunos aprovados, reprovados e afastados por abandono.",DF,Urbana,Estadual,84.2,90.2,77.3,96.8,97.5,80.6,87.7,92,73.8,77,80.7,78.7,66.9,55.9,73.2,81,--,--,13.9,9.3,19.3,2.6,2.1,19,11.7,7.4,22.3,19.7,16.2,17.9,22.9,30.6,18.9,12.6,--,--,1.9,0.5,3.4,0.6,0.4,0.4,0.6,0.6,3.9,3.3,3.1,3.4,10.2,13.5,7.9,6.4,--,--
