Ano,Unidade Geográfica,Localização,Dependência Administrativa,Total,Anos Iniciais,Anos Finais,1º Ano ,2º Ano,3º Ano,4º Ano,5º Ano,6º Ano,7º Ano,8º Ano,9º Ano,Total,1ª série,2ª série,3ª série,4ª série,Não-Seriado,Total,Anos Iniciais,Anos Finais,1º Ano ,2º Ano,3º Ano,4º Ano,5º Ano,6º Ano,7º Ano,8º Ano,9º Ano,Total,1ª série,2ª série,3ª série,4ª série,Não-Seriado,Total_Abandono_EF2019,Anos Iniciais,Anos Finais,1º Ano ,2º Ano,3º Ano,4º Ano,5º Ano,6º Ano,7º Ano,8º Ano,9º Ano,Total_Abandono_EM2019,1ª série,2ª série,3ª série,4ª série,Não-Seriado
2019,Brasil,Total,Total,92.8,95.1,89.9,98.5,97.5,91.4,94.1,94.7,87.9,89.1,91,92.3,86.1,80.5,87.3,92.5,88.9,85.1,6,4.3,8.2,1,2.1,8.1,5.3,4.7,10.2,9.1,7.2,5.8,9.1,13.4,8.1,4.5,7.2,10.3,1.2,0.6,1.9,0.5,0.4,0.5,0.6,0.6,1.9,1.8,1.8,1.9,4.8,6.1,4.6,3,3.9,4.6
2019,Brasil,Urbana,Total,93.4,95.9,90.4,98.6,97.7,92.4,95.3,95.7,88.8,89.6,91.4,92.5,86.1,80.5,87.3,92.5,88.9,86,5.6,3.7,8,1,2,7.2,4.3,3.8,9.6,8.9,7.1,5.9,9.2,13.6,8.2,4.5,7.2,10,1,0.4,1.6,0.4,0.3,0.4,0.4,0.5,1.6,1.5,1.5,1.6,4.7,5.9,4.5,3,3.9,4
2019,Brasil,Rural,Total,89.1,91,86.1,97.8,96.4,85.9,87.9,88.8,81.4,85.4,88.1,91.4,85.8,81.1,86.9,91.7,88.7,80.7,8.6,7.8,10,1.2,2.7,13,10.6,9.4,14.6,10.7,7.8,4.9,7.5,10.6,6.6,4,6.8,11.5,2.3,1.2,3.9,1,0.9,1.1,1.5,1.8,4,3.9,4.1,3.7,6.7,8.3,6.5,4.3,4.5,7.8
2019,Brasil,Total,Federal,95.2,96.9,94.5,97.6,96.8,96.3,97.8,96.2,95.1,94.9,93.6,94.4,88.5,84.5,89.3,93,91.8,87.7,4.5,2.9,5.3,2.2,3.1,3.2,2.2,3.5,4.5,4.9,6.3,5.3,9.8,13.7,9.2,5.7,6.1,9.8,0.3,0.2,0.2,0.2,0.1,0.5,0,0.3,0.4,0.2,0.1,0.3,1.7,1.8,1.5,1.3,2.1,2.5
2019,Brasil,Urbana,Federal,95.2,96.9,94.5,97.6,96.7,96.3,97.8,96.2,95.1,95,93.5,94.4,88.4,84.4,89,92.8,91.8,87.5,4.6,2.9,5.3,2.2,3.1,3.2,2.2,3.5,4.5,4.9,6.3,5.3,9.9,13.8,9.4,5.9,6.2,10,0.2,0.2,0.2,0.2,0.2,0.5,0,0.3,0.4,0.1,0.2,0.3,1.7,1.8,1.6,1.3,2,2.5
2019,Brasil,Rural,Federal,97.7,100,94.6,100,100,100,100,100,93.3,84.6,100,100,89.6,85.2,91,94,90.5,91.5,2.3,0,5.4,0,0,0,0,0,6.7,15.4,0,0,9.1,13.2,8.2,4.9,3.8,6.3,0,0,0,0,0,0,0,0,0,0,0,0,1.3,1.6,0.8,1.1,5.7,2.2
2019,Brasil,Total,Estadual,91.8,96.3,90,99,98.7,92.5,96.7,95.4,89.2,89.6,90.8,90.4,84.5,78.5,85.8,91.5,86.6,81.8,6.9,3.3,8.3,0.6,0.9,7.1,2.9,4.1,9.4,8.9,7.5,7.6,10,14.5,8.8,5,8.3,12.1,1.3,0.4,1.7,0.4,0.4,0.4,0.4,0.5,1.4,1.5,1.7,2,5.5,7,5.4,3.5,5.1,6.1
2019,Brasil,Urbana,Estadual,91.9,96.6,90,99.1,99,92.8,97.1,95.8,89.3,89.6,90.9,90.4,84.5,78.4,85.7,91.5,86.8,82.7,6.8,3,8.3,0.4,0.7,6.8,2.6,3.7,9.3,8.9,7.5,7.6,10.1,14.7,9,5,8.2,12,1.3,0.4,1.7,0.5,0.3,0.4,0.3,0.5,1.4,1.5,1.6,2,5.4,6.9,5.3,3.5,5,5.3
2019,Brasil,Rural,Estadual,89.7,91.6,88.6,96.5,94.6,88.1,90.8,89.7,86.7,88.3,89.6,89.8,85.1,80.3,86.2,91.2,81.6,79.4,7.9,7,8.4,2.1,4.2,10.7,7.8,8.6,10.4,8.8,7.2,6.8,7.6,10.6,6.6,4,13.2,12.3,2.4,1.4,3,1.4,1.2,1.2,1.4,1.7,2.9,2.9,3.2,3.4,7.3,9.1,7.2,4.8,5.2,8.3
2019,Brasil,Total,Municipal,91.7,93.9,87.3,98.3,96.9,89.3,92.4,93.5,83.7,85.9,88.9,92.7,88.7,84.1,89.7,93.8,94.3,49.7,7,5.4,10,1.1,2.7,10,6.8,5.7,13.5,11.4,8.4,4.9,7.4,11.5,6.1,3.6,2,14.6,1.3,0.7,2.7,0.6,0.4,0.7,0.8,0.8,2.8,2.7,2.7,2.4,3.9,4.4,4.2,2.6,3.7,35.7
2019,Brasil,Urbana,Municipal,92.4,94.7,87.9,98.4,97,90.3,93.7,94.7,84.6,86.3,89.3,93,88.9,84.4,89.9,93.9,95.2,49.7,6.5,4.8,9.9,1.1,2.7,9.2,5.7,4.7,12.9,11.4,8.6,5.1,7.6,11.7,6.4,3.9,1.9,14.6,1.1,0.5,2.2,0.5,0.3,0.5,0.6,0.6,2.5,2.3,2.1,1.9,3.5,3.9,3.7,2.2,2.9,35.7
2019,Brasil,Rural,Municipal,88.9,90.8,85.4,97.8,96.5,85.6,87.6,88.7,80.2,84.7,87.6,91.7,86.7,81.1,88.6,92.5,89.9,--,8.8,7.9,10.4,1.1,2.7,13.3,10.9,9.5,15.5,11.2,8,4.4,5.2,9.8,3.1,1,2.7,--,2.3,1.3,4.2,1.1,0.8,1.1,1.5,1.8,4.3,4.1,4.4,3.9,8.1,9.1,8.3,6.5,7.4,--
2019,Brasil,Total,Privada,98.2,98.8,97.1,98.7,99,98.8,98.9,98.8,97.4,97,97.1,97.1,96.4,94,96.8,98.6,97.4,95.9,1.7,1,2.7,1.1,0.9,1.1,1,1.1,2.5,2.9,2.8,2.8,3.4,5.6,2.9,1.2,1.1,1.5,0.1,0.2,0.2,0.2,0.1,0.1,0.1,0.1,0.1,0.1,0.1,0.1,0.2,0.4,0.3,0.2,1.5,2.6
2019,Brasil,Urbana,Privada,98.2,98.9,97.2,98.7,99,98.8,98.9,98.9,97.4,97,97.1,97.1,96.4,94.1,96.9,98.6,98,96.3,1.7,1,2.7,1.1,0.9,1.1,1,1.1,2.5,2.9,2.8,2.8,3.4,5.6,2.9,1.2,0.5,1.5,0.1,0.1,0.1,0.2,0.1,0.1,0.1,0,0.1,0.1,0.1,0.1,0.2,0.3,0.2,0.2,1.5,2.2
2019,Brasil,Rural,Privada,96.6,97.4,95.5,98.5,98.4,95.9,97.2,96.8,95.1,94.8,95.2,96.9,94.4,91.9,95,97.2,96,70.9,3,2.5,3.9,1.2,1.4,4,2.7,3.1,4.5,4.6,3.9,2.5,3.2,4.6,3.1,1.6,2.4,0,0.4,0.1,0.6,0.3,0.2,0.1,0.1,0.1,0.4,0.6,0.9,0.6,2.4,3.5,1.9,1.2,1.6,29.1
2019,Brasil,Total,Pública,91.7,94.3,88.6,98.4,97.2,89.8,93.1,93.8,86.2,87.7,89.9,91.5,84.7,78.7,85.9,91.6,88.5,84,6.9,5.1,9.2,1,2.4,9.6,6.2,5.4,11.6,10.2,8,6.4,10,14.5,8.8,5,7.4,11.2,1.4,0.6,2.2,0.6,0.4,0.6,0.7,0.8,2.2,2.1,2.1,2.1,5.3,6.8,5.3,3.4,4.1,4.8
2019,Brasil,Urbana,Pública,92.3,95,89,98.5,97.3,90.7,94.3,94.9,87,88.1,90.2,91.5,84.6,78.6,85.9,91.6,88.6,84.7,6.6,4.5,9.1,1,2.3,8.8,5.1,4.5,11.1,10.1,8,6.6,10.1,14.7,9,5,7.4,11.1,1.1,0.5,1.9,0.5,0.4,0.5,0.6,0.6,1.9,1.8,1.8,1.9,5.3,6.7,5.1,3.4,4,4.2
2019,Brasil,Rural,Pública,89,90.9,86,97.8,96.4,85.8,87.8,88.8,81.3,85.3,88,91.3,85.5,80.7,86.6,91.5,86,80.8,8.7,7.8,10.1,1.2,2.8,13.1,10.7,9.5,14.7,10.8,7.9,4.9,7.7,10.8,6.7,4,8.4,11.6,2.3,1.3,3.9,1,0.8,1.1,1.5,1.7,4,3.9,4.1,3.8,6.8,8.5,6.7,4.5,5.6,7.6
2019,Norte,Total,Total,89.4,91,87.1,97.9,96.6,85.1,88.6,88.9,84.2,86.5,89.2,89.7,81.5,76.4,82.7,87,93.8,91.5,8.3,7.6,9.2,0.7,2.4,13.7,10,9.3,12.2,9.8,7.2,6.5,9.5,12.7,8.3,6.4,4,2,2.3,1.4,3.7,1.4,1,1.2,1.4,1.8,3.6,3.7,3.6,3.8,9,10.9,9,6.6,2.2,6.5
2019,Norte,Urbana,Total,91.4,93.5,88.7,98.6,97.6,87.8,92.3,92.4,86.8,87.7,90.4,90.5,81.5,76.3,82.8,87,93.6,87.6,7.1,5.7,8.7,0.5,1.8,11.4,6.9,6.6,10.8,9.6,7.2,6.7,9.8,13.3,8.6,6.5,4.1,3.6,1.5,0.8,2.6,0.9,0.6,0.8,0.8,1,2.4,2.7,2.4,2.8,8.7,10.4,8.6,6.5,2.3,8.8
2019,Norte,Rural,Total,84.1,85.2,82.4,96.3,94.2,78.7,80.1,80.9,77,82.8,85.3,87.1,81.7,77.3,82.3,87,95.7,92.7,11.5,12.1,10.5,1.3,3.8,18.9,17,15.4,16,10.4,7.3,5.7,7.1,9.1,6.4,5.2,3,1.4,4.4,2.7,7.1,2.4,2,2.4,2.9,3.7,7,6.8,7.4,7.2,11.2,13.6,11.3,7.8,1.3,5.9
2019,Norte,Total,Federal,94.5,97.4,93.4,100,95.2,98.1,97.8,96.5,97,94.8,91.2,92.5,89.6,86,90.3,92.5,95.8,96.8,5.4,2.3,6.6,0,4.8,1.3,2.2,3.1,2.7,5.2,8.8,7.5,8.7,11.8,8.1,6.1,2.9,2.8,0.1,0.3,0,0,0,0.6,0,0.4,0.3,0,0,0,1.7,2.2,1.6,1.4,1.3,0.4
2019,Norte,Urbana,Federal,94.5,97.4,93.4,100,95.2,98.1,97.8,96.5,97,94.8,91.2,92.5,89.4,86.3,89.7,92.6,95.8,--,5.4,2.3,6.6,0,4.8,1.3,2.2,3.1,2.7,5.2,8.8,7.5,8.8,11.5,8.6,6,2.9,--,0.1,0.3,0,0,0,0.6,0,0.4,0.3,0,0,0,1.8,2.2,1.7,1.4,1.3,--
2019,Norte,Rural,Federal,--,--,--,--,--,--,--,--,--,--,--,--,90.7,84.1,95.2,92,--,96.8,--,--,--,--,--,--,--,--,--,--,--,--,8.2,14.1,4.1,7.2,--,2.8,--,--,--,--,--,--,--,--,--,--,--,--,1.1,1.8,0.7,0.8,--,0.4
2019,Norte,Total,Estadual,90,93.1,88.7,98.5,97.1,86.4,95.1,91.4,87.9,88.3,89.7,89.1,80.2,75,81.4,85.9,91.2,90.9,7.6,5.8,8.3,0.2,1.8,12.4,4,7.6,9.6,8.7,7.5,7.4,10,13.3,8.7,6.8,5.5,1.8,2.4,1.1,3,1.3,1.1,1.2,0.9,1,2.5,3,2.8,3.5,9.8,11.7,9.9,7.3,3.3,7.3
2019,Norte,Urbana,Estadual,90.5,94.2,89.1,99,98.3,86.9,97.2,92.5,88.4,88.6,90.1,89.4,80,74.7,81.4,85.9,90.5,88.4,7.4,5,8.4,0.1,1,12.1,2.3,6.8,9.5,8.8,7.6,7.5,10.4,13.9,9,7,5.9,3.7,2.1,0.8,2.5,0.9,0.7,1,0.5,0.7,2.1,2.6,2.3,3.1,9.6,11.4,9.6,7.1,3.6,7.9
2019,Norte,Rural,Estadual,86.4,87.5,85.8,95.7,91.5,83.5,85,84.9,83.8,86,86.8,86.9,81.2,77,81.8,86.6,95.7,92,8.7,9.8,8.1,1,5.8,13.9,12.5,12.2,10.4,7.9,7.1,6.4,7.1,9,6.5,5.3,3,1.1,4.9,2.7,6.1,3.3,2.7,2.6,2.5,2.9,5.8,6.1,6.1,6.7,11.7,14,11.7,8.1,1.3,6.9
2019,Norte,Total,Municipal,87.9,89.7,84.1,97.7,96.2,83.4,86.3,87.3,79.5,83.3,87.2,89.1,60,41,79.2,68.8,--,--,9.4,8.7,11,0.8,2.7,15.2,12.1,10.5,15.5,11.9,7.8,6.1,35.8,53.8,16.7,28.1,--,--,2.7,1.6,4.9,1.5,1.1,1.4,1.6,2.2,5,4.8,5,4.8,4.2,5.2,4.1,3.1,--,--
2019,Norte,Urbana,Municipal,90.4,92.3,85.9,98.4,97.1,86.2,90.1,91.3,82.4,84.2,89,90.4,60,41,79.2,68.8,--,--,8,6.7,10.9,0.6,2.2,12.9,9,7.5,14.3,12.5,8,6.5,35.8,53.8,16.7,28.1,--,--,1.6,1,3.2,1,0.7,0.9,0.9,1.2,3.3,3.3,3,3.1,4.2,5.2,4.1,3.1,--,--
2019,Norte,Rural,Municipal,83.7,85,81.5,96.3,94.4,78.3,79.7,80.5,75.5,81.9,84.8,87.1,--,--,--,--,--,--,11.9,12.3,11.2,1.3,3.7,19.4,17.4,15.7,17.2,11,7.4,5.6,--,--,--,--,--,--,4.4,2.7,7.3,2.4,1.9,2.3,2.9,3.8,7.3,7.1,7.8,7.3,--,--,--,--,--,--
2019,Norte,Total,Privada,98.3,98.9,97.4,99.2,99.2,98.6,98.8,98.8,97.7,97.3,97.6,96.8,96.5,94.5,97,98.3,98.8,66.7,1.5,0.9,2.5,0.5,0.6,1.3,1.1,1.2,2.2,2.6,2.2,3,3.1,5,2.6,1.4,0.8,0,0.2,0.2,0.1,0.3,0.2,0.1,0.1,0,0.1,0.1,0.2,0.2,0.4,0.5,0.4,0.3,0.4,33.3
2019,Norte,Urbana,Privada,98.4,99,97.4,99.2,99.2,98.7,98.9,98.9,97.8,97.3,97.6,96.9,96.6,94.6,97.2,98.3,100,54.5,1.5,0.9,2.5,0.5,0.6,1.1,1,1,2.1,2.6,2.2,3,3.1,5,2.5,1.4,0,0,0.1,0.1,0.1,0.3,0.2,0.2,0.1,0.1,0.1,0.1,0.2,0.1,0.3,0.4,0.3,0.3,0,45.5
2019,Norte,Rural,Privada,94.3,93.5,95.3,99.7,99.7,87.7,92.3,90.6,93.6,95.9,95.7,96.1,92.5,89.1,91.9,97.6,95.7,72.7,4.8,6.2,3.3,0,0.3,12.1,7,9.2,4.7,3.4,2.2,2.7,3.1,4.4,3.5,1.4,2.9,0,0.9,0.3,1.4,0.3,0,0.2,0.7,0.2,1.7,0.7,2.1,1.2,4.4,6.5,4.6,1,1.4,27.3
2019,Norte,Total,Pública,88.5,90.2,86.3,97.8,96.3,83.8,87.6,88,83.1,85.7,88.5,89.1,80.5,75.3,81.7,86.2,93.2,91.9,8.9,8.3,9.7,0.8,2.6,14.8,10.8,10,13,10.4,7.6,6.8,9.9,13.2,8.7,6.7,4.3,2,2.6,1.5,4,1.4,1.1,1.4,1.6,2,3.9,3.9,3.9,4.1,9.6,11.5,9.6,7.1,2.5,6.1
2019,Norte,Urbana,Pública,90.5,92.7,87.8,98.5,97.3,86.3,91.4,91.6,85.6,86.8,89.6,89.8,80.3,75.1,81.7,86.1,93,88.4,7.8,6.4,9.4,0.5,2,12.8,7.7,7.3,11.7,10.4,7.7,7.2,10.3,13.8,9,6.9,4.4,3.7,1.7,0.9,2.8,1,0.7,0.9,0.9,1.1,2.7,2.8,2.7,3,9.4,11.1,9.3,7,2.6,7.9
2019,Norte,Rural,Pública,84.1,85.1,82.3,96.2,94.1,78.6,80.1,80.9,76.9,82.7,85.2,87.1,81.5,77.1,82.2,86.8,95.7,93.1,11.5,12.1,10.6,1.3,3.8,19,17,15.4,16,10.4,7.4,5.8,7.1,9.1,6.4,5.3,3,1.5,4.4,2.8,7.1,2.5,2.1,2.4,2.9,3.7,7.1,6.9,7.4,7.1,11.4,13.8,11.4,7.9,1.3,5.4
2019,Nordeste,Total,Total,90.8,93.7,87.2,98.3,97.8,89.7,91.6,92.6,83.4,86,88.7,92.2,86.3,80.8,87.7,92.5,85.2,84.2,7.5,5.4,10,1,1.7,9.4,7.4,6.4,13.5,11.2,8.6,5.5,8.5,12.4,7.4,4.3,10.4,12.3,1.7,0.9,2.8,0.7,0.5,0.9,1,1,3.1,2.8,2.7,2.3,5.2,6.8,4.9,3.2,4.4,3.5
2019,Nordeste,Urbana,Total,91.3,94.5,87.5,98.3,97.9,90.8,92.7,93.6,84.1,86.2,88.9,92.2,86.3,80.7,87.7,92.5,85.1,84.6,7.2,4.8,9.9,1,1.6,8.4,6.4,5.4,13,11.2,8.7,5.7,8.6,12.5,7.5,4.4,10.5,12.1,1.5,0.7,2.6,0.7,0.5,0.8,0.9,1,2.9,2.6,2.4,2.1,5.1,6.8,4.8,3.1,4.4,3.3
2019,Nordeste,Rural,Total,89.5,91.8,85.9,98.3,97.5,86.9,88.6,89.7,80.9,85.1,87.8,92.3,86.6,81.7,87.5,92.5,87.4,79,8.4,7.2,10.4,0.9,1.9,12.1,10.1,8.8,15.3,11.2,8.3,4.4,7.2,10.2,6.5,3.5,9.3,14.9,2.1,1,3.7,0.8,0.6,1,1.3,1.5,3.8,3.7,3.9,3.3,6.2,8.1,6,4,3.3,6.1
2019,Nordeste,Total,Federal,97,100,96.6,100,100,100,100,100,98.2,96,95.2,97,86.1,81.9,86.8,90.5,91.3,83,2.8,0,3.3,0,0,0,0,0,1.4,4,4.8,2.8,11.4,15.3,11,7.4,6,14.7,0.2,0,0.1,0,0,0,0,0,0.4,0,0,0.2,2.5,2.8,2.2,2.1,2.7,2.3
2019,Nordeste,Urbana,Federal,97,100,96.6,100,100,100,100,100,98.4,96.3,95,96.9,85.8,81.5,86.4,90.1,91.4,82.7,2.9,0,3.2,0,0,0,0,0,1.2,3.7,5,2.9,11.7,15.7,11.2,7.7,6,15.1,0.1,0,0.2,0,0,0,0,0,0.4,0,0,0.2,2.5,2.8,2.4,2.2,2.6,2.2
2019,Nordeste,Rural,Federal,97.7,100,94.6,100,100,100,100,100,93.3,84.6,100,100,88.3,84.5,89.1,93,90.6,88.8,2.3,0,5.4,0,0,0,0,0,6.7,15.4,0,0,9.5,12.5,9.6,5.3,6.2,7.9,0,0,0,0,0,0,0,0,0,0,0,0,2.2,3,1.3,1.7,3.2,3.3
2019,Nordeste,Total,Estadual,85,90.2,84,96.4,96.7,87.4,86.8,87.9,79,82.2,85.8,88.2,85.3,79.5,86.7,91.9,79.5,84,12.4,8.4,13.2,2.2,2.3,11.3,11.7,10.2,17.7,14.9,11.6,9.1,8.9,12.9,7.8,4.6,14.7,11.9,2.6,1.4,2.8,1.4,1,1.3,1.5,1.9,3.3,2.9,2.6,2.7,5.8,7.6,5.5,3.5,5.8,4.1
2019,Nordeste,Urbana,Estadual,85.1,91.4,84,98.4,98.7,88.5,87.5,89.2,79.1,82.1,85.8,88.4,85.2,79.3,86.7,91.8,79.9,84.5,12.3,7.4,13.2,0.4,0.5,10.3,11.2,9.3,17.7,15.1,11.6,9,9.1,13.1,7.9,4.7,14.3,11.5,2.6,1.2,2.8,1.2,0.8,1.2,1.3,1.5,3.2,2.8,2.6,2.6,5.7,7.6,5.4,3.5,5.8,4
2019,Nordeste,Rural,Estadual,83.7,85.1,82.9,89.3,89.2,83.4,83.5,82.3,77.9,83.4,85.2,85.6,86.2,81.2,87.3,92.4,66.5,76.1,12.8,12.4,13,8.5,9.2,14.7,13.5,14.4,17.6,13,10.6,10.2,7.2,10.3,6.5,3.4,30,18,3.5,2.5,4.1,2.2,1.6,1.9,3,3.3,4.5,3.6,4.2,4.2,6.6,8.5,6.2,4.2,3.5,5.9
2019,Nordeste,Total,Municipal,89.8,92.5,85.9,98.3,97.5,87.5,90,91.3,81.5,84.6,87.7,92.4,82.2,76.5,80.8,90.5,93.5,--,8.3,6.5,10.7,0.9,1.9,11.5,8.8,7.4,14.8,12,9,4.9,6.2,10.6,5,1.4,1.1,--,1.9,1,3.4,0.8,0.6,1,1.2,1.3,3.7,3.4,3.3,2.7,11.6,12.9,14.2,8.1,5.4,--
2019,Nordeste,Urbana,Municipal,89.8,92.9,85.9,98.2,97.4,87.9,90.7,92.1,81.7,84.4,87.6,92.3,79.5,73.7,75.4,90.1,95.9,--,8.2,6.1,10.9,0.9,1.9,11.1,8.1,6.7,14.6,12.3,9.3,5.2,7.4,11.6,6.7,2.3,0,--,2,1,3.2,0.9,0.7,1,1.2,1.2,3.7,3.3,3.1,2.5,13.1,14.7,17.9,7.6,4.1,--
2019,Nordeste,Rural,Municipal,89.6,91.8,86,98.5,97.6,86.8,88.6,89.8,80.9,85.1,87.9,92.7,84.9,79.6,85.6,90.9,89.9,--,8.3,7.1,10.3,0.8,1.8,12.2,10.1,8.7,15.3,11.2,8.2,4.1,5,9.4,3.5,0.6,2.7,--,2.1,1.1,3.7,0.7,0.6,1,1.3,1.5,3.8,3.7,3.9,3.2,10.1,11,10.9,8.5,7.4,--
2019,Nordeste,Total,Privada,97.8,98.6,96.4,98.5,98.7,98.5,98.7,98.5,96.5,96.1,96.5,96.6,95.6,93,95.9,98.2,97.3,96.8,2,1.2,3.4,1.1,1,1.3,1.1,1.3,3.3,3.7,3.3,3.2,3.9,6.3,3.5,1.4,0.6,1.4,0.2,0.2,0.2,0.4,0.3,0.2,0.2,0.2,0.2,0.2,0.2,0.2,0.5,0.7,0.6,0.4,2.1,1.8
2019,Nordeste,Urbana,Privada,97.8,98.6,96.4,98.5,98.7,98.5,98.7,98.6,96.5,96.1,96.5,96.6,95.6,93.1,96,98.3,97.2,98.2,2,1.2,3.4,1.1,1,1.3,1.1,1.3,3.2,3.7,3.3,3.2,3.9,6.4,3.5,1.4,0,1.5,0.2,0.2,0.2,0.4,0.3,0.2,0.2,0.1,0.3,0.2,0.2,0.2,0.5,0.5,0.5,0.3,2.8,0.3
2019,Nordeste,Rural,Privada,96.9,97.6,95.2,98.8,98.8,96,97.4,96.8,94.7,94.7,95.1,97,93.2,90.5,93.6,95.8,97.4,69.7,2.8,2.2,4,0.8,1,3.9,2.5,3,5.1,4.4,3.8,2.2,3.2,4,3.6,2.2,1.1,0,0.3,0.2,0.8,0.4,0.2,0.1,0.1,0.2,0.2,0.9,1.1,0.8,3.6,5.5,2.8,2,1.5,30.3
2019,Nordeste,Total,Pública,89.3,92.5,85.6,98.2,97.5,87.5,89.9,91.2,81.1,84.2,87.3,91.4,85.3,79.5,86.7,91.8,84.7,83.7,8.7,6.5,11.2,0.9,1.9,11.5,8.9,7.5,15.2,12.5,9.5,5.9,9,13,7.9,4.7,10.8,12.7,2,1,3.2,0.9,0.6,1,1.2,1.3,3.7,3.3,3.2,2.7,5.7,7.5,5.4,3.5,4.5,3.6
2019,Nordeste,Urbana,Pública,89.2,92.8,85.5,98.2,97.5,87.9,90.6,92,81.2,84,87.2,91.2,85.2,79.4,86.7,91.8,84.8,84,8.8,6.2,11.4,0.9,1.9,11.1,8.3,6.8,15.2,12.9,9.9,6.3,9.2,13.2,8,4.8,10.7,12.5,2,1,3.1,0.9,0.6,1,1.1,1.2,3.6,3.1,2.9,2.5,5.6,7.4,5.3,3.4,4.5,3.5
2019,Nordeste,Rural,Pública,89.5,91.7,85.9,98.3,97.5,86.8,88.5,89.7,80.8,85.1,87.8,92.2,86.4,81.4,87.3,92.4,82.3,79.3,8.5,7.2,10.5,0.9,1.9,12.2,10.2,8.9,15.4,11.3,8.3,4.4,7.3,10.4,6.6,3.5,13.5,15.4,2,1.1,3.6,0.8,0.6,1,1.3,1.4,3.8,3.6,3.9,3.4,6.3,8.2,6.1,4.1,4.2,5.3
2019,Sudeste,Total,Total,95.1,97.2,92.6,98.4,98.1,94.5,97.3,97.6,91.6,92.3,93.3,93.5,88.1,82.7,88.8,94.3,89.1,91.5,4.3,2.6,6.4,1.3,1.7,5.3,2.4,2.2,7.5,6.7,5.7,5.3,8.5,12.8,7.7,3.8,5.2,7.1,0.6,0.2,1,0.3,0.2,0.2,0.3,0.2,0.9,1,1,1.2,3.4,4.5,3.5,1.9,5.7,1.4
2019,Sudeste,Urbana,Total,95.2,97.3,92.7,98.5,98.2,94.6,97.4,97.7,91.7,92.5,93.3,93.4,88,82.6,88.7,94.2,89,91.1,4.2,2.5,6.3,1.2,1.6,5.2,2.3,2.1,7.4,6.6,5.6,5.4,8.5,12.9,7.8,3.8,5.2,7.5,0.6,0.2,1,0.3,0.2,0.2,0.3,0.2,0.9,0.9,1.1,1.2,3.5,4.5,3.5,2,5.8,1.4
2019,Sudeste,Rural,Total,93.4,95.1,90.2,97.3,96.6,91.2,95.3,95.6,87.3,89.2,91.4,94.2,91.8,87.6,92.5,96.1,93.4,98.4,6,4.6,8.6,2.4,3.2,8.6,4.4,4.1,11.7,9.7,7.2,4.5,5.8,9.3,5.2,2.3,3.7,1.1,0.6,0.3,1.2,0.3,0.2,0.2,0.3,0.3,1,1.1,1.4,1.3,2.4,3.1,2.3,1.6,2.9,0.5
2019,Sudeste,Total,Federal,94.9,96.7,93.7,97,96.9,96.3,97.8,95.7,93.8,93.9,92.4,94.8,89.9,86.3,90.4,94.8,92.6,87.3,4.7,3,5.9,2.9,2.9,3.2,2.2,4,5.7,5.9,7.4,4.5,8.9,12.5,8.4,4.5,5.7,10.8,0.4,0.3,0.4,0.1,0.2,0.5,0,0.3,0.5,0.2,0.2,0.7,1.2,1.2,1.2,0.7,1.7,1.9
2019,Sudeste,Urbana,Federal,94.9,96.7,93.7,97,96.9,96.3,97.8,95.7,93.8,93.9,92.4,94.8,89.8,86.2,90.2,94.9,92.6,87.3,4.7,3,5.9,2.9,2.9,3.2,2.2,4,5.7,5.9,7.4,4.5,9,12.6,8.6,4.4,5.8,10.8,0.4,0.3,0.4,0.1,0.2,0.5,0,0.3,0.5,0.2,0.2,0.7,1.2,1.2,1.2,0.7,1.6,1.9
2019,Sudeste,Rural,Federal,--,--,--,--,--,--,--,--,--,--,--,--,90.8,87,92.1,94.1,94.3,--,--,--,--,--,--,--,--,--,--,--,--,--,8.4,12.2,7.2,5,1.4,--,--,--,--,--,--,--,--,--,--,--,--,--,0.8,0.8,0.7,0.9,4.3,--
2019,Sudeste,Total,Estadual,94.3,99.1,92.2,99.4,99.5,97.9,99.4,99.3,91.5,92.8,93,91.6,86.4,80.5,87.1,93.4,85.9,95.3,4.7,0.6,6.5,0.2,0.2,1.9,0.4,0.4,7.4,6.1,5.7,6.7,9.5,14.1,8.7,4.3,5.7,3.8,1,0.3,1.3,0.4,0.3,0.2,0.2,0.3,1.1,1.1,1.3,1.7,4.1,5.4,4.2,2.3,8.4,0.9
2019,Sudeste,Urbana,Estadual,94.3,99.1,92.2,99.4,99.5,97.9,99.4,99.3,91.6,92.8,93,91.5,86.3,80.3,87,93.3,85.9,93.7,4.7,0.6,6.5,0.2,0.2,1.9,0.4,0.4,7.4,6.1,5.7,6.7,9.5,14.2,8.8,4.3,5.7,5.2,1,0.3,1.3,0.4,0.3,0.2,0.2,0.3,1,1.1,1.3,1.8,4.2,5.5,4.2,2.4,8.4,1.1
2019,Sudeste,Rural,Estadual,94,98.6,92,99.5,99,97.7,98.7,98.3,90.8,92.1,92.2,93,91.6,87.1,92.2,96.3,--,98.4,5,1.2,6.7,0.2,0.9,2.2,1,1.4,8.2,6.9,6.2,5.4,5.7,9.2,5.1,2,--,1.1,1,0.2,1.3,0.3,0.1,0.1,0.3,0.3,1,1,1.6,1.6,2.7,3.7,2.7,1.7,--,0.5
2019,Sudeste,Total,Municipal,94.4,96,90.5,98.2,97.3,92.1,96.2,96.6,88.1,88.9,91.4,94.5,91.8,88.2,92.3,95.4,97,--,5,3.7,8.4,1.5,2.5,7.7,3.5,3.1,10.7,9.9,7.4,4.5,6.4,9.6,5.7,3.2,0.9,--,0.6,0.3,1.1,0.3,0.2,0.2,0.3,0.3,1.2,1.2,1.2,1,1.8,2.2,2,1.4,2.1,--
2019,Sudeste,Urbana,Municipal,94.5,96.1,90.6,98.3,97.4,92.2,96.3,96.7,88.4,89,91.5,94.5,91.7,88.2,92.2,95.3,97,--,5,3.6,8.3,1.4,2.4,7.5,3.4,3,10.4,9.8,7.4,4.6,6.4,9.6,5.8,3.3,0.9,--,0.5,0.3,1.1,0.3,0.2,0.3,0.3,0.3,1.2,1.2,1.1,0.9,1.9,2.2,2,1.4,2.1,--
2019,Sudeste,Rural,Municipal,93.1,94.7,88.8,97.1,96.3,90.3,94.9,95.2,84.8,87.1,90.8,94.9,93.9,87.8,97,98.4,--,--,6.4,5.1,10,2.6,3.5,9.5,4.9,4.5,14.1,11.7,7.9,4,4.6,9.2,2,1.6,--,--,0.5,0.2,1.2,0.3,0.2,0.2,0.2,0.3,1.1,1.2,1.3,1.1,1.5,3,1,0,--,--
2019,Sudeste,Total,Privada,98.3,98.9,97.4,98.5,99.2,98.9,99,99,97.6,97.2,97.3,97.3,96.6,94.3,97,98.8,96.6,97.8,1.7,1,2.6,1.3,0.8,1,1,1,2.3,2.7,2.7,2.7,3.3,5.5,2.8,1.1,1.6,1.5,0,0.1,0,0.2,0,0.1,0,0,0.1,0.1,0,0,0.1,0.2,0.2,0.1,1.8,0.7
2019,Sudeste,Urbana,Privada,98.3,98.9,97.4,98.5,99.2,98.9,99,99,97.6,97.3,97.3,97.3,96.6,94.3,97.1,98.8,97.7,97.8,1.7,1,2.6,1.3,0.8,1,1,1,2.3,2.7,2.6,2.7,3.3,5.6,2.8,1.1,0.7,1.5,0,0.1,0,0.2,0,0.1,0,0,0.1,0,0.1,0,0.1,0.1,0.1,0.1,1.6,0.7
2019,Sudeste,Rural,Privada,96.7,97.8,95.3,97.3,97.4,97.9,98.1,98.3,95.9,94.1,94.2,96.9,95.6,93.6,96.2,97.8,93,--,3,2.1,4.4,2.4,2.4,2.1,1.7,1.7,3.9,5.5,5.3,2.7,3.3,4.9,2.9,1.5,4.7,--,0.3,0.1,0.3,0.3,0.2,0,0.2,0,0.2,0.4,0.5,0.4,1.1,1.5,0.9,0.7,2.3,--
2019,Sudeste,Total,Pública,94.4,96.7,91.5,98.4,97.8,93.3,96.9,97.3,90.2,91.2,92.4,92.6,86.6,80.7,87.3,93.4,88.4,89,4.9,3,7.2,1.2,2,6.4,2.8,2.5,8.7,7.6,6.4,6,9.4,14,8.7,4.3,5.5,9.3,0.7,0.3,1.3,0.4,0.2,0.3,0.3,0.2,1.1,1.2,1.2,1.4,4,5.3,4,2.3,6.1,1.7
2019,Sudeste,Urbana,Pública,94.4,96.8,91.6,98.5,97.9,93.5,97,97.4,90.3,91.3,92.4,92.5,86.5,80.6,87.1,93.4,88.4,88.3,4.9,2.9,7.2,1.2,1.9,6.3,2.7,2.3,8.6,7.6,6.3,6,9.5,14.1,8.7,4.3,5.5,10,0.7,0.3,1.2,0.3,0.2,0.2,0.3,0.3,1.1,1.1,1.3,1.5,4,5.3,4.2,2.3,6.1,1.7
2019,Sudeste,Rural,Pública,93.3,95.1,90,97.3,96.6,91,95.2,95.5,86.9,89,91.3,94.1,91.5,87.1,92.2,96,94.3,98.4,6.1,4.7,8.7,2.4,3.3,8.8,4.5,4.2,12,9.9,7.3,4.6,6.1,9.7,5.4,2.4,1.4,1.1,0.6,0.2,1.3,0.3,0.1,0.2,0.3,0.3,1.1,1.1,1.4,1.3,2.4,3.2,2.4,1.6,4.3,0.5
2019,Sul,Total,Total,92.4,95.4,88.9,98.9,96.8,91.2,94.9,95.3,87.7,87.4,89.1,91.7,84,77.1,85.9,91.5,92.4,85.8,7,4.4,10,0.9,3.1,8.6,4.9,4.4,11.4,11.5,9.8,7.1,11.7,17.6,10,5.3,5.1,6.4,0.6,0.2,1.1,0.2,0.1,0.2,0.2,0.3,0.9,1.1,1.1,1.2,4.3,5.3,4.1,3.2,2.5,7.8
2019,Sul,Urbana,Total,92.4,95.4,88.8,98.9,96.8,91.3,95,95.4,87.7,87.4,89,91.5,83.8,76.9,85.8,91.4,92.7,85.8,7,4.4,10.1,0.9,3.1,8.5,4.8,4.3,11.3,11.6,9.9,7.2,11.8,17.8,10,5.3,5,6.4,0.6,0.2,1.1,0.2,0.1,0.2,0.2,0.3,1,1,1.1,1.3,4.4,5.3,4.2,3.3,2.3,7.8
2019,Sul,Rural,Total,92.5,94.9,89.2,99,97,90.2,93.8,94.7,86.8,87.4,89.8,93.4,87.8,82.6,89.1,94.2,84.7,--,6.8,5,9.4,0.9,2.9,9.7,5.9,5,12,11.2,8.5,5.1,8.7,13.1,7.6,3.6,6,--,0.7,0.1,1.4,0.1,0.1,0.1,0.3,0.3,1.2,1.4,1.7,1.5,3.5,4.3,3.3,2.2,9.3,--
2019,Sul,Total,Federal,94.9,95.9,94.7,98.7,95.8,93.8,95.8,95.7,94.9,95.9,95.3,92.9,89.1,85.7,89.5,93,90.6,89.8,5.1,3.9,5.3,0,4.2,6.2,4.2,4.3,5.1,4.1,4.7,7.1,9.5,13.2,9.2,5.9,7.6,7,0,0.2,0,1.3,0,0,0,0,0,0,0,0,1.4,1.1,1.3,1.1,1.8,3.2
2019,Sul,Urbana,Federal,94.9,95.9,94.7,98.7,95.8,93.8,95.8,95.7,94.9,95.9,95.3,92.9,89,85.5,89.5,92.6,90.7,89.8,5.1,3.9,5.3,0,4.2,6.2,4.2,4.3,5.1,4.1,4.7,7.1,9.6,13.3,9.1,6.1,8.1,7,0,0.2,0,1.3,0,0,0,0,0,0,0,0,1.4,1.2,1.4,1.3,1.2,3.2
2019,Sul,Rural,Federal,--,--,--,--,--,--,--,--,--,--,--,--,90.1,86.9,90,95.3,89,--,--,--,--,--,--,--,--,--,--,--,--,--,8.9,12.2,9.7,4.3,0.5,--,--,--,--,--,--,--,--,--,--,--,--,--,1,0.9,0.3,0.4,10.5,--
2019,Sul,Total,Estadual,89.1,93.1,87.7,99,99.2,85.7,92.8,90.9,87.1,86.4,87.8,89.9,81.8,74.4,84,90.2,92.8,83.3,9.9,6.6,11.1,0.7,0.7,14,6.8,8.6,11.9,12.5,11,8.7,13.1,19.5,11.2,6,4.3,3.5,1,0.3,1.2,0.3,0.1,0.3,0.4,0.5,1,1.1,1.2,1.4,5.1,6.1,4.8,3.8,2.9,13.2
2019,Sul,Urbana,Estadual,89,93,87.6,99.1,99.3,85.4,92.8,90.8,87,86.2,87.6,89.7,81.6,74.1,83.8,90,93.2,83.3,10.1,6.6,11.3,0.7,0.6,14.2,6.8,8.7,12,12.7,11.2,8.9,13.3,19.7,11.3,6.1,4.2,3.5,0.9,0.4,1.1,0.2,0.1,0.4,0.4,0.5,1,1.1,1.2,1.4,5.1,6.2,4.9,3.9,2.6,13.2
2019,Sul,Rural,Estadual,91.2,93.4,90.3,98,98,88.3,92.7,91.3,89,89,90.5,92.8,87.3,81.7,88.7,93.9,82.4,--,7.8,6.2,8.5,1.6,1.7,11.3,6.8,8.1,10,9.8,8,5.7,8.9,13.6,7.5,3.6,8.8,--,1,0.4,1.2,0.4,0.3,0.4,0.5,0.6,1,1.2,1.5,1.5,3.8,4.7,3.8,2.5,8.8,--
2019,Sul,Total,Municipal,93.2,95.2,87.3,98.8,95.8,91.1,94.6,95.9,84.2,85.2,88.2,93.2,75.9,65.4,82,85.2,89.6,49.7,6.3,4.6,11.3,1,4,8.7,5.2,3.8,14.4,13.4,10.3,5.4,15.7,26.2,10.3,8.8,7.5,14.6,0.5,0.2,1.4,0.2,0.2,0.2,0.2,0.3,1.4,1.4,1.5,1.4,8.4,8.4,7.7,6,2.9,35.7
2019,Sul,Urbana,Municipal,93.3,95.2,87.2,98.8,95.7,91.1,94.7,95.9,84.2,85.1,88.1,93,74.5,63.4,80.6,84.3,89.6,49.7,6.2,4.6,11.4,1.1,4.1,8.7,5.1,3.8,14.4,13.4,10.4,5.6,16.9,28.3,11.4,9.6,7.5,14.6,0.5,0.2,1.4,0.1,0.2,0.2,0.2,0.3,1.4,1.5,1.5,1.4,8.6,8.3,8,6.1,2.9,35.7
2019,Sul,Rural,Municipal,93.1,95.1,87.8,99.1,96.8,90.6,94.1,95.5,84.2,85.3,88.8,94.2,88.1,80.5,93.1,93.9,--,--,6.3,4.7,10.6,0.7,3.1,9.3,5.8,4.3,14.5,13.1,9.2,4.2,5,9.8,1.5,1.7,--,--,0.6,0.2,1.6,0.2,0.1,0.1,0.1,0.2,1.3,1.6,2,1.6,6.9,9.7,5.4,4.4,--,--
2019,Sul,Total,Privada,98.5,99.1,97.6,99.4,98.9,98.8,99.2,99,98.1,97.5,97.3,97.4,96.6,94.6,97.1,98.7,98.6,76.7,1.5,0.9,2.4,0.6,1.1,1.2,0.8,1,1.9,2.5,2.7,2.5,3.1,5.2,2.7,1.1,0.5,1.8,0,0,0,0,0,0,0,0,0,0,0,0.1,0.3,0.2,0.2,0.2,0.9,21.5
2019,Sul,Urbana,Privada,98.5,99.1,97.6,99.4,98.9,98.8,99.2,99,98.1,97.5,97.3,97.4,96.7,94.6,97.1,98.7,98.6,76.7,1.5,0.9,2.4,0.6,1.1,1.2,0.8,1,1.9,2.5,2.7,2.5,3.1,5.2,2.7,1.1,0.5,1.8,0,0,0,0,0,0,0,0,0,0,0,0.1,0.2,0.2,0.2,0.2,0.9,21.5
2019,Sul,Rural,Privada,97.8,98.5,96.7,100,97.4,97.7,97.7,99.2,96.6,98.1,95.7,96.7,95.6,94.2,95.9,97.5,--,--,2.2,1.5,3.3,0,2.6,2.3,2.3,0.8,3.4,1.9,4.3,3.3,2.9,4.2,3.3,0.4,--,--,0,0,0,0,0,0,0,0,0,0,0,0,1.5,1.6,0.8,2.1,--,--
2019,Sul,Total,Pública,91.5,94.8,87.6,98.8,96.5,90,94.2,94.8,86.2,86,87.9,90.8,82.1,74.7,84.2,90.2,92.3,86.5,7.8,5,11.1,1,3.4,9.8,5.5,4.9,12.7,12.8,10.8,7.7,13,19.3,11.1,6,5.1,6.8,0.7,0.2,1.3,0.2,0.1,0.2,0.3,0.3,1.1,1.2,1.3,1.5,4.9,6,4.7,3.8,2.6,6.7
2019,Sul,Urbana,Pública,91.4,94.8,87.5,98.8,96.4,89.9,94.3,94.8,86.1,85.9,87.8,90.6,81.8,74.4,84,90.1,92.6,86.5,7.9,5,11.3,1,3.5,9.8,5.5,4.9,12.8,12.9,11,8,13.1,19.5,11.2,6.1,5.1,6.8,0.7,0.2,1.2,0.2,0.1,0.3,0.2,0.3,1.1,1.2,1.2,1.4,5.1,6.1,4.8,3.8,2.3,6.7
2019,Sul,Rural,Pública,92.5,94.8,89.2,99,97,90.2,93.8,94.7,86.8,87.3,89.8,93.4,87.6,82.3,88.9,94.1,84.7,--,6.8,5,9.4,0.9,2.9,9.7,6,5,12.1,11.2,8.5,5.1,8.8,13.4,7.7,3.7,6,--,0.7,0.2,1.4,0.1,0.1,0.1,0.2,0.3,1.1,1.5,1.7,1.5,3.6,4.3,3.4,2.2,9.3,--
2019,Centro-Oeste,Total,Total,94.6,96,92.8,99,96.3,92.9,95.8,96.4,93.6,91.8,93.9,91.9,85.2,79.9,87.1,91.5,94.6,80.4,4.7,3.7,5.8,0.7,3.5,6.9,4,3.3,5.4,6.9,4.8,6.2,10,13.9,8.6,5.2,3.6,12.3,0.7,0.3,1.4,0.3,0.2,0.2,0.2,0.3,1,1.3,1.3,1.9,4.8,6.2,4.3,3.3,1.8,7.3
2019,Centro-Oeste,Urbana,Total,94.7,96.2,93,99,96.5,93,96,96.6,94,92,93.9,92,85.4,80.2,87.2,91.7,94.8,83.4,4.6,3.6,5.8,0.7,3.3,6.8,3.8,3.2,5.2,6.8,4.8,6.3,9.9,13.8,8.6,5.1,3.9,10.5,0.7,0.2,1.2,0.3,0.2,0.2,0.2,0.2,0.8,1.2,1.3,1.7,4.7,6,4.2,3.2,1.3,6.1
2019,Centro-Oeste,Rural,Total,92.7,93.9,90.9,98.3,93.5,90.8,93.4,94.2,89.6,90.3,92.7,91.1,80.8,76.2,84.3,87.7,94.2,75.3,6,5.4,6.9,1.2,5.9,8.6,5.9,4.9,8.4,7.7,5,6.2,12.1,15.9,9.3,7.2,2.9,15.2,1.3,0.7,2.2,0.5,0.6,0.6,0.7,0.9,2,2,2.3,2.7,7.1,7.9,6.4,5.1,2.9,9.5
2019,Centro-Oeste,Total,Federal,96.2,97.3,96.1,100,95.2,92.7,100,98.4,96,97.2,96.5,95,90.5,84.7,92,95.7,93.6,92.1,3.8,2.7,3.9,0,4.8,7.3,0,1.6,4,2.8,3.5,5,8.3,14.5,7.3,3.7,4.4,4.2,0,0,0,0,0,0,0,0,0,0,0,0,1.2,0.8,0.7,0.6,2,3.7
2019,Centro-Oeste,Urbana,Federal,96.2,97.3,96.1,100,95.2,92.7,100,98.4,96,97.2,96.5,95,91,85.4,92.2,95.6,94.3,92.5,3.8,2.7,3.9,0,4.8,7.3,0,1.6,4,2.8,3.5,5,7.7,13.8,7.1,3.7,4.4,3.8,0,0,0,0,0,0,0,0,0,0,0,0,1.3,0.8,0.7,0.7,1.3,3.7
2019,Centro-Oeste,Rural,Federal,--,--,--,--,--,--,--,--,--,--,--,--,88.9,82.7,91.3,96.1,90.9,87.6,--,--,--,--,--,--,--,--,--,--,--,--,10.2,16.6,8,3.4,4.5,9,--,--,--,--,--,--,--,--,--,--,--,--,0.9,0.7,0.7,0.5,4.6,3.4
2019,Centro-Oeste,Total,Estadual,93.1,95.2,92,98.4,97,89.1,97.6,94.9,94.1,90.8,93.5,90.1,83.1,77.7,85.2,90,99,74.2,5.7,4.6,6.3,1.4,2.8,10.7,2.1,4.7,4.7,7.6,4.9,7.6,11.1,15.1,9.7,6,0,16.5,1.2,0.2,1.7,0.2,0.2,0.2,0.3,0.4,1.2,1.6,1.6,2.3,5.8,7.2,5.1,4,1,9.3
2019,Centro-Oeste,Urbana,Estadual,93.1,95.2,92.1,98.4,97.1,89,97.6,95,94.2,90.8,93.5,90.2,83.4,77.9,85.4,90.3,98,73.8,5.7,4.6,6.3,1.4,2.7,10.8,2.1,4.7,4.7,7.6,4.9,7.6,11,15,9.7,5.9,0,17.6,1.2,0.2,1.6,0.2,0.2,0.2,0.3,0.3,1.1,1.6,1.6,2.2,5.6,7.1,4.9,3.8,2,8.6
2019,Centro-Oeste,Rural,Estadual,93.3,95.3,91.7,98.4,95.9,90.3,97.8,94.5,93.1,90.9,94.1,88.9,78.4,74,81.7,85,100,74.5,5.2,4.2,6.1,1.2,3.5,9.4,1.9,4.7,5.2,7.3,3.5,8.1,12.9,16.2,10.2,8.4,0,15.6,1.5,0.5,2.2,0.4,0.6,0.3,0.3,0.8,1.7,1.8,2.4,3,8.7,9.8,8.1,6.6,0,9.9
2019,Centro-Oeste,Total,Municipal,94.4,95.3,91.5,99,95.1,92.4,93.9,96.2,90.6,90.7,91.9,94.3,89.9,85.2,90.9,96.8,--,--,5.1,4.4,7.2,0.7,4.6,7.3,5.8,3.4,8.4,8.1,6.7,4.1,5.9,9.3,4.8,1.4,--,--,0.5,0.3,1.3,0.3,0.3,0.3,0.3,0.4,1,1.2,1.4,1.6,4.2,5.5,4.3,1.8,--,--
2019,Centro-Oeste,Urbana,Municipal,94.7,95.5,91.8,99.1,95.4,92.6,94.1,96.5,91.2,90.9,92,94.6,90.4,85.5,91.3,97.3,--,--,4.9,4.2,7.1,0.6,4.4,7.1,5.6,3.2,8,8.1,6.8,4,4.7,7.2,4.7,0.7,--,--,0.4,0.3,1.1,0.3,0.2,0.3,0.3,0.3,0.8,1,1.2,1.4,4.9,7.3,4,2,--,--
2019,Centro-Oeste,Rural,Municipal,92.2,93.4,90,98.2,92.6,91,91.8,94,87.2,89.6,91.2,93,88.9,84.3,90,95.5,--,--,6.5,5.8,7.8,1.2,6.7,8.5,7.4,5,10.7,8.1,6.5,4.4,8.4,13.9,5,3,--,--,1.3,0.8,2.2,0.6,0.7,0.5,0.8,1,2.1,2.3,2.3,2.6,2.7,1.8,5,1.5,--,--
2019,Centro-Oeste,Total,Privada,98.7,99.4,97.8,99.5,99.4,99.4,99.4,99.3,98.2,97.7,97.7,97.3,96.6,94.4,97.3,98.4,93.8,96.5,1.2,0.6,2.1,0.4,0.5,0.6,0.6,0.7,1.7,2.2,2.2,2.5,3.2,5.3,2.5,1.4,6.2,1.4,0.1,0,0.1,0.1,0.1,0,0,0,0.1,0.1,0.1,0.2,0.2,0.3,0.2,0.2,0,2.1
2019,Centro-Oeste,Urbana,Privada,98.7,99.4,97.8,99.5,99.4,99.4,99.4,99.3,98.3,97.7,97.7,97.3,96.6,94.5,97.3,98.4,93.8,96.5,1.2,0.6,2.1,0.4,0.5,0.6,0.6,0.7,1.7,2.2,2.2,2.5,3.2,5.3,2.5,1.4,6.2,1.4,0.1,0,0.1,0.1,0.1,0,0,0,0,0.1,0.1,0.2,0.2,0.2,0.2,0.2,0,2.1
2019,Centro-Oeste,Rural,Privada,97.4,97.8,97.1,100,99.3,96.9,97.3,96.7,96.5,95.9,98.6,97.4,96.2,92.2,98.1,99.2,--,--,2.6,2.2,2.9,0,0.7,3.1,2.7,3.3,3.5,4.1,1.4,2.6,3.1,6.4,1.5,0.8,--,--,0,0,0,0,0,0,0,0,0,0,0,0,0.7,1.4,0.4,0,--,--
2019,Centro-Oeste,Total,Pública,93.8,95.3,91.9,98.8,95.6,91.5,95,95.8,92.8,90.8,93.1,90.9,83.4,78,85.5,90.3,94.7,79.5,5.4,4.4,6.5,0.8,4.2,8.2,4.7,3.8,6.1,7.7,5.3,6.9,11,15,9.6,5.9,3.6,12.8,0.8,0.3,1.6,0.4,0.2,0.3,0.3,0.4,1.1,1.5,1.6,2.2,5.6,7,4.9,3.8,1.7,7.7
2019,Centro-Oeste,Urbana,Pública,93.9,95.4,92,98.9,95.8,91.6,95.2,96,93.1,90.8,93.2,90.9,83.7,78.1,85.6,90.5,94.8,82.3,5.3,4.3,6.5,0.8,4,8.2,4.5,3.7,5.9,7.7,5.3,7,10.9,15,9.6,5.8,3.8,11.3,0.8,0.3,1.5,0.3,0.2,0.2,0.3,0.3,1,1.5,1.5,2.1,5.4,6.9,4.8,3.7,1.4,6.4
2019,Centro-Oeste,Rural,Pública,92.6,93.9,90.7,98.3,93.4,90.8,93.4,94.1,89.6,90.2,92.5,90.9,80.2,75.5,83.5,87.1,94.2,75.3,6.1,5.4,7,1.2,5.9,8.7,5.9,4.9,8.5,7.8,5.1,6.3,12.5,16.3,9.8,7.5,2.9,15.2,1.3,0.7,2.3,0.5,0.7,0.5,0.7,1,1.9,2,2.4,2.8,7.3,8.2,6.7,5.4,2.9,9.5
2019,Rondônia,Total,Total,93,93.7,92.2,98.8,98.8,87.6,90.7,94.7,92.5,91,92,93.2,86.4,81.9,87.7,92.1,97.7,95.2,5.9,5.8,6,0.7,0.8,11.8,8.8,4.7,6.1,7,6,4.5,8,10.7,6.9,4.7,1.8,4.8,1.1,0.5,1.8,0.5,0.4,0.6,0.5,0.6,1.4,2,2,2.3,5.6,7.4,5.4,3.2,0.5,0
2019,Rondônia,Urbana,Total,93.7,94.4,92.9,99,99.1,88.3,91.4,95.7,93.8,91.9,92.5,93.4,86.3,81.7,87.8,92.1,98.7,95.2,5.4,5.3,5.4,0.6,0.7,11.3,8.3,3.9,5.1,6.3,5.7,4.5,8.2,11,7,4.8,1.3,4.8,0.9,0.3,1.7,0.4,0.2,0.4,0.3,0.4,1.1,1.8,1.8,2.1,5.5,7.3,5.2,3.1,0,0
2019,Rondônia,Rural,Total,89.2,90.6,86.9,97.8,97.2,84.2,87.4,90.4,84.9,84.3,88.3,92.2,87.8,85.3,86.8,91.6,95.3,--,8.7,8,9.8,0.7,1.3,14.2,11.3,8.5,12.6,11.5,8.2,4.6,4.9,5.8,5.1,3.8,3.1,--,2.1,1.4,3.3,1.5,1.5,1.6,1.3,1.1,2.5,4.2,3.5,3.2,7.3,8.9,8.1,4.6,1.6,--
2019,Rondônia,Total,Federal,--,--,--,--,--,--,--,--,--,--,--,--,92.9,91.9,93.4,93,98.7,--,--,--,--,--,--,--,--,--,--,--,--,--,6.6,7.6,6.3,6.4,1.3,--,--,--,--,--,--,--,--,--,--,--,--,--,0.5,0.5,0.3,0.6,0,--
2019,Rondônia,Urbana,Federal,--,--,--,--,--,--,--,--,--,--,--,--,92.7,91.8,92.3,93.2,98.7,--,--,--,--,--,--,--,--,--,--,--,--,--,7,7.7,7.4,6.6,1.3,--,--,--,--,--,--,--,--,--,--,--,--,--,0.3,0.5,0.3,0.2,0,--
2019,Rondônia,Rural,Federal,--,--,--,--,--,--,--,--,--,--,--,--,93.8,92.5,96.5,92.7,--,--,--,--,--,--,--,--,--,--,--,--,--,--,5.7,7.5,3.2,5.9,--,--,--,--,--,--,--,--,--,--,--,--,--,--,0.5,0,0.3,1.4,--,--
2019,Rondônia,Total,Estadual,92.9,93.5,92.7,98.8,98.2,88.6,91.3,94.5,93.8,91.7,92.2,92.9,85.3,80.5,86.8,91.6,--,95.2,5.4,5.9,5.2,0.7,1.1,10.7,8,5.1,4.7,6.1,5.6,4.6,8.3,11.2,7,4.8,--,4.8,1.7,0.6,2.1,0.5,0.7,0.7,0.7,0.4,1.5,2.2,2.2,2.5,6.4,8.3,6.2,3.6,--,0
2019,Rondônia,Urbana,Estadual,93.4,95.2,93.1,99.3,99.2,90.7,93.1,96.2,94.2,92.1,92.5,93.2,85.4,80.5,87.1,91.7,--,95.2,5,4.5,5.1,0.4,0.6,8.9,6.5,3.6,4.5,6,5.5,4.5,8.4,11.4,7,4.9,--,4.8,1.6,0.3,1.8,0.3,0.2,0.4,0.4,0.2,1.3,1.9,2,2.3,6.2,8.1,5.9,3.4,--,0
2019,Rondônia,Rural,Estadual,83,81,84.2,93.5,91.6,74.9,79.2,77.9,83.1,83,84.7,86.9,80.8,77.8,77.2,88.6,--,--,11.4,16.1,8.6,3.2,4.3,22.5,18.2,19.4,10.7,8.7,7.7,6.1,5.1,5.6,6.7,3,--,--,5.6,2.9,7.2,3.3,4.1,2.6,2.6,2.7,6.2,8.3,7.6,7,14.1,16.6,16.1,8.4,--,--
2019,Rondônia,Total,Municipal,92.1,93,86.5,98.7,98.7,86.1,89.5,94.1,85,83.4,87.7,93.6,--,--,--,--,--,--,7.1,6.4,11.5,0.7,0.8,13.2,9.9,5.3,13.6,14,10.2,4.6,--,--,--,--,--,--,0.8,0.6,2,0.6,0.5,0.7,0.6,0.6,1.4,2.6,2.1,1.8,--,--,--,--,--,--
2019,Rondônia,Urbana,Municipal,92.9,93.4,85.5,98.8,99,86.5,89.9,94.9,85.1,82.7,85.1,92.6,--,--,--,--,--,--,6.6,6.2,12.9,0.8,0.7,13.1,9.7,4.6,13.5,15.5,12.8,6,--,--,--,--,--,--,0.5,0.4,1.6,0.4,0.3,0.4,0.4,0.5,1.4,1.8,2.1,1.4,--,--,--,--,--,--
2019,Rondônia,Rural,Municipal,89.9,91.3,87.2,97.9,97.6,84.7,88,91.7,84.9,83.8,88.8,93.9,--,--,--,--,--,--,8.5,7.5,10.7,0.6,1.1,13.8,10.8,7.4,13.6,13.2,9,4,--,--,--,--,--,--,1.6,1.2,2.1,1.5,1.3,1.5,1.2,0.9,1.5,3,2.2,2.1,--,--,--,--,--,--
2019,Rondônia,Total,Privada,97.8,98.7,96.4,99.8,99.6,97.4,97.4,99.4,97.1,96.6,95.8,95.8,94.1,91.9,93.8,97.3,95.3,--,2.1,1.2,3.5,0.1,0.4,2.6,2.6,0.6,2.9,3.4,4,4,5.2,7.3,5.4,2.1,3.1,--,0.1,0.1,0.1,0.1,0,0,0,0,0,0,0.2,0.2,0.7,0.8,0.8,0.6,1.6,--
2019,Rondônia,Urbana,Privada,97.9,98.7,96.4,99.8,99.6,97.4,97.3,99.4,97.3,96.6,95.5,95.9,94,91.6,94.1,97.4,--,--,2.1,1.3,3.5,0.1,0.4,2.6,2.7,0.6,2.7,3.4,4.2,3.9,5.6,8,5.6,2.1,--,--,0,0,0.1,0.1,0,0,0,0,0,0,0.3,0.2,0.4,0.4,0.3,0.5,--,--
2019,Rondônia,Rural,Privada,97.6,99.4,95.9,100,100,98.8,98.7,99.4,94.4,96.1,98.2,95,94.4,93.6,92.6,97,95.3,--,2.3,0.5,4,0,0,1.2,1.3,0,5.6,3.9,1.8,4.5,3.3,3.2,4.7,2,3.1,--,0.1,0.1,0.1,0,0,0,0,0.6,0,0,0,0.5,2.3,3.2,2.7,1,1.6,--
2019,Rondônia,Total,Pública,92.5,93.1,91.8,98.7,98.6,86.5,89.8,94.2,92.1,90.5,91.7,93,85.9,81.2,87.3,91.7,98.7,95.2,6.3,6.3,6.2,0.7,0.8,12.9,9.6,5.2,6.4,7.3,6.2,4.6,8.2,10.9,7,4.9,1.3,4.8,1.2,0.6,2,0.6,0.6,0.6,0.6,0.6,1.5,2.2,2.1,2.4,5.9,7.9,5.7,3.4,0,0
2019,Rondônia,Urbana,Pública,93.2,93.7,92.6,98.9,99,87.1,90.5,95.2,93.4,91.5,92.2,93.1,85.9,81.1,87.4,91.8,98.7,95.2,5.7,5.9,5.6,0.7,0.7,12.5,9.1,4.4,5.3,6.6,5.8,4.6,8.3,11.2,7.1,5,1.3,4.8,1.1,0.4,1.8,0.4,0.3,0.4,0.4,0.4,1.3,1.9,2,2.3,5.8,7.7,5.5,3.2,0,0
2019,Rondônia,Rural,Pública,88.8,90.3,86.4,97.7,97.1,83.8,87,90.1,84.5,83.6,87.6,92,86.1,83.6,85.3,90.3,--,--,9,8.3,10.2,0.7,1.3,14.7,11.6,8.7,12.9,11.9,8.7,4.6,5.4,6.3,5.2,4.2,--,--,2.2,1.4,3.4,1.6,1.6,1.5,1.4,1.2,2.6,4.5,3.7,3.4,8.5,10.1,9.5,5.5,--,--
2019,Acre,Total,Total,92.7,92.9,92.3,98.3,87.3,91.2,93.3,95.3,92.3,92.5,92.1,92.4,82.8,76.9,84.8,88.5,97.1,90.7,5.2,5.8,4.5,0.5,11.4,7.4,5.5,3.3,4.5,4.5,5,3.9,10.8,15.4,9.1,7.2,2.9,1,2.1,1.3,3.2,1.2,1.3,1.4,1.2,1.4,3.2,3,2.9,3.7,6.4,7.7,6.1,4.3,0,8.3
2019,Acre,Urbana,Total,95.4,96.4,94.1,99.8,93.2,95.3,96.1,97.9,95.1,94.1,93.4,93.5,81.6,74.6,84.1,88.2,97.6,84.5,3.9,3.3,4.6,0,6.5,4.4,3.6,1.8,4,4.6,5.4,4.6,12.7,18.5,10.7,7.5,2.4,0.9,0.7,0.3,1.3,0.2,0.3,0.3,0.3,0.3,0.9,1.3,1.2,1.9,5.7,6.9,5.2,4.3,0,14.6
2019,Acre,Rural,Total,87.3,86.5,88.6,95.3,77.1,83.9,88,90.3,86.9,89.1,89.3,89.6,87.6,84.8,87.6,91.5,91.7,92,7.9,10.3,4.2,1.6,19.8,12.6,9,6.2,5.7,4.1,4,2.4,3.5,4.4,2.7,5.2,8.3,1,4.8,3.2,7.2,3.1,3.1,3.5,3,3.5,7.4,6.8,6.7,8,8.9,10.8,9.7,3.3,0,7
2019,Acre,Total,Federal,88.5,96.9,83.5,100,92,95.8,96.4,100,94.5,68.8,87.9,76.3,90.8,83.5,93.7,97.1,97.6,--,11.5,3.1,16.5,0,8,4.2,3.6,0,5.5,31.2,12.1,23.7,7.4,13.6,4.8,1.7,2.4,--,0,0,0,0,0,0,0,0,0,0,0,0,1.8,2.9,1.5,1.2,0,--
2019,Acre,Urbana,Federal,88.5,96.9,83.5,100,92,95.8,96.4,100,94.5,68.8,87.9,76.3,90.8,83.5,93.7,97.1,97.6,--,11.5,3.1,16.5,0,8,4.2,3.6,0,5.5,31.2,12.1,23.7,7.4,13.6,4.8,1.7,2.4,--,0,0,0,0,0,0,0,0,0,0,0,0,1.8,2.9,1.5,1.2,0,--
2019,Acre,Total,Estadual,93.2,94.1,92.6,98.4,90.7,92.7,94.2,95.1,92.8,92.8,92.4,92.4,81.8,75.9,83.9,87.5,91.7,90.7,4.6,4.6,4.5,0.4,8.1,5.9,4.8,3.6,4.4,4.4,5.1,4.2,11.3,15.9,9.5,7.9,8.3,1,2.2,1.3,2.9,1.2,1.2,1.4,1,1.3,2.8,2.8,2.5,3.4,6.9,8.2,6.6,4.6,0,8.3
2019,Acre,Urbana,Estadual,95.2,97.1,93.9,99.8,94.4,95.7,97.2,98.3,95.1,94,93.3,93.2,80.1,73,82.9,86.9,--,84.5,3.9,2.7,4.8,0,5.3,4,2.6,1.5,4,4.7,5.7,4.7,13.6,19.5,11.5,8.2,--,0.9,0.9,0.2,1.3,0.2,0.3,0.3,0.2,0.2,0.9,1.3,1,2.1,6.3,7.5,5.6,4.9,--,14.6
2019,Acre,Rural,Estadual,88.3,86.9,89.2,94.5,81.6,85.8,86.9,87.6,87.7,89.8,90.1,89.8,87.6,84.8,87.6,91.5,91.7,92,6.1,9.3,3.9,1.4,14.8,10.1,10.2,8.3,5.2,3.5,3.5,2.6,3.5,4.4,2.7,5.2,8.3,1,5.6,3.8,6.9,4.1,3.6,4.1,2.9,4.1,7.1,6.7,6.4,7.6,8.9,10.8,9.7,3.3,0,7
2019,Acre,Total,Municipal,90.9,91.4,88.6,98,83.9,89.2,91.9,95,87.6,89,88.1,90.5,--,--,--,--,--,--,6.8,7.1,5.3,0.7,14.5,9.2,6.5,3.4,6.3,5.9,5.8,2,--,--,--,--,--,--,2.3,1.5,6.1,1.3,1.6,1.6,1.6,1.6,6.1,5.1,6.1,7.5,--,--,--,--,--,--
2019,Acre,Urbana,Municipal,94.9,95.2,91.8,99.8,91.1,94.2,94.3,97.1,92,91.6,90.3,94.2,--,--,--,--,--,--,4.5,4.3,5.5,0,8.4,5.4,5.1,2.3,5.4,6.3,6.4,2.8,--,--,--,--,--,--,0.6,0.5,2.7,0.2,0.5,0.4,0.6,0.6,2.6,2.1,3.3,3,--,--,--,--,--,--
2019,Acre,Rural,Municipal,86.4,86.2,86.8,95.7,75.1,83,88.6,92,84.8,87.5,87,88.9,--,--,--,--,--,--,9.6,10.8,5.2,1.6,22,13.8,8.4,5,6.8,5.7,5.4,1.6,--,--,--,--,--,--,4,3,8,2.7,2.9,3.2,3,3,8.4,6.8,7.6,9.5,--,--,--,--,--,--
2019,Acre,Total,Privada,99.4,99.7,98.9,99.7,99.5,99.7,99.8,99.8,99.1,99.1,99.1,98.3,96.8,94.8,96.3,99.4,--,--,0.6,0.3,1.1,0.1,0.5,0.3,0.2,0.2,0.9,0.9,0.9,1.7,3.1,5,3.7,0.4,--,--,0,0,0,0.2,0,0,0,0,0,0,0,0,0.1,0.2,0,0.2,--,--
2019,Acre,Urbana,Privada,99.4,99.7,98.9,99.7,99.5,99.7,99.8,99.8,99.1,99.1,99.1,98.3,96.8,94.8,96.3,99.4,--,--,0.6,0.3,1.1,0.1,0.5,0.3,0.2,0.2,0.9,0.9,0.9,1.7,3.1,5,3.7,0.4,--,--,0,0,0,0.2,0,0,0,0,0,0,0,0,0.1,0.2,0,0.2,--,--
2019,Acre,Total,Pública,92.3,92.6,92,98.2,86.7,90.7,92.9,95.1,92,92.2,91.8,92.1,82.2,76.2,84.3,87.9,97.1,90.7,5.5,6,4.7,0.6,11.9,7.8,5.8,3.5,4.7,4.6,5.2,4.1,11.1,15.8,9.3,7.6,2.9,1,2.2,1.4,3.3,1.2,1.4,1.5,1.3,1.4,3.3,3.2,3,3.8,6.7,8,6.4,4.5,0,8.3
2019,Acre,Urbana,Pública,95.1,96.1,93.7,99.8,92.7,94.9,95.7,97.7,94.8,93.7,93,93.2,80.7,73.6,83.5,87.4,97.6,84.5,4.1,3.6,4.9,0,7,4.8,3.9,1.9,4.2,4.9,5.8,4.8,13.3,19.1,11.1,7.9,2.4,0.9,0.8,0.3,1.4,0.2,0.3,0.3,0.4,0.4,1,1.4,1.2,2,6,7.3,5.4,4.7,0,14.6
2019,Acre,Rural,Pública,87.3,86.5,88.6,95.3,77.1,83.9,88,90.3,86.9,89.1,89.3,89.6,87.6,84.8,87.6,91.5,91.7,92,7.9,10.3,4.2,1.6,19.8,12.6,9,6.2,5.7,4.1,4,2.4,3.5,4.4,2.7,5.2,8.3,1,4.8,3.2,7.2,3.1,3.1,3.5,3,3.5,7.4,6.8,6.7,8,8.9,10.8,9.7,3.3,0,7
2019,Amazonas,Total,Total,91.7,93.1,89.8,98.1,97.8,86.8,94.6,89.6,87.7,89.6,90.8,91.6,82.9,79.9,82.6,87.4,100,--,5.9,5.4,6.6,0.5,1,11.7,4,8.4,8.9,7,5.6,4.4,6.9,8.5,7,4.7,0,--,2.4,1.5,3.6,1.4,1.2,1.5,1.4,2,3.4,3.4,3.6,4,10.2,11.6,10.4,7.9,0,--
2019,Amazonas,Urbana,Total,93.4,95,91.3,98.8,98.7,88.9,96.6,92.9,90,91,92,92.6,82.8,80.1,82.4,87,--,--,5.1,4.2,6.2,0.3,0.6,10.2,2.9,6.2,7.7,6.7,5.6,4.6,7.2,8.8,7.2,4.9,--,--,1.5,0.8,2.5,0.9,0.7,0.9,0.5,0.9,2.3,2.3,2.4,2.8,10,11.1,10.4,8.1,--,--
2019,Amazonas,Rural,Total,86.6,87.7,84.9,95.8,94.9,80.9,89.1,81,80.8,85.3,86.8,88.3,83.5,79,83.7,89.4,100,--,8.3,8.7,7.7,1.1,2.1,15.7,7.4,14.3,12.2,7.7,5.5,3.7,5.7,7,6,3.6,0,--,5.1,3.6,7.4,3.1,3,3.4,3.5,4.7,7,7,7.7,8,10.8,14,10.3,7,0,--
2019,Amazonas,Total,Federal,95.8,--,95.8,--,--,--,--,--,95.8,97.9,93.2,96.3,88.3,87.3,88.4,89.5,--,--,4.2,--,4.2,--,--,--,--,--,4.2,2.1,6.8,3.7,10.9,12,10.6,9.7,--,--,0,--,0,--,--,--,--,--,0,0,0,0,0.8,0.7,1,0.8,--,--
2019,Amazonas,Urbana,Federal,95.8,--,95.8,--,--,--,--,--,95.8,97.9,93.2,96.3,88.3,87.5,88,89.7,--,--,4.2,--,4.2,--,--,--,--,--,4.2,2.1,6.8,3.7,10.8,11.7,10.9,9.5,--,--,0,--,0,--,--,--,--,--,0,0,0,0,0.9,0.8,1.1,0.8,--,--
2019,Amazonas,Rural,Federal,--,--,--,--,--,--,--,--,--,--,--,--,87.7,83,95,84.3,--,--,--,--,--,--,--,--,--,--,--,--,--,--,12.3,17,5,15.7,--,--,--,--,--,--,--,--,--,--,--,--,--,--,0,0,0,0,--,--
2019,Amazonas,Total,Estadual,92.7,95.4,91,99.3,99.2,89.1,98.9,92.6,90.5,90.6,91.4,91.6,82.3,79.1,81.9,86.9,100,--,5.3,4,6.1,0.1,0.2,10.2,0.7,6.8,6.9,6.7,5.7,5,6.9,8.5,7.1,4.6,0,--,2,0.6,2.9,0.6,0.6,0.7,0.4,0.6,2.6,2.7,2.9,3.4,10.8,12.4,11,8.5,0,--
2019,Amazonas,Urbana,Estadual,93.1,95.8,91.4,99.5,99.4,89.7,99.4,93.2,91,91,91.7,91.8,82,79.1,81.5,86.4,--,--,5.1,3.7,6,0,0.1,9.7,0.3,6.3,6.7,6.7,5.7,5,7.2,8.9,7.3,4.8,--,--,1.8,0.5,2.6,0.5,0.5,0.6,0.3,0.5,2.3,2.3,2.6,3.2,10.8,12,11.2,8.8,--,--
2019,Amazonas,Rural,Estadual,86.6,87.2,86.3,95.4,95.9,78.4,90.7,81.1,83.1,84.8,87.9,89,83.4,79,83.6,89.4,100,--,7.7,10.3,6.6,1.6,2.8,18.9,6.1,16.6,8.8,7.1,6.1,4.4,5.6,6.9,6,3.5,0,--,5.7,2.5,7.1,3,1.3,2.7,3.2,2.3,8.1,8.1,6,6.6,11,14.1,10.4,7.1,0,--
2019,Amazonas,Total,Municipal,90.4,91.8,87.6,97.7,97.2,84.9,92.8,87.7,84.3,87.8,89,90.9,--,--,--,--,--,--,6.7,6.3,7.7,0.5,1.2,13.2,5.4,9.7,11.3,7.7,5.9,4,--,--,--,--,--,--,2.9,1.9,4.7,1.8,1.6,1.9,1.8,2.6,4.4,4.5,5.1,5.1,--,--,--,--,--,--
2019,Amazonas,Urbana,Municipal,92.7,93.9,89.8,98.5,98.4,87,94.9,91.9,87.2,89.6,91,93.1,--,--,--,--,--,--,5.7,5,7.5,0.3,0.8,11.9,4.3,6.9,10.2,7.6,6.4,4.3,--,--,--,--,--,--,1.6,1.1,2.7,1.2,0.8,1.1,0.8,1.2,2.6,2.8,2.6,2.6,--,--,--,--,--,--
2019,Amazonas,Rural,Municipal,86.6,87.8,84.7,95.9,94.9,81,89,81,80.5,85.4,86.6,88.1,--,--,--,--,--,--,8.3,8.6,7.9,1.1,2.1,15.6,7.5,14.2,12.6,7.8,5.4,3.6,--,--,--,--,--,--,5.1,3.6,7.4,3,3,3.4,3.5,4.8,6.9,6.8,8,8.3,--,--,--,--,--,--
2019,Amazonas,Total,Privada,98.5,98.8,97.8,99,98.9,99,99,98.3,98.1,97.3,98.3,97.1,96,94,96.9,97.7,--,--,1.4,0.9,2.1,0.6,0.9,0.9,1,1.5,1.8,2.6,1.5,2.7,3.8,5.7,2.9,2.2,--,--,0.1,0.3,0.1,0.4,0.2,0.1,0,0.2,0.1,0.1,0.2,0.2,0.2,0.3,0.2,0.1,--,--
2019,Amazonas,Urbana,Privada,98.5,98.8,97.8,99,98.9,99,99,98.3,98.1,97.4,98.4,97.1,96.1,94.1,97.1,97.7,--,--,1.4,0.9,2.1,0.6,0.9,0.9,1,1.5,1.8,2.6,1.5,2.7,3.8,5.6,2.8,2.2,--,--,0.1,0.3,0.1,0.4,0.2,0.1,0,0.2,0.1,0,0.1,0.2,0.1,0.3,0.1,0.1,--,--
2019,Amazonas,Rural,Privada,98.3,100,97,100,100,100,100,100,96,96.4,95.5,100,89.1,85.7,83.3,100,--,--,1.7,0,3,0,0,0,0,0,4,3.6,4.5,0,10.9,14.3,16.7,0,--,--,0,0,0,0,0,0,0,0,0,0,0,0,0,0,0,0,--,--
2019,Amazonas,Total,Pública,91.2,92.6,89.3,98,97.6,85.8,94.3,89,87,89.1,90.3,91.3,82.4,79.3,82,87,100,--,6.2,5.8,6.9,0.4,1,12.5,4.3,8.9,9.3,7.2,5.8,4.5,7,8.6,7.2,4.8,0,--,2.6,1.6,3.8,1.6,1.4,1.7,1.4,2.1,3.7,3.7,3.9,4.2,10.6,12.1,10.8,8.2,0,--
2019,Amazonas,Urbana,Pública,92.9,94.5,90.8,98.8,98.7,87.8,96.3,92.4,89.3,90.5,91.5,92.2,82.2,79.4,81.7,86.5,--,--,5.5,4.6,6.6,0.2,0.6,11.2,3.1,6.7,8.2,7,5.9,4.8,7.3,9,7.4,5,--,--,1.6,0.9,2.6,1,0.7,1,0.6,0.9,2.5,2.5,2.6,3,10.5,11.6,10.9,8.5,--,--
2019,Amazonas,Rural,Pública,86.6,87.7,84.9,95.8,94.9,80.9,89.1,81,80.8,85.3,86.8,88.3,83.5,79,83.7,89.4,100,--,8.3,8.7,7.7,1.1,2.1,15.7,7.4,14.3,12.3,7.7,5.5,3.7,5.7,7,5.9,3.6,0,--,5.1,3.6,7.4,3.1,3,3.4,3.5,4.7,6.9,7,7.7,8,10.8,14,10.4,7,0,--
2019,Roraima,Total,Total,91.9,93.9,89.2,97.5,92.4,92,92.4,94.6,88.2,90.6,90.1,87.4,83.8,78.4,85.5,90.1,100,96.8,6.2,5.3,7.2,1.5,6.7,7.4,6.9,4.6,8.8,6.4,6,7.9,9.1,12.7,7.7,5.2,0,2.8,1.9,0.8,3.6,1,0.9,0.6,0.7,0.8,3,3,3.9,4.7,7.1,8.9,6.8,4.7,0,0.4
2019,Roraima,Urbana,Total,92.6,94.6,90.2,97.3,92.4,92.7,94,96.2,89.9,92.1,91.2,86.8,83.4,77.8,85.4,90.4,--,--,5.9,4.9,7,1.9,7.1,6.8,5.7,3.4,7.9,5.8,6,9,10.5,14.4,8.7,6.1,--,--,1.5,0.5,2.8,0.8,0.5,0.5,0.3,0.4,2.2,2.1,2.8,4.2,6.1,7.8,5.9,3.5,--,--
2019,Roraima,Rural,Total,89.9,92.2,85.9,98.1,92.5,90.3,88.9,91.1,83.9,84.9,86.2,90,85.5,81.1,85.9,88.6,100,96.8,6.9,6.3,7.9,0.4,6,8.7,9.4,7.3,11.3,8.8,6.2,3.4,3.3,4.8,3,1.2,0,2.8,3.2,1.5,6.2,1.5,1.5,1,1.7,1.6,4.8,6.3,7.6,6.6,11.2,14.1,11.1,10.2,0,0.4
2019,Roraima,Total,Federal,96.6,97.6,96,100,100,100,92,96.3,98,95.8,100,90.2,93.4,88.1,94.4,96.4,--,96.8,3.4,2.4,4,0,0,0,8,3.7,2,4.2,0,9.8,4.9,7.5,4.6,3.6,--,2.8,0,0,0,0,0,0,0,0,0,0,0,0,1.7,4.4,1,0,--,0.4
2019,Roraima,Urbana,Federal,96.6,97.6,96,100,100,100,92,96.3,98,95.8,100,90.2,92.4,88,93.9,96.1,--,--,3.4,2.4,4,0,0,0,8,3.7,2,4.2,0,9.8,5.9,8.3,5,3.9,--,--,0,0,0,0,0,0,0,0,0,0,0,0,1.7,3.7,1.1,0,--,--
2019,Roraima,Rural,Federal,--,--,--,--,--,--,--,--,--,--,--,--,96,88.2,98.1,100,--,96.8,--,--,--,--,--,--,--,--,--,--,--,--,2.3,1.5,1.9,0,--,2.8,--,--,--,--,--,--,--,--,--,--,--,--,1.7,10.3,0,0,--,0.4
2019,Roraima,Total,Estadual,89.5,92.7,88.8,97.2,95.4,94.1,88.6,88.8,87.9,90.3,89.6,86.7,82.3,77.1,84.2,88.9,--,--,7.1,5.3,7.4,0.6,2.5,4.7,8.9,9,9,6.5,6.2,8.3,9.8,13.3,8.2,5.7,--,--,3.4,2,3.8,2.2,2.1,1.2,2.5,2.2,3.1,3.2,4.2,5,7.9,9.6,7.6,5.4,--,--
2019,Roraima,Urbana,Estadual,89.7,50,89.7,50,--,--,--,--,89.5,91.8,90.8,85.9,81.9,76.2,83.9,89.1,--,--,7.3,50,7.3,50,--,--,--,--,8.1,5.9,6.2,9.5,11.3,15.3,9.4,6.9,--,--,3,0,3,0,--,--,--,--,2.4,2.3,3,4.6,6.8,8.5,6.7,4,--,--
2019,Roraima,Rural,Estadual,89.1,92.7,85.8,97.3,95.4,94.1,88.6,88.8,84.1,84.8,85.9,89.7,84.1,80.8,85.4,88.1,--,--,6.6,5.3,7.9,0.5,2.5,4.7,8.9,9,11.1,9,6.4,3.5,3.4,4.9,3.1,1.3,--,--,4.3,2,6.3,2.2,2.1,1.2,2.5,2.2,4.8,6.2,7.7,6.8,12.5,14.3,11.5,10.6,--,--
2019,Roraima,Total,Municipal,93.2,93.4,87.4,97.4,90.9,90.7,92.5,95.3,83.5,88.4,89.8,93.6,--,--,--,--,--,--,6,5.9,7.9,1.8,8.3,8.8,7,4.2,12.1,6.7,4.4,2.1,--,--,--,--,--,--,0.8,0.7,4.7,0.8,0.8,0.5,0.5,0.5,4.4,4.9,5.8,4.3,--,--,--,--,--,--
2019,Roraima,Urbana,Municipal,93.8,93.9,88.4,97,91.2,91.6,93.3,95.8,84.7,92.1,91.3,98,--,--,--,--,--,--,5.6,5.6,8.4,2.1,8.2,7.9,6.3,3.7,11.7,5,5.8,0,--,--,--,--,--,--,0.6,0.5,3.2,0.9,0.6,0.5,0.4,0.5,3.6,2.9,2.9,2,--,--,--,--,--,--
2019,Roraima,Rural,Municipal,91.2,91.7,86.8,98.8,90.1,87,89.3,93.3,82.3,86.2,89.3,92.5,--,--,--,--,--,--,7.4,7.3,7.6,0.4,8.9,12.1,9.9,5.8,12.6,7.8,4,2.7,--,--,--,--,--,--,1.4,1,5.6,0.8,1,0.9,0.8,0.9,5.1,6,6.7,4.8,--,--,--,--,--,--
2019,Roraima,Total,Privada,98.1,99.4,95.8,99.5,99.5,99.3,99.1,99.4,96.1,95.6,95.1,96.4,96.1,93.1,96.3,99.4,100,--,1.8,0.5,4.1,0.3,0.4,0.5,0.9,0.5,3.7,4.4,4.7,3.6,3.8,6.9,3.7,0.3,0,--,0.1,0.1,0.1,0.2,0.1,0.2,0,0.1,0.2,0,0.2,0,0.1,0,0,0.3,0,--
2019,Roraima,Urbana,Privada,98.1,99.4,95.8,99.5,99.5,99.3,99.1,99.4,96.1,95.6,95.1,96.4,96,93.1,96.3,99.4,--,--,1.8,0.5,4.1,0.3,0.4,0.5,0.9,0.5,3.7,4.4,4.7,3.6,3.9,6.9,3.7,0.3,--,--,0.1,0.1,0.1,0.2,0.1,0.2,0,0.1,0.2,0,0.2,0,0.1,0,0,0.3,--,--
2019,Roraima,Rural,Privada,--,--,--,--,--,--,--,--,--,--,--,--,100,100,100,100,100,--,--,--,--,--,--,--,--,--,--,--,--,--,0,0,0,0,0,--,--,--,--,--,--,--,--,--,--,--,--,--,0,0,0,0,0,--
2019,Roraima,Total,Pública,91.3,93.3,88.8,97.3,91.6,91.2,91.8,94.2,87.7,90.3,89.7,86.9,83.2,77.8,84.8,89.6,--,96.8,6.5,5.8,7.4,1.6,7.4,8.1,7.4,4.9,9.2,6.5,6.1,8.1,9.4,12.9,8,5.5,--,2.8,2.2,0.9,3.8,1.1,1,0.7,0.8,0.9,3.1,3.2,4.2,5,7.4,9.3,7.2,4.9,--,0.4
2019,Roraima,Urbana,Pública,91.9,93.9,89.7,97,91.2,91.7,93.3,95.8,89.3,91.8,90.8,86,82.6,77,84.6,89.8,--,--,6.4,5.6,7.3,2.1,8.1,7.9,6.3,3.7,8.3,5.9,6.1,9.4,10.9,14.9,9.1,6.6,--,--,1.7,0.5,3,0.9,0.7,0.4,0.4,0.5,2.4,2.3,3.1,4.6,6.5,8.1,6.3,3.6,--,--
2019,Roraima,Rural,Pública,89.9,92.2,85.9,98.1,92.5,90.3,88.9,91.1,83.9,84.9,86.2,90,85.4,81.1,85.9,88.5,--,96.8,6.9,6.3,7.9,0.4,6,8.7,9.4,7.3,11.3,8.8,6.2,3.4,3.3,4.8,3,1.2,--,2.8,3.2,1.5,6.2,1.5,1.5,1,1.7,1.6,4.8,6.3,7.6,6.6,11.3,14.1,11.1,10.3,--,0.4
2019,Pará,Total,Total,86.5,88.4,83.8,97.5,96.7,81.8,84.3,85.4,79.6,82.8,87.2,87.6,78.6,72.6,80.5,84.6,93.5,83.2,10.6,9.8,11.7,0.9,2.2,16.7,13.8,12.2,15.8,12.6,8.5,8.1,11.3,15.1,9.5,8.1,4,8.4,2.9,1.8,4.5,1.6,1.1,1.5,1.9,2.4,4.6,4.6,4.3,4.3,10.1,12.3,10,7.3,2.5,8.4
2019,Pará,Urbana,Total,88.9,91.7,85.5,98.2,97.2,85.3,89.8,89.9,82.7,83.8,88.6,88.4,78.7,72.5,80.6,84.7,93.5,83.2,9.1,7.2,11.4,0.6,2,13.6,9,8.7,14.2,12.8,8.6,8.5,11.5,15.5,9.7,8.2,4.1,8.4,2,1.1,3.1,1.2,0.8,1.1,1.2,1.4,3.1,3.4,2.8,3.1,9.8,12,9.7,7.1,2.4,8.4
2019,Pará,Rural,Total,81.7,82.8,79.9,96.1,95.6,75.8,75.3,77.8,73.3,80.5,83.8,85.6,77.8,73.2,79.5,83,93.8,--,13.7,14.4,12.5,1.5,2.7,22,21.5,18.1,19,12.1,8.3,7,8.9,11.3,7.2,7.3,0,--,4.6,2.8,7.6,2.4,1.7,2.2,3.2,4.1,7.7,7.4,7.9,7.4,13.3,15.5,13.3,9.7,6.2,--
2019,Pará,Total,Federal,94.8,97.5,93.6,100,94.5,98.1,98.8,96,97.6,96.3,89,93,88.5,85.4,89.1,89.7,94.4,--,5,2.1,6.3,0,5.5,0.9,1.2,3.4,1.9,3.7,11,7,7.9,10.2,7.7,6.5,3.8,--,0.2,0.4,0.1,0,0,1,0,0.6,0.5,0,0,0,3.6,4.4,3.2,3.8,1.8,--
2019,Pará,Urbana,Federal,94.8,97.5,93.6,100,94.5,98.1,98.8,96,97.6,96.3,89,93,88.7,85.8,88.6,90.5,94.4,--,5,2.1,6.3,0,5.5,0.9,1.2,3.4,1.9,3.7,11,7,7.6,9.7,8.1,5.5,3.8,--,0.2,0.4,0.1,0,0,1,0,0.6,0.5,0,0,0,3.7,4.5,3.3,4,1.8,--
2019,Pará,Rural,Federal,--,--,--,--,--,--,--,--,--,--,--,--,82.5,69.4,97.6,71.9,--,--,--,--,--,--,--,--,--,--,--,--,--,--,16.4,30.6,0,28.1,--,--,--,--,--,--,--,--,--,--,--,--,--,--,1.1,0,2.4,0,--,--
2019,Pará,Total,Estadual,85.5,90.9,83.3,97.8,98.4,79.5,98.5,87.2,82,82.7,85.5,83.2,76.8,70.6,78.7,83,91.7,86.9,11.4,7.4,13.1,0,0,18.7,0.2,11.1,14.9,13.2,11.3,12.6,12.1,16,10.2,8.9,4.9,9.5,3.1,1.7,3.6,2.2,1.6,1.8,1.3,1.7,3.1,4.1,3.2,4.2,11.1,13.4,11.1,8.1,3.4,3.6
2019,Pará,Urbana,Estadual,85.6,90.9,83.1,97.8,98.4,79.4,98.6,87.4,81.8,82.4,85.5,83.2,76.7,70.3,78.7,83,91.7,86.9,11.5,7.4,13.4,0,0,18.8,0.1,11,15.3,13.6,11.5,12.8,12.5,16.6,10.5,9,5,9.5,2.9,1.7,3.5,2.2,1.6,1.8,1.3,1.6,2.9,4,3,4,10.8,13.1,10.8,8,3.3,3.6
2019,Pará,Rural,Estadual,84.9,88.4,84.6,96.5,98.1,84.9,94.6,79.9,83.6,85.8,85.8,83,77.6,73.1,79.2,82.8,93.8,--,10.1,9.6,10.1,0.7,0,15.1,2.2,18.2,11.3,9,9.4,11,9,11.3,7.4,7.3,0,--,5,2,5.3,2.8,1.9,0,3.2,1.9,5.1,5.2,4.8,6,13.4,15.6,13.4,9.9,6.2,--
2019,Pará,Total,Municipal,85.2,87.1,82.2,97.2,96.2,80.3,81.7,84,77,81.1,86.2,87.8,60,41,79.2,68.8,--,--,11.6,11,12.5,1,2.6,18.2,16.1,13.4,17.4,13.6,8.5,7.3,35.8,53.8,16.7,28.1,--,--,3.2,1.9,5.3,1.8,1.2,1.5,2.2,2.6,5.6,5.3,5.3,4.9,4.2,5.2,4.1,3.1,--,--
2019,Pará,Urbana,Municipal,87.9,90.3,84.1,98.1,96.7,83.7,86.9,88.8,80.2,81.8,88,89.1,60,41,79.2,68.8,--,--,9.9,8.4,12.3,0.6,2.5,15.2,11.7,9.6,16,14.4,8.7,7.6,35.8,53.8,16.7,28.1,--,--,2.2,1.3,3.6,1.3,0.8,1.1,1.4,1.6,3.8,3.8,3.3,3.3,4.2,5.2,4.1,3.1,--,--
2019,Pará,Rural,Municipal,81.6,82.8,79.5,96.1,95.6,75.8,75.3,77.8,72.6,80.1,83.6,85.8,--,--,--,--,--,--,13.8,14.4,12.6,1.5,2.7,22,21.6,18.1,19.4,12.3,8.2,6.7,--,--,--,--,--,--,4.6,2.8,7.9,2.4,1.7,2.2,3.1,4.1,8,7.6,8.2,7.5,--,--,--,--,--,--
2019,Pará,Total,Privada,98.2,98.8,97.5,99,99.1,98.4,98.8,98.5,97.7,97.4,97.8,97,97,95.1,97.6,98.4,100,54.5,1.6,1,2.4,0.5,0.7,1.5,1.1,1.4,2.2,2.5,2,2.8,2.5,4.2,1.9,1.3,0,0,0.2,0.2,0.1,0.5,0.2,0.1,0.1,0.1,0.1,0.1,0.2,0.2,0.5,0.7,0.5,0.3,0,45.5
2019,Pará,Urbana,Privada,98.3,98.9,97.5,99,99.1,98.7,99,98.8,97.7,97.5,97.8,97,97.1,95.3,97.7,98.4,100,54.5,1.5,0.9,2.4,0.5,0.7,1.1,0.9,1.1,2.2,2.4,2,2.8,2.5,4.2,2,1.3,0,0,0.2,0.2,0.1,0.5,0.2,0.2,0.1,0.1,0.1,0.1,0.2,0.2,0.4,0.5,0.3,0.3,0,45.5
2019,Pará,Rural,Privada,89.1,85.4,96,99.3,99.4,74.4,83,76.8,94.3,93.8,97.9,99.1,91.6,84.5,92.2,98.3,--,--,10.4,14.1,3.8,0,0.6,25.1,15.4,23.2,5.7,6.2,1,0.9,2.6,5.7,0,1.1,--,--,0.5,0.5,0.2,0.7,0,0.5,1.6,0,0,0,1.1,0,5.8,9.8,7.8,0.6,--,--
2019,Pará,Total,Pública,85.3,87.4,82.5,97.3,96.4,80.2,82.9,84.2,78,81.5,86.1,86.6,77,70.9,78.9,83.1,92.7,86.9,11.5,10.7,12.6,0.9,2.4,18.2,15,13.2,16.9,13.5,9.2,8.7,12,15.9,10.1,8.8,4.5,9.5,3.2,1.9,4.9,1.8,1.2,1.6,2.1,2.6,5.1,5,4.7,4.7,11,13.2,11,8.1,2.8,3.6
2019,Pará,Urbana,Pública,87.4,90.4,83.8,98,96.9,83.2,88.3,88.6,80.7,82,87.2,87,76.9,70.6,78.9,83.1,92.7,86.9,10.3,8.3,12.6,0.6,2.2,15.6,10.3,9.8,15.8,14.1,9.6,9.4,12.4,16.5,10.5,9,4.6,9.5,2.3,1.3,3.6,1.4,0.9,1.2,1.4,1.6,3.5,3.9,3.2,3.6,10.7,12.9,10.6,7.9,2.7,3.6
2019,Pará,Rural,Pública,81.7,82.8,79.9,96.1,95.6,75.8,75.3,77.8,73.2,80.5,83.7,85.6,77.6,73.1,79.3,82.7,93.8,--,13.7,14.4,12.5,1.5,2.7,22,21.5,18.1,19,12.1,8.3,7.1,9,11.3,7.3,7.5,0,--,4.6,2.8,7.6,2.4,1.7,2.2,3.2,4.1,7.8,7.4,8,7.3,13.4,15.6,13.4,9.8,6.2,--
2019,Amapá,Total,Total,88.4,91.1,84.6,98.1,98.2,83.6,87.6,90.1,78.8,85.3,89.1,87.5,79.3,72.4,81.7,86.5,91,72.7,9.6,8,12,0.8,1.1,15.5,11.7,8.9,17.5,11.7,8,8.4,11,15.5,9.4,6.5,5.6,0,2,0.9,3.4,1.1,0.7,0.9,0.7,1,3.7,3,2.9,4.1,9.7,12.1,8.9,7,3.4,27.3
2019,Amapá,Urbana,Total,89.3,92.5,85,98.2,98.2,85.8,90.5,91.6,78.8,85.5,89.8,88.4,79.8,72.7,82.7,86.8,88.4,--,8.9,6.7,11.9,0.7,1.2,13.4,8.9,7.5,17.6,11.6,7.9,8.2,10.9,15.2,9.2,6.3,7.1,--,1.8,0.8,3.1,1.1,0.6,0.8,0.6,0.9,3.6,2.9,2.3,3.4,9.3,12.1,8.1,6.9,4.5,--
2019,Amapá,Rural,Total,84.7,85.9,82.3,97.8,98.4,76.4,77.6,84.9,78.5,84.2,85,83.3,75.5,70.3,74.7,83.8,98.7,72.7,12.7,12.9,12.4,1,0.7,22.5,21.1,13.6,17.3,11.8,8.2,9.5,12.3,17.1,10.7,7.4,1.3,0,2.6,1.2,5.3,1.2,0.9,1.1,1.3,1.5,4.2,4,6.8,7.2,12.2,12.6,14.6,8.8,0,27.3
2019,Amapá,Total,Federal,--,--,--,--,--,--,--,--,--,--,--,--,92.1,88.7,93,96.5,97.8,--,--,--,--,--,--,--,--,--,--,--,--,--,7.2,10.3,6.8,2.8,0,--,--,--,--,--,--,--,--,--,--,--,--,--,0.7,1,0.2,0.7,2.2,--
2019,Amapá,Urbana,Federal,--,--,--,--,--,--,--,--,--,--,--,--,92.1,88.7,93,96.5,97.8,--,--,--,--,--,--,--,--,--,--,--,--,--,7.2,10.3,6.8,2.8,0,--,--,--,--,--,--,--,--,--,--,--,--,--,0.7,1,0.2,0.7,2.2,--
2019,Amapá,Total,Estadual,85.3,88.7,83.5,98.4,98.3,79.4,83.9,88.6,77.7,84,88.1,86.2,76.7,69.4,79.3,84.7,88,--,11.9,10.2,12.9,0.5,0.7,19.4,15.1,10.2,18.6,12.6,8.8,9.4,12.2,16.9,10.4,7.3,8.2,--,2.8,1.1,3.6,1.1,1,1.2,1,1.2,3.7,3.4,3.1,4.4,11.1,13.7,10.3,8,3.8,--
2019,Amapá,Urbana,Estadual,85.8,90.8,83.7,98.5,98.4,81.8,88,90.7,77.4,84,88.7,86.9,77,69.3,80.2,84.8,81.8,--,11.6,8.3,12.9,0.5,0.9,17.3,11.3,8.3,18.9,12.8,8.8,9.2,12.1,16.8,10.3,7.2,12.1,--,2.6,0.9,3.4,1,0.7,0.9,0.7,1,3.7,3.2,2.5,3.9,10.9,13.9,9.5,8,6.1,--
2019,Amapá,Rural,Estadual,83.7,85,82.3,98.1,98.1,75.4,77,84.9,78.8,84.1,85.3,82.9,75.4,69.9,74.5,83.8,98.7,--,13.1,13.5,12.6,0.5,0.4,23.1,21.4,13.3,17.5,12,8.3,9.9,12.7,17.8,10.9,7.5,1.3,--,3.2,1.5,5.1,1.4,1.5,1.5,1.6,1.8,3.7,3.9,6.4,7.2,11.9,12.3,14.6,8.7,0,--
2019,Amapá,Total,Municipal,90.2,90.9,79.1,97.7,97.9,83.7,87.6,89.4,69.7,83.1,86.4,89.8,--,--,--,--,--,--,8.7,8.2,15.9,1.1,1.5,15.6,11.6,9.5,23.5,13.4,9.6,6.7,--,--,--,--,--,--,1.1,0.9,5,1.2,0.6,0.7,0.8,1.1,6.8,3.5,4,3.5,--,--,--,--,--,--
2019,Amapá,Urbana,Municipal,91,91.8,78.5,97.7,97.7,85,89.7,90.3,69.1,82.7,86,89.9,--,--,--,--,--,--,7.9,7.3,16.7,1,1.6,14.2,9.6,8.5,24.3,13.7,10.4,6.8,--,--,--,--,--,--,1.1,0.9,4.8,1.3,0.7,0.8,0.7,1.2,6.6,3.6,3.6,3.3,--,--,--,--,--,--
2019,Amapá,Rural,Municipal,86.7,86.9,82.9,97.7,98.8,77.6,78.3,84.9,74.1,85.7,88.6,89.1,--,--,--,--,--,--,12.3,12.4,11.1,1.4,0.9,21.7,20.8,14,17,11.2,5.1,6.5,--,--,--,--,--,--,1,0.7,6,0.9,0.3,0.7,0.9,1.1,8.9,3.1,6.3,4.4,--,--,--,--,--,--
2019,Amapá,Total,Privada,99.3,99.5,98.9,99.7,99.5,99.3,99.4,99.7,98.6,99.4,98.7,98.7,97.7,96.6,98,99.3,--,72.7,0.4,0.3,0.6,0.1,0.1,0.5,0.5,0.3,0.7,0.3,0.5,0.7,1.2,1.8,1.1,0.5,--,0,0.3,0.2,0.5,0.2,0.4,0.2,0.1,0,0.7,0.3,0.8,0.6,1.1,1.6,0.9,0.2,--,27.3
2019,Amapá,Urbana,Privada,99.5,99.5,99.5,99.7,99.5,99.3,99.4,99.7,99.5,99.6,99.7,99.2,99.1,98.5,99.1,99.6,--,--,0.4,0.3,0.5,0.1,0.1,0.5,0.5,0.3,0.5,0.4,0.3,0.7,0.9,1.5,0.9,0.4,--,--,0.1,0.2,0,0.2,0.4,0.2,0.1,0,0,0,0,0.1,0,0,0,0,--,--
2019,Amapá,Rural,Privada,79.4,--,79.4,--,--,--,--,--,76.9,91.4,58.6,87.2,78.5,77.4,79.5,86.4,--,72.7,3.9,--,3.9,--,--,--,--,--,5.8,0,10.3,0,4.1,4.8,4.5,4.5,--,0,16.7,--,16.7,--,--,--,--,--,17.3,8.6,31.1,12.8,17.4,17.8,16,9.1,--,27.3
2019,Amapá,Total,Pública,87.3,90.1,83.2,97.9,98,82.1,86.3,89.1,77,84,88,86.3,77.6,70.5,80.1,85.2,91,--,10.6,8.9,13.1,0.9,1.2,17,12.8,9.8,19,12.7,8.8,9.2,11.9,16.5,10.1,7.1,5.6,--,2.1,1,3.7,1.2,0.8,0.9,0.9,1.1,4,3.3,3.2,4.5,10.5,13,9.8,7.7,3.4,--
2019,Amapá,Urbana,Pública,88,91.5,83.4,97.9,97.9,84,89.2,90.5,76.7,83.9,88.5,87,77.9,70.6,81,85.4,88.4,--,10,7.6,13.2,0.9,1.4,15.1,10.1,8.5,19.3,12.8,8.9,9.1,11.8,16.4,10,7,7.1,--,2,0.9,3.4,1.2,0.7,0.9,0.7,1,4,3.3,2.6,3.9,10.3,13,9,7.6,4.5,--
2019,Amapá,Rural,Pública,84.7,85.9,82.4,97.8,98.4,76.4,77.6,84.9,78.5,84.1,85.5,83.2,75.4,69.9,74.5,83.8,98.7,--,12.8,12.9,12.6,1,0.7,22.5,21.1,13.6,17.5,12,8.2,9.7,12.7,17.8,10.9,7.5,1.3,--,2.5,1.2,5,1.2,0.9,1.1,1.3,1.5,4,3.9,6.3,7.1,11.9,12.3,14.6,8.7,0,--
2019,Tocantins,Total,Total,93,95.1,90.3,99.2,98.9,91.8,92.2,94.8,88.9,89.9,90.5,92.1,87.9,82.6,89.5,94.2,93.8,92.1,6.1,4.6,8,0.4,0.9,7.9,7.5,4.8,9.6,8.4,7.7,6.1,7.9,11.9,6.6,3.2,6.2,2.6,0.9,0.3,1.7,0.4,0.2,0.3,0.3,0.4,1.5,1.7,1.8,1.8,4.2,5.5,3.9,2.6,0,5.3
2019,Tocantins,Urbana,Total,93.4,95.7,90.7,99.5,99,92.3,93,95.6,89.8,90.2,90.9,92.1,88.1,82.6,89.8,94.5,100,--,5.8,4.2,7.8,0.4,1,7.6,6.8,4.2,9.1,8.4,7.5,6.3,7.7,11.8,6.5,3,0,--,0.8,0.1,1.5,0.1,0,0.1,0.2,0.2,1.1,1.4,1.6,1.6,4.2,5.6,3.7,2.5,0,--
2019,Tocantins,Rural,Total,89.9,91.9,86.9,97.4,98.1,88.8,87.8,90.1,82.4,87.4,87.2,91.4,85.7,81.9,85.3,91.3,92.5,92.1,7.9,7,9.3,0.9,0.9,10.1,11.5,8.6,13.5,9,9.1,4.9,9.5,13,8.7,5.6,7.5,2.6,2.2,1.1,3.8,1.7,1,1.1,0.7,1.3,4.1,3.6,3.7,3.7,4.8,5.1,6,3.1,0,5.3
2019,Tocantins,Total,Federal,--,--,--,--,--,--,--,--,--,--,--,--,84.9,75.3,86.8,96.6,--,--,--,--,--,--,--,--,--,--,--,--,--,--,12.8,21.7,10.6,2.4,--,--,--,--,--,--,--,--,--,--,--,--,--,--,2.3,3,2.6,1,--,--
2019,Tocantins,Urbana,Federal,--,--,--,--,--,--,--,--,--,--,--,--,84.3,75.6,84.9,96.5,--,--,--,--,--,--,--,--,--,--,--,--,--,--,13.1,21.5,11.8,2.4,--,--,--,--,--,--,--,--,--,--,--,--,--,--,2.6,2.9,3.3,1.1,--,--
2019,Tocantins,Rural,Federal,--,--,--,--,--,--,--,--,--,--,--,--,86.2,74.7,92.1,97,--,--,--,--,--,--,--,--,--,--,--,--,--,--,12,22,7.1,2.6,--,--,--,--,--,--,--,--,--,--,--,--,--,--,1.8,3.3,0.8,0.4,--,--
2019,Tocantins,Total,Estadual,89.7,92.6,89.3,90.8,97.2,93.7,91.8,91.7,88.5,88.9,89.2,90.4,87.7,82.4,89.2,93.8,93.8,92.1,8.3,5.7,8.8,1.2,0.6,4.5,7.3,7.1,9.8,9.2,8.7,7.4,7.8,11.6,6.6,3.3,6.2,2.6,2,1.7,1.9,8,2.2,1.8,0.9,1.2,1.7,1.9,2.1,2.2,4.5,6,4.2,2.9,0,5.3
2019,Tocantins,Urbana,Estadual,90.3,94.9,89.7,100,100,94.8,93.9,94.5,89.1,89.2,89.7,90.8,87.9,82.4,89.6,94.2,100,--,8.2,4.9,8.6,0,0,5.2,5.9,5.2,9.6,9.1,8.4,7.3,7.7,11.6,6.4,3.1,0,--,1.5,0.2,1.7,0,0,0,0.2,0.3,1.3,1.7,1.9,1.9,4.4,6,4,2.7,0,--
2019,Tocantins,Rural,Estadual,85.3,87.4,84,86.8,94.7,91.5,85.3,81.3,82.3,85.3,83.2,85.3,84.7,82.5,83,89.4,92.5,92.1,9.3,7.5,10.5,1.6,1.1,3,11.5,14.1,11.3,9.8,11.9,8.9,9.6,11.7,9.6,6.7,7.5,2.6,5.4,5.1,5.5,11.6,4.2,5.5,3.2,4.6,6.4,4.9,4.9,5.8,5.7,5.8,7.4,3.9,0,5.3
2019,Tocantins,Total,Municipal,94.1,94.8,91.3,99.4,98.9,90.7,91.4,94.9,87.8,90.7,92.4,96.1,--,--,--,--,--,--,5.5,5,7.2,0.5,1.1,9.1,8.3,4.8,10.9,7.8,6,2.6,--,--,--,--,--,--,0.4,0.2,1.5,0.1,0,0.2,0.3,0.3,1.3,1.5,1.6,1.3,--,--,--,--,--,--
2019,Tocantins,Urbana,Municipal,94.6,95.2,92.2,99.5,98.9,91.2,92,95.4,89.6,91.3,93.4,95.9,--,--,--,--,--,--,5.1,4.7,6.7,0.4,1.1,8.7,7.8,4.4,9.5,7.4,5.5,3,--,--,--,--,--,--,0.3,0.1,1.1,0.1,0,0.1,0.2,0.2,0.9,1.3,1.1,1.1,--,--,--,--,--,--
2019,Tocantins,Rural,Municipal,91.4,92.7,88.6,99,98.9,88,88.1,92.3,81.7,88.6,89.7,96.6,--,--,--,--,--,--,7.6,7,8.8,0.8,0.9,11.7,11.8,7.3,15.6,8.7,7.4,1.4,--,--,--,--,--,--,1,0.3,2.6,0.2,0.2,0.3,0.1,0.4,2.7,2.7,2.9,2,--,--,--,--,--,--
2019,Tocantins,Total,Privada,98.2,99.4,96,99.7,99.7,99.2,99.2,99.1,97,95.9,96,94.8,94.9,91.8,95.9,97.8,--,--,1.7,0.6,3.9,0.2,0.3,0.8,0.8,0.8,2.9,4,4,5,4.9,7.9,4.1,2,--,--,0.1,0,0.1,0.1,0,0,0,0.1,0.1,0.1,0,0.2,0.2,0.3,0,0.2,--,--
2019,Tocantins,Urbana,Privada,98.2,99.4,95.8,99.7,99.7,99.1,99.2,99.1,96.9,95.7,95.9,94.6,94.6,91.3,95.6,97.7,--,--,1.8,0.6,4.1,0.2,0.3,0.9,0.8,0.8,3,4.2,4.1,5.1,5.2,8.4,4.4,2.1,--,--,0,0,0.1,0.1,0,0,0,0.1,0.1,0.1,0,0.3,0.2,0.3,0,0.2,--,--
2019,Tocantins,Rural,Privada,99.4,99.7,99.2,100,100,100,98.8,100,100,100,99,97.9,100,100,100,100,--,--,0.6,0.3,0.8,0,0,0,1.2,0,0,0,1,2.1,0,0,0,0,--,--,0,0,0,0,0,0,0,0,0,0,0,0,0,0,0,0,--,--
2019,Tocantins,Total,Pública,92.4,94.6,89.8,99.2,98.8,91,91.5,94.4,88.3,89.4,90.1,91.8,87.5,82.1,89.1,94,93.8,92.1,6.6,5.1,8.3,0.5,1,8.7,8.2,5.2,10.1,8.7,8,6.2,8,12.2,6.8,3.3,6.2,2.6,1,0.3,1.9,0.3,0.2,0.3,0.3,0.4,1.6,1.9,1.9,2,4.5,5.7,4.1,2.7,0,5.3
2019,Tocantins,Urbana,Pública,92.9,95.1,90.3,99.5,98.9,91.4,92.2,95.2,89.2,89.8,90.5,91.9,87.7,82.2,89.5,94.3,100,--,6.3,4.7,8.2,0.4,1.1,8.4,7.6,4.5,9.6,8.7,7.8,6.3,7.9,12,6.6,3,0,--,0.8,0.2,1.5,0.1,0,0.2,0.2,0.3,1.2,1.5,1.7,1.8,4.4,5.8,3.9,2.7,0,--
2019,Tocantins,Rural,Pública,89.7,91.7,86.6,97.4,98,88.6,87.6,89.9,82,87.1,86.8,91.2,85,81.1,84.5,90.8,92.5,92.1,8.1,7.1,9.6,0.9,0.9,10.3,11.7,8.8,13.8,9.2,9.4,5,10,13.5,9.2,5.9,7.5,2.6,2.2,1.2,3.8,1.7,1.1,1.1,0.7,1.3,4.2,3.7,3.8,3.8,5,5.4,6.3,3.3,0,5.3
2019,Maranhão,Total,Total,91.7,94.3,88.5,98.7,97.9,92.4,91.6,91.9,86,87.5,89.2,92.4,90.6,88.9,90.2,93.2,93.9,89.6,6.5,4.8,8.6,0.5,1.4,6.9,7.4,7,11.5,9.6,7.6,4.5,4.7,5.8,4.8,3.5,0.5,8,1.8,0.9,2.9,0.8,0.7,0.7,1,1.1,2.5,2.9,3.2,3.1,4.7,5.3,5,3.3,5.6,2.4
2019,Maranhão,Urbana,Total,92.3,94.9,89.2,98.9,98.2,92.6,92.5,93.2,87.1,87.8,89.8,93,91.1,89.5,90.5,93.4,96.1,90.1,6.2,4.3,8.3,0.4,1.2,6.7,6.6,5.8,10.6,9.6,7.6,4.5,4.7,5.6,4.6,3.5,0,8.3,1.5,0.8,2.5,0.7,0.6,0.7,0.9,1,2.3,2.6,2.6,2.5,4.2,4.9,4.9,3.1,3.9,1.6
2019,Maranhão,Rural,Total,90.8,93.3,87.2,98.4,97.6,92,90.2,89.9,83.9,86.9,88,91.4,88.3,85.9,88.1,91.5,88.2,69.7,7.1,5.6,9,0.7,1.7,7.1,8.6,8.7,13,9.5,7.6,4.3,5.3,6.5,5.4,3.6,1.8,0,2.1,1.1,3.8,0.9,0.7,0.9,1.2,1.4,3.1,3.6,4.4,4.3,6.4,7.6,6.5,4.9,10,30.3
2019,Maranhão,Total,Federal,95.4,100,93.2,100,100,100,100,100,97.6,90.8,88.1,95.6,89.4,88.3,90,90.1,--,89.4,4.3,0,6.4,0,0,0,0,0,1.2,9.2,11.9,4.4,8.5,9,8.6,7.3,--,8.9,0.3,0,0.4,0,0,0,0,0,1.2,0,0,0,2.1,2.7,1.4,2.6,--,1.7
2019,Maranhão,Urbana,Federal,94.4,100,92.9,--,--,--,--,100,98.6,92.1,85.2,94.3,89.2,88.2,90.3,89.1,--,89.4,5.2,0,6.7,--,--,--,--,0,0,7.9,14.8,5.7,9,9.8,8.4,8.5,--,8.9,0.4,0,0.4,--,--,--,--,0,1.4,0,0,0,1.8,2,1.3,2.4,--,1.7
2019,Maranhão,Rural,Federal,97.7,100,94.6,100,100,100,100,100,93.3,84.6,100,100,90,88.6,89.2,93.8,--,--,2.3,0,5.4,0,0,0,0,0,6.7,15.4,0,0,6.6,6.8,8.9,2.8,--,--,0,0,0,0,0,0,0,0,0,0,0,0,3.4,4.6,1.9,3.4,--,--
2019,Maranhão,Total,Estadual,89.8,81.1,92.6,84.3,82.5,83.6,79.7,77.7,91.4,93.2,93.3,92.2,90.5,88.8,89.9,93,--,--,7.1,13.7,5,10.7,14,12.1,13.6,16.3,5.7,4.8,4.3,5.2,4.7,5.6,4.7,3.5,--,--,3.1,5.2,2.4,5,3.5,4.3,6.7,6,2.9,2,2.4,2.6,4.8,5.6,5.4,3.5,--,--
2019,Maranhão,Urbana,Estadual,96.2,93.9,96.3,100,98.6,97.9,91.2,89.5,96.8,96.1,96.7,95.7,90.9,89.3,90.2,93.3,--,--,3,4.2,2.9,0,0,1.1,5.9,8.3,2.5,3.3,2.5,3.2,4.6,5.4,4.6,3.5,--,--,0.8,1.9,0.8,0,1.4,1,2.9,2.2,0.7,0.6,0.8,1.1,4.5,5.3,5.2,3.2,--,--
2019,Maranhão,Rural,Estadual,80.3,80.3,80.3,83.8,81.6,82.6,78.9,76.8,79.9,82.4,80.8,78.5,88.2,85.8,88.1,91.4,--,--,13.2,14.3,11.8,11,14.8,12.9,14.2,16.9,12.5,10.3,11,13,5.3,6.6,5.2,3.7,--,--,6.5,5.4,7.9,5.2,3.6,4.5,6.9,6.3,7.6,7.3,8.2,8.5,6.5,7.6,6.7,4.9,--,--
2019,Maranhão,Total,Municipal,91,93.7,87.5,98.7,97.9,91.6,90.8,91.2,84.7,86.4,88.2,92,87.1,87.9,85.2,84.7,90.7,--,7.1,5.3,9.3,0.4,1.4,7.6,8.2,7.5,12.5,10.4,8.3,4.6,1.8,3.3,0.8,1.1,1.1,--,1.9,1,3.2,0.9,0.7,0.8,1,1.3,2.8,3.2,3.5,3.4,11.1,8.8,14,14.2,8.2,--
2019,Maranhão,Urbana,Municipal,91,93.9,87.6,98.8,97.9,91.1,91.1,92,85.2,86.1,88.3,92.1,91.8,91.1,88.7,96,94.5,--,7.2,5.2,9.5,0.4,1.4,8.1,7.9,6.8,12.1,10.9,8.7,4.9,0.6,0.9,0,1,0,--,1.8,0.9,2.9,0.8,0.7,0.8,1,1.2,2.7,3,3,3,7.6,8,11.3,3,5.5,--
2019,Maranhão,Rural,Municipal,90.9,93.6,87.3,98.7,98,92.2,90.4,90.2,83.9,87,88.1,91.8,80.6,80.6,80.2,71.1,88.2,--,7,5.5,9,0.5,1.3,7.1,8.6,8.6,13.1,9.6,7.5,4,3.4,8.6,2.1,1.2,1.8,--,2.1,0.9,3.7,0.8,0.7,0.7,1,1.2,3,3.4,4.4,4.2,16,10.8,17.7,27.7,10,--
2019,Maranhão,Total,Privada,98.2,99,96.7,99.4,99.2,98.8,98.9,98.6,96.8,96.5,96.9,96.7,94.8,92,95.1,97.9,96.7,90.9,1.6,0.9,3.1,0.3,0.6,1.1,1,1.3,3.1,3.3,2.9,3,3.7,5.9,3.9,1,0,1.4,0.2,0.1,0.2,0.3,0.2,0.1,0.1,0.1,0.1,0.2,0.2,0.3,1.5,2.1,1,1.1,3.3,7.7
2019,Maranhão,Urbana,Privada,98.2,99,96.8,99.4,99.2,98.8,98.9,98.6,96.9,96.5,96.9,96.8,95.4,92.9,95.7,98.1,96.7,97.3,1.6,0.9,3.1,0.3,0.6,1.1,1,1.3,3,3.3,2.9,3.1,3.7,6.1,3.7,1.1,0,1.8,0.2,0.1,0.1,0.3,0.2,0.1,0.1,0.1,0.1,0.2,0.2,0.1,0.9,1,0.6,0.8,3.3,0.9
2019,Maranhão,Rural,Privada,97.9,98.9,95.5,98.6,99.4,98.5,98.7,99.1,94.6,96.1,95.7,96.1,88.6,84.9,88.4,96,--,69.7,1.6,0.9,3.6,0.7,0.5,1.3,1.2,0.9,4.9,3.7,2.9,2.5,3.4,4.2,5.1,1,--,0,0.5,0.2,0.9,0.7,0.1,0.2,0.1,0,0.5,0.2,1.4,1.4,8,10.9,6.5,3,--,30.3
2019,Maranhão,Total,Pública,90.9,93.6,87.8,98.6,97.7,91.5,90.7,91,85,86.7,88.5,92,90.4,88.8,89.9,92.9,90.7,89.4,7.1,5.4,9.1,0.5,1.5,7.7,8.2,7.7,12.2,10.2,8.1,4.6,4.8,5.7,4.8,3.7,1.1,8.9,2,1,3.1,0.9,0.8,0.8,1.1,1.3,2.8,3.1,3.4,3.4,4.8,5.5,5.3,3.4,8.2,1.7
2019,Maranhão,Urbana,Pública,91.1,93.9,88.2,98.8,97.9,91.1,91.1,92,85.7,86.6,88.9,92.4,90.8,89.3,90.2,93.2,94.5,89.4,7.1,5.2,9.1,0.4,1.4,8,7.9,6.8,11.7,10.5,8.3,4.8,4.7,5.6,4.7,3.7,0,8.9,1.8,0.9,2.7,0.8,0.7,0.9,1,1.2,2.6,2.9,2.8,2.8,4.5,5.1,5.1,3.1,5.5,1.7
2019,Maranhão,Rural,Pública,90.6,93.2,87.1,98.3,97.5,91.9,90.1,89.8,83.8,86.8,87.9,91.3,88.3,86,88.1,91.4,88.2,--,7.1,5.7,9.1,0.7,1.7,7.2,8.7,8.8,13.1,9.6,7.6,4.4,5.3,6.6,5.4,3.7,1.8,--,2.3,1.1,3.8,1,0.8,0.9,1.2,1.4,3.1,3.6,4.5,4.3,6.4,7.4,6.5,4.9,10,--
2019,Piauí,Total,Total,91.8,93.4,89.8,97.8,96.6,89.8,90.8,93,85.9,89.2,91.4,94.1,84.7,76.9,86.8,93.1,97.8,100,6.9,5.9,8.2,1.7,2.9,9.4,8.2,6,11.9,8.8,6.6,4,8.1,13.1,6.8,2.8,1.3,0,1.3,0.7,2,0.5,0.5,0.8,1,1,2.2,2,2,1.9,7.2,10,6.4,4.1,0.9,0
2019,Piauí,Urbana,Total,92.3,94.1,90,97.9,96.8,90.9,92.1,93.7,86.7,89.2,91.3,94.1,85.1,77.3,87.1,93.4,97.8,100,6.5,5.2,8.1,1.6,2.8,8.4,7,5.5,11.2,8.9,7,4.2,8.1,13.2,6.8,2.8,1.3,0,1.2,0.7,1.9,0.5,0.4,0.7,0.9,0.8,2.1,1.9,1.7,1.7,6.8,9.5,6.1,3.8,0.9,0
2019,Piauí,Rural,Total,90.5,91.5,88.9,97.5,96.2,87.2,87.7,91.3,83.3,89.1,91.8,94.1,79.5,70.7,81.9,89,--,--,7.9,7.6,8.3,2,3.3,12.1,11.3,7.4,14.1,8.3,5.1,3.3,7.4,11.7,6.1,2.9,--,--,1.6,0.9,2.8,0.5,0.5,0.7,1,1.3,2.6,2.6,3.1,2.6,13.1,17.6,12,8.1,--,--
2019,Piauí,Total,Federal,--,--,--,--,--,--,--,--,--,--,--,--,86,76.5,91,95.5,97.2,--,--,--,--,--,--,--,--,--,--,--,--,--,11.8,20.3,7.3,3.6,1.7,--,--,--,--,--,--,--,--,--,--,--,--,--,2.2,3.2,1.7,0.9,1.1,--
2019,Piauí,Urbana,Federal,--,--,--,--,--,--,--,--,--,--,--,--,86,76.6,90.8,95.4,97.2,--,--,--,--,--,--,--,--,--,--,--,--,--,11.9,20.5,7.4,3.6,1.7,--,--,--,--,--,--,--,--,--,--,--,--,--,2.1,2.9,1.8,1,1.1,--
2019,Piauí,Rural,Federal,--,--,--,--,--,--,--,--,--,--,--,--,85.9,75.6,93.5,96.6,--,--,--,--,--,--,--,--,--,--,--,--,--,--,11.3,19.2,5.8,2.8,--,--,--,--,--,--,--,--,--,--,--,--,--,--,2.8,5.2,0.7,0.6,--,--
2019,Piauí,Total,Estadual,86.5,92.2,86.2,97.3,97.3,89,92.4,91.3,82.1,84.8,86.8,90.5,83.3,75.2,85.3,92.3,100,--,10.6,6.7,10.8,1.8,0.5,9,7.1,7.8,14.4,12.2,10.3,6.7,8.4,13.3,7.2,3,0,--,2.9,1.1,3,0.9,2.2,2,0.5,0.9,3.5,3,2.9,2.8,8.3,11.5,7.5,4.7,0,--
2019,Piauí,Urbana,Estadual,86.6,92.2,86.3,97.3,97.3,89,92.4,91.3,82.3,84.9,86.9,90.5,83.6,75.5,85.6,92.5,100,--,10.5,6.7,10.8,1.8,0.5,9,7.1,7.8,14.4,12.1,10.3,6.7,8.4,13.4,7.3,3,0,--,2.9,1.1,2.9,0.9,2.2,2,0.5,0.9,3.3,3,2.8,2.8,8,11.1,7.1,4.5,0,--
2019,Piauí,Rural,Estadual,75.3,--,75.3,--,--,--,--,--,59,71.3,78.3,90.4,78.7,69.8,80.8,88.3,--,--,14.7,--,14.7,--,--,--,--,--,21.3,19.1,14.1,4.1,7.1,11.1,6.1,3,--,--,10,--,10,--,--,--,--,--,19.7,9.6,7.6,5.5,14.2,19.1,13.1,8.7,--,--
2019,Piauí,Total,Municipal,91.4,92.5,89.6,97.7,96.2,88.3,89.6,92.2,85.1,89.1,91.9,94.9,89.3,84.9,91.4,96.7,--,--,7.3,6.7,8.2,1.7,3.3,10.8,9.3,6.7,12.6,8.7,5.9,3.2,10.7,15.1,8.6,3.3,--,--,1.3,0.8,2.2,0.6,0.5,0.9,1.1,1.1,2.3,2.2,2.2,1.9,0,0,0,0,--,--
2019,Piauí,Urbana,Municipal,91.8,93,89.9,97.8,96.2,88.9,90.5,92.6,86,89.1,91.9,95.2,89.5,84.5,91.4,96.7,--,--,7,6.2,8.2,1.6,3.3,10.2,8.4,6.4,11.9,9,6.4,3.1,10.5,15.5,8.6,3.3,--,--,1.2,0.8,1.9,0.6,0.5,0.9,1.1,1,2.1,1.9,1.7,1.7,0,0,0,0,--,--
2019,Piauí,Rural,Municipal,90.6,91.5,89,97.5,96.2,87.2,87.7,91.3,83.4,89.2,91.9,94.1,87.5,87.5,--,--,--,--,7.9,7.6,8.3,2,3.3,12.1,11.3,7.4,14,8.2,5,3.3,12.5,12.5,--,--,--,--,1.5,0.9,2.7,0.5,0.5,0.7,1,1.3,2.6,2.6,3.1,2.6,0,0,--,--,--,--
2019,Piauí,Total,Privada,97.2,98.5,95.4,98.3,98.7,98.6,98.4,98.3,95.4,95.4,95.1,95.5,95.3,92.1,95.9,98.1,--,100,2.5,1.3,4.4,1.5,1.1,1.2,1.4,1.5,4.4,4.4,4.7,4.1,4.1,7.4,3.4,1.3,--,0,0.3,0.2,0.2,0.2,0.2,0.2,0.2,0.2,0.2,0.2,0.2,0.4,0.6,0.5,0.7,0.6,--,0
2019,Piauí,Urbana,Privada,97.2,98.5,95.4,98.3,98.7,98.6,98.4,98.3,95.4,95.4,95.1,95.5,95.3,92.1,95.9,98.1,--,100,2.5,1.3,4.4,1.5,1.1,1.2,1.4,1.5,4.4,4.4,4.7,4.1,4.1,7.4,3.4,1.3,--,0,0.3,0.2,0.2,0.2,0.2,0.2,0.2,0.2,0.2,0.2,0.2,0.4,0.6,0.5,0.7,0.6,--,0
2019,Piauí,Rural,Privada,98,--,98,--,--,--,--,--,92,100,100,100,100,100,100,100,--,--,2,--,2,--,--,--,--,--,8,0,0,0,0,0,0,0,--,--,0,--,0,--,--,--,--,--,0,0,0,0,0,0,0,0,--,--
2019,Piauí,Total,Pública,90.9,92.5,89,97.7,96.2,88.4,89.6,92.2,84.7,88.4,90.8,93.8,83.5,75.3,85.6,92.4,97.8,--,7.6,6.7,8.7,1.7,3.3,10.8,9.3,6.8,12.8,9.4,6.8,4,8.6,13.7,7.2,3,1.3,--,1.5,0.8,2.3,0.6,0.5,0.8,1.1,1,2.5,2.2,2.4,2.2,7.9,11,7.2,4.6,0.9,--
2019,Piauí,Urbana,Pública,91.1,93,89,97.8,96.2,88.9,90.6,92.6,85.2,88.1,90.5,93.7,83.8,75.6,85.9,92.7,97.8,--,7.4,6.2,8.8,1.6,3.3,10.2,8.4,6.5,12.4,9.8,7.5,4.3,8.6,13.8,7.3,3,1.3,--,1.5,0.8,2.2,0.6,0.5,0.9,1,0.9,2.4,2.1,2,2,7.6,10.6,6.8,4.3,0.9,--
2019,Piauí,Rural,Pública,90.5,91.5,88.9,97.5,96.2,87.2,87.7,91.3,83.3,89.1,91.7,94.1,79.3,70.4,81.7,88.9,--,--,7.9,7.6,8.3,2,3.3,12.1,11.3,7.4,14.1,8.3,5.1,3.3,7.5,11.8,6.1,3,--,--,1.6,0.9,2.8,0.5,0.5,0.7,1,1.3,2.6,2.6,3.2,2.6,13.2,17.8,12.2,8.1,--,--
2019,Ceará,Total,Total,96.6,98.2,94.8,99.3,99.3,97.7,96.6,98.2,93.5,94,94.4,97.6,92.7,89.4,92.7,96.7,100,82.5,2.7,1.6,4.1,0.4,0.6,2.1,3.1,1.6,5.3,4.8,4.3,1.7,3.8,5.6,3.7,1.7,0,15.3,0.7,0.2,1.1,0.3,0.1,0.2,0.3,0.2,1.2,1.2,1.3,0.7,3.5,5,3.6,1.6,0,2.2
2019,Ceará,Urbana,Total,96.6,98.2,94.8,99.2,99.2,97.8,96.8,98.3,93.6,94,94.4,97.4,92.6,89.3,92.7,96.6,100,81.8,2.7,1.5,4.2,0.4,0.6,2,2.8,1.5,5.2,4.9,4.4,1.9,3.9,5.6,3.7,1.7,0,16,0.7,0.3,1,0.4,0.2,0.2,0.4,0.2,1.2,1.1,1.2,0.7,3.5,5.1,3.6,1.7,0,2.2
2019,Ceará,Rural,Total,96.6,98,94.9,99.5,99.4,97.4,95.8,98.1,93.2,94.2,94.5,98.3,93.9,90.5,94.1,97.8,--,92.6,2.7,1.8,3.9,0.3,0.6,2.4,3.9,1.8,5.7,4.5,3.8,0.8,2.8,4.3,2.8,1,--,3.7,0.7,0.2,1.2,0.2,0,0.2,0.3,0.1,1.1,1.3,1.7,0.9,3.3,5.2,3.1,1.2,--,3.7
2019,Ceará,Total,Federal,96.5,--,96.5,--,--,--,--,--,97.7,96.4,94.5,97.4,85.3,84.8,85,95.4,100,82,3.5,--,3.5,--,--,--,--,--,2.3,3.6,5.5,2.6,12.8,12.9,13.4,4.1,0,15.7,0,--,0,--,--,--,--,--,0,0,0,0,1.9,2.3,1.6,0.5,0,2.3
2019,Ceará,Urbana,Federal,96.5,--,96.5,--,--,--,--,--,97.7,96.4,94.5,97.4,84.8,84.6,84.6,95.6,100,81.3,3.5,--,3.5,--,--,--,--,--,2.3,3.6,5.5,2.6,13.4,12.8,14.1,4,0,16.5,0,--,0,--,--,--,--,--,0,0,0,0,1.8,2.6,1.3,0.4,0,2.2
2019,Ceará,Rural,Federal,--,--,--,--,--,--,--,--,--,--,--,--,90,86.1,88.3,94.2,--,92.6,--,--,--,--,--,--,--,--,--,--,--,--,7.6,13.2,7.4,4.7,--,3.7,--,--,--,--,--,--,--,--,--,--,--,--,2.4,0.7,4.3,1.1,--,3.7
2019,Ceará,Total,Estadual,91.7,95,91,95.8,97.3,95.6,92.5,94.6,90.3,89.4,91,91.7,92.4,88.9,92.5,96.5,100,--,5.7,4.1,6.1,3,2.7,3.3,6.8,4,6.9,7.8,6.3,5.1,3.8,5.6,3.6,1.7,0,--,2.6,0.9,2.9,1.2,0,1.1,0.7,1.4,2.8,2.8,2.7,3.2,3.8,5.5,3.9,1.8,0,--
2019,Ceará,Urbana,Estadual,91.4,95.3,90.9,96.5,97.6,94.7,93.8,95,90.6,88.7,91,91.7,92.3,88.8,92.4,96.4,100,--,5.9,3.2,6.3,0.5,2.4,3.6,5.2,2.6,7,8.5,6.5,5.2,3.8,5.7,3.6,1.8,0,--,2.7,1.5,2.8,3,0,1.7,1,2.4,2.4,2.8,2.5,3.1,3.9,5.5,4,1.8,0,--
2019,Ceará,Rural,Estadual,93.1,94.7,91.3,95.4,97,96.4,91.1,94.2,89.1,93.5,90.9,91.8,94,90.6,94.2,97.9,--,--,4.7,5,4.3,4.6,3,3,8.6,5.5,6.7,3.9,3.9,2.2,2.7,4.1,2.8,0.8,--,--,2.2,0.3,4.4,0,0,0.6,0.3,0.3,4.2,2.6,5.2,6,3.3,5.3,3,1.3,--,--
2019,Ceará,Total,Municipal,96.3,98,94.4,99.5,99.4,97.3,96,98.1,92.7,93.4,93.9,98,--,--,--,--,--,--,3,1.7,4.4,0.2,0.5,2.4,3.6,1.7,6,5.2,4.6,1.3,--,--,--,--,--,--,0.7,0.3,1.2,0.3,0.1,0.3,0.4,0.2,1.3,1.4,1.5,0.7,--,--,--,--,--,--
2019,Ceará,Urbana,Municipal,96.2,98,94.2,99.5,99.4,97.3,96,98.1,92.5,93.1,93.7,97.9,--,--,--,--,--,--,3.1,1.7,4.6,0.1,0.5,2.4,3.5,1.7,6.1,5.5,4.8,1.4,--,--,--,--,--,--,0.7,0.3,1.2,0.4,0.1,0.3,0.5,0.2,1.4,1.4,1.5,0.7,--,--,--,--,--,--
2019,Ceará,Rural,Municipal,96.7,98,94.9,99.5,99.4,97.4,95.9,98.1,93.3,94.2,94.5,98.4,--,--,--,--,--,--,2.7,1.8,3.9,0.2,0.5,2.4,3.8,1.8,5.7,4.5,3.8,0.8,--,--,--,--,--,--,0.6,0.2,1.2,0.3,0.1,0.2,0.3,0.1,1,1.3,1.7,0.8,--,--,--,--,--,--
2019,Ceará,Total,Privada,98.3,98.8,97.4,98.7,98.9,98.9,98.9,98.8,97.6,97.3,97.2,97.4,96.6,95,96,99,--,100,1.5,1,2.4,1,0.9,0.9,1,1.1,2.2,2.6,2.6,2.4,3.1,4.7,3.7,0.8,--,0,0.2,0.2,0.2,0.3,0.2,0.2,0.1,0.1,0.2,0.1,0.2,0.2,0.3,0.3,0.3,0.2,--,0
2019,Ceará,Urbana,Privada,98.3,98.8,97.4,98.7,98.9,98.9,98.9,98.8,97.6,97.3,97.2,97.4,96.6,95,96,99,--,100,1.5,1,2.4,1,0.9,0.9,0.9,1.1,2.2,2.6,2.6,2.4,3.1,4.7,3.7,0.8,--,0,0.2,0.2,0.2,0.3,0.2,0.2,0.2,0.1,0.2,0.1,0.2,0.2,0.3,0.3,0.3,0.2,--,0
2019,Ceará,Rural,Privada,98.9,99,98.2,98.9,100,100,97.8,98.4,98.2,100,93.3,100,94.6,96.3,100,87.5,--,--,0.9,1,0.9,1.1,0,0,2.2,1.6,1.8,0,0,0,4.3,0,0,12.5,--,--,0.2,0,0.9,0,0,0,0,0,0,0,6.7,0,1.1,3.7,0,0,--,--
2019,Ceará,Total,Pública,96.2,98,94.2,99.5,99.4,97.3,96,98.1,92.7,93.3,93.8,97.6,92.3,88.9,92.4,96.5,100,82,3,1.8,4.5,0.2,0.5,2.4,3.6,1.7,6,5.3,4.6,1.5,3.9,5.7,3.7,1.8,0,15.7,0.8,0.2,1.3,0.3,0.1,0.3,0.4,0.2,1.3,1.4,1.6,0.9,3.8,5.4,3.9,1.7,0,2.3
2019,Ceará,Urbana,Pública,96.1,98,94,99.5,99.4,97.3,96,98.1,92.5,93,93.6,97.4,92.2,88.8,92.3,96.4,100,81.3,3.1,1.7,4.6,0.1,0.5,2.4,3.6,1.7,6.1,5.5,4.9,1.7,4,5.7,3.7,1.8,0,16.5,0.8,0.3,1.4,0.4,0.1,0.3,0.4,0.2,1.4,1.5,1.5,0.9,3.8,5.5,4,1.8,0,2.2
2019,Ceará,Rural,Pública,96.6,98,94.9,99.5,99.4,97.4,95.8,98.1,93.2,94.2,94.5,98.3,93.9,90.5,94.1,97.9,--,92.6,2.7,1.8,3.9,0.3,0.6,2.4,3.9,1.8,5.7,4.5,3.8,0.8,2.8,4.3,2.8,0.9,--,3.7,0.7,0.2,1.2,0.2,0,0.2,0.3,0.1,1.1,1.3,1.7,0.9,3.3,5.2,3.1,1.2,--,3.7
2019,Rio Grande do Norte,Total,Total,86.8,92,80.2,98.8,98.8,96.4,82,87.7,71,77.8,86.3,90.4,77.6,69.3,80.6,86,93,84.4,11.2,7,16.4,0.4,0.7,3,16.5,10.9,24.8,18.7,10.8,6.8,14.9,20.9,12.6,8.9,5.3,3.1,2,1,3.4,0.8,0.5,0.6,1.5,1.4,4.2,3.5,2.9,2.8,7.5,9.8,6.8,5.1,1.7,12.5
2019,Rio Grande do Norte,Urbana,Total,87.1,92.9,80.5,98.9,98.9,97,83.4,89.1,71.7,78,86.4,90.4,77.5,69.1,80.7,86.1,93.1,84.4,10.9,6.2,16.2,0.4,0.6,2.4,15.2,9.6,24.2,18.7,10.8,6.9,15,21.1,12.6,8.9,5.3,3.1,2,0.9,3.3,0.7,0.5,0.6,1.4,1.3,4.1,3.3,2.8,2.7,7.5,9.8,6.7,5,1.6,12.5
2019,Rio Grande do Norte,Rural,Total,85.2,88.9,77.6,98.5,98.3,93.9,76.9,82.1,66.5,76.8,85.1,90.5,78.6,74.2,77.6,83.5,92.7,--,12.4,9.9,18,0.5,1,5.3,21.3,15.9,28.7,18.5,10.8,5.5,11.5,13.3,12.4,9.2,5.2,--,2.4,1.2,4.4,1,0.7,0.8,1.8,2,4.8,4.7,4.1,4,9.9,12.5,10,7.3,2.1,--
2019,Rio Grande do Norte,Total,Federal,100,100,--,100,100,100,100,100,--,--,--,--,88,87.2,84.1,89,92.7,--,0,0,--,0,0,0,0,0,--,--,--,--,10.3,11.8,13.2,9.4,5.5,--,0,0,--,0,0,0,0,0,--,--,--,--,1.7,1,2.7,1.6,1.8,--
2019,Rio Grande do Norte,Urbana,Federal,100,100,--,100,100,100,100,100,--,--,--,--,87.6,86.9,83.2,88.8,92.8,--,0,0,--,0,0,0,0,0,--,--,--,--,10.6,12.2,13.9,9.6,5.6,--,0,0,--,0,0,0,0,0,--,--,--,--,1.8,0.9,2.9,1.6,1.6,--
2019,Rio Grande do Norte,Rural,Federal,--,--,--,--,--,--,--,--,--,--,--,--,91.3,90.4,91.3,91.4,92.7,--,--,--,--,--,--,--,--,--,--,--,--,--,7.3,7.9,7.3,8,5.2,--,--,--,--,--,--,--,--,--,--,--,--,--,1.4,1.7,1.4,0.6,2.1,--
2019,Rio Grande do Norte,Total,Estadual,81.6,90.6,76.4,99.5,99.4,97.8,79.2,85.8,65.9,71.9,84,86.7,73.5,64.7,77.7,83.5,98.6,84.4,15.5,8.3,19.7,0,0,1.5,19.3,12.6,29.8,24.2,12.4,9.5,17,23.4,13.8,10.1,1.4,3.1,2.9,1.1,3.9,0.5,0.6,0.7,1.5,1.6,4.3,3.9,3.6,3.8,9.5,11.9,8.5,6.4,0,12.5
2019,Rio Grande do Norte,Urbana,Estadual,81.6,90.7,76.3,99.5,99.4,97.8,79.4,86,65.8,71.7,83.9,86.6,73.6,64.5,77.9,83.6,98.6,84.4,15.6,8.2,19.8,0,0,1.4,19.1,12.5,30,24.3,12.6,9.7,17.2,23.7,13.8,10.1,1.4,3.1,2.8,1.1,3.9,0.5,0.6,0.8,1.5,1.5,4.2,4,3.5,3.7,9.2,11.8,8.3,6.3,0,12.5
2019,Rio Grande do Norte,Rural,Estadual,82.6,89.1,78,99.6,99.4,98.1,76.3,82.2,67.5,75.7,86.8,90.6,73.3,69.2,72.5,80.6,--,--,14.4,9.5,17.9,0,0,1.9,22.2,14.4,27.9,20.5,8.6,6.3,13.4,15,14.4,9.7,--,--,3,1.4,4.1,0.4,0.6,0,1.5,3.4,4.6,3.8,4.6,3.1,13.3,15.8,13.1,9.7,--,--
2019,Rio Grande do Norte,Total,Municipal,84.4,89.9,76.4,98.6,98.7,95.2,77.5,84.5,65.9,74.8,83.3,90,--,--,--,--,--,--,13,8.8,19.3,0.4,0.6,3.9,20.6,13.7,28.8,20.9,13,6.6,--,--,--,--,--,--,2.6,1.3,4.3,1,0.7,0.9,1.9,1.8,5.3,4.3,3.7,3.4,--,--,--,--,--,--
2019,Rio Grande do Norte,Urbana,Municipal,84.1,90.4,76.1,98.7,98.9,95.9,77.8,85.7,65.8,74.4,82.9,89.9,--,--,--,--,--,--,13.2,8.3,19.6,0.3,0.5,3.2,20.2,12.6,28.7,21.5,13.4,6.9,--,--,--,--,--,--,2.7,1.3,4.3,1,0.6,0.9,2,1.7,5.5,4.1,3.7,3.2,--,--,--,--,--,--
2019,Rio Grande do Norte,Rural,Municipal,85.3,88.7,77.3,98.4,98.3,93.7,76.8,82,66.2,76.7,84.7,90.4,--,--,--,--,--,--,12.4,10,18.1,0.5,1,5.5,21.4,16.1,29,18.4,11.2,5.5,--,--,--,--,--,--,2.3,1.3,4.6,1.1,0.7,0.8,1.8,1.9,4.8,4.9,4.1,4.1,--,--,--,--,--,--
2019,Rio Grande do Norte,Total,Privada,97.7,98.5,96.3,99.1,98.6,98.5,98.2,98.3,96,95.8,96.7,97,94.5,91.6,95.3,97.4,--,--,2.1,1.3,3.5,0.6,1.2,1.4,1.7,1.5,3.9,4,3.1,2.9,5,7.9,4.4,2.3,--,--,0.2,0.2,0.2,0.3,0.2,0.1,0.1,0.2,0.1,0.2,0.2,0.1,0.5,0.5,0.3,0.3,--,--
2019,Rio Grande do Norte,Urbana,Privada,97.7,98.5,96.3,99.1,98.6,98.5,98.2,98.3,96,95.8,96.7,97,94.5,91.6,95.2,97.4,--,--,2.1,1.3,3.5,0.6,1.2,1.4,1.7,1.5,3.9,4,3.1,2.9,5.1,7.9,4.4,2.3,--,--,0.2,0.2,0.2,0.3,0.2,0.1,0.1,0.2,0.1,0.2,0.2,0.1,0.4,0.5,0.4,0.3,--,--
2019,Rio Grande do Norte,Rural,Privada,97.6,97.5,97.7,100,95.8,96.7,96.9,98.9,93.8,98,100,100,100,100,100,100,--,--,2.4,2.5,2.3,0,4.2,3.3,3.1,1.1,6.2,2,0,0,0,0,0,0,--,--,0,0,0,0,0,0,0,0,0,0,0,0,0,0,0,0,--,--
2019,Rio Grande do Norte,Total,Pública,83.7,90,76.4,98.7,98.8,95.7,77.8,84.8,65.9,73.8,83.6,88.7,75.2,66.5,78.4,84,93,84.4,13.6,8.7,19.4,0.3,0.5,3.5,20.3,13.5,29.1,22,12.8,7.8,16.3,22.5,13.8,10,5.3,3.1,2.7,1.3,4.2,1,0.7,0.8,1.9,1.7,5,4.2,3.6,3.5,8.5,11,7.8,6,1.7,12.5
2019,Rio Grande do Norte,Urbana,Pública,83.4,90.5,76.2,98.8,99,96.3,78.2,85.8,65.8,73.4,83.3,88.4,75,66.2,78.4,84.1,93.1,84.4,13.9,8.3,19.7,0.2,0.4,2.8,19.9,12.6,29.1,22.5,13.1,8.2,16.5,22.9,13.8,10,5.3,3.1,2.7,1.2,4.1,1,0.6,0.9,1.9,1.6,5.1,4.1,3.6,3.4,8.5,10.9,7.8,5.9,1.6,12.5
2019,Rio Grande do Norte,Rural,Pública,85.1,88.8,77.4,98.5,98.3,93.9,76.8,82,66.4,76.6,85,90.5,78.4,73.8,77.4,83.4,92.7,--,12.5,9.9,18.1,0.5,1,5.4,21.5,16,28.8,18.6,10.9,5.6,11.6,13.5,12.6,9.3,5.2,--,2.4,1.3,4.5,1,0.7,0.7,1.7,2,4.8,4.8,4.1,3.9,10,12.7,10,7.3,2.1,--
2019,Paraíba,Total,Total,88.7,92.9,83.4,97.4,96.3,89.7,90.6,91.8,78.6,82,85.2,89.6,83.3,75.5,85.7,92,95.2,95.1,9,5.9,12.9,1.5,2.9,9.2,8.1,6.8,17.1,14.4,11.4,7.2,10.4,16,8.6,4.3,2.4,4.9,2.3,1.2,3.7,1.1,0.8,1.1,1.3,1.4,4.3,3.6,3.4,3.2,6.3,8.5,5.7,3.7,2.4,0
2019,Paraíba,Urbana,Total,88.8,93.5,83.6,97.4,96.6,90.3,91.5,92.6,79.1,82.2,85.3,89.6,83.3,75.5,85.7,92,95.2,95.1,8.9,5.4,12.9,1.4,2.6,8.6,7.2,6,16.8,14.4,11.4,7.2,10.4,16,8.5,4.3,2.4,4.9,2.3,1.1,3.5,1.2,0.8,1.1,1.3,1.4,4.1,3.4,3.3,3.2,6.3,8.5,5.8,3.7,2.4,0
2019,Paraíba,Rural,Total,88.2,90.9,81.1,97.8,95.4,87.3,87.4,88.8,74.3,80.6,84,88.8,82.7,76.4,84.6,91.2,--,--,9.5,7.9,13.7,1.5,3.9,11.7,11.1,9.6,20,14.1,11.1,6.8,10.9,16.4,9.5,3.1,--,--,2.3,1.2,5.2,0.7,0.7,1,1.5,1.6,5.7,5.3,4.9,4.4,6.4,7.2,5.9,5.7,--,--
2019,Paraíba,Total,Federal,--,--,--,--,--,--,--,--,--,--,--,--,91.8,89.8,91.4,94.5,96.8,--,--,--,--,--,--,--,--,--,--,--,--,--,7.2,9,7.7,4.6,2.7,--,--,--,--,--,--,--,--,--,--,--,--,--,1,1.2,0.9,0.9,0.5,--
2019,Paraíba,Urbana,Federal,--,--,--,--,--,--,--,--,--,--,--,--,91.8,89.7,91.2,94.5,96.8,--,--,--,--,--,--,--,--,--,--,--,--,--,7.3,9.2,7.9,4.6,2.7,--,--,--,--,--,--,--,--,--,--,--,--,--,0.9,1.1,0.9,0.9,0.5,--
2019,Paraíba,Rural,Federal,--,--,--,--,--,--,--,--,--,--,--,--,93.2,90.4,100,--,--,--,--,--,--,--,--,--,--,--,--,--,--,--,3.7,5.3,0,--,--,--,--,--,--,--,--,--,--,--,--,--,--,--,3.1,4.3,0,--,--,--
2019,Paraíba,Total,Estadual,81.1,90.9,77.9,96.1,97.1,83.8,95.2,87.6,71.8,75.9,79.1,84.7,80.6,71.8,83.4,90.6,89.3,100,14.9,7,17.4,1.2,1.3,14.2,3,10.1,22.6,19.7,16.4,10.8,11.9,18.1,9.8,4.9,2.5,0,4,2.1,4.7,2.7,1.6,2,1.8,2.3,5.6,4.4,4.5,4.5,7.5,10.1,6.8,4.5,8.2,0
2019,Paraíba,Urbana,Estadual,81.2,91.2,78,96.3,97.3,83.5,95.7,88.1,71.9,75.6,79.1,85,80.5,71.7,83.4,90.5,89.3,100,14.8,6.7,17.3,0.9,1.1,14.4,2.4,9.5,22.5,20,16.4,10.7,11.9,18.1,9.8,5,2.5,0,4,2.1,4.7,2.8,1.6,2.1,1.9,2.4,5.6,4.4,4.5,4.3,7.6,10.2,6.8,4.5,8.2,0
2019,Paraíba,Rural,Estadual,80.1,87.8,77.5,94.4,94.3,85.9,89.9,82.2,71,79.3,79.1,81.9,82.3,75.5,84.1,91.2,--,--,15.8,10.8,17.5,4.2,4,13,8.8,16.5,24.1,16.3,15.8,12.2,11.2,17.1,9.8,3.1,--,--,4.1,1.4,5,1.4,1.7,1.1,1.3,1.3,4.9,4.4,5.1,5.9,6.5,7.4,6.1,5.7,--,--
2019,Paraíba,Total,Municipal,87.6,91.2,82.1,97.3,95.3,87.3,87.7,90.2,76.4,80.7,85,90.2,65.7,57.5,56.7,74.8,89.7,--,9.9,7.5,13.7,1.5,3.7,11.4,10.7,8.1,18.8,15.1,11.1,6.3,5.1,17.2,1.6,1,0,--,2.5,1.3,4.2,1.2,1,1.3,1.6,1.7,4.8,4.2,3.9,3.5,29.2,25.3,41.7,24.2,10.3,--
2019,Paraíba,Urbana,Municipal,87.2,91.3,82.1,97,95.3,87.3,87.9,90.7,76.6,80.7,84.9,90,65.7,57.5,56.7,74.8,89.7,--,10.2,7.3,13.9,1.5,3.7,11.3,10.5,7.6,18.8,15.3,11.3,6.5,5.1,17.2,1.6,1,0,--,2.6,1.4,4,1.5,1,1.4,1.6,1.7,4.6,4,3.8,3.5,29.2,25.3,41.7,24.2,10.3,--
2019,Paraíba,Rural,Municipal,89,91,82.1,97.9,95.4,87.3,87.2,89,75,80.9,85.5,91.3,--,--,--,--,--,--,9,7.9,12.7,1.5,3.9,11.7,11.3,9.4,19,13.6,9.5,4.8,--,--,--,--,--,--,2,1.1,5.2,0.6,0.7,1,1.5,1.6,6,5.5,5,3.9,--,--,--,--,--,--
2019,Paraíba,Total,Privada,97.9,98.6,96.5,98,98.8,98.7,98.8,98.9,97,96.2,96.3,96.7,95.6,92.8,96.3,98.2,100,93.1,1.9,1.1,3.2,1.4,0.9,1.1,1,0.9,2.8,3.6,3.5,3.1,3.6,6.5,2.8,1.1,0,6.9,0.2,0.3,0.3,0.6,0.3,0.2,0.2,0.2,0.2,0.2,0.2,0.2,0.8,0.7,0.9,0.7,0,0
2019,Paraíba,Urbana,Privada,97.9,98.6,96.5,98,98.8,98.7,98.8,99,96.9,96.2,96.3,96.7,95.6,92.8,96.3,98.2,100,93.1,1.8,1.1,3.2,1.4,0.9,1.1,1,0.9,2.8,3.6,3.5,3.1,3.6,6.5,2.8,1.1,0,6.9,0.3,0.3,0.3,0.6,0.3,0.2,0.2,0.1,0.3,0.2,0.2,0.2,0.8,0.7,0.9,0.7,0,0
2019,Paraíba,Rural,Privada,95.8,95.8,95.8,92.6,94,100,96.5,96.4,100,92.3,90.6,100,--,--,--,--,--,--,3.3,3.8,2.4,5.6,6,0,3.5,3.6,0,1.9,9.4,0,--,--,--,--,--,--,0.9,0.4,1.8,1.8,0,0,0,0,0,5.8,0,0,--,--,--,--,--,--
2019,Paraíba,Total,Pública,86.3,91.2,80.7,97.2,95.5,87,88.4,89.9,75.1,79.2,82.9,88,81.2,72.9,83.7,90.7,95,100,10.9,7.4,14.9,1.5,3.5,11.7,10,8.3,19.9,16.5,13,8.1,11.6,17.5,9.6,4.9,2.5,0,2.8,1.4,4.4,1.3,1,1.3,1.6,1.8,5,4.3,4.1,3.9,7.2,9.6,6.7,4.4,2.5,0
2019,Paraíba,Urbana,Pública,85.8,91.2,80.7,97,95.5,86.9,88.8,90.4,75.2,79,82.7,87.9,81.1,72.7,83.7,90.7,95,100,11.3,7.2,15.1,1.5,3.4,11.7,9.5,7.9,19.8,16.9,13.2,8.3,11.6,17.6,9.6,5,2.5,0,2.9,1.6,4.2,1.5,1.1,1.4,1.7,1.7,5,4.1,4.1,3.8,7.3,9.7,6.7,4.3,2.5,0
2019,Paraíba,Rural,Pública,88.2,90.9,81,97.8,95.4,87.2,87.3,88.8,74.1,80.5,83.9,88.7,82.7,76.4,84.6,91.2,--,--,9.6,8,13.8,1.5,3.9,11.7,11.2,9.7,20.1,14.2,11.1,6.9,10.9,16.4,9.5,3.1,--,--,2.2,1.1,5.2,0.7,0.7,1.1,1.5,1.5,5.8,5.3,5,4.4,6.4,7.2,5.9,5.7,--,--
2019,Pernambuco,Total,Total,93.3,94.4,91.8,97.6,97.8,88.6,95.9,93.2,89.5,91.1,92.6,94.4,93.5,91.2,94,97.4,88.3,83.8,5.8,5.1,6.7,1.8,1.8,10.8,3.7,6.1,8.7,7.3,5.9,4.4,5.1,6.9,4.7,2,6.9,12.3,0.9,0.5,1.5,0.6,0.4,0.6,0.4,0.7,1.8,1.6,1.5,1.2,1.4,1.9,1.3,0.6,4.8,3.9
2019,Pernambuco,Urbana,Total,93.6,94.9,92.1,97.7,97.8,89.7,96,94,90.2,91.3,92.9,94.4,93.6,91.5,94.1,97.5,88.5,84.3,5.4,4.6,6.4,1.7,1.8,9.7,3.6,5.4,8.1,7.1,5.7,4.4,5,6.8,4.6,1.9,6.8,12,1,0.5,1.5,0.6,0.4,0.6,0.4,0.6,1.7,1.6,1.4,1.2,1.4,1.7,1.3,0.6,4.7,3.7
2019,Pernambuco,Rural,Total,91.6,92.6,89.9,97.2,97.6,84.5,95.4,90.2,85.9,89.8,91,94.3,90.4,87.7,91.4,95.7,86.9,77.1,7.3,6.8,8.2,2.2,2,14.6,4.1,8.9,11.9,8.4,6.8,4,6.8,8.6,6.6,2.5,7.7,17.4,1.1,0.6,1.9,0.6,0.4,0.9,0.5,0.9,2.2,1.8,2.2,1.7,2.8,3.7,2,1.8,5.4,5.5
2019,Pernambuco,Total,Federal,97.7,--,97.7,--,--,--,--,--,98.6,100,96.7,96,78.7,72.8,79.8,87.2,79.8,79.3,2,--,2,--,--,--,--,--,0.7,0,3.3,3.5,17.3,23.5,16.2,9.4,11.3,18.4,0.3,--,0.3,--,--,--,--,--,0.7,0,0,0.5,4,3.7,4,3.4,8.9,2.3
2019,Pernambuco,Urbana,Federal,97.7,--,97.7,--,--,--,--,--,98.6,100,96.7,96,77.1,70.4,78.9,85,79.3,78.8,2,--,2,--,--,--,--,--,0.7,0,3.3,3.5,18.3,25.4,16.1,10.7,11.5,19,0.3,--,0.3,--,--,--,--,--,0.7,0,0,0.5,4.6,4.2,5,4.3,9.2,2.2
2019,Pernambuco,Rural,Federal,--,--,--,--,--,--,--,--,--,--,--,--,83.5,78.9,82.2,91.5,83.8,84,--,--,--,--,--,--,--,--,--,--,--,--,14.4,18.7,16.5,6.7,9.5,13.2,--,--,--,--,--,--,--,--,--,--,--,--,2.1,2.4,1.3,1.8,6.7,2.8
2019,Pernambuco,Total,Estadual,93.2,85.8,93.5,84.9,87.7,81.1,88.7,86.7,92.8,93.3,94,94,93.6,91.5,94,97.4,96.2,84,6,13.3,5.6,14,11.7,17.9,10.5,12.2,6.3,5.9,5.1,5.1,4.9,6.6,4.7,1.9,2.8,12,0.8,0.9,0.9,1.1,0.6,1,0.8,1.1,0.9,0.8,0.9,0.9,1.5,1.9,1.3,0.7,1,4
2019,Pernambuco,Urbana,Estadual,94.1,98.1,94,100,99.6,96.8,99.4,96,93.8,93.7,94.4,94.2,93.7,91.7,94.1,97.5,96.6,84.5,5.2,1.8,5.2,0,0.4,3.2,0.6,3.7,5.5,5.6,5,4.9,4.9,6.5,4.6,1.9,2.6,11.6,0.7,0.1,0.8,0,0,0,0,0.3,0.7,0.7,0.6,0.9,1.4,1.8,1.3,0.6,0.8,3.9
2019,Pernambuco,Rural,Estadual,86.8,82.8,88.6,82,84.8,78.1,85.8,83.8,84.7,89,90.8,90.6,91.1,88.7,92.1,96.1,91.1,76.1,11.2,16.1,9.1,16.7,14.5,20.8,13.1,14.8,12.4,9,6.8,7.3,6,7.5,5.8,2.1,5.4,18,2,1.1,2.3,1.3,0.7,1.1,1.1,1.4,2.9,2,2.4,2.1,2.9,3.8,2.1,1.8,3.5,5.9
2019,Pernambuco,Total,Municipal,91.5,92.9,89.2,97.7,97.7,85.1,94.9,91.5,85.7,88.4,90.4,93.8,94.4,95.1,92.7,93.2,--,--,7.2,6.4,8.5,1.7,1.9,14.1,4.5,7.7,11.7,9.2,7.4,4.4,1.1,1.6,0,0,--,--,1.3,0.7,2.3,0.6,0.4,0.8,0.6,0.8,2.6,2.4,2.2,1.8,4.5,3.3,7.3,6.8,--,--
2019,Pernambuco,Urbana,Municipal,91.4,93,88.9,97.6,97.5,85.3,94.6,92,85.6,88.1,90.2,93.5,100,100,--,--,--,--,7.3,6.4,8.6,1.7,2,13.9,4.8,7.2,11.6,9.4,7.5,4.6,0,0,--,--,--,--,1.3,0.6,2.5,0.7,0.5,0.8,0.6,0.8,2.8,2.5,2.3,1.9,0,0,--,--,--,--
2019,Pernambuco,Rural,Municipal,92,92.9,90,97.8,98.1,84.6,95.8,90.4,85.9,89.8,91,95.1,89.8,85.4,92.7,93.2,--,--,7,6.5,8.1,1.7,1.5,14.6,3.7,8.8,12,8.4,6.9,3.3,2,4.9,0,0,--,--,1,0.6,1.9,0.5,0.4,0.8,0.5,0.8,2.1,1.8,2.1,1.6,8.2,9.7,7.3,6.8,--,--
2019,Pernambuco,Total,Privada,97.8,98.3,96.9,97.7,98.3,98.2,98.7,98.5,97.2,96.5,97,96.6,95.8,93.2,96.1,98.4,100,98.5,2,1.5,2.9,1.8,1.5,1.5,1.2,1.4,2.5,3.3,2.7,3.2,3.7,6.2,3.3,1.3,0,1.5,0.2,0.2,0.2,0.5,0.2,0.3,0.1,0.1,0.3,0.2,0.3,0.2,0.5,0.6,0.6,0.3,0,0
2019,Pernambuco,Urbana,Privada,97.8,98.3,96.8,97.7,98.3,98.3,98.7,98.5,97.2,96.5,97,96.6,95.8,93.1,96.1,98.4,100,98.5,2,1.5,2.9,1.8,1.5,1.5,1.1,1.4,2.5,3.3,2.7,3.2,3.8,6.3,3.4,1.3,0,1.5,0.2,0.2,0.3,0.5,0.2,0.2,0.2,0.1,0.3,0.2,0.3,0.2,0.4,0.6,0.5,0.3,0,0
2019,Pernambuco,Rural,Privada,97.5,97.4,97.7,98.5,98.3,96.4,96.2,97.8,97.4,97.1,98.8,97.6,98.8,97.1,100,100,--,--,2.4,2.5,2.3,1.5,1.5,3.6,3.8,2,2.6,2.9,1.2,2.4,0.8,1.9,0,0,--,--,0.1,0.1,0,0,0.2,0,0,0.2,0,0,0,0,0.4,1,0,0,--,--
2019,Pernambuco,Total,Pública,91.8,92.8,90.6,97.5,97.6,85.1,94.8,91.4,87.6,89.9,91.6,93.9,93.2,91,93.7,97.2,88.3,83.6,7,6.5,7.6,1.9,2,14.2,4.6,7.7,10.2,8.2,6.6,4.6,5.3,7,4.9,2,6.9,12.5,1.2,0.7,1.8,0.6,0.4,0.7,0.6,0.9,2.2,1.9,1.8,1.5,1.5,2,1.4,0.8,4.8,3.9
2019,Pernambuco,Urbana,Pública,91.9,93,90.7,97.6,97.5,85.4,94.6,92,88.1,89.9,91.7,93.8,93.4,91.3,93.8,97.3,88.4,84,6.9,6.4,7.4,1.7,2,13.9,4.8,7.2,9.8,8.2,6.6,4.7,5.1,6.9,4.8,2,6.8,12.2,1.2,0.6,1.9,0.7,0.5,0.7,0.6,0.8,2.1,1.9,1.7,1.5,1.5,1.8,1.4,0.7,4.8,3.8
2019,Pernambuco,Rural,Pública,91.5,92.5,89.7,97.2,97.6,84.4,95.4,90.1,85.7,89.7,90.9,94.3,90.3,87.6,91.3,95.6,86.9,77.1,7.3,6.9,8.2,2.2,2,14.8,4.1,9,12,8.5,6.9,4,6.9,8.7,6.7,2.6,7.7,17.4,1.2,0.6,2.1,0.6,0.4,0.8,0.5,0.9,2.3,1.8,2.2,1.7,2.8,3.7,2,1.8,5.4,5.5
2019,Alagoas,Total,Total,94.1,96.2,91.6,98.5,98.8,92,97.9,94.7,89.2,90.9,92.2,95,86.7,81.5,87.8,93.3,88.1,77.7,4.4,3.1,6,0.7,0.8,7.3,1.4,4.5,8,6.8,5.3,3.2,7.2,10.1,6.4,3.7,9.7,21.4,1.5,0.7,2.4,0.8,0.4,0.7,0.7,0.8,2.8,2.3,2.5,1.8,6.1,8.4,5.8,3,2.2,0.9
2019,Alagoas,Urbana,Total,94,96.3,91.5,98.2,98.6,92.4,97.6,95.3,89.3,90.9,91.9,94.7,86.4,81,87.5,93.1,88.1,77.7,4.4,3,6,0.9,0.9,6.8,1.8,3.9,7.9,6.7,5.4,3.5,7.4,10.4,6.6,3.8,9.7,21.4,1.6,0.7,2.5,0.9,0.5,0.8,0.6,0.8,2.8,2.4,2.7,1.8,6.2,8.6,5.9,3.1,2.2,0.9
2019,Alagoas,Rural,Total,94.6,95.9,91.9,99.2,99.3,90.8,98.8,93.1,89,90.8,93.1,96.5,93.6,90,95.1,98.1,--,--,4.3,3.5,6,0.3,0.4,8.4,0.6,5.9,8.7,7.1,4.7,1.8,3.3,5.4,2.3,0.9,--,--,1.1,0.6,2.1,0.5,0.3,0.8,0.6,1,2.3,2.1,2.2,1.7,3.1,4.6,2.6,1,--,--
2019,Alagoas,Total,Federal,--,--,--,--,--,--,--,--,--,--,--,--,79.4,71.9,80.2,84.5,88.1,21.4,--,--,--,--,--,--,--,--,--,--,--,--,16.4,21.9,16.1,12.6,9.7,78.6,--,--,--,--,--,--,--,--,--,--,--,--,4.2,6.2,3.7,2.9,2.2,0
2019,Alagoas,Urbana,Federal,--,--,--,--,--,--,--,--,--,--,--,--,79.4,71.9,80.2,84.5,88.1,21.4,--,--,--,--,--,--,--,--,--,--,--,--,16.4,21.9,16.1,12.6,9.7,78.6,--,--,--,--,--,--,--,--,--,--,--,--,4.2,6.2,3.7,2.9,2.2,0
2019,Alagoas,Total,Estadual,90.9,95.1,89.9,96.5,98,90.4,97.9,94,87.6,88.6,90.3,93.2,86,80.6,87,93,--,--,6.6,3.8,7.2,1.6,1.4,8.3,1.4,4.9,9.5,8.6,6.6,4.2,6.9,9.7,6.2,3.4,--,--,2.5,1.1,2.9,1.9,0.6,1.3,0.7,1.1,2.9,2.8,3.1,2.6,7.1,9.7,6.8,3.6,--,--
2019,Alagoas,Urbana,Estadual,90.6,95.1,89.7,96.1,97.9,90.5,97.8,94.2,87.4,88.3,90,93,85.4,79.9,86.5,92.7,--,--,6.8,3.8,7.5,1.7,1.5,8.1,1.5,4.8,9.7,8.8,6.8,4.4,7.2,10,6.5,3.6,--,--,2.6,1.1,2.8,2.2,0.6,1.4,0.7,1,2.9,2.9,3.2,2.6,7.4,10.1,7,3.7,--,--
2019,Alagoas,Rural,Estadual,95.8,95.3,96.2,99.5,98.9,89.6,98.4,92.5,94.4,95,96.3,98.1,93.6,89.9,95.1,98.1,--,--,3,3.8,2.5,0.5,0.5,9.1,1.1,5.4,3.8,4,1.9,1.2,3.3,5.4,2.3,0.9,--,--,1.2,0.9,1.3,0,0.6,1.3,0.5,2.1,1.8,1,1.8,0.7,3.1,4.7,2.6,1,--,--
2019,Alagoas,Total,Municipal,93.7,95.6,90.9,98.3,98.6,90.7,97.5,94,88,90.3,91.7,95.3,--,--,--,--,--,--,4.7,3.7,6.3,0.8,0.9,8.5,1.7,5.1,8.7,7,5.4,2.7,--,--,--,--,--,--,1.6,0.7,2.8,0.9,0.5,0.8,0.8,0.9,3.3,2.7,2.9,2,--,--,--,--,--,--
2019,Alagoas,Urbana,Municipal,93.3,95.3,90.6,97.8,98.3,90.5,96.8,94.4,87.8,90.2,91.3,95,--,--,--,--,--,--,4.9,3.8,6.4,1.2,1.1,8.6,2.4,4.6,8.7,6.9,5.5,3,--,--,--,--,--,--,1.8,0.9,3,1,0.6,0.9,0.8,1,3.5,2.9,3.2,2,--,--,--,--,--,--
2019,Alagoas,Rural,Municipal,94.5,95.9,91.7,99.2,99.2,90.9,98.8,93.2,88.8,90.6,92.9,96.3,--,--,--,--,--,--,4.3,3.4,6.2,0.3,0.4,8.3,0.6,5.8,8.9,7.2,4.9,1.9,--,--,--,--,--,--,1.2,0.7,2.1,0.5,0.4,0.8,0.6,1,2.3,2.2,2.2,1.8,--,--,--,--,--,--
2019,Alagoas,Total,Privada,97.9,98.9,96.3,99.4,99.5,97.8,99.5,98.1,96.4,96.2,96.3,96.1,95.3,92.5,96,97.9,--,98.7,1.8,0.9,3.3,0.2,0.3,2,0.2,1.7,3.2,3.4,3.3,3.5,4.1,6.8,3.3,1.9,--,0,0.3,0.2,0.4,0.4,0.2,0.2,0.3,0.2,0.4,0.4,0.4,0.4,0.6,0.7,0.7,0.2,--,1.3
2019,Alagoas,Urbana,Privada,97.9,99,96.3,99.4,99.5,98.1,99.6,98.3,96.4,96.2,96.3,96.1,95.3,92.5,96.1,97.9,--,98.7,1.8,0.8,3.3,0.2,0.3,1.7,0.2,1.5,3.2,3.4,3.3,3.5,4.1,6.9,3.3,1.9,--,0,0.3,0.2,0.4,0.4,0.2,0.2,0.2,0.2,0.4,0.4,0.4,0.4,0.6,0.6,0.6,0.2,--,1.3
2019,Alagoas,Rural,Privada,93.1,92,97,98.9,100,77.9,99.2,80.2,95.1,96.2,97.6,100,96.4,100,90.9,--,--,--,6.3,7.3,3,0,0,21.4,0.8,18.1,4.9,3.8,2.4,0,0,0,0,--,--,--,0.6,0.7,0,1.1,0,0.7,0,1.7,0,0,0,0,3.6,0,9.1,--,--,--
2019,Alagoas,Total,Pública,93.3,95.5,90.7,98.3,98.6,90.7,97.5,94,88,89.9,91.4,94.7,85.4,80,86.6,92.5,88.1,21.4,5,3.7,6.5,0.9,0.9,8.5,1.7,5,8.9,7.4,5.7,3.1,7.7,10.5,6.9,4,9.7,78.6,1.7,0.8,2.8,0.8,0.5,0.8,0.8,1,3.1,2.7,2.9,2.2,6.9,9.5,6.5,3.5,2.2,0
2019,Alagoas,Urbana,Pública,92.9,95.3,90.4,97.7,98.2,90.5,96.9,94.4,87.7,89.7,90.9,94.3,84.9,79.3,86,92.2,88.1,21.4,5.2,3.8,6.7,1.2,1.2,8.5,2.3,4.6,8.9,7.4,5.9,3.4,8,10.9,7.2,4.2,9.7,78.6,1.9,0.9,2.9,1.1,0.6,1,0.8,1,3.4,2.9,3.2,2.3,7.1,9.8,6.8,3.6,2.2,0
2019,Alagoas,Rural,Pública,94.6,95.9,91.9,99.3,99.2,90.9,98.8,93.2,88.9,90.8,93.1,96.4,93.6,89.9,95.1,98.1,--,--,4.3,3.4,6,0.3,0.4,8.3,0.6,5.8,8.7,7.1,4.7,1.9,3.3,5.4,2.3,0.9,--,--,1.1,0.7,2.1,0.4,0.4,0.8,0.6,1,2.4,2.1,2.2,1.7,3.1,4.7,2.6,1,--,--
2019,Sergipe,Total,Total,85.3,90.6,78.5,99,98,83.9,85.7,89.8,72.6,76.8,81.6,86.9,81.2,72.8,82.8,91.3,--,--,12.7,8.4,18.2,0.3,1.5,15.1,13,8.9,23.7,20.1,15.4,10,12.5,18.4,11.5,5.2,--,--,2,1,3.3,0.7,0.5,1,1.3,1.3,3.7,3.1,3,3.1,6.3,8.8,5.7,3.5,--,--
2019,Sergipe,Urbana,Total,86.1,92,79.4,98.9,97.9,86,88.1,91.4,74.2,77.5,82.1,87.1,81.4,73.1,82.9,91.3,--,--,12.1,7.1,17.8,0.4,1.5,13.1,10.7,7.3,22.6,19.8,15.4,10.2,12.5,18.4,11.5,5.3,--,--,1.8,0.9,2.8,0.7,0.6,0.9,1.2,1.3,3.2,2.7,2.5,2.7,6.1,8.5,5.6,3.4,--,--
2019,Sergipe,Rural,Total,82.5,86.9,74.6,99.3,98,78.4,79.2,85.2,65.9,73.7,79.5,86.3,78.2,68,81,91,--,--,14.9,11.9,20.2,0.2,1.5,20.5,19,13.1,28.5,21.2,15.4,8.9,13.1,19.8,11.2,4.7,--,--,2.6,1.2,5.2,0.5,0.5,1.1,1.8,1.7,5.6,5.1,5.1,4.8,8.7,12.2,7.8,4.3,--,--
2019,Sergipe,Total,Federal,94.7,--,94.7,--,--,--,--,--,96.6,92.9,93.1,96.2,84.4,75.4,87.1,93.5,--,--,5.3,--,5.3,--,--,--,--,--,3.4,7.1,6.9,3.8,13,20.8,11.3,4.5,--,--,0,--,0,--,--,--,--,--,0,0,0,0,2.6,3.8,1.6,2,--,--
2019,Sergipe,Urbana,Federal,94.7,--,94.7,--,--,--,--,--,96.6,92.9,93.1,96.2,86.9,78.8,89,94.1,--,--,5.3,--,5.3,--,--,--,--,--,3.4,7.1,6.9,3.8,10,16.9,8.9,3.3,--,--,0,--,0,--,--,--,--,--,0,0,0,0,3.1,4.3,2.1,2.6,--,--
2019,Sergipe,Rural,Federal,--,--,--,--,--,--,--,--,--,--,--,--,80.5,70.8,83.9,92.4,--,--,--,--,--,--,--,--,--,--,--,--,--,--,17.8,26.3,15.1,7,--,--,--,--,--,--,--,--,--,--,--,--,--,--,1.7,2.9,1,0.6,--,--
2019,Sergipe,Total,Estadual,80.8,90.6,74.9,99.3,99.4,81.7,87.3,91.6,69.2,72,77.1,82.8,78.1,69.1,79.8,89.6,--,--,17,8.7,22.1,0,0,17.4,12,7.6,27.5,25.1,20.3,14.1,14.2,20.5,13.1,6.1,--,--,2.2,0.7,3,0.7,0.6,0.9,0.7,0.8,3.3,2.9,2.6,3.1,7.7,10.4,7.1,4.3,--,--
2019,Sergipe,Urbana,Estadual,80.7,90.4,74.8,99.3,99.4,81.5,87.1,91.4,69.3,71.8,76.8,82.6,78.1,69.2,79.8,89.6,--,--,17.2,8.8,22.2,0,0.1,17.6,12.2,7.7,27.4,25.3,20.6,14.3,14.3,20.6,13.3,6.2,--,--,2.1,0.8,3,0.7,0.5,0.9,0.7,0.9,3.3,2.9,2.6,3.1,7.6,10.2,6.9,4.2,--,--
2019,Sergipe,Rural,Estadual,84.5,93.9,78.5,99.4,99.4,86.8,91.7,95.5,66.2,76.4,84.8,87.7,77.7,67.5,80.4,90.7,--,--,13.6,5.4,18.9,0,0,12.4,7.2,4.5,29.9,20.8,13.8,10.3,12.2,18.5,10.5,4.3,--,--,1.9,0.7,2.6,0.6,0.6,0.8,1.1,0,3.9,2.8,1.4,2,10.1,14,9.1,5,--,--
2019,Sergipe,Total,Municipal,81.9,87.2,73.8,98.7,96.9,79,80.4,86,66.4,72.5,78.5,85.8,--,--,--,--,--,--,15.3,11.4,21.4,0.4,2.5,19.7,17.6,12,28.5,23.1,16.9,9.4,--,--,--,--,--,--,2.8,1.4,4.8,0.9,0.6,1.3,2,2,5.1,4.4,4.6,4.8,--,--,--,--,--,--
2019,Sergipe,Urbana,Municipal,81.8,87.7,73.6,98.2,96.1,79.7,81.9,86.8,66.8,72,78.2,85.7,--,--,--,--,--,--,15.5,10.7,22,0.7,3.1,18.8,16.1,11,28.4,24,17.7,9.8,--,--,--,--,--,--,2.7,1.6,4.4,1.1,0.8,1.5,2,2.2,4.8,4,4.1,4.5,--,--,--,--,--,--
2019,Sergipe,Rural,Municipal,82.2,86.6,74.2,99.3,98,78,78.5,84.8,65.6,73.2,79,86.1,--,--,--,--,--,--,15.1,12.2,20.4,0.2,1.6,20.9,19.6,13.5,28.7,21.4,15.5,8.8,--,--,--,--,--,--,2.7,1.2,5.4,0.5,0.4,1.1,1.9,1.7,5.7,5.4,5.5,5.1,--,--,--,--,--,--
2019,Sergipe,Total,Privada,97.2,98.8,94.7,99.5,99.5,98.2,98.4,98.3,94.6,94.5,94.7,95.1,95.2,92.5,95.6,98.1,--,--,2.7,1.1,5.1,0.2,0.2,1.7,1.5,1.7,5.3,5.4,5.1,4.7,4.5,7.2,4.1,1.7,--,--,0.1,0.1,0.2,0.3,0.3,0.1,0.1,0,0.1,0.1,0.2,0.2,0.3,0.3,0.3,0.2,--,--
2019,Sergipe,Urbana,Privada,97.2,98.8,94.7,99.5,99.5,98.3,98.4,98.3,94.6,94.4,94.8,95.1,95.2,92.5,95.6,98.1,--,--,2.7,1,5.1,0.2,0.2,1.6,1.5,1.6,5.3,5.4,5,4.7,4.5,7.2,4.1,1.7,--,--,0.1,0.2,0.2,0.3,0.3,0.1,0.1,0.1,0.1,0.2,0.2,0.2,0.3,0.3,0.3,0.2,--,--
2019,Sergipe,Rural,Privada,96.4,97.3,93.7,99.4,98.8,91.8,99.4,96.3,94.6,97.3,86.7,96.7,--,--,--,--,--,--,3.5,2.6,6.3,0,1.2,8.2,0.6,3.7,5.4,2.7,13.3,3.3,--,--,--,--,--,--,0.1,0.1,0,0.6,0,0,0,0,0,0,0,0,--,--,--,--,--,--
2019,Sergipe,Total,Pública,81.7,87.9,74.3,98.8,97.3,79.5,81.8,87.2,67.3,72.3,78,84.4,78.3,69.2,80,89.7,--,--,15.8,10.8,21.7,0.4,2,19.3,16.4,11,28.1,23.8,18.3,11.6,14.2,20.5,13.1,6.1,--,--,2.5,1.3,4,0.8,0.7,1.2,1.8,1.8,4.6,3.9,3.7,4,7.5,10.3,6.9,4.2,--,--
2019,Sergipe,Urbana,Pública,81.4,88.5,74.2,98.5,97,80.3,83.5,88.3,67.9,72,77.5,83.9,78.3,69.3,80,89.7,--,--,16.1,10.2,22.1,0.5,2.3,18.5,14.9,9.9,27.9,24.6,19.1,12.4,14.2,20.5,13.2,6.1,--,--,2.5,1.3,3.7,1,0.7,1.2,1.6,1.8,4.2,3.4,3.4,3.7,7.5,10.2,6.8,4.2,--,--
2019,Sergipe,Rural,Pública,82.3,86.7,74.4,99.3,98,78.2,78.9,85.1,65.6,73.4,79.4,86.2,78.2,68,81,91,--,--,15,12.1,20.3,0.2,1.6,20.7,19.3,13.2,28.8,21.4,15.4,8.9,13.1,19.8,11.2,4.7,--,--,2.7,1.2,5.3,0.5,0.4,1.1,1.8,1.7,5.6,5.2,5.2,4.9,8.7,12.2,7.8,4.3,--,--
2019,Bahia,Total,Total,86.7,91,81.4,97.9,96.9,83.7,88.4,90.4,76.8,79.8,83.4,88,79.4,71.8,81.9,87.5,81.3,96.4,10.7,7.7,14.3,1,2.3,14.9,10,7.9,18.2,15.9,12.6,8.6,13.5,19.1,11.5,7.6,13.3,0,2.6,1.3,4.3,1.1,0.8,1.4,1.6,1.7,5,4.3,4,3.4,7.1,9.1,6.6,4.9,5.4,3.6
2019,Bahia,Urbana,Total,87.4,92.3,81.9,97.8,97,85.6,90.6,92,77.9,80.3,83.7,87.7,79.2,71.7,81.7,87.3,81.1,96.4,10.2,6.6,14.2,1.1,2.2,13.2,8,6.7,17.4,15.7,12.8,9.2,13.8,19.4,11.7,7.8,13.3,0,2.4,1.1,3.9,1.1,0.8,1.2,1.4,1.3,4.7,4,3.5,3.1,7,8.9,6.6,4.9,5.6,3.6
2019,Bahia,Rural,Total,84.8,88,79.7,98.2,96.6,79.3,83.2,86.7,73.2,78,82.3,88.9,81.8,73.8,83.8,90.7,85.2,--,12.1,10.3,14.8,0.8,2.5,19,14.6,10.9,20.6,16.3,12.2,6.6,10.6,16.1,8.8,4.8,12.9,--,3.1,1.7,5.5,1,0.9,1.7,2.2,2.4,6.2,5.7,5.5,4.5,7.6,10.1,7.4,4.5,1.9,--
2019,Bahia,Total,Federal,98.3,--,98.3,--,--,--,--,--,100,94.7,99,100,87.7,82.6,89.3,90.9,94.1,91.7,1.7,--,1.7,--,--,--,--,--,0,5.3,1,0,9.8,14.9,8.7,6.5,3.1,0,0,--,0,--,--,--,--,--,0,0,0,0,2.5,2.5,2,2.6,2.8,8.3
2019,Bahia,Urbana,Federal,98.3,--,98.3,--,--,--,--,--,100,94.7,99,100,87.1,81.6,88.7,90.4,94.1,91.7,1.7,--,1.7,--,--,--,--,--,0,5.3,1,0,10.2,15.6,9.1,6.7,3.1,0,0,--,0,--,--,--,--,--,0,0,0,0,2.7,2.8,2.2,2.9,2.8,8.3
2019,Bahia,Rural,Federal,--,--,--,--,--,--,--,--,--,--,--,--,92.3,90.5,93.1,93.5,--,--,--,--,--,--,--,--,--,--,--,--,--,--,6.8,8.6,6.4,5.1,--,--,--,--,--,--,--,--,--,--,--,--,--,--,0.9,0.9,0.5,1.4,--,--
2019,Bahia,Total,Estadual,78.7,86.3,78.5,98,98.8,76.1,82.9,82.1,72.5,77.4,80.5,82.5,77.5,69.5,80.1,86.2,77.5,--,17.8,11.8,17.9,0.2,0.4,23.3,15.4,14.2,23.4,18.9,16.3,14.2,14.7,20.5,12.5,8.4,16.2,--,3.5,1.9,3.6,1.8,0.8,0.6,1.7,3.7,4.1,3.7,3.2,3.3,7.8,10,7.4,5.4,6.3,--
2019,Bahia,Urbana,Estadual,78.8,92.4,78.7,100,100,88.6,94.1,87.8,72.7,77.6,80.6,82.8,77.3,69.4,80,85.9,77.9,--,17.7,6.3,17.8,0,0,11.4,5,9.3,23.3,18.8,16.2,14.1,14.9,20.7,12.7,8.6,15.7,--,3.5,1.3,3.5,0,0,0,0.9,2.9,4,3.6,3.2,3.1,7.8,9.9,7.3,5.5,6.4,--
2019,Bahia,Rural,Estadual,76.8,83.2,74.1,97.4,98.4,71.9,76,76.7,68.7,72.5,76.5,76.9,79.8,71.4,82.2,89.9,58.8,--,18.9,14.6,20.7,0.3,0.5,27.3,21.8,18.8,25.7,22.1,18,18.4,11.8,17.6,9.7,5.2,37.9,--,4.3,2.2,5.2,2.3,1.1,0.8,2.2,4.5,5.6,5.4,5.5,4.7,8.4,11,8.1,4.9,3.3,--
2019,Bahia,Total,Municipal,85.1,89.2,79.5,97.8,96.4,80.6,86.2,88.8,74.3,77.6,81.8,87.9,80.8,71.2,81.5,93.1,97.9,--,11.8,9.2,15.4,1,2.6,17.8,11.9,9.2,19.7,17.2,13.4,8,7.7,12.9,6.5,1.4,1.4,--,3.1,1.6,5.1,1.2,1,1.6,1.9,2,6,5.2,4.8,4.1,11.5,15.9,12,5.5,0.7,--
2019,Bahia,Urbana,Municipal,85.3,90,79.4,97.6,96.3,81.3,87.9,89.9,74.8,77.3,81.5,87.3,74.2,60.5,74.3,92.1,99.1,--,11.7,8.5,15.7,1.1,2.7,17.1,10.3,8.3,19.4,17.7,13.9,8.8,10.9,17.2,10.5,3.1,0,--,3,1.5,4.9,1.3,1,1.6,1.8,1.8,5.8,5,4.6,3.9,14.9,22.3,15.2,4.8,0.9,--
2019,Bahia,Rural,Municipal,84.8,87.9,79.7,98.2,96.6,79.3,83.2,86.7,73.1,78,82.4,89.3,85.2,78.8,85.8,93.7,94.7,--,12,10.4,14.7,0.8,2.5,19.1,14.6,10.9,20.6,16.3,12.1,6.2,5.5,9.9,4,0.6,5.3,--,3.2,1.7,5.6,1,0.9,1.6,2.2,2.4,6.3,5.7,5.5,4.5,9.3,11.3,10.2,5.7,0,--
2019,Bahia,Total,Privada,97.5,98.5,95.8,98.2,98.6,98.4,98.5,98.6,95.7,95.2,95.9,96.4,95.6,93,96.1,98.1,97.4,100,2.2,1.3,4,1.3,1.1,1.4,1.3,1.3,4.1,4.5,3.9,3.5,3.9,6.4,3.2,1.7,0.9,0,0.3,0.2,0.2,0.5,0.3,0.2,0.2,0.1,0.2,0.3,0.2,0.1,0.5,0.6,0.7,0.2,1.7,0
2019,Bahia,Urbana,Privada,97.5,98.5,95.8,98.2,98.6,98.4,98.5,98.6,95.8,95.3,95.9,96.4,95.6,93,96.2,98.2,97.5,100,2.2,1.3,4,1.3,1.1,1.3,1.2,1.2,4,4.4,3.8,3.5,3.9,6.5,3.2,1.6,0,0,0.3,0.2,0.2,0.5,0.3,0.3,0.3,0.2,0.2,0.3,0.3,0.1,0.5,0.5,0.6,0.2,2.5,0
2019,Bahia,Rural,Privada,95.3,97.1,93,99.6,99.2,95.3,95.6,95.6,92.8,90.5,92.9,96.6,94.7,92.9,94.7,95.6,97.4,--,4.1,2.8,5.9,0.4,0.6,4.7,4.2,4.2,7,7.5,5.4,2.4,3.3,4.5,3.7,2.7,1.1,--,0.6,0.1,1.1,0,0.2,0,0.2,0.2,0.2,2,1.7,1,2,2.6,1.6,1.7,1.5,--
2019,Bahia,Total,Pública,84.6,89.2,79.3,97.8,96.4,80.6,86.2,88.8,74.1,77.5,81.5,86.7,77.8,69.9,80.4,86.4,80.6,91.7,12.3,9.2,15.8,1,2.6,17.9,11.9,9.3,20.2,17.5,13.9,9.5,14.5,20.3,12.4,8.3,13.7,0,3.1,1.6,4.9,1.2,1,1.5,1.9,1.9,5.7,5,4.6,3.8,7.7,9.8,7.2,5.3,5.7,8.3
2019,Bahia,Urbana,Pública,84.5,90,79.2,97.6,96.3,81.3,88,89.9,74.5,77.4,81.3,86,77.6,69.7,80.2,86.1,80.9,91.7,12.4,8.5,16.2,1.1,2.7,17.1,10.3,8.3,20,17.9,14.5,10.4,14.7,20.6,12.6,8.5,13.4,0,3.1,1.5,4.6,1.3,1,1.6,1.7,1.8,5.5,4.7,4.2,3.6,7.7,9.7,7.2,5.4,5.7,8.3
2019,Bahia,Rural,Pública,84.7,87.9,79.5,98.2,96.6,79.2,83.1,86.7,73,77.9,82.2,88.8,80.8,72.7,83,90.3,65.1,--,12.1,10.4,14.9,0.8,2.5,19.2,14.7,10.9,20.7,16.4,12.2,6.7,11.2,16.8,9.2,4.9,32.1,--,3.2,1.7,5.6,1,0.9,1.6,2.2,2.4,6.3,5.7,5.6,4.5,8,10.5,7.8,4.8,2.8,--
2019,Minas Gerais,Total,Total,94,98.1,89.1,99.4,98.9,96.3,98.4,97.5,88,88.1,89.7,91.1,84.4,77,87.1,91.8,85.7,91.1,5.4,1.8,9.6,0.5,1,3.6,1.4,2.3,11,10.6,8.9,7.3,11,16.9,8.6,5.4,5.6,8.2,0.6,0.1,1.3,0.1,0.1,0.1,0.2,0.2,1,1.3,1.4,1.6,4.6,6.1,4.3,2.8,8.7,0.7
2019,Minas Gerais,Urbana,Total,93.9,98.1,89,99.4,98.9,96.3,98.4,97.5,88,88,89.6,90.9,84.2,76.7,86.9,91.7,85.7,91.1,5.5,1.8,9.7,0.5,1,3.6,1.4,2.2,11,10.7,9,7.5,11.1,17.1,8.7,5.6,5.6,8.2,0.6,0.1,1.3,0.1,0.1,0.1,0.2,0.3,1,1.3,1.4,1.6,4.7,6.2,4.4,2.7,8.7,0.7
2019,Minas Gerais,Rural,Total,95.3,97.8,90.6,99.4,99,96.2,98.1,96.8,88.2,89.4,91.2,94.4,91.4,86.2,93,96.1,--,--,4,2,7.9,0.4,0.9,3.6,1.7,3,10.7,9.1,6.9,3.8,5.9,10.1,4.6,2.3,--,--,0.7,0.2,1.5,0.2,0.1,0.2,0.2,0.2,1.1,1.5,1.9,1.8,2.7,3.7,2.4,1.6,--,--
2019,Minas Gerais,Total,Federal,94.8,96,94,100,96.3,94.8,95.3,94.1,94.2,92.7,93,96,90.8,86.4,92.7,95.1,99,88.3,5.1,3.9,5.9,0,3.7,4.7,4.7,5.9,5.8,7.3,6.5,4,8.7,12.9,6.9,4.4,0,11.5,0.1,0.1,0.1,0,0,0.5,0,0,0,0,0.5,0,0.5,0.7,0.4,0.5,1,0.2
2019,Minas Gerais,Urbana,Federal,94.8,96,94,100,96.3,94.8,95.3,94.1,94.2,92.7,93,96,90.3,85.9,92,95,99,88.3,5.1,3.9,5.9,0,3.7,4.7,4.7,5.9,5.8,7.3,6.5,4,9.1,13.4,7.6,4.6,0,11.5,0.1,0.1,0.1,0,0,0.5,0,0,0,0,0.5,0,0.6,0.7,0.4,0.4,1,0.2
2019,Minas Gerais,Rural,Federal,--,--,--,--,--,--,--,--,--,--,--,--,92.4,88.1,95,95.5,--,--,--,--,--,--,--,--,--,--,--,--,--,--,7.1,11.3,4.8,3.9,--,--,--,--,--,--,--,--,--,--,--,--,--,--,0.5,0.6,0.2,0.6,--,--
2019,Minas Gerais,Total,Estadual,91.7,99.5,87.7,99.7,99.6,99.5,99.6,99.3,86.9,86.8,87.9,89.6,82.8,74.9,85.8,90.9,85.4,--,7.2,0.3,10.7,0.1,0.2,0.4,0.2,0.5,11.9,11.7,10.3,8.3,11.9,18.1,9.2,6,5.8,--,1.1,0.2,1.6,0.2,0.2,0.1,0.2,0.2,1.2,1.5,1.8,2.1,5.3,7,5,3.1,8.8,--
2019,Minas Gerais,Urbana,Estadual,91.6,99.6,87.6,99.7,99.7,99.5,99.6,99.3,86.9,86.7,87.8,89.5,82.6,74.7,85.7,90.8,85.4,--,7.3,0.3,10.8,0.1,0.2,0.3,0.2,0.5,11.9,11.8,10.4,8.4,12,18.3,9.3,6.1,5.8,--,1.1,0.1,1.6,0.2,0.1,0.2,0.2,0.2,1.2,1.5,1.8,2.1,5.4,7,5,3.1,8.8,--
2019,Minas Gerais,Rural,Estadual,93.7,98.7,90.2,99.5,98.4,98.8,98.7,98.3,88.4,89.8,89.8,93.3,90.6,84.6,91.9,96.1,--,--,5.3,1,8.2,0.2,1.4,1.1,0.9,1.3,10.6,8.8,8,4.8,5.8,10.3,4.8,1.8,--,--,1,0.3,1.6,0.3,0.2,0.1,0.4,0.4,1,1.4,2.2,1.9,3.6,5.1,3.3,2.1,--,--
2019,Minas Gerais,Total,Municipal,94.9,97.1,89,99.2,98.5,94.2,97.7,96.3,86.9,87.6,90.6,92.2,90.4,84.6,90.9,96.2,92.9,--,4.7,2.7,9.8,0.7,1.4,5.6,2.1,3.5,12.1,11.2,8,6.5,7.3,12.5,6.5,2.5,0,--,0.4,0.2,1.2,0.1,0.1,0.2,0.2,0.2,1,1.2,1.4,1.3,2.3,2.9,2.6,1.3,7.1,--
2019,Minas Gerais,Urbana,Municipal,94.8,97.1,88.7,99.1,98.4,94,97.7,96.3,86.8,87.4,90.5,91.8,90.4,84.9,90.8,96.1,92.9,--,4.8,2.8,10.1,0.7,1.5,5.8,2.1,3.5,12.2,11.4,8.2,7,7.4,12.3,6.6,2.6,0,--,0.4,0.1,1.2,0.2,0.1,0.2,0.2,0.2,1,1.2,1.3,1.2,2.2,2.8,2.6,1.3,7.1,--
2019,Minas Gerais,Rural,Municipal,95.8,97.7,90.8,99.3,99.1,95.8,98,96.5,88.1,89.1,92,95.3,89.6,75.5,93.5,100,--,--,3.7,2.1,7.7,0.4,0.8,4.1,1.9,3.3,10.9,9.4,6.3,3.1,6.7,17,3.2,0,--,--,0.5,0.2,1.5,0.3,0.1,0.1,0.1,0.2,1,1.5,1.7,1.6,3.7,7.5,3.3,0,--,--
2019,Minas Gerais,Total,Privada,98.3,99.3,96.9,99.6,99.6,99.3,99,99.1,97.3,96.8,96.9,96.4,95.7,93.4,96.3,97.9,95,95.4,1.7,0.7,3.1,0.3,0.4,0.7,1,0.8,2.7,3.1,3.1,3.5,4.1,6.4,3.4,2,0,3.1,0,0,0,0.1,0,0,0,0.1,0,0.1,0,0.1,0.2,0.2,0.3,0.1,5,1.5
2019,Minas Gerais,Urbana,Privada,98.3,99.3,96.9,99.6,99.6,99.3,99,99.1,97.3,96.8,96.9,96.4,95.7,93.3,96.3,97.9,95,95.4,1.7,0.7,3.1,0.3,0.4,0.7,1,0.8,2.7,3.2,3.1,3.5,4.1,6.4,3.5,2,0,3.1,0,0,0,0.1,0,0,0,0.1,0,0,0,0.1,0.2,0.3,0.2,0.1,5,1.5
2019,Minas Gerais,Rural,Privada,93.4,99.6,90.4,100,100,100,97.8,100,91.3,91,91.4,88.4,96.5,95.1,97.3,97.5,--,--,5.2,0.4,7.6,0,0,0,2.2,0,7.8,6.3,6.5,9.1,2.3,3.7,1.6,1.4,--,--,1.4,0,2,0,0,0,0,0,0.9,2.7,2.1,2.5,1.2,1.2,1.1,1.1,--,--
2019,Minas Gerais,Total,Pública,93.3,97.9,88.1,99.3,98.8,95.8,98.3,97.3,86.9,87,88.7,90.4,83.2,75.4,86.1,91.1,85.7,88.3,5.9,2,10.4,0.5,1.1,4.1,1.5,2.5,12,11.5,9.6,7.8,11.7,17.9,9.1,5.9,5.7,11.5,0.8,0.1,1.5,0.2,0.1,0.1,0.2,0.2,1.1,1.5,1.7,1.8,5.1,6.7,4.8,3,8.6,0.2
2019,Minas Gerais,Urbana,Pública,93.2,97.9,88,99.3,98.8,95.8,98.3,97.3,86.9,86.9,88.6,90.1,82.9,75.1,85.9,90.9,85.7,88.3,6,2,10.6,0.5,1.1,4.1,1.5,2.5,12,11.7,9.8,8,11.9,18.1,9.3,6,5.7,11.5,0.8,0.1,1.4,0.2,0.1,0.1,0.2,0.2,1.1,1.4,1.6,1.9,5.2,6.8,4.8,3.1,8.6,0.2
2019,Minas Gerais,Rural,Pública,95.3,97.8,90.6,99.4,99,96.2,98.1,96.8,88.2,89.3,91.2,94.5,91.1,85.5,92.7,96,--,--,4,2,7.9,0.4,0.9,3.7,1.7,3,10.8,9.2,6.9,3.8,6.2,10.6,4.8,2.4,--,--,0.7,0.2,1.5,0.2,0.1,0.1,0.2,0.2,1,1.5,1.9,1.7,2.7,3.9,2.5,1.6,--,--
2019,Espírito Santo,Total,Total,92.4,95.2,88.9,98.8,98,90.2,93.8,95.7,85.9,87,90,93.9,88.8,83.1,90.3,96.2,94.3,99.1,7.1,4.6,10.3,1,1.9,9.6,5.9,4.1,13.1,12.1,9.2,5.4,9.1,14.5,7.6,2.5,3,0,0.5,0.2,0.8,0.2,0.1,0.2,0.3,0.2,1,0.9,0.8,0.7,2.1,2.4,2.1,1.3,2.7,0.9
2019,Espírito Santo,Urbana,Total,92.4,95.3,88.8,98.8,97.9,90.6,93.9,95.7,85.9,87,89.9,93.6,88.7,82.8,90.2,96.3,94.5,99.1,7.1,4.5,10.3,1,1.9,9.2,5.9,4.1,13.1,12.1,9.3,5.6,9.3,14.8,7.7,2.5,2.9,0,0.5,0.2,0.9,0.2,0.2,0.2,0.2,0.2,1,0.9,0.8,0.8,2,2.4,2.1,1.2,2.6,0.9
2019,Espírito Santo,Rural,Total,92.7,94.5,89.6,98.7,98.5,87.7,93.4,95.8,86.1,86.8,90.9,96.7,91.9,89.3,91.9,95.6,93.4,--,6.9,5.3,9.6,1.1,1.3,12.2,6.4,4,13.3,12.3,8.1,2.9,6.3,8.4,6.9,3.1,3.7,--,0.4,0.2,0.8,0.2,0.2,0.1,0.2,0.2,0.6,0.9,1,0.4,1.8,2.3,1.2,1.3,2.9,--
2019,Espírito Santo,Total,Federal,--,--,--,--,--,--,--,--,--,--,--,--,90.2,88.6,88.3,91.9,94.1,99.1,--,--,--,--,--,--,--,--,--,--,--,--,8.5,10.7,10.6,6.5,2.8,0,--,--,--,--,--,--,--,--,--,--,--,--,1.3,0.7,1.1,1.6,3.1,0.9
2019,Espírito Santo,Urbana,Federal,--,--,--,--,--,--,--,--,--,--,--,--,90.6,88.9,88.8,92.1,94.1,99.1,--,--,--,--,--,--,--,--,--,--,--,--,8.1,10.5,10.1,6.3,2.9,0,--,--,--,--,--,--,--,--,--,--,--,--,1.3,0.6,1.1,1.6,3,0.9
2019,Espírito Santo,Rural,Federal,--,--,--,--,--,--,--,--,--,--,--,--,88.4,87.6,86.1,91.1,94.3,--,--,--,--,--,--,--,--,--,--,--,--,--,10.1,11.7,12.6,7,1.4,--,--,--,--,--,--,--,--,--,--,--,--,--,1.5,0.7,1.3,1.9,4.3,--
2019,Espírito Santo,Total,Estadual,91.4,95.9,89.5,98.7,99.1,92.1,94.6,96,87.4,87.8,90.5,92.9,87.6,81.4,89.3,96.1,96.2,--,8,4,9.6,0.9,0.8,7.9,5.3,3.9,11.6,11.3,8.8,6.2,10.1,15.9,8.2,2.5,2.8,--,0.6,0.1,0.9,0.4,0.1,0,0.1,0.1,1,0.9,0.7,0.9,2.3,2.7,2.5,1.4,1,--
2019,Espírito Santo,Urbana,Estadual,91.2,95.7,89.5,98.6,99,92.1,94.2,95.9,87.4,87.8,90.4,92.8,87.4,81.2,89.2,96,96.2,--,8.1,4.1,9.6,1,0.9,7.8,5.6,3.9,11.7,11.3,8.8,6.3,10.3,16.1,8.2,2.5,2.8,--,0.7,0.2,0.9,0.4,0.1,0.1,0.2,0.2,0.9,0.9,0.8,0.9,2.3,2.7,2.6,1.5,1,--
2019,Espírito Santo,Rural,Estadual,93.4,96.6,90.1,99.7,99.8,91.6,97,96.5,88.6,87.4,91.4,94.1,93.4,89.3,94.3,99.2,--,--,6.4,3.4,9.4,0.3,0.2,8.4,3,3.5,11.1,12.1,8.1,5.4,5.1,8.4,4.7,0.3,--,--,0.2,0,0.5,0,0,0,0,0,0.3,0.5,0.5,0.5,1.5,2.3,1,0.5,--,--
2019,Espírito Santo,Total,Municipal,91.5,94.3,86.5,98.6,97.5,88.4,92.8,95,82.6,84.3,88,93.6,97.5,100,100,88.9,--,--,7.9,5.4,12.5,1.2,2.3,11.3,6.9,4.7,16.2,14.5,11,5.6,2.5,0,0,11.1,--,--,0.6,0.3,1,0.2,0.2,0.3,0.3,0.3,1.2,1.2,1,0.8,0,0,0,0,--,--
2019,Espírito Santo,Urbana,Municipal,91.4,94.3,86.1,98.6,97.4,88.6,92.8,94.9,82.3,84.1,87.6,93.1,--,--,--,--,--,--,8,5.4,12.8,1.1,2.4,11.1,6.9,4.8,16.4,14.8,11.4,6.1,--,--,--,--,--,--,0.6,0.3,1.1,0.3,0.2,0.3,0.3,0.3,1.3,1.1,1,0.8,--,--,--,--,--,--
2019,Espírito Santo,Rural,Municipal,92.6,94.2,89.2,98.6,98.3,87.1,92.9,95.6,84.9,86.3,90.5,97.4,97.5,100,100,88.9,--,--,7,5.5,10,1.2,1.5,12.7,6.9,4,14.4,12.8,8.2,2.2,2.5,0,0,11.1,--,--,0.4,0.3,0.8,0.2,0.2,0.2,0.2,0.4,0.7,0.9,1.3,0.4,0,0,0,0,--,--
2019,Espírito Santo,Total,Privada,98.7,99.6,97.5,99.9,99.9,99.5,99.5,99.2,97.6,97.3,97.4,97.6,96.5,93.8,96.9,99.3,93,--,1.3,0.4,2.5,0.1,0.1,0.5,0.5,0.8,2.3,2.7,2.6,2.4,3.2,5.7,2.8,0.5,4.7,--,0,0,0,0,0,0,0,0,0.1,0,0,0,0.3,0.5,0.3,0.2,2.3,--
2019,Espírito Santo,Urbana,Privada,98.8,99.6,97.6,99.9,99.9,99.5,99.5,99.2,97.7,97.4,97.6,97.6,96.7,94,97.1,99.6,--,--,1.2,0.4,2.4,0.1,0.1,0.5,0.5,0.8,2.3,2.6,2.4,2.4,3.1,5.8,2.7,0.4,--,--,0,0,0,0,0,0,0,0,0,0,0,0,0.2,0.2,0.2,0,--,--
2019,Espírito Santo,Rural,Privada,95.1,--,95.1,--,--,--,--,--,96.3,93.7,93.2,98,93.4,91.4,95,94.7,93,--,4,--,4,--,--,--,--,--,3.3,4.9,5.3,2,3.7,4,3.3,2.6,4.7,--,0.9,--,0.9,--,--,--,--,--,0.4,1.4,1.5,0,2.9,4.6,1.7,2.7,2.3,--
2019,Espírito Santo,Total,Pública,91.5,94.5,87.6,98.6,97.6,88.9,93,95.1,84.3,85.6,88.9,93.3,87.8,81.9,89.3,95.7,94.4,99.1,7.9,5.3,11.4,1.1,2.2,10.9,6.7,4.6,14.6,13.3,10.1,5.9,10,15.6,8.4,2.8,2.8,0,0.6,0.2,1,0.3,0.2,0.2,0.3,0.3,1.1,1.1,1,0.8,2.2,2.5,2.3,1.5,2.8,0.9
2019,Espírito Santo,Urbana,Pública,91.3,94.5,87.5,98.6,97.5,89.1,93,95.1,84.2,85.6,88.7,92.9,87.6,81.6,89.2,95.7,94.5,99.1,8.1,5.2,11.5,1.1,2.3,10.7,6.7,4.7,14.7,13.4,10.3,6.2,10.1,15.8,8.4,2.8,2.9,0,0.6,0.3,1,0.3,0.2,0.2,0.3,0.2,1.1,1,1,0.9,2.3,2.6,2.4,1.5,2.6,0.9
2019,Espírito Santo,Rural,Pública,92.7,94.5,89.4,98.7,98.5,87.7,93.4,95.8,85.7,86.5,90.7,96.6,91.4,88.8,90.8,95.7,94.3,--,6.9,5.3,9.9,1.1,1.3,12.2,6.4,4,13.7,12.7,8.2,2.9,7.1,9.4,8.1,3.2,1.4,--,0.4,0.2,0.7,0.2,0.2,0.1,0.2,0.2,0.6,0.8,1.1,0.5,1.5,1.8,1.1,1.1,4.3,--
2019,Rio de Janeiro,Total,Total,90.9,92.9,88.2,94.5,94.8,88.5,92.5,94.7,86.3,86.8,89.1,91.4,81.7,73.7,83.2,91.6,90.5,90.4,8.1,6.5,10.3,4.7,4.8,10.9,6.9,4.7,12,11.8,9.4,7.2,12.5,18.8,11.2,4.8,8.4,8.1,1,0.6,1.5,0.8,0.4,0.6,0.6,0.6,1.7,1.4,1.5,1.4,5.8,7.5,5.6,3.6,1.1,1.5
2019,Rio de Janeiro,Urbana,Total,91.1,93.2,88.4,94.7,95.1,89,92.8,94.9,86.7,87,89.2,91.4,81.5,73.5,83.1,91.6,90.5,90.4,7.9,6.2,10.1,4.5,4.5,10.5,6.7,4.5,11.7,11.6,9.3,7.1,12.6,18.9,11.2,4.9,8.4,8.1,1,0.6,1.5,0.8,0.4,0.5,0.5,0.6,1.6,1.4,1.5,1.5,5.9,7.6,5.7,3.5,1.1,1.5
2019,Rio de Janeiro,Rural,Total,87,88.8,83.7,91.7,90.1,82.3,89.2,91.4,78.8,82.8,86.3,89.7,86.8,81.2,87.6,93.8,--,--,12.1,10.8,14.6,7.8,9.5,17.4,10.4,8,19.4,15.8,12,8.6,9.3,13.7,8.5,3.7,--,--,0.9,0.4,1.7,0.5,0.4,0.3,0.4,0.6,1.8,1.4,1.7,1.7,3.9,5.1,3.9,2.5,--,--
2019,Rio de Janeiro,Total,Federal,94.9,96.8,93.6,95.9,96.9,96.4,98.3,96,93.7,94.3,92.2,94.4,85.8,79.9,84.8,93.9,87,86.5,4.7,2.9,5.8,4,2.8,3,1.7,3.5,5.6,5.5,7.6,4.7,12.1,17.7,12.7,5,12.1,11.4,0.4,0.3,0.6,0.1,0.3,0.6,0,0.5,0.7,0.2,0.2,0.9,2.1,2.4,2.5,1.1,0.9,2.1
2019,Rio de Janeiro,Urbana,Federal,94.9,96.8,93.6,95.9,96.9,96.4,98.3,96,93.7,94.3,92.2,94.4,86,80,84.9,94.1,87,86.5,4.7,2.9,5.8,4,2.8,3,1.7,3.5,5.6,5.5,7.6,4.7,12,17.6,12.6,4.8,12.1,11.4,0.4,0.3,0.6,0.1,0.3,0.6,0,0.5,0.7,0.2,0.2,0.9,2,2.4,2.5,1.1,0.9,2.1
2019,Rio de Janeiro,Rural,Federal,--,--,--,--,--,--,--,--,--,--,--,--,83,78.2,82.7,89.4,--,--,--,--,--,--,--,--,--,--,--,--,--,--,14.6,20,13.7,8.8,--,--,--,--,--,--,--,--,--,--,--,--,--,--,2.4,1.8,3.6,1.8,--,--
2019,Rio de Janeiro,Total,Estadual,81.2,89.9,81.1,95.9,89.3,87.4,88.8,89.3,81.2,78.4,81.1,83.1,78.1,69.5,80.1,89.7,--,83.6,15.5,9.7,15.6,3.6,10.2,11.6,11.2,10.3,15.6,18.8,15.6,13.1,14.5,21.2,12.8,5.7,--,16.4,3.3,0.4,3.3,0.5,0.5,1,0,0.4,3.2,2.8,3.3,3.8,7.4,9.3,7.1,4.6,--,0
2019,Rio de Janeiro,Urbana,Estadual,81.1,89.9,81,95.8,89.3,87.4,88.8,89.3,81.3,78.3,81,83.1,77.8,69.1,79.8,89.6,--,83.6,15.6,9.7,15.6,3.6,10.2,11.6,11.2,10.3,15.5,18.9,15.7,13,14.7,21.4,12.9,5.8,--,16.4,3.3,0.4,3.4,0.6,0.5,1,0,0.4,3.2,2.8,3.3,3.9,7.5,9.5,7.3,4.6,--,0
2019,Rio de Janeiro,Rural,Estadual,82.1,100,82,100,--,--,--,--,80.4,81.6,82.8,83.4,86.4,80.7,87.3,93.7,--,--,15,0,15.1,0,--,--,--,--,16.9,16.5,13.8,13.1,9.3,13.9,8.6,3.6,--,--,2.9,0,2.9,0,--,--,--,--,2.7,1.9,3.4,3.5,4.3,5.4,4.1,2.7,--,--
2019,Rio de Janeiro,Total,Municipal,89.4,90.8,87,94.1,93.2,84.6,90.1,93.2,83.3,85,88.8,93.1,80.7,73,83,88.7,100,--,9.6,8.5,11.4,5,6.2,14.7,9.2,6.1,14.7,13.3,9.7,5.8,13.4,19.6,10.9,7.8,0,--,1,0.7,1.6,0.9,0.6,0.7,0.7,0.7,2,1.7,1.5,1.1,5.9,7.4,6.1,3.5,0,--
2019,Rio de Janeiro,Urbana,Municipal,89.6,91.1,87.3,94.4,93.6,84.9,90.3,93.4,83.8,85.2,89,93.1,80.7,73,83,88.7,100,--,9.3,8.2,11.1,4.7,5.8,14.4,9,5.9,14.3,13.1,9.6,5.7,13.4,19.6,10.9,7.8,0,--,1.1,0.7,1.6,0.9,0.6,0.7,0.7,0.7,1.9,1.7,1.4,1.2,5.9,7.4,6.1,3.5,0,--
2019,Rio de Janeiro,Rural,Municipal,86.8,88.3,83.3,91.4,89.7,81.4,88.7,91.1,77.4,82.2,86.7,91.4,--,--,--,--,--,--,12.4,11.2,15.3,8,9.9,18.2,10.8,8.3,20.9,16.5,12,7.4,--,--,--,--,--,--,0.8,0.5,1.4,0.6,0.4,0.4,0.5,0.6,1.7,1.3,1.3,1.2,--,--,--,--,--,--
2019,Rio de Janeiro,Total,Privada,96.8,97.6,95.5,95.4,97.9,98.2,98.3,98.4,96,95.3,95.6,95.1,94.4,91.1,94.9,97.9,97.7,98.1,3,2.2,4.3,4.2,1.9,1.7,1.6,1.5,3.8,4.5,4.2,4.7,5.2,8.5,4.8,1.9,0.5,1.3,0.2,0.2,0.2,0.4,0.2,0.1,0.1,0.1,0.2,0.2,0.2,0.2,0.4,0.4,0.3,0.2,1.8,0.6
2019,Rio de Janeiro,Urbana,Privada,96.8,97.6,95.5,95.4,98,98.2,98.3,98.4,96,95.3,95.6,95.1,94.4,91.1,94.9,97.9,97.7,98.1,3,2.2,4.3,4.2,1.9,1.7,1.6,1.5,3.8,4.5,4.2,4.7,5.2,8.5,4.9,1.9,0.5,1.3,0.2,0.2,0.2,0.4,0.1,0.1,0.1,0.1,0.2,0.2,0.2,0.2,0.4,0.4,0.2,0.2,1.8,0.6
2019,Rio de Janeiro,Rural,Privada,96.2,96.7,95.3,95,96.7,97.5,97.1,97.3,94.8,94.1,95.1,97.7,97.1,94.7,97.9,99.5,--,--,3.6,3.1,4.6,4.5,3,2.5,2.7,2.7,5.2,5.7,4.7,2.3,2.8,5.3,1.7,0.5,--,--,0.2,0.2,0.1,0.5,0.3,0,0.2,0,0,0.2,0.2,0,0.1,0,0.4,0,--,--
2019,Rio de Janeiro,Total,Pública,88.5,90.9,85.6,94.1,93.2,84.6,90.2,93.2,82.9,83.7,86.8,89.8,78.5,69.8,80.3,89.9,87.4,86.5,10.2,8.4,12.4,5,6.2,14.7,9.1,6.1,14.9,14.4,11.3,8.2,14.4,21.1,12.8,5.7,11.7,11.4,1.3,0.7,2,0.9,0.6,0.7,0.7,0.7,2.2,1.9,1.9,2,7.1,9.1,6.9,4.4,0.9,2.1
2019,Rio de Janeiro,Urbana,Pública,88.6,91.1,85.7,94.4,93.6,84.9,90.3,93.4,83.2,83.8,86.9,89.8,78.2,69.5,80,89.7,87.4,86.5,10,8.2,12.3,4.7,5.8,14.3,9,5.9,14.5,14.3,11.2,8.1,14.5,21.3,12.9,5.7,11.7,11.4,1.4,0.7,2,0.9,0.6,0.8,0.7,0.7,2.3,1.9,1.9,2.1,7.3,9.2,7.1,4.6,0.9,2.1
2019,Rio de Janeiro,Rural,Pública,86.4,88.3,83,91.4,89.7,81.4,88.7,91.1,77.9,82.1,85.8,89.1,86.2,80.5,87,93.5,--,--,12.6,11.2,15.2,8,9.9,18.2,10.8,8.3,20.2,16.5,12.4,9.1,9.6,14.2,8.9,3.9,--,--,1,0.5,1.8,0.6,0.4,0.4,0.5,0.6,1.9,1.4,1.8,1.8,4.2,5.3,4.1,2.6,--,--
2019,São Paulo,Total,Total,97.5,98.5,96.2,99.4,98.9,96.3,99,98.8,96,96.9,96.7,95.1,92.3,89.4,91.7,95.9,97.7,96.1,2.1,1.4,3.1,0.4,0.9,3.6,0.9,1,3.4,2.5,2.6,3.9,5.7,8,6,2.8,1.5,3,0.4,0.1,0.7,0.2,0.2,0.1,0.1,0.2,0.6,0.6,0.7,1,2,2.6,2.3,1.3,0.8,0.9
2019,São Paulo,Urbana,Total,97.5,98.5,96.2,99.4,98.9,96.3,99,98.8,96,96.9,96.6,95.1,92.2,89.3,91.7,95.9,97.7,95.1,2.1,1.4,3.1,0.4,0.9,3.5,0.9,1,3.4,2.5,2.6,3.9,5.7,8.1,6,2.9,1.5,3.9,0.4,0.1,0.7,0.2,0.2,0.2,0.1,0.2,0.6,0.6,0.8,1,2.1,2.6,2.3,1.2,0.8,1
2019,São Paulo,Rural,Total,97.6,97.8,97.2,99.5,98.5,94.8,98.4,98,97.1,97.3,97.5,96.9,95.8,94.1,95.5,97.9,--,98.4,2.2,2.2,2.4,0.4,1.5,5.2,1.5,1.9,2.7,2.4,2.1,2.4,3.2,4.9,3.2,1.3,--,1.1,0.2,0,0.4,0.1,0,0,0.1,0.1,0.2,0.3,0.4,0.7,1,1,1.3,0.8,--,0.5
2019,São Paulo,Total,Federal,99.1,99.1,--,100,98,100,100,97.8,--,--,--,--,96.1,94.6,96,97.8,98,98.3,0.9,0.9,--,0,2,0,0,2.2,--,--,--,--,3.4,4.7,3.4,2,1.7,0.8,0,0,--,0,0,0,0,0,--,--,--,--,0.5,0.7,0.6,0.2,0.3,0.9
2019,São Paulo,Urbana,Federal,99.1,99.1,--,100,98,100,100,97.8,--,--,--,--,96.1,94.6,96,97.8,98,98.3,0.9,0.9,--,0,2,0,0,2.2,--,--,--,--,3.4,4.7,3.4,2,1.7,0.8,0,0,--,0,0,0,0,0,--,--,--,--,0.5,0.7,0.6,0.2,0.3,0.9
2019,São Paulo,Total,Estadual,96.9,99,95.9,99.2,99.5,97.4,99.5,99.6,95.7,97.6,96.9,93.4,91.1,88,90.2,95.3,--,95.9,2.4,0.7,3.2,0.3,0.2,2.4,0.2,0.2,3.5,1.6,2.2,5.2,6.4,8.9,7,3.3,--,3.2,0.7,0.3,0.9,0.5,0.3,0.2,0.3,0.2,0.8,0.8,0.9,1.4,2.5,3.1,2.8,1.4,--,0.9
2019,São Paulo,Urbana,Estadual,96.9,99,95.9,99.2,99.5,97.4,99.5,99.6,95.7,97.6,96.9,93.4,91,87.9,90.1,95.2,--,94.5,2.4,0.7,3.2,0.3,0.2,2.4,0.2,0.2,3.6,1.7,2.2,5.3,6.5,8.9,7,3.3,--,4.4,0.7,0.3,0.9,0.5,0.3,0.2,0.3,0.2,0.7,0.7,0.9,1.3,2.5,3.2,2.9,1.5,--,1.1
2019,São Paulo,Rural,Estadual,98.3,99.7,97.9,99.7,100,99.1,99.9,99.7,98.1,98.9,98.2,96.4,95.8,94.2,95.5,97.8,--,98.4,1.3,0.3,1.6,0.1,0,0.9,0,0.2,1.6,0.8,1.2,2.8,3.1,4.7,3.1,1.3,--,1.1,0.4,0,0.5,0.2,0,0,0.1,0.1,0.3,0.3,0.6,0.8,1.1,1.1,1.4,0.9,--,0.5
2019,São Paulo,Total,Municipal,97.2,97.9,95,99.3,98.4,94.9,98.7,98.4,94.6,94,94.8,96.8,94,91.8,94.2,96.2,96.9,--,2.5,1.9,4.3,0.5,1.4,4.9,1.2,1.4,4.8,5.3,4.4,2.4,5,7.2,4.7,2.7,1,--,0.3,0.2,0.7,0.2,0.2,0.2,0.1,0.2,0.6,0.7,0.8,0.8,1,1,1.1,1.1,2.1,--
2019,São Paulo,Urbana,Municipal,97.2,97.9,95,99.3,98.4,95,98.7,98.5,94.6,94,94.7,96.8,94,91.9,94.1,96.2,96.9,--,2.5,1.9,4.3,0.5,1.4,4.9,1.2,1.4,4.8,5.3,4.4,2.5,5,7.2,4.7,2.7,1,--,0.3,0.2,0.7,0.2,0.2,0.1,0.1,0.1,0.6,0.7,0.9,0.7,1,0.9,1.2,1.1,2.1,--
2019,São Paulo,Rural,Municipal,97.3,97.5,96,99.5,98.4,94.1,98.1,97.8,95.2,94.9,96.6,97.6,95.6,90.9,98.4,98.6,--,--,2.7,2.5,3.7,0.5,1.6,5.9,1.8,2.2,4.7,4.8,3.2,1.9,3.8,7.4,1.6,1.4,--,--,0,0,0.3,0,0,0,0.1,0,0.1,0.3,0.2,0.5,0.6,1.7,0,0,--,--
2019,São Paulo,Total,Privada,99,99.4,98.4,99.8,99.6,99.1,99.3,99.2,98.4,98.3,98.2,98.5,97.7,95.9,98.2,99.4,98.4,96.7,1,0.6,1.6,0.2,0.4,0.9,0.7,0.8,1.6,1.7,1.8,1.5,2.3,4,1.8,0.6,1.6,3.3,0,0,0,0,0,0,0,0,0,0,0,0,0,0.1,0,0,0,0
2019,São Paulo,Urbana,Privada,99,99.4,98.4,99.8,99.6,99.1,99.3,99.2,98.4,98.3,98.2,98.5,97.8,96,98.2,99.4,98.4,96.7,1,0.6,1.6,0.2,0.4,0.9,0.7,0.8,1.6,1.7,1.8,1.5,2.2,4,1.8,0.6,1.6,3.3,0,0,0,0,0,0,0,0,0,0,0,0,0,0,0,0,0,0
2019,São Paulo,Rural,Privada,97.9,98.8,96.4,99.7,98,98,99.2,99.1,97.5,94.8,94.6,98.7,95.5,92.8,95.2,98.6,--,--,2.1,1.1,3.6,0.3,1.8,2,0.7,0.9,2.3,5.2,5.4,1.3,4.2,6.8,4.3,1.4,--,--,0,0.1,0,0,0.2,0,0.1,0,0.2,0,0,0,0.3,0.4,0.5,0,--,--
2019,São Paulo,Total,Pública,97.1,98.2,95.7,99.3,98.7,95.6,98.9,98.7,95.4,96.6,96.3,94.3,91.2,88.1,90.3,95.3,97.6,96.1,2.4,1.6,3.5,0.5,1.1,4.3,1,1.1,3.9,2.7,2.8,4.5,6.4,8.8,6.9,3.3,1.5,3,0.5,0.2,0.8,0.2,0.2,0.1,0.1,0.2,0.7,0.7,0.9,1.2,2.4,3.1,2.8,1.4,0.9,0.9
2019,São Paulo,Urbana,Pública,97.1,98.2,95.6,99.3,98.7,95.6,98.9,98.8,95.4,96.5,96.3,94.3,91.1,88,90.2,95.2,97.6,95,2.4,1.6,3.5,0.5,1.1,4.3,0.9,1.1,3.9,2.7,2.8,4.5,6.4,8.9,7,3.3,1.5,3.9,0.5,0.2,0.9,0.2,0.2,0.1,0.2,0.1,0.7,0.8,0.9,1.2,2.5,3.1,2.8,1.5,0.9,1.1
2019,São Paulo,Rural,Pública,97.6,97.7,97.3,99.5,98.6,94.6,98.3,98,97.1,97.5,97.7,96.8,95.8,94.1,95.6,97.8,--,98.4,2.3,2.3,2.3,0.5,1.4,5.4,1.6,2,2.7,2.1,1.8,2.5,3.1,4.8,3.1,1.3,--,1.1,0.1,0,0.4,0,0,0,0.1,0,0.2,0.4,0.5,0.7,1.1,1.1,1.3,0.9,--,0.5
2019,Paraná,Total,Total,94.5,96.2,92.5,98.4,94.4,93.3,96.6,98.6,92.9,92.1,91.9,93,89.1,84.9,89.8,93.5,95.5,90.8,5,3.7,6.6,1.5,5.6,6.7,3.3,1.3,6.4,7.1,7.2,5.8,7.8,11.5,7.2,4,3.5,4.2,0.5,0.1,0.9,0.1,0,0,0.1,0.1,0.7,0.8,0.9,1.2,3.1,3.6,3,2.5,1,5
2019,Paraná,Urbana,Total,94.5,96.4,92.4,98.5,94.5,93.5,96.8,98.7,92.8,92,91.8,92.9,89,84.7,89.7,93.4,95.5,90.8,5,3.6,6.8,1.5,5.5,6.4,3.2,1.2,6.5,7.2,7.3,5.9,8,11.6,7.3,4.1,3.5,4.2,0.5,0,0.8,0,0,0.1,0,0.1,0.7,0.8,0.9,1.2,3,3.7,3,2.5,1,5
2019,Paraná,Rural,Total,94.6,94.5,94.8,97.6,93.2,90.5,94.4,97.1,95.3,93.7,94.5,95.7,92.7,90,93.1,96,88.9,--,5,5.4,4.5,2.3,6.8,9.5,5.4,2.8,4.3,5.5,4.7,3.4,5.1,7.6,4.6,2.2,11.1,--,0.4,0.1,0.7,0.1,0,0,0.2,0.1,0.4,0.8,0.8,0.9,2.2,2.4,2.3,1.8,0,--
2019,Paraná,Total,Federal,95.1,--,95.1,--,--,--,--,--,93.6,97.4,100,89.7,92.8,91.6,93.8,94.4,91.8,90.8,4.9,--,4.9,--,--,--,--,--,6.4,2.6,0,10.3,6.2,7.9,5.7,4.7,7.3,4.2,0,--,0,--,--,--,--,--,0,0,0,0,1,0.5,0.5,0.9,0.9,5
2019,Paraná,Urbana,Federal,95.1,--,95.1,--,--,--,--,--,93.6,97.4,100,89.7,92.6,91.5,93.6,94.2,91.8,90.8,4.9,--,4.9,--,--,--,--,--,6.4,2.6,0,10.3,6.3,8,5.8,4.9,7.3,4.2,0,--,0,--,--,--,--,--,0,0,0,0,1.1,0.5,0.6,0.9,0.9,5
2019,Paraná,Rural,Federal,--,--,--,--,--,--,--,--,--,--,--,--,96.4,93.5,97,100,--,--,--,--,--,--,--,--,--,--,--,--,--,--,3.6,6.5,3,0,--,--,--,--,--,--,--,--,--,--,--,--,--,--,0,0,0,0,--,--
2019,Paraná,Total,Estadual,91.5,89.8,91.6,90,89.6,89.8,91.7,88,92,91.2,90.9,92.2,87.6,83.1,88.4,92.5,96,--,7.5,9.8,7.4,9.8,10.3,9.9,7.5,11.4,7.2,8,8,6.5,8.8,12.6,8.1,4.6,2.9,--,1,0.4,1,0.2,0.1,0.3,0.8,0.6,0.8,0.8,1.1,1.3,3.6,4.3,3.5,2.9,1.1,--
2019,Paraná,Urbana,Estadual,91.4,98.1,91.4,99.3,93.4,98,100,98.9,91.8,91,90.7,92,87.4,82.8,88.1,92.3,96,--,7.6,1.9,7.6,0.7,6.6,2,0,1.1,7.4,8.1,8.2,6.7,8.9,12.9,8.3,4.7,2.9,--,1,0,1,0,0,0,0,0,0.8,0.9,1.1,1.3,3.7,4.3,3.6,3,1.1,--
2019,Paraná,Rural,Estadual,94.3,87.1,94.9,87.2,88.4,87.1,88.8,84.3,95.3,94,94.6,95.6,92.6,89.8,92.9,95.9,88.9,--,5,12.4,4.4,12.6,11.4,12.5,10.2,14.9,4.3,5.3,4.5,3.5,5.2,7.7,4.7,2.3,11.1,--,0.7,0.5,0.7,0.2,0.2,0.4,1,0.8,0.4,0.7,0.9,0.9,2.2,2.5,2.4,1.8,0,--
2019,Paraná,Total,Municipal,95.8,95.8,95.5,98.4,93.8,92.4,96.2,98.5,95.4,94.5,94.9,97.2,--,--,--,--,--,--,4.1,4.1,3.6,1.6,6.2,7.6,3.7,1.4,3.8,4.5,4.2,2,--,--,--,--,--,--,0.1,0.1,0.9,0,0,0,0.1,0.1,0.8,1,0.9,0.8,--,--,--,--,--,--
2019,Paraná,Urbana,Municipal,95.9,95.9,96.2,98.4,93.8,92.5,96.3,98.6,95.9,95.9,95.7,97.2,--,--,--,--,--,--,4,4.1,3.1,1.5,6.2,7.4,3.6,1.3,3.4,3.2,3.5,2.1,--,--,--,--,--,--,0.1,0,0.7,0.1,0,0.1,0.1,0.1,0.7,0.9,0.8,0.7,--,--,--,--,--,--
2019,Paraná,Rural,Municipal,94.8,94.9,87.3,98.2,93.4,90.7,94.7,97.8,91,78.8,84.5,97.5,--,--,--,--,--,--,5.1,5,10.6,1.8,6.6,9.3,5.2,2.1,7.2,18.8,12.9,0.8,--,--,--,--,--,--,0.1,0.1,2.1,0,0,0,0.1,0.1,1.8,2.4,2.6,1.7,--,--,--,--,--,--
2019,Paraná,Total,Privada,98.5,98.9,98,99,98,98.8,99.3,99.3,98.4,98,97.8,97.9,97.2,95.2,97.7,99,99.3,--,1.5,1.1,2,1,2,1.2,0.7,0.7,1.6,2,2.2,2.1,2.7,4.7,2.2,0.9,0.7,--,0,0,0,0,0,0,0,0,0,0,0,0,0.1,0.1,0.1,0.1,0,--
2019,Paraná,Urbana,Privada,98.5,98.9,98,99,98,98.8,99.3,99.3,98.4,98,97.8,97.9,97.2,95.2,97.7,99,99.3,--,1.5,1.1,2,1,2,1.2,0.7,0.7,1.6,2,2.2,2.1,2.7,4.7,2.2,0.9,0.7,--,0,0,0,0,0,0,0,0,0,0,0,0,0.1,0.1,0.1,0.1,0,--
2019,Paraná,Rural,Privada,98.8,98.3,99.2,100,97.1,95.7,98.6,100,100,100,100,97.5,96.3,94,96.9,98.7,--,--,1.2,1.7,0.8,0,2.9,4.3,1.4,0,0,0,0,2.5,3.3,6,2.3,0.7,--,--,0,0,0,0,0,0,0,0,0,0,0,0,0.4,0,0.8,0.6,--,--
2019,Paraná,Total,Pública,93.9,95.8,91.6,98.3,93.7,92.4,96.2,98.5,92,91.2,91,92.3,87.8,83.3,88.5,92.5,95.4,90.8,5.6,4.2,7.4,1.6,6.3,7.6,3.8,1.4,7.2,7.9,7.9,6.4,8.7,12.6,8,4.6,3.6,4.2,0.5,0,1,0.1,0,0,0,0.1,0.8,0.9,1.1,1.3,3.5,4.1,3.5,2.9,1,5
2019,Paraná,Urbana,Pública,93.8,95.9,91.4,98.4,93.8,92.5,96.3,98.6,91.8,91.1,90.8,92.1,87.5,83,88.3,92.3,95.4,90.8,5.7,4.1,7.6,1.5,6.2,7.4,3.6,1.3,7.4,8.1,8.1,6.6,8.9,12.8,8.2,4.7,3.5,4.2,0.5,0,1,0.1,0,0.1,0.1,0.1,0.8,0.8,1.1,1.3,3.6,4.2,3.5,3,1.1,5
2019,Paraná,Rural,Pública,94.6,94.5,94.7,97.6,93.2,90.5,94.4,97.1,95.2,93.7,94.4,95.6,92.6,89.8,93,95.9,88.9,--,5.1,5.4,4.5,2.4,6.8,9.5,5.5,2.8,4.3,5.5,4.7,3.4,5.1,7.7,4.7,2.3,11.1,--,0.3,0.1,0.8,0,0,0,0.1,0.1,0.5,0.8,0.9,1,2.3,2.5,2.3,1.8,0,--
2019,Santa Catarina,Total,Total,93.1,96.5,89.1,99,97.1,93.7,97.5,95.4,88.2,87.4,89,91.9,82,75.4,83.7,89.1,84.6,90.4,6.5,3.4,10.2,0.9,2.8,6.2,2.4,4.5,11.2,12,10.2,7.2,12.9,19.3,11.2,6.1,7.7,6,0.4,0.1,0.7,0.1,0.1,0.1,0.1,0.1,0.6,0.6,0.8,0.9,5.1,5.3,5.1,4.8,7.7,3.6
2019,Santa Catarina,Urbana,Total,93.1,96.5,89,98.9,97.1,93.7,97.5,95.3,88.2,87.4,89,91.8,81.9,75.2,83.6,89,84.9,90.4,6.5,3.4,10.3,0.9,2.8,6.2,2.4,4.5,11.2,12,10.2,7.3,13,19.5,11.3,6.2,7.7,6,0.4,0.1,0.7,0.2,0.1,0.1,0.1,0.2,0.6,0.6,0.8,0.9,5.1,5.3,5.1,4.8,7.4,3.6
2019,Santa Catarina,Rural,Total,94.1,96.9,89.6,99.5,97.6,93.9,97.8,95.8,88.1,87.9,89.3,93.3,86.4,81.7,86.6,92.9,33.3,--,5.6,3,9.7,0.5,2.4,6.1,2.2,4.1,11.4,11.5,9.6,5.9,9.6,14,9.2,3.9,8.3,--,0.3,0.1,0.7,0,0,0,0,0.1,0.5,0.6,1.1,0.8,4,4.3,4.2,3.2,58.4,--
2019,Santa Catarina,Total,Federal,91.8,94.7,88.6,98.3,94.7,92.2,94.7,94.6,92,87,90.9,83.8,91.8,89.6,92.2,93.4,97,90.4,8,5,11.4,0,5.3,7.8,5.3,5.4,8,13,9.1,16.2,6.9,9.5,6.5,5.2,2.3,6,0.2,0.3,0,1.7,0,0,0,0,0,0,0,0,1.3,0.9,1.3,1.4,0.7,3.6
2019,Santa Catarina,Urbana,Federal,91.8,94.7,88.6,98.3,94.7,92.2,94.7,94.6,92,87,90.9,83.8,91.8,89.5,92.7,93,97,90.4,8,5,11.4,0,5.3,7.8,5.3,5.4,8,13,9.1,16.2,6.8,9.6,5.9,5.6,2.3,6,0.2,0.3,0,1.7,0,0,0,0,0,0,0,0,1.4,0.9,1.4,1.4,0.7,3.6
2019,Santa Catarina,Rural,Federal,--,--,--,--,--,--,--,--,--,--,--,--,91.7,91.3,87.2,97.8,--,--,--,--,--,--,--,--,--,--,--,--,--,--,8.1,8.1,12.8,2.2,--,--,--,--,--,--,--,--,--,--,--,--,--,--,0.2,0.6,0,0,--,--
2019,Santa Catarina,Total,Estadual,88.2,94.6,84.2,98.5,98.8,87.9,99.1,90.7,83.1,81.9,84,87.8,79.2,72,81.3,87.3,79.2,--,11.3,5.3,15.1,1.4,1.1,12,0.9,9.2,16.4,17.5,15.2,11.1,14.7,21.8,12.7,6.9,10.1,--,0.5,0.1,0.7,0.1,0.1,0.1,0,0.1,0.5,0.6,0.8,1.1,6.1,6.2,6,5.8,10.7,--
2019,Santa Catarina,Urbana,Estadual,88.1,94.6,84,98.4,98.8,87.8,99.1,90.6,83,81.7,83.9,87.6,79.1,71.8,81.1,87.2,79.6,--,11.4,5.3,15.2,1.5,1.1,12.1,0.8,9.3,16.5,17.7,15.3,11.3,14.9,22,12.9,7,10.1,--,0.5,0.1,0.8,0.1,0.1,0.1,0.1,0.1,0.5,0.6,0.8,1.1,6,6.2,6,5.8,10.3,--
2019,Santa Catarina,Rural,Estadual,90,95.5,86.2,99.4,99,89.2,98.9,92.2,84.7,84.8,85.3,90.3,85.1,79.8,86.1,91.8,33.3,--,9.5,4.5,12.9,0.6,1,10.7,1,7.8,14.9,14.5,13.4,8.6,10.1,15.3,8.8,4.3,8.3,--,0.5,0,0.9,0,0,0.1,0.1,0,0.4,0.7,1.3,1.1,4.8,4.9,5.1,3.9,58.4,--
2019,Santa Catarina,Total,Municipal,94.9,96.6,91.9,99,96,94.6,96.5,96.7,90.6,90.3,92.1,95.3,95.9,91.7,97.3,97.4,--,--,4.7,3.3,7.3,0.8,3.8,5.2,3.3,3.1,8.8,8.9,7,3.7,3,5,2,2.6,--,--,0.4,0.1,0.8,0.2,0.2,0.2,0.2,0.2,0.6,0.8,0.9,1,1.1,3.3,0.7,0,--,--
2019,Santa Catarina,Urbana,Municipal,94.8,96.5,91.9,98.9,95.8,94.6,96.4,96.7,90.5,90.3,92.1,95.2,96.6,93.8,98.2,96.9,--,--,4.8,3.3,7.3,0.9,4,5.3,3.5,3.1,8.8,8.9,7.1,3.8,3.4,6.2,1.8,3.1,--,--,0.4,0.2,0.8,0.2,0.2,0.1,0.1,0.2,0.7,0.8,0.8,1,0,0,0,0,--,--
2019,Santa Catarina,Rural,Municipal,95.8,97.2,92.4,99.5,97.3,95,97.6,96.8,91,90.5,92.7,95.9,93.8,87.5,95,100,--,--,3.9,2.7,7,0.5,2.6,5,2.4,3,8.6,9,6.4,3.4,1.8,2.5,2.5,0,--,--,0.3,0.1,0.6,0,0.1,0,0,0.2,0.4,0.5,0.9,0.7,4.4,10,2.5,0,--,--
2019,Santa Catarina,Total,Privada,98.9,99.4,98.2,99.5,99.3,99.5,99.4,99.4,98.8,98.3,97.7,97.7,96.5,94.9,96.7,98.2,--,--,1.1,0.6,1.8,0.4,0.7,0.5,0.6,0.6,1.1,1.7,2.2,2.2,3.2,4.8,2.9,1.6,--,--,0,0,0,0.1,0,0,0,0,0.1,0,0.1,0.1,0.3,0.3,0.4,0.2,--,--
2019,Santa Catarina,Urbana,Privada,98.9,99.4,98.2,99.5,99.4,99.5,99.4,99.4,98.8,98.3,97.7,97.7,96.5,94.9,96.7,98.2,--,--,1.1,0.6,1.8,0.4,0.6,0.5,0.6,0.6,1.1,1.7,2.2,2.2,3.2,4.8,2.9,1.6,--,--,0,0,0,0.1,0,0,0,0,0.1,0,0.1,0.1,0.3,0.3,0.4,0.2,--,--
2019,Santa Catarina,Rural,Privada,96.6,98.4,81.3,100,93.9,100,100,100,84.6,100,0,--,96.6,92.9,100,100,--,--,3.4,1.6,18.7,0,6.1,0,0,0,15.4,0,100,--,3.4,7.1,0,0,--,--,0,0,0,0,0,0,0,0,0,0,0,--,0,0,0,0,--,--
2019,Santa Catarina,Total,Pública,92.3,96,87.9,98.9,96.7,92.8,97.2,94.8,86.8,86,87.9,91.2,80,72.8,81.9,87.6,84.6,90.4,7.3,3.8,11.4,1,3.2,7.1,2.7,5.1,12.6,13.3,11.3,7.8,14.3,21.2,12.4,6.8,7.7,6,0.4,0.2,0.7,0.1,0.1,0.1,0.1,0.1,0.6,0.7,0.8,1,5.7,6,5.7,5.6,7.7,3.6
2019,Santa Catarina,Urbana,Pública,92.1,95.9,87.7,98.8,96.6,92.6,97.2,94.7,86.7,85.8,87.8,91,79.8,72.6,81.8,87.5,84.9,90.4,7.4,3.9,11.5,1,3.3,7.2,2.7,5.2,12.7,13.5,11.4,8,14.4,21.5,12.5,6.9,7.7,6,0.5,0.2,0.8,0.2,0.1,0.2,0.1,0.1,0.6,0.7,0.8,1,5.8,5.9,5.7,5.6,7.4,3.6
2019,Santa Catarina,Rural,Pública,94.1,96.9,89.6,99.4,97.6,93.9,97.8,95.8,88.1,87.9,89.3,93.3,86.3,81.6,86.5,92.9,33.3,--,5.6,3,9.7,0.5,2.4,6.1,2.2,4.2,11.4,11.5,9.6,5.9,9.7,14.1,9.3,4,8.3,--,0.3,0.1,0.7,0.1,0,0,0,0,0.5,0.6,1.1,0.8,4,4.3,4.2,3.1,58.4,--
2019,Rio Grande do Sul,Total,Total,89.7,93.7,84.7,99.4,99.4,87.4,91.4,91.7,81.6,82.3,85.9,89.9,79.2,69.9,82.5,90.7,90.6,81.3,9.4,5.9,13.7,0.3,0.4,12.2,8.1,7.7,16.7,16.1,12.4,8.4,15.5,23,12.6,6.4,6.6,7.6,0.9,0.4,1.6,0.3,0.2,0.4,0.5,0.6,1.7,1.6,1.7,1.7,5.3,7.1,4.9,2.9,2.8,11.1
2019,Rio Grande do Sul,Urbana,Total,89.6,93.7,84.6,99.4,99.4,87.3,91.4,91.7,81.6,82.1,85.7,89.7,79,69.7,82.5,90.6,91.2,81.3,9.5,5.9,13.8,0.3,0.4,12.3,8.1,7.7,16.8,16.2,12.7,8.7,15.6,23.1,12.7,6.4,6.8,7.6,0.9,0.4,1.6,0.3,0.2,0.4,0.5,0.6,1.6,1.7,1.6,1.6,5.4,7.2,4.8,3,2,11.1
2019,Rio Grande do Sul,Rural,Total,90.3,93.9,85.8,99.6,99.4,88,91.2,92.3,81.6,83.5,87.2,92.1,82.2,74.2,84.5,92.2,85.7,--,8.6,5.8,12.1,0.1,0.4,11.8,8.4,7.1,16.6,14.3,10.4,5.7,12.9,19.3,11.2,5.4,5.8,--,1.1,0.3,2.1,0.3,0.2,0.2,0.4,0.6,1.8,2.2,2.4,2.2,4.9,6.5,4.3,2.4,8.5,--
2019,Rio Grande do Sul,Total,Federal,96.6,100,96.3,100,100,100,100,100,96.3,98,94.7,96.4,85.1,80.3,85,91.9,87.3,88.2,3.4,0,3.7,0,0,0,0,0,3.7,2,5.3,3.6,13.3,18,13.4,7.1,10,11.1,0,0,0,0,0,0,0,0,0,0,0,0,1.6,1.7,1.6,1,2.7,0.7
2019,Rio Grande do Sul,Urbana,Federal,96.6,100,96.3,100,100,100,100,100,96.3,98,94.7,96.4,84.2,79,83.7,91.2,87,88.2,3.4,0,3.7,0,0,0,0,0,3.7,2,5.3,3.6,14.2,19.2,14.4,7.6,11.3,11.1,0,0,0,0,0,0,0,0,0,0,0,0,1.6,1.8,1.9,1.2,1.7,0.7
2019,Rio Grande do Sul,Rural,Federal,--,--,--,--,--,--,--,--,--,--,--,--,89,85,90,94,89,--,--,--,--,--,--,--,--,--,--,--,--,--,9.7,14,9.6,5.4,0.5,--,--,--,--,--,--,--,--,--,--,--,--,--,1.3,1,0.4,0.6,10.5,--
2019,Rio Grande do Sul,Total,Estadual,86.9,92.3,82,99.4,99.5,84.5,89.8,91,79,79.1,83.5,86.6,76.5,66.7,80.3,89.3,92.6,83.3,11.9,7.2,16.1,0.2,0.3,14.9,9.6,8.3,19.1,19,14.6,11.4,17.2,25.1,14,7.2,4.6,3.5,1.2,0.5,1.9,0.4,0.2,0.6,0.6,0.7,1.9,1.9,1.9,2,6.3,8.2,5.7,3.5,2.8,13.2
2019,Rio Grande do Sul,Urbana,Estadual,86.7,92.2,81.7,99.5,99.5,84.2,89.8,90.9,78.8,78.7,83.2,86.4,76.4,66.6,80.2,89.2,93.9,83.3,12.1,7.3,16.5,0.2,0.2,15.2,9.7,8.4,19.3,19.5,14.9,11.8,17.3,25.2,14.1,7.3,4,3.5,1.2,0.5,1.8,0.3,0.3,0.6,0.5,0.7,1.9,1.8,1.9,1.8,6.3,8.2,5.7,3.5,2.1,13.2
2019,Rio Grande do Sul,Rural,Estadual,89.1,93.3,85.3,99,99,88.1,90.6,91.8,81.6,83.5,86.6,90,79.4,69.9,82.3,91.5,83.9,--,9.3,6.1,12.3,0.4,0.6,11.4,8.8,7.3,16.1,14.1,10.8,7.5,14.6,21.9,12.2,5.7,8.8,--,1.6,0.6,2.4,0.6,0.4,0.5,0.6,0.9,2.3,2.4,2.6,2.5,6,8.2,5.5,2.8,7.3,--
2019,Rio Grande do Sul,Total,Municipal,89.4,93.1,84.1,99.3,99.3,86.4,90.5,90.5,80.1,81.7,85.4,91.5,73.3,63.1,79.7,82.8,89.6,49.7,9.6,6.5,14.1,0.3,0.5,13.2,9,8.8,18.1,16.4,12.7,6.8,17.3,28,11.5,10.1,7.5,14.6,1,0.4,1.8,0.4,0.2,0.4,0.5,0.7,1.8,1.9,1.9,1.7,9.4,8.9,8.8,7.1,2.9,35.7
2019,Rio Grande do Sul,Urbana,Municipal,89.2,92.9,83.8,99.3,99.2,86.2,90.4,90.2,79.9,81.4,85,91.2,72.2,61.4,78.5,82,89.6,49.7,9.8,6.6,14.4,0.4,0.5,13.4,9.1,9.1,18.3,16.8,13.1,7.1,18.3,29.8,12.5,10.8,7.5,14.6,1,0.5,1.8,0.3,0.3,0.4,0.5,0.7,1.8,1.8,1.9,1.7,9.5,8.8,9,7.2,2.9,35.7
2019,Rio Grande do Sul,Rural,Municipal,90.8,94,86,99.8,99.6,87.9,91.4,92.5,81.5,83.5,87.5,93.4,85.9,78.4,92.2,91.5,--,--,8.3,5.7,12,0.1,0.3,12,8.2,7,16.8,14.4,10.2,4.6,6.2,11.9,1.1,2.4,--,--,0.9,0.3,2,0.1,0.1,0.1,0.4,0.5,1.7,2.1,2.3,2,7.9,9.7,6.7,6.1,--,--
2019,Rio Grande do Sul,Total,Privada,98.1,99.1,96.6,99.9,99.7,98.3,98.9,98.5,97,96.2,96.3,96.6,95.9,93.5,96.6,98.6,96.9,76.7,1.9,0.9,3.4,0.1,0.3,1.7,1.1,1.5,3,3.7,3.7,3.3,3.7,6.3,3.3,1.2,0,1.8,0,0,0,0,0,0,0,0,0,0.1,0,0.1,0.4,0.2,0.1,0.2,3.1,21.5
2019,Rio Grande do Sul,Urbana,Privada,98.1,99.1,96.6,99.9,99.7,98.2,98.9,98.5,97,96.3,96.4,96.6,95.9,93.5,96.6,98.7,96.9,76.7,1.9,0.9,3.4,0.1,0.3,1.8,1.1,1.5,3,3.7,3.6,3.3,3.8,6.3,3.2,1.2,0,1.8,0,0,0,0,0,0,0,0,0,0,0,0.1,0.3,0.2,0.2,0.1,3.1,21.5
2019,Rio Grande do Sul,Rural,Privada,96.2,98.7,91,100,100,100,94.7,97.4,93.1,92.3,85.7,92.9,94.4,94.7,93.5,94.8,--,--,3.8,1.3,9,0,0,0,5.3,2.6,6.9,7.7,14.3,7.1,2.2,1.3,5.4,0,--,--,0,0,0,0,0,0,0,0,0,0,0,0,3.4,4,1.1,5.2,--,--
2019,Rio Grande do Sul,Total,Pública,88.4,92.8,83.1,99.4,99.4,85.7,90.3,90.7,79.6,80.5,84.4,89,76.9,67.3,80.5,89.3,90.5,82,10.5,6.8,15.1,0.3,0.4,13.9,9.3,8.6,18.5,17.6,13.6,9.2,17,24.9,13.9,7.2,6.7,8.6,1.1,0.4,1.8,0.3,0.2,0.4,0.4,0.7,1.9,1.9,2,1.8,6.1,7.8,5.6,3.5,2.8,9.4
2019,Rio Grande do Sul,Urbana,Pública,88.1,92.7,82.7,99.3,99.4,85.4,90.1,90.5,79.4,80.1,84.1,88.6,76.7,67,80.3,89.2,91.1,82,10.8,6.9,15.4,0.3,0.4,14.1,9.4,8.8,18.8,18,14,9.6,17.2,25.1,14.1,7.3,6.9,8.6,1.1,0.4,1.9,0.4,0.2,0.5,0.5,0.7,1.8,1.9,1.9,1.8,6.1,7.9,5.6,3.5,2,9.4
2019,Rio Grande do Sul,Rural,Pública,90.3,93.8,85.8,99.6,99.4,87.9,91.2,92.3,81.6,83.5,87.2,92.1,81.9,73.7,84.3,92.1,85.7,--,8.6,5.8,12.1,0.1,0.4,11.8,8.4,7.1,16.6,14.3,10.4,5.7,13.2,19.8,11.3,5.5,5.8,--,1.1,0.4,2.1,0.3,0.2,0.3,0.4,0.6,1.8,2.2,2.4,2.2,4.9,6.5,4.4,2.4,8.5,--
2019,Mato Grosso do Sul,Total,Total,90.6,91.8,88.9,98.5,86.8,89.6,91.9,94.1,86.6,88.7,89.6,91,83.1,78.1,83.9,89.2,93,84.7,8.3,7.7,9,1.1,12.8,10.1,7.7,5.2,11.6,9.2,8.2,6.3,10.9,14.4,10.3,6.6,3.1,10.1,1.1,0.5,2.1,0.4,0.4,0.3,0.4,0.7,1.8,2.1,2.2,2.7,6,7.5,5.8,4.2,3.9,5.2
2019,Mato Grosso do Sul,Urbana,Total,91.1,92.4,89.3,98.7,87.3,90.3,92.6,94.8,87.5,89.3,89.9,91,83.3,78.3,84.2,89.4,97.5,84.5,7.9,7.3,8.7,1,12.4,9.5,7.1,4.7,11,8.9,8.2,6.4,11.1,14.6,10.4,6.8,0,10.2,1,0.3,2,0.3,0.3,0.2,0.3,0.5,1.5,1.8,1.9,2.6,5.6,7.1,5.4,3.8,2.5,5.3
2019,Mato Grosso do Sul,Rural,Total,86.3,87.3,84.8,97,82.8,84,86.7,88.9,79.4,84.3,87.1,91,80.8,75.8,80.2,86.6,90.9,87.8,11.2,11.3,11.1,2,16,14.9,11.7,9,16.4,11.4,8.7,5.5,8.3,10.9,8.7,4.3,4.5,8,2.5,1.4,4.1,1,1.2,1.1,1.6,2.1,4.2,4.3,4.2,3.5,10.9,13.3,11.1,9.1,4.6,4.2
2019,Mato Grosso do Sul,Total,Federal,95.4,--,95.4,--,--,--,--,--,98.9,96.5,93.9,93.7,92.8,93.2,95.1,99,90.9,92.1,4.6,--,4.6,--,--,--,--,--,1.1,3.5,6.1,6.3,4.1,6,3.9,0.7,4.5,4.2,0,--,0,--,--,--,--,--,0,0,0,0,3.1,0.8,1,0.3,4.6,3.7
2019,Mato Grosso do Sul,Urbana,Federal,95.4,--,95.4,--,--,--,--,--,98.9,96.5,93.9,93.7,93,90.9,96.3,99.5,--,92.5,4.6,--,4.6,--,--,--,--,--,1.1,3.5,6.1,6.3,3.9,8.7,3.1,0.5,--,3.8,0,--,0,--,--,--,--,--,0,0,0,0,3.1,0.4,0.6,0,--,3.7
2019,Mato Grosso do Sul,Rural,Federal,--,--,--,--,--,--,--,--,--,--,--,--,92.2,96.2,93.2,98.1,90.9,87.6,--,--,--,--,--,--,--,--,--,--,--,--,5.3,2.5,5.1,0.9,4.5,9,--,--,--,--,--,--,--,--,--,--,--,--,2.5,1.3,1.7,1,4.6,3.4
2019,Mato Grosso do Sul,Total,Estadual,89.4,92.4,87.9,99.2,87.4,91.3,93.4,94.9,85.5,88.7,88.5,88.8,81.1,76.2,82.2,87.9,97.5,76,8.4,7.1,9,0.4,12.2,8.5,6.2,4.5,12.1,8.2,8.4,7.5,12.1,15.4,11.2,7.3,0,17,2.2,0.5,3.1,0.4,0.4,0.2,0.4,0.6,2.4,3.1,3.1,3.7,6.8,8.4,6.6,4.8,2.5,7
2019,Mato Grosso do Sul,Urbana,Estadual,89.5,92.7,88,99.1,87.9,91.5,93.5,95,85.8,88.9,88.6,88.8,81.3,76.4,82.5,88.2,97.5,75.4,8.3,6.9,9,0.6,11.6,8.3,6.1,4.3,12,8.2,8.5,7.5,12.3,15.7,11.4,7.5,0,17.5,2.2,0.4,3,0.3,0.5,0.2,0.4,0.7,2.2,2.9,2.9,3.7,6.4,7.9,6.1,4.3,2.5,7.1
2019,Mato Grosso do Sul,Rural,Estadual,87.9,90.2,86.1,99.5,82.4,89.3,91.1,92.8,81.9,86.4,87.9,88.6,78.2,73.3,78,84.8,--,88.2,8.9,9.2,8.6,0,16.9,10.4,8,6.4,13.7,8.2,5.8,6.1,9,11.7,9.3,4.8,--,5.9,3.2,0.6,5.3,0.5,0.7,0.3,0.9,0.8,4.4,5.4,6.3,5.3,12.8,15,12.7,10.4,--,5.9
2019,Mato Grosso do Sul,Total,Municipal,89.6,90.5,87.7,98.3,84.9,87.5,90.1,92.9,85.1,86.5,88.7,93.4,95.5,93.8,93.3,100,--,--,9.6,9,10.8,1.3,14.6,12.1,9.3,6.4,13.3,11.8,9.8,5.2,4.5,6.2,6.7,0,--,--,0.8,0.5,1.5,0.4,0.5,0.4,0.6,0.7,1.6,1.7,1.5,1.4,0,0,0,0,--,--
2019,Mato Grosso do Sul,Urbana,Municipal,90.3,91,88.5,98.5,85.2,88.2,90.9,93.8,86.5,87.2,89.2,93.9,--,--,--,--,--,--,9.1,8.6,10.4,1.2,14.4,11.6,8.8,5.8,12.4,11.6,9.8,5.2,--,--,--,--,--,--,0.6,0.4,1.1,0.3,0.4,0.2,0.3,0.4,1.1,1.2,1,0.9,--,--,--,--,--,--
2019,Mato Grosso do Sul,Rural,Municipal,85.8,86.8,84.1,96.7,82.7,83.1,85.9,88,78.4,83.4,86.5,91.8,95.5,93.8,93.3,100,--,--,11.9,11.7,12.2,2.2,16,15.7,12.4,9.7,17.5,12.5,9.9,5.4,4.5,6.2,6.7,0,--,--,2.3,1.5,3.7,1.1,1.3,1.2,1.7,2.3,4.1,4.1,3.6,2.8,0,0,0,0,--,--
2019,Mato Grosso do Sul,Total,Privada,98.5,99.1,97.7,99.4,98.2,99.2,99.3,99.2,97.9,98,98.1,96.7,96.6,94.8,96.9,98.5,--,--,1.5,0.9,2.2,0.6,1.8,0.8,0.7,0.8,2.1,2,1.9,3.1,3.3,5,3,1.5,--,--,0,0,0.1,0,0,0,0,0,0,0,0,0.2,0.1,0.2,0.1,0,--,--
2019,Mato Grosso do Sul,Urbana,Privada,98.5,99.1,97.7,99.4,98.2,99.2,99.3,99.2,97.9,97.9,98.1,96.7,96.7,95.1,97,98.5,--,--,1.5,0.9,2.3,0.6,1.8,0.8,0.7,0.8,2.1,2,1.9,3.2,3.3,4.9,3,1.5,--,--,0,0,0,0,0,0,0,0,0,0.1,0,0.1,0,0,0,0,--,--
2019,Mato Grosso do Sul,Rural,Privada,99.1,98.8,99.4,100,100,96.2,98.4,100,97.4,100,100,100,93.2,88,95.2,98.1,--,--,0.9,1.2,0.6,0,0,3.8,1.6,0,2.6,0,0,0,5.5,9.3,4,1.9,--,--,0,0,0,0,0,0,0,0,0,0,0,0,1.3,2.7,0.8,0,--,--
2019,Mato Grosso do Sul,Total,Pública,89.6,90.8,87.8,98.4,85.3,88.3,90.9,93.5,85.3,87.6,88.6,90.4,81.7,76.4,82.4,88.1,93,84.7,9.1,8.7,9.8,1.2,14.2,11.4,8.6,5.8,12.8,10,9,6.7,11.7,15.3,11.1,7.2,3.1,10.1,1.3,0.5,2.4,0.4,0.5,0.3,0.5,0.7,1.9,2.4,2.4,2.9,6.6,8.3,6.5,4.7,3.9,5.2
2019,Mato Grosso do Sul,Urbana,Pública,90,91.4,88.3,98.6,85.7,88.9,91.6,94.2,86.2,88.1,88.9,90.3,81.8,76.5,82.6,88.3,97.5,84.5,8.8,8.3,9.6,1.1,13.9,10.8,8.1,5.3,12.2,9.8,9,6.8,11.9,15.7,11.3,7.4,0,10.2,1.2,0.3,2.1,0.3,0.4,0.3,0.3,0.5,1.6,2.1,2.1,2.9,6.3,7.8,6.1,4.3,2.5,5.3
2019,Mato Grosso do Sul,Rural,Pública,86.2,87.2,84.6,97,82.6,83.9,86.5,88.7,79.2,84.1,86.9,90.8,80,75,79.2,85.9,90.9,87.8,11.3,11.3,11.3,2,16.2,15,11.8,9.2,16.7,11.6,8.9,5.6,8.5,11,9,4.4,4.5,8,2.5,1.5,4.1,1,1.2,1.1,1.7,2.1,4.1,4.3,4.2,3.6,11.5,14,11.8,9.7,4.6,4.2
2019,Mato Grosso,Total,Total,95.7,97.9,92.9,99,98.8,96.1,97.6,98,94.6,94.5,92.9,89.5,73.2,64.8,76.7,83.8,98.7,73.1,3.7,2,5.9,0.8,1.1,3.8,2.3,1.8,4.9,4.7,5.8,8.2,17.2,23.3,15,9.2,1.3,16.3,0.6,0.1,1.2,0.2,0.1,0.1,0.1,0.2,0.5,0.8,1.3,2.3,9.6,11.9,8.3,7,0,10.6
2019,Mato Grosso,Urbana,Total,95.6,97.9,92.8,99.1,98.9,96,97.6,98,94.7,94.4,92.7,89.4,72.8,64,76.4,83.9,98.1,69,3.8,2,6,0.7,1.1,3.9,2.3,1.9,4.9,4.8,6.1,8.4,17.3,23.7,15.2,9,1.9,17.8,0.6,0.1,1.2,0.2,0,0.1,0.1,0.1,0.4,0.8,1.2,2.2,9.9,12.3,8.4,7.1,0,13.2
2019,Mato Grosso,Rural,Total,95.8,97.7,93.4,98.4,98.2,96.6,97.6,97.6,94,95.4,94.2,89.9,76.2,71.2,79.6,83.2,100,74.1,3.1,1.8,4.8,1.1,1.3,3.1,2,1.8,4.9,3.6,3.9,7,15.8,20.2,13,11.3,0,15.9,1.1,0.5,1.8,0.5,0.5,0.3,0.4,0.6,1.1,1,1.9,3.1,8,8.6,7.4,5.5,0,10
2019,Mato Grosso,Total,Federal,--,--,--,--,--,--,--,--,--,--,--,--,91.2,87,91.8,95.6,98.1,--,--,--,--,--,--,--,--,--,--,--,--,--,8.2,12.3,7.6,3.7,1.9,--,--,--,--,--,--,--,--,--,--,--,--,--,0.6,0.7,0.6,0.7,0,--
2019,Mato Grosso,Urbana,Federal,--,--,--,--,--,--,--,--,--,--,--,--,91.8,88,92,95.8,98.1,--,--,--,--,--,--,--,--,--,--,--,--,--,7.6,11.2,7.5,3.3,1.9,--,--,--,--,--,--,--,--,--,--,--,--,--,0.6,0.8,0.5,0.9,0,--
2019,Mato Grosso,Rural,Federal,--,--,--,--,--,--,--,--,--,--,--,--,89.4,84.3,90.9,94.8,--,--,--,--,--,--,--,--,--,--,--,--,--,--,10.1,15.6,8,4.8,--,--,--,--,--,--,--,--,--,--,--,--,--,--,0.5,0.1,1.1,0.4,--,--
2019,Mato Grosso,Total,Estadual,93.3,97.1,91.4,97.2,97.4,95.2,97.8,97.3,94,93.8,91.7,87,70.1,61.2,73.7,81.3,100,73.1,5.6,2.7,7,2.5,2.4,4.6,2,2.3,5.4,5.2,6.8,10.1,18.9,25.3,16.7,10.5,0,16.3,1.1,0.2,1.6,0.3,0.2,0.2,0.2,0.4,0.6,1,1.5,2.9,11,13.5,9.6,8.2,0,10.6
2019,Mato Grosso,Urbana,Estadual,93.1,96.9,91.2,97.1,97.3,94.8,97.7,97.4,93.9,93.6,91.4,87,69.4,60.2,73.2,81.3,--,69,5.8,2.9,7.3,2.7,2.6,5,2.1,2.4,5.5,5.5,7.1,10.2,19.3,25.9,17,10.3,--,17.8,1.1,0.2,1.5,0.2,0.1,0.2,0.2,0.2,0.6,0.9,1.5,2.8,11.3,13.9,9.8,8.4,--,13.2
2019,Mato Grosso,Rural,Estadual,94.9,97.8,92.8,98,98,97.4,98.6,97.1,94.4,95.6,94.2,87.6,74.6,69.4,77.8,81.2,100,74.1,3.6,1.5,5.1,1.4,1.2,2.1,1,1.6,4.3,3.3,3.6,9,16.5,20.8,13.9,12.5,0,15.9,1.5,0.7,2.1,0.6,0.8,0.5,0.4,1.3,1.3,1.1,2.2,3.4,8.9,9.8,8.3,6.3,0,10
2019,Mato Grosso,Total,Municipal,97.1,98,94.7,99.5,99.1,95.9,97.1,98.1,94.5,95,94.8,94.8,79.7,75.5,88.2,84.6,--,--,2.6,1.9,4.5,0.3,0.8,4,2.8,1.7,5.1,4.4,4.1,3.7,20.3,24.5,11.8,15.4,--,--,0.3,0.1,0.8,0.2,0.1,0.1,0.1,0.2,0.4,0.6,1.1,1.5,0,0,0,0,--,--
2019,Mato Grosso,Urbana,Municipal,97.3,98,94.9,99.7,99.3,95.8,97.1,98.2,94.6,94.9,95.1,95.8,--,--,--,--,--,--,2.5,1.9,4.5,0.2,0.7,4.1,2.8,1.7,5.1,4.5,4.1,3.3,--,--,--,--,--,--,0.2,0.1,0.6,0.1,0,0.1,0.1,0.1,0.3,0.6,0.8,0.9,--,--,--,--,--,--
2019,Mato Grosso,Rural,Municipal,96.4,97.6,94,98.6,98.2,96.3,97.2,97.8,93.8,95.1,94.2,92.9,79.7,75.5,88.2,84.6,--,--,2.9,2,4.5,1,1.3,3.4,2.4,1.9,5.3,3.9,4.1,4.4,20.3,24.5,11.8,15.4,--,--,0.7,0.4,1.5,0.4,0.5,0.3,0.4,0.3,0.9,1,1.7,2.7,0,0,0,0,--,--
2019,Mato Grosso,Total,Privada,98.6,99.2,97.8,99.4,99.3,99.2,99.3,99,98.2,97.9,97.1,97.7,97.1,95,97.7,99.1,--,--,1.3,0.8,2.2,0.6,0.6,0.8,0.7,0.9,1.7,2,2.9,2.1,2.8,4.9,2.2,0.8,--,--,0.1,0,0,0,0.1,0,0,0.1,0.1,0.1,0,0.2,0.1,0.1,0.1,0.1,--,--
2019,Mato Grosso,Urbana,Privada,98.6,99.2,97.8,99.4,99.3,99.2,99.3,99,98.2,97.9,97.1,97.8,97.1,95,97.7,99.1,--,--,1.3,0.8,2.2,0.6,0.6,0.8,0.7,0.9,1.7,2.1,2.9,2.1,2.8,4.9,2.2,0.8,--,--,0.1,0,0,0,0.1,0,0,0.1,0.1,0,0,0.1,0.1,0.1,0.1,0.1,--,--
2019,Mato Grosso,Rural,Privada,97.9,100,95.7,100,100,100,100,100,88.9,100,100,91.3,100,100,100,100,--,--,2.1,0,4.3,0,0,0,0,0,11.1,0,0,8.7,0,0,0,0,--,--,0,0,0,0,0,0,0,0,0,0,0,0,0,0,0,0,--,--
2019,Mato Grosso,Total,Pública,95.3,97.7,92.3,99,98.7,95.7,97.3,97.8,94.2,94.1,92.4,88.5,71.3,62.6,74.8,82.3,98.7,73.1,4,2.1,6.3,0.8,1.2,4.2,2.5,2,5.3,5,6.2,8.9,18.3,24.6,16.1,10,1.3,16.3,0.7,0.2,1.4,0.2,0.1,0.1,0.2,0.2,0.5,0.9,1.4,2.6,10.4,12.8,9.1,7.7,0,10.6
2019,Mato Grosso,Urbana,Pública,95.2,97.7,92.1,99.1,98.8,95.5,97.3,97.9,94.2,93.9,92.1,88.2,70.6,61.4,74.3,82.2,98.1,69,4.2,2.2,6.6,0.8,1.1,4.4,2.6,2,5.3,5.2,6.6,9.3,18.7,25.2,16.5,9.8,1.9,17.8,0.6,0.1,1.3,0.1,0.1,0.1,0.1,0.1,0.5,0.9,1.3,2.5,10.7,13.4,9.2,8,0,13.2
2019,Mato Grosso,Rural,Pública,95.8,97.7,93.4,98.4,98.2,96.6,97.6,97.6,94,95.4,94.2,89.9,76.1,71.2,79.6,83.2,100,74.1,3.1,1.8,4.8,1.1,1.3,3.1,2,1.8,4.9,3.6,3.9,7,15.9,20.2,13.1,11.4,0,15.9,1.1,0.5,1.8,0.5,0.5,0.3,0.4,0.6,1.1,1,1.9,3.1,8,8.6,7.3,5.4,0,10
2019,Goiás,Total,Total,96.1,96.9,95.1,99.1,98.8,94.4,95.2,97.3,95.2,94.7,95,95.7,92.9,89.8,93.5,97.1,92.9,96.7,3.3,2.8,3.9,0.5,1,5.3,4.5,2.4,4.1,4.4,4,3,5.2,7.5,4.7,1.8,5.4,1.1,0.6,0.3,1,0.4,0.2,0.3,0.3,0.3,0.7,0.9,1,1.3,1.9,2.7,1.8,1.1,1.7,2.2
2019,Goiás,Urbana,Total,96.2,97,95.2,99.1,98.8,94.5,95.4,97.3,95.3,94.8,95,95.7,92.9,89.8,93.4,97.1,92.9,96.7,3.2,2.8,3.8,0.5,1,5.3,4.4,2.4,4,4.3,3.9,3,5.1,7.5,4.7,1.8,5.4,1.1,0.6,0.2,1,0.4,0.2,0.2,0.2,0.3,0.7,0.9,1.1,1.3,2,2.7,1.9,1.1,1.7,2.2
2019,Goiás,Rural,Total,94.5,95.3,93.3,99.2,98.1,93.2,91.9,95.4,91.9,92.7,93.6,95.3,93,88,96.2,97.2,--,--,4.8,4.4,5.4,0.5,1.7,6.5,8,4.2,7.1,6.3,4.9,3,5.4,9.6,2.6,1.9,--,--,0.7,0.3,1.3,0.3,0.2,0.3,0.1,0.4,1,1,1.5,1.7,1.6,2.4,1.2,0.9,--,--
2019,Goiás,Total,Federal,96.9,97.3,96.6,100,95.2,92.7,100,98.4,96.7,93.2,100,96.4,89.8,83.3,92.7,95.7,92.5,--,3.1,2.7,3.4,0,4.8,7.3,0,1.6,3.3,6.8,0,3.6,9.4,16,6.5,3.7,5.6,--,0,0,0,0,0,0,0,0,0,0,0,0,0.8,0.7,0.8,0.6,1.9,--
2019,Goiás,Urbana,Federal,96.9,97.3,96.6,100,95.2,92.7,100,98.4,96.7,93.2,100,96.4,89.6,83.7,91.7,95.2,92.5,--,3.1,2.7,3.4,0,4.8,7.3,0,1.6,3.3,6.8,0,3.6,9.6,15.7,7.3,4.2,5.6,--,0,0,0,0,0,0,0,0,0,0,0,0,0.8,0.6,1,0.6,1.9,--
2019,Goiás,Rural,Federal,--,--,--,--,--,--,--,--,--,--,--,--,90.5,82.2,95.1,97.1,--,--,--,--,--,--,--,--,--,--,--,--,--,--,8.9,17,4.7,2.3,--,--,--,--,--,--,--,--,--,--,--,--,--,--,0.6,0.8,0.2,0.6,--,--
2019,Goiás,Total,Estadual,95.6,98.5,95.5,99.8,99.4,98.4,97.6,98.7,96.1,95.3,95.1,95.5,92.4,89.3,93,96.8,100,100,3.4,1.4,3.5,0,0.4,1.6,2.3,1.3,3.1,3.8,3.8,3.1,5.3,7.6,5,1.9,0,0,1,0.1,1,0.2,0.2,0,0.1,0,0.8,0.9,1.1,1.4,2.3,3.1,2,1.3,0,0
2019,Goiás,Urbana,Estadual,95.7,98.6,95.5,99.8,99.5,98.3,97.9,98.7,96.2,95.3,95.1,95.5,92.4,89.3,92.9,96.8,100,100,3.4,1.4,3.5,0,0.4,1.7,2.1,1.3,3.1,3.8,3.9,3.1,5.4,7.6,5,1.9,0,0,0.9,0,1,0.2,0.1,0,0,0,0.7,0.9,1,1.4,2.2,3.1,2.1,1.3,0,0
2019,Goiás,Rural,Estadual,95.5,97.5,95.1,100,98.2,99.4,92.7,99,94.8,94.7,95,96,93.7,90.1,96.6,96.6,--,--,3.3,2.2,3.5,0,0.9,0.6,6.8,1,3.9,4.4,3.5,2.3,3.9,6.3,1.8,2,--,--,1.2,0.3,1.4,0,0.9,0,0.5,0,1.3,0.9,1.5,1.7,2.4,3.6,1.6,1.4,--,--
2019,Goiás,Total,Municipal,95.4,96.2,92.4,99,98.5,93,94.1,96.7,92,91.6,92.6,94.6,90.4,85.9,90.7,97.2,--,--,4,3.5,6.2,0.5,1.2,6.6,5.5,2.9,7.1,7.3,5.9,3.5,4.4,7.1,3.9,0.6,--,--,0.6,0.3,1.4,0.5,0.3,0.4,0.4,0.4,0.9,1.1,1.5,1.9,5.2,7,5.4,2.2,--,--
2019,Goiás,Urbana,Municipal,95.5,96.2,92.5,99,98.5,93.1,94.3,96.8,92.1,91.6,92.5,94.5,90.4,85.5,91.3,97.3,--,--,3.9,3.4,6.2,0.6,1.2,6.6,5.4,2.8,6.9,7.2,5.9,3.6,4.7,7.2,4.7,0.7,--,--,0.6,0.4,1.3,0.4,0.3,0.3,0.3,0.4,1,1.2,1.6,1.9,4.9,7.3,4,2,--,--
2019,Goiás,Rural,Municipal,94.3,95.2,92.1,99.2,98,92.9,91.7,95.2,90.4,91.3,92.7,95,90.3,88.2,87.9,96.2,--,--,5.1,4.5,6.5,0.5,1.8,6.8,8.1,4.2,8.6,7.4,5.8,3.3,2.2,5.9,0,0,--,--,0.6,0.3,1.4,0.3,0.2,0.3,0.2,0.6,1,1.3,1.5,1.7,7.5,5.9,12.1,3.8,--,--
2019,Goiás,Total,Privada,98.8,99.4,97.9,99.4,99.6,99.3,99.2,99.3,98.3,97.8,97.9,97.5,96.6,94.4,97.2,98.8,93.8,96.6,1.1,0.5,2,0.4,0.3,0.6,0.8,0.7,1.6,2.1,1.9,2.3,3,5.2,2.4,1,6.2,1.1,0.1,0.1,0.1,0.2,0.1,0.1,0,0,0.1,0.1,0.2,0.2,0.4,0.4,0.4,0.2,0,2.3
2019,Goiás,Urbana,Privada,98.8,99.4,97.9,99.4,99.6,99.4,99.2,99.3,98.3,97.8,97.9,97.5,96.6,94.4,97.1,98.8,93.8,96.6,1.1,0.5,2,0.4,0.3,0.6,0.8,0.7,1.6,2.1,1.9,2.3,3,5.2,2.4,1,6.2,1.1,0.1,0.1,0.1,0.2,0.1,0,0,0,0.1,0.1,0.2,0.2,0.4,0.4,0.5,0.2,0,2.3
2019,Goiás,Rural,Privada,95.9,96.4,95.5,100,98.7,96.3,95.4,93.1,96.5,96.3,95.8,93.8,97.2,94.1,98.8,99.5,--,--,4.1,3.6,4.5,0,1.3,3.7,4.6,6.9,3.5,3.7,4.2,6.2,2.2,4.8,0.8,0.5,--,--,0,0,0,0,0,0,0,0,0,0,0,0,0.6,1.1,0.4,0,--,--
2019,Goiás,Total,Pública,95.5,96.3,94.6,99,98.5,93.2,94.3,96.8,94.5,94.2,94.4,95.3,92.3,89.1,93,96.8,92.9,100,3.8,3.4,4.3,0.5,1.2,6.4,5.4,2.8,4.6,4.8,4.4,3.2,5.5,7.9,5,2,5.4,0,0.7,0.3,1.1,0.5,0.3,0.4,0.3,0.4,0.9,1,1.2,1.5,2.2,3,2,1.2,1.7,0
2019,Goiás,Urbana,Pública,95.6,96.3,94.7,99,98.6,93.2,94.4,96.9,94.7,94.2,94.4,95.3,92.3,89.2,92.9,96.8,92.9,100,3.7,3.3,4.2,0.5,1.2,6.4,5.2,2.8,4.5,4.8,4.4,3.2,5.5,7.8,5.1,2,5.4,0,0.7,0.4,1.1,0.5,0.2,0.4,0.4,0.3,0.8,1,1.2,1.5,2.2,3,2,1.2,1.7,0
2019,Goiás,Rural,Pública,94.5,95.3,93.2,99.2,98,93.2,91.8,95.4,91.8,92.6,93.6,95.4,92.4,87.2,95.9,96.8,--,--,4.8,4.4,5.4,0.5,1.8,6.6,8,4.1,7.1,6.3,4.9,2.9,5.8,10.2,2.9,2.1,--,--,0.7,0.3,1.4,0.3,0.2,0.2,0.2,0.5,1.1,1.1,1.5,1.7,1.8,2.6,1.2,1.1,--,--
2019,Distrito Federal,Total,Total,93.9,96.1,91.3,99.1,99.3,89.1,99.2,94.7,96.8,85.3,96.6,87.2,86.1,80.7,88.1,91.5,--,95.7,5.3,3.8,7.2,0.8,0.6,10.8,0.6,5.1,2,12.9,2.2,11,10.2,14.6,8.3,6.1,--,4.3,0.8,0.1,1.5,0.1,0.1,0.1,0.2,0.2,1.2,1.8,1.2,1.8,3.7,4.7,3.6,2.4,--,0
2019,Distrito Federal,Urbana,Total,94,96.2,91.3,99.1,99.3,89.3,99.2,94.8,96.7,85.4,96.5,87.2,86.1,80.7,88.1,91.5,--,95.7,5.3,3.7,7.2,0.7,0.6,10.5,0.6,5,2,12.8,2.2,11,10.2,14.5,8.3,6.2,--,4.3,0.7,0.1,1.5,0.2,0.1,0.2,0.2,0.2,1.3,1.8,1.3,1.8,3.7,4.8,3.6,2.3,--,0
2019,Distrito Federal,Rural,Total,93,94.4,90.9,98.4,99.4,84.1,99.7,92.4,97.8,83.1,97.3,87.7,86.8,80.4,88.9,95.7,--,--,6.4,5.4,7.9,1.4,0.4,15.7,0.3,7.3,1.5,15.4,1.6,10.8,10.6,16.3,8.5,3.3,--,--,0.6,0.2,1.2,0.2,0.2,0.2,0,0.3,0.7,1.5,1.1,1.5,2.6,3.3,2.6,1,--,--
2019,Distrito Federal,Total,Federal,96.3,--,96.3,--,--,--,--,--,94.5,98.2,96.9,95.3,87.4,80.4,90.2,94.9,--,--,3.7,--,3.7,--,--,--,--,--,5.5,1.8,3.1,4.7,11.6,18.1,8.9,4.7,--,--,0,--,0,--,--,--,--,--,0,0,0,0,1,1.5,0.9,0.4,--,--
2019,Distrito Federal,Urbana,Federal,96.3,--,96.3,--,--,--,--,--,94.5,98.2,96.9,95.3,89.4,82.6,92.5,94.9,--,--,3.7,--,3.7,--,--,--,--,--,5.5,1.8,3.1,4.7,9.7,16.1,6.6,4.6,--,--,0,--,0,--,--,--,--,--,0,0,0,0,0.9,1.3,0.9,0.5,--,--
2019,Distrito Federal,Rural,Federal,--,--,--,--,--,--,--,--,--,--,--,--,77.5,72.4,77.9,95,--,--,--,--,--,--,--,--,--,--,--,--,--,--,21.1,25.5,21,5,--,--,--,--,--,--,--,--,--,--,--,--,--,--,1.4,2.1,1.1,0,--,--
2019,Distrito Federal,Total,Estadual,92.2,94.8,89.1,98.7,99.2,85.6,99.1,93.2,96.2,81.5,96.2,84,82.9,77,85.1,89.2,--,--,6.7,5,8.8,1,0.7,14.2,0.7,6.6,2.2,16.1,2.1,13.6,12.2,16.8,10.1,7.6,--,--,1.1,0.2,2.1,0.3,0.1,0.2,0.2,0.2,1.6,2.4,1.7,2.4,4.9,6.2,4.8,3.2,--,--
2019,Distrito Federal,Urbana,Estadual,92.2,94.8,89.1,98.8,99.2,85.7,99,93.2,96.1,81.5,96.1,83.9,82.7,76.9,84.9,89.1,--,--,6.8,5,8.9,1,0.7,14.1,0.7,6.5,2.2,16.1,2.1,13.7,12.3,16.9,10.2,7.7,--,--,1,0.2,2,0.2,0.1,0.2,0.3,0.3,1.7,2.4,1.8,2.4,5,6.2,4.9,3.2,--,--
2019,Distrito Federal,Rural,Estadual,92.8,94.4,90.4,98.4,99.4,84,99.7,92.3,97.8,81.7,97.1,86.6,88.3,82.4,90.3,95.4,--,--,6.5,5.4,8.3,1.4,0.4,15.8,0.3,7.4,1.5,16.6,1.8,11.8,8.5,13.5,6.2,3.4,--,--,0.7,0.2,1.3,0.2,0.2,0.2,0,0.3,0.7,1.7,1.1,1.6,3.2,4.1,3.5,1.2,--,--
2019,Distrito Federal,Total,Privada,98.8,99.7,97.7,99.9,99.7,99.6,99.6,99.4,98.4,97.5,97.6,97.1,96.4,94.1,97.5,97.8,--,95.7,1.2,0.3,2.3,0.1,0.3,0.4,0.4,0.6,1.6,2.5,2.4,2.9,3.6,5.8,2.4,2.2,--,4.3,0,0,0,0,0,0,0,0,0,0,0,0,0,0.1,0.1,0,--,0
2019,Distrito Federal,Urbana,Privada,98.8,99.7,97.7,99.9,99.7,99.6,99.6,99.4,98.4,97.5,97.6,97.1,96.3,94.1,97.5,97.7,--,95.7,1.2,0.3,2.3,0.1,0.3,0.4,0.4,0.6,1.6,2.5,2.4,2.9,3.6,5.8,2.4,2.3,--,4.3,0,0,0,0,0,0,0,0,0,0,0,0,0.1,0.1,0.1,0,--,0
2019,Distrito Federal,Rural,Privada,97.6,100,97.3,100,100,100,100,100,--,94.2,100,100,98.1,93.2,100,100,--,--,2.4,0,2.7,0,0,0,0,0,--,5.8,0,0,1.9,6.8,0,0,--,--,0,0,0,0,0,0,0,0,--,0,0,0,0,0,0,0,--,--
2019,Distrito Federal,Total,Pública,92.2,94.8,89.2,98.7,99.2,85.6,99.1,93.2,96.2,81.6,96.2,84.1,83.1,77.2,85.3,89.5,--,--,6.7,5,8.8,1,0.7,14.2,0.7,6.6,2.2,16,2.1,13.5,12.2,16.9,10.1,7.5,--,--,1.1,0.2,2,0.3,0.1,0.2,0.2,0.2,1.6,2.4,1.7,2.4,4.7,5.9,4.6,3,--,--
2019,Distrito Federal,Urbana,Pública,92.2,94.8,89.1,98.8,99.2,85.7,99,93.2,96.1,81.6,96.1,84,83,77.1,85.2,89.3,--,--,6.7,5,8.8,1,0.7,14.1,0.7,6.5,2.2,16,2.1,13.6,12.2,16.9,10.1,7.6,--,--,1.1,0.2,2.1,0.2,0.1,0.2,0.3,0.3,1.7,2.4,1.8,2.4,4.8,6,4.7,3.1,--,--
2019,Distrito Federal,Rural,Pública,92.8,94.4,90.4,98.4,99.4,84,99.7,92.3,97.8,81.7,97.1,86.6,85.8,79.7,87.5,95.3,--,--,6.5,5.4,8.3,1.4,0.4,15.8,0.3,7.4,1.5,16.6,1.8,11.8,11.4,16.8,9.5,3.6,--,--,0.7,0.2,1.3,0.2,0.2,0.2,0,0.3,0.7,1.7,1.1,1.6,2.8,3.5,3,1.1,--,--
2019,Distrito Federal,Rural,Pública,92.8,94.4,90.4,98.4,99.4,84,99.7,92.3,97.8,81.7,97.1,86.6,85.8,79.7,87.5,95.3,--,--,6.5,5.4,8.3,1.4,0.4,15.8,0.3,7.4,1.5,16.6,1.8,11.8,11.4,16.8,9.5,3.6,--,--,0.7,0.2,1.3,0.2,0.2,0.2,0,0.3,0.7,1.7,1.1,1.6,2.8,3.5,3,1.1,--,--
Fonte: Censo da Educação Básica 2019/INEP.,Distrito Federal,Rural,Pública,92.8,94.4,90.4,98.4,99.4,84,99.7,92.3,97.8,81.7,97.1,86.6,85.8,79.7,87.5,95.3,--,--,6.5,5.4,8.3,1.4,0.4,15.8,0.3,7.4,1.5,16.6,1.8,11.8,11.4,16.8,9.5,3.6,--,--,0.7,0.2,1.3,0.2,0.2,0.2,0,0.3,0.7,1.7,1.1,1.6,2.8,3.5,3,1.1,--,--
