Ano,Unidade Geográfica,Localização,Dependência Administrativa,Total,Anos Iniciais,Anos Finais,1º Ano ,2º Ano,3º Ano,4º Ano,5º Ano,6º Ano,7º Ano,8º Ano,9º Ano,Total,1ª série,2ª série,3ª série,4ª série,Não-Seriado,Total,Anos Iniciais,Anos Finais,1º Ano ,2º Ano,3º Ano,4º Ano,5º Ano,6º Ano,7º Ano,8º Ano,9º Ano,Total,1ª série,2ª série,3ª série,4ª série,Não-Seriado,Total_Abandono_EF2013,Anos Iniciais,Anos Finais,1º Ano ,2º Ano,3º Ano,4º Ano,5º Ano,6º Ano,7º Ano,8º Ano,9º Ano,Total_Abandono_EM2013,1ª série,2ª série,3ª série,4ª série,Não-Seriado
2013,RO,Total,Total,87.4,93,80,98.5,95.5,89.7,89.9,92.2,77.3,77.7,81.3,84.8,78.8,71.5,81.2,87.8,90.5,83.2,10.1,5.8,15.7,0.5,3.2,9.4,9,6.4,18.6,18.3,14.3,10.8,10.7,14.8,9.4,5.7,8.6,4.6,2.5,1.2,4.3,1,1.3,0.9,1.1,1.4,4.1,4,4.4,4.4,10.5,13.7,9.4,6.5,0.9,12.2
2013,RO,Total,Publico,86.7,92.6,79.1,98.4,95.3,89.1,89.2,91.8,76.3,76.7,80.3,84.1,77.7,70.3,80.2,87.1,86.8,83.2,10.6,6.2,16.4,0.5,3.3,9.9,9.6,6.7,19.4,19,14.9,11.1,11,15.1,9.6,5.8,11.9,4.6,2.7,1.2,4.5,1.1,1.4,1,1.2,1.5,4.3,4.3,4.8,4.8,11.3,14.6,10.2,7.1,1.3,12.2
2013,RO,Total,Privada,96.9,98.9,93.9,99.7,98.3,98.5,99.2,98.9,95.7,93.4,93.5,93.3,92.1,88.4,93.3,95.3,100,--,3,1,5.9,0.2,1.5,1.4,0.8,1.1,4.3,6.4,6.3,6.5,7.4,10.9,6.3,4.3,0,--,0.1,0.1,0.2,0.1,0.2,0.1,0,0,0,0.2,0.2,0.2,0.5,0.7,0.4,0.4,0,--
2013,RO,Total,Municipal,89.3,92.4,80.5,98.5,95,88.9,88.2,91.4,75.3,76.7,83.2,90.7,--,--,--,--,--,--,8.7,6.4,15.1,0.4,3.7,10.1,10.6,7.1,20.3,18.5,11.9,5.6,--,--,--,--,--,--,2,1.2,4.4,1.1,1.3,1,1.2,1.5,4.4,4.8,4.9,3.7,--,--,--,--,--,--
2013,RO,Total,Federal,--,--,--,--,--,--,--,--,--,--,--,--,86,79.7,87.3,94.8,86.8,--,--,--,--,--,--,--,--,--,--,--,--,--,12.6,19,10.7,4.5,11.9,--,--,--,--,--,--,--,--,--,--,--,--,--,1.4,1.3,2,0.7,1.3,--
2013,RO,Total,Estadual,84.3,92.9,78.5,98.1,96,89.5,90.8,92.3,76.8,76.8,79.2,81.8,77.3,69.9,79.8,86.7,--,83.2,12.5,5.8,17,0.6,2.5,9.6,8.1,6.2,18.9,19.3,16.1,13.1,10.9,14.9,9.6,5.9,--,4.6,3.2,1.3,4.5,1.3,1.5,0.9,1.1,1.5,4.3,3.9,4.7,5.1,11.8,15.2,10.6,7.4,--,12.2
2013,RO,Rural,Total,87.6,91,82.6,97.9,93,88.1,87.8,89.5,78.7,79.8,83.9,89.9,84.1,79.4,83.9,91.8,98,91.9,9.1,7,12.1,0.4,4.7,10.2,10.4,8.1,16.1,14.9,10.4,5.3,7.3,10.2,7,3,1,3.7,3.3,2,5.3,1.7,2.3,1.7,1.8,2.4,5.2,5.3,5.7,4.8,8.6,10.4,9.1,5.2,1,4.4
2013,RO,Rural,Publico,87.6,91,82.5,97.9,93,88,87.8,89.5,78.7,79.7,83.7,89.8,82,76.8,81.8,90.9,95.2,91.9,9.1,7,12.2,0.4,4.7,10.3,10.4,8.1,16.2,15,10.5,5.4,8.2,11.3,7.9,3.1,2.4,3.7,3.3,2,5.3,1.7,2.3,1.7,1.8,2.4,5.1,5.3,5.8,4.8,9.8,11.9,10.3,6,2.4,4.4
2013,RO,Rural,Privada,97,100,95.8,100,100,100,100,100,94.1,90.8,97.4,98.8,96,94.8,96.1,96.3,100,--,3,0,4.2,0,0,0,0,0,5.9,9.2,2.6,1.2,2.5,3.5,1.9,2.5,0,--,0,0,0,0,0,0,0,0,0,0,0,0,1.5,1.7,2,1.2,0,--
2013,RO,Rural,Municipal,88.4,91.9,82.5,98.3,94.8,88.7,88.5,90.6,78.6,78.7,83.8,91,--,--,--,--,--,--,8.9,6.5,12.9,0.4,3.4,9.9,10,7.5,17.2,16.2,11.1,5,--,--,--,--,--,--,2.7,1.6,4.6,1.3,1.8,1.4,1.5,1.9,4.2,5.1,5.1,4,--,--,--,--,--,--
2013,RO,Rural,Federal,--,--,--,--,--,--,--,--,--,--,--,--,84.8,75.9,85.6,96.2,95.2,--,--,--,--,--,--,--,--,--,--,--,--,--,14.3,22.8,13.7,3.3,2.4,--,--,--,--,--,--,--,--,--,--,--,--,--,0.9,1.3,0.7,0.5,2.4,--
2013,RO,Rural,Estadual,83.7,84.9,82.5,95.5,81.9,83.7,82.9,82.5,79,83.2,83.3,85.5,81.1,77.1,80.6,88.7,--,91.9,10,10.5,9.5,0.7,12.4,12.4,13.3,11.9,12.3,10.1,8.2,6.5,6.2,8,6.1,3,--,3.7,6.3,4.6,8,3.8,5.7,3.9,3.8,5.6,8.7,6.7,8.5,8,12.7,14.9,13.3,8.3,--,4.4
2013,RO,Urbana,Total,87.4,93.7,79.3,98.7,96.4,90.3,90.6,93.1,76.9,77.2,80.6,83.4,78.3,70.9,81,87.6,83.5,82.3,10.4,5.4,16.8,0.5,2.7,9.1,8.6,5.8,19.3,19.2,15.3,12.3,11,15.2,9.5,5.9,15.6,4.7,2.2,0.9,3.9,0.8,0.9,0.6,0.8,1.1,3.8,3.6,4.1,4.3,10.7,13.9,9.5,6.5,0.9,13
2013,RO,Urbana,Publico,86.4,93.1,78,98.6,96.2,89.5,89.7,92.6,75.5,75.8,79.3,82.4,77.4,69.8,80.1,86.9,83.5,82.3,11.1,5.9,17.7,0.5,2.8,9.8,9.3,6.2,20.4,20.3,16.2,12.8,11.2,15.4,9.8,6,15.6,4.7,2.5,1,4.3,0.9,1,0.7,1,1.2,4.1,3.9,4.5,4.8,11.4,14.8,10.1,7.1,0.9,13
2013,RO,Urbana,Privada,96.9,98.9,93.9,99.7,98.3,98.5,99.2,98.9,95.7,93.5,93.3,93,91.4,87.2,92.9,95.1,--,--,3,1,6,0.2,1.5,1.4,0.8,1.1,4.3,6.3,6.5,6.8,8.3,12.3,7,4.6,--,--,0.1,0.1,0.1,0.1,0.2,0.1,0,0,0,0.2,0.2,0.2,0.3,0.5,0.1,0.3,--,--
2013,RO,Urbana,Municipal,89.9,92.6,77.2,98.6,95,88.9,88.1,91.9,70.8,73.6,82.1,90.2,--,--,--,--,--,--,8.5,6.4,18.5,0.5,3.8,10.3,10.9,6.8,24.5,22,13.3,6.9,--,--,--,--,--,--,1.6,1,4.3,0.9,1.2,0.8,1,1.3,4.7,4.4,4.6,2.9,--,--,--,--,--,--
2013,RO,Urbana,Federal,--,--,--,--,--,--,--,--,--,--,--,--,86.6,81.6,88.2,94,83.5,--,--,--,--,--,--,--,--,--,--,--,--,--,11.7,17,9.1,5.1,15.6,--,--,--,--,--,--,--,--,--,--,--,--,--,1.7,1.4,2.7,0.9,0.9,--
2013,RO,Urbana,Estadual,84.3,93.8,78.2,98.4,97.9,90.2,91.6,93.2,76.6,76.3,78.9,81.5,77,69.4,79.8,86.6,--,82.3,12.8,5.3,17.5,0.6,1.2,9.3,7.6,5.7,19.5,20,16.6,13.6,11.1,15.3,9.8,6,--,4.7,2.9,0.9,4.3,1,0.9,0.5,0.8,1.1,3.9,3.7,4.5,4.9,11.9,15.3,10.4,7.4,--,13
2013,AC,Total,Total,90.3,89.9,90.8,97.3,82.3,88.3,91,92.3,88.9,90.2,91.5,92.9,78.9,73,82.7,84.3,--,75,7,7.9,5.7,0.5,15.3,9.8,7.1,5.4,7.6,5.9,5.6,3.5,11.1,15.7,8.9,6.1,--,25,2.7,2.2,3.5,2.2,2.4,1.9,1.9,2.3,3.5,3.9,2.9,3.6,10,11.3,8.4,9.6,--,0
2013,AC,Total,Publico,89.9,89.6,90.5,97.2,81.6,87.8,90.6,92,88.5,89.9,91.2,92.6,78,72.2,81.9,83.3,--,75,7.3,8.2,5.9,0.5,15.9,10.2,7.4,5.5,7.8,6.1,5.7,3.6,11.5,16.1,9.2,6.4,--,25,2.8,2.2,3.6,2.3,2.5,2,2,2.5,3.7,4,3.1,3.8,10.5,11.7,8.9,10.3,--,0
2013,AC,Total,Privada,98.6,99.2,97.7,99.9,98.6,99.8,99.1,98.6,99.4,97.5,97,97.2,95.1,92.1,94.5,99,--,--,1.4,0.8,2.2,0.1,1.4,0.2,0.9,1.4,0.6,2.5,2.9,2.5,4.8,7.8,5.4,1,--,--,0,0,0.1,0,0,0,0,0,0,0,0.1,0.3,0.1,0.1,0.1,0,--,--
2013,AC,Total,Municipal,88,88.4,86.2,97.4,78.7,86.7,89.9,91.2,81.5,86.8,87.2,92.3,--,--,--,--,--,--,8.8,9,7.8,0.2,18.3,11,7.8,6,11.9,6.7,7,3.1,--,--,--,--,--,--,3.2,2.6,6,2.4,3,2.3,2.3,2.8,6.6,6.5,5.8,4.6,--,--,--,--,--,--
2013,AC,Total,Federal,87.5,88.1,87.1,100,92.6,79.3,82.1,88.9,88.5,78.3,97.9,84.6,73.5,65,79.7,84.5,--,--,12.5,11.9,12.9,0,7.4,20.7,17.9,11.1,11.5,21.7,2.1,15.4,15.1,17,14,12.1,--,--,0,0,0,0,0,0,0,0,0,0,0,0,11.4,18,6.3,3.4,--,--
2013,AC,Total,Estadual,91.1,90.9,91.3,96.8,85.4,89.1,91.4,92.9,90.3,90.5,91.9,92.7,78.1,72.3,82,83.3,--,75,6.3,7.2,5.5,0.9,12.8,9.3,6.9,5.1,6.8,5.9,5.5,3.7,11.4,16,9.1,6.4,--,25,2.6,1.9,3.2,2.3,1.8,1.6,1.7,2,2.9,3.6,2.6,3.6,10.5,11.7,8.9,10.3,--,0
2013,AC,Rural,Total,85,83.6,87.8,94,73.9,82.2,85.1,86.2,83.8,87.7,89.6,92.2,90.4,88.4,91.1,93.3,--,75,9.9,11.8,5.8,1.2,21.4,13.9,10.7,8.5,9,5.7,3.9,3.3,3,3.8,2.5,1.9,--,25,5.1,4.6,6.4,4.8,4.7,3.9,4.2,5.3,7.2,6.6,6.5,4.5,6.6,7.8,6.4,4.8,--,0
2013,AC,Rural,Publico,85,83.6,87.8,94,73.9,82.2,85.1,86.2,83.8,87.7,89.6,92.2,90.4,88.4,91.1,93.3,--,75,9.9,11.8,5.8,1.2,21.4,13.9,10.7,8.5,9,5.7,3.9,3.3,3,3.8,2.5,1.9,--,25,5.1,4.6,6.4,4.8,4.7,3.9,4.2,5.3,7.2,6.6,6.5,4.5,6.6,7.8,6.4,4.8,--,0
2013,AC,Rural,Municipal,84.6,84.1,86.5,95.4,72.5,82.8,86.5,87.7,82.1,87.2,87.6,92,--,--,--,--,--,--,10.4,11.5,6.2,0.4,22.8,13.4,9.6,7,9.8,4.9,4.8,3.1,--,--,--,--,--,--,5,4.4,7.3,4.2,4.7,3.8,3.9,5.3,8.1,7.9,7.6,4.9,--,--,--,--,--,--
2013,AC,Rural,Estadual,85.4,82.8,88.5,91.2,76.9,81.2,83,84,84.9,88,90.6,92.2,90.4,88.4,91.1,93.3,--,75,9.3,12.3,5.7,2.8,18.7,14.7,12.4,10.5,8.5,6.1,3.4,3.4,3,3.8,2.5,1.9,--,25,5.3,4.9,5.8,6,4.4,4.1,4.6,5.5,6.6,5.9,6,4.4,6.6,7.8,6.4,4.8,--,0
2013,AC,Urbana,Total,92.9,93.6,91.9,99.1,87.9,92.1,94.2,95.4,91.1,91.2,92.2,93,77,70.4,81.3,82.9,--,--,5.6,5.6,5.7,0,11.2,7.2,5.1,3.8,6.9,6,6.2,3.6,12.4,17.7,10,6.7,--,--,1.5,0.8,2.4,0.9,0.9,0.7,0.7,0.8,2,2.8,1.6,3.4,10.6,11.9,8.7,10.4,--,--
2013,AC,Urbana,Publico,92.5,93.3,91.5,99.1,87.1,91.6,93.9,95.1,90.6,90.8,91.9,92.7,75.9,69.3,80.3,81.8,--,--,5.9,5.9,5.9,0,11.9,7.8,5.4,4,7.3,6.3,6.5,3.7,12.9,18.2,10.4,7.1,--,--,1.6,0.8,2.6,0.9,1,0.6,0.7,0.9,2.1,2.9,1.6,3.6,11.2,12.5,9.3,11.1,--,--
2013,AC,Urbana,Privada,98.6,99.2,97.7,99.9,98.6,99.8,99.1,98.6,99.4,97.5,97,97.2,95.1,92.1,94.5,99,--,--,1.4,0.8,2.2,0.1,1.4,0.2,0.9,1.4,0.6,2.5,2.9,2.5,4.8,7.8,5.4,1,--,--,0,0,0.1,0,0,0,0,0,0,0,0.1,0.3,0.1,0.1,0.1,0,--,--
2013,AC,Urbana,Municipal,91.2,92,85.7,98.9,84.8,90.1,92.6,93.5,80.5,86.2,86.7,92.8,--,--,--,--,--,--,7.3,6.9,10.3,0,13.9,8.9,6.3,5.3,15.2,9.4,10.5,3.1,--,--,--,--,--,--,1.5,1.1,4,1.1,1.3,1,1.1,1.2,4.3,4.4,2.8,4.1,--,--,--,--,--,--
2013,AC,Urbana,Federal,87.5,88.1,87.1,100,92.6,79.3,82.1,88.9,88.5,78.3,97.9,84.6,73.5,65,79.7,84.5,--,--,12.5,11.9,12.9,0,7.4,20.7,17.9,11.1,11.5,21.7,2.1,15.4,15.1,17,14,12.1,--,--,0,0,0,0,0,0,0,0,0,0,0,0,11.4,18,6.3,3.4,--,--
2013,AC,Urbana,Estadual,93.1,94.5,92.1,99.3,89.4,93,94.9,96.6,92.1,91.4,92.3,92.7,75.9,69.4,80.3,81.8,--,--,5.2,5,5.4,0.1,10,6.6,4.6,2.8,6.2,5.9,6.1,3.7,12.9,18.2,10.3,7.1,--,--,1.7,0.5,2.5,0.6,0.6,0.4,0.5,0.6,1.7,2.7,1.6,3.6,11.2,12.4,9.4,11.1,--,--
2013,AM,Total,Total,86.4,88.4,83.8,95.2,89.2,82.9,89.7,86.6,81.3,83.6,85,86,81.2,76.5,81.7,87.3,89.8,--,8.6,8.6,8.6,1.8,7.7,14.2,7.6,10.2,10.9,9.2,7.7,6.1,7,9.1,6.9,4.3,6.8,--,5,3,7.6,3,3.1,2.9,2.7,3.2,7.8,7.2,7.3,7.9,11.8,14.4,11.4,8.4,3.4,--
2013,AM,Total,Publico,85.6,87.5,83,94.9,88.3,81.6,89,85.7,80.4,82.9,84.2,85.3,80.6,75.9,81,86.7,89.8,--,9.1,9.3,8.9,1.8,8.3,15.2,8.1,10.8,11.3,9.4,7.9,6.3,7,9,6.9,4.4,6.8,--,5.3,3.2,8.1,3.3,3.4,3.2,2.9,3.5,8.3,7.7,7.9,8.4,12.4,15.1,12.1,8.9,3.4,--
2013,AM,Total,Privada,96.7,97.9,94.5,97.5,98.2,98.1,97.9,97.9,94.5,93.1,95.2,95.3,92.5,87.9,93.5,97.3,--,--,3,1.7,5.2,1.8,1.4,1.6,1.9,1.8,5.2,6.6,4.5,4.6,7.1,11.7,5.9,2.5,--,--,0.3,0.4,0.3,0.7,0.4,0.3,0.2,0.3,0.3,0.3,0.3,0.1,0.4,0.4,0.6,0.2,--,--
2013,AM,Total,Municipal,83.7,85.4,79.6,94.2,85.8,79.7,85.9,83.6,75.7,80.1,81.1,83.8,--,--,--,--,--,--,10.7,10.8,10.3,2.1,10.4,16.6,10.6,12.3,13.9,10.4,8.5,6,--,--,--,--,--,--,5.6,3.8,10.1,3.7,3.8,3.7,3.5,4.1,10.4,9.5,10.4,10.2,--,--,--,--,--,--
2013,AM,Total,Federal,87.3,--,87.3,--,--,--,--,--,85.4,92.4,82.8,89.1,86.4,78.6,88,92.8,89.8,--,12.7,--,12.7,--,--,--,--,--,14.6,7.6,17.2,10.9,11.6,18.7,9.6,6.4,6.8,--,0,--,0,--,--,--,--,--,0,0,0,0,2,2.7,2.4,0.8,3.4,--
2013,AM,Total,Estadual,88.6,94,85.6,97.9,97.8,87.6,98.2,91,85,85.1,86.2,86.1,80.5,75.9,80.8,86.6,--,--,6.6,4.5,7.8,0.3,0.6,10.7,0.7,7.3,8.7,8.6,7.5,6.4,6.9,8.8,6.9,4.4,--,--,4.8,1.5,6.6,1.8,1.6,1.7,1.1,1.7,6.3,6.3,6.3,7.5,12.6,15.3,12.3,9,--,--
2013,AM,Rural,Total,82.8,83,82.4,92.2,87.2,77.3,82.7,78.3,77.3,82.6,85.3,87.6,83.6,78.4,85,89.7,--,--,10.2,11.5,7.7,2.3,7.6,17.4,11.7,15.5,12,7.9,4.7,3.4,5.6,7.8,4.5,3.6,--,--,7,5.5,9.9,5.5,5.2,5.3,5.6,6.2,10.7,9.5,10,9,10.8,13.8,10.5,6.7,--,--
2013,AM,Rural,Publico,82.8,82.9,82.4,92.2,87.2,77.3,82.7,78.3,77.2,82.6,85.2,87.6,83.6,78.3,85,89.7,--,--,10.2,11.5,7.7,2.3,7.6,17.4,11.7,15.5,12,7.9,4.7,3.4,5.6,7.8,4.5,3.6,--,--,7,5.6,9.9,5.5,5.2,5.3,5.6,6.2,10.8,9.5,10.1,9,10.8,13.9,10.5,6.7,--,--
2013,AM,Rural,Privada,96.3,98.9,94.4,100,100,94.4,100,100,100,94.3,90.9,92.5,91.4,84.1,94.6,100,--,--,3.7,1.1,5.6,0,0,5.6,0,0,0,5.7,9.1,7.5,8.6,15.9,5.4,0,--,--,0,0,0,0,0,0,0,0,0,0,0,0,0,0,0,0,--,--
2013,AM,Rural,Municipal,82.2,82.6,81.5,92.2,86.9,76.9,82,77.8,76.1,81.7,84.6,87.5,--,--,--,--,--,--,10.6,11.8,8.1,2.4,7.8,17.7,12.2,15.9,12.7,8.2,4.8,3.3,--,--,--,--,--,--,7.2,5.6,10.4,5.4,5.3,5.4,5.8,6.3,11.2,10.1,10.6,9.2,--,--,--,--,--,--
2013,AM,Rural,Estadual,88.6,92.1,87,94.5,95.7,87.9,96.8,88.6,84.8,87.2,88.2,88,83.6,78.3,85,89.7,--,--,5.5,5.3,5.6,1.6,1.8,9.7,1.1,9,7.7,6.4,4.1,3.9,5.6,7.8,4.5,3.6,--,--,5.9,2.6,7.4,3.9,2.5,2.4,2.1,2.4,7.5,6.4,7.7,8.1,10.8,13.9,10.5,6.7,--,--
2013,AM,Urbana,Total,87.6,90.4,84.2,96.2,89.9,85,92.5,89.8,82.5,83.8,84.9,85.6,80.8,76.2,81.1,86.9,89.8,--,8.2,7.6,8.9,1.6,7.7,13,6,8.1,10.5,9.5,8.4,6.7,7.3,9.3,7.2,4.5,6.8,--,4.2,2,6.9,2.2,2.4,2,1.5,2.1,7,6.7,6.7,7.7,11.9,14.5,11.7,8.6,3.4,--
2013,AM,Urbana,Publico,86.6,89.4,83.2,96,88.8,83.5,91.8,88.9,81.5,83,84,84.7,80.1,75.5,80.3,86.2,89.8,--,8.7,8.3,9.2,1.5,8.6,14.3,6.5,8.8,11,9.8,8.8,6.9,7.3,9.2,7.3,4.6,6.8,--,4.7,2.3,7.6,2.5,2.6,2.2,1.7,2.3,7.5,7.2,7.2,8.4,12.6,15.3,12.4,9.2,3.4,--
2013,AM,Urbana,Privada,96.7,97.9,94.5,97.5,98.2,98.1,97.9,97.9,94.5,93.1,95.2,95.3,92.5,88,93.5,97.2,--,--,3,1.7,5.2,1.8,1.4,1.6,1.9,1.8,5.2,6.6,4.5,4.5,7.1,11.6,5.9,2.6,--,--,0.3,0.4,0.3,0.7,0.4,0.3,0.2,0.3,0.3,0.3,0.3,0.2,0.4,0.4,0.6,0.2,--,--
2013,AM,Urbana,Municipal,84.7,87.2,78.1,95.2,85.2,81.5,88.3,87.5,75.4,78.9,78.6,81.2,--,--,--,--,--,--,10.7,10.2,12,2,11.8,16,9.7,9.8,14.8,12,11.2,7.9,--,--,--,--,--,--,4.6,2.6,9.9,2.8,3,2.5,2,2.7,9.8,9.1,10.2,10.9,--,--,--,--,--,--
2013,AM,Urbana,Federal,87.3,--,87.3,--,--,--,--,--,85.4,92.4,82.8,89.1,86.4,78.6,88,92.8,89.8,--,12.7,--,12.7,--,--,--,--,--,14.6,7.6,17.2,10.9,11.6,18.7,9.6,6.4,6.8,--,0,--,0,--,--,--,--,--,0,0,0,0,2,2.7,2.4,0.8,3.4,--
2013,AM,Urbana,Estadual,88.6,94,85.5,98.1,97.9,87.6,98.3,91.1,85.1,84.9,86.1,86,79.9,75.4,80.1,86,--,--,6.7,4.4,8,0.3,0.5,10.8,0.6,7.2,8.8,8.7,7.8,6.6,7.2,9,7.3,4.5,--,--,4.7,1.6,6.5,1.6,1.6,1.6,1.1,1.7,6.1,6.4,6.1,7.4,12.9,15.6,12.6,9.5,--,--
2013,RR,Total,Total,89.3,94.2,82.8,98.6,94.3,92.6,91.8,93.1,82.2,84.4,82.9,81.5,76.5,67.4,80.6,88.2,91.4,83.2,8,4.8,12.2,0.6,4.9,6.6,7.2,5.8,14,11.2,11.8,11.6,15.1,21.3,11.8,7.2,6.7,14.3,2.7,1,5,0.8,0.8,0.8,1,1.1,3.8,4.4,5.3,6.9,8.4,11.3,7.6,4.6,1.9,2.5
2013,RR,Total,Publico,88.8,93.9,82,98.6,93.9,92.1,91.4,92.8,81.4,83.9,82,80.6,75.3,65.8,79.5,87.3,91.4,83.2,8.4,5.1,12.6,0.6,5.2,7.1,7.5,6,14.5,11.5,12.4,12,15.7,22.2,12.3,7.7,6.7,14.3,2.8,1,5.4,0.8,0.9,0.8,1.1,1.2,4.1,4.6,5.6,7.4,9,12,8.2,5,1.9,2.5
2013,RR,Total,Privada,97.9,99.2,95.8,99.5,99.3,99.8,98.8,98.5,95.3,92.9,98.7,96.2,95.3,93.4,94.6,99.1,--,--,2,0.7,4,0.2,0.6,0.2,1.2,1.5,4.7,6.7,1.3,3.6,4.6,6.4,5.2,0.9,--,--,0.1,0.1,0.2,0.3,0.1,0,0,0,0,0.4,0,0.2,0.1,0.2,0.2,0,--,--
2013,RR,Total,Municipal,93.8,94.5,78.9,98.7,93.9,91.8,91.4,94.7,71.1,79.8,83.9,86,100,100,--,100,--,--,5.2,4.7,15.7,0.6,5.3,7.4,7.6,4.3,24.6,15.1,8.5,8.8,0,0,--,0,--,--,1,0.8,5.4,0.7,0.8,0.8,1,1,4.3,5.1,7.6,5.2,0,0,--,0,--,--
2013,RR,Total,Federal,94.2,100,90.8,100,100,100,100,100,98,92,75.4,100,87.1,80.4,88.3,92.1,91.3,83.2,5.8,0,9.2,0,0,0,0,0,2,8,24.6,0,11,17.5,9.2,7.6,6.7,14.3,0,0,0,0,0,0,0,0,0,0,0,0,1.9,2.1,2.5,0.3,2,2.5
2013,RR,Total,Estadual,84.7,92.1,82.1,97.7,93.6,92.8,91.2,89.7,82,84.1,81.9,80.3,74.4,65.4,79.1,86.9,91.5,--,10.9,6.5,12.5,1.1,4.7,6.3,7.3,8.7,13.9,11.3,12.5,12.2,16.1,22.4,12.5,7.8,6.8,--,4.4,1.4,5.4,1.2,1.7,0.9,1.5,1.6,4.1,4.6,5.6,7.5,9.5,12.2,8.4,5.3,1.7,--
2013,RR,Rural,Total,88,91.6,82.5,98.1,92.4,90.3,88.8,89,79.2,83.1,83.4,85.4,83.2,77.8,83.7,90.4,--,85.2,8.1,6.7,10.3,0.7,5.7,8.2,9.5,9.2,15,9.4,8.7,6.5,5.9,8.2,4.3,2,--,14.5,3.9,1.7,7.2,1.2,1.9,1.5,1.7,1.8,5.8,7.5,7.9,8.1,10.9,14,12,7.6,--,0.3
2013,RR,Rural,Publico,88,91.6,82.5,98.1,92.4,90.3,88.8,89,79.2,83.1,83.4,85.4,83.2,77.8,83.7,90.4,--,85.2,8.1,6.7,10.3,0.7,5.7,8.2,9.5,9.2,15,9.4,8.7,6.5,5.9,8.2,4.3,2,--,14.5,3.9,1.7,7.2,1.2,1.9,1.5,1.7,1.8,5.8,7.5,7.9,8.1,10.9,14,12,7.6,--,0.3
2013,RR,Rural,Municipal,89.9,91.6,79.9,98.4,92,88.5,86.4,91.8,72.4,80.8,82.9,86.2,100,100,--,100,--,--,7.8,6.9,13.1,0.5,6.1,9.7,12.1,7.1,21,12.9,7.9,8.2,0,0,--,0,--,--,2.3,1.5,7,1.1,1.9,1.8,1.5,1.1,6.6,6.3,9.2,5.6,0,0,--,0,--,--
2013,RR,Rural,Federal,--,--,--,--,--,--,--,--,--,--,--,--,86.4,80.4,97.5,100,--,85.2,--,--,--,--,--,--,--,--,--,--,--,--,13.3,19.6,2.5,0,--,14.5,--,--,--,--,--,--,--,--,--,--,--,--,0.3,0,0,0,--,0.3
2013,RR,Rural,Estadual,87.1,91.7,82.8,97.7,92.7,91.9,90.8,87.1,80.1,83.4,83.5,85.2,82.7,77.5,83.2,90.2,--,--,8.3,6.6,9.9,1,5.4,6.8,7.4,10.7,14.1,8.9,8.8,6.3,5.1,7.7,4.4,2,--,--,4.6,1.7,7.3,1.3,1.9,1.3,1.8,2.2,5.8,7.7,7.7,8.5,12.2,14.8,12.4,7.8,--,--
2013,RR,Urbana,Total,89.8,95.2,82.8,98.8,95.1,93.5,93,94.7,83.3,84.8,82.8,80.5,75.2,65.7,79.9,87.6,91.4,62.5,7.9,4.1,12.8,0.5,4.5,6,6.2,4.4,13.6,11.9,12.7,12.9,16.9,23.5,13.5,8.4,6.7,12.5,2.3,0.7,4.4,0.7,0.4,0.5,0.8,0.9,3.1,3.3,4.5,6.6,7.9,10.8,6.6,4,1.9,25
2013,RR,Urbana,Publico,89,94.9,81.8,98.7,94.6,92.9,92.5,94.4,82.3,84.2,81.5,79.3,73.5,63.8,78.5,86.5,91.4,62.5,8.5,4.5,13.4,0.6,4.9,6.6,6.7,4.7,14.3,12.3,13.5,13.6,17.9,24.7,14.3,9.2,6.7,12.5,2.5,0.6,4.8,0.7,0.5,0.5,0.8,0.9,3.4,3.5,5,7.1,8.6,11.5,7.2,4.3,1.9,25
2013,RR,Urbana,Privada,97.9,99.2,95.8,99.5,99.3,99.8,98.8,98.5,95.3,92.9,98.7,96.2,95.3,93.4,94.6,99.1,--,--,2,0.7,4,0.2,0.6,0.2,1.2,1.5,4.7,6.7,1.3,3.6,4.6,6.4,5.2,0.9,--,--,0.1,0.1,0.2,0.3,0.1,0,0,0,0,0.4,0,0.2,0.1,0.2,0.2,0,--,--
2013,RR,Urbana,Municipal,94.8,95.2,76.3,98.7,94.4,92.6,92.7,95.5,69,78.1,87.2,85,--,--,--,--,--,--,4.5,4.2,21.7,0.6,5.1,6.8,6.5,3.6,30.6,18.5,10.5,12.5,--,--,--,--,--,--,0.7,0.6,2,0.7,0.5,0.6,0.8,0.9,0.4,3.4,2.3,2.5,--,--,--,--,--,--
2013,RR,Urbana,Federal,94.2,100,90.8,100,100,100,100,100,98,92,75.4,100,87.4,80.4,86.8,91.6,91.3,62.5,5.8,0,9.2,0,0,0,0,0,2,8,24.6,0,10.1,16.9,10.3,8,6.7,12.5,0,0,0,0,0,0,0,0,0,0,0,0,2.5,2.7,2.9,0.4,2,25
2013,RR,Urbana,Estadual,83.5,92.8,81.9,0,97.6,94.1,91.8,91.9,82.7,84.3,81.5,79.1,72.6,63.3,78,86,91.5,--,12.3,6.3,13.3,100,1.9,5.4,7.3,7,13.9,12.1,13.5,13.7,18.4,24.9,14.5,9.3,6.8,--,4.2,0.9,4.8,0,0.5,0.5,0.9,1.1,3.4,3.6,5,7.2,9,11.8,7.5,4.7,1.7,--
2013,PA,Total,Total,83.5,86.3,79.4,96.1,95,80.7,81.7,81.5,73.9,79.2,83.6,83.7,70.7,65.9,73.2,74.8,89.1,64.4,12,10.5,14.2,0.7,2.6,16.5,15.1,14.5,18.7,14.4,10.5,10.6,12.7,14.5,10.9,12.1,8.5,4.4,4.5,3.2,6.4,3.2,2.4,2.8,3.2,4,7.4,6.4,5.9,5.7,16.6,19.6,15.9,13.1,2.4,31.2
2013,PA,Total,Publico,82.4,85.4,77.9,95.9,94.7,79.4,80.5,80.2,72.2,77.9,82.3,82.3,68.2,63.5,70.7,72.1,89.1,62.8,12.8,11.3,15.1,0.6,2.7,17.6,16,15.5,19.8,15.2,11.2,11.4,13.6,15.2,11.7,13.3,8.5,4.3,4.8,3.3,7,3.5,2.6,3,3.5,4.3,8,6.9,6.5,6.3,18.2,21.3,17.6,14.6,2.4,32.9
2013,PA,Total,Privada,96.5,97.8,94.9,97.7,98.1,97.6,97.5,97.8,94.6,94.3,95.5,95,94.9,92.5,96,96.5,--,95.1,3,1.8,4.7,1.5,1.4,2,2.2,1.9,5,5.2,4.1,4.4,4.1,6.4,3.2,2.6,--,4.9,0.5,0.4,0.4,0.8,0.5,0.4,0.3,0.3,0.4,0.5,0.4,0.6,1,1.1,0.8,0.9,--,0
2013,PA,Total,Municipal,83.8,85.4,80.8,95.9,94.5,80.4,79,80.8,74.5,80.7,85.3,86.7,70.2,62.7,76.9,78.3,--,--,11.6,11.2,12.5,0.7,2.9,16.7,17.4,14.9,17.7,12.6,8.7,7.4,29.2,37.3,21.5,21.7,--,--,4.6,3.4,6.7,3.4,2.6,2.9,3.6,4.3,7.8,6.7,6,5.9,0.6,0,1.6,0,--,--
2013,PA,Total,Federal,89.3,95.8,84.5,98.9,99.3,98.1,95.7,91.1,93.4,89.3,88.3,67.6,81.3,80,76.6,89.2,82.6,42.4,10.6,4.2,15.4,1.1,0.7,1.9,4.3,8.9,6.6,10.7,11.4,32.4,12.1,15.3,11.4,7.6,13.5,57.6,0.1,0,0.1,0,0,0,0,0,0,0,0.3,0,6.6,4.7,12,3.2,3.9,0
2013,PA,Total,Estadual,74.9,84.4,70.3,96.2,97.5,69.4,97.2,75.6,65.6,69.9,74.9,72.7,68,63.5,70.6,71.9,98.7,63.7,18.7,12,21.8,0.3,0.4,26.1,1.1,19.6,25.9,22.2,17.5,20.2,13.6,15.2,11.7,13.3,1.3,2.1,6.4,3.6,7.9,3.5,2.1,4.5,1.7,4.8,8.5,7.9,7.6,7.1,18.4,21.3,17.7,14.8,0,34.2
2013,PA,Rural,Total,82.1,82.4,81.6,94.7,93.9,78.1,74.2,76.4,74.8,83.3,85.5,86.8,72.9,68.6,74,78.1,98,57.8,12.1,13,10.2,0.9,2.6,18,20.7,17.7,15.4,9.1,6.8,6.3,9.8,11.1,8.4,9.1,2,42.2,5.8,4.6,8.2,4.4,3.5,3.9,5.1,5.9,9.8,7.6,7.7,6.9,17.3,20.3,17.6,12.8,0,0
2013,PA,Rural,Publico,82.1,82.4,81.6,94.7,93.9,78.1,74.2,76.4,74.8,83.2,85.5,86.8,72.5,68.5,73.7,77.7,98,42.4,12.1,13,10.2,0.9,2.6,18,20.7,17.8,15.5,9,6.7,6.3,9.9,11.2,8.5,9.3,2,57.6,5.8,4.6,8.2,4.4,3.5,3.9,5.1,5.8,9.7,7.8,7.8,6.9,17.6,20.3,17.8,13,0,0
2013,PA,Rural,Privada,86.4,86.1,87.2,98.3,90.2,76.1,85.6,81.3,91.7,89,80.5,88.5,86,76.9,90.2,91.8,--,100,11,11.7,9.3,1.3,7.5,20.6,13,14.7,3.7,11,16.9,4.8,3.7,6.6,3.1,1,--,0,2.6,2.2,3.5,0.4,2.3,3.3,1.4,4,4.6,0,2.6,6.7,10.3,16.5,6.7,7.2,--,0
2013,PA,Rural,Municipal,82.4,82.5,82.2,94.7,93.9,78.3,74,76.6,74.8,84,86.4,88.5,98.2,100,96.4,--,--,--,11.9,13,9.4,0.9,2.6,17.8,20.9,17.5,15.1,8.1,5.9,4.6,0,0,0,--,--,--,5.7,4.5,8.4,4.4,3.5,3.9,5.1,5.9,10.1,7.9,7.7,6.9,1.8,0,3.6,--,--,--
2013,PA,Rural,Federal,--,--,--,--,--,--,--,--,--,--,--,--,80.6,--,--,98.6,--,42.4,--,--,--,--,--,--,--,--,--,--,--,--,19.4,--,--,1.4,--,57.6,--,--,--,--,--,--,--,--,--,--,--,--,0,--,--,0,--,0
2013,PA,Rural,Estadual,77.5,78.5,77.2,96.5,96,64.9,91.2,69.1,74.2,78.2,79.9,77.3,72.5,68.4,73.6,77.5,98,--,15.8,17,15.6,0,1.2,29.4,5.1,25.9,18.5,15.5,12.1,15.4,9.9,11.3,8.5,9.4,2,--,6.7,4.5,7.2,3.5,2.8,5.7,3.7,5,7.3,6.3,8,7.3,17.6,20.3,17.9,13.1,0,--
2013,PA,Urbana,Total,84.2,88.8,78.5,96.9,95.7,82.3,86.8,84.6,73.5,77.6,82.9,82.7,70.5,65.7,73.1,74.5,88.5,64.7,12,8.9,15.8,0.6,2.6,15.5,11.2,12.6,20.1,16.5,12,12.2,12.9,14.8,11.1,12.3,9,2.2,3.8,2.3,5.7,2.5,1.7,2.2,2,2.8,6.4,5.9,5.1,5.1,16.6,19.5,15.8,13.2,2.5,33.1
2013,PA,Urbana,Publico,82.5,87.5,76.2,96.7,95.3,80.3,85.4,82.9,71,75.4,80.9,80.5,67.7,63.1,70.4,71.6,88.5,63.7,13.2,10,17.3,0.4,2.8,17.3,12.4,13.9,21.9,17.9,13.3,13.5,13.9,15.6,12,13.6,9,2.1,4.3,2.5,6.5,2.9,1.9,2.4,2.2,3.2,7.1,6.7,5.8,6,18.4,21.3,17.6,14.8,2.5,34.2
2013,PA,Urbana,Privada,96.6,98,94.9,97.7,98.2,98.1,97.7,98,94.7,94.4,95.6,95.1,95.1,92.8,96.1,96.5,--,93.1,2.9,1.6,4.7,1.5,1.3,1.6,2,1.7,5,5.2,4,4.4,4.1,6.4,3.2,2.6,--,6.9,0.5,0.4,0.4,0.8,0.5,0.3,0.3,0.3,0.3,0.4,0.4,0.5,0.8,0.8,0.7,0.9,--,0
2013,PA,Urbana,Municipal,84.8,87.9,79.9,96.8,94.9,82.1,83.4,84.3,74.3,78.8,84.6,85.7,56.5,43.6,62.2,78.3,--,--,11.5,9.7,14.4,0.4,3.1,15.9,14.2,12.8,19.4,15.3,10.4,8.9,43.5,56.4,37.8,21.7,--,--,3.7,2.4,5.7,2.8,2,2,2.4,2.9,6.3,5.9,5,5.4,0,0,0,0,--,--
2013,PA,Urbana,Federal,89.3,95.8,84.5,98.9,99.3,98.1,95.7,91.1,93.4,89.3,88.3,67.6,81.3,80,76.6,88.3,82.6,--,10.6,4.2,15.4,1.1,0.7,1.9,4.3,8.9,6.6,10.7,11.4,32.4,11.8,15.3,11.4,8.2,13.5,--,0.1,0,0.1,0,0,0,0,0,0,0,0.3,0,6.9,4.7,12,3.5,3.9,--
2013,PA,Urbana,Estadual,74.5,84.9,69.2,96.2,97.6,69.8,97.6,76.4,64.2,68.5,74.1,71.9,67.6,63,70.3,71.5,98.9,63.7,19.1,11.6,22.9,0.3,0.3,25.9,0.7,18.9,27.1,23.4,18.5,21,13.9,15.6,12,13.7,1.1,2.1,6.4,3.5,7.9,3.5,2.1,4.3,1.7,4.7,8.7,8.1,7.4,7.1,18.5,21.4,17.7,14.8,0,34.2
2013,AP,Total,Total,86.4,88.8,83.2,96.7,97.7,82,83.8,86.3,77.6,82.8,86.5,88,73,66.3,76.2,79.8,84.9,82.5,10.5,9.4,12,1,1.1,16.5,14.4,11.6,16.9,12.6,9.4,7.3,12.7,16.2,10.8,9.2,7.7,15,3.1,1.8,4.8,2.3,1.2,1.5,1.8,2.1,5.5,4.6,4.1,4.7,14.3,17.5,13,11,7.4,2.5
2013,AP,Total,Publico,85.5,88,82.2,96.5,97.5,80.8,82.6,85.3,76.4,81.8,85.6,86.9,70.8,64,74.2,77.7,85.1,82.5,11.3,10.1,12.7,1.1,1.2,17.6,15.5,12.4,17.8,13.2,10,8,13.7,17.2,11.7,10.2,8.4,15,3.2,1.9,5.1,2.4,1.3,1.6,1.9,2.3,5.8,5,4.4,5.1,15.5,18.8,14.1,12.1,6.5,2.5
2013,AP,Total,Privada,97.9,98.8,96.7,98.5,99.3,97.8,99.2,99.1,95.4,95.6,96.6,99.2,97.2,96.7,97.2,98.1,82.6,--,1.7,0.7,2.9,0.2,0,1.9,0.7,0.9,4.2,4,3,0.7,1.7,2.3,1.8,0.8,0,--,0.4,0.5,0.4,1.3,0.7,0.3,0.1,0,0.4,0.4,0.4,0.1,1.1,1,1,1.1,17.4,--
2013,AP,Total,Municipal,89.4,90.1,81.6,96.4,97.8,82.9,85.4,86.1,76.5,80.3,83.9,90,--,--,--,--,--,--,8.6,8.1,14.5,1.1,1,15.7,12.7,11.9,20.2,13.9,11.9,7.6,--,--,--,--,--,--,2,1.8,3.9,2.5,1.2,1.4,1.9,2,3.3,5.8,4.2,2.4,--,--,--,--,--,--
2013,AP,Total,Federal,--,--,--,--,--,--,--,--,--,--,--,--,83.1,77.9,81.7,91.6,--,--,--,--,--,--,--,--,--,--,--,--,--,--,15.8,20.6,17.1,8,--,--,--,--,--,--,--,--,--,--,--,--,--,--,1.1,1.5,1.2,0.4,--,--
2013,AP,Total,Estadual,83.3,85,82.2,96.9,97.1,78.7,79.6,84.4,76.4,81.9,85.7,86.7,70.5,63.7,74,77.3,85.1,82.5,12.7,12.9,12.6,1,1.6,19.6,18.4,13,17.6,13.1,9.8,8,13.6,17.1,11.5,10.3,8.4,15,4,2.1,5.2,2.1,1.3,1.7,2,2.6,6,5,4.5,5.3,15.9,19.2,14.5,12.4,6.5,2.5
2013,AP,Rural,Total,85,85.5,84,95.9,97,78,79,81.5,80.8,84.6,84.6,88.3,77.3,72.5,76.9,84.9,82.6,--,10.9,12.3,8.4,1.4,1.5,20.2,19,15.9,12.8,8.1,6.3,3.7,7.4,10.5,6.9,3.2,0,--,4.1,2.2,7.6,2.7,1.5,1.8,2,2.6,6.4,7.3,9.1,8,15.3,17,16.2,11.9,17.4,--
2013,AP,Rural,Publico,85,85.5,84.1,95.9,97,78,79,81.5,81,84.7,84.6,88.1,76.6,71.8,76.1,84.6,--,--,10.9,12.3,8.3,1.4,1.5,20.2,19,15.9,12.7,8,6.3,3.7,7.7,10.8,7.1,3.5,--,--,4.1,2.2,7.6,2.7,1.5,1.8,2,2.6,6.3,7.3,9.1,8.2,15.7,17.4,16.8,11.9,--,--
2013,AP,Rural,Privada,80.4,--,80.4,--,--,--,--,--,65,72.7,85,97.5,86.7,84.1,88.4,88.9,82.6,--,12.4,--,12.4,--,--,--,--,--,22.5,18.2,7.5,2.5,3,5.8,4.3,0,0,--,7.2,--,7.2,--,--,--,--,--,12.5,9.1,7.5,0,10.3,10.1,7.3,11.1,17.4,--
2013,AP,Rural,Municipal,88.5,88.3,90.7,96.2,98.2,81.8,82.4,82.8,90.1,91.8,86,95.1,--,--,--,--,--,--,9.3,9.8,3.7,1.3,0.6,17.2,15.4,14.8,6.1,3.3,3.1,0.8,--,--,--,--,--,--,2.2,1.9,5.6,2.5,1.2,1,2.2,2.4,3.8,4.9,10.9,4.1,--,--,--,--,--,--
2013,AP,Rural,Estadual,83.6,83.6,83.6,95.6,96.1,75.5,76.9,80.7,80.3,84.2,84.5,87.5,76.6,71.8,76.1,84.6,--,--,11.6,14.1,8.7,1.4,2.2,22.2,21.3,16.6,13.2,8.3,6.5,4,7.7,10.8,7.1,3.5,--,--,4.8,2.3,7.7,3,1.7,2.3,1.8,2.7,6.5,7.5,9,8.5,15.7,17.4,16.8,11.9,--,--
2013,AP,Urbana,Total,86.8,89.7,83.1,96.9,97.9,83.1,85.3,87.7,76.9,82.4,86.8,88,72.5,65.6,76.1,79.2,85.1,82.5,10.4,8.6,12.7,0.9,1,15.5,13,10.3,17.8,13.5,10,7.9,13.2,16.7,11.2,9.9,8.4,15,2.8,1.7,4.2,2.2,1.1,1.4,1.7,2,5.3,4.1,3.2,4.1,14.3,17.7,12.7,10.9,6.5,2.5
2013,AP,Urbana,Publico,85.6,88.7,81.7,96.8,97.7,81.7,83.8,86.5,75.3,81.2,85.7,86.7,70.2,63.3,74,76.9,85.1,82.5,11.3,9.4,13.6,1,1.1,16.8,14.3,11.2,19,14.3,10.7,8.8,14.3,17.8,12.1,10.9,8.4,15,3.1,1.9,4.7,2.2,1.2,1.5,1.9,2.3,5.7,4.5,3.6,4.5,15.5,18.9,13.9,12.2,6.5,2.5
2013,AP,Urbana,Privada,98.2,98.8,97.3,98.5,99.3,97.8,99.2,99.1,96.6,96.4,97.1,99.3,98.1,97.6,97.8,98.9,--,--,1.5,0.7,2.6,0.2,0,1.9,0.7,0.9,3.4,3.5,2.8,0.6,1.6,2.1,1.6,0.9,--,--,0.3,0.5,0.1,1.3,0.7,0.3,0.1,0,0,0.1,0.1,0.1,0.3,0.3,0.6,0.2,--,--
2013,AP,Urbana,Municipal,89.6,90.5,79.8,96.5,97.7,83.2,86.1,86.9,73.9,77.7,83.6,88.9,--,--,--,--,--,--,8.5,7.7,16.6,1.1,1.1,15.4,12.1,11.2,22.9,16.3,13.5,9,--,--,--,--,--,--,1.9,1.8,3.6,2.4,1.2,1.4,1.8,1.9,3.2,6,2.9,2.1,--,--,--,--,--,--
2013,AP,Urbana,Federal,--,--,--,--,--,--,--,--,--,--,--,--,83.1,77.9,81.7,91.6,--,--,--,--,--,--,--,--,--,--,--,--,--,--,15.8,20.6,17.1,8,--,--,--,--,--,--,--,--,--,--,--,--,--,--,1.1,1.5,1.2,0.4,--,--
2013,AP,Urbana,Estadual,83.2,85.8,81.9,97.9,97.8,79.9,80.9,86.1,75.5,81.5,85.9,86.5,69.8,62.9,73.8,76.4,85.1,82.5,13.1,12.4,13.4,0.8,1.1,18.5,17.1,11.3,18.6,14.2,10.5,8.8,14.2,17.8,12,11,8.4,15,3.7,1.8,4.7,1.3,1.1,1.6,2,2.6,5.9,4.3,3.6,4.7,16,19.3,14.2,12.6,6.5,2.5
2013,TO,Total,Total,90.2,95.4,83.7,99.3,98.9,95.9,91.3,92.2,81.8,82.2,84.2,87.3,79.6,72.6,81.6,88.4,88.4,73.9,8.3,4,13.7,0.2,0.6,3.5,8,6.9,15.9,15.1,12.8,10.2,13.5,18.3,12,7.7,4.8,4.5,1.5,0.6,2.6,0.5,0.5,0.6,0.7,0.9,2.3,2.7,3,2.5,6.9,9.1,6.4,3.9,6.8,21.6
2013,TO,Total,Publico,89.7,95.1,83.1,99.3,98.9,95.7,90.7,91.8,81,81.5,83.6,86.8,78.8,71.8,80.9,87.8,88.4,73.9,8.7,4.2,14.1,0.2,0.6,3.7,8.5,7.2,16.5,15.7,13.2,10.5,13.9,18.7,12.4,8,4.8,4.5,1.6,0.7,2.8,0.5,0.5,0.6,0.8,1,2.5,2.8,3.2,2.7,7.3,9.5,6.7,4.2,6.8,21.6
2013,TO,Total,Privada,97.1,98.8,94.1,99.1,99.2,98.8,98.4,98.2,94.6,94.4,93.1,94.3,92.2,88,92.9,96.9,--,--,2.8,1.1,5.8,0.7,0.6,1.1,1.6,1.6,5.3,5.6,6.8,5.6,7.4,11.6,6.9,2.8,--,--,0.1,0.1,0.1,0.2,0.2,0.1,0,0.2,0.1,0,0.1,0.1,0.4,0.4,0.2,0.3,--,--
2013,TO,Total,Municipal,93.1,95.4,86.2,99.4,98.8,94.3,91.2,92.6,82.6,83.7,88.1,92.6,89.9,81.8,90,97.2,--,--,5.8,4,11.2,0.1,0.8,5.3,8,6.6,14.8,13.2,9.3,5.2,6.1,12.1,3.3,2.8,--,--,1.1,0.6,2.6,0.5,0.4,0.4,0.8,0.8,2.6,3.1,2.6,2.2,4,6.1,6.7,0,--,--
2013,TO,Total,Federal,--,--,--,--,--,--,--,--,--,--,--,--,76.5,61.7,83.6,92,86.6,--,--,--,--,--,--,--,--,--,--,--,--,--,20.3,35.6,14.6,5.2,4.6,--,--,--,--,--,--,--,--,--,--,--,--,--,3.2,2.7,1.8,2.8,8.8,--
2013,TO,Total,Estadual,86.4,94.4,81.9,98.9,99,98.6,90,90.8,80.4,80.7,82.1,84.9,78.8,72.1,80.8,87.7,91.7,73.9,11.5,4.7,15.3,0.3,0.1,0.6,9.1,8.1,17.3,16.6,14.6,12.2,13.7,18.2,12.3,8.1,5,4.5,2.1,0.9,2.8,0.8,0.9,0.8,0.9,1.1,2.3,2.7,3.3,2.9,7.5,9.7,6.9,4.2,3.3,21.6
2013,TO,Rural,Total,88.9,92.6,83,97.9,97,93.6,86.7,88.6,78.7,80.4,85.2,89.7,85.3,78.2,87.9,95.3,87.5,73.9,7.8,5.3,11.8,0.5,1.3,4.8,10.9,8.3,16,14.3,8.5,6.4,8.5,14.2,5.7,2.7,6.3,4.5,3.3,2.1,5.2,1.6,1.7,1.6,2.4,3.1,5.3,5.3,6.3,3.9,6.2,7.6,6.4,2,6.2,21.6
2013,TO,Rural,Publico,88.8,92.5,82.6,97.9,97,93.6,86.5,88.4,78.3,79.9,84.7,89.4,84.4,77.2,87.1,94.8,87.5,73.9,7.9,5.3,12.1,0.5,1.3,4.8,11,8.4,16.2,14.7,8.8,6.6,9.1,14.8,6.1,2.9,6.3,4.5,3.3,2.2,5.3,1.6,1.7,1.6,2.5,3.2,5.5,5.4,6.5,4,6.5,8,6.8,2.3,6.2,21.6
2013,TO,Rural,Privada,98.4,98.3,98.6,100,100,95.8,98.7,98.7,95.5,100,99,100,99.6,98.8,100,100,--,--,1.4,1.7,1.1,0,0,4.2,1.3,1.3,4.5,0,0,0,0.4,1.2,0,0,--,--,0.2,0,0.3,0,0,0,0,0,0,0,1,0,0,0,0,0,--,--
2013,TO,Rural,Municipal,91.3,93.7,86,98.7,97.9,93.9,87.7,90.3,80,83.3,89.7,94.6,89.9,81.8,90,97.2,--,--,6.9,5.2,10.4,0.3,1.3,5.4,11,8.1,16.5,12.7,6.6,2.6,6.1,12.1,3.3,2.8,--,--,1.8,1.1,3.6,1,0.8,0.7,1.3,1.6,3.5,4,3.7,2.8,4,6.1,6.7,0,--,--
2013,TO,Rural,Federal,--,--,--,--,--,--,--,--,--,--,--,--,86.4,73.2,94.8,98.6,--,--,--,--,--,--,--,--,--,--,--,--,--,--,12.6,25.7,3.7,1.4,--,--,--,--,--,--,--,--,--,--,--,--,--,--,1,1.1,1.5,0,--,--
2013,TO,Rural,Estadual,82,87.7,77.1,93.7,92.7,92.2,82.3,82.8,75.4,75,76.8,82,83.8,77.8,85.4,93.8,87.5,73.9,10.5,5.8,14.7,1.3,1.1,2,11.2,9.1,15.8,17.5,12.3,12.2,8.5,12.8,6.7,3.3,6.3,4.5,7.5,6.5,8.2,5,6.2,5.8,6.5,8.1,8.8,7.5,10.9,5.8,7.7,9.4,7.9,2.9,6.2,21.6
2013,TO,Urbana,Total,90.4,95.9,83.8,99.5,99.3,96.4,92.2,93,82.2,82.5,84.1,87,79.2,72.3,81.3,88,88.5,--,8.4,3.7,13.9,0.2,0.5,3.3,7.4,6.6,15.9,15.2,13.4,10.7,13.8,18.6,12.4,8,4.5,--,1.2,0.4,2.3,0.3,0.2,0.3,0.4,0.4,1.9,2.3,2.5,2.3,7,9.1,6.3,4,7,--
2013,TO,Urbana,Publico,89.8,95.6,83.2,99.6,99.3,96.2,91.6,92.5,81.5,81.7,83.5,86.5,78.4,71.5,80.5,87.4,88.5,--,8.9,4,14.4,0.1,0.5,3.5,7.9,7,16.6,15.8,13.8,11,14.2,18.9,12.7,8.3,4.5,--,1.3,0.4,2.4,0.3,0.2,0.3,0.5,0.5,1.9,2.5,2.7,2.5,7.4,9.6,6.8,4.3,7,--
2013,TO,Urbana,Privada,97,98.8,93.8,99.1,99.2,98.9,98.4,98.2,94.6,94.1,92.7,94,91.7,87.3,92.5,96.7,--,--,2.9,1.1,6.1,0.7,0.7,1,1.6,1.6,5.3,5.9,7.3,5.9,7.9,12.2,7.3,3.1,--,--,0.1,0.1,0.1,0.2,0.1,0.1,0,0.2,0.1,0,0,0.1,0.4,0.5,0.2,0.2,--,--
2013,TO,Urbana,Municipal,93.6,95.8,86.2,99.5,99.1,94.4,92.2,93.2,83.6,83.9,87.5,91.8,--,--,--,--,--,--,5.5,3.7,11.5,0.1,0.7,5.3,7.2,6.1,14.1,13.4,10.4,6.2,--,--,--,--,--,--,0.9,0.5,2.3,0.4,0.2,0.3,0.6,0.7,2.3,2.7,2.1,2,--,--,--,--,--,--
2013,TO,Urbana,Federal,--,--,--,--,--,--,--,--,--,--,--,--,72.2,56.4,77.7,87.9,86.6,--,--,--,--,--,--,--,--,--,--,--,--,--,23.7,40.2,20.4,7.5,4.6,--,--,--,--,--,--,--,--,--,--,--,--,--,4.1,3.4,1.9,4.6,8.8,--
2013,TO,Urbana,Estadual,86.8,95.2,82.3,99.8,99.8,99.2,90.8,91.8,80.7,81.1,82.4,85.1,78.6,71.8,80.6,87.4,94.4,--,11.6,4.5,15.3,0.1,0,0.5,8.9,8,17.4,16.5,14.7,12.2,14,18.4,12.6,8.3,4.2,--,1.6,0.3,2.4,0.1,0.2,0.3,0.3,0.2,1.9,2.4,2.9,2.7,7.4,9.8,6.8,4.3,1.4,--
2013,MA,Total,Total,88.2,91.6,84.1,97.3,96.3,89.4,88.6,87.4,80.6,82.8,86,88.6,77.4,71.5,78.2,85.5,89.7,83.1,8.5,6.4,11.1,0.8,1.9,8.7,9.2,10.1,15,12.2,9.2,6.4,11.7,15.5,11.2,6.5,0.5,7.5,3.3,2,4.8,1.9,1.8,1.9,2.2,2.5,4.4,5,4.8,5,10.9,13,10.6,8,9.8,9.4
2013,MA,Total,Publico,87.5,90.9,83.3,97.1,96,88.5,87.7,86.6,79.7,82,85.3,88.1,76.2,70.4,76.8,84.3,87.5,84.4,9,6.9,11.5,0.8,2,9.4,9.9,10.8,15.6,12.7,9.6,6.5,12.3,16,11.8,7,0.9,7.4,3.5,2.2,5.2,2.1,2,2.1,2.4,2.6,4.7,5.3,5.1,5.4,11.5,13.6,11.4,8.7,11.6,8.2
2013,MA,Total,Privada,96.5,97.9,94,98.7,98.4,97.4,97.7,97,93.2,93.5,95,94.7,92.4,87.2,93.9,96.8,92.7,66.7,3,1.7,5.3,0.9,1.2,2.2,2,2.5,6,5.9,4.5,4.8,5.1,9.3,4.1,1.9,0,8,0.5,0.4,0.7,0.4,0.4,0.4,0.3,0.5,0.8,0.6,0.5,0.5,2.5,3.5,2,1.3,7.3,25.3
2013,MA,Total,Municipal,87.5,91,83,97.3,96.2,88.6,87.8,86.5,79.3,81.7,85.2,88,77.1,67.9,77.7,85.6,88.1,--,8.9,6.8,11.6,0.7,1.9,9.4,9.9,10.8,15.9,12.7,9.5,6.2,3.6,5.2,4.6,1.5,0.7,--,3.6,2.2,5.4,2,1.9,2,2.3,2.7,4.8,5.6,5.3,5.8,19.3,26.9,17.7,12.9,11.2,--
2013,MA,Total,Federal,90.3,97.1,86.2,90,100,100,96.1,98.6,87,93.9,69.1,93.8,88.5,89.8,88.3,88.3,--,86.6,9.5,2.3,13.8,0,0,0,3.9,1.4,13,6.1,30.9,6.2,7.9,6.8,7.7,9.7,--,7.7,0.2,0.6,0,10,0,0,0,0,0,0,0,0,3.6,3.4,4,2,--,5.7
2013,MA,Total,Estadual,86.5,87,86.2,85.8,89.8,86,86.1,87.3,84.3,85.2,86.3,88.5,75.8,70.1,76.5,84.2,86.8,58.2,9.8,8.3,10.4,7.2,5.7,9,9.3,9,11.9,11.8,10.4,8.1,12.5,16.3,12,7,1.1,3.8,3.7,4.7,3.4,7,4.5,5,4.6,3.7,3.8,3,3.3,3.4,11.7,13.6,11.5,8.8,12.1,38
2013,MA,Rural,Total,88,90.8,83.8,96.7,95.7,89.7,87.1,86.2,79.7,83.4,85.9,88.8,78.6,74.2,79.2,85.2,78.3,92.6,8.3,6.9,10.3,1.2,2.3,8.3,10.3,11.1,15.1,10.8,7.8,4.8,8.8,11.5,8.3,4.7,1.2,0.8,3.7,2.3,5.9,2.1,2,2,2.6,2.7,5.2,5.8,6.3,6.4,12.6,14.3,12.5,10.1,20.5,6.6
2013,MA,Rural,Publico,87.9,90.7,83.7,96.7,95.7,89.6,87,86.1,79.6,83.3,85.8,88.8,78.3,74.1,78.8,84.9,83.4,92.6,8.4,7,10.4,1.2,2.4,8.4,10.4,11.2,15.2,10.8,7.8,4.8,9,11.7,8.6,4.8,1.4,0.8,3.7,2.3,5.9,2.1,1.9,2,2.6,2.7,5.2,5.9,6.4,6.4,12.7,14.2,12.6,10.3,15.2,6.6
2013,MA,Rural,Privada,94.4,97.3,89.8,98.3,98.3,96.2,97.4,95.7,88.4,89.3,91.4,90.3,84.1,76.4,87.9,93.4,42.9,--,3.6,1.8,6.5,0.8,0.5,2.6,2.1,3.6,8,7.2,5.1,5.2,4.2,6.5,2.8,2.4,0,--,2,0.9,3.7,0.9,1.2,1.2,0.5,0.7,3.6,3.5,3.5,4.5,11.7,17.1,9.3,4.2,57.1,--
2013,MA,Rural,Municipal,88,91,83.6,97.1,96.2,89.9,87.2,86.1,79.2,83.1,85.7,88.9,80.8,75.8,81.1,87.7,81.1,--,8.4,6.9,10.5,0.9,2,8.4,10.5,11.3,15.7,11,7.8,4.7,3.3,4.6,4.3,1.2,0.8,--,3.6,2.1,5.9,2,1.8,1.7,2.3,2.6,5.1,5.9,6.5,6.4,15.9,19.6,14.6,11.1,18.1,--
2013,MA,Rural,Federal,93.9,90.4,97.9,90,100,100,78.6,91.7,100,87.5,100,100,89.3,88.8,93.2,84.9,--,93.8,5.1,7.7,2.1,0,0,0,21.4,8.3,0,12.5,0,0,6.1,6.8,3.6,9.2,--,0,1,1.9,0,10,0,0,0,0,0,0,0,0,4.6,4.4,3.2,5.9,--,6.2
2013,MA,Rural,Estadual,84.9,83.2,86.6,73.1,84.3,84.3,83.3,84.8,85.7,87.2,87.4,86.5,77.7,73.4,78.2,84.7,95.7,77.8,8.6,9.3,7.8,14.9,9,8.2,9.4,8.6,8.3,7.8,7.6,7.3,9.3,12.2,8.9,4.8,4.3,11.1,6.5,7.5,5.6,12,6.7,7.5,7.3,6.6,6,5,5,6.2,13,14.4,12.9,10.5,0,11.1
2013,MA,Urbana,Total,88.4,92.1,84.3,97.7,96.7,89.1,89.7,88.4,81.1,82.5,86.1,88.5,77.2,71,78,85.5,91.3,81.9,8.6,6,11.5,0.5,1.6,9.1,8.3,9.3,14.9,13,9.9,7.1,12.2,16.3,11.7,6.8,0.4,8.3,3,1.9,4.2,1.8,1.7,1.8,2,2.3,4,4.5,4,4.4,10.6,12.7,10.3,7.7,8.3,9.8
2013,MA,Urbana,Publico,87.1,91,83.1,97.4,96.3,87.6,88.4,87,79.8,81.2,85,87.7,75.8,69.8,76.5,84.2,88.4,83.2,9.4,6.8,12.2,0.5,1.7,10.3,9.4,10.4,15.8,13.8,10.6,7.4,12.8,16.7,12.4,7.4,0.8,8.3,3.5,2.2,4.7,2.1,2,2.1,2.2,2.6,4.4,5,4.4,4.9,11.4,13.5,11.1,8.4,10.8,8.5
2013,MA,Urbana,Privada,96.6,97.9,94.3,98.7,98.4,97.4,97.7,97.1,93.5,93.7,95.3,94.9,93.1,88.3,94.4,97,94.7,66.7,3,1.7,5.2,0.9,1.3,2.1,2,2.5,5.9,5.8,4.4,4.8,5.2,9.6,4.2,1.9,0,8,0.4,0.4,0.5,0.4,0.3,0.5,0.3,0.4,0.6,0.5,0.3,0.3,1.7,2.1,1.4,1.1,5.3,25.3
2013,MA,Urbana,Municipal,87.1,91,82.7,97.4,96.3,87.6,88.4,86.9,79.4,80.7,84.8,87.4,74.3,60.4,75.4,83.8,91.2,--,9.4,6.8,12.4,0.5,1.7,10.4,9.4,10.4,16,13.9,10.5,7.2,3.9,5.7,4.8,1.8,0.7,--,3.5,2.2,4.9,2.1,2,2,2.2,2.7,4.6,5.4,4.7,5.4,21.8,33.9,19.8,14.4,8.1,--
2013,MA,Urbana,Federal,89.3,100,83.9,--,--,--,100,100,83.6,94.8,64.4,92.2,88.3,90.2,86.9,89.4,--,85.6,10.7,0,16.1,--,--,--,0,0,16.4,5.2,35.6,7.8,8.5,6.8,8.9,9.9,--,8.8,0,0,0,--,--,--,0,0,0,0,0,0,3.2,3,4.2,0.7,--,5.6
2013,MA,Urbana,Estadual,87.1,90.4,86.1,97.8,97.5,87.7,88.4,88.7,83.7,84.6,86.1,88.8,75.5,69.5,76.3,84.1,86.2,55.7,10.3,7.5,11.2,0,1.1,9.8,9.3,9.2,13.7,13.2,11,8.2,13,17,12.5,7.4,0.9,2.9,2.6,2.1,2.7,2.2,1.4,2.5,2.3,2.1,2.6,2.2,2.9,3,11.5,13.5,11.2,8.5,12.9,41.4
2013,PI,Total,Total,85.2,88.4,81.1,96.3,94.5,83.3,84,86,74,80.5,84.9,88.6,77.3,68.8,79.5,86.8,92,75.3,12,9.8,14.7,2.2,4.1,15.1,13.9,11.7,21.1,15.4,11.2,7.9,9.3,13.9,8.2,4.2,3.4,2.2,2.8,1.8,4.2,1.5,1.4,1.6,2.1,2.3,4.9,4.1,3.9,3.5,13.4,17.3,12.3,9,4.6,22.5
2013,PI,Total,Publico,83.8,87.1,79.7,96.1,94.1,81.3,82.3,84.6,72,79,83.8,88.2,75.2,66.4,77.5,85.1,91.9,72.3,13,10.8,15.6,2.2,4.3,16.9,15.4,12.8,22.6,16.4,11.8,7.8,9.7,14.3,8.5,4.6,3.5,2.5,3.2,2.1,4.7,1.7,1.6,1.8,2.3,2.6,5.4,4.6,4.4,4,15.1,19.3,14,10.3,4.6,25.2
2013,PI,Total,Privada,95.1,97.4,92,97.4,97.6,97.7,97.2,96.8,92.5,92.1,92.1,91.4,93,88.7,93.1,97.8,95.2,100,4.6,2.4,7.6,2.2,2.1,2.2,2.7,3,7.2,7.6,7.6,8.2,6.2,10.5,6.2,1.3,1.6,0,0.3,0.2,0.4,0.4,0.3,0.1,0.1,0.2,0.3,0.3,0.3,0.4,0.8,0.8,0.7,0.9,3.2,0
2013,PI,Total,Municipal,84.6,87.2,80.3,96.1,94.2,81.3,82.2,84.5,72.2,79.7,84.9,90.2,78.1,73.7,81.5,82.4,80,--,12.5,10.8,15.1,2.2,4.2,17,15.5,13,22.6,15.9,10.7,5.9,5.5,8.1,1.7,5.2,0,--,2.9,2,4.6,1.7,1.6,1.7,2.3,2.5,5.2,4.4,4.4,3.9,16.4,18.2,16.8,12.4,20,--
2013,PI,Total,Federal,--,--,--,--,--,--,--,--,--,--,--,--,80.9,71.5,81.2,88.1,89.4,--,--,--,--,--,--,--,--,--,--,--,--,--,16.5,23.7,17.2,10.3,9.1,--,--,--,--,--,--,--,--,--,--,--,--,--,2.6,4.8,1.6,1.6,1.5,--
2013,PI,Total,Estadual,79,85.1,77.9,97.9,87.8,81.9,83.2,85.9,71.5,77.1,80.7,83.4,75,66.2,77.4,85,93.3,72.3,16.3,11.6,17.1,1.2,9.1,14.3,14,10.4,22.5,18,14.7,12.4,9.5,14.1,8.2,4.5,0.6,2.5,4.7,3.3,5,0.9,3.1,3.8,2.8,3.7,6,4.9,4.6,4.2,15.5,19.7,14.4,10.5,6.1,25.2
2013,PI,Rural,Total,85,87.1,81.3,95.8,93.7,82,81.4,85,73,80.9,86.4,90.4,77.6,70.7,78.2,86,97.1,--,11.7,10.9,13.1,2.6,4.8,16.2,16.3,12.4,21.1,13.6,7.9,4.6,5.9,8.9,4.6,3.5,0.5,--,3.3,2,5.6,1.6,1.5,1.8,2.3,2.6,5.9,5.5,5.7,5,16.5,20.4,17.2,10.5,2.4,--
2013,PI,Rural,Publico,85,87.1,81.3,95.8,93.7,82,81.3,84.9,72.9,80.8,86.4,90.3,76.9,70,77.4,85.5,98,--,11.7,10.9,13.1,2.6,4.8,16.2,16.3,12.4,21.2,13.6,7.9,4.7,6.2,9.2,4.8,3.6,0,--,3.3,2,5.6,1.6,1.5,1.8,2.4,2.7,5.9,5.6,5.7,5,16.9,20.8,17.8,10.9,2,--
2013,PI,Rural,Privada,93.6,96,92.4,88.5,100,100,100,91.7,82.1,98.6,90.5,100,94.8,88.8,98.9,100,94.4,--,5.9,3.4,7.2,7.7,0,0,0,8.3,16.7,1.4,9.5,0,0.6,0.9,0,0,1.9,--,0.5,0.6,0.4,3.8,0,0,0,0,1.2,0,0,0,4.6,10.3,1.1,0,3.7,--
2013,PI,Rural,Municipal,85.1,87.1,81.3,95.8,93.7,82,81.3,85,73,80.9,86.5,90.5,81.5,79,81.3,86.5,80,--,11.7,10.9,13.1,2.6,4.8,16.2,16.3,12.4,21.1,13.6,7.8,4.6,3.3,4.9,0,5.6,0,--,3.2,2,5.6,1.6,1.5,1.8,2.4,2.6,5.9,5.5,5.7,4.9,15.2,16.1,18.7,7.9,20,--
2013,PI,Rural,Federal,--,--,--,--,--,--,--,--,--,--,--,--,92.1,84.8,98.2,95.3,--,--,--,--,--,--,--,--,--,--,--,--,--,--,3.7,9.1,0,0,--,--,--,--,--,--,--,--,--,--,--,--,--,--,4.2,6.1,1.8,4.7,--,--
2013,PI,Rural,Estadual,73.2,74.5,73,--,100,60.7,60,78.9,58.1,73.5,83.1,78.5,76.2,69.1,76.6,85.2,98.6,--,19,23.5,18.1,--,0,39.3,33.3,18.4,29.8,19,10.2,12.1,6.4,9.4,5.2,3.6,0,--,7.8,2,8.9,--,0,0,6.7,2.7,12.1,7.5,6.7,9.4,17.4,21.5,18.2,11.2,1.4,--
2013,PI,Urbana,Total,85.3,89.1,81.1,96.6,95,83.9,85.5,86.5,74.4,80.3,84.4,88.1,77.3,68.7,79.5,86.8,91.4,75.3,12.1,9.2,15.2,2,3.6,14.6,12.6,11.4,21.1,16,12.3,8.8,9.5,14.2,8.4,4.2,3.8,2.2,2.6,1.7,3.7,1.4,1.4,1.5,1.9,2.1,4.5,3.7,3.3,3.1,13.2,17.1,12.1,9,4.8,22.5
2013,PI,Urbana,Publico,83.2,87.2,79.1,96.3,94.3,80.8,82.9,84.3,71.7,78.4,82.8,87.4,75.1,66.2,77.6,85.1,91.4,72.3,13.6,10.8,16.6,2,4,17.4,14.8,13.1,23.2,17.4,13.2,9,10,14.6,8.7,4.7,3.8,2.5,3.2,2,4.3,1.7,1.7,1.8,2.3,2.6,5.1,4.2,4,3.6,14.9,19.2,13.7,10.2,4.8,25.2
2013,PI,Urbana,Privada,95.1,97.4,92,97.4,97.6,97.7,97.2,96.8,92.6,92.1,92.1,91.4,92.9,88.7,93,97.7,100,100,4.6,2.4,7.6,2.2,2.2,2.2,2.7,3,7.1,7.6,7.5,8.3,6.3,10.6,6.3,1.3,0,0,0.3,0.2,0.4,0.4,0.2,0.1,0.1,0.2,0.3,0.3,0.4,0.3,0.8,0.7,0.7,1,0,0
2013,PI,Urbana,Municipal,84.2,87.3,79.7,96.3,94.6,80.7,82.8,84.2,71.7,79,84.1,90,74.8,69.2,81.6,78.8,--,--,13,10.7,16.3,2,3.8,17.5,14.9,13.4,23.5,17.2,12.3,6.6,7.6,10.8,4.1,4.8,--,--,2.8,2,4,1.7,1.6,1.8,2.3,2.4,4.8,3.8,3.6,3.4,17.6,20,14.3,16.4,--,--
2013,PI,Urbana,Federal,--,--,--,--,--,--,--,--,--,--,--,--,80.4,70.9,80.4,87.7,89.4,--,--,--,--,--,--,--,--,--,--,--,--,--,17,24.4,18.1,10.8,9.1,--,--,--,--,--,--,--,--,--,--,--,--,--,2.6,4.7,1.5,1.5,1.5,--
2013,PI,Urbana,Estadual,79,85.2,78,97.9,87.6,82.3,83.4,86,71.6,77.1,80.7,83.5,74.9,66.1,77.5,85,92.6,72.3,16.3,11.5,17.1,1.2,9.3,13.8,13.9,10.3,22.5,18,14.8,12.4,9.7,14.4,8.4,4.5,0.6,2.5,4.7,3.3,4.9,0.9,3.1,3.9,2.7,3.7,5.9,4.9,4.5,4.1,15.4,19.5,14.1,10.5,6.8,25.2
2013,CE,Total,Total,92,94.9,88.4,97.7,97.8,93.7,92.4,93.8,85.4,87.9,89,92.3,84.6,79.5,85.6,90.4,86.2,83.3,6.1,4.2,8.4,1.4,1.7,5.4,6.5,5.2,11.3,9,7.5,4.7,6.9,9.4,6.4,4,6.4,8.4,1.9,0.9,3.2,0.9,0.5,0.9,1.1,1,3.3,3.1,3.5,3,8.5,11.1,8,5.6,7.4,8.3
2013,CE,Total,Publico,90.9,94.3,87.2,98.3,98,92.5,91.1,93,83.6,86.5,87.9,91.9,83.2,78,84.3,89.3,86.2,83.3,6.7,4.7,9,0.8,1.5,6.4,7.5,5.8,12.6,9.8,8,4.6,7.2,9.7,6.7,4.4,6.4,8.4,2.4,1,3.8,0.9,0.5,1.1,1.4,1.2,3.8,3.7,4.1,3.5,9.6,12.3,9,6.3,7.4,8.3
2013,CE,Total,Privada,96.3,97.1,94.8,96,97.3,97.9,97.5,97.2,95,95,94.7,94.6,95,92.3,95.3,97.9,--,--,3.4,2.5,4.9,3.2,2.4,1.9,2.3,2.6,4.7,4.7,5,5.1,4.6,7.2,4.3,1.8,--,--,0.3,0.4,0.3,0.8,0.3,0.2,0.2,0.2,0.3,0.3,0.3,0.3,0.4,0.5,0.4,0.3,--,--
2013,CE,Total,Municipal,91.4,94.3,87.7,98.3,98,92.6,91.1,93.1,83.7,86.9,88.6,93.6,--,--,--,--,--,--,6.5,4.6,8.8,0.8,1.4,6.4,7.5,5.7,12.6,9.6,7.6,3.5,--,--,--,--,--,--,2.1,1.1,3.5,0.9,0.6,1,1.4,1.2,3.7,3.5,3.8,2.9,--,--,--,--,--,--
2013,CE,Total,Federal,91,--,91,--,--,--,--,--,94.3,86.9,93.1,91.5,84,78.4,84.9,89.8,85.1,83.8,9,--,9,--,--,--,--,--,5.7,13.1,6.9,8.5,11.1,14.1,12.1,7.2,11.9,9.2,0,--,0,--,--,--,--,--,0,0,0,0,4.9,7.5,3,3,3,7
2013,CE,Total,Estadual,84,90.7,83.5,93.4,93.4,88.8,88.8,90.4,82.1,82.2,83.2,85,83.2,78,84.3,89.3,87.3,77.8,10.4,7.5,10.6,4.7,5.7,9.6,9.4,7.4,12.1,12.2,10.7,9,7.2,9.7,6.6,4.3,0.6,0,5.6,1.8,5.9,1.9,0.9,1.6,1.8,2.2,5.8,5.6,6.1,6,9.6,12.3,9.1,6.4,12.1,22.2
2013,CE,Rural,Total,93.4,95.4,90.6,98.4,98,94.9,92.3,94.3,87.5,90.2,91,95.2,83.6,77.6,85.2,91.2,--,88.4,5,4,6.5,1.1,1.7,4.6,6.9,4.9,10,7,5.4,2.1,7.3,10.4,6.7,3.2,--,4.3,1.6,0.6,2.9,0.5,0.3,0.5,0.8,0.8,2.5,2.8,3.6,2.7,9.1,12,8.1,5.6,--,7.3
2013,CE,Rural,Publico,93.4,95.4,90.6,98.4,98,94.9,92.3,94.3,87.5,90.2,91,95.2,83.5,77.5,85.1,91.1,--,88.4,5,4,6.5,1.1,1.7,4.6,6.9,4.9,10,7,5.4,2.1,7.4,10.4,6.8,3.3,--,4.3,1.6,0.6,2.9,0.5,0.3,0.5,0.8,0.8,2.5,2.8,3.6,2.7,9.1,12.1,8.1,5.6,--,7.3
2013,CE,Rural,Privada,97.3,97.6,95.1,98.8,97.7,96.4,97.3,97.6,95.7,91.7,100,--,95.9,88.2,100,100,--,--,2.4,2.2,4.9,1.2,2.3,2.4,2.7,2.4,4.3,8.3,0,--,3.1,8.8,0,0,--,--,0.3,0.2,0,0,0,1.2,0,0,0,0,0,--,1,3,0,0,--,--
2013,CE,Rural,Municipal,93.5,95.5,90.7,98.5,98.1,95,92.4,94.3,87.6,90.3,91,95.3,--,--,--,--,--,--,5,4,6.5,1.1,1.6,4.6,6.9,4.9,9.9,7,5.4,2.1,--,--,--,--,--,--,1.5,0.5,2.8,0.4,0.3,0.4,0.7,0.8,2.5,2.7,3.6,2.6,--,--,--,--,--,--
2013,CE,Rural,Federal,--,--,--,--,--,--,--,--,--,--,--,--,80.3,59.3,95,89.2,--,88.4,--,--,--,--,--,--,--,--,--,--,--,--,12.5,26,3.3,8.6,--,4.3,--,--,--,--,--,--,--,--,--,--,--,--,7.2,14.7,1.7,2.2,--,7.3
2013,CE,Rural,Estadual,85.6,88.3,82,88.4,90,87.6,85.4,90.7,73.9,81,85.7,88.5,83.7,78.2,84.7,91.2,--,--,9.4,9.5,9.2,8.8,9.7,10.1,11.8,7.2,16.7,9.3,6.2,3.4,7.2,9.9,6.9,3.1,--,--,5,2.2,8.8,2.8,0.3,2.3,2.8,2.1,9.4,9.7,8.1,8.1,9.1,11.9,8.4,5.7,--,--
2013,CE,Urbana,Total,91.6,94.8,87.8,97.5,97.8,93.3,92.4,93.6,84.8,87.2,88.5,91.6,84.6,79.6,85.6,90.4,86.2,82.6,6.4,4.2,8.9,1.5,1.7,5.7,6.3,5.3,11.7,9.5,8.1,5.3,6.9,9.4,6.4,4.1,6.4,8.9,2,1,3.3,1,0.5,1,1.3,1.1,3.5,3.3,3.4,3.1,8.5,11,8,5.5,7.4,8.5
2013,CE,Urbana,Publico,90,93.8,86,98.3,98,91.5,90.5,92.5,82.2,85.2,86.9,90.9,83.2,78,84.3,89.2,86.2,82.6,7.4,4.9,9.9,0.6,1.3,7.2,7.8,6.1,13.5,10.8,8.9,5.4,7.2,9.7,6.7,4.4,6.4,8.9,2.6,1.3,4.1,1.1,0.7,1.3,1.7,1.4,4.3,4,4.2,3.7,9.6,12.3,9,6.4,7.4,8.5
2013,CE,Urbana,Privada,96.3,97.1,94.8,96,97.3,97.9,97.5,97.2,95,95,94.6,94.6,95,92.3,95.3,97.9,--,--,3.4,2.5,4.9,3.2,2.4,1.9,2.3,2.6,4.7,4.7,5.1,5.1,4.6,7.2,4.3,1.8,--,--,0.3,0.4,0.3,0.8,0.3,0.2,0.2,0.2,0.3,0.3,0.3,0.3,0.4,0.5,0.4,0.3,--,--
2013,CE,Urbana,Municipal,90.5,93.8,86.5,98.3,98,91.5,90.5,92.5,82.1,85.6,87.7,92.9,--,--,--,--,--,--,7.1,4.9,9.7,0.6,1.3,7.2,7.8,6.1,13.6,10.6,8.5,4.1,--,--,--,--,--,--,2.4,1.3,3.8,1.1,0.7,1.3,1.7,1.4,4.3,3.8,3.8,3,--,--,--,--,--,--
2013,CE,Urbana,Federal,91,--,91,--,--,--,--,--,94.3,86.9,93.1,91.5,84.5,82,83.1,89.9,85.1,83.2,9,--,9,--,--,--,--,--,5.7,13.1,6.9,8.5,10.9,11.9,13.6,6.9,11.9,9.9,0,--,0,--,--,--,--,--,0,0,0,0,4.6,6.1,3.3,3.2,3,6.9
2013,CE,Urbana,Estadual,83.9,91.9,83.5,97.6,95.8,89.5,90.6,90.3,82.4,82.2,83.2,84.9,83.2,78,84.3,89.2,87.3,77.8,10.5,6.5,10.7,1.3,3.1,9.4,8.2,7.4,12,12.2,10.8,9.1,7.2,9.7,6.6,4.4,0.6,0,5.6,1.6,5.8,1.1,1.1,1.1,1.2,2.3,5.6,5.6,6,6,9.6,12.3,9.1,6.4,12.1,22.2
2013,RN,Total,Total,82,87.7,74.5,97,96.5,95.1,73.9,82.4,63.8,73.2,82.6,85.9,74.2,66.2,76,83,94.2,76.5,14,10.1,19.1,1.1,2,3.4,23.2,14.7,28.8,20.5,11.7,8.4,11.2,15.7,10.3,6.7,3.8,0.7,4,2.2,6.4,1.9,1.5,1.5,2.9,2.9,7.4,6.3,5.7,5.7,14.6,18.1,13.7,10.3,2,22.8
2013,RN,Total,Publico,78.8,85.2,70.7,96.8,96.1,94.4,69.5,79.3,59.3,69.4,79.8,83.9,71.5,63.1,73.3,80.7,94.2,76.5,16.3,12.1,21.7,0.8,2,3.7,27,17.2,32.2,23.3,13.1,9,11.9,16.4,11,7.2,3.8,0.7,4.9,2.7,7.6,2.4,1.9,1.9,3.5,3.5,8.5,7.3,7.1,7.1,16.6,20.5,15.7,12.1,2,22.8
2013,RN,Total,Privada,95.9,97.4,93.5,97.5,97.6,97.6,97,97.3,93,93.4,93.9,93.7,92.3,88.8,93,95.5,--,--,3.8,2.2,6.2,1.8,2,2.1,2.8,2.5,6.6,6.2,5.8,6.1,7.1,10.6,6.3,4,--,--,0.3,0.4,0.3,0.7,0.4,0.3,0.2,0.2,0.4,0.4,0.3,0.2,0.6,0.6,0.7,0.5,--,--
2013,RN,Total,Municipal,80.2,85.7,70.7,97.1,96,94.1,70,80,59.8,70.1,79.4,85.5,--,--,--,--,--,--,15.5,11.8,21.7,0.6,2.1,4.1,26.7,16.8,31.7,22.5,14,8.1,--,--,--,--,--,--,4.3,2.5,7.6,2.3,1.9,1.8,3.3,3.2,8.5,7.4,6.6,6.4,--,--,--,--,--,--
2013,RN,Total,Federal,100,100,--,100,100,100,--,--,--,--,--,--,85.5,78,87.8,88.8,94.3,--,0,0,--,0,0,0,--,--,--,--,--,--,12.9,20.4,11.3,8.3,4.7,--,0,0,--,0,0,0,--,--,--,--,--,--,1.6,1.6,0.9,2.9,1,--
2013,RN,Total,Estadual,75.6,83.3,70.6,95.4,96.4,95.4,67.8,76.9,58.6,68.3,80.4,82.1,70.6,62.2,72.5,80.3,93.6,76.5,18.3,13.3,21.6,1.6,1.3,2.4,28.3,18.5,33,24.4,11.9,10.2,11.8,16.2,11,7.2,0,0.7,6.1,3.4,7.8,3,2.3,2.2,3.9,4.6,8.4,7.3,7.7,7.7,17.6,21.6,16.5,12.5,6.4,22.8
2013,RN,Rural,Total,81.3,84.8,72.2,96.8,95,93.7,69.5,78.2,61.4,72.5,80.6,86.6,78,69.8,80.7,84.2,91.2,77.8,14.6,12.6,20,0.8,3.4,4.6,27.1,18.6,30.4,19.7,11.8,6.4,7.5,13.4,4.5,3.9,8.8,2.1,4.1,2.6,7.8,2.4,1.6,1.7,3.4,3.2,8.2,7.8,7.6,7,14.5,16.8,14.8,11.9,0,20.1
2013,RN,Rural,Publico,81.2,84.8,72.1,96.8,95,93.6,69.3,78.1,61.3,72.4,80.5,86.6,77.8,69.7,80.4,83.9,91.2,77.8,14.7,12.7,20.1,0.8,3.4,4.6,27.3,18.6,30.4,19.8,11.8,6.3,7.6,13.5,4.6,4,8.8,2.1,4.1,2.5,7.8,2.4,1.6,1.8,3.4,3.3,8.3,7.8,7.7,7.1,14.6,16.8,15,12.1,0,20.1
2013,RN,Rural,Privada,94.7,96.3,89.6,95.1,96,100,95.2,94.6,80.6,93.3,96.7,89.7,97.5,88.9,100,100,--,--,4.1,2.4,9.6,1.9,2,0,3.6,5.4,19.4,6.7,0,10.3,0,0,0,0,--,--,1.2,1.3,0.8,3,2,0,1.2,0,0,0,3.3,0,2.5,11.1,0,0,--,--
2013,RN,Rural,Municipal,81.5,84.9,71.9,96.9,94.9,93.6,69.2,78.4,61,71.9,80.6,87.4,--,--,--,--,--,--,14.6,12.5,20.2,0.7,3.5,4.7,27.4,18.3,30.6,20.3,11.8,5.4,--,--,--,--,--,--,3.9,2.6,7.9,2.4,1.6,1.7,3.4,3.3,8.4,7.8,7.6,7.2,--,--,--,--,--,--
2013,RN,Rural,Federal,--,--,--,--,--,--,--,--,--,--,--,--,87.9,82.5,93.8,89.2,91.2,--,--,--,--,--,--,--,--,--,--,--,--,--,10.8,16.4,6.2,7,8.8,--,--,--,--,--,--,--,--,--,--,--,--,--,1.3,1.1,0,3.8,0,--
2013,RN,Rural,Estadual,78.3,82.4,73.3,94.9,96.9,93.5,70.8,74.2,63.7,75.5,80,81.6,74.9,65.4,77.7,82.6,--,77.8,16.4,14.3,19,1.8,1.7,3,25.1,22.5,28.6,16.3,11.7,11.9,6.7,12.6,4.3,3.3,--,2.1,5.3,3.3,7.7,3.3,1.4,3.5,4.1,3.3,7.7,8.2,8.3,6.5,18.4,22,18,14.1,--,20.1
2013,RN,Urbana,Total,82.1,88.5,74.8,97.1,96.9,95.5,75.3,83.6,64.2,73.3,82.8,85.8,74.2,66.1,75.9,82.9,94.4,76.4,13.8,9.4,19,1.1,1.6,3,21.9,13.5,28.5,20.6,11.7,8.6,11.3,15.8,10.5,6.8,3.4,0.6,4.1,2.1,6.2,1.8,1.5,1.5,2.8,2.9,7.3,6.1,5.5,5.6,14.5,18.1,13.6,10.3,2.2,23
2013,RN,Urbana,Publico,78.1,85.3,70.4,96.8,96.6,94.7,69.6,79.7,58.9,68.9,79.7,83.5,71.4,63,73.1,80.6,94.4,76.4,16.8,11.9,21.9,0.8,1.4,3.4,26.9,16.6,32.5,23.8,13.3,9.4,12,16.5,11.1,7.3,3.4,0.6,5.1,2.8,7.7,2.4,2,1.9,3.5,3.7,8.6,7.3,7,7.1,16.6,20.5,15.8,12.1,2.2,23
2013,RN,Urbana,Privada,95.9,97.4,93.5,97.5,97.6,97.6,97,97.3,93.1,93.4,93.9,93.7,92.3,88.8,93,95.5,--,--,3.8,2.2,6.2,1.8,2,2.1,2.8,2.5,6.6,6.2,5.9,6,7.1,10.6,6.3,4,--,--,0.3,0.4,0.3,0.7,0.4,0.3,0.2,0.2,0.3,0.4,0.2,0.3,0.6,0.6,0.7,0.5,--,--
2013,RN,Urbana,Municipal,79.6,86.1,70.4,97.3,96.7,94.4,70.4,80.8,59.4,69.6,79.1,85,--,--,--,--,--,--,15.8,11.4,22.2,0.6,1.4,3.7,26.3,16,32,23.1,14.5,8.7,--,--,--,--,--,--,4.6,2.5,7.4,2.1,1.9,1.9,3.3,3.2,8.6,7.3,6.4,6.3,--,--,--,--,--,--
2013,RN,Urbana,Federal,100,100,--,100,100,100,--,--,--,--,--,--,85.3,77.5,87.3,88.7,94.6,--,0,0,--,0,0,0,--,--,--,--,--,--,13.1,20.9,11.8,8.5,4.3,--,0,0,--,0,0,0,--,--,--,--,--,--,1.6,1.6,0.9,2.8,1.1,--
2013,RN,Urbana,Estadual,75.4,83.4,70.5,95.4,96.4,95.6,67.5,77.2,58.3,67.9,80.4,82.1,70.5,62.2,72.4,80.2,93.6,76.4,18.5,13.2,21.7,1.6,1.3,2.4,28.6,18.1,33.3,24.8,11.9,10.1,11.9,16.2,11.1,7.2,0,0.6,6.1,3.4,7.8,3,2.3,2,3.9,4.7,8.4,7.3,7.7,7.8,17.6,21.6,16.5,12.6,6.4,23
2013,PB,Total,Total,84.2,89.7,77.4,95.7,94.7,85.2,85.9,88.7,70.1,76.4,81.3,85.2,78.3,70.5,80.6,87.7,88.6,100,10.8,7.8,14.7,1.9,3,12.3,11.4,8.3,20,15.7,11.8,8.4,9,13.1,7.9,3.9,4.1,0,5,2.5,7.9,2.4,2.3,2.5,2.7,3,9.9,7.9,6.9,6.4,12.7,16.4,11.5,8.4,7.3,0
2013,PB,Total,Publico,81.6,87.6,74.4,95.4,93.8,82.3,83.3,86.8,66.4,73.4,78.8,83.4,75.3,67.1,77.7,85.6,88.7,--,12.5,9.3,16.3,1.8,3.4,14.8,13.5,9.7,22.3,17.5,13,8.9,9.8,14,8.5,4.3,4,--,5.9,3.1,9.3,2.8,2.8,2.9,3.2,3.5,11.3,9.1,8.2,7.7,14.9,18.9,13.8,10.1,7.3,--
2013,PB,Total,Privada,96.5,97.9,94.1,96.7,98,98.4,98.1,98.4,94.8,93.8,93.9,94,94,91.3,94.3,96.7,87.5,100,3.1,1.7,5.4,2.3,1.5,1.3,1.6,1.5,4.8,5.7,5.6,5.6,4.8,7.6,4.7,1.8,12.5,0,0.4,0.4,0.5,1,0.5,0.3,0.3,0.1,0.4,0.5,0.5,0.4,1.2,1.1,1,1.5,0,0
2013,PB,Total,Municipal,83.1,87.6,75.8,95.6,93.5,82.2,82.9,86.2,67.6,75,80.9,85.8,76.2,65.8,75.1,85,93.8,--,11.9,9.5,15.9,1.8,3.7,15,14,10.4,21.9,17,12,7.9,6.3,9.4,5.8,5.1,0,--,5,2.9,8.3,2.6,2.8,2.8,3.1,3.4,10.5,8,7.1,6.3,17.5,24.8,19.1,9.9,6.2,--
2013,PB,Total,Federal,93.2,93.2,--,100,100,100,85.7,71.4,--,--,--,--,85.4,81.7,88.1,87.1,86.9,--,6.8,6.8,--,0,0,0,14.3,28.6,--,--,--,--,10,12.2,8.3,9.5,8.4,--,0,0,--,0,0,0,0,0,--,--,--,--,4.6,6.1,3.6,3.4,4.7,--
2013,PB,Total,Estadual,77.9,87.9,72.5,93.9,95.2,82.4,84.7,88.8,64.6,71,76.2,80.7,74.9,66.7,77.5,85.5,88.9,--,13.9,8.4,16.8,1.5,1.6,14,11.8,7.4,22.8,18.2,14.3,10.2,9.8,14.1,8.6,4.2,1.2,--,8.2,3.7,10.7,4.6,3.2,3.6,3.5,3.8,12.6,10.8,9.5,9.1,15.3,19.2,13.9,10.3,9.9,--
2013,PB,Rural,Total,85.5,88.4,75.5,96.2,94.3,84,83.4,86.4,67.4,74.6,80.4,84.9,78.3,72.2,80.5,87,--,--,10.4,9.2,14.7,2,3.6,13.7,14.1,10.4,21.3,15.6,11,6.6,8.8,12.2,8.3,2.8,--,--,4.1,2.4,9.8,1.8,2.1,2.3,2.5,3.2,11.3,9.8,8.6,8.5,12.9,15.6,11.2,10.2,--,--
2013,PB,Rural,Publico,85.5,88.4,75.4,96.3,94.3,84,83.4,86.4,67.3,74.5,80.4,84.9,78.3,72.2,80.5,87,--,--,10.5,9.2,14.8,2,3.6,13.7,14.1,10.4,21.4,15.6,11,6.6,8.8,12.2,8.3,2.8,--,--,4,2.4,9.8,1.7,2.1,2.3,2.5,3.2,11.3,9.9,8.6,8.5,12.9,15.6,11.2,10.2,--,--
2013,PB,Rural,Privada,93.9,93.9,94,90.1,95.9,93.2,97.7,94.2,86.7,91.7,100,100,--,--,--,--,--,--,4.7,4.5,6,6.2,2.7,6.8,0,5.8,13.3,8.3,0,0,--,--,--,--,--,--,1.4,1.6,0,3.7,1.4,0,2.3,0,0,0,0,0,--,--,--,--,--,--
2013,PB,Rural,Municipal,85.8,88.5,74.9,96.3,94.2,84.2,83.5,86.4,66.4,73.9,80.3,85.3,86,86,96.3,76.7,--,--,10.4,9.2,15.2,2,3.7,13.7,14.1,10.4,21.8,16.1,11.4,6.7,10,9.3,0,20,--,--,3.8,2.3,9.9,1.7,2.1,2.1,2.4,3.2,11.8,10,8.3,8,4,4.7,3.7,3.3,--,--
2013,PB,Rural,Federal,--,--,--,--,--,--,--,--,--,--,--,--,100,100,100,100,--,--,--,--,--,--,--,--,--,--,--,--,--,--,0,0,0,0,--,--,--,--,--,--,--,--,--,--,--,--,--,--,0,0,0,0,--,--
2013,PB,Rural,Estadual,82.1,86.1,77.9,95.2,95,80,81.4,85.6,72.2,77.6,81,83,74.9,68.5,77.1,85.3,--,--,11.4,10.2,12.6,1.6,3.1,14.5,15.3,10.5,19.1,13,9.1,6.6,9.9,13.7,9.7,1.9,--,--,6.5,3.7,9.5,3.2,1.9,5.5,3.3,3.9,8.7,9.4,9.9,10.4,15.2,17.8,13.2,12.8,--,--
2013,PB,Urbana,Total,84,90.1,77.6,95.6,94.8,85.6,86.7,89.5,70.4,76.6,81.4,85.3,78.3,70.4,80.6,87.7,88.6,100,10.9,7.3,14.6,1.9,2.8,11.9,10.6,7.7,19.9,15.8,11.9,8.5,9,13.1,7.9,3.9,4.1,0,5.1,2.6,7.8,2.5,2.4,2.5,2.7,2.8,9.7,7.6,6.7,6.2,12.7,16.5,11.5,8.4,7.3,0
2013,PB,Urbana,Publico,80.5,87.3,74.3,95,93.5,81.6,83.3,86.9,66.3,73.3,78.7,83.2,75.2,67,77.7,85.5,88.7,--,13,9.3,16.5,1.6,3.3,15.3,13.3,9.4,22.4,17.7,13.2,9.2,9.8,14,8.5,4.4,4,--,6.5,3.4,9.2,3.4,3.2,3.1,3.4,3.7,11.3,9,8.1,7.6,15,19,13.8,10.1,7.3,--
2013,PB,Urbana,Privada,96.5,97.9,94.1,96.7,98,98.4,98.1,98.4,94.8,93.8,93.9,94,94,91.3,94.3,96.7,87.5,100,3.1,1.7,5.4,2.3,1.5,1.3,1.6,1.5,4.7,5.7,5.6,5.6,4.8,7.6,4.7,1.8,12.5,0,0.4,0.4,0.5,1,0.5,0.3,0.3,0.1,0.5,0.5,0.5,0.4,1.2,1.1,1,1.5,0,0
2013,PB,Urbana,Municipal,82.1,87.1,75.9,95.2,93.1,81.2,82.6,86.1,67.8,75.2,81.1,85.9,75.5,64.2,73.8,85.6,93.8,--,12.5,9.7,16,1.7,3.8,15.7,14,10.4,22,17.1,12.1,8.1,6.1,9.4,6.1,4,0,--,5.4,3.2,8.1,3.1,3.1,3.1,3.4,3.5,10.2,7.7,6.8,6,18.4,26.4,20.1,10.4,6.2,--
2013,PB,Urbana,Federal,93.2,93.2,--,100,100,100,85.7,71.4,--,--,--,--,84.4,80.4,87.1,85.7,86.9,--,6.8,6.8,--,0,0,0,14.3,28.6,--,--,--,--,10.7,13.1,9,10.5,8.4,--,0,0,--,0,0,0,0,0,--,--,--,--,4.9,6.5,3.9,3.8,4.7,--
2013,PB,Urbana,Estadual,77.7,88.1,72.2,93.7,95.2,82.7,85,89,64.2,70.7,75.9,80.6,74.9,66.7,77.5,85.5,88.9,--,14,8.2,17,1.5,1.5,13.9,11.5,7.1,23,18.5,14.5,10.3,9.8,14.1,8.5,4.2,1.2,--,8.3,3.7,10.8,4.8,3.3,3.4,3.5,3.9,12.8,10.8,9.6,9.1,15.3,19.2,14,10.3,9.9,--
2013,PE,Total,Total,86.1,90,81.4,96.3,96.3,80.4,94.2,85.7,76.8,80.6,85.2,84.1,85.1,80.5,86.5,89.2,92.8,79.2,10.9,8.3,14.1,1.9,2.3,17.9,4.4,12.2,17.9,14.9,11.2,11.1,10.2,13.9,9.9,6.1,4.9,6.6,3,1.7,4.5,1.8,1.4,1.7,1.4,2.1,5.3,4.5,3.6,4.8,4.7,5.6,3.6,4.7,2.3,14.2
2013,PE,Total,Publico,83.4,87.8,78.6,96.4,96,75.6,93.2,82.4,73.1,77.7,83,82.3,83.7,79.1,85.2,87.9,92.8,77.1,12.9,10.1,15.9,1.3,2.2,22.3,5,15,20.6,16.9,12.7,12.1,10.9,14.6,10.7,6.7,4.9,7,3.7,2.1,5.5,2.3,1.8,2.1,1.8,2.6,6.3,5.4,4.3,5.6,5.4,6.3,4.1,5.4,2.3,15.9
2013,PE,Total,Privada,95.9,96.8,94.2,96,97,97.2,97.2,96.9,94.8,93.9,94.7,93.4,94.3,91,94.6,97.6,92.3,96,3.7,2.8,5.4,3.3,2.5,2.6,2.6,2.8,4.8,5.7,5,6.1,5,8.2,4.5,2,0,4,0.4,0.4,0.4,0.7,0.5,0.2,0.2,0.3,0.4,0.4,0.3,0.5,0.7,0.8,0.9,0.4,7.7,0
2013,PE,Total,Municipal,83.9,87.8,76.3,96.5,96.1,75.6,93.1,82.3,71.3,75.2,81.4,81.2,74.7,54.9,79,86.4,94,--,12.3,10.1,16.7,1.2,2.1,22.3,5.1,15.1,21.3,17.6,12.4,11.7,5.2,7.2,5.9,3.7,0.9,--,3.8,2.1,7,2.3,1.8,2.1,1.8,2.6,7.4,7.2,6.2,7.1,20.1,37.9,15.1,9.9,5.1,--
2013,PE,Total,Federal,97.1,--,97.1,--,--,--,--,--,96.7,99.3,96.1,96.7,76.2,70.1,77.4,85.5,85.8,71.6,2.9,--,2.9,--,--,--,--,--,3.3,0.7,3.9,3.3,18.2,22.5,20.3,12.6,11.2,14.7,0,--,0,--,--,--,--,--,0,0,0,0,5.6,7.4,2.3,1.9,3,13.7
2013,PE,Total,Estadual,81.8,86.7,81.4,89.5,90.5,76.6,95.3,83.8,76.2,81.1,84.5,83.1,84,79.5,85.4,88,93.6,80,14.7,11.3,15,8.1,7.3,21.4,3.4,13.8,19.5,15.9,13,12.4,10.8,14.5,10.6,6.6,4.4,2.8,3.5,2,3.6,2.4,2.2,2,1.3,2.4,4.3,3,2.5,4.5,5.2,6,4,5.4,2,17.2
2013,PE,Rural,Total,85.8,88.1,80.5,96.9,96.2,76.8,92.7,81.2,73.5,81.1,84.2,86.1,84.4,78.9,86.4,89.8,98.1,74.2,11.2,10,13.8,1.3,2.4,21.3,5.6,16.1,19.7,13.8,10.3,8.6,8.2,11.6,7.9,4.6,0.5,3,3,1.9,5.7,1.8,1.4,1.9,1.7,2.7,6.8,5.1,5.5,5.3,7.4,9.5,5.7,5.6,1.4,22.8
2013,PE,Rural,Publico,85.7,88,80.3,97.1,96.2,76.7,92.7,81.1,73.4,80.9,84.1,86.1,84.4,79,86.4,89.7,98.1,74.2,11.2,10,13.9,1.2,2.3,21.4,5.6,16.2,19.9,13.9,10.4,8.6,8.2,11.6,7.9,4.7,0.5,3,3.1,2,5.8,1.7,1.5,1.9,1.7,2.7,6.7,5.2,5.5,5.3,7.4,9.4,5.7,5.6,1.4,22.8
2013,PE,Rural,Privada,91.3,90.1,95.2,83,92.7,88.8,91.6,95.6,93.9,96.4,96.2,94.6,90,75,100,100,--,--,8.1,9.2,4.5,15.8,6.7,10.8,7.9,3.8,6.1,3.6,3.8,3.6,8.6,21.4,0,0,--,--,0.6,0.7,0.3,1.2,0.6,0.4,0.5,0.6,0,0,0,1.8,1.4,3.6,0,0,--,--
2013,PE,Rural,Municipal,86.1,88.3,80.4,97.4,96.6,76.8,92.9,81.3,73.3,80.9,84.2,86.4,88.4,82.3,88.2,98.1,86.4,--,10.9,9.9,13.7,0.9,2,21.3,5.4,16.1,19.8,13.7,10,8.3,4.1,8.2,3.3,0,0,--,3,1.8,5.9,1.7,1.4,1.9,1.7,2.6,6.9,5.4,5.8,5.3,7.5,9.5,8.5,1.9,13.6,--
2013,PE,Rural,Federal,--,--,--,--,--,--,--,--,--,--,--,--,79,79.1,83.8,80.8,--,65.8,--,--,--,--,--,--,--,--,--,--,--,--,11.6,11.7,14,15.1,--,0.9,--,--,--,--,--,--,--,--,--,--,--,--,9.4,9.2,2.2,4.1,--,33.3
2013,PE,Rural,Estadual,80.7,81.7,80.2,88.6,85.8,73.8,86.2,76.2,73.6,81,83.5,84.4,84.8,78.9,86.6,90.3,99.5,84,15.2,16,14.8,9.1,12.4,24.2,11.7,20.2,20.1,15.1,12.3,10.1,7.9,11.6,7.4,3.9,0.5,5.5,4.1,2.3,5,2.3,1.8,2,2.1,3.6,6.3,3.9,4.2,5.5,7.3,9.5,6,5.8,0,10.5
2013,PE,Urbana,Total,86.2,90.7,81.5,96,96.3,81.6,94.7,87.1,77.4,80.5,85.3,83.9,85.1,80.6,86.5,89.2,92.5,80.1,10.8,7.7,14.1,2,2.3,16.7,4,11,17.6,15,11.4,11.4,10.3,14,10,6.1,5.1,7.3,3,1.6,4.4,2,1.4,1.7,1.3,1.9,5,4.5,3.3,4.7,4.6,5.4,3.5,4.7,2.4,12.6
2013,PE,Urbana,Publico,82.7,87.6,78.3,96,95.9,75,93.5,83,73.1,77.1,82.8,81.6,83.7,79.2,85.1,87.8,92.5,77.6,13.4,10.1,16.3,1.3,2.2,22.7,4.7,14.4,20.8,17.4,13.1,12.7,11,14.8,10.9,6.8,5.1,7.8,3.9,2.3,5.4,2.7,1.9,2.3,1.8,2.6,6.1,5.5,4.1,5.7,5.3,6,4,5.4,2.4,14.6
2013,PE,Urbana,Privada,95.9,96.9,94.2,96.1,97,97.2,97.3,96.9,94.8,93.9,94.7,93.4,94.3,91,94.6,97.6,92.3,96,3.7,2.7,5.4,3.2,2.5,2.5,2.5,2.8,4.8,5.8,5,6.1,5,8.2,4.5,2,0,4,0.4,0.4,0.4,0.7,0.5,0.3,0.2,0.3,0.4,0.3,0.3,0.5,0.7,0.8,0.9,0.4,7.7,0
2013,PE,Urbana,Municipal,83,87.6,75,96,95.9,75,93.2,82.8,70.7,73.4,80.3,79.4,71.1,46.6,76.1,83.5,94.8,--,12.9,10.2,17.6,1.3,2.2,22.8,4.9,14.6,21.7,18.9,13.2,12.9,5.5,6.9,6.8,4.7,0.9,--,4.1,2.2,7.4,2.7,1.9,2.2,1.9,2.6,7.6,7.7,6.5,7.7,23.4,46.5,17.1,11.8,4.3,--
2013,PE,Urbana,Federal,97.1,--,97.1,--,--,--,--,--,96.7,99.3,96.1,96.7,75.3,67.1,74.8,87.7,85.8,73.6,2.9,--,2.9,--,--,--,--,--,3.3,0.7,3.9,3.3,20.4,26,23,11.5,11.2,19.6,0,--,0,--,--,--,--,--,0,0,0,0,4.3,6.9,2.2,0.8,3,6.8
2013,PE,Urbana,Estadual,81.9,89.1,81.5,93.5,97.1,78.9,98,85.3,76.4,81.1,84.6,83,83.9,79.5,85.3,87.9,93.3,79.4,14.7,9.1,15,3.6,0.1,19.3,0.9,12.5,19.5,15.9,13.1,12.5,10.9,14.7,10.7,6.8,4.6,2.4,3.4,1.8,3.5,2.9,2.8,1.8,1.1,2.2,4.1,3,2.3,4.5,5.2,5.8,4,5.3,2.1,18.2
2013,AL,Total,Total,80,87.3,71.5,95.5,96,76.1,93.8,80.4,64.3,71,75.4,78.6,74.2,66.3,76.7,83.3,89.2,67,13.6,10,17.9,1.9,1.9,21.1,4,15.9,24.3,18.6,14.4,11.3,10.9,15,9.1,6.5,7.3,7.4,6.4,2.7,10.6,2.6,2.1,2.8,2.2,3.7,11.4,10.4,10.2,10.1,14.9,18.7,14.2,10.2,3.5,25.6
2013,AL,Total,Publico,77.5,85.4,68.4,94.8,95.5,73.2,92.9,78.1,61,67.8,72.5,76.2,71,62.9,73.6,80.6,89.2,66.3,15.2,11.5,19.6,2.2,2.1,23.7,4.5,17.8,26.3,20.3,15.7,12.2,11.7,15.9,9.8,7.3,7.5,7.6,7.3,3.1,12,3,2.4,3.1,2.6,4.1,12.7,11.9,11.8,11.6,17.3,21.2,16.6,12.1,3.3,26.1
2013,AL,Total,Privada,96.1,98,93.3,98.5,98.8,96.7,98.9,97.1,93.7,93,93.3,93.4,93,89.1,93.9,97.1,88.9,100,3.4,1.5,6,0.7,0.6,2.9,0.8,2.6,5.7,6.3,6,6,5.9,9.4,5.3,2.3,0,0,0.5,0.5,0.7,0.8,0.6,0.4,0.3,0.3,0.6,0.7,0.7,0.6,1.1,1.5,0.8,0.6,11.1,0
2013,AL,Total,Municipal,79,85.6,69.1,95,95.7,73.3,92.9,78.1,62.2,68.8,73,77.3,97.5,--,100,96.2,97.4,--,14.7,11.4,19.7,2.1,2,23.7,4.6,18,26.3,20.1,15.7,11.8,1.9,--,0,3.8,1.3,--,6.3,3,11.2,2.9,2.3,3,2.5,3.9,11.5,11.1,11.3,10.9,0.6,--,0,0,1.3,--
2013,AL,Total,Federal,--,--,--,--,--,--,--,--,--,--,--,--,76.8,64.7,78.7,84.8,91.2,100,--,--,--,--,--,--,--,--,--,--,--,--,18.2,27.8,17,11.2,7.5,0,--,--,--,--,--,--,--,--,--,--,--,--,5,7.5,4.3,4,1.3,0
2013,AL,Total,Estadual,69.6,82.2,66.5,88.8,91.2,70.1,92.4,78.2,57.4,65.1,71.3,73.9,70.6,62.8,73.4,80.3,86.6,34.1,18.1,12.8,19.4,4.3,5.3,24.5,4,16.1,26.4,20.9,15.8,13.2,11.4,15.3,9.5,7.2,8.1,14.8,12.3,5,14.1,6.9,3.5,5.4,3.6,5.7,16.2,14,12.9,12.9,18,21.9,17.1,12.5,5.3,51.1
2013,AL,Rural,Total,81.9,85.6,73.5,96.2,96.9,72.1,95.4,76.3,64.8,73.7,77.9,84.6,76.2,68.1,78.7,88.7,--,--,13.8,11.9,18.2,1.6,1.3,25.2,2.6,20.2,25.8,18.5,13.7,8.4,9.3,13.1,7.9,3.6,--,--,4.3,2.5,8.3,2.2,1.8,2.7,2,3.5,9.4,7.8,8.4,7,14.5,18.8,13.4,7.7,--,--
2013,AL,Rural,Publico,81.9,85.5,73.5,96.2,97,72.1,95.4,76.2,64.8,73.7,77.9,84.5,76.2,68.1,78.7,88.7,--,--,13.8,11.9,18.2,1.6,1.3,25.2,2.6,20.3,25.9,18.5,13.7,8.4,9.3,13.1,7.9,3.6,--,--,4.3,2.6,8.3,2.2,1.7,2.7,2,3.5,9.3,7.8,8.4,7.1,14.5,18.8,13.4,7.7,--,--
2013,AL,Rural,Privada,88.9,89.2,87.4,97.2,96.4,72.5,95.2,95.8,83.8,81.8,82.6,100,--,--,--,--,--,--,10.5,10.1,12.6,1.4,2.9,27.5,3.2,4.2,16.2,18.2,17.4,0,--,--,--,--,--,--,0.6,0.7,0,1.4,0.7,0,1.6,0,0,0,0,0,--,--,--,--,--,--
2013,AL,Rural,Municipal,82,85.6,73.6,96.2,97,72.1,95.4,76.3,64.7,73.6,78.2,85.1,--,--,--,--,--,--,13.7,11.9,18.1,1.5,1.2,25.2,2.6,20.2,25.8,18.5,13.4,7.8,--,--,--,--,--,--,4.3,2.5,8.3,2.3,1.8,2.7,2,3.5,9.5,7.9,8.4,7.1,--,--,--,--,--,--
2013,AL,Rural,Estadual,76.6,83.9,72.3,95,93,73.3,97,71.2,65.9,75.2,73.5,76.6,76.2,68.1,78.7,88.7,--,--,17.9,14,20.3,3.3,5,24.9,1.9,25.1,26.3,18.6,17.7,16.5,9.3,13.1,7.9,3.6,--,--,5.5,2.1,7.4,1.7,2,1.8,1.1,3.7,7.8,6.2,8.8,6.9,14.5,18.8,13.4,7.7,--,--
2013,AL,Urbana,Total,79.4,88.1,71.1,95.1,95.7,78.1,93.1,82.4,64.2,70.4,75,77.7,74.1,66.2,76.6,83.1,89.2,67,13.6,9.1,17.9,2.1,2.1,19.1,4.6,13.9,23.9,18.6,14.5,11.8,11,15.1,9.2,6.6,7.3,7.4,7,2.8,11,2.8,2.2,2.8,2.3,3.7,11.9,11,10.5,10.5,14.9,18.7,14.2,10.3,3.5,25.6
2013,AL,Urbana,Publico,75.8,85.4,67.2,93.9,94.6,73.8,91.5,79.2,60.1,66.5,71.4,74.6,70.7,62.6,73.4,80.2,89.2,66.3,15.8,11.2,19.9,2.6,2.6,22.8,5.6,16.4,26.5,20.7,16.1,13,11.9,16,9.9,7.5,7.5,7.6,8.4,3.4,12.9,3.5,2.8,3.4,2.9,4.4,13.4,12.8,12.5,12.4,17.4,21.4,16.7,12.3,3.3,26.1
2013,AL,Urbana,Privada,96.2,98.2,93.4,98.6,98.9,97.3,98.9,97.1,93.7,93,93.3,93.3,93,89.1,93.9,97.1,88.9,100,3.3,1.4,6,0.7,0.6,2.3,0.8,2.6,5.7,6.3,6,6,5.9,9.4,5.3,2.3,0,0,0.5,0.4,0.6,0.7,0.5,0.4,0.3,0.3,0.6,0.7,0.7,0.7,1.1,1.5,0.8,0.6,11.1,0
2013,AL,Urbana,Municipal,77.6,85.7,67.7,94.3,94.9,74.1,91.5,79.2,61.4,67.3,71.5,75,97.5,--,100,96.2,97.4,--,15.2,11.1,20.2,2.5,2.5,22.7,5.7,16.5,26.5,20.6,16.4,12.9,1.9,--,0,3.8,1.3,--,7.2,3.2,12.1,3.2,2.6,3.2,2.8,4.3,12.1,12.1,12.1,12.1,0.6,--,0,0,1.3,--
2013,AL,Urbana,Federal,--,--,--,--,--,--,--,--,--,--,--,--,76.8,64.7,78.7,84.8,91.2,100,--,--,--,--,--,--,--,--,--,--,--,--,18.2,27.8,17,11.2,7.5,0,--,--,--,--,--,--,--,--,--,--,--,--,5,7.5,4.3,4,1.3,0
2013,AL,Urbana,Estadual,69.2,82,66.2,87.9,90.9,69.8,92,78.8,57,64.6,71.2,73.8,70.3,62.5,73.1,79.9,86.6,34.1,18.1,12.6,19.4,4.4,5.3,24.5,4.2,15.3,26.4,21,15.7,13.1,11.5,15.4,9.5,7.3,8.1,14.8,12.7,5.4,14.4,7.7,3.8,5.7,3.8,5.9,16.6,14.4,13.1,13.1,18.2,22.1,17.4,12.8,5.3,51.1
2013,SE,Total,Total,78.7,87.1,68.4,97.7,91,82.9,81.7,84.4,59.8,66.7,73.8,78.2,72.9,63.8,74.6,84.9,92.3,74.1,17,10.7,24.9,0.6,7.1,15.1,15.7,12.6,32.5,27,20.2,15.2,14.2,20,13.2,6.8,2.4,10.6,4.3,2.2,6.7,1.7,1.9,2,2.6,3,7.7,6.3,6,6.6,12.9,16.2,12.2,8.3,5.3,15.3
2013,SE,Total,Publico,74.9,84.4,63.6,97.4,89.4,79.6,78.1,81.4,54.5,62,69.4,74.8,69,59.4,70.6,82.1,92.3,73.1,19.9,12.9,28.4,0.5,8.4,17.9,18.8,14.9,36.6,30.5,23.3,17.1,15.6,21.6,14.6,7.7,2.4,11,5.2,2.7,8,2.1,2.2,2.5,3.1,3.7,8.9,7.5,7.3,8.1,15.4,19,14.8,10.2,5.3,15.9
2013,SE,Total,Privada,95.3,97.6,91.8,98.6,97.3,97.2,97.6,97.3,92,89.8,93.3,92.2,91.8,87.8,92.6,95.9,--,97.9,4.4,2,7.9,0.9,2.3,2.4,2.2,2.5,7.7,9.8,6.4,7.5,7.5,11.2,6.9,3.6,--,2.1,0.3,0.4,0.3,0.5,0.4,0.4,0.2,0.2,0.3,0.4,0.3,0.3,0.7,1,0.5,0.5,--,0
2013,SE,Total,Municipal,76.7,84,64.7,97.4,87.8,80.9,76.8,79.9,55.4,63.8,72.2,77.8,--,--,--,--,--,--,18.5,13.2,27.3,0.5,10,16.6,20,16.1,35.8,28.7,20.5,14.3,--,--,--,--,--,--,4.8,2.8,8,2.1,2.2,2.5,3.2,4,8.8,7.5,7.3,7.9,--,--,--,--,--,--
2013,SE,Total,Federal,68.9,--,68.9,--,--,--,--,--,75,75.4,63.8,61,84.6,74,87.1,92.4,93.4,--,29.4,--,29.4,--,--,--,--,--,23.3,23,36.2,35.6,11.5,19.8,9.2,5.4,5.1,--,1.7,--,1.7,--,--,--,--,--,1.7,1.6,0,3.4,3.9,6.2,3.7,2.2,1.5,--
2013,SE,Total,Estadual,71,85.8,62.1,97.6,97.6,75.3,82.8,85.5,52.8,59.2,66.2,72,68.6,59.1,70.1,81.8,91.9,73.1,23,11.7,29.8,0.2,0.5,22.2,14.8,11.4,38.1,33.2,26.6,19.6,15.7,21.6,14.8,7.7,1.3,11,6,2.5,8.1,2.2,1.9,2.5,2.4,3.1,9.1,7.6,7.2,8.4,15.7,19.3,15.1,10.5,6.8,15.9
2013,SE,Rural,Total,79.5,85.5,67.6,98.4,89,83.4,78.5,81.1,57.2,66.8,74.6,82.2,79.1,70.8,81.3,88.7,86.9,--,16.2,12.2,24,0.5,9.3,14.6,18.5,15.6,33.5,25.2,17.5,10.3,6.9,10.3,5.7,2.9,4.7,--,4.3,2.3,8.4,1.1,1.7,2,3,3.3,9.3,8,7.9,7.5,14,18.9,13,8.4,8.4,--
2013,SE,Rural,Publico,79.4,85.4,67.6,98.3,89,83.3,78.4,81,57.1,66.8,74.6,82.3,79.1,70.8,81.3,88.7,86.9,--,16.3,12.3,24,0.5,9.3,14.7,18.6,15.7,33.6,25.2,17.5,10.2,6.9,10.3,5.7,2.9,4.7,--,4.3,2.3,8.4,1.2,1.7,2,3,3.3,9.3,8,7.9,7.5,14,18.9,13,8.4,8.4,--
2013,SE,Rural,Privada,93.7,97.4,74.3,98.6,96.5,99,95.2,97.5,72.7,76.7,76.9,72.7,--,--,--,--,--,--,6,2.3,25.7,0,3.5,1,4.8,2.5,27.3,23.3,23.1,27.3,--,--,--,--,--,--,0.3,0.3,0,1.4,0,0,0,0,0,0,0,0,--,--,--,--,--,--
2013,SE,Rural,Municipal,79.5,85.4,67.1,98.3,88.7,83.5,78.2,80.9,56.8,66.6,74.2,81.9,--,--,--,--,--,--,16.2,12.3,24.3,0.6,9.6,14.5,18.7,15.8,33.7,25,17.7,10.4,--,--,--,--,--,--,4.3,2.3,8.6,1.1,1.7,2,3.1,3.3,9.5,8.4,8.1,7.7,--,--,--,--,--,--
2013,SE,Rural,Federal,--,--,--,--,--,--,--,--,--,--,--,--,85.4,75.4,87.8,94.5,87.5,--,--,--,--,--,--,--,--,--,--,--,--,--,8.4,14,8,2.1,7.8,--,--,--,--,--,--,--,--,--,--,--,--,--,6.2,10.6,4.2,3.4,4.7,--
2013,SE,Rural,Estadual,78.6,85.6,72.3,98.7,97.7,79,80.8,82.6,61.3,68.9,77.6,84.7,77.4,69.8,79.8,87,86,--,17,12,21.4,0,0.5,19.7,16.7,12.8,31.3,26.8,15.6,9,6.5,9.6,5.2,3.1,0,--,4.4,2.4,6.3,1.3,1.8,1.3,2.5,4.6,7.4,4.3,6.8,6.3,16.1,20.6,15,9.9,14,--
2013,SE,Urbana,Total,78.5,87.8,68.6,97.4,92.1,82.6,83.2,85.7,60.5,66.7,73.6,77.4,72.6,63.4,74.2,84.7,93.3,74.1,17.3,10,25.1,0.6,6.1,15.3,14.4,11.3,32.3,27.4,20.8,16.1,14.6,20.5,13.6,7,2,10.6,4.2,2.2,6.3,2,1.8,2.1,2.4,3,7.2,5.9,5.6,6.5,12.8,16.1,12.2,8.3,4.7,15.3
2013,SE,Urbana,Publico,72.9,83.8,62.4,96.8,89.8,77.4,78,81.6,53.6,60.4,67.9,72.9,68.3,58.7,69.8,81.6,93.3,73.1,21.6,13.2,29.7,0.4,7.7,19.9,18.9,14.5,37.7,32.2,25,18.8,16.2,22.3,15.2,8,2,11,5.5,3,7.9,2.8,2.5,2.7,3.1,3.9,8.7,7.4,7.1,8.3,15.5,19,15,10.4,4.7,15.9
2013,SE,Urbana,Privada,95.3,97.6,91.8,98.6,97.3,97.2,97.7,97.3,92.1,89.9,93.4,92.2,91.8,87.8,92.6,95.9,--,97.9,4.4,2,7.8,0.9,2.3,2.5,2.1,2.5,7.6,9.8,6.4,7.4,7.5,11.2,6.9,3.6,--,2.1,0.3,0.4,0.4,0.5,0.4,0.3,0.2,0.2,0.3,0.3,0.2,0.4,0.7,1,0.5,0.5,--,0
2013,SE,Urbana,Municipal,74.5,82.8,63.2,96.5,86.9,78.7,75.5,79.1,54.6,62.1,70.9,75.4,--,--,--,--,--,--,20.3,13.9,29.1,0.5,10.3,18.5,21.1,16.4,37,30.9,22.2,16.5,--,--,--,--,--,--,5.2,3.3,7.7,3,2.8,2.8,3.4,4.5,8.4,7,6.9,8.1,--,--,--,--,--,--
2013,SE,Urbana,Federal,68.9,--,68.9,--,--,--,--,--,75,75.4,63.8,61,83.7,72.7,86.4,89.8,96.3,--,29.4,--,29.4,--,--,--,--,--,23.3,23,36.2,35.6,14.5,25.1,10.4,9.7,3.7,--,1.7,--,1.7,--,--,--,--,--,1.7,1.6,0,3.4,1.8,2.2,3.2,0.5,0,--
2013,SE,Urbana,Estadual,70.6,85.8,61.6,97.5,97.6,75.1,82.9,85.7,52.4,58.7,65.6,71.4,68.1,58.5,69.6,81.5,92.4,73.1,23.3,11.7,30.2,0.2,0.5,22.3,14.6,11.3,38.5,33.5,27.1,20.1,16.2,22.2,15.3,8,1.5,11,6.1,2.5,8.2,2.3,1.9,2.6,2.5,3,9.1,7.8,7.3,8.5,15.7,19.3,15.1,10.5,6.1,15.9
2013,BA,Total,Total,81.7,86.7,75.8,96.2,93.4,78.6,84.1,85.1,69.8,74.6,78.6,83.2,77.1,71.2,78.5,83.7,85.8,82.2,13.9,10.6,17.8,1.4,4.4,18.6,13,11.6,22.5,19,15.7,11.6,14.3,18.8,13.1,9.6,10.8,10.3,4.4,2.7,6.4,2.4,2.2,2.8,2.9,3.3,7.7,6.4,5.7,5.2,8.6,10,8.4,6.7,3.4,7.5
2013,BA,Total,Publico,79.8,85,73.9,96.1,92.6,75.9,82.1,83.4,67.5,72.7,76.9,82,75.8,69.7,77.1,82.5,85.6,75.5,15.2,11.9,19.1,1.2,4.8,21,14.6,12.9,24.1,20.3,16.8,12.2,15,19.5,13.7,10.2,11,2.1,5,3.1,7,2.7,2.6,3.1,3.3,3.7,8.4,7,6.3,5.8,9.2,10.8,9.2,7.3,3.4,22.4
2013,BA,Total,Privada,95.6,97.3,92.9,96.9,97.3,97.5,97.5,97.3,93.2,92.1,93,93.2,92.4,88.2,93.3,96.9,98.6,85.4,4,2.3,6.7,2.5,2.3,2.2,2.3,2.5,6.3,7.4,6.5,6.5,7,10.9,6.2,2.8,0,14.1,0.4,0.4,0.4,0.6,0.4,0.3,0.2,0.2,0.5,0.5,0.5,0.3,0.6,0.9,0.5,0.3,1.4,0.5
2013,BA,Total,Municipal,81,85,74.6,96.1,92.6,75.9,82.1,83.4,67.6,73.4,78.4,84.5,80.3,67.3,82.6,92.3,93.3,--,14.1,11.9,17.7,1.2,4.8,21,14.6,12.9,23.3,18.9,14.7,9.3,7.7,13.9,6.8,1.7,1.1,--,4.9,3.1,7.7,2.7,2.6,3.1,3.3,3.7,9.1,7.7,6.9,6.2,12,18.8,10.6,6,5.6,--
2013,BA,Total,Federal,96.2,--,96.2,--,--,--,--,--,93.9,96.1,97.8,96.3,73.5,62.6,79.1,82,83.4,75.3,3.8,--,3.8,--,--,--,--,--,6.1,3.9,2.2,3.7,23.5,33.2,19.3,16,14.4,2.2,0,--,0,--,--,--,--,--,0,0,0,0,3,4.2,1.6,2,2.2,22.5
2013,BA,Total,Estadual,72.7,84.8,72.2,95.7,94.3,78.5,82,84,67.2,70.9,73.5,77.3,75.7,69.9,76.9,82.3,85.4,100,21.9,12.7,22.3,2.4,3.5,19.3,15.5,12.8,26.5,23.8,21.3,17.6,15,19.3,13.7,10.3,11,0,5.4,2.5,5.5,1.9,2.2,2.2,2.5,3.2,6.3,5.3,5.2,5.1,9.3,10.8,9.4,7.4,3.6,0
2013,BA,Rural,Total,82.7,85.5,77.5,96.5,93.2,78.6,80.7,83.3,69.2,76.8,81.9,87.8,82.9,77.8,83,90.4,85.3,--,12.8,11.5,15.1,1,4.3,18.6,16.1,13.1,22,16,11.2,6.4,9.4,12.8,9.1,4.5,11.8,--,4.5,3,7.4,2.5,2.5,2.8,3.2,3.6,8.8,7.2,6.9,5.8,7.7,9.4,7.9,5.1,2.9,--
2013,BA,Rural,Publico,82.6,85.5,77.4,96.5,93.2,78.6,80.7,83.3,69.1,76.7,81.8,87.7,82.3,77.1,82.4,90,80.6,--,12.8,11.6,15.1,1,4.3,18.6,16.2,13.1,22.1,16.1,11.2,6.4,9.7,13.2,9.4,4.7,15.8,--,4.6,2.9,7.5,2.5,2.5,2.8,3.1,3.6,8.8,7.2,7,5.9,8,9.7,8.2,5.3,3.6,--
2013,BA,Rural,Privada,95.9,97.4,94.3,97.8,97.6,97.5,98.4,95.2,96.9,93.2,90.7,96.5,94.6,90.1,96.3,98.1,98.8,--,3.3,2,4.7,1.9,1,1.9,1.6,4,3.1,5.4,6.6,3.5,3.5,6.5,2.8,0.8,0,--,0.8,0.6,1,0.3,1.4,0.6,0,0.8,0,1.4,2.7,0,1.9,3.4,0.9,1.1,1.2,--
2013,BA,Rural,Municipal,82.6,85.5,77.3,96.5,93.2,78.5,80.7,83.3,68.9,76.5,81.9,88,81.9,71.6,83.4,93.7,92.6,--,12.8,11.6,15.1,1,4.3,18.7,16.2,13.1,22.2,16.1,11.1,6.1,7.2,12.3,6.5,1.2,1.1,--,4.6,2.9,7.6,2.5,2.5,2.8,3.1,3.6,8.9,7.4,7,5.9,10.9,16.1,10.1,5.1,6.3,--
2013,BA,Rural,Federal,--,--,--,--,--,--,--,--,--,--,--,--,80.3,74.9,86.4,82.7,--,--,--,--,--,--,--,--,--,--,--,--,--,--,16.7,20.2,12.1,15.6,--,--,--,--,--,--,--,--,--,--,--,--,--,--,3,4.9,1.5,1.7,--,--
2013,BA,Rural,Estadual,80.9,85.5,79.7,98.5,93.6,82.7,78.4,82.3,76.6,81,79.3,82.1,82.5,78.4,81.9,89.7,73.4,--,14.2,9.9,15.2,0,0,14.3,15.8,12.2,18.9,15.1,14.6,12.5,9.7,12.8,9.8,4.6,24.7,--,4.9,4.6,5.1,1.5,6.4,3,5.8,5.5,4.5,3.9,6.1,5.4,7.8,8.8,8.3,5.7,1.9,--
2013,BA,Urbana,Total,81.4,87.3,75.3,96.1,93.4,78.6,85.9,86.1,70,73.9,77.6,82,76.8,70.8,78.2,83.4,85.8,82.2,14.3,10,18.6,1.6,4.5,18.7,11.3,10.9,22.6,19.9,17,13,14.6,19.1,13.3,9.8,10.8,10.3,4.3,2.7,6.1,2.3,2.1,2.7,2.8,3,7.4,6.2,5.4,5,8.6,10.1,8.5,6.8,3.4,7.5
2013,BA,Urbana,Publico,78.4,84.6,72.7,95.8,92.2,74.2,83.1,83.5,67,71.4,75.2,80.2,75.4,69.3,76.8,82.1,85.7,75.5,16.4,12.1,20.4,1.3,5.2,22.5,13.5,12.8,24.8,21.7,18.6,14,15.3,19.8,14,10.5,10.8,2.1,5.2,3.3,6.9,2.9,2.6,3.3,3.4,3.7,8.2,6.9,6.2,5.8,9.3,10.9,9.2,7.4,3.5,22.4
2013,BA,Urbana,Privada,95.6,97.3,92.8,96.9,97.3,97.5,97.5,97.3,93.1,92.1,93.1,93.1,92.3,88.2,93.2,96.9,98.2,85.4,4,2.4,6.7,2.5,2.3,2.2,2.3,2.5,6.4,7.5,6.5,6.5,7.1,11,6.3,2.8,0,14.1,0.4,0.3,0.5,0.6,0.4,0.3,0.2,0.2,0.5,0.4,0.4,0.4,0.6,0.8,0.5,0.3,1.8,0.5
2013,BA,Urbana,Municipal,79.9,84.6,73.1,95.8,92.2,74.2,83.1,83.5,67,71.8,76.4,82.6,78.3,61.3,81.7,90.5,93.5,--,15,12.1,19.1,1.3,5.2,22.5,13.5,12.8,23.9,20.4,16.6,11,8.4,16.3,7.1,2.4,1.1,--,5.1,3.3,7.8,2.9,2.6,3.3,3.4,3.7,9.1,7.8,7,6.4,13.3,22.4,11.2,7.1,5.4,--
2013,BA,Urbana,Federal,96.2,--,96.2,--,--,--,--,--,93.9,96.1,97.8,96.3,72.3,60.1,77.8,81.8,83.4,75.3,3.8,--,3.8,--,--,--,--,--,6.1,3.9,2.2,3.7,24.8,35.8,20.6,16.1,14.4,2.2,0,--,0,--,--,--,--,--,0,0,0,0,2.9,4.1,1.6,2.1,2.2,22.5
2013,BA,Urbana,Estadual,72.4,84.6,71.9,94.6,94.5,77.7,82.7,84.2,66.9,70.6,73.3,77.2,75.5,69.5,76.7,82,85.7,100,22.2,13.2,22.5,3.2,4.2,20.3,15.5,12.8,26.7,24,21.5,17.7,15.2,19.6,13.9,10.5,10.8,0,5.4,2.2,5.6,2.2,1.3,2,1.8,3,6.4,5.4,5.2,5.1,9.3,10.9,9.4,7.5,3.5,0
2013,MG,Total,Total,93.7,97.7,89.5,99.2,98.8,95.7,97.7,97.1,87.8,89.7,89.7,91.5,81.8,74.4,85.1,88.7,82.9,78.1,4.8,2,7.8,0.5,0.9,4,1.9,2.4,9.7,8.1,7.1,5.8,9.8,14.4,7.7,6.1,4.2,13.7,1.5,0.3,2.7,0.3,0.3,0.3,0.4,0.5,2.5,2.2,3.2,2.7,8.4,11.2,7.2,5.2,12.9,8.2
2013,MG,Total,Publico,93.4,97.5,89,99.2,98.8,95.3,97.6,97,87.1,89.2,89.2,91.2,80.5,72.8,84,87.6,82.8,78.8,5,2.1,8,0.5,0.9,4.4,2,2.4,10.1,8.3,7.2,5.8,10.2,14.8,8,6.5,4.1,2.3,1.6,0.4,3,0.3,0.3,0.3,0.4,0.6,2.8,2.5,3.6,3,9.3,12.4,8,5.9,13.1,18.9
2013,MG,Total,Privada,96.8,98.8,94.4,99.3,98.9,98.7,98.5,98.4,94.9,94.2,94.2,94.1,93.2,89.6,94.3,96.6,86.8,77.6,3.1,1.2,5.5,0.6,1.1,1.3,1.5,1.6,5,5.6,5.7,5.8,6.4,9.9,5.3,3.1,7.9,21.3,0.1,0,0.1,0.1,0,0,0,0,0.1,0.2,0.1,0.1,0.4,0.5,0.4,0.3,5.3,1.1
2013,MG,Total,Municipal,93.8,96.6,87.6,99,98.5,93.3,96.7,95.9,85.2,87.2,89.3,89.8,80.8,70.8,85.3,89.9,94.7,--,5.2,3,10.1,0.6,1.1,6.3,2.9,3.6,12.6,10.5,8.3,7.8,12.6,19.1,9.7,6.5,0,--,1,0.4,2.3,0.4,0.4,0.4,0.4,0.5,2.2,2.3,2.4,2.4,6.6,10.1,5,3.6,5.3,--
2013,MG,Total,Federal,93.8,96.9,91.8,99.5,97.1,98.1,95.8,93.9,92.3,92.2,90.9,92.1,86.5,78.7,88.9,94.1,98,97.1,6.2,3.1,8.1,0.5,2.9,1.9,4.2,6.1,7.7,7.8,9.1,7.7,12.3,19.7,10.4,4.8,0.7,2.9,0,0,0.1,0,0,0,0,0,0,0,0,0.2,1.2,1.6,0.7,1.1,1.3,0
2013,MG,Total,Estadual,92.9,99.3,89.7,99.5,99.4,99.4,99.4,99,88,90.2,89.1,91.7,80.4,72.7,83.9,87.4,82.4,76.5,4.8,0.3,7.1,0.1,0.3,0.3,0.2,0.4,8.9,7.3,6.7,5,10.1,14.6,7.9,6.6,4.2,2.2,2.3,0.4,3.2,0.4,0.3,0.3,0.4,0.6,3.1,2.5,4.2,3.3,9.5,12.7,8.2,6,13.4,21.3
2013,MG,Rural,Total,95.6,97.5,91.6,98.9,98.4,96.2,97.4,97,88.1,91.5,93,95.2,88.6,82.6,90.8,94.1,--,100,3.2,1.9,5.9,0.4,1.1,3.3,2.2,2.5,9.3,6.1,4.2,2.5,5.8,8.9,4.5,3.3,--,0,1.2,0.6,2.5,0.7,0.5,0.5,0.4,0.5,2.6,2.4,2.8,2.3,5.6,8.5,4.7,2.6,--,0
2013,MG,Rural,Publico,95.6,97.5,91.6,98.9,98.4,96.2,97.4,96.9,88,91.5,92.9,95.2,88.4,82.2,90.7,94,--,--,3.2,1.9,5.9,0.4,1.1,3.3,2.2,2.5,9.3,6.1,4.2,2.5,5.9,9.1,4.4,3.2,--,--,1.2,0.6,2.5,0.7,0.5,0.5,0.4,0.6,2.7,2.4,2.9,2.3,5.7,8.7,4.9,2.8,--,--
2013,MG,Rural,Privada,96.2,99.1,95,100,97.9,97.1,100,100,93.8,95.9,95.4,94.9,92.8,90.5,92.6,95.1,--,100,2.7,0.9,3.5,0,2.1,2.9,0,0,4.7,4.1,2.3,2.9,4.7,4.4,6.3,3.9,--,0,1.1,0,1.5,0,0,0,0,0,1.5,0,2.3,2.2,2.5,5.1,1.1,1,--,0
2013,MG,Rural,Municipal,95.9,97.4,91.5,98.9,98.6,95.9,97.2,96.7,87.7,91.1,93.1,95.7,82.7,71.4,87.6,94.5,--,--,3.1,2.1,6.2,0.4,0.9,3.7,2.4,2.7,9.8,6.6,4.3,2.3,9.2,14.5,7.3,3.3,--,--,1,0.5,2.3,0.7,0.5,0.4,0.4,0.6,2.5,2.3,2.6,2,8.1,14.1,5.1,2.2,--,--
2013,MG,Rural,Federal,--,--,--,--,--,--,--,--,--,--,--,--,84.4,78.2,88.9,89,--,--,--,--,--,--,--,--,--,--,--,--,--,--,14.3,20,10.3,10.1,--,--,--,--,--,--,--,--,--,--,--,--,--,--,1.3,1.8,0.8,0.9,--,--
2013,MG,Rural,Estadual,94.4,98.3,91.7,98.6,97.2,98.6,98.4,98.4,88.7,91.9,92.6,94.6,89.7,83.9,91.3,95.2,--,--,3.6,1,5.4,0.2,2,0.9,1,0.9,8.4,5.4,4,2.7,3.6,5.8,3,1.6,--,--,2,0.7,2.9,1.2,0.8,0.5,0.6,0.7,2.9,2.7,3.4,2.7,6.7,10.3,5.7,3.2,--,--
2013,MG,Urbana,Total,93.6,97.7,89.4,99.2,98.9,95.6,97.8,97.2,87.8,89.6,89.5,91.3,81.7,74.2,85,88.5,82.9,77,4.9,2,7.9,0.5,0.9,4.1,1.9,2.3,9.7,8.2,7.2,6,9.9,14.5,7.8,6.2,4.2,14.4,1.5,0.3,2.7,0.3,0.2,0.3,0.3,0.5,2.5,2.2,3.3,2.7,8.4,11.3,7.2,5.3,12.9,8.6
2013,MG,Urbana,Publico,93.1,97.5,88.9,99.2,98.9,95.2,97.7,97,87,89.1,88.9,90.9,80.3,72.6,83.9,87.4,82.8,78.8,5.2,2.1,8.2,0.5,0.8,4.5,1.9,2.4,10.2,8.5,7.4,6,10.3,14.9,8.1,6.6,4.1,2.3,1.7,0.4,2.9,0.3,0.3,0.3,0.4,0.6,2.8,2.4,3.7,3.1,9.4,12.5,8,6,13.1,18.9
2013,MG,Urbana,Privada,96.8,98.8,94.3,99.3,98.9,98.7,98.5,98.4,94.9,94.2,94.2,94.1,93.2,89.5,94.3,96.6,86.8,75.7,3.1,1.2,5.5,0.6,1.1,1.3,1.5,1.6,5,5.6,5.7,5.8,6.4,10,5.3,3.1,7.9,23.2,0.1,0,0.2,0.1,0,0,0,0,0.1,0.2,0.1,0.1,0.4,0.5,0.4,0.3,5.3,1.1
2013,MG,Urbana,Municipal,93.5,96.5,87.1,99,98.5,92.8,96.6,95.7,84.9,86.6,88.7,89,80.6,70.7,85,89.4,94.7,--,5.5,3.1,10.6,0.7,1.2,6.8,3,3.8,13,11.1,8.9,8.6,12.9,19.7,10,6.9,0,--,1,0.4,2.3,0.3,0.3,0.4,0.4,0.5,2.1,2.3,2.4,2.4,6.5,9.6,5,3.7,5.3,--
2013,MG,Urbana,Federal,93.8,96.9,91.8,99.5,97.1,98.1,95.8,93.9,92.3,92.2,90.9,92.1,87.1,78.8,88.9,95.5,98,97.1,6.2,3.1,8.1,0.5,2.9,1.9,4.2,6.1,7.7,7.8,9.1,7.7,11.7,19.7,10.4,3.3,0.7,2.9,0,0,0.1,0,0,0,0,0,0,0,0,0.2,1.2,1.5,0.7,1.2,1.3,0
2013,MG,Urbana,Estadual,92.8,99.4,89.6,99.5,99.6,99.5,99.5,99,88,90.1,89,91.6,80.2,72.5,83.8,87.3,82.4,76.5,4.9,0.2,7.2,0.1,0.2,0.2,0.2,0.4,8.9,7.4,6.8,5.1,10.3,14.8,8.1,6.7,4.2,2.2,2.3,0.4,3.2,0.4,0.2,0.3,0.3,0.6,3.1,2.5,4.2,3.3,9.5,12.7,8.1,6,13.4,21.3
2013,ES,Total,Total,87.9,92.9,81.6,98.4,97,87.1,90.7,92.6,77.6,79.7,83.3,87.4,77.8,67.5,81.4,90.6,94.1,92.5,10.8,6.6,16,1.2,2.7,12.4,8.7,6.6,19.7,18.1,14.4,10.4,15,22.6,12.5,5.2,4.1,6.8,1.3,0.5,2.4,0.4,0.3,0.5,0.6,0.8,2.7,2.2,2.3,2.2,7.2,9.9,6.1,4.2,1.8,0.7
2013,ES,Total,Publico,86.6,92.1,79.8,98.2,96.6,85.7,89.7,91.8,75.5,77.8,81.7,86.3,75.3,64.6,79.3,89.1,93.9,92.6,11.9,7.4,17.5,1.3,3,13.8,9.7,7.3,21.5,19.7,15.7,11.1,16.4,24.3,13.6,6.1,4.4,6.6,1.5,0.5,2.7,0.5,0.4,0.5,0.6,0.9,3,2.5,2.6,2.6,8.3,11.1,7.1,4.8,1.7,0.8
2013,ES,Total,Privada,97.1,99.1,94.6,99.6,99.6,98.7,98.8,98.5,95.8,94.7,93.9,94,93.9,89.8,94,98.6,95.2,92.3,2.8,0.9,5.2,0.3,0.3,1.3,1.2,1.4,4,5.1,5.9,5.9,5.6,9.5,5.6,1.1,2.7,7.7,0.1,0,0.2,0.1,0.1,0,0,0.1,0.2,0.2,0.2,0.1,0.5,0.7,0.4,0.3,2.1,0
2013,ES,Total,Municipal,86.7,91.7,78.5,98.2,96.2,85,89.2,91.5,73.4,76.1,80.9,87.6,91.2,80.6,92.9,94.4,100,--,12.1,7.7,19.1,1.4,3.5,14.4,10.1,7.7,23.7,21.8,16.9,10.3,7.8,16.1,7.1,5.6,0,--,1.2,0.6,2.4,0.4,0.3,0.6,0.7,0.8,2.9,2.1,2.2,2.1,1,3.3,0,0,0,--
2013,ES,Total,Federal,--,--,--,--,--,--,--,--,--,--,--,--,86.8,77.9,86.6,90.8,96.5,92.6,--,--,--,--,--,--,--,--,--,--,--,--,12.5,21.5,13,8.3,3.2,6.6,--,--,--,--,--,--,--,--,--,--,--,--,0.7,0.6,0.4,0.9,0.3,0.8
2013,ES,Total,Estadual,86.5,93.9,82.1,98.5,98.7,88.6,92,93.5,80,81.1,83.1,84.5,74.7,64.2,78.9,89,89.2,--,11.4,5.5,14.8,1.1,0.8,10.8,7.4,5.7,17,15.8,13.8,12.2,16.6,24.4,13.6,5.9,6.6,--,2.1,0.6,3.1,0.4,0.5,0.6,0.6,0.8,3,3.1,3.1,3.3,8.7,11.4,7.5,5.1,4.2,--
2013,ES,Rural,Total,90.8,93,86.3,98,97.7,86.1,91.6,93.5,81.9,84.7,87.5,92.7,85.1,77.4,87.7,91.6,96.1,87.5,8.3,6.6,11.7,1.6,2.1,13.6,8.1,5.8,16.1,13.2,10.2,5.6,10.1,15.6,8,6,2,12.5,0.9,0.4,2,0.4,0.2,0.3,0.3,0.7,2,2.1,2.3,1.7,4.8,7,4.3,2.4,1.9,0
2013,ES,Rural,Publico,90.8,93,86.2,98,97.7,86.1,91.6,93.5,81.7,84.7,87.6,92.6,83.8,76.1,86.9,90.7,98.6,87.5,8.3,6.6,11.8,1.6,2.1,13.6,8.1,5.8,16.3,13.3,10,5.7,11.4,17.1,8.3,6.9,0,12.5,0.9,0.4,2,0.4,0.2,0.3,0.3,0.7,2,2,2.4,1.7,4.8,6.8,4.8,2.4,1.4,0
2013,ES,Rural,Privada,88.6,--,88.6,--,--,--,--,--,89.1,86.4,82.5,95.3,90.4,83.4,91.4,95.3,95.2,--,8.6,--,8.6,--,--,--,--,--,7.8,10,15.1,2.7,5.4,8.6,6.3,2.1,2.7,--,2.8,--,2.8,--,--,--,--,--,3.1,3.6,2.4,2,4.2,8,2.3,2.6,2.1,--
2013,ES,Rural,Municipal,90.5,92.7,85.3,97.9,97.4,85.6,91.1,93.5,80.8,83.5,86.8,92.3,91.2,80.6,92.9,94.4,100,--,8.6,6.9,12.6,1.8,2.3,14.1,8.5,5.8,17.2,14.6,10.6,5.9,7.8,16.1,7.1,5.6,0,--,0.9,0.4,2.1,0.3,0.3,0.3,0.4,0.7,2,1.9,2.6,1.8,1,3.3,0,0,0,--
2013,ES,Rural,Federal,--,--,--,--,--,--,--,--,--,--,--,--,83,76.8,86.8,84.7,97.7,87.5,--,--,--,--,--,--,--,--,--,--,--,--,16.2,22.3,12.8,14.3,0,12.5,--,--,--,--,--,--,--,--,--,--,--,--,0.8,0.9,0.4,1,2.3,0
2013,ES,Rural,Estadual,92.7,95.1,89.7,99.3,99.8,89.9,94.9,93.2,85.6,89.4,90.5,93.6,83.8,75.8,86.8,93.1,--,--,6.4,4.6,8.6,0.3,0.2,9.7,4.9,6.3,12.7,8.1,8,4.9,9.8,15.6,7.1,3.9,--,--,0.9,0.3,1.7,0.4,0,0.4,0.2,0.5,1.7,2.5,1.5,1.5,6.4,8.6,6.1,3,--,--
2013,ES,Urbana,Total,87.5,92.9,81.2,98.5,96.9,87.3,90.6,92.5,77.3,79.3,83,87,77.5,67.1,81.2,90.6,93.6,92.7,11.1,6.6,16.4,1.2,2.8,12.2,8.8,6.7,20,18.5,14.8,10.8,15.1,22.8,12.7,5.2,4.7,6.6,1.4,0.5,2.4,0.3,0.3,0.5,0.6,0.8,2.7,2.2,2.2,2.2,7.4,10.1,6.1,4.2,1.7,0.7
2013,ES,Urbana,Publico,86.1,91.9,79.2,98.2,96.4,85.6,89.4,91.6,75,77.2,81.2,85.7,75,64.2,79,89,93.6,92.7,12.4,7.5,18.1,1.3,3.2,13.8,10,7.6,22,20.3,16.3,11.6,16.6,24.5,13.8,6,4.7,6.3,1.5,0.6,2.7,0.5,0.4,0.6,0.6,0.8,3,2.5,2.5,2.7,8.4,11.3,7.2,5,1.7,1
2013,ES,Urbana,Privada,97.1,99.1,94.7,99.6,99.6,98.7,98.8,98.5,96,94.9,94.1,93.9,94.1,90.2,94.2,98.7,--,92.3,2.8,0.9,5.2,0.3,0.3,1.3,1.2,1.4,3.9,5,5.8,6,5.7,9.5,5.6,1.1,--,7.7,0.1,0,0.1,0.1,0.1,0,0,0.1,0.1,0.1,0.1,0.1,0.2,0.3,0.2,0.2,--,0
2013,ES,Urbana,Municipal,86.1,91.5,77.7,98.2,96,84.9,88.9,91.1,72.5,75.2,80.1,87,--,--,--,--,--,--,12.6,7.9,19.9,1.3,3.7,14.5,10.5,8,24.4,22.6,17.6,10.9,--,--,--,--,--,--,1.3,0.6,2.4,0.5,0.3,0.6,0.6,0.9,3.1,2.2,2.3,2.1,--,--,--,--,--,--
2013,ES,Urbana,Federal,--,--,--,--,--,--,--,--,--,--,--,--,87.6,78.2,86.5,92.3,96.4,92.7,--,--,--,--,--,--,--,--,--,--,--,--,11.8,21.2,13,6.7,3.4,6.3,--,--,--,--,--,--,--,--,--,--,--,--,0.6,0.6,0.5,1,0.2,1
2013,ES,Urbana,Estadual,86,93.8,81.7,98.4,98.6,88.5,91.7,93.5,79.7,80.7,82.7,84.1,74.4,63.9,78.7,88.8,89.2,--,11.7,5.6,15.1,1.2,0.8,10.9,7.7,5.6,17.3,16.2,14.1,12.6,16.8,24.6,13.8,6,6.6,--,2.3,0.6,3.2,0.4,0.6,0.6,0.6,0.9,3,3.1,3.2,3.3,8.8,11.5,7.5,5.2,4.2,--
2013,RJ,Total,Total,87.3,90,84,91.4,92.9,85,89.4,92,80.5,82.9,85.4,88.4,81.6,74.3,82.7,91.2,82,88.3,11.2,9,13.7,7.3,6.2,14.1,9.7,7.1,17,14.8,12.4,9.4,12.7,18.5,11.7,5.6,6.1,3.9,1.5,1,2.3,1.3,0.9,0.9,0.9,0.9,2.5,2.3,2.2,2.2,5.7,7.2,5.6,3.2,11.9,7.8
2013,RJ,Total,Publico,84.6,87.4,81.5,90.6,91.1,80.2,86.4,90.1,76.6,80.3,83.3,87.4,79.3,71.7,80.3,89.8,88.3,87.7,13.3,11.3,15.5,7.8,7.8,18.7,12.3,8.6,20.2,16.7,13.9,9.8,13.6,19.6,12.7,6.1,7.4,3.9,2.1,1.3,3,1.6,1.1,1.1,1.3,1.3,3.2,3,2.8,2.8,7.1,8.7,7,4.1,4.3,8.4
2013,RJ,Total,Privada,94.3,96.1,91.7,93,96.9,97.1,97,96.8,92.6,91.1,91.7,91.2,89.8,84.7,90.9,95.5,71.8,94.2,5.4,3.6,8.1,6.3,2.8,2.7,2.9,3.1,7.1,8.7,8.1,8.5,9.4,14.5,8.5,4.1,4,3.9,0.3,0.3,0.2,0.7,0.3,0.2,0.1,0.1,0.3,0.2,0.2,0.3,0.8,0.8,0.6,0.4,24.2,1.9
2013,RJ,Total,Municipal,85,87.4,81,90.6,91.1,80.1,86.3,90.2,75.4,79.6,84,89.3,78.8,70.4,82.9,88.5,87.8,--,13.2,11.4,16.4,7.8,7.8,18.8,12.5,8.5,21.4,17.8,13.5,8.7,15.6,22.1,12.7,7.7,7.3,--,1.8,1.2,2.6,1.6,1.1,1.1,1.2,1.3,3.2,2.6,2.5,2,5.6,7.5,4.4,3.8,4.9,--
2013,RJ,Total,Federal,91.4,94.5,89.7,91.7,94.6,93.3,95.5,97.2,90.5,88.1,88.1,91.9,87,81,88.7,92.2,89.7,87.6,8.5,5.3,10.2,8.3,5.3,6.7,4.3,2.2,9.3,11.7,11.7,8,10.8,16.9,10.1,4.6,5.5,10,0.1,0.2,0.1,0,0.1,0,0.2,0.6,0.2,0.2,0.2,0.1,2.2,2.1,1.2,3.2,4.8,2.4
2013,RJ,Total,Estadual,82.5,88.2,82.3,86.3,81.3,86.8,94.2,86.4,79.9,81.4,82,85,79,71.5,80,89.7,87.5,87.7,13.9,10.2,14.1,7.7,13.5,12.1,5,12.3,16.7,14.8,14.6,11.1,13.7,19.6,12.8,6.1,8.7,2.9,3.6,1.6,3.6,6,5.2,1.1,0.8,1.3,3.4,3.8,3.4,3.9,7.3,8.9,7.2,4.2,3.8,9.4
2013,RJ,Rural,Total,85,87.1,81.1,87.1,89.4,82.3,86.8,90.2,75,79.3,84.8,89.1,87.3,83,87.7,93.9,93.6,90.6,13.5,12,16.4,11.8,9.9,16.9,12.1,8.8,22.1,18.5,12.9,8.4,7.9,11,7.6,3.7,6.4,2.6,1.5,0.9,2.5,1.1,0.7,0.8,1.1,1,2.9,2.2,2.3,2.5,4.8,6,4.7,2.4,0,6.8
2013,RJ,Rural,Publico,84.5,86.6,80.5,86.8,89,81.5,86.3,89.9,74.1,78.8,84.4,88.9,87.1,82.7,87.4,93.9,93.6,90.6,14,12.5,16.9,12.1,10.3,17.7,12.6,9.1,22.9,18.9,13.2,8.5,7.9,11,7.6,3.5,6.4,2.6,1.5,0.9,2.6,1.1,0.7,0.8,1.1,1,3,2.3,2.4,2.6,5,6.3,5,2.6,0,6.8
2013,RJ,Rural,Privada,94.9,95.7,93,91.3,97.1,96.8,96.8,97.3,95.4,91.1,92.8,92.3,91.7,89.9,93.1,92.4,--,--,4.7,3.7,6.9,7.2,2.5,3,2.7,2.6,4.6,8.7,7.2,7.7,8.3,10.1,6.9,7.6,--,--,0.4,0.6,0.1,1.5,0.4,0.2,0.5,0.1,0,0.2,0,0,0,0,0,0,--,--
2013,RJ,Rural,Municipal,84.5,86.6,78.7,86.8,88.9,81.5,86.3,89.9,73.2,76.5,83.8,89.4,68.8,42.3,100,100,--,--,14.1,12.5,18.7,12.2,10.4,17.7,12.6,9.1,23.8,21.3,14,8.2,22.9,42.3,0,0,--,--,1.4,0.9,2.6,1,0.7,0.8,1.1,1,3,2.2,2.2,2.4,8.3,15.4,0,0,--,--
2013,RJ,Rural,Federal,--,--,--,--,--,--,--,--,--,--,--,--,90.2,89.6,89.9,89,93.6,--,--,--,--,--,--,--,--,--,--,--,--,--,7.1,5.2,8.7,8.2,6.4,--,--,--,--,--,--,--,--,--,--,--,--,--,2.7,5.2,1.4,2.8,0,--
2013,RJ,Rural,Estadual,84.5,94.8,84.3,100,100,100,97.2,91,77.5,83.9,85.4,88.3,87.1,82.8,87.3,94,--,90.6,12.9,5.2,13,0,0,0,2.8,9,19.5,13.6,11.9,8.8,7.9,10.9,7.6,3.4,--,2.6,2.6,0,2.7,0,0,0,0,0,3,2.5,2.7,2.9,5,6.3,5.1,2.6,--,6.8
2013,RJ,Urbana,Total,87.4,90.2,84.2,91.7,93.2,85.2,89.5,92.1,80.7,83,85.5,88.4,81.5,74.1,82.6,91.2,81.5,88.3,11,8.8,13.5,7,6,13.9,9.5,7,16.8,14.6,12.4,9.5,12.8,18.7,11.8,5.6,6.1,3.9,1.6,1,2.3,1.3,0.8,0.9,1,0.9,2.5,2.4,2.1,2.1,5.7,7.2,5.6,3.2,12.4,7.8
2013,RJ,Urbana,Publico,84.6,87.5,81.5,91,91.3,80,86.5,90.1,76.8,80.4,83.2,87.3,79.1,71.4,80.1,89.7,88,87.7,13.3,11.2,15.5,7.4,7.5,18.8,12.3,8.6,20,16.6,14,9.9,13.7,19.8,12.9,6.2,7.4,3.9,2.1,1.3,3,1.6,1.2,1.2,1.2,1.3,3.2,3,2.8,2.8,7.2,8.8,7,4.1,4.6,8.4
2013,RJ,Urbana,Privada,94.3,96.1,91.7,93,96.9,97.1,97,96.8,92.6,91.1,91.7,91.2,89.8,84.7,90.9,95.5,71.8,94.2,5.5,3.6,8.1,6.3,2.8,2.7,2.9,3.1,7.1,8.7,8.1,8.5,9.4,14.5,8.5,4.1,4,3.9,0.2,0.3,0.2,0.7,0.3,0.2,0.1,0.1,0.3,0.2,0.2,0.3,0.8,0.8,0.6,0.4,24.2,1.9
2013,RJ,Urbana,Municipal,85,87.4,81.1,91.1,91.4,79.9,86.3,90.2,75.5,79.8,84,89.3,78.9,70.7,82.8,88.4,87.8,--,13.2,11.3,16.3,7.3,7.5,18.9,12.5,8.5,21.3,17.6,13.5,8.8,15.5,21.9,12.8,7.7,7.3,--,1.8,1.3,2.6,1.6,1.1,1.2,1.2,1.3,3.2,2.6,2.5,1.9,5.6,7.4,4.4,3.9,4.9,--
2013,RJ,Urbana,Federal,91.4,94.5,89.7,91.7,94.6,93.3,95.5,97.2,90.5,88.1,88.1,91.9,86.9,80.8,88.7,92.3,88.9,87.6,8.5,5.3,10.2,8.3,5.3,6.7,4.3,2.2,9.3,11.7,11.7,8,10.8,17.1,10.1,4.5,5.3,10,0.1,0.2,0.1,0,0.1,0,0.2,0.6,0.2,0.2,0.2,0.1,2.3,2.1,1.2,3.2,5.8,2.4
2013,RJ,Urbana,Estadual,82.4,88,82.2,85.3,80.1,86.5,94.2,86.3,80.1,81.3,81.8,84.8,78.8,71.1,79.8,89.6,87.5,87.7,14,10.3,14.2,8.3,14.3,12.3,5,12.4,16.5,14.9,14.8,11.2,13.8,19.9,12.9,6.2,8.7,2.9,3.6,1.7,3.6,6.4,5.6,1.2,0.8,1.3,3.4,3.8,3.4,4,7.4,9,7.3,4.2,3.8,9.4
2013,SP,Total,Total,95.2,97.3,93,98.9,97.8,95.4,97.9,96.2,95.4,94.2,93.6,89.1,83.7,77.8,84.4,91.1,94,88.3,3.9,2.5,5.4,0.9,2.1,4.4,1.9,3.5,3.5,4.5,4.8,8.5,11.6,16.4,10.8,5.6,4.7,11.3,0.9,0.2,1.6,0.2,0.1,0.2,0.2,0.3,1.1,1.3,1.6,2.4,4.7,5.8,4.8,3.3,1.3,0.4
2013,SP,Total,Publico,94.6,96.9,92.3,98.8,97.7,94.8,97.7,95.6,95.1,93.8,93.1,87.7,81.6,75.6,82.3,89.6,95.6,82.4,4.3,2.8,5.8,0.8,2.1,5,2,4.1,3.6,4.7,4.9,9.5,12.8,17.7,12.1,6.4,2.4,16.9,1.1,0.3,1.9,0.4,0.2,0.2,0.3,0.3,1.3,1.5,2,2.8,5.6,6.7,5.6,4,2,0.7
2013,SP,Total,Privada,97.6,98.6,96.4,99,98.1,98.4,98.7,98.6,96.7,96.2,96.1,96.7,95.6,92.2,96.5,98.8,91.1,97.8,2.4,1.4,3.6,1,1.9,1.6,1.3,1.4,3.3,3.8,3.9,3.2,4.2,7.6,3.4,1.2,8.9,2.2,0,0,0,0,0,0,0,0,0,0,0,0.1,0.2,0.2,0.1,0,0,0
2013,SP,Total,Municipal,95.3,96.4,92.2,98.9,97.2,93.1,97.3,95.6,93.3,91.3,92.5,91.9,87.2,80.8,88.8,93.7,94.1,--,4.1,3.4,6.2,0.8,2.6,6.7,2.5,4.2,5.6,7.4,5.8,6.1,9.7,15.4,8.2,4.3,2.5,--,0.6,0.2,1.6,0.3,0.2,0.2,0.2,0.2,1.1,1.3,1.7,2,3.1,3.8,3,2,3.4,--
2013,SP,Total,Federal,98.4,98.4,--,100,100,94.7,100,97.5,--,--,--,--,86.1,73.9,90,97.2,96.5,--,1.6,1.6,--,0,0,5.3,0,2.5,--,--,--,--,11.1,20.6,8.6,1.7,2.3,--,0,0,--,0,0,0,0,0,--,--,--,--,2.8,5.5,1.4,1.1,1.2,--
2013,SP,Total,Estadual,93.9,98.3,92.3,98.6,99,99,98.9,95.6,95.9,94.8,93.3,86.4,81.5,75.5,82.2,89.6,--,82.4,4.5,1.3,5.6,0.8,0.7,0.8,0.8,3.9,2.8,3.6,4.6,10.5,12.9,17.7,12.1,6.5,--,16.9,1.6,0.4,2.1,0.6,0.3,0.2,0.3,0.5,1.3,1.6,2.1,3.1,5.6,6.8,5.7,3.9,--,0.7
2013,SP,Rural,Total,95,95.3,94.4,98.6,96.7,91.3,96.2,94,95.3,94.4,95.1,92.9,89.9,86.8,90.2,93.9,--,87.5,4.5,4.5,4.4,1.1,3.1,8.6,3.6,5.8,4.1,4.6,3.8,5.2,6.6,9.2,6.2,3.1,--,12,0.5,0.2,1.2,0.3,0.2,0.1,0.2,0.2,0.6,1,1.1,1.9,3.5,4,3.6,3,--,0.5
2013,SP,Rural,Publico,94.9,95.3,94.3,98.6,96.8,91.2,96.2,93.9,95.2,94.4,95,92.8,89.7,86.7,90,93.8,--,87.5,4.5,4.5,4.5,1.2,3.1,8.7,3.6,5.9,4.2,4.6,3.8,5.3,6.7,9.3,6.3,3.1,--,12,0.6,0.2,1.2,0.2,0.1,0.1,0.2,0.2,0.6,1,1.2,1.9,3.6,4,3.7,3.1,--,0.5
2013,SP,Rural,Privada,96.7,96.4,97.1,98.9,94.7,95.2,96.2,96.9,98.1,95.7,96.9,97.7,95.6,92.2,96.2,98.7,--,--,3.3,3.6,2.9,0.8,5.3,4.8,3.8,3.1,1.9,4.3,3.1,2.3,4.4,7.8,3.8,1.3,--,--,0,0,0,0.3,0,0,0,0,0,0,0,0,0,0,0,0,--,--
2013,SP,Rural,Municipal,94.5,94.9,92.9,98.6,96.4,90,95.9,93.8,91.6,90.8,93.7,95.5,80.9,72.7,86.6,87.2,--,--,5.2,4.9,6.3,1.2,3.5,9.8,3.9,6,7.9,8.5,5.6,3.2,13.9,21.1,11.8,4.3,--,--,0.3,0.2,0.8,0.2,0.1,0.2,0.2,0.2,0.5,0.7,0.7,1.3,5.2,6.2,1.6,8.5,--,--
2013,SP,Rural,Estadual,95.6,98,95,98.6,99.3,98.9,98.7,94.7,97.1,96.2,95.6,91.6,89.8,86.9,90,93.9,--,87.5,3.2,1.8,3.6,1.1,0.4,0.9,1.2,5.1,2.2,2.7,3,6.1,6.5,9,6.2,3.1,--,12,1.2,0.2,1.4,0.3,0.3,0.2,0.1,0.2,0.7,1.1,1.4,2.3,3.7,4.1,3.8,3,--,0.5
2013,SP,Urbana,Total,95.2,97.3,92.9,98.9,97.8,95.5,97.9,96.3,95.4,94.2,93.6,89.1,83.6,77.7,84.4,91.1,94,88.5,3.9,2.5,5.4,0.8,2,4.3,1.9,3.5,3.5,4.5,4.8,8.6,11.6,16.5,10.8,5.6,4.7,11.1,0.9,0.2,1.7,0.3,0.2,0.2,0.2,0.2,1.1,1.3,1.6,2.3,4.8,5.8,4.8,3.3,1.3,0.4
2013,SP,Urbana,Publico,94.6,97,92.2,98.8,97.7,94.9,97.8,95.6,95.1,93.8,93.1,87.7,81.5,75.4,82.2,89.6,95.6,79.4,4.3,2.7,5.8,0.8,2.1,4.9,2,4,3.6,4.7,5,9.5,12.9,17.8,12.1,6.5,2.4,19.8,1.1,0.3,2,0.4,0.2,0.2,0.2,0.4,1.3,1.5,1.9,2.8,5.6,6.8,5.7,3.9,2,0.8
2013,SP,Urbana,Privada,97.6,98.6,96.4,99,98.1,98.5,98.7,98.6,96.7,96.2,96.1,96.7,95.6,92.2,96.5,98.8,91.1,97.8,2.4,1.4,3.6,1,1.9,1.5,1.3,1.4,3.3,3.8,3.9,3.2,4.2,7.6,3.4,1.2,8.9,2.2,0,0,0,0,0,0,0,0,0,0,0,0.1,0.2,0.2,0.1,0,0,0
2013,SP,Urbana,Municipal,95.3,96.5,92.2,98.9,97.2,93.2,97.3,95.7,93.3,91.3,92.5,91.8,87.3,80.9,88.8,93.8,94.1,--,4.1,3.3,6.2,0.8,2.6,6.6,2.5,4.1,5.5,7.4,5.8,6.1,9.7,15.3,8.2,4.3,2.5,--,0.6,0.2,1.6,0.3,0.2,0.2,0.2,0.2,1.2,1.3,1.7,2.1,3,3.8,3,1.9,3.4,--
2013,SP,Urbana,Federal,98.4,98.4,--,100,100,94.7,100,97.5,--,--,--,--,86.1,73.9,90,97.2,96.5,--,1.6,1.6,--,0,0,5.3,0,2.5,--,--,--,--,11.1,20.6,8.6,1.7,2.3,--,0,0,--,0,0,0,0,0,--,--,--,--,2.8,5.5,1.4,1.1,1.2,--
2013,SP,Urbana,Estadual,93.9,98.3,92.2,98.6,99,99,98.9,95.6,95.8,94.8,93.3,86.4,81.4,75.4,82.1,89.5,--,79.4,4.5,1.3,5.7,0.8,0.7,0.8,0.8,3.8,2.8,3.6,4.7,10.6,12.9,17.9,12.2,6.5,--,19.8,1.6,0.4,2.1,0.6,0.3,0.2,0.3,0.6,1.4,1.6,2,3,5.7,6.7,5.7,4,--,0.8
2013,PR,Total,Total,90,94.6,84.7,98.1,93,90.4,95.3,96.7,85.6,83,84.4,85.5,81,74.3,82,88,94.3,98.9,8.6,5.2,12.5,1.7,6.9,9.5,4.5,3.1,12.2,14.4,12.9,10.8,12.6,18,11.6,7.1,3,0.6,1.4,0.2,2.8,0.2,0.1,0.1,0.2,0.2,2.2,2.6,2.7,3.7,6.4,7.7,6.4,4.9,2.7,0.5
2013,PR,Total,Publico,88.9,94,83.2,98,92.2,89.1,94.8,96.4,84.2,81.5,82.9,84.2,78.7,71.8,79.7,86.1,94.2,99,9.5,5.8,13.6,1.8,7.7,10.7,5,3.4,13.4,15.6,14,11.6,14,19.5,13,8.2,3,0.1,1.6,0.2,3.2,0.2,0.1,0.2,0.2,0.2,2.4,2.9,3.1,4.2,7.3,8.7,7.3,5.7,2.8,0.9
2013,PR,Total,Privada,97.7,98.5,96.4,98.9,97.7,98.5,98.7,98.8,97.3,95.9,96.1,96.3,96,92.7,96.8,98.6,98.6,98.8,2.3,1.4,3.5,1,2.3,1.4,1.3,1.2,2.6,3.9,3.8,3.5,3.7,7,2.9,1.1,1.4,1.2,0,0.1,0.1,0.1,0,0.1,0,0,0.1,0.2,0.1,0.2,0.3,0.3,0.3,0.3,0,0
2013,PR,Total,Municipal,93.8,94.1,84.8,98,92.2,89.1,94.8,96.4,83.4,81,84.7,91.3,--,--,--,--,--,--,5.9,5.8,13.7,1.8,7.7,10.7,5,3.4,15.3,17.8,13.6,7,--,--,--,--,--,--,0.3,0.1,1.5,0.2,0.1,0.2,0.2,0.2,1.3,1.2,1.7,1.7,--,--,--,--,--,--
2013,PR,Total,Federal,90.6,--,90.6,--,--,--,--,--,91.8,91.6,93,86.1,89.1,81.4,86.1,89.9,96,99.1,9.4,--,9.4,--,--,--,--,--,8.2,8.4,7,13.9,8.8,15.1,11.3,8.7,3.3,0,0,--,0,--,--,--,--,--,0,0,0,0,2.1,3.5,2.6,1.4,0.7,0.9
2013,PR,Total,Estadual,83.2,88.7,83.2,90.2,90.9,87.8,90.5,84.6,84.2,81.5,82.9,84,78.6,71.7,79.7,86,94.1,0,13.6,10.6,13.6,8.7,8.3,12.1,8.7,14.5,13.3,15.5,14,11.7,14,19.5,13,8.2,3,100,3.2,0.7,3.2,1.1,0.8,0.1,0.8,0.9,2.5,3,3.1,4.3,7.4,8.8,7.3,5.8,2.9,0
2013,PR,Rural,Total,91.3,92.9,88.8,97,90.8,88.8,93.2,95.1,88.3,87.5,88.4,91.1,86.8,82.7,86.9,92.8,82.4,--,7.5,6.8,8.7,2.5,9,11,6.5,4.5,9.7,10,9,6,7.8,10.8,7.7,3.6,11.8,--,1.2,0.3,2.5,0.5,0.2,0.2,0.3,0.4,2,2.5,2.6,2.9,5.4,6.5,5.4,3.6,5.8,--
2013,PR,Rural,Publico,91.3,92.9,88.8,97,90.8,88.8,93.1,95.1,88.2,87.5,88.4,91.1,86.6,82.5,86.6,92.6,82.4,--,7.6,6.8,8.7,2.5,9,11,6.6,4.6,9.8,10.1,9,6,7.9,10.9,7.7,3.7,11.8,--,1.1,0.3,2.5,0.5,0.2,0.2,0.3,0.3,2,2.4,2.6,2.9,5.5,6.6,5.7,3.7,5.8,--
2013,PR,Rural,Privada,96.2,95.8,96.7,97.4,91.5,96.6,96.8,96.6,98.6,96.6,96.6,95.3,94.8,91.1,93.9,99.4,--,--,2.9,2.8,3,1.3,8.5,3.4,1.1,0,1.4,1.7,3.4,4.7,4.8,8.9,5.7,0,--,--,0.9,1.4,0.3,1.3,0,0,2.1,3.4,0,1.7,0,0,0.4,0,0.4,0.6,--,--
2013,PR,Rural,Municipal,93,93.2,84.6,97.4,90.9,88.9,93.3,95.8,80.7,80,81.4,95.9,--,--,--,--,--,--,6.7,6.6,13.6,2.1,9,11,6.4,4,17.7,18.6,15.7,2.8,--,--,--,--,--,--,0.3,0.2,1.8,0.5,0.1,0.1,0.3,0.2,1.6,1.4,2.9,1.3,--,--,--,--,--,--
2013,PR,Rural,Estadual,88.8,86.6,89,88.3,89.5,87,88.3,80,88.5,87.8,88.7,90.9,86.6,82.5,86.6,92.6,82.4,--,8.8,12.5,8.5,10.7,9.6,12.8,10.7,18.6,9.5,9.8,8.7,6.1,7.9,10.9,7.7,3.7,11.8,--,2.4,0.9,2.5,1,0.9,0.2,1,1.4,2,2.4,2.6,3,5.5,6.6,5.7,3.7,5.8,--
2013,PR,Urbana,Total,89.9,94.8,84.4,98.2,93.1,90.5,95.4,96.8,85.5,82.8,84.1,85.2,80.7,73.9,81.8,87.8,94.3,98.9,8.7,5.1,12.8,1.6,6.8,9.4,4.4,3,12.3,14.6,13.1,11,12.8,18.3,11.8,7.2,2.9,0.6,1.4,0.1,2.8,0.2,0.1,0.1,0.2,0.2,2.2,2.6,2.8,3.8,6.5,7.8,6.4,5,2.8,0.5
2013,PR,Urbana,Publico,88.7,94.1,82.8,98.1,92.3,89.2,94.9,96.5,83.9,81.1,82.6,83.8,78.3,71.3,79.4,85.8,94.2,99,9.6,5.7,14,1.8,7.6,10.7,4.9,3.3,13.6,15.9,14.3,12,14.3,19.9,13.2,8.4,3,0.1,1.7,0.2,3.2,0.1,0.1,0.1,0.2,0.2,2.5,3,3.1,4.2,7.4,8.8,7.4,5.8,2.8,0.9
2013,PR,Urbana,Privada,97.7,98.5,96.4,98.9,97.8,98.5,98.7,98.9,97.3,95.9,96.1,96.3,96,92.7,96.9,98.6,98.6,98.8,2.3,1.4,3.5,1,2.2,1.4,1.3,1.1,2.6,4,3.8,3.5,3.7,7,2.9,1.2,1.4,1.2,0,0.1,0.1,0.1,0,0.1,0,0,0.1,0.1,0.1,0.2,0.3,0.3,0.2,0.2,0,0
2013,PR,Urbana,Municipal,93.9,94.1,84.8,98.1,92.3,89.2,94.9,96.5,83.6,81,85.1,90.7,--,--,--,--,--,--,5.9,5.7,13.8,1.8,7.6,10.7,4.9,3.3,15.1,17.8,13.4,7.6,--,--,--,--,--,--,0.2,0.2,1.4,0.1,0.1,0.1,0.2,0.2,1.3,1.2,1.5,1.7,--,--,--,--,--,--
2013,PR,Urbana,Federal,90.6,--,90.6,--,--,--,--,--,91.8,91.6,93,86.1,89.1,81.4,86.1,89.9,96,99.1,9.4,--,9.4,--,--,--,--,--,8.2,8.4,7,13.9,8.8,15.1,11.3,8.7,3.3,0,0,--,0,--,--,--,--,--,0,0,0,0,2.1,3.5,2.6,1.4,0.7,0.9
2013,PR,Urbana,Estadual,82.8,95.3,82.8,97.6,96.9,90.5,97.4,94.8,83.9,81.1,82.5,83.6,78.2,71.2,79.4,85.7,94.2,0,14,4.4,14,0.8,3.1,9.5,2.6,5.2,13.6,15.9,14.3,12.1,14.3,19.9,13.2,8.4,3,100,3.2,0.3,3.2,1.6,0,0,0,0,2.5,3,3.2,4.3,7.5,8.9,7.4,5.9,2.8,0
2013,SC,Total,Total,92.4,96.3,87.6,99.4,97.5,93.5,97,94.4,86.5,88.4,89.6,87,79,68.3,83.8,90.6,91.2,87.4,6.9,3.6,11.2,0.5,2.3,6.4,2.8,5.3,12.6,10.7,9.4,11,13.6,21.5,10.1,5,3.8,10.3,0.7,0.1,1.2,0.1,0.2,0.1,0.2,0.3,0.9,0.9,1,2,7.4,10.2,6.1,4.4,5,2.3
2013,SC,Total,Publico,91.7,95.9,86.5,99.3,97.3,92.8,96.8,93.9,85.4,87.6,87.9,86.2,76.6,65.5,81.7,89.2,91.2,86.8,7.5,3.9,12.1,0.5,2.6,7.1,3,5.8,13.6,11.4,10.9,11.7,15,23.1,11.2,5.6,3.8,10.8,0.8,0.2,1.4,0.2,0.1,0.1,0.2,0.3,1,1,1.2,2.1,8.4,11.4,7.1,5.2,5,2.4
2013,SC,Total,Privada,98,99.2,96.4,99.5,99.2,99.3,99.1,98.9,97.5,96.6,95.8,95.9,94.9,91.7,95.5,97.9,--,99.1,1.9,0.7,3.5,0.4,0.8,0.7,0.9,1,2.4,3.3,4.1,4,4.8,7.9,4.3,1.9,--,0.9,0.1,0.1,0.1,0.1,0,0,0,0.1,0.1,0.1,0.1,0.1,0.3,0.4,0.2,0.2,--,0
2013,SC,Total,Municipal,93.8,96.2,89.4,99.3,96.6,94,95.6,95.5,87.5,88.5,87.8,93.3,87.9,80.5,90.7,95.4,--,--,5.7,3.7,9.4,0.5,3.3,5.9,4.2,4.2,11.5,10.4,10.8,5.2,8.4,13.2,6.7,3.5,--,--,0.5,0.1,1.2,0.2,0.1,0.1,0.2,0.3,1,1.1,1.4,1.5,3.7,6.3,2.6,1.1,--,--
2013,SC,Total,Federal,92.9,99.4,85.4,100,100,97.3,100,100,97.3,83.5,77.3,83.5,89.9,85.1,92.6,94.6,96.6,89,7.1,0.6,14.6,0,0,2.7,0,0,2.7,16.5,22.7,16.5,8.8,13.1,6.8,5.3,3.4,8.8,0,0,0,0,0,0,0,0,0,0,0,0,1.3,1.8,0.6,0.1,0,2.2
2013,SC,Total,Estadual,88.7,95.2,83.8,99.3,99.3,90.1,99.3,91.2,83.5,86.9,88.4,81.6,76.2,65.1,81.5,89.1,90.7,63.3,10.3,4.6,14.6,0.5,0.6,9.7,0.5,8.5,15.5,12.3,10.8,15.9,15.2,23.3,11.3,5.6,3.8,32,1,0.2,1.6,0.2,0.1,0.2,0.2,0.3,1,0.8,0.8,2.5,8.6,11.6,7.2,5.3,5.5,4.7
2013,SC,Rural,Total,94.6,96.7,90.7,99.5,98.4,93.5,97.5,95.1,88.7,92.2,89.3,91.5,86,77.1,90.4,95.6,97.1,37.5,4.9,3.2,8.1,0.4,1.5,6.4,2.4,4.6,10.6,6.9,9.6,6.7,9.4,15.6,5.7,3,2.9,62.5,0.5,0.1,1.2,0.1,0.1,0.1,0.1,0.3,0.7,0.9,1.1,1.8,4.6,7.3,3.9,1.4,0,0
2013,SC,Rural,Publico,94.6,96.7,90.7,99.5,98.4,93.5,97.5,95.1,88.7,92.2,89.3,91.5,85.7,76.7,90.3,95.5,97.1,37.5,4.9,3.2,8.1,0.4,1.5,6.4,2.4,4.6,10.6,6.9,9.6,6.7,9.5,15.9,5.7,3,2.9,62.5,0.5,0.1,1.2,0.1,0.1,0.1,0.1,0.3,0.7,0.9,1.1,1.8,4.8,7.4,4,1.5,0,0
2013,SC,Rural,Privada,--,--,--,--,--,--,--,--,--,--,--,--,95,95.1,93.4,97.1,--,--,--,--,--,--,--,--,--,--,--,--,--,--,5,4.9,6.6,2.9,--,--,--,--,--,--,--,--,--,--,--,--,--,--,0,0,0,0,--,--
2013,SC,Rural,Municipal,95.8,96.9,92.8,99.5,98.2,94,96.9,96.2,90.3,92.4,90.5,96,91.7,82.6,97.8,100,--,--,3.9,3,6.3,0.4,1.8,5.9,3,3.6,9.3,6.8,8.3,2.6,4,9,0,0,--,--,0.3,0.1,0.9,0.1,0,0.1,0.1,0.2,0.4,0.8,1.2,1.4,4.3,8.4,2.2,0,--,--
2013,SC,Rural,Federal,--,--,--,--,--,--,--,--,--,--,--,--,91.6,84.1,94.6,95.5,97.4,--,--,--,--,--,--,--,--,--,--,--,--,--,7.5,13.4,5.1,4.5,2.6,--,--,--,--,--,--,--,--,--,--,--,--,--,0.9,2.5,0.3,0,0,--
2013,SC,Rural,Estadual,91.7,95.8,88.2,99.3,99.3,91.6,99.6,91.7,87,92,81.8,86.9,84.5,75.6,89.2,95.3,96.9,37.5,7.3,3.9,10.3,0.3,0.5,8.2,0.3,7.8,12,7.1,18.2,10.9,10.1,16.5,6,3,3.1,62.5,1,0.3,1.5,0.4,0.2,0.2,0.1,0.5,1,0.9,0,2.2,5.4,7.9,4.8,1.7,0,0
2013,SC,Urbana,Total,92.2,96.2,87.4,99.3,97.4,93.5,97,94.3,86.4,88.1,89.6,86.7,78.8,68,83.6,90.4,90.9,87.6,7.1,3.6,11.4,0.5,2.4,6.4,2.8,5.4,12.7,11,9.4,11.4,13.8,21.7,10.3,5.1,3.8,10.1,0.7,0.2,1.2,0.2,0.2,0.1,0.2,0.3,0.9,0.9,1,1.9,7.4,10.3,6.1,4.5,5.3,2.3
2013,SC,Urbana,Publico,91.4,95.8,86.2,99.3,97.2,92.7,96.7,93.8,85.1,87.2,87.8,85.7,76.3,65.1,81.4,89,90.9,87,7.8,4,12.4,0.5,2.7,7.2,3.1,5.9,13.9,11.8,10.9,12.2,15.2,23.4,11.4,5.7,3.8,10.6,0.8,0.2,1.4,0.2,0.1,0.1,0.2,0.3,1,1,1.3,2.1,8.5,11.5,7.2,5.3,5.3,2.4
2013,SC,Urbana,Privada,98,99.2,96.4,99.5,99.2,99.3,99.1,98.9,97.5,96.6,95.8,95.9,94.9,91.7,95.5,97.9,--,99.1,1.9,0.7,3.5,0.4,0.8,0.7,0.9,1,2.4,3.3,4.1,4,4.8,7.9,4.3,1.9,--,0.9,0.1,0.1,0.1,0.1,0,0,0,0.1,0.1,0.1,0.1,0.1,0.3,0.4,0.2,0.2,--,0
2013,SC,Urbana,Municipal,93.5,96.1,89.1,99.3,96.4,94,95.4,95.4,87.2,88.1,87.7,93,86.5,79.6,88.6,93.7,--,--,5.9,3.8,9.7,0.5,3.5,5.9,4.4,4.3,11.7,10.8,11,5.5,10,14.9,8.8,4.7,--,--,0.6,0.1,1.2,0.2,0.1,0.1,0.2,0.3,1.1,1.1,1.3,1.5,3.5,5.5,2.6,1.6,--,--
2013,SC,Urbana,Federal,92.9,99.4,85.4,100,100,97.3,100,100,97.3,83.5,77.3,83.5,89.6,85.4,91.9,94.2,96.2,89,7.1,0.6,14.6,0,0,2.7,0,0,2.7,16.5,22.7,16.5,9,13,7.4,5.6,3.8,8.8,0,0,0,0,0,0,0,0,0,0,0,0,1.4,1.6,0.7,0.2,0,2.2
2013,SC,Urbana,Estadual,88.5,95.2,83.5,99.3,99.3,90,99.2,91.1,83.3,86.5,88.8,81.2,75.9,64.8,81.3,88.9,90.6,64.6,10.5,4.6,14.9,0.5,0.6,9.9,0.6,8.6,15.7,12.6,10.4,16.3,15.3,23.5,11.5,5.7,3.8,30.4,1,0.2,1.6,0.2,0.1,0.1,0.2,0.3,1,0.9,0.8,2.5,8.8,11.7,7.2,5.4,5.6,5
2013,RS,Total,Total,87.3,93,80.1,99.3,98.3,87,91.3,91.1,78.1,74.9,80.9,87,75.7,66,78.7,89.2,88.3,73,11.5,6.5,17.7,0.4,1.3,12.6,8.2,8.1,19.9,22.5,16.9,11,15.4,22.1,13.4,6.1,4.9,16.4,1.2,0.5,2.2,0.3,0.4,0.4,0.5,0.8,2,2.6,2.2,2,8.9,11.9,7.9,4.7,6.8,10.6
2013,RS,Total,Publico,86.2,92.3,78.7,99.2,98.4,85.7,90.5,90.4,76.4,74.2,79.2,86.1,73.6,63.8,76.9,87.9,87.9,72.5,12.4,7.2,18.9,0.4,1.2,13.7,9,8.8,21.5,23.2,18.3,11.7,16.4,23.2,14.2,6.7,5.1,16.6,1.4,0.5,2.4,0.4,0.4,0.6,0.5,0.8,2.1,2.6,2.5,2.2,10,13,8.9,5.4,7,10.9
2013,RS,Total,Privada,96.8,98.1,94.5,99.7,97.7,97.7,97.9,97.7,95.6,92.9,94.5,94,92.2,87.9,92.8,96.9,95.6,92.3,3.1,1.8,5.4,0.2,2.2,2.2,2,2.2,4.3,6.9,5.4,5.9,7.4,11.6,6.8,2.9,1.9,6.2,0.1,0.1,0.1,0.1,0.1,0.1,0.1,0.1,0.1,0.2,0.1,0.1,0.4,0.5,0.4,0.2,2.5,1.5
2013,RS,Total,Municipal,87.6,92.4,80.5,99.1,97.9,86.2,90.7,89.9,77.6,77.3,80.7,88.8,62.5,53.3,66.2,76.6,69.7,63.2,11.1,7.1,17.2,0.5,1.7,13.3,8.7,9.2,20.2,20.3,17,9.2,21.5,29.5,20,12.9,18.2,9.3,1.3,0.5,2.3,0.4,0.4,0.5,0.6,0.9,2.2,2.4,2.3,2,16,17.2,13.8,10.5,12.1,27.5
2013,RS,Total,Federal,92.2,95.4,91.8,100,92.3,92.3,96,100,85.8,92.1,92.2,95.2,82.2,74.4,82.5,90.3,88.7,88.7,7.8,4.6,8.2,0,7.7,7.7,4,0,14.2,7.9,7.8,4.8,15.7,22.6,15.6,8.4,10.4,9.3,0,0,0,0,0,0,0,0,0,0,0,0,2.1,3,1.9,1.3,0.9,2
2013,RS,Total,Estadual,84.6,92.2,77,99.4,99.3,85.1,90.2,90.9,75.1,70.8,78,83.9,73.5,63.7,76.9,88,88.3,72.3,13.9,7.3,20.5,0.2,0.3,14.4,9.3,8.3,22.7,26.3,19.5,13.6,16.4,23.1,14.1,6.5,3.2,17.8,1.5,0.5,2.5,0.4,0.4,0.5,0.5,0.8,2.2,2.9,2.5,2.5,10.1,13.2,9,5.5,8.5,9.9
2013,RS,Rural,Total,89.8,93.6,84.4,99.6,97.9,88,92,92.6,80.9,80.4,85.2,92.3,81.4,71.8,83.7,93.8,91.9,88.9,8.9,5.9,13.1,0.1,1.6,11.5,7.6,6.6,17,16.7,11.9,5.4,11.3,17.3,10.1,2.9,7.3,1.9,1.3,0.5,2.5,0.3,0.5,0.5,0.4,0.8,2.1,2.9,2.9,2.3,7.3,10.9,6.2,3.3,0.8,9.2
2013,RS,Rural,Publico,89.8,93.6,84.4,99.6,97.9,88,91.9,92.6,80.9,80.3,85.2,92.4,81.2,71.5,83.3,93.8,91.9,88.9,8.9,5.9,13.1,0.1,1.6,11.6,7.6,6.6,17,16.7,11.8,5.4,11.3,17.3,10.3,2.9,7.3,1.9,1.3,0.5,2.5,0.3,0.5,0.4,0.5,0.8,2.1,3,3,2.2,7.5,11.2,6.4,3.3,0.8,9.2
2013,RS,Rural,Privada,91.8,100,85.5,100,100,100,100,100,90.6,84.2,81.6,88.5,88.7,80.8,96,94.8,--,--,8.2,0,14.5,0,0,0,0,0,9.4,15.8,18.4,11.5,10.1,19.2,3,1.3,--,--,0,0,0,0,0,0,0,0,0,0,0,0,1.2,0,1,3.9,--,--
2013,RS,Rural,Municipal,90.3,93.9,84.6,99.7,97.6,88.6,92.6,92.6,80.5,81.1,85.6,93.2,80.8,73.6,82.7,93.9,--,--,8.6,5.8,13.2,0.1,2.2,11.2,7.1,6.8,17.9,16.2,11.6,5,11.5,19.1,7.7,0,--,--,1.1,0.3,2.2,0.2,0.2,0.2,0.3,0.6,1.6,2.7,2.8,1.8,7.7,7.3,9.6,6.1,--,--
2013,RS,Rural,Federal,--,--,--,--,--,--,--,--,--,--,--,--,82.4,71.1,85,91.6,91.9,100,--,--,--,--,--,--,--,--,--,--,--,--,13,20.6,11.5,6.4,7.3,0,--,--,--,--,--,--,--,--,--,--,--,--,4.6,8.3,3.5,2,0.8,0
2013,RS,Rural,Estadual,88.6,92.8,84,99.3,98.9,86.5,90.3,92.5,81.7,78.8,84.6,91,80.9,71.5,83,94.4,--,75,9.4,6.2,12.9,0.1,0.2,12.6,8.8,6.1,15.4,17.7,12.1,6.1,10.9,16.6,10.2,2.1,--,4.2,2,1,3.1,0.6,0.9,0.9,0.9,1.4,2.9,3.5,3.3,2.9,8.2,11.9,6.8,3.5,--,20.8
2013,RS,Urbana,Total,87,92.9,79.6,99.2,98.4,86.8,91.2,90.9,77.8,74.2,80.4,86.4,75.5,65.8,78.6,89,88.2,72.9,11.8,6.6,18.2,0.4,1.3,12.7,8.3,8.3,20.2,23.2,17.5,11.6,15.6,22.2,13.5,6.2,4.8,16.5,1.2,0.5,2.2,0.4,0.3,0.5,0.5,0.8,2,2.6,2.1,2,8.9,12,7.9,4.8,7,10.6
2013,RS,Urbana,Publico,85.7,92.1,78,99.1,98.5,85.4,90.3,90,75.8,73.4,78.5,85.3,73.3,63.5,76.7,87.7,87.7,72.4,12.9,7.4,19.7,0.4,1.1,14.1,9.2,9.1,22,24,19.1,12.5,16.6,23.4,14.4,6.8,5,16.7,1.4,0.5,2.3,0.5,0.4,0.5,0.5,0.9,2.2,2.6,2.4,2.2,10.1,13.1,8.9,5.5,7.3,10.9
2013,RS,Urbana,Privada,96.8,98.1,94.6,99.7,97.7,97.6,97.9,97.6,95.6,93,94.6,94,92.3,88,92.8,96.9,95.6,92.3,3.1,1.8,5.3,0.2,2.2,2.3,2,2.2,4.3,6.8,5.3,5.8,7.3,11.5,6.8,2.9,1.9,6.2,0.1,0.1,0.1,0.1,0.1,0.1,0.1,0.2,0.1,0.2,0.1,0.2,0.4,0.5,0.4,0.2,2.5,1.5
2013,RS,Urbana,Municipal,87.1,92.1,79.8,98.9,98,85.7,90.4,89.4,77.1,76.7,79.8,88,61.3,51.7,65,75.1,69.7,63.2,11.6,7.3,18,0.6,1.7,13.7,9,9.7,20.6,21,17.9,10,22.2,30.4,20.9,14,18.2,9.3,1.3,0.6,2.2,0.5,0.3,0.6,0.6,0.9,2.3,2.3,2.3,2,16.5,17.9,14.1,10.9,12.1,27.5
2013,RS,Urbana,Federal,92.2,95.4,91.8,100,92.3,92.3,96,100,85.8,92.1,92.2,95.2,82.1,75.3,81.8,89.9,87.8,87.9,7.8,4.6,8.2,0,7.7,7.7,4,0,14.2,7.9,7.8,4.8,16.5,23.2,16.8,9.1,11.3,9.9,0,0,0,0,0,0,0,0,0,0,0,0,1.4,1.5,1.4,1,0.9,2.2
2013,RS,Urbana,Estadual,84.2,92.1,76.4,99.4,99.3,85,90.2,90.8,74.5,70.1,77.4,83.3,73.3,63.5,76.7,87.8,88.3,72.3,14.3,7.4,21.1,0.2,0.4,14.5,9.4,8.5,23.4,27,20.1,14.3,16.5,23.3,14.2,6.7,3.2,17.9,1.5,0.5,2.5,0.4,0.3,0.5,0.4,0.7,2.1,2.9,2.5,2.4,10.2,13.2,9.1,5.5,8.5,9.8
2013,MS,Total,Total,85.2,89.4,79.7,98.8,82.4,87.1,89.2,91.1,80.3,77.9,77.5,82.8,75,66.3,78,85.8,77.5,76.4,12.6,9.8,16.4,0.5,16.8,12.2,9.9,7.6,16.6,18.1,18.1,12.9,15.5,21.8,13.5,7.4,10.7,15.2,2.2,0.8,3.9,0.7,0.8,0.7,0.9,1.3,3.1,4,4.4,4.3,9.5,11.9,8.5,6.8,11.8,8.4
2013,MS,Total,Publico,83.9,88.4,78.2,98.7,80.6,85.9,88.3,90.4,79,76.3,75.8,81.5,72.7,63.8,75.8,84,77.5,76.4,13.7,10.7,17.6,0.5,18.5,13.3,10.8,8.3,17.7,19.4,19.4,13.8,16.7,23.1,14.6,8.3,10.7,15.2,2.4,0.9,4.2,0.8,0.9,0.8,0.9,1.3,3.3,4.3,4.8,4.7,10.6,13.1,9.6,7.7,11.8,8.4
2013,MS,Total,Privada,97.3,98.3,95.6,99.1,97.4,98,98.4,98.5,96.3,95.4,95.1,95.6,94.1,91,94.8,97,--,--,2.6,1.6,4.2,0.7,2.5,1.9,1.5,1.4,3.6,4.4,4.7,4.1,5.5,8.8,4.9,2.3,--,--,0.1,0.1,0.2,0.2,0.1,0.1,0.1,0.1,0.1,0.2,0.2,0.3,0.4,0.2,0.3,0.7,--,--
2013,MS,Total,Municipal,86.4,88.4,82.5,98.7,81.2,85.8,87.8,90,81,80.7,81.1,89.1,88.2,85.7,80,97.1,--,--,12,10.7,14.8,0.6,17.9,13.3,11.2,8.6,16.3,16.3,15.9,8.7,5.9,7.1,12,0,--,--,1.6,0.9,2.7,0.7,0.9,0.9,1,1.4,2.7,3,3,2.2,5.9,7.2,8,2.9,--,--
2013,MS,Total,Federal,87.8,--,87.8,--,--,--,--,--,87.2,88.3,83.5,91.1,80.1,91,91.2,95.3,--,76.4,12.2,--,12.2,--,--,--,--,--,12.8,11.7,16.5,8.9,13.4,9,8.8,4.7,--,15.2,0,--,0,--,--,--,--,--,0,0,0,0,6.5,0,0,0,--,8.4
2013,MS,Total,Estadual,79.9,88.3,74.2,99,79.1,86.1,89.4,91.1,76.6,71.9,71.5,76.2,72.5,63.7,75.7,83.9,77.5,--,16.4,10.8,20.2,0.1,20.3,13.3,9.8,7.6,19.4,22.5,22.1,17.3,16.8,23.2,14.6,8.3,10.7,--,3.7,0.9,5.6,0.9,0.6,0.6,0.8,1.3,4,5.6,6.4,6.5,10.7,13.1,9.7,7.8,11.8,--
2013,MS,Rural,Total,82.9,84,81.1,96.9,75.4,80.5,83.6,86.7,77.2,79,82.4,88.6,80,75.3,81.5,88.6,--,71.2,13.9,13.8,14.2,1.3,22.6,17.5,14,10.4,17.9,16.1,12.4,7.4,11,13.2,8.8,6.3,--,22.4,3.2,2.2,4.7,1.8,2,2,2.4,2.9,4.9,4.9,5.2,4,9,11.5,9.7,5.1,--,6.4
2013,MS,Rural,Publico,82.7,83.9,80.7,96.9,75.2,80.4,83.4,86.6,76.9,78.6,82,88.3,78.8,74,80.2,88,--,71.2,14.1,13.9,14.4,1.3,22.8,17.7,14.1,10.5,18.2,16.4,12.6,7.6,11.5,13.7,9.4,6.4,--,22.4,3.2,2.2,4.9,1.8,2,1.9,2.5,2.9,4.9,5,5.4,4.1,9.7,12.3,10.4,5.6,--,6.4
2013,MS,Rural,Privada,98.4,98.8,98.1,100,100,95.4,100,100,96.9,97.8,97.8,100,94.5,93.2,97,93.6,--,--,1.6,1.2,1.9,0,0,4.6,0,0,3.1,2.2,2.2,0,4.4,6.2,1.5,5,--,--,0,0,0,0,0,0,0,0,0,0,0,0,1.1,0.6,1.5,1.4,--,--
2013,MS,Rural,Municipal,82.4,83.1,81,96.6,75.1,79.4,82.1,85.7,76.5,79.3,82,90.1,88.2,85.7,80,97.1,--,--,14.2,14.4,13.8,1.5,22.7,18.5,15.2,11,18.3,15,12.2,6.2,5.9,7.1,12,0,--,--,3.4,2.5,5.2,1.9,2.2,2.1,2.7,3.3,5.2,5.7,5.8,3.7,5.9,7.2,8,2.9,--,--
2013,MS,Rural,Federal,--,--,--,--,--,--,--,--,--,--,--,--,71.2,--,--,--,--,71.2,--,--,--,--,--,--,--,--,--,--,--,--,22.4,--,--,--,--,22.4,--,--,--,--,--,--,--,--,--,--,--,--,6.4,--,--,--,--,6.4
2013,MS,Rural,Estadual,83.9,88.3,79.8,98.9,75.9,86.9,91.2,91.6,78.4,76.1,82.1,83.6,79.3,73.7,80.2,87.8,--,--,13.7,10.9,16.3,0,23.4,12.4,7.6,7.7,18,20.9,13.7,11.3,10.6,13.8,9.4,6.6,--,--,2.4,0.8,3.9,1.1,0.7,0.7,1.2,0.7,3.6,3,4.2,5.1,10.1,12.5,10.4,5.6,--,--
2013,MS,Urbana,Total,85.5,90.2,79.5,99,83.5,88.1,90,91.7,80.7,77.8,77,82.3,74.7,65.8,77.8,85.7,77.5,78.5,12.5,9.2,16.7,0.4,15.9,11.4,9.3,7.3,16.5,18.4,18.7,13.4,15.8,22.3,13.8,7.5,10.7,12.1,2,0.6,3.8,0.6,0.6,0.5,0.7,1,2.8,3.8,4.3,4.3,9.5,11.9,8.4,6.8,11.8,9.4
2013,MS,Urbana,Publico,84.1,89.1,77.9,99,81.6,86.8,89,90.9,79.2,76.1,75,80.8,72.3,63.2,75.5,83.8,77.5,78.5,13.6,10.2,18,0.4,17.8,12.6,10.2,8,17.7,19.7,20.2,14.5,17,23.7,14.9,8.4,10.7,12.1,2.3,0.7,4.1,0.6,0.6,0.6,0.8,1.1,3.1,4.2,4.8,4.7,10.7,13.1,9.6,7.8,11.8,9.4
2013,MS,Urbana,Privada,97.2,98.3,95.6,99.1,97.4,98.1,98.4,98.5,96.3,95.4,95,95.5,94.1,90.9,94.7,97.1,--,--,2.6,1.6,4.2,0.7,2.6,1.9,1.5,1.5,3.6,4.4,4.8,4.2,5.5,8.9,5.1,2.2,--,--,0.2,0.1,0.2,0.2,0,0,0.1,0,0.1,0.2,0.2,0.3,0.4,0.2,0.2,0.7,--,--
2013,MS,Urbana,Municipal,87.2,89.4,82.8,99,82.4,87.2,88.9,90.8,81.9,81,80.9,88.9,--,--,--,--,--,--,11.6,9.9,15,0.5,17,12.3,10.4,8.2,15.9,16.6,16.8,9.3,--,--,--,--,--,--,1.2,0.7,2.2,0.5,0.6,0.5,0.7,1,2.2,2.4,2.3,1.8,--,--,--,--,--,--
2013,MS,Urbana,Federal,87.8,--,87.8,--,--,--,--,--,87.2,88.3,83.5,91.1,82.7,91,91.2,95.3,--,78.5,12.2,--,12.2,--,--,--,--,--,12.8,11.7,16.5,8.9,10.8,9,8.8,4.7,--,12.1,0,--,0,--,--,--,--,--,0,0,0,0,6.5,0,0,0,--,9.4
2013,MS,Urbana,Estadual,79.6,88.3,73.9,99,79.4,86.1,89.2,91.1,76.4,71.6,71,75.9,72.1,63.1,75.4,83.7,77.5,--,16.6,10.8,20.5,0.1,20,13.4,10,7.6,19.5,22.6,22.6,17.6,17.2,23.8,15,8.4,10.7,--,3.8,0.9,5.6,0.9,0.6,0.5,0.8,1.3,4.1,5.8,6.4,6.5,10.7,13.1,9.6,7.9,11.8,--
2013,MT,Total,Total,96.8,97.8,95.4,99.3,98.8,96,97.3,98,95,96.9,97,93,65.1,54,71.2,78.1,88.6,73.5,2.4,1.8,3.2,0.2,0.9,3.7,2.4,1.6,4.1,2.1,1.7,4.7,21.4,28.8,17.9,12.2,7.9,13.6,0.8,0.4,1.4,0.5,0.3,0.3,0.3,0.4,0.9,1,1.3,2.3,13.5,17.2,10.9,9.7,3.5,12.9
2013,MT,Total,Publico,96.6,97.7,95.2,99.3,98.8,95.7,97.1,97.9,94.7,96.8,97,92.7,62.6,51.6,68.8,75.9,88.6,73.3,2.5,1.9,3.2,0.2,0.9,4.1,2.6,1.7,4.3,2.1,1.6,4.9,22.9,30.2,19.4,13.4,7.9,13.7,0.9,0.4,1.6,0.5,0.3,0.2,0.3,0.4,1,1.1,1.4,2.4,14.5,18.2,11.8,10.7,3.5,13
2013,MT,Total,Privada,98.3,99,97.3,99.1,99,99,99,99,97.9,97.7,97.1,96.7,96.3,94.7,96.4,98,--,90.6,1.6,0.9,2.6,0.7,1,1,0.9,1,2,2.3,2.8,3.1,3.4,5,3.4,1.6,--,9.4,0.1,0.1,0.1,0.2,0,0,0.1,0,0.1,0,0.1,0.2,0.3,0.3,0.2,0.4,--,0
2013,MT,Total,Municipal,95.2,96.7,91.6,99.2,98.3,93.9,95.5,96.4,90.8,91.5,92.4,92.2,93.7,86.1,100,100,--,--,3.8,2.8,6.2,0.2,1.3,5.7,4,2.9,7.6,6.2,5.2,4.9,6.3,13.9,0,0,--,--,1,0.5,2.2,0.6,0.4,0.4,0.5,0.7,1.6,2.3,2.4,2.9,0,0,0,0,--,--
2013,MT,Total,Federal,--,--,--,--,--,--,--,--,--,--,--,--,81,72.2,85.7,88.5,94,85.7,--,--,--,--,--,--,--,--,--,--,--,--,17.6,25.3,14,10.7,5.2,14.3,--,--,--,--,--,--,--,--,--,--,--,--,1.4,2.5,0.3,0.8,0.8,0
2013,MT,Total,Estadual,98.1,99.9,97.1,99.7,99.9,99.8,100,99.9,98.3,99.3,98.9,92.8,62.1,51.1,68.3,75.5,86.5,73.3,1.1,0.1,1.7,0,0.1,0.1,0,0,1.3,0.1,0.1,4.8,23,30.3,19.5,13.5,9,13.7,0.8,0,1.2,0.3,0,0.1,0,0.1,0.4,0.6,1,2.4,14.9,18.6,12.2,11,4.5,13
2013,MT,Rural,Total,95.6,96.8,94.1,98.3,98.1,95.2,96.3,96.4,93.3,94.9,94.9,93.1,74.9,66.9,79,84.8,93.8,76.9,2.5,2.1,3,0.6,1.1,4,2.7,2.2,4.2,2.5,2,3.3,13.6,18.8,10.4,7.8,1.2,12.5,1.9,1.1,2.9,1.1,0.8,0.8,1,1.4,2.5,2.6,3.1,3.6,11.5,14.3,10.6,7.4,5,10.6
2013,MT,Rural,Publico,95.6,96.8,94.1,98.3,98.1,95.2,96.3,96.4,93.3,94.9,94.9,93.1,74.8,66.7,78.9,84.8,93.8,76.9,2.5,2.1,3,0.6,1.1,4,2.7,2.2,4.2,2.5,2,3.3,13.6,18.8,10.5,7.8,1.2,12.5,1.9,1.1,2.9,1.1,0.8,0.8,1,1.4,2.5,2.6,3.1,3.6,11.6,14.5,10.6,7.4,5,10.6
2013,MT,Rural,Privada,100,100,100,100,100,100,100,100,100,100,100,--,100,100,100,100,--,--,0,0,0,0,0,0,0,0,0,0,0,--,0,0,0,0,--,--,0,0,0,0,0,0,0,0,0,0,0,--,0,0,0,0,--,--
2013,MT,Rural,Municipal,94.4,95.9,91.9,97.9,97.6,93.9,95.3,95.1,91.2,92,92.2,92.4,93.7,86.1,100,100,--,--,3.3,2.8,4.2,0.7,1.4,5,3.5,2.9,5.5,4.1,3.3,3.7,6.3,13.9,0,0,--,--,2.3,1.3,3.9,1.4,1,1.1,1.2,2,3.3,3.9,4.5,3.9,0,0,0,0,--,--
2013,MT,Rural,Federal,--,--,--,--,--,--,--,--,--,--,--,--,77.2,66.6,84,92.1,--,85.7,--,--,--,--,--,--,--,--,--,--,--,--,19.8,28.2,14.7,7.4,--,14.3,--,--,--,--,--,--,--,--,--,--,--,--,3,5.2,1.3,0.5,--,0
2013,MT,Rural,Estadual,98.2,99.6,97.2,99.6,99.8,99.2,99.6,99.6,97.4,99.1,98.5,94,74.6,66.6,78.4,84.1,93.8,76.8,0.8,0.3,1.3,0.2,0.1,0.5,0.2,0.1,1.7,0.2,0.1,2.9,13.3,18.1,10.3,7.9,1.2,12.5,1,0.1,1.5,0.2,0.1,0.3,0.2,0.3,0.9,0.7,1.4,3.1,12.1,15.3,11.3,8,5,10.7
2013,MT,Urbana,Total,97,98,95.7,99.5,98.9,96.1,97.4,98.3,95.3,97.2,97.4,93,64,52.7,70.5,77.4,88.1,69.2,2.4,1.8,3.2,0.2,0.9,3.7,2.4,1.5,4.1,2,1.6,4.9,22.3,29.8,18.7,12.6,8.6,15.1,0.6,0.2,1.1,0.3,0.2,0.2,0.2,0.2,0.6,0.8,1,2.1,13.7,17.5,10.8,10,3.3,15.7
2013,MT,Urbana,Publico,96.8,97.9,95.5,99.5,98.9,95.8,97.2,98.2,95,97.2,97.4,92.6,61.1,49.9,67.7,74.9,88.1,68.8,2.5,1.9,3.3,0.1,0.9,4.1,2.5,1.6,4.3,2,1.5,5.1,24,31.5,20.3,14,8.6,15.2,0.7,0.2,1.2,0.4,0.2,0.1,0.3,0.2,0.7,0.8,1.1,2.3,14.9,18.6,12,11.1,3.3,16
2013,MT,Urbana,Privada,98.3,99,97.3,99.1,99,99,99,99,97.9,97.7,97.1,96.7,96.3,94.6,96.4,98,--,90.6,1.6,0.9,2.6,0.7,1,1,0.9,1,2,2.3,2.8,3.1,3.4,5,3.5,1.6,--,9.4,0.1,0.1,0.1,0.2,0,0,0.1,0,0.1,0,0.1,0.2,0.3,0.4,0.1,0.4,--,0
2013,MT,Urbana,Municipal,95.5,96.9,91.4,99.5,98.5,93.9,95.6,96.8,90.6,91.2,92.5,92.1,--,--,--,--,--,--,3.9,2.8,7.1,0.1,1.3,5.9,4.1,2.9,8.3,7.2,6,5.5,--,--,--,--,--,--,0.6,0.3,1.5,0.4,0.2,0.2,0.3,0.3,1.1,1.6,1.5,2.4,--,--,--,--,--,--
2013,MT,Urbana,Federal,--,--,--,--,--,--,--,--,--,--,--,--,82.4,74.7,86.2,87.1,94,--,--,--,--,--,--,--,--,--,--,--,--,--,16.8,24.1,13.8,12,5.2,--,--,--,--,--,--,--,--,--,--,--,--,--,0.8,1.2,0,0.9,0.8,--
2013,MT,Urbana,Estadual,98.1,99.9,97,99.7,99.9,100,100,100,98.4,99.4,98.9,92.7,60.6,49.4,67.3,74.6,85.3,68.8,1.2,0,1.8,0,0,0,0,0,1.2,0.1,0.1,5.1,24.2,31.6,20.5,14,10.2,15.2,0.7,0.1,1.2,0.3,0.1,0,0,0,0.4,0.5,1,2.2,15.2,19,12.2,11.4,4.5,16
2013,GO,Total,Total,93.7,95.7,91.1,98.5,97.2,94.2,92.9,96.1,90.9,90.5,91.4,91.9,85.4,79.9,86.4,91.4,91.7,95.2,4.8,3.7,6.3,0.7,2.2,5.2,6.4,3.1,7.1,7.1,5.9,5.1,8.5,12.2,7.7,4.5,7.5,3,1.5,0.6,2.6,0.8,0.6,0.6,0.7,0.8,2,2.4,2.7,3,6.1,7.9,5.9,4.1,0.8,1.8
2013,GO,Total,Publico,92.8,94.9,90.1,98.4,96.7,93.1,91.8,95.6,89.8,89.5,90.4,91,83.8,78.1,84.7,90.4,91.5,--,5.4,4.3,6.9,0.7,2.6,6.2,7.4,3.5,7.9,7.7,6.3,5.4,9.1,12.9,8.4,4.9,7.7,--,1.8,0.8,3,0.9,0.7,0.7,0.8,0.9,2.3,2.8,3.3,3.6,7.1,9,6.9,4.7,0.8,--
2013,GO,Total,Privada,97.6,98.7,95.9,98.9,99.2,98.7,98.3,98.6,96.4,95.4,95.7,96.2,94.2,90.7,95.3,97.5,100,95.2,2.2,1.1,3.8,0.8,0.7,1.1,1.6,1.3,3.4,4.3,4,3.4,5,8.1,4,2,0,3,0.2,0.2,0.3,0.3,0.1,0.2,0.1,0.1,0.2,0.3,0.3,0.4,0.8,1.2,0.7,0.5,0,1.8
2013,GO,Total,Municipal,93.4,94.7,88.8,98.3,96.5,92.6,91.4,95.4,87.9,88.1,89.9,89.9,80.9,71.9,88.7,86.7,--,--,5.3,4.5,8.2,0.7,2.8,6.7,7.8,3.7,9.7,8.7,6.8,6.3,14.5,21.7,8.9,8.8,--,--,1.3,0.8,3,1,0.7,0.7,0.8,0.9,2.4,3.2,3.3,3.8,4.6,6.4,2.4,4.5,--,--
2013,GO,Total,Federal,90.4,91.2,89.4,100,88.9,90.9,85,93.4,98.3,87.5,87.7,83.9,83.6,75.3,85.5,91.7,91.2,--,9.6,8.8,10.6,0,11.1,9.1,15,6.6,1.7,12.5,12.3,16.1,15.1,22.9,13.6,7.2,8,--,0,0,0,0,0,0,0,0,0,0,0,0,1.3,1.8,0.9,1.1,0.8,--
2013,GO,Total,Estadual,91.7,97.8,90.8,99,99.5,98.8,95.8,97.7,91.1,90.2,90.7,91.3,83.8,78.2,84.7,90.4,100,--,5.6,1.7,6.2,0,0.2,0.7,3.9,1.8,6.6,7.1,6.1,5.1,9,12.7,8.3,4.9,0,--,2.7,0.5,3,1,0.3,0.5,0.3,0.5,2.3,2.7,3.2,3.6,7.2,9.1,7,4.7,0,--
2013,GO,Rural,Total,92.5,93.7,90.4,98.1,96,93.1,88.7,94.4,87.6,89.5,92.2,93.4,90,86,91.7,94.6,--,--,5.7,5.3,6.5,0.6,3.2,6.2,10.2,4.5,9.7,7.2,4.6,3.3,5.6,8.8,3.9,2.7,--,--,1.8,1,3.1,1.3,0.8,0.7,1.1,1.1,2.7,3.3,3.2,3.3,4.4,5.2,4.4,2.7,--,--
2013,GO,Rural,Publico,92.5,93.7,90.3,98.1,96,93.1,88.6,94.4,87.5,89.4,92.2,93.2,89.5,85.3,91,94.3,--,--,5.7,5.3,6.5,0.6,3.2,6.2,10.3,4.5,9.7,7.2,4.6,3.3,5.9,9.2,4.2,2.7,--,--,1.8,1,3.2,1.3,0.8,0.7,1.1,1.1,2.8,3.4,3.2,3.5,4.6,5.5,4.8,3,--,--
2013,GO,Rural,Privada,95.8,96.6,95,96,100,96.7,95.8,94.7,92.2,93.9,93.7,98.3,96.6,93.8,100,97.2,--,--,3.9,2.8,5,2,0,1.6,4.2,5.3,7.8,6.1,6.3,1.7,2.3,4.3,0,1.9,--,--,0.3,0.6,0,2,0,1.7,0,0,0,0,0,0,1.1,1.9,0,0.9,--,--
2013,GO,Rural,Municipal,92.2,93.5,89,98.2,95.8,92.8,88.2,94.2,85.6,88.3,91.3,92,77.7,68.6,82.1,87.1,--,--,6.1,5.5,7.6,0.6,3.4,6.5,10.6,4.6,11,8.2,5.5,3.9,9.1,11.8,10.3,3.2,--,--,1.7,1,3.4,1.2,0.8,0.7,1.2,1.2,3.4,3.5,3.2,4.1,13.2,19.6,7.6,9.7,--,--
2013,GO,Rural,Federal,--,--,--,--,--,--,--,--,--,--,--,--,87.2,82.8,92.6,89.6,--,--,--,--,--,--,--,--,--,--,--,--,--,--,10.7,14.6,5.7,8.4,--,--,--,--,--,--,--,--,--,--,--,--,--,--,2.1,2.6,1.7,2,--,--
2013,GO,Rural,Estadual,94.3,96.2,93.6,97.2,98.3,98.4,93,96.6,92.7,92.2,94,95.8,90.9,87.3,90.7,96.3,--,--,3.6,2.7,3.9,0,0.4,0.4,6.3,2.9,5.9,4.8,2.6,2.1,3.7,6.2,3.4,0.7,--,--,2.1,1.1,2.5,2.8,1.3,1.2,0.7,0.5,1.4,3,3.4,2.1,5.4,6.5,5.9,3,--,--
2013,GO,Urbana,Total,93.7,95.8,91.2,98.5,97.2,94.2,93.2,96.2,91.1,90.5,91.3,91.8,85.3,79.8,86.3,91.4,91.7,95.2,4.8,3.6,6.3,0.7,2.2,5.2,6.2,3,7,7.1,6,5.1,8.6,12.3,7.8,4.5,7.5,3,1.5,0.6,2.5,0.8,0.6,0.6,0.6,0.8,1.9,2.4,2.7,3.1,6.1,7.9,5.9,4.1,0.8,1.8
2013,GO,Urbana,Publico,92.8,95,90.1,98.4,96.7,93.1,92,95.7,89.9,89.5,90.4,90.9,83.7,77.9,84.6,90.3,91.5,--,5.4,4.2,6.9,0.7,2.6,6.2,7.2,3.4,7.8,7.7,6.4,5.5,9.2,13,8.4,5,7.7,--,1.8,0.8,3,0.9,0.7,0.7,0.8,0.9,2.3,2.8,3.2,3.6,7.1,9.1,7,4.7,0.8,--
2013,GO,Urbana,Privada,97.6,98.7,95.9,98.9,99.2,98.7,98.3,98.6,96.4,95.4,95.7,96.2,94.2,90.7,95.3,97.5,100,95.2,2.2,1.1,3.8,0.8,0.7,1.1,1.6,1.3,3.4,4.3,4,3.4,5,8.2,4.1,2,0,3,0.2,0.2,0.3,0.3,0.1,0.2,0.1,0.1,0.2,0.3,0.3,0.4,0.8,1.1,0.6,0.5,0,1.8
2013,GO,Urbana,Municipal,93.4,94.8,88.7,98.3,96.5,92.6,91.6,95.5,88.1,88.1,89.8,89.6,81.9,72.9,90.7,86.6,--,--,5.3,4.4,8.2,0.7,2.7,6.7,7.6,3.6,9.6,8.8,6.9,6.5,16.3,24.7,8.5,11,--,--,1.3,0.8,3.1,1,0.8,0.7,0.8,0.9,2.3,3.1,3.3,3.9,1.8,2.4,0.8,2.4,--,--
2013,GO,Urbana,Federal,90.4,91.2,89.4,100,88.9,90.9,85,93.4,98.3,87.5,87.7,83.9,82,70.5,82.4,92.7,91.2,--,9.6,8.8,10.6,0,11.1,9.1,15,6.6,1.7,12.5,12.3,16.1,17.1,28.2,17.1,6.6,8,--,0,0,0,0,0,0,0,0,0,0,0,0,0.9,1.3,0.5,0.7,0.8,--
2013,GO,Urbana,Estadual,91.7,97.9,90.8,99.1,99.5,98.9,95.9,97.7,91.1,90.1,90.6,91.3,83.7,78,84.6,90.3,100,--,5.7,1.7,6.3,0,0.2,0.7,3.8,1.8,6.6,7.1,6.2,5.2,9.1,12.8,8.3,5,0,--,2.6,0.4,2.9,0.9,0.3,0.4,0.3,0.5,2.3,2.8,3.2,3.5,7.2,9.2,7.1,4.7,0,--
2013,DF,Total,Total,89.4,94.5,83.5,98.1,98.7,86.6,96,94.8,80.4,83.6,85.7,84.7,79.4,71.5,83.7,88.6,--,--,9.4,5.1,14.5,1.4,1.1,13.2,3.6,4.8,17.1,14.5,12.6,13.3,15.1,20.8,12,8.7,--,--,1.2,0.4,2,0.5,0.2,0.2,0.4,0.4,2.5,1.9,1.7,2,5.5,7.7,4.3,2.7,--,--
2013,DF,Total,Publico,86.6,92.8,79.5,97.6,98.2,82.5,95,93.3,75.7,79.9,82.3,81.1,74.4,65.7,79.2,85.4,--,--,11.9,6.8,17.8,1.8,1.5,17.2,4.5,6.1,21.1,17.6,15.4,16.2,18.3,24.4,14.8,10.8,--,--,1.5,0.4,2.7,0.6,0.3,0.3,0.5,0.6,3.2,2.5,2.3,2.7,7.3,9.9,6,3.8,--,--
2013,DF,Total,Privada,97.5,99.3,95.2,99.4,99.6,99.1,99.1,99,96.2,94.8,95,94.8,93.7,90.9,94.9,96.2,--,--,2.5,0.7,4.8,0.5,0.4,0.9,0.8,1,3.8,5.2,5,5.2,6.2,8.9,5,3.7,--,--,0,0,0,0.1,0,0,0.1,0,0,0,0,0,0.1,0.2,0.1,0.1,--,--
2013,DF,Total,Federal,95.3,--,95.3,--,--,--,--,--,96,96.2,93.7,95.1,92.8,89.1,93.4,96.1,--,--,4.7,--,4.7,--,--,--,--,--,4,3.8,6.3,4.9,6.2,8.8,6.1,3.7,--,--,0,--,0,--,--,--,--,--,0,0,0,0,1,2.1,0.5,0.2,--,--
2013,DF,Total,Estadual,86.6,92.8,79.4,97.6,98.2,82.5,95,93.3,75.6,79.8,82.2,80.9,74,65.3,78.9,85.1,--,--,11.9,6.8,17.9,1.8,1.5,17.2,4.5,6.1,21.2,17.7,15.4,16.3,18.6,24.6,15,11,--,--,1.5,0.4,2.7,0.6,0.3,0.3,0.5,0.6,3.2,2.5,2.4,2.8,7.4,10.1,6.1,3.9,--,--
2013,DF,Rural,Total,87.7,91.8,81.5,97.6,98.7,81.8,93.3,90.9,76.6,83.9,84,81.9,79.3,69.6,85.2,90.3,--,--,11.1,7.8,16.1,1.5,1.1,17.8,6.4,8.6,20.3,13.9,13.9,16.4,15.7,23.4,10.7,7.4,--,--,1.2,0.4,2.4,0.9,0.2,0.4,0.3,0.5,3.1,2.2,2.1,1.7,5,7,4.1,2.3,--,--
2013,DF,Rural,Publico,87.2,91.7,79.5,97.6,98.7,81.7,93.3,90.8,76.6,81.6,81.7,78.6,77,66.2,82,90.3,--,--,11.6,7.8,17.9,1.5,1.1,17.8,6.4,8.7,20.3,15.9,15.9,19.4,17.4,26,12.9,7.4,--,--,1.2,0.5,2.6,0.9,0.2,0.5,0.3,0.5,3.1,2.5,2.4,2,5.6,7.8,5.1,2.3,--,--
2013,DF,Rural,Privada,100,100,100,100,100,100,100,100,--,100,100,100,99.5,100,99.1,--,--,--,0,0,0,0,0,0,0,0,--,0,0,0,0.5,0,0.9,--,--,--,0,0,0,0,0,0,0,0,--,0,0,0,0,0,0,--,--,--
2013,DF,Rural,Federal,--,--,--,--,--,--,--,--,--,--,--,--,67.6,58.3,67.6,90.9,--,--,--,--,--,--,--,--,--,--,--,--,--,--,23.8,27.4,27.9,6.1,--,--,--,--,--,--,--,--,--,--,--,--,--,--,8.6,14.3,4.5,3,--,--
2013,DF,Rural,Estadual,87.2,91.7,79.5,97.6,98.7,81.7,93.3,90.8,76.6,81.6,81.7,78.6,78.1,67.1,84.2,90.2,--,--,11.6,7.8,17.9,1.5,1.1,17.8,6.4,8.7,20.3,15.9,15.9,19.4,16.7,25.8,10.7,7.5,--,--,1.2,0.5,2.6,0.9,0.2,0.5,0.3,0.5,3.1,2.5,2.4,2,5.2,7.1,5.1,2.3,--,--
2013,DF,Urbana,Total,89.5,94.7,83.5,98.2,98.7,86.8,96.2,95,80.6,83.6,85.8,84.8,79.4,71.5,83.6,88.6,--,--,9.4,5,14.4,1.4,1.1,13,3.5,4.6,17,14.5,12.5,13.2,15.1,20.8,12,8.7,--,--,1.1,0.3,2.1,0.4,0.2,0.2,0.3,0.4,2.4,1.9,1.7,2,5.5,7.7,4.4,2.7,--,--
2013,DF,Urbana,Publico,86.6,92.9,79.5,97.6,98.2,82.5,95.1,93.5,75.7,79.9,82.3,81.2,74.3,65.7,79.2,85.3,--,--,11.9,6.7,17.8,1.8,1.5,17.2,4.4,5.9,21.1,17.7,15.3,16.1,18.3,24.3,14.8,10.9,--,--,1.5,0.4,2.7,0.6,0.3,0.3,0.5,0.6,3.2,2.4,2.4,2.7,7.4,10,6,3.8,--,--
2013,DF,Urbana,Privada,97.4,99.3,95.1,99.4,99.6,99.1,99.1,99,96.2,94.7,94.9,94.7,93.7,90.9,94.9,96.2,--,--,2.6,0.7,4.9,0.5,0.4,0.9,0.8,1,3.8,5.3,5.1,5.3,6.2,9,5,3.7,--,--,0,0,0,0.1,0,0,0.1,0,0,0,0,0,0.1,0.1,0.1,0.1,--,--
2013,DF,Urbana,Federal,95.3,--,95.3,--,--,--,--,--,96,96.2,93.7,95.1,95.9,94.3,97,96.4,--,--,4.7,--,4.7,--,--,--,--,--,4,3.8,6.3,4.9,4.1,5.7,3,3.6,--,--,0,--,0,--,--,--,--,--,0,0,0,0,0,0,0,0,--,--
2013,DF,Urbana,Estadual,86.5,92.9,79.4,97.6,98.2,82.5,95.1,93.5,75.6,79.7,82.2,81,73.9,65.3,78.8,84.9,--,--,12,6.7,17.9,1.8,1.5,17.2,4.4,5.9,21.2,17.8,15.4,16.2,18.6,24.6,15.1,11.1,--,--,1.5,0.4,2.7,0.6,0.3,0.3,0.5,0.6,3.2,2.5,2.4,2.8,7.5,10.1,6.1,4,--,--
Fonte: MEC/INEP/DEED/CSI.,DF,Urbana,Estadual,86.5,92.9,79.4,97.6,98.2,82.5,95.1,93.5,75.6,79.7,82.2,81,73.9,65.3,78.8,84.9,--,--,12,6.7,17.9,1.8,1.5,17.2,4.4,5.9,21.2,17.8,15.4,16.2,18.6,24.6,15.1,11.1,--,--,1.5,0.4,2.7,0.6,0.3,0.3,0.5,0.6,3.2,2.5,2.4,2.8,7.5,10.1,6.1,4,--,--
"     Notas: 1) Inclui as taxas de aprovação, reprovação e abandono. ",DF,Urbana,Estadual,86.5,92.9,79.4,97.6,98.2,82.5,95.1,93.5,75.6,79.7,82.2,81,73.9,65.3,78.8,84.9,--,--,12,6.7,17.9,1.8,1.5,17.2,4.4,5.9,21.2,17.8,15.4,16.2,18.6,24.6,15.1,11.1,--,--,1.5,0.4,2.7,0.6,0.3,0.3,0.5,0.6,3.2,2.5,2.4,2.8,7.5,10.1,6.1,4,--,--
                2) Inclui as taxas do Ensino Fundamental de 8 e 9 anos.,DF,Urbana,Estadual,86.5,92.9,79.4,97.6,98.2,82.5,95.1,93.5,75.6,79.7,82.2,81,73.9,65.3,78.8,84.9,--,--,12,6.7,17.9,1.8,1.5,17.2,4.4,5.9,21.2,17.8,15.4,16.2,18.6,24.6,15.1,11.1,--,--,1.5,0.4,2.7,0.6,0.3,0.3,0.5,0.6,3.2,2.5,2.4,2.8,7.5,10.1,6.1,4,--,--
"                3) ""taxas de rendimento escolar"" expressa o percentual de alunos aprovados, reprovados e afastados por abandono.",DF,Urbana,Estadual,86.5,92.9,79.4,97.6,98.2,82.5,95.1,93.5,75.6,79.7,82.2,81,73.9,65.3,78.8,84.9,--,--,12,6.7,17.9,1.8,1.5,17.2,4.4,5.9,21.2,17.8,15.4,16.2,18.6,24.6,15.1,11.1,--,--,1.5,0.4,2.7,0.6,0.3,0.3,0.5,0.6,3.2,2.5,2.4,2.8,7.5,10.1,6.1,4,--,--
