Ano,Unidade Geográfica,Localização,Dependência Administrativa,Total,Anos Iniciais,Anos Finais,1º Ano ,2º Ano,3º Ano,4º Ano,5º Ano,6º Ano,7º Ano,8º Ano,9º Ano,Total,1ª série,2ª série,3ª série,4ª série,Não-Seriado,Total,Anos Iniciais,Anos Finais,1º Ano ,2º Ano,3º Ano,4º Ano,5º Ano,6º Ano,7º Ano,8º Ano,9º Ano,Total,1ª série,2ª série,3ª série,4ª série,Não-Seriado,Total_Abandono_EF2022,Anos Iniciais,Anos Finais,1º Ano ,2º Ano,3º Ano,4º Ano,5º Ano,6º Ano,7º Ano,8º Ano,9º Ano,Total_Abandono_EM2022,1ª série,2ª série,3ª série,4ª série,Não-Seriado
2022,Brasil,Total,Total,94.2,96,92.1,98.7,97.8,94.2,95,94.2,92.4,91.9,91.3,92.9,86.6,85.1,86.5,88.7,89.9,79.2,4.7,3.5,6,0.8,1.8,5.4,4.5,5.2,6.3,6.4,6.5,4.8,7.7,9.4,7.6,5.5,6,9.3,1.1,0.5,1.9,0.5,0.4,0.4,0.5,0.6,1.3,1.7,2.2,2.3,5.7,5.5,5.9,5.8,4.1,11.5
2022,Brasil,Urbana,Total,94.7,96.5,92.7,98.7,97.9,94.7,95.7,95.3,93.3,92.6,91.9,93.2,86.7,85.2,86.6,88.8,90.1,79,4.3,3.1,5.7,0.8,1.8,5,3.9,4.2,5.7,6,6.3,4.8,7.8,9.5,7.7,5.6,5.8,9.1,1,0.4,1.6,0.5,0.3,0.3,0.4,0.5,1,1.4,1.8,2,5.5,5.3,5.7,5.6,4.1,11.9
2022,Brasil,Rural,Total,90.8,93.1,87.5,98.5,97.5,91.4,91,87.8,86.3,86.7,86.9,90.4,85.2,83.5,85.5,87.7,86.7,80.5,7,6,8.5,0.7,1.8,7.8,8,10.8,10.8,9.6,8.4,4.8,6.6,8.2,6.2,4.6,8.4,10.8,2.2,0.9,4,0.8,0.7,0.8,1,1.4,2.9,3.7,4.7,4.8,8.2,8.3,8.3,7.7,4.9,8.7
2022,Brasil,Total,Federal,96.1,97.5,95.5,98.4,97.5,95.6,97.9,97.9,96.5,95.4,95,95.1,88.3,84.6,89.4,91.9,89.6,86.1,3.8,2.4,4.4,1.4,2.5,4.1,2.1,1.9,3.4,4.4,4.9,4.9,9.5,12.9,8.7,6.2,7.6,10.4,0.1,0.1,0.1,0.2,0,0.3,0,0.2,0.1,0.2,0.1,0,2.2,2.5,1.9,1.9,2.8,3.5
2022,Brasil,Urbana,Federal,96,97.5,95.4,98.4,97.4,95.7,97.9,97.9,96.5,95.4,94.9,95.1,88.2,84.6,89.2,91.7,90,86.2,3.9,2.4,4.5,1.4,2.5,4,2.1,2,3.4,4.4,5,4.9,9.6,13,8.9,6.4,7.2,10.5,0.1,0.1,0.1,0.2,0.1,0.3,0,0.1,0.1,0.2,0.1,0,2.2,2.4,1.9,1.9,2.8,3.3
2022,Brasil,Rural,Federal,98.6,97.5,100,100,100,85.7,100,100,100,100,100,100,88.6,84.5,90.5,93.6,84,84.9,1.4,2.5,0,0,0,14.3,0,0,0,0,0,0,8.9,12.5,7.6,4.5,12.9,9.3,0,0,0,0,0,0,0,0,0,0,0,0,2.5,3,1.9,1.9,3.1,5.8
2022,Brasil,Total,Estadual,93.8,96.9,92.7,98.9,98.4,95.3,97.3,95.2,94.3,93.2,91.8,91.6,85,83.6,84.9,87.1,89.8,74.6,4.9,2.6,5.7,0.5,1.2,4.3,2.2,4.2,4.8,5.4,6.3,6,8.4,10.2,8.4,6.2,4.9,14.6,1.3,0.5,1.6,0.6,0.4,0.4,0.5,0.6,0.9,1.4,1.9,2.4,6.6,6.2,6.7,6.7,5.3,10.8
2022,Brasil,Urbana,Estadual,93.9,97.2,92.8,99,98.5,95.5,97.7,95.7,94.4,93.3,91.8,91.7,85,83.6,84.9,87.1,90.2,73.1,4.8,2.4,5.6,0.4,1.2,4.1,1.9,3.9,4.7,5.4,6.3,6,8.5,10.3,8.5,6.3,4.7,15.8,1.3,0.4,1.6,0.6,0.3,0.4,0.4,0.4,0.9,1.3,1.9,2.3,6.5,6.1,6.6,6.6,5.1,11.1
2022,Brasil,Rural,Estadual,91.6,93.1,90.8,97.4,96.4,91.6,92.3,89.2,91.9,91.2,90.4,89.8,84.5,82.9,84.8,86.9,79.8,79.3,5.9,5.4,6.2,1.3,2.4,7.2,6.2,8.7,6.2,6.4,6.2,6.1,6.6,8.1,6.3,4.8,9.6,11.3,2.5,1.5,3,1.3,1.2,1.2,1.5,2.1,1.9,2.4,3.4,4.1,8.9,9,8.9,8.3,10.6,9.4
2022,Brasil,Total,Municipal,93.1,95,89.5,98.6,97.4,92.8,93.6,92.9,88.9,88.6,88.5,92.3,91.4,90.2,91.1,93.1,90.5,98.1,5.6,4.4,7.8,0.9,2.2,6.7,5.9,6.4,9.2,8.8,8.3,4.6,4.6,5.7,5,3.1,1.7,1.9,1.3,0.6,2.7,0.5,0.4,0.5,0.5,0.7,1.9,2.6,3.2,3.1,4,4.1,3.9,3.8,7.8,0
2022,Brasil,Urbana,Municipal,93.7,95.5,90.3,98.6,97.3,93.1,94.2,94.1,89.9,89.4,89.2,92.8,91.7,90.4,91.5,93.3,88.8,100,5.2,4,7.5,0.9,2.3,6.4,5.3,5.2,8.4,8.4,8.2,4.7,4.9,6.3,5.2,3.4,2,0,1.1,0.5,2.2,0.5,0.4,0.5,0.5,0.7,1.7,2.2,2.6,2.5,3.4,3.3,3.3,3.3,9.2,0
2022,Brasil,Rural,Municipal,90.6,93,86.7,98.6,97.6,91.3,90.9,87.6,85.1,85.7,86,90.5,89.7,89.4,87.8,91.5,100,88.9,7.2,6.1,9,0.7,1.8,7.9,8.2,11.1,11.8,10.3,8.9,4.5,2.6,3.3,3.1,0.7,0,11.1,2.2,0.9,4.3,0.7,0.6,0.8,0.9,1.3,3.1,4,5.1,5,7.7,7.3,9.1,7.8,0,0
2022,Brasil,Total,Privada,98.7,99.1,98.2,99,99.3,99.1,99.2,99.2,98.5,98.2,98,98,96.9,96,97.4,98.6,92,80.6,1.2,0.8,1.7,0.7,0.6,0.9,0.8,0.8,1.5,1.7,1.9,1.9,2.4,3.7,2.4,1,3.1,2.1,0.1,0.1,0.1,0.3,0.1,0,0,0,0,0.1,0.1,0.1,0.7,0.3,0.2,0.4,4.9,17.3
2022,Brasil,Urbana,Privada,98.8,99.2,98.2,99.1,99.3,99.1,99.2,99.2,98.5,98.2,98,98,96.9,96,97.4,98.7,90.8,80.5,1.1,0.7,1.7,0.7,0.6,0.8,0.8,0.8,1.4,1.7,1.9,1.9,2.4,3.7,2.4,1,3.4,2.1,0.1,0.1,0.1,0.2,0.1,0.1,0,0,0.1,0.1,0.1,0.1,0.7,0.3,0.2,0.3,5.8,17.4
2022,Brasil,Rural,Privada,97.5,98,96.6,98,98.1,97.3,98.3,98.4,96.5,96.9,96.4,96.6,93.3,92.1,93.1,95,94.1,96,2.2,1.8,2.9,1.7,1.8,2.6,1.6,1.4,3.2,2.9,3,2.4,3,4.1,3.2,1.4,2.6,0,0.3,0.2,0.5,0.3,0.1,0.1,0.1,0.2,0.3,0.2,0.6,1,3.7,3.8,3.7,3.6,3.3,4
2022,Brasil,Total,Pública,93.3,95.3,91,98.6,97.5,93.2,94.1,93.2,91.3,90.8,90.1,92,85.1,83.6,85.1,87.3,89.7,78.4,5.4,4.2,6.8,0.8,2,6.3,5.3,6,7.2,7.3,7.3,5.3,8.4,10.2,8.3,6.2,6.2,13.2,1.3,0.5,2.2,0.6,0.5,0.5,0.6,0.8,1.5,1.9,2.6,2.7,6.5,6.2,6.6,6.5,4.1,8.4
2022,Brasil,Urbana,Pública,93.8,95.7,91.6,98.6,97.5,93.5,94.8,94.4,92.1,91.4,90.6,92.2,85.2,83.7,85,87.3,90.1,78,5.1,3.8,6.5,0.8,2.1,6,4.8,5,6.6,6.9,7.2,5.4,8.5,10.3,8.5,6.3,5.9,13.8,1.1,0.5,1.9,0.6,0.4,0.5,0.4,0.6,1.3,1.7,2.2,2.4,6.3,6,6.5,6.4,4,8.2
2022,Brasil,Rural,Pública,90.7,93,87.4,98.5,97.5,91.3,90.9,87.7,86.2,86.6,86.7,90.4,84.9,83.2,85.2,87.4,83.4,80.3,7.1,6.1,8.6,0.7,1.8,7.9,8.1,10.9,10.9,9.6,8.4,4.8,6.8,8.3,6.4,4.7,11,11,2.2,0.9,4,0.8,0.7,0.8,1,1.4,2.9,3.8,4.9,4.8,8.3,8.5,8.4,7.9,5.6,8.7
2022,Norte,Total,Total,90.3,92.4,87.8,98.4,97.4,90.1,90.4,87,87.2,87.2,87.7,89.3,82.4,80.2,82.7,85,87.2,80.6,7.3,6.4,8.4,0.5,1.7,8.9,8.5,11.4,10,9.2,7.9,6.1,8.8,10.6,8.2,7,7.7,8.1,2.4,1.2,3.8,1.1,0.9,1,1.1,1.6,2.8,3.6,4.4,4.6,8.8,9.2,9.1,8,5.1,11.3
2022,Norte,Urbana,Total,92.4,94.3,90.2,98.7,97.8,91.6,92.7,90.9,90.2,89.7,89.8,90.9,82.6,80.4,83,85.1,86.3,79.1,6,4.9,7.3,0.4,1.6,7.6,6.5,8,7.9,7.8,7.3,6,9.2,11.2,8.6,7.3,8.2,10.7,1.6,0.8,2.5,0.9,0.6,0.8,0.8,1.1,1.9,2.5,2.9,3.1,8.2,8.4,8.4,7.6,5.5,10.2
2022,Norte,Rural,Total,85.1,88,81.3,97.6,96.3,86.1,84.6,78.3,79.1,80.5,82,84.4,81.1,79.2,80.9,83.9,96.7,84.3,10.5,9.9,11.4,0.6,2,12.1,13.3,18.9,15.5,12.8,9.6,6.4,6.2,7.1,6.2,5.1,1.7,1.2,4.4,2.1,7.3,1.8,1.7,1.8,2.1,2.8,5.4,6.7,8.4,9.2,12.7,13.7,12.9,11,1.6,14.5
2022,Norte,Total,Federal,97.7,98.6,97.5,99.1,100,96.1,97.3,100,98.5,97.8,97.1,96.6,90.5,88.1,91.6,92.1,100,--,2.3,1.3,2.5,0,0,3.9,2.7,0,1.5,2.2,2.9,3.4,7.7,10.2,6.6,5.7,0,--,0,0.1,0,0.9,0,0,0,0,0,0,0,0,1.8,1.7,1.8,2.2,0,--
2022,Norte,Urbana,Federal,97.7,98.6,97.5,99.1,100,96.1,97.3,100,98.5,97.8,97.1,96.6,90.8,88.4,92,92.5,100,--,2.3,1.3,2.5,0,0,3.9,2.7,0,1.5,2.2,2.9,3.4,7.7,10.1,6.5,6,0,--,0,0.1,0,0.9,0,0,0,0,0,0,0,0,1.5,1.5,1.5,1.5,0,--
2022,Norte,Rural,Federal,--,--,--,--,--,--,--,--,--,--,--,--,88.2,86.6,89,89.5,--,--,--,--,--,--,--,--,--,--,--,--,--,--,7.7,10.7,7.1,3.8,--,--,--,--,--,--,--,--,--,--,--,--,--,--,4.1,2.7,3.9,6.7,--,--
2022,Norte,Total,Estadual,91.7,94,90.9,98.5,97.7,90.4,95.1,90.4,91.8,91,90.4,90.4,81,78.9,81.3,83.7,86,78.2,6.1,4.9,6.6,0.2,1.3,8.7,3.9,8.3,6.5,6.7,6.7,6.4,9.3,11.1,8.8,7.4,8.4,9.5,2.2,1.1,2.5,1.3,1,0.9,1,1.3,1.7,2.3,2.9,3.2,9.7,10,9.9,8.9,5.6,12.3
2022,Norte,Urbana,Estadual,92.3,94.9,91.4,98.9,98.4,90.6,96.9,91.5,92.4,91.5,90.9,91,81.1,78.9,81.4,83.7,85.8,74.2,6,4.4,6.5,0.1,1,8.8,2.5,7.8,6.2,6.6,6.8,6.4,9.9,11.8,9.2,7.8,8.6,15.2,1.7,0.7,2.1,1,0.6,0.6,0.6,0.7,1.4,1.9,2.3,2.6,9,9.3,9.4,8.5,5.6,10.6
2022,Norte,Rural,Estadual,88,90,87,96.8,94.9,89.1,86.6,85,87.5,87.4,87,86,80.7,78.7,80.4,83.5,96.4,83.9,7.2,7.1,7.3,0.6,2.6,8.5,10.5,11.1,8.4,7.9,6.4,6.4,6.2,7.1,6.2,5.2,0,1.2,4.8,2.9,5.7,2.6,2.5,2.4,2.9,3.9,4.1,4.7,6.6,7.6,13.1,14.2,13.4,11.3,3.6,14.9
2022,Norte,Total,Municipal,88.7,91.4,83.8,98.2,97,88.9,88.5,85.2,82.3,82.7,83.9,86.8,80.6,87.3,71.1,--,--,--,8.5,7.3,10.8,0.5,1.9,9.9,10.2,13,13.7,12.1,9.8,6.6,13,9.5,17.8,--,--,--,2.8,1.3,5.4,1.3,1.1,1.2,1.3,1.8,4,5.2,6.3,6.6,6.4,3.2,11.1,--,--,--
2022,Norte,Urbana,Municipal,91,93.2,86.5,98.5,97.4,90.5,90.7,89.5,86,85.5,86.1,88.8,80.6,87.3,71.1,--,--,--,7.1,5.8,9.7,0.4,1.9,8.7,8.4,9.3,11.2,10.8,9.4,6.7,13,9.5,17.8,--,--,--,1.9,1,3.8,1.1,0.7,0.8,0.9,1.2,2.8,3.7,4.5,4.5,6.4,3.2,11.1,--,--,--
2022,Norte,Rural,Municipal,84.6,87.8,79.9,97.6,96.4,85.8,84.4,77.6,77.1,78.9,80.7,83.8,--,--,--,--,--,--,11.1,10.2,12.4,0.7,2,12.4,13.6,19.6,17.1,13.9,10.4,6.4,--,--,--,--,--,--,4.3,2,7.7,1.7,1.6,1.8,2,2.8,5.8,7.2,8.9,9.8,--,--,--,--,--,--
2022,Norte,Total,Privada,98.9,99.2,98.4,99.2,99.3,99.2,99.1,99.1,98.4,98.4,98.4,98.5,97.3,96.7,98,98.5,96.8,84.9,1,0.6,1.5,0.4,0.5,0.7,0.8,0.9,1.5,1.5,1.5,1.4,2.1,2.9,1.8,1.1,1.6,5.5,0.1,0.2,0.1,0.4,0.2,0.1,0.1,0,0.1,0.1,0.1,0.1,0.6,0.4,0.2,0.4,1.6,9.6
2022,Norte,Urbana,Privada,98.9,99.2,98.5,99.2,99.3,99.2,99.1,99.2,98.5,98.4,98.5,98.6,97.4,96.8,98,98.6,97,84.6,0.9,0.6,1.4,0.4,0.5,0.7,0.8,0.8,1.5,1.5,1.4,1.3,2.1,2.9,1.8,1.1,0,5.7,0.2,0.2,0.1,0.4,0.2,0.1,0.1,0,0,0.1,0.1,0.1,0.5,0.3,0.2,0.3,3,9.7
2022,Norte,Rural,Privada,96.5,98.7,94.6,100,99.7,97.6,98.3,98.1,93.9,96.3,94.5,94,94.7,93.8,95.7,94.9,96.7,92.7,2.9,1.3,4.3,0,0.3,2.4,1.7,1.9,5.6,3.4,3.8,4.5,1.6,2.3,1.1,1.1,2.2,0,0.6,0,1.1,0,0,0,0,0,0.5,0.3,1.7,1.5,3.7,3.9,3.2,4,1.1,7.3
2022,Norte,Total,Pública,89.5,91.7,87,98.3,97.1,89.1,89.5,86,86.2,86.3,86.9,88.6,81.3,79.2,81.6,84,86.3,78.2,7.9,7,8.9,0.5,1.8,9.8,9.2,12.3,10.7,9.8,8.4,6.5,9.3,11.1,8.7,7.4,8.2,9.5,2.6,1.3,4.1,1.2,1.1,1.1,1.3,1.7,3.1,3.9,4.7,4.9,9.4,9.7,9.7,8.6,5.5,12.3
2022,Norte,Urbana,Pública,91.5,93.5,89.2,98.6,97.5,90.5,91.8,89.9,89.3,88.7,88.8,90.1,81.4,79.2,81.8,84,86.1,74.2,6.7,5.6,7.9,0.4,1.7,8.7,7.3,9,8.7,8.5,7.9,6.5,9.8,11.8,9.1,7.8,8.4,15.2,1.8,0.9,2.9,1,0.8,0.8,0.9,1.1,2,2.8,3.3,3.4,8.8,9,9.1,8.2,5.5,10.6
2022,Norte,Rural,Pública,85.1,88,81.2,97.6,96.3,86.1,84.6,78.2,79,80.5,81.9,84.3,80.9,79,80.7,83.7,96.4,83.9,10.6,9.9,11.4,0.7,2,12.1,13.3,19,15.5,12.8,9.6,6.4,6.3,7.2,6.3,5.1,0,1.2,4.3,2.1,7.4,1.7,1.7,1.8,2.1,2.8,5.5,6.7,8.5,9.3,12.8,13.8,13,11.2,3.6,14.9
2022,Nordeste,Total,Total,92.6,95.2,89.5,98.7,98.5,93.7,93.7,91.9,89.3,88.8,88.2,91.8,85.7,84.4,86,87.1,87.7,77,5.7,4,7.7,0.6,1,5.6,5.6,7.1,8.7,8.5,8.5,5.1,7.6,9.1,7.3,6.1,7.8,10.8,1.7,0.8,2.8,0.7,0.5,0.7,0.7,1,2,2.7,3.3,3.1,6.7,6.5,6.7,6.8,4.5,12.2
2022,Nordeste,Urbana,Total,92.9,95.6,89.8,98.6,98.4,94.1,94.3,93,89.9,89.2,88.5,91.9,85.7,84.5,86.1,87.1,87.2,76.2,5.5,3.6,7.6,0.6,1,5.2,5,6.1,8.2,8.4,8.4,5.3,7.7,9.1,7.3,6.2,8.3,11,1.6,0.8,2.6,0.8,0.6,0.7,0.7,0.9,1.9,2.4,3.1,2.8,6.6,6.4,6.6,6.7,4.5,12.8
2022,Nordeste,Rural,Total,91.7,94,88.3,98.9,98.5,92.6,92,88.9,87.3,87.5,87,91.8,85,83.2,85.3,86.9,91.4,86.1,6.4,5.2,8.1,0.5,1,6.7,7.2,9.9,10.2,9.1,8.6,4.2,6.5,8.2,6.1,4.6,4.9,8,1.9,0.8,3.6,0.6,0.5,0.7,0.8,1.2,2.5,3.4,4.4,4,8.5,8.6,8.6,8.5,3.7,5.9
2022,Nordeste,Total,Federal,96.8,98.5,96.3,100,100,97.6,100,96.8,98.3,95.6,95.9,95.9,87,84.6,87.6,89.2,88.7,85.5,3.1,1.3,3.6,0,0,2.4,0,2.6,1.7,4.2,3.9,4.1,10.4,12.6,10.3,8.4,8.2,11.6,0.1,0.2,0.1,0,0,0,0,0.6,0,0.2,0.2,0,2.6,2.8,2.1,2.4,3.1,2.9
2022,Nordeste,Urbana,Federal,96.6,98.8,96.2,100,100,100,100,96.4,98.2,95.5,95.8,95.8,86.9,84.5,87.3,88.6,88.7,85.9,3.2,1,3.7,0,0,0,0,2.9,1.8,4.3,4.1,4.2,10.6,12.7,10.6,8.9,8.2,12.2,0.2,0.2,0.1,0,0,0,0,0.7,0,0.2,0.1,0,2.5,2.8,2.1,2.5,3.1,1.9
2022,Nordeste,Rural,Federal,98.6,97.5,100,100,100,85.7,100,100,100,100,100,100,88.1,84.7,89.9,92.9,88.1,84.1,1.4,2.5,0,0,0,14.3,0,0,0,0,0,0,9.1,12.1,8.6,5.3,8.2,9.3,0,0,0,0,0,0,0,0,0,0,0,0,2.8,3.2,1.5,1.8,3.7,6.6
2022,Nordeste,Total,Estadual,86.7,92,85.6,96.7,97,93.1,89.2,87.6,87.1,85.6,83.4,86.5,84.4,83.2,84.7,85.7,68.3,73.3,10.3,6.4,11.1,1.8,1.9,5.6,9.2,10.5,10.8,11.5,12.6,9.5,8.1,9.6,7.7,6.5,13.9,15.6,3,1.6,3.3,1.5,1.1,1.3,1.6,1.9,2.1,2.9,4,4,7.5,7.2,7.6,7.8,17.8,11.1
2022,Nordeste,Urbana,Estadual,86.7,93.5,85.6,97.8,98.2,95,90.3,89.6,87.1,85.6,83.3,86.5,84.4,83.2,84.7,85.7,64.8,72.5,10.3,5.4,11.2,1,1.1,4,8.7,9.1,10.8,11.6,12.8,9.6,8.2,9.7,7.8,6.7,14.8,16.1,3,1.1,3.2,1.2,0.7,1,1,1.3,2.1,2.8,3.9,3.9,7.4,7.1,7.5,7.6,20.4,11.4
2022,Nordeste,Rural,Estadual,86.1,86.7,85.8,92.9,92.8,86.2,85,80.1,86.6,85.8,84.8,85.8,84.5,82.7,85,86.3,87,88.3,9.9,10.1,9.7,4.5,4.6,11,11.5,15.8,10,10.3,10.2,8.5,6.6,8.3,6.1,4.8,9.1,6.6,4,3.2,4.5,2.6,2.6,2.8,3.5,4.1,3.4,3.9,5,5.7,8.9,9,8.9,8.9,3.9,5.1
2022,Nordeste,Total,Municipal,91.7,94.3,88.5,98.7,98.3,92.4,92.4,90.5,87.8,87.5,87.3,91.9,86.4,86.7,83.1,89.9,82.8,98.1,6.4,4.8,8.3,0.5,1.1,6.9,6.7,8.4,9.8,9.4,8.9,4.7,2.5,3.1,3,0.4,0.5,1.9,1.9,0.9,3.2,0.8,0.6,0.7,0.9,1.1,2.4,3.1,3.8,3.4,11.1,10.2,13.9,9.7,16.7,0
2022,Nordeste,Urbana,Municipal,91.7,94.4,88.6,98.5,98.1,92.2,92.6,91.2,88,87.5,87.4,91.8,79.8,79.9,77.3,85.8,69.8,100,6.4,4.7,8.4,0.6,1.2,6.9,6.4,7.7,9.6,9.5,9,5,2.9,3.8,3.4,0.4,0.8,0,1.9,0.9,3,0.9,0.7,0.9,1,1.1,2.4,3,3.6,3.2,17.3,16.3,19.3,13.8,29.4,0
2022,Nordeste,Rural,Municipal,91.8,94.1,88.4,99.1,98.6,92.7,92,89,87.3,87.5,87,92.1,89,88.9,86,91.1,100,88.9,6.3,5.1,8.1,0.4,1,6.7,7.1,9.8,10.3,9.1,8.6,3.9,2.4,2.9,2.9,0.4,0,11.1,1.9,0.8,3.5,0.5,0.4,0.6,0.9,1.2,2.4,3.4,4.4,4,8.6,8.2,11.1,8.5,0,0
2022,Nordeste,Total,Privada,98.6,99.1,97.9,98.9,99.3,99,99.1,99,98.1,97.9,97.8,97.7,96.5,95.9,96.9,98.6,92.9,77.8,1.2,0.7,2,0.7,0.6,0.8,0.8,0.9,1.8,2,2.1,2.1,2.4,3.6,2.5,1,2.7,0.2,0.2,0.2,0.1,0.4,0.1,0.2,0.1,0.1,0.1,0.1,0.1,0.2,1.1,0.5,0.6,0.4,4.4,22
2022,Nordeste,Urbana,Privada,98.6,99.1,97.9,99,99.3,99.1,99.1,99,98.1,97.9,97.8,97.7,96.6,96.1,97.1,98.7,93.2,77.6,1.2,0.7,2,0.6,0.5,0.8,0.7,0.8,1.8,2,2.1,2.1,2.3,3.6,2.5,1,2.3,0.2,0.2,0.2,0.1,0.4,0.2,0.1,0.2,0.2,0.1,0.1,0.1,0.2,1.1,0.3,0.4,0.3,4.5,22.2
2022,Nordeste,Rural,Privada,97,97.5,95.9,97.8,97.9,96.6,97.4,97.7,95.3,95.8,96.2,96.2,89.3,88,87.6,90.9,92.8,98.6,2.5,2.2,3.3,1.9,1.7,3.1,2.4,1.8,4.1,3.8,3,2.2,3.4,4,4.5,1.8,2.9,0,0.5,0.3,0.8,0.3,0.4,0.3,0.2,0.5,0.6,0.4,0.8,1.6,7.3,8,7.9,7.3,4.3,1.4
2022,Nordeste,Total,Pública,91.3,94.2,88.1,98.6,98.2,92.4,92.3,90.4,87.7,87.2,86.7,90.9,84.5,83.3,84.8,85.9,87.3,76.7,6.7,4.9,8.7,0.6,1.1,6.8,6.7,8.4,9.9,9.7,9.5,5.6,8.2,9.6,7.8,6.6,8.3,14.4,2,0.9,3.2,0.8,0.7,0.8,1,1.2,2.4,3.1,3.8,3.5,7.3,7.1,7.4,7.5,4.4,8.9
2022,Nordeste,Urbana,Pública,91.2,94.3,88,98.5,98.1,92.3,92.5,91.1,87.9,87.2,86.6,90.6,84.4,83.3,84.8,85.8,87,75.7,6.8,4.7,8.9,0.6,1.2,6.9,6.5,7.7,9.8,9.8,9.8,6,8.3,9.7,7.9,6.7,8.4,15.1,2,1,3.1,0.9,0.7,0.8,1,1.2,2.3,3,3.6,3.4,7.3,7,7.3,7.5,4.6,9.2
2022,Nordeste,Rural,Pública,91.6,94,88.2,99,98.5,92.6,91.9,88.8,87.2,87.4,86.9,91.7,84.8,83.1,85.2,86.7,90,85.7,6.4,5.2,8.2,0.4,1,6.7,7.2,9.9,10.3,9.2,8.6,4.2,6.6,8.3,6.2,4.7,6.9,8.3,2,0.8,3.6,0.6,0.5,0.7,0.9,1.3,2.5,3.4,4.5,4.1,8.6,8.6,8.6,8.6,3.1,6
2022,Sudeste,Total,Total,96.2,97.5,94.7,98.6,98.1,96,97.2,97.4,95.5,95,93.9,94.4,88.6,87.6,88.1,90.7,92.4,82.9,3.1,2.3,4.2,1.1,1.7,3.8,2.5,2.3,3.9,4.1,4.8,4,7,8.4,7.3,4.8,4.6,6.1,0.7,0.2,1.1,0.3,0.2,0.2,0.3,0.3,0.6,0.9,1.3,1.6,4.4,4,4.6,4.5,3,11
2022,Sudeste,Urbana,Total,96.3,97.5,94.7,98.6,98.2,96.1,97.3,97.5,95.5,95.1,94,94.4,88.6,87.5,88,90.7,92.1,82.7,3.1,2.2,4.2,1,1.6,3.7,2.5,2.2,3.9,4.1,4.8,4.1,7,8.4,7.4,4.9,4.8,6.1,0.6,0.3,1.1,0.4,0.2,0.2,0.2,0.3,0.6,0.8,1.2,1.5,4.4,4.1,4.6,4.4,3.1,11.2
2022,Sudeste,Rural,Total,95.1,96,93.5,97.8,96.7,94.1,95.6,96.1,93.7,93.2,92.3,94.6,92.2,91,92.1,94.1,97.5,89.3,4.3,3.8,5.4,1.9,3.2,5.8,4.2,3.7,5.8,5.9,6.3,3.6,4.6,6.3,4.3,2.6,1.3,7.1,0.6,0.2,1.1,0.3,0.1,0.1,0.2,0.2,0.5,0.9,1.4,1.8,3.2,2.7,3.6,3.3,1.2,3.6
2022,Sudeste,Total,Federal,95.2,97.3,93.8,98.1,97,95.8,97.7,98,94.8,93.8,93.8,93.1,89.6,84.7,90.6,94.9,92.7,86.2,4.6,2.6,6,1.8,2.9,3.9,2.3,1.9,5,5.9,6,6.8,8.9,13.4,8.1,4.3,5.4,10.6,0.2,0.1,0.2,0.1,0.1,0.3,0,0.1,0.2,0.3,0.2,0.1,1.5,1.9,1.3,0.8,1.9,3.2
2022,Sudeste,Urbana,Federal,95.2,97.3,93.8,98.1,97,95.8,97.7,98,94.8,93.8,93.8,93.1,89.4,84.3,90.3,94.9,92.6,86.1,4.6,2.6,6,1.8,2.9,3.9,2.3,1.9,5,5.9,6,6.8,9.1,13.9,8.4,4.3,5.5,10.7,0.2,0.1,0.2,0.1,0.1,0.3,0,0.1,0.2,0.3,0.2,0.1,1.5,1.8,1.3,0.8,1.9,3.2
2022,Sudeste,Rural,Federal,--,--,--,--,--,--,--,--,--,--,--,--,91,87.1,92.3,94.9,98.6,88.7,--,--,--,--,--,--,--,--,--,--,--,--,7.5,11.1,6.2,4.4,0,9.1,--,--,--,--,--,--,--,--,--,--,--,--,1.5,1.8,1.5,0.7,1.4,2.2
2022,Sudeste,Total,Estadual,95.7,99.2,94.3,99.2,99.4,98.8,99.3,99.3,95.9,95.3,93.4,92.9,87,86.1,86.4,89,89.5,82.7,3.1,0.4,4.2,0.2,0.2,0.9,0.3,0.4,3.4,3.6,4.8,5,7.8,9.1,8.1,5.6,0,12.8,1.2,0.4,1.5,0.6,0.4,0.3,0.4,0.3,0.7,1.1,1.8,2.1,5.2,4.8,5.5,5.4,10.5,4.5
2022,Sudeste,Urbana,Estadual,95.7,99.2,94.3,99.2,99.4,98.8,99.3,99.3,95.9,95.3,93.4,92.8,86.9,86,86.3,88.9,89.5,81.5,3.1,0.4,4.2,0.2,0.2,0.9,0.3,0.4,3.3,3.6,4.8,5,7.8,9.2,8.2,5.7,0,14.2,1.2,0.4,1.5,0.6,0.4,0.3,0.4,0.3,0.8,1.1,1.8,2.2,5.3,4.8,5.5,5.4,10.5,4.3
2022,Sudeste,Rural,Estadual,96,99.3,94.7,99.6,99.6,99,99.4,99,96.2,95.5,93.6,93.7,92.2,91.4,91.8,93.8,--,90.1,3.1,0.5,4.1,0.2,0.2,1,0.5,0.6,3.4,3.7,5,4.1,4.2,5.6,4.1,2.4,--,4.3,0.9,0.2,1.2,0.2,0.2,0,0.1,0.4,0.4,0.8,1.4,2.2,3.6,3,4.1,3.8,--,5.6
2022,Sudeste,Total,Municipal,95.6,96.5,93.2,98.3,97.4,94.4,96.1,96.4,93,92.8,92.2,94.9,93.4,92.2,93,94.9,97.4,--,3.9,3.2,5.8,1.3,2.3,5.4,3.7,3.3,6.3,6.3,6.6,3.7,4.7,6.2,5,2.9,0.4,--,0.5,0.3,1,0.4,0.3,0.2,0.2,0.3,0.7,0.9,1.2,1.4,1.9,1.6,2,2.2,2.2,--
2022,Sudeste,Urbana,Municipal,95.6,96.6,93.2,98.4,97.5,94.4,96.1,96.4,93,92.8,92.2,94.8,93.4,92.1,93,94.9,97.4,--,3.9,3.1,5.7,1.2,2.3,5.3,3.6,3.3,6.3,6.3,6.5,3.7,4.7,6.3,5,2.9,0.4,--,0.5,0.3,1.1,0.4,0.2,0.3,0.3,0.3,0.7,0.9,1.3,1.5,1.9,1.6,2,2.2,2.2,--
2022,Sudeste,Rural,Municipal,94.8,95.7,92.4,97.7,96.4,93.6,95.1,95.8,91.9,91.6,91.3,95.1,95,96.9,93.9,94,--,--,4.7,4.1,6.4,2.1,3.5,6.3,4.7,4,7.4,7.5,7.3,3.2,3.4,2.6,4.9,3,--,--,0.5,0.2,1.2,0.2,0.1,0.1,0.2,0.2,0.7,0.9,1.4,1.7,1.6,0.5,1.2,3,--,--
2022,Sudeste,Total,Privada,98.8,99.1,98.3,98.9,99.2,99.1,99.2,99.2,98.6,98.3,98.1,98.1,96.9,95.7,97.5,98.6,90.5,81.2,1.2,0.8,1.7,1,0.7,0.9,0.8,0.8,1.4,1.7,1.9,1.9,2.5,3.9,2.4,1.1,3.6,3,0,0.1,0,0.1,0.1,0,0,0,0,0,0,0,0.6,0.4,0.1,0.3,5.9,15.8
2022,Sudeste,Urbana,Privada,98.8,99.1,98.3,98.9,99.2,99.1,99.2,99.2,98.6,98.3,98.1,98.1,96.9,95.8,97.5,98.6,89.5,81.2,1.2,0.8,1.7,1,0.7,0.9,0.8,0.8,1.4,1.7,1.9,1.9,2.5,3.9,2.4,1,3.9,3,0,0.1,0,0.1,0.1,0,0,0,0,0,0,0,0.6,0.3,0.1,0.4,6.6,15.8
2022,Sudeste,Rural,Privada,98,98.4,97.4,98,97.7,97.9,99.2,99,98,97.8,96.5,97.4,94.6,93.4,94.7,96.1,97,--,1.9,1.6,2.4,1.8,2.3,2.1,0.8,1,1.9,2.2,3.2,2.3,3.5,5.1,3.2,1.9,1.8,--,0.1,0,0.2,0.2,0,0,0,0,0.1,0,0.3,0.3,1.9,1.5,2.1,2,1.2,--
2022,Sudeste,Total,Pública,95.6,97,93.9,98.5,97.8,95.2,96.7,97,94.7,94.3,93,93.6,87.2,86.1,86.6,89.2,93,85.5,3.6,2.6,4.8,1.1,1.9,4.5,3,2.7,4.6,4.7,5.5,4.5,7.8,9.2,8.1,5.6,4.9,11.1,0.8,0.4,1.3,0.4,0.3,0.3,0.3,0.3,0.7,1,1.5,1.9,5,4.7,5.3,5.2,2.1,3.4
2022,Sudeste,Urbana,Pública,95.6,97.1,93.9,98.5,97.9,95.3,96.8,97.1,94.7,94.3,93,93.6,87.1,86,86.5,89.1,92.9,85.2,3.6,2.6,4.8,1,1.8,4.4,2.9,2.6,4.5,4.7,5.5,4.5,7.8,9.2,8.2,5.6,5,11.3,0.8,0.3,1.3,0.5,0.3,0.3,0.3,0.3,0.8,1,1.5,1.9,5.1,4.8,5.3,5.3,2.1,3.5
2022,Sudeste,Rural,Pública,95,96,93.3,97.8,96.6,94,95.5,96,93.5,93,92.2,94.5,92,90.8,91.9,93.9,98.6,89.3,4.4,3.8,5.5,1.9,3.2,5.9,4.4,3.8,6,6.1,6.4,3.6,4.7,6.4,4.4,2.7,0,7.1,0.6,0.2,1.2,0.3,0.2,0.1,0.1,0.2,0.5,0.9,1.4,1.9,3.3,2.8,3.7,3.4,1.4,3.6
2022,Sul,Total,Total,94.3,95.9,92.2,99,96.7,93.7,95,95.2,93.4,91.9,90.8,92.5,85.4,82.5,85.3,88.9,90.8,86.3,5.1,3.9,6.7,0.9,3.2,6.1,4.8,4.5,6,7.2,7.8,5.8,8.6,12,8.2,4.7,5.2,2.8,0.6,0.2,1.1,0.1,0.1,0.2,0.2,0.3,0.6,0.9,1.4,1.7,6,5.5,6.5,6.4,4,10.9
2022,Sul,Urbana,Total,94.3,95.9,92.2,99,96.6,93.8,95,95.3,93.5,91.9,90.8,92.5,85.3,82.4,85.2,88.8,91.6,86.3,5.2,3.9,6.7,0.9,3.3,6.1,4.8,4.5,6,7.2,7.8,5.8,8.6,12.1,8.3,4.7,4.5,2.8,0.5,0.2,1.1,0.1,0.1,0.1,0.2,0.2,0.5,0.9,1.4,1.7,6.1,5.5,6.5,6.5,3.9,10.9
2022,Sul,Rural,Total,94.3,95.7,92,99,97,93.4,94.7,94.5,92.7,91.5,90.5,93.3,87.7,85.2,88.4,91.2,75.7,--,5.1,4.1,6.5,0.9,2.9,6.5,5.1,5.2,6.6,7.3,7.6,4.6,7.5,10.1,6.9,4,16.2,--,0.6,0.2,1.5,0.1,0.1,0.1,0.2,0.3,0.7,1.2,1.9,2.1,4.8,4.7,4.7,4.8,8.1,--
2022,Sul,Total,Federal,96.1,98.7,95.4,100,100,96.7,100,96.9,95.5,95.2,94.5,96.6,86.5,81.6,87.1,91.3,88.8,86.8,3.9,1.3,4.6,0,0,3.3,0,3.1,4.5,4.8,5.5,3.4,10.2,14.5,9.8,5.7,8.4,10.6,0,0,0,0,0,0,0,0,0,0,0,0,3.3,3.9,3.1,3,2.8,2.6
2022,Sul,Urbana,Federal,96.1,98.7,95.4,100,100,96.7,100,96.9,95.5,95.2,94.5,96.6,86.8,81.9,87,91,90.3,86.8,3.9,1.3,4.6,0,0,3.3,0,3.1,4.5,4.8,5.5,3.4,9.9,14.4,9.7,5.9,6.9,10.6,0,0,0,0,0,0,0,0,0,0,0,0,3.3,3.7,3.3,3.1,2.8,2.6
2022,Sul,Rural,Federal,--,--,--,--,--,--,--,--,--,--,--,--,85.2,80.3,87.5,93.5,75.2,--,--,--,--,--,--,--,--,--,--,--,--,--,11.6,15,10.3,4.4,22.4,--,--,--,--,--,--,--,--,--,--,--,--,--,3.2,4.7,2.2,2.1,2.4,--
2022,Sul,Total,Estadual,92.4,94.9,91.6,99.2,96,94,94.8,91.2,93.6,91.8,90,91,83.6,80.7,83.4,87.2,91.5,94.5,6.6,4.9,7.2,0.7,3.9,5.7,4.9,8.4,5.8,7.3,8.4,7.1,9.4,13.1,9.1,5.2,4,1.2,1,0.2,1.2,0.1,0.1,0.3,0.3,0.4,0.6,0.9,1.6,1.9,7,6.2,7.5,7.6,4.5,4.3
2022,Sul,Urbana,Estadual,92.3,94.8,91.5,99.2,95.9,93.9,94.7,91.2,93.5,91.7,90,90.9,83.4,80.5,83.2,87,92.1,94.5,6.7,4.9,7.3,0.6,4,5.8,5,8.5,5.9,7.4,8.5,7.1,9.5,13.3,9.2,5.2,3.8,1.2,1,0.3,1.2,0.2,0.1,0.3,0.3,0.3,0.6,0.9,1.5,2,7.1,6.2,7.6,7.8,4.1,4.3
2022,Sul,Rural,Estadual,93.7,95.6,92.8,98.5,96.8,95.6,95.7,91.9,94.6,93.1,91.4,92.4,87.7,85.5,88.3,90.5,76.2,--,5.3,4.1,5.8,1.2,3.2,4.2,4,7.8,4.8,6,6.8,5.6,7.1,9.7,6.5,4.2,10.6,--,1,0.3,1.4,0.3,0,0.2,0.3,0.3,0.6,0.9,1.8,2,5.2,4.8,5.2,5.3,13.2,--
2022,Sul,Total,Municipal,94.3,95.5,90.6,98.8,96.2,92.6,94.2,95.5,90.6,89.3,89.1,93.4,80.9,80.9,81.7,78.7,91.4,--,5.2,4.3,8,1,3.6,7.2,5.6,4.2,8.6,9.5,9,4.6,7.7,8.2,6.7,8.5,5.3,--,0.5,0.2,1.4,0.2,0.2,0.2,0.2,0.3,0.8,1.2,1.9,2,11.4,10.9,11.6,12.8,3.3,--
2022,Sul,Urbana,Municipal,94.3,95.5,90.5,98.8,96.2,92.6,94.2,95.6,90.6,89.3,89.1,93.3,79.9,79.9,80.5,77.4,91.4,--,5.3,4.4,8.1,1.1,3.7,7.3,5.6,4.2,8.6,9.5,9.1,4.7,8.3,8.2,7.5,9.6,5.3,--,0.4,0.1,1.4,0.1,0.1,0.1,0.2,0.2,0.8,1.2,1.8,2,11.8,11.9,12,13,3.3,--
2022,Sul,Rural,Municipal,94.5,95.8,91,99.1,97,93,94.5,95.1,90.6,89.7,89.3,94.5,86.8,85.3,88,87.5,--,--,5,4.1,7.4,0.8,2.9,7,5.4,4.7,8.6,8.8,8.5,3.4,4.1,8.2,2.7,0,--,--,0.5,0.1,1.6,0.1,0.1,0,0.1,0.2,0.8,1.5,2.2,2.1,9.1,6.5,9.3,12.5,--,--
2022,Sul,Total,Privada,98.8,99.2,98.3,99.5,99.2,98.9,99.1,99.2,98.8,98.3,98,98.2,97.2,96.1,97.4,98.8,97.9,84.1,1.2,0.8,1.7,0.5,0.8,1.1,0.9,0.8,1.2,1.7,2,1.8,2.5,3.7,2.4,1,1.1,1.8,0,0,0,0,0,0,0,0,0,0,0,0,0.3,0.2,0.2,0.2,1,14.1
2022,Sul,Urbana,Privada,98.8,99.2,98.3,99.5,99.2,98.9,99.1,99.2,98.8,98.3,98,98.2,97.2,96.1,97.4,98.8,97.9,84.1,1.2,0.8,1.7,0.5,0.8,1.1,0.9,0.8,1.2,1.7,2,1.8,2.4,3.7,2.4,1.1,1.1,1.8,0,0,0,0,0,0,0,0,0,0,0,0,0.4,0.2,0.2,0.1,1,14.1
2022,Sul,Rural,Privada,98.4,99.1,97.5,98.9,99.4,97.6,100,100,98.4,98.4,97.5,96.1,95.2,93.7,93.2,99.1,--,--,1.5,0.9,2.3,1.1,0.6,2.4,0,0,1.6,1.6,2.5,3.4,3.7,5.2,5.2,0.2,--,--,0.1,0,0.2,0,0,0,0,0,0,0,0,0.5,1.1,1.1,1.6,0.7,--,--
2022,Sul,Total,Pública,93.5,95.4,91.3,98.9,96.2,92.9,94.3,94.6,92.6,91,89.8,91.7,83.7,80.7,83.6,87.3,90.8,91.3,5.8,4.4,7.5,1,3.7,7,5.5,5.1,6.8,8,8.6,6.3,9.5,13.2,9.1,5.2,5.2,5.1,0.7,0.2,1.2,0.1,0.1,0.1,0.2,0.3,0.6,1,1.6,2,6.8,6.1,7.3,7.5,4,3.6
2022,Sul,Urbana,Pública,93.5,95.3,91.2,98.8,96.1,92.8,94.3,94.6,92.6,90.9,89.7,91.6,83.5,80.5,83.4,87.1,91.6,91.3,5.8,4.5,7.5,1,3.8,7,5.5,5.1,6.8,8.1,8.7,6.5,9.5,13.3,9.2,5.3,4.6,5.1,0.7,0.2,1.3,0.2,0.1,0.2,0.2,0.3,0.6,1,1.6,1.9,7,6.2,7.4,7.6,3.8,3.6
2022,Sul,Rural,Pública,94.3,95.7,92,99,97,93.4,94.7,94.5,92.7,91.5,90.5,93.3,87.4,84.9,88.2,90.8,75.7,--,5.1,4.1,6.6,0.9,2.9,6.5,5.2,5.3,6.7,7.3,7.6,4.6,7.6,10.3,6.9,4.2,16.2,--,0.6,0.2,1.4,0.1,0.1,0.1,0.1,0.2,0.6,1.2,1.9,2.1,5,4.8,4.9,5,8.1,--
2022,Centro-Oeste,Total,Total,95.8,96.3,95.1,99.1,97.2,93.7,95.3,96,95.7,94.9,95.6,94.2,86.7,85.9,86.5,88.8,83.8,76.9,3.7,3.5,4,0.6,2.6,6.1,4.5,3.8,3.9,4.3,3.4,4.5,8.8,10,9,6.7,7.9,12.2,0.5,0.2,0.9,0.3,0.2,0.2,0.2,0.2,0.4,0.8,1,1.3,4.5,4.1,4.5,4.5,8.3,10.9
2022,Centro-Oeste,Urbana,Total,96,96.4,95.4,99.2,97.4,93.8,95.5,96.2,96,95.2,95.8,94.4,87,86.2,86.6,88.9,80.9,77.2,3.6,3.3,3.8,0.6,2.4,6,4.3,3.5,3.6,4.1,3.2,4.4,8.6,9.8,8.9,6.6,9,10.6,0.4,0.3,0.8,0.2,0.2,0.2,0.2,0.3,0.4,0.7,1,1.2,4.4,4,4.5,4.5,10.1,12.2
2022,Centro-Oeste,Rural,Total,93.5,94.5,92,98.8,95.2,92.1,93.1,93.3,91.2,91.7,93,92,82.7,81.8,83.4,86.9,91.5,76.3,5.7,5.1,6.6,0.9,4.4,7.6,6.5,6.1,7.8,7,5.5,6,11.6,13.1,11.1,8.1,5,14.9,0.8,0.4,1.4,0.3,0.4,0.3,0.4,0.6,1,1.3,1.5,2,5.7,5.1,5.5,5,3.5,8.8
2022,Centro-Oeste,Total,Federal,97.2,93.2,97.7,97.3,89.7,87.7,98.2,93.3,98.8,98.3,96.1,97.7,88.8,84.4,92,92.3,90.9,86.8,2.8,6.8,2.3,2.7,10.3,12.3,1.8,6.7,1.2,1.7,3.9,2.3,8.9,13.3,6.5,6.3,7.4,7.2,0,0,0,0,0,0,0,0,0,0,0,0,2.3,2.3,1.5,1.4,1.7,6
2022,Centro-Oeste,Urbana,Federal,97.2,93.2,97.7,97.3,89.7,87.7,98.2,93.3,98.8,98.3,96.1,97.7,88.8,85,91.9,91.5,90.9,86.8,2.8,6.8,2.3,2.7,10.3,12.3,1.8,6.7,1.2,1.7,3.9,2.3,8.9,13,6.5,7,9.1,7.2,0,0,0,0,0,0,0,0,0,0,0,0,2.3,2,1.6,1.5,0,6
2022,Centro-Oeste,Rural,Federal,--,--,--,--,--,--,--,--,--,--,--,--,88.9,82.2,92.1,95.3,90.9,--,--,--,--,--,--,--,--,--,--,--,--,--,8.8,14.4,6.1,3.6,4.5,--,--,--,--,--,--,--,--,--,--,--,--,--,2.3,3.4,1.8,1.1,4.6,--
2022,Centro-Oeste,Total,Estadual,95.4,95.3,95.5,98.4,98.6,88.7,98.5,94,96.7,95.4,96.4,93.5,84.9,84.4,84.5,86.9,75.1,73.2,3.8,4.5,3.6,1.3,1.3,11.1,1.4,5.8,2.8,3.8,2.6,5,9.8,10.9,10.1,7.7,8.5,16,0.8,0.2,0.9,0.3,0.1,0.2,0.1,0.2,0.5,0.8,1,1.5,5.3,4.7,5.4,5.4,16.4,10.8
2022,Centro-Oeste,Urbana,Estadual,95.4,95.2,95.5,98.3,98.6,88.6,98.5,93.9,96.8,95.4,96.4,93.6,85.2,84.6,84.6,87.1,72,69.2,3.8,4.6,3.6,1.4,1.3,11.2,1.3,5.8,2.8,3.7,2.6,4.9,9.6,10.7,10,7.6,8.9,17.4,0.8,0.2,0.9,0.3,0.1,0.2,0.2,0.3,0.4,0.9,1,1.5,5.2,4.7,5.4,5.3,19.1,13.4
2022,Centro-Oeste,Rural,Estadual,95.2,95.7,94.8,98.9,98.4,89.4,98,94.4,96.3,95.3,96.6,91.3,80.8,80.8,80.4,84.4,93.6,76.3,4.2,4.1,4.2,0.8,1.4,10.3,1.9,5.3,3.4,4.1,2.5,7,12.7,13.4,12.9,9.5,6.4,14.9,0.6,0.2,1,0.3,0.2,0.3,0.1,0.3,0.3,0.6,0.9,1.7,6.5,5.8,6.7,6.1,0,8.8
2022,Centro-Oeste,Total,Municipal,94.9,95.7,92,99.1,96.2,93.6,93.3,95.8,92,91.3,91.4,93.7,94.3,91.1,96.6,96.6,--,--,4.6,4,6.8,0.6,3.5,6.1,6.4,3.8,7.2,7.5,7.1,4.4,3.8,6.8,2,1.4,--,--,0.5,0.3,1.2,0.3,0.3,0.3,0.3,0.4,0.8,1.2,1.5,1.9,1.9,2.1,1.4,2,--,--
2022,Centro-Oeste,Urbana,Municipal,95.2,95.9,92.5,99.2,96.4,93.7,93.5,96.2,92.8,91.8,91.8,94.1,93,89,96,95,--,--,4.4,3.9,6.4,0.5,3.3,6.1,6.2,3.5,6.6,7.1,6.9,4.2,4.3,8,2,2,--,--,0.4,0.2,1.1,0.3,0.3,0.2,0.3,0.3,0.6,1.1,1.3,1.7,2.7,3,2,3,--,--
2022,Centro-Oeste,Rural,Municipal,92.5,94.1,89.4,98.8,94.2,92.9,91.5,92.9,87.6,88.7,89.6,92.4,97.6,95.8,98.1,100,--,--,6.6,5.5,8.7,0.9,5.4,6.7,8.1,6.5,11,9.5,8.3,5.2,2.4,4.2,1.9,0,--,--,0.9,0.4,1.9,0.3,0.4,0.4,0.4,0.6,1.4,1.8,2.1,2.4,0,0,0,0,--,--
2022,Centro-Oeste,Total,Privada,99,99.5,98.4,99.7,99.5,99.2,99.4,99.4,98.7,98.4,98.3,98,97.2,96.7,97.5,98.7,--,79.7,0.9,0.5,1.6,0.2,0.5,0.8,0.6,0.6,1.3,1.5,1.7,2,2.2,3.1,2.2,1.2,--,2.1,0.1,0,0,0.1,0,0,0,0,0,0.1,0,0,0.6,0.2,0.3,0.1,--,18.2
2022,Centro-Oeste,Urbana,Privada,99,99.5,98.3,99.7,99.5,99.2,99.4,99.4,98.7,98.4,98.3,97.9,97.2,96.7,97.5,98.7,--,79.7,0.9,0.5,1.6,0.2,0.5,0.8,0.6,0.6,1.3,1.5,1.7,2,2.2,3.1,2.3,1.2,--,2.1,0.1,0,0.1,0.1,0,0,0,0,0,0.1,0,0.1,0.6,0.2,0.2,0.1,--,18.2
2022,Centro-Oeste,Rural,Privada,99.3,99.9,99,100,100,100,99.3,100,98.8,99.1,98.7,99.4,98.7,97.2,99.6,99.5,--,--,0.7,0.1,1,0,0,0,0.7,0,1.2,0.9,1.3,0.6,1,2.6,0.2,0,--,--,0,0,0,0,0,0,0,0,0,0,0,0,0.3,0.2,0.2,0.5,--,--
2022,Centro-Oeste,Total,Pública,95.1,95.6,94.5,99,96.7,92.5,94.5,95.3,95.1,94.3,95.2,93.6,85.1,84.4,84.7,87.2,83.8,76.4,4.3,4.1,4.4,0.7,3.1,7.3,5.3,4.4,4.4,4.8,3.7,4.9,9.8,11,10,7.6,7.9,13.9,0.6,0.3,1.1,0.3,0.2,0.2,0.2,0.3,0.5,0.9,1.1,1.5,5.1,4.6,5.3,5.2,8.3,9.7
2022,Centro-Oeste,Urbana,Pública,95.3,95.7,94.8,99,96.8,92.5,94.6,95.5,95.4,94.5,95.4,93.7,85.3,84.6,84.9,87.2,80.9,76.5,4.1,4,4.2,0.7,2.9,7.2,5.2,4.2,4.1,4.6,3.5,4.8,9.6,10.8,9.9,7.6,9,13.2,0.6,0.3,1,0.3,0.3,0.3,0.2,0.3,0.5,0.9,1.1,1.5,5.1,4.6,5.2,5.2,10.1,10.3
2022,Centro-Oeste,Rural,Pública,93.4,94.5,91.9,98.8,95.2,92,93.1,93.3,91.1,91.6,92.9,91.9,82,81.1,82.4,86.3,91.5,76.3,5.8,5.1,6.7,0.9,4.4,7.7,6.6,6.2,7.9,7.1,5.6,6.1,12,13.5,11.7,8.5,5,14.9,0.8,0.4,1.4,0.3,0.4,0.3,0.3,0.5,1,1.3,1.5,2,6,5.4,5.9,5.2,3.5,8.8
2022,Rondônia,Total,Total,95,95.6,94.4,99,97.3,93.6,93.8,94.6,94.7,94.7,93.7,94.6,86.6,84.8,87,88.7,96.6,--,3.9,4.1,3.7,0.7,2.3,6.2,6,5.1,4.1,3.7,4.2,3,6.3,8.1,5.7,4.5,2.2,--,1.1,0.3,1.9,0.3,0.4,0.2,0.2,0.3,1.2,1.6,2.1,2.4,7.1,7.1,7.3,6.8,1.2,--
2022,Rondônia,Urbana,Total,95.3,95.8,94.8,98.9,97.3,93.7,94.1,95,95.4,95.3,94.1,94.6,86.5,84.8,87,88.6,--,--,3.7,4,3.4,0.7,2.4,6.1,5.7,4.7,3.4,3.2,3.9,3.1,6.5,8.2,5.8,4.7,--,--,1,0.2,1.8,0.4,0.3,0.2,0.2,0.3,1.2,1.5,2,2.3,7,7,7.2,6.7,--,--
2022,Rondônia,Rural,Total,93.4,94.8,91.7,99.1,97.6,92.9,92.3,92.3,90.1,90.8,91.1,94.7,87.8,85.1,88.4,90.2,96.6,--,5.3,4.8,5.9,0.7,2.1,6.7,7.5,7,8.3,6.9,6,2.6,4.3,7,3.1,1.9,2.2,--,1.3,0.4,2.4,0.2,0.3,0.4,0.2,0.7,1.6,2.3,2.9,2.7,7.9,7.9,8.5,7.9,1.2,--
2022,Rondônia,Total,Federal,--,--,--,--,--,--,--,--,--,--,--,--,92,90.2,93.5,92.8,--,--,--,--,--,--,--,--,--,--,--,--,--,--,5.6,8.1,4.6,3.5,--,--,--,--,--,--,--,--,--,--,--,--,--,--,2.4,1.7,1.9,3.7,--,--
2022,Rondônia,Urbana,Federal,--,--,--,--,--,--,--,--,--,--,--,--,93.6,92.6,93.9,94.5,--,--,--,--,--,--,--,--,--,--,--,--,--,--,5.8,7,5.5,4.6,--,--,--,--,--,--,--,--,--,--,--,--,--,--,0.6,0.4,0.6,0.9,--,--
2022,Rondônia,Rural,Federal,--,--,--,--,--,--,--,--,--,--,--,--,87.9,83.8,92.2,88.6,--,--,--,--,--,--,--,--,--,--,--,--,--,--,5,11.1,1.8,0.6,--,--,--,--,--,--,--,--,--,--,--,--,--,--,7.1,5.1,6,10.8,--,--
2022,Rondônia,Total,Estadual,94.7,94.7,94.8,99.2,96.3,93.1,93.4,93.5,95.6,95.2,94.1,94.3,85.5,83.7,85.9,87.6,--,--,3.3,4.9,3.1,0.5,3.2,6.3,6.4,5.9,2.9,3,3.4,3,6.6,8.4,5.9,4.9,--,--,2,0.4,2.1,0.3,0.5,0.6,0.2,0.6,1.5,1.8,2.5,2.7,7.9,7.9,8.2,7.5,--,--
2022,Rondônia,Urbana,Estadual,95,95.3,94.9,99.3,96.5,93.4,94.2,94.6,95.8,95.4,94.3,94.4,85.5,83.8,86,87.6,--,--,3.2,4.6,3,0.5,3.3,6.3,5.7,5.3,2.8,2.9,3.4,3,6.7,8.4,5.9,5,--,--,1.8,0.1,2.1,0.2,0.2,0.3,0.1,0.1,1.4,1.7,2.3,2.6,7.8,7.8,8.1,7.4,--,--
2022,Rondônia,Rural,Estadual,91.4,91.6,91.2,98.6,95.7,90.6,89.3,86.1,91.2,91.4,90.6,91.7,84.2,82,82.9,89,--,--,4.8,6.5,4,0.3,3.1,6.7,10.1,10.1,5.3,4.4,3.5,2.4,4.8,6.6,4.2,2.6,--,--,3.8,1.9,4.8,1.1,1.2,2.7,0.6,3.8,3.5,4.2,5.9,5.9,11,11.4,12.9,8.4,--,--
2022,Rondônia,Total,Municipal,94.6,95.3,90.7,98.8,97.1,92.8,93.3,94.3,89,90.1,89.2,94.9,--,--,--,--,--,--,5,4.4,8.1,0.8,2.6,6.9,6.5,5.4,10.3,8.5,9.2,3.6,--,--,--,--,--,--,0.4,0.3,1.2,0.4,0.3,0.3,0.2,0.3,0.7,1.4,1.6,1.5,--,--,--,--,--,--
2022,Rondônia,Urbana,Municipal,94.9,95.3,89.2,98.8,97,92.8,93.4,94.6,88.8,90.5,85.6,92.4,--,--,--,--,--,--,4.8,4.4,9.9,0.9,2.7,7,6.3,5.1,10.5,8.5,13.3,6.8,--,--,--,--,--,--,0.3,0.3,0.9,0.3,0.3,0.2,0.3,0.3,0.7,1,1.1,0.8,--,--,--,--,--,--
2022,Rondônia,Rural,Municipal,93.8,95,91.6,99.1,97.9,92.9,92.4,92.8,89.2,89.9,91.1,96.1,--,--,--,--,--,--,5.5,4.7,6.8,0.7,1.9,6.9,7.4,6.8,10.1,8.5,7,2.1,--,--,--,--,--,--,0.7,0.3,1.6,0.2,0.2,0.2,0.2,0.4,0.7,1.6,1.9,1.8,--,--,--,--,--,--
2022,Rondônia,Total,Privada,98.3,98.7,97.6,99.7,99.4,98.4,97.7,98.3,98.1,97.6,97.1,97.6,96.3,94.7,96,99.1,96.6,--,1.7,1.2,2.3,0.2,0.4,1.6,2.3,1.7,1.9,2.3,2.8,2.4,3.4,5.1,3.6,0.8,2.2,--,0,0.1,0.1,0.1,0.2,0,0,0,0,0.1,0.1,0,0.3,0.2,0.4,0.1,1.2,--
2022,Rondônia,Urbana,Privada,98.4,98.7,97.9,99.7,99.5,98.4,97.5,98.3,98.3,97.6,97.5,98.3,96.1,94.1,95.9,99.4,--,--,1.6,1.3,2.1,0.2,0.4,1.6,2.5,1.7,1.7,2.3,2.5,1.7,3.7,5.7,3.9,0.5,--,--,0,0,0,0.1,0.1,0,0,0,0,0.1,0,0,0.2,0.2,0.2,0.1,--,--
2022,Rondônia,Rural,Privada,96.7,99.1,94.5,100,99.3,97.4,100,98.8,95.7,97.5,94.1,91.6,97.2,98,96.3,97.5,96.6,--,3.2,0.9,5.2,0,0.7,2.6,0,1.2,4.3,2.5,5.5,8,2.1,1.6,2.3,2.5,2.2,--,0.1,0,0.3,0,0,0,0,0,0,0,0.4,0.4,0.7,0.4,1.4,0,1.2,--
2022,Rondônia,Total,Pública,94.7,95.2,94.1,98.9,97,92.8,93.3,94.1,94.3,94.4,93.4,94.3,85.9,84.1,86.4,88,--,--,4.2,4.5,3.8,0.8,2.6,6.9,6.5,5.5,4.3,3.8,4.3,3.1,6.6,8.4,5.8,4.8,--,--,1.1,0.3,2.1,0.3,0.4,0.3,0.2,0.4,1.4,1.8,2.3,2.6,7.5,7.5,7.8,7.2,--,--
2022,Rondônia,Urbana,Pública,94.9,95.3,94.5,98.8,96.9,92.9,93.5,94.6,95.1,95,93.8,94.3,86,84.2,86.4,88,--,--,3.9,4.4,3.5,0.8,2.7,6.9,6.2,5.1,3.6,3.3,4,3.2,6.6,8.4,5.9,5,--,--,1.2,0.3,2,0.4,0.4,0.2,0.3,0.3,1.3,1.7,2.2,2.5,7.4,7.4,7.7,7,--,--
2022,Rondônia,Rural,Pública,93.3,94.6,91.5,99,97.5,92.7,92,92.1,89.9,90.4,90.9,94.8,85.5,82.5,86.4,88.9,--,--,5.4,4.9,6,0.7,2.1,6.9,7.8,7.2,8.5,7.2,6,2.2,4.9,8,3.3,1.8,--,--,1.3,0.5,2.5,0.3,0.4,0.4,0.2,0.7,1.6,2.4,3.1,3,9.6,9.5,10.3,9.3,--,--
2022,Acre,Total,Total,92.8,93.5,91.8,98.6,92.6,91.7,90.9,94,92.1,92.2,91.4,91.3,83.5,80.4,83.9,89.4,--,69.7,4.5,4.8,4.2,0.1,5.6,6.7,7.3,3.9,4.8,4.5,3.9,3.8,7.6,10.1,7.7,3.8,--,7.5,2.7,1.7,4,1.3,1.8,1.6,1.8,2.1,3.1,3.3,4.7,4.9,8.9,9.5,8.4,6.8,--,22.8
2022,Acre,Urbana,Total,95,95.8,94,99.5,95,93.9,93.6,97,94.4,94,93.5,93.9,85.6,82.8,85,91.6,--,61.4,4,3.7,4.4,0,4.6,5.6,5.9,2.5,4.4,4.4,4.5,4.1,9.1,12.2,9.2,4.4,--,16.7,1,0.5,1.6,0.5,0.4,0.5,0.5,0.5,1.2,1.6,2,2,5.3,5,5.8,4,--,21.9
2022,Acre,Rural,Total,88.2,89,87.1,96.6,87.8,87.3,86,88.3,87.5,88.3,86.8,85.7,77.2,73.2,80,80.9,--,75.6,5.6,6.9,4,0.2,7.8,9,10,6.5,5.5,4.6,2.5,3.1,2.9,3.8,3,1.7,--,1,6.2,4.1,8.9,3.2,4.4,3.7,4,5.2,7,7.1,10.7,11.2,19.9,23,17,17.4,--,23.4
2022,Acre,Total,Federal,92.7,99.1,89.2,100,100,100,95.8,100,97.6,83.3,88.3,87.7,90.5,85.6,90.5,98.4,--,--,7.3,0.9,10.8,0,0,0,4.2,0,2.4,16.7,11.7,12.3,6.7,9.9,6.7,1.6,--,--,0,0,0,0,0,0,0,0,0,0,0,0,2.8,4.5,2.8,0,--,--
2022,Acre,Urbana,Federal,92.7,99.1,89.2,100,100,100,95.8,100,97.6,83.3,88.3,87.7,90.5,85.6,90.5,98.4,--,--,7.3,0.9,10.8,0,0,0,4.2,0,2.4,16.7,11.7,12.3,6.7,9.9,6.7,1.6,--,--,0,0,0,0,0,0,0,0,0,0,0,0,2.8,4.5,2.8,0,--,--
2022,Acre,Total,Estadual,92.7,94.1,91.8,98.2,93.3,92.9,91.9,94.1,92.3,92.4,91.4,90.9,82.8,79.4,82.8,88.4,--,75.2,4.2,4.1,4.3,0.1,5.1,5.5,6.2,3.3,4.7,4.4,4,4.1,7.8,10.4,8.1,4,--,0.9,3.1,1.8,3.9,1.7,1.6,1.6,1.9,2.6,3,3.2,4.6,5,9.4,10.2,9.1,7.6,--,23.9
2022,Acre,Urbana,Estadual,94.8,96.1,93.9,99.4,94.8,94.6,93.9,97.5,94.6,94.2,93.4,93.5,84.9,81.7,83.8,90.7,--,67.6,4,3.5,4.4,0,4.8,4.9,5.7,2.1,4.2,4.2,4.6,4.4,9.6,12.9,9.9,4.7,--,0,1.2,0.4,1.7,0.6,0.4,0.5,0.4,0.4,1.2,1.6,2,2.1,5.5,5.4,6.3,4.6,--,32.4
2022,Acre,Rural,Estadual,87.4,88.9,86.4,94.7,89.2,88.4,87.2,86.4,86.9,88,86.2,84.4,77.2,73.2,80,80.9,--,75.6,4.6,5.5,4.1,0.4,5.8,7,7.2,6,5.8,4.6,2.4,3.5,2.9,3.8,3,1.7,--,1,8,5.6,9.5,4.9,5,4.6,5.6,7.6,7.3,7.4,11.4,12.1,19.9,23,17,17.4,--,23.4
2022,Acre,Total,Municipal,92,92.5,89,98.7,91.4,90,89.5,93.5,88.5,88.1,88.7,91,--,--,--,--,--,--,5.6,5.7,5,0,6.6,8.2,8.7,4.7,6.6,6.6,4.3,2.6,--,--,--,--,--,--,2.4,1.8,6,1.3,2,1.8,1.8,1.8,4.9,5.3,7,6.4,--,--,--,--,--,--
2022,Acre,Urbana,Municipal,94.4,95,89.2,99.4,94.3,92.3,92.5,96.2,87.4,86.3,89.3,94.1,--,--,--,--,--,--,4.8,4.4,7.8,0,5.2,7,6.8,3.2,9.7,10.5,7.2,3.7,--,--,--,--,--,--,0.8,0.6,3,0.6,0.5,0.7,0.7,0.6,2.9,3.2,3.5,2.2,--,--,--,--,--,--
2022,Acre,Rural,Municipal,89,89.1,89,97.5,87.2,86.8,85.4,89.4,89.2,89.1,88.3,89.3,--,--,--,--,--,--,6.7,7.6,3.5,0.1,8.7,9.9,11.3,6.8,4.8,4.4,2.6,2,--,--,--,--,--,--,4.3,3.3,7.5,2.4,4.1,3.3,3.3,3.8,6,6.5,9.1,8.7,--,--,--,--,--,--
2022,Acre,Total,Privada,99.7,99.7,99.6,99.9,100,99.7,99.4,99.6,99.4,99.9,99.7,99.6,90.1,97.4,98.4,98.2,--,60.9,0.3,0.3,0.4,0,0,0.3,0.6,0.4,0.6,0.1,0.3,0.3,5.5,2.6,1.6,1.8,--,18.1,0,0,0,0.1,0,0,0,0,0,0,0,0.1,4.4,0,0,0,--,21
2022,Acre,Urbana,Privada,99.7,99.7,99.6,99.9,100,99.7,99.4,99.6,99.4,99.9,99.7,99.6,90.1,97.4,98.4,98.2,--,60.9,0.3,0.3,0.4,0,0,0.3,0.6,0.4,0.6,0.1,0.3,0.3,5.5,2.6,1.6,1.8,--,18.1,0,0,0,0.1,0,0,0,0,0,0,0,0.1,4.4,0,0,0,--,21
2022,Acre,Total,Pública,92.4,93.2,91.4,98.5,92.2,91.3,90.5,93.7,91.8,91.8,91,90.9,83.1,79.7,83.2,88.9,--,75.2,4.8,5,4.4,0.1,6,7,7.7,4.1,5,4.7,4.1,4,7.7,10.4,8,3.9,--,0.9,2.8,1.8,4.2,1.4,1.8,1.7,1.8,2.2,3.2,3.5,4.9,5.1,9.2,9.9,8.8,7.2,--,23.9
2022,Acre,Urbana,Pública,94.6,95.5,93.6,99.4,94.6,93.4,93.2,96.8,94.1,93.6,93.1,93.5,85.3,82,84.2,91.2,--,67.6,4.3,4,4.7,0,5,6,6.3,2.7,4.7,4.7,4.9,4.4,9.4,12.7,9.7,4.6,--,0,1.1,0.5,1.7,0.6,0.4,0.6,0.5,0.5,1.2,1.7,2,2.1,5.3,5.3,6.1,4.2,--,32.4
2022,Acre,Rural,Pública,88.2,89,87.1,96.6,87.8,87.3,86,88.3,87.5,88.3,86.8,85.7,77.2,73.2,80,80.9,--,75.6,5.6,6.9,4,0.2,7.8,9,10,6.5,5.5,4.6,2.5,3.1,2.9,3.8,3,1.7,--,1,6.2,4.1,8.9,3.2,4.4,3.7,4,5.2,7,7.1,10.7,11.2,19.9,23,17,17.4,--,23.4
2022,Amazonas,Total,Total,93.2,95,91,98.4,97.8,92.5,94.8,91.7,91.4,91.1,90.2,91.3,85.1,84.6,85,85.7,100,--,4.4,3.7,5.4,0.2,1,6.3,4,6.6,5.8,5.5,5.6,4.4,7.1,8,7.2,6,0,--,2.4,1.3,3.6,1.4,1.2,1.2,1.2,1.7,2.8,3.4,4.2,4.3,7.8,7.4,7.8,8.3,0,--
2022,Amazonas,Urbana,Total,94.5,96.1,92.4,98.9,98.3,93.9,95.4,94,93.2,92.5,91.5,92.5,84.9,84.4,85,85.4,100,--,3.9,3,5,0.1,0.9,5.3,3.8,4.9,4.9,5.1,5.7,4.4,7.7,8.8,7.6,6.5,0,--,1.6,0.9,2.6,1,0.8,0.8,0.8,1.1,1.9,2.4,2.8,3.1,7.4,6.8,7.4,8.1,0,--
2022,Amazonas,Rural,Total,89.6,91.7,86.7,96.8,96.3,88.3,93.1,85.3,86.1,87.1,86.5,87.2,85.8,85.6,85,86.7,--,--,5.8,5.5,6.3,0.5,1.2,9.2,4.4,11.2,8.3,6.9,5.6,4.1,4.7,4.7,5.5,4,--,--,4.6,2.8,7,2.7,2.5,2.5,2.5,3.5,5.6,6,7.9,8.7,9.5,9.7,9.5,9.3,--,--
2022,Amazonas,Total,Federal,96.6,--,96.6,--,--,--,--,--,98.2,96.6,96.6,95.4,91.7,89.8,93.4,92.5,--,--,3.4,--,3.4,--,--,--,--,--,1.8,3.4,3.4,4.6,7.6,9.5,6,6.9,--,--,0,--,0,--,--,--,--,--,0,0,0,0,0.7,0.7,0.6,0.6,--,--
2022,Amazonas,Urbana,Federal,96.6,--,96.6,--,--,--,--,--,98.2,96.6,96.6,95.4,91.9,89.5,94.3,92.5,--,--,3.4,--,3.4,--,--,--,--,--,1.8,3.4,3.4,4.6,7.4,9.8,5,6.8,--,--,0,--,0,--,--,--,--,--,0,0,0,0,0.7,0.7,0.7,0.7,--,--
2022,Amazonas,Rural,Federal,--,--,--,--,--,--,--,--,--,--,--,--,90.1,92.5,85.5,91.9,--,--,--,--,--,--,--,--,--,--,--,--,--,--,9.8,7.1,14.5,8.1,--,--,--,--,--,--,--,--,--,--,--,--,--,--,0.1,0.4,0,0,--,--
2022,Amazonas,Total,Estadual,94.7,97.4,93.1,99.6,99.5,94.9,99.5,94.6,94.5,93.5,92,92.5,84.3,83.9,84.1,85,--,--,3.9,2.2,4.8,0,0.1,4.7,0.2,4.8,4.1,4.6,5.7,4.9,7.3,8.2,7.5,6.2,--,--,1.4,0.4,2.1,0.4,0.4,0.4,0.3,0.6,1.4,1.9,2.3,2.6,8.4,7.9,8.4,8.8,--,--
2022,Amazonas,Urbana,Estadual,94.9,97.6,93.3,99.7,99.6,95.1,99.6,95,94.8,93.7,92.2,92.6,83.9,83.5,83.8,84.6,--,--,3.7,2.1,4.8,0,0,4.6,0.1,4.5,4,4.5,5.6,4.8,8,9.1,8,6.7,--,--,1.4,0.3,1.9,0.3,0.4,0.3,0.3,0.5,1.2,1.8,2.2,2.6,8.1,7.4,8.2,8.7,--,--
2022,Amazonas,Rural,Estadual,91.5,93.5,90.7,97.5,96.7,92.2,97.4,88,91.5,90.9,90.2,90.3,85.7,85.5,85,86.6,--,--,5.4,4.8,5.7,0.2,0.8,7.3,1.2,9.8,5.3,5.9,5.9,5.4,4.6,4.6,5.4,3.9,--,--,3.1,1.7,3.6,2.3,2.5,0.5,1.4,2.2,3.2,3.2,3.9,4.3,9.7,9.9,9.6,9.5,--,--
2022,Amazonas,Total,Municipal,91.9,93.8,88.3,98.1,97.3,91,92.9,90.1,88.3,88.4,87.6,89.1,--,--,--,--,--,--,5.1,4.4,6.3,0.2,1.2,7.4,5.5,7.7,7.6,6.7,6.1,4.3,--,--,--,--,--,--,3,1.8,5.4,1.7,1.5,1.6,1.6,2.2,4.1,4.9,6.3,6.6,--,--,--,--,--,--
2022,Amazonas,Urbana,Municipal,93.4,95,89.9,98.7,97.7,92.5,92.9,92.8,90.3,89.7,88.9,90.9,--,--,--,--,--,--,4.6,3.8,6.2,0.1,1.2,6.4,6,5.7,6.8,6.5,6.6,4.5,--,--,--,--,--,--,2,1.2,3.9,1.2,1.1,1.1,1.1,1.5,2.9,3.8,4.5,4.6,--,--,--,--,--,--
2022,Amazonas,Rural,Municipal,89.4,91.7,86.1,96.8,96.3,88.1,92.9,85.1,85.4,86.6,85.9,86.7,--,--,--,--,--,--,5.9,5.5,6.4,0.5,1.3,9.2,4.5,11.3,8.7,7,5.5,3.9,--,--,--,--,--,--,4.7,2.8,7.5,2.7,2.4,2.7,2.6,3.6,5.9,6.4,8.6,9.4,--,--,--,--,--,--
2022,Amazonas,Total,Privada,98.9,99,98.7,98.9,99,99.1,99.1,99.2,98.6,98.6,98.7,99,97,95.9,97.7,97.6,100,--,0.8,0.6,1.2,0.5,0.5,0.7,0.8,0.7,1.3,1.3,1.3,0.9,2.8,3.9,2.2,2,0,--,0.3,0.4,0.1,0.6,0.5,0.2,0.1,0.1,0.1,0.1,0,0.1,0.2,0.2,0.1,0.4,0,--
2022,Amazonas,Urbana,Privada,98.9,99,98.7,98.9,99,99.1,99.1,99.2,98.6,98.6,98.7,99,97,95.9,97.7,97.6,100,--,0.8,0.6,1.2,0.5,0.5,0.7,0.8,0.7,1.3,1.3,1.3,1,2.8,3.9,2.2,2,0,--,0.3,0.4,0.1,0.6,0.5,0.2,0.1,0.1,0.1,0.1,0,0,0.2,0.2,0.1,0.4,0,--
2022,Amazonas,Rural,Privada,99.4,100,99.1,100,100,100,100,100,100,96.4,100,100,98,94.6,100,100,--,--,0.6,0,0.9,0,0,0,0,0,0,3.6,0,0,2,5.4,0,0,--,--,0,0,0,0,0,0,0,0,0,0,0,0,0,0,0,0,--,--
2022,Amazonas,Total,Pública,92.8,94.6,90.5,98.4,97.7,91.9,94.5,91.1,91,90.7,89.7,90.8,84.5,84.1,84.3,85.2,--,--,4.7,3.9,5.6,0.2,1,6.8,4.2,7,6.1,5.8,5.9,4.6,7.3,8.2,7.5,6.2,--,--,2.5,1.5,3.9,1.4,1.3,1.3,1.3,1.9,2.9,3.5,4.4,4.6,8.2,7.7,8.2,8.6,--,--
2022,Amazonas,Urbana,Pública,94,95.7,91.9,98.9,98.2,93.2,95,93.5,92.7,91.9,90.9,92,84.2,83.7,84.2,84.8,--,--,4.3,3.3,5.4,0.1,0.9,5.9,4.2,5.3,5.3,5.4,6,4.7,8,9.1,7.9,6.7,--,--,1.7,1,2.7,1,0.9,0.9,0.8,1.2,2,2.7,3.1,3.3,7.8,7.2,7.9,8.5,--,--
2022,Amazonas,Rural,Pública,89.6,91.7,86.7,96.8,96.3,88.3,93.1,85.3,86.1,87.1,86.5,87.2,85.7,85.6,85,86.6,--,--,5.9,5.5,6.3,0.5,1.2,9.2,4.4,11.2,8.3,6.9,5.6,4.1,4.7,4.7,5.5,4,--,--,4.5,2.8,7,2.7,2.5,2.5,2.5,3.5,5.6,6,7.9,8.7,9.6,9.7,9.5,9.4,--,--
2022,Roraima,Total,Total,93.8,95.7,91,97.3,96.3,95.2,93.7,95.7,93.1,91.9,90.7,87.9,82.8,83.1,82.1,84.9,58.1,58.2,4.3,3.4,5.6,1.3,2.9,4.2,5.6,3.4,5,5.7,5.6,6.2,8.6,10.1,7.4,6.5,31.1,16.7,1.9,0.9,3.4,1.4,0.8,0.6,0.7,0.9,1.9,2.4,3.7,5.9,8.6,6.8,10.5,8.6,10.8,25.1
2022,Roraima,Urbana,Total,94.2,95.7,92.1,97,96.1,95,94,96.6,94.7,93,91.9,88.2,83.2,83.3,83,85.6,56.3,58.2,4.4,3.5,5.6,1.8,3.2,4.4,5.5,2.7,4.1,5.4,5.7,7.2,9.6,11.2,8.3,7.5,32.4,16.7,1.4,0.8,2.3,1.2,0.7,0.6,0.5,0.7,1.2,1.6,2.4,4.6,7.2,5.5,8.7,6.9,11.3,25.1
2022,Roraima,Rural,Total,92.6,95.5,87.8,98.2,96.8,95.7,93.1,93.4,88.4,88.5,87.2,87.1,81.1,82.3,78.6,82.2,100,--,4.2,3.2,5.7,0.1,2,3.4,5.8,5.1,7.6,6.3,5.3,3.5,4.3,5.2,4.4,2.9,0,--,3.2,1.3,6.5,1.7,1.2,0.9,1.1,1.5,4,5.2,7.5,9.4,14.6,12.5,17,14.9,0,--
2022,Roraima,Total,Federal,99.7,100,99.5,100,100,100,100,100,100,98,100,100,93.3,91.4,94,95.2,--,--,0.3,0,0.5,0,0,0,0,0,0,2,0,0,5.4,7.5,4,3.8,--,--,0,0,0,0,0,0,0,0,0,0,0,0,1.3,1.1,2,1,--,--
2022,Roraima,Urbana,Federal,99.7,100,99.5,100,100,100,100,100,100,98,100,100,95,90.6,97.8,98.5,--,--,0.3,0,0.5,0,0,0,0,0,0,2,0,0,4.5,8.5,1.9,1.5,--,--,0,0,0,0,0,0,0,0,0,0,0,0,0.5,0.9,0.3,0,--,--
2022,Roraima,Rural,Federal,--,--,--,--,--,--,--,--,--,--,--,--,89,93.4,84.8,88.3,--,--,--,--,--,--,--,--,--,--,--,--,--,--,7.4,4.8,9.3,8.6,--,--,--,--,--,--,--,--,--,--,--,--,--,--,3.6,1.8,5.9,3.1,--,--
2022,Roraima,Total,Estadual,91,94.4,90.3,96.6,96.6,95,91.9,91.1,92.6,91.2,90,87,81.3,81.9,80.4,83.5,56.3,52.4,5.6,3.5,6.1,0.4,1.4,3.7,6.1,6.6,5.4,6.1,6.1,6.7,9.1,10.6,7.9,7.1,32.4,19.3,3.4,2.1,3.6,3,2,1.3,2,2.3,2,2.7,3.9,6.3,9.6,7.5,11.7,9.4,11.3,28.3
2022,Roraima,Urbana,Estadual,91.4,71.4,91.4,71.4,--,--,--,--,94.4,92.4,91.3,87,81.6,82,81.1,84,56.3,52.4,6.1,25,6.1,25,--,--,--,--,4.5,5.9,6.2,7.9,10.4,11.8,9.1,8.3,32.4,19.3,2.5,3.6,2.5,3.6,--,--,--,--,1.1,1.7,2.5,5.1,8,6.2,9.8,7.7,11.3,28.3
2022,Roraima,Rural,Estadual,90.5,94.4,87.4,97,96.6,95,91.9,91.1,87.9,87.9,86.6,87,80.3,81.3,78,81.7,--,--,4.9,3.5,6,0.1,1.4,3.7,6.1,6.6,7.8,6.8,5.6,3.5,4.1,5.3,3.9,2.3,--,--,4.6,2.1,6.6,2.9,2,1.3,2,2.3,4.3,5.3,7.8,9.5,15.6,13.4,18.1,16,--,--
2022,Roraima,Total,Municipal,95.5,95.5,94.4,97.2,95.9,94.8,93.4,96,94.1,96.6,94.2,92.7,--,--,--,--,--,--,3.7,3.7,2.1,1.6,3.3,4.6,6,3.2,3,1.1,0.9,2,--,--,--,--,--,--,0.8,0.8,3.5,1.2,0.8,0.6,0.6,0.8,2.9,2.3,4.9,5.3,--,--,--,--,--,--
2022,Roraima,Urbana,Municipal,95.3,95.3,95,96.7,95.7,94.5,93.3,96.1,94.1,97.3,94.1,98,--,--,--,--,--,--,3.8,3.9,1.9,1.9,3.5,4.9,6.1,3.1,2.3,1.6,0,2,--,--,--,--,--,--,0.9,0.8,3.1,1.4,0.8,0.6,0.6,0.8,3.6,1.1,5.9,0,--,--,--,--,--,--
2022,Roraima,Rural,Municipal,96.3,96.5,93.7,99.5,97,96.3,94.2,95.5,94.1,95.9,94.2,89,--,--,--,--,--,--,2.9,3,2.3,0.2,2.5,3.1,5.5,3.8,5,0.5,1.4,2.1,--,--,--,--,--,--,0.8,0.5,4,0.3,0.5,0.6,0.3,0.7,0.9,3.6,4.4,8.9,--,--,--,--,--,--
2022,Roraima,Total,Privada,99.2,99.8,98.1,99.9,99.9,99.8,99.9,99.8,97.7,98.1,98.3,98.1,97.3,96.3,97.3,99.4,100,94.5,0.8,0.2,1.9,0,0.1,0.2,0,0.2,2.3,1.9,1.7,1.9,2.4,3.7,2.7,0.3,0,0,0,0,0,0.1,0,0,0.1,0,0,0,0,0,0.3,0,0,0.3,0,5.5
2022,Roraima,Urbana,Privada,99.2,99.8,98.1,99.9,99.9,99.8,99.9,99.8,97.7,98.1,98.3,98.1,97.3,96.2,97.3,99.7,--,94.5,0.8,0.2,1.9,0,0.1,0.2,0,0.2,2.3,1.9,1.7,1.9,2.5,3.8,2.7,0.3,--,0,0,0,0,0.1,0,0,0.1,0,0,0,0,0,0.2,0,0,0,--,5.5
2022,Roraima,Rural,Privada,--,--,--,--,--,--,--,--,--,--,--,--,95.5,100,100,80,100,--,--,--,--,--,--,--,--,--,--,--,--,--,0,0,0,0,0,--,--,--,--,--,--,--,--,--,--,--,--,--,4.5,0,0,20,0,--
2022,Roraima,Total,Pública,93.4,95.3,90.5,97.1,96,94.8,93.3,95.3,92.8,91.5,90.2,87.2,82,82.4,81.3,84.2,56.3,52.4,4.6,3.7,5.8,1.4,3.1,4.5,6,3.7,5.2,5.9,5.9,6.5,8.9,10.4,7.7,6.9,32.4,19.3,2,1,3.7,1.5,0.9,0.7,0.7,1,2,2.6,3.9,6.3,9.1,7.2,11,8.9,11.3,28.3
2022,Roraima,Urbana,Pública,93.7,95.3,91.6,96.6,95.7,94.5,93.3,96.2,94.4,92.6,91.4,87.3,82.3,82.4,82.1,84.7,56.3,52.4,4.7,3.9,5.9,2,3.5,4.9,6.1,3.1,4.3,5.8,6.1,7.7,10.1,11.7,8.7,8,32.4,19.3,1.6,0.8,2.5,1.4,0.8,0.6,0.6,0.7,1.3,1.6,2.5,5,7.6,5.9,9.2,7.3,11.3,28.3
2022,Roraima,Rural,Pública,92.6,95.5,87.8,98.2,96.8,95.7,93.1,93.4,88.4,88.5,87.2,87.1,81,82.2,78.5,82.2,--,--,4.2,3.2,5.7,0.1,2,3.4,5.8,5.1,7.6,6.3,5.3,3.5,4.3,5.2,4.4,2.9,--,--,3.2,1.3,6.5,1.7,1.2,0.9,1.1,1.5,4,5.2,7.5,9.4,14.7,12.6,17.1,14.9,--,--
2022,Pará,Total,Total,86.7,89.7,83.4,98.2,97.4,87.2,86.6,81.1,81.9,82.1,83.8,86.1,78.4,75.2,78.9,81.8,88.1,88.9,10.2,9,11.8,0.5,1.6,11.7,12,16.9,14.5,13.1,10.6,8.1,10.8,13,9.9,8.9,6.8,7.1,3.1,1.3,4.8,1.3,1,1.1,1.4,2,3.6,4.8,5.6,5.8,10.8,11.8,11.2,9.3,5.1,4
2022,Pará,Urbana,Total,89.5,92.1,86.5,98.4,97.6,89,90.2,86.5,86.1,85.4,86.4,88.2,78.6,75.4,79.2,82,87.9,87,8.4,6.8,10.2,0.4,1.5,10.1,8.7,12.1,11.5,11.3,9.7,8.1,11.2,13.5,10.2,9.1,6.9,8.2,2.1,1.1,3.3,1.2,0.9,0.9,1.1,1.4,2.4,3.3,3.9,3.7,10.2,11.1,10.6,8.9,5.2,4.8
2022,Pará,Rural,Total,81.5,85.2,76.9,97.7,96.9,83.8,80.1,72.3,73.8,75.6,78,81.4,76.7,73.9,76.7,80.2,96.4,98.2,13.8,12.9,15,0.8,1.8,14.6,17.9,24.9,20.3,16.7,12.5,8.3,8.3,9.5,7.8,7.4,0,1.6,4.7,1.9,8.1,1.5,1.3,1.6,2,2.8,5.9,7.7,9.5,10.3,15,16.6,15.5,12.4,3.6,0.2
2022,Pará,Total,Federal,98.7,98.2,99,98.6,100,94.3,96.9,100,98.7,100,98.7,98.5,87.7,86.1,88.6,88.5,100,--,1.2,1.6,1,0,0,5.7,3.1,0,1.3,0,1.3,1.5,9.4,11.3,9,7.6,0,--,0.1,0.2,0,1.4,0,0,0,0,0,0,0,0,2.9,2.6,2.4,3.9,0,--
2022,Pará,Urbana,Federal,98.7,98.2,99,98.6,100,94.3,96.9,100,98.7,100,98.7,98.5,87.8,86,88.6,89.1,100,--,1.2,1.6,1,0,0,5.7,3.1,0,1.3,0,1.3,1.5,9.6,11.6,9.2,7.7,0,--,0.1,0.2,0,1.4,0,0,0,0,0,0,0,0,2.6,2.4,2.2,3.2,0,--
2022,Pará,Rural,Federal,--,--,--,--,--,--,--,--,--,--,--,--,81.8,87.7,87.8,48.6,--,--,--,--,--,--,--,--,--,--,--,--,--,--,3.5,4.4,3.7,0,--,--,--,--,--,--,--,--,--,--,--,--,--,--,14.7,7.9,8.5,51.4,--,--
2022,Pará,Total,Estadual,86.6,90.6,85.1,97.3,98.6,82.3,98,82.9,86.3,84.6,85.2,84.4,76.4,73.3,76.9,80.1,87.7,84.9,10.8,7.8,11.9,0.1,0.1,16.4,0.4,15.8,11.6,12.5,11.4,12.2,11.7,13.9,10.8,9.7,7,11.3,2.6,1.6,3,2.6,1.3,1.3,1.6,1.3,2.1,2.9,3.4,3.4,11.9,12.8,12.3,10.2,5.3,3.8
2022,Pará,Urbana,Estadual,86.8,90.6,85.3,97.3,98.6,82.3,98,83,86.4,84.7,85.3,84.9,76.4,73.2,77,80,87.5,80.5,10.7,7.8,11.9,0.1,0.1,16.4,0.3,15.7,11.6,12.4,11.5,12.1,12.2,14.5,11.2,10,7.2,14.5,2.5,1.6,2.8,2.6,1.3,1.3,1.7,1.3,2,2.9,3.2,3,11.4,12.3,11.8,10,5.3,5
2022,Pará,Rural,Estadual,83.9,88.9,83.6,99.1,96.1,82.2,97.7,76.8,85.9,83.2,84.2,80.7,76.5,73.6,76.4,80.2,96.4,98.1,11.9,9.3,12,0.9,1.6,13.3,2.3,21,11.7,12.9,10.4,13.2,8.5,9.6,8,7.5,0,1.7,4.2,1.8,4.4,0,2.3,4.5,0,2.2,2.4,3.9,5.4,6.1,15,16.8,15.6,12.3,3.6,0.2
2022,Pará,Total,Municipal,85.3,88.5,81.2,98.1,97.1,86.1,84.4,79.2,79.2,79.7,81.7,85,80.6,87.3,71.1,--,--,--,11.2,10,12.9,0.5,1.8,12.6,14.1,18.6,16.5,14.6,11.5,7.8,13,9.5,17.8,--,--,--,3.5,1.5,5.9,1.4,1.1,1.3,1.5,2.2,4.3,5.7,6.8,7.2,6.4,3.2,11.1,--,--,--
2022,Pará,Urbana,Municipal,88.2,90.8,84.6,98.3,97.2,87.7,87.5,84.7,83.8,83.1,84.5,87.4,80.6,87.3,71.1,--,--,--,9.3,7.9,11.3,0.4,1.9,11.2,11.3,13.5,13.3,12.8,10.6,7.7,13,9.5,17.8,--,--,--,2.5,1.3,4.1,1.3,0.9,1.1,1.2,1.8,2.9,4.1,4.9,4.9,6.4,3.2,11.1,--,--,--
2022,Pará,Rural,Municipal,81.4,85.1,76.4,97.7,96.9,83.8,80,72.2,73,75.1,77.6,81.4,--,--,--,--,--,--,13.9,12.9,15.2,0.8,1.8,14.6,18,24.9,20.8,17,12.7,7.9,--,--,--,--,--,--,4.7,2,8.4,1.5,1.3,1.6,2,2.9,6.2,7.9,9.7,10.7,--,--,--,--,--,--
2022,Pará,Total,Privada,98.9,99.2,98.4,99.1,99.3,99.2,99.2,99.2,98.3,98.4,98.6,98.5,98,97.3,98.5,98.6,96,95.8,1,0.6,1.4,0.5,0.5,0.7,0.7,0.7,1.6,1.4,1.3,1.4,1.4,2.2,1.2,1,0,0,0.1,0.2,0.2,0.4,0.2,0.1,0.1,0.1,0.1,0.2,0.1,0.1,0.6,0.5,0.3,0.4,4,4.2
2022,Pará,Urbana,Privada,98.9,99.2,98.5,99.1,99.2,99.2,99.2,99.3,98.4,98.5,98.6,98.5,98.2,97.5,98.5,98.8,96,95.7,0.9,0.6,1.4,0.5,0.5,0.7,0.7,0.7,1.5,1.4,1.3,1.3,1.4,2.2,1.2,1,0,0,0.2,0.2,0.1,0.4,0.3,0.1,0.1,0,0.1,0.1,0.1,0.2,0.4,0.3,0.3,0.2,4,4.3
2022,Pará,Rural,Privada,93.4,96.7,89.9,100,100,95.2,91.5,95.4,84.2,86.7,92.5,94.2,91.3,89.7,94.4,89.5,--,100,5.4,3.3,7.5,0,0,4.8,8.5,4.6,14.5,11.7,4.5,1.9,1.3,2.1,0.6,0.8,--,0,1.2,0,2.6,0,0,0,0,0,1.3,1.6,3,3.9,7.4,8.2,5,9.7,--,0
2022,Pará,Total,Pública,85.5,88.6,82,98,97.1,85.9,85.3,79.5,80.5,80.7,82.5,84.9,76.7,73.6,77.2,80.3,87.9,84.9,11.2,9.9,12.7,0.5,1.7,12.9,13.2,18.3,15.6,14.1,11.5,8.8,11.6,13.8,10.7,9.6,6.9,11.3,3.3,1.5,5.3,1.5,1.2,1.2,1.5,2.2,3.9,5.2,6,6.3,11.7,12.6,12.1,10.1,5.2,3.8
2022,Pará,Urbana,Pública,87.9,90.8,84.8,98.3,97.3,87.2,88.6,84.6,84.4,83.6,84.8,86.7,76.7,73.6,77.3,80.3,87.8,80.5,9.6,7.9,11.4,0.4,1.7,11.8,10.2,13.8,12.8,12.7,10.9,9,12.1,14.4,11.1,9.9,7,14.5,2.5,1.3,3.8,1.3,1,1,1.2,1.6,2.8,3.7,4.3,4.3,11.2,12,11.6,9.8,5.2,5
2022,Pará,Rural,Pública,81.5,85.1,76.9,97.7,96.9,83.8,80.1,72.3,73.7,75.6,78,81.3,76.5,73.7,76.4,80.1,96.4,98.1,13.8,12.9,15,0.8,1.8,14.6,17.9,24.9,20.3,16.7,12.6,8.3,8.4,9.6,7.9,7.5,0,1.7,4.7,2,8.1,1.5,1.3,1.6,2,2.8,6,7.7,9.4,10.4,15.1,16.7,15.7,12.4,3.6,0.2
2022,Amapá,Total,Total,88.8,90.5,86.5,98.1,98.1,86,87.4,84.6,85,86.3,86.7,88.4,81.7,79,83.4,83.7,--,88.6,9.5,8.4,10.8,0.8,1.2,13.1,11.6,14,12.8,11,10.3,8.6,11.5,14.3,9.8,9.6,--,0,1.7,1.1,2.7,1.1,0.7,0.9,1,1.4,2.2,2.7,3,3,6.8,6.7,6.8,6.7,--,11.4
2022,Amapá,Urbana,Total,89.8,92,87,98.2,98.3,87,90.2,87.1,85.7,86.7,87.2,88.8,82.3,79.4,84.5,83.9,--,--,8.7,7.1,10.7,0.7,1.1,12.1,8.9,11.6,12.4,11,10.2,8.8,11.9,14.7,10.1,10,--,--,1.5,0.9,2.3,1.1,0.6,0.9,0.9,1.3,1.9,2.3,2.6,2.4,5.8,5.9,5.4,6.1,--,--
2022,Amapá,Rural,Total,85.2,85.9,84.2,97.6,97.2,82.8,78.7,76.8,82.1,84.5,84.4,86.6,78.4,76.5,76.9,82.6,--,88.6,12.3,12.9,11.3,1.2,1.7,16.3,19.9,21.5,14.5,10.9,10.5,7.8,9.3,12,8.4,6.9,--,0,2.5,1.2,4.5,1.2,1.1,0.9,1.4,1.7,3.4,4.6,5.1,5.6,12.3,11.5,14.7,10.5,--,11.4
2022,Amapá,Total,Federal,--,--,--,--,--,--,--,--,--,--,--,--,93.2,92.1,93.3,94.1,--,--,--,--,--,--,--,--,--,--,--,--,--,--,4.9,7.4,3.6,4.7,--,--,--,--,--,--,--,--,--,--,--,--,--,--,1.9,0.5,3.1,1.2,--,--
2022,Amapá,Urbana,Federal,--,--,--,--,--,--,--,--,--,--,--,--,93.2,92.1,93.3,94.1,--,--,--,--,--,--,--,--,--,--,--,--,--,--,4.9,7.4,3.6,4.7,--,--,--,--,--,--,--,--,--,--,--,--,--,--,1.9,0.5,3.1,1.2,--,--
2022,Amapá,Total,Estadual,86.4,88.2,85.5,98.6,98.6,83.6,80.8,83.4,84.2,85.3,85.7,87.2,79.4,77,81,81.5,--,--,11.3,10.5,11.7,0.5,0.6,15.5,17.7,14.5,13.6,11.9,11.2,9.6,13,15.6,11.3,10.9,--,--,2.3,1.3,2.8,0.9,0.8,0.9,1.5,2.1,2.2,2.8,3.1,3.2,7.6,7.4,7.7,7.6,--,--
2022,Amapá,Urbana,Estadual,87,90.1,85.8,98.9,99.1,83.5,85.2,86.7,84.7,85.5,86,87.5,79.7,77.1,81.8,81.3,--,--,11,8.8,11.8,0.1,0.2,15.7,13.6,11.5,13.4,12.2,11.3,10,13.6,16.2,11.8,11.6,--,--,2,1.1,2.4,1,0.7,0.8,1.2,1.8,1.9,2.3,2.7,2.5,6.7,6.7,6.4,7.1,--,--
2022,Amapá,Rural,Estadual,84.5,84.9,84.2,98.1,97.9,83.8,74.1,78.1,82.1,84.6,84.7,86.3,77.9,76,76.7,82.1,--,--,12.3,13.6,11.3,1.2,1.2,15.1,24,19.4,14.4,10.8,10.8,8.2,9.7,12.3,8.6,7.2,--,--,3.2,1.5,4.5,0.7,0.9,1.1,1.9,2.5,3.5,4.6,4.5,5.5,12.4,11.7,14.7,10.7,--,--
2022,Amapá,Total,Municipal,89.6,90.3,81.7,97.6,97.6,85.2,88.8,83.1,78.6,81.4,82.5,87.8,--,--,--,--,--,--,9,8.7,13.2,1.1,1.7,13.8,10.2,15.7,17,13.2,11.4,7.4,--,--,--,--,--,--,1.4,1,5.1,1.3,0.7,1,1,1.2,4.4,5.4,6.1,4.8,--,--,--,--,--,--
2022,Amapá,Urbana,Municipal,90.5,91.2,81.8,97.6,97.8,86,90.3,85.1,78.6,81.6,83.3,87.4,--,--,--,--,--,--,8.2,7.7,13.4,1,1.6,12.9,8.7,13.6,16.9,13,11.7,8.4,--,--,--,--,--,--,1.3,1.1,4.8,1.4,0.6,1.1,1,1.3,4.5,5.4,5,4.2,--,--,--,--,--,--
2022,Amapá,Rural,Municipal,86.4,86.7,81,97.2,96.8,82,83.1,75.5,79.1,79.6,77.3,90.4,--,--,--,--,--,--,12.3,12.3,12,1.2,2.1,17.2,15.9,23.5,17.6,15,9.3,1.2,--,--,--,--,--,--,1.3,1,7,1.6,1.1,0.8,1,1,3.3,5.4,13.4,8.4,--,--,--,--,--,--
2022,Amapá,Total,Privada,99.5,99.5,99.5,99.7,99.6,99.3,99.5,99.4,99.6,99.7,99.3,99.5,98.9,99.2,98.5,99.4,--,88.6,0.3,0.4,0.3,0.1,0,0.7,0.4,0.6,0.3,0.3,0.3,0.4,0.4,0.5,0.7,0,--,0,0.2,0.1,0.2,0.2,0.4,0,0.1,0,0.1,0,0.4,0.1,0.7,0.3,0.8,0.6,--,11.4
2022,Amapá,Urbana,Privada,99.6,99.5,99.7,99.7,99.6,99.3,99.5,99.4,99.8,99.7,99.8,99.6,99.5,99.5,99.2,99.9,--,--,0.3,0.4,0.3,0.1,0,0.7,0.4,0.6,0.2,0.3,0.2,0.4,0.5,0.5,0.8,0,--,--,0.1,0.1,0,0.2,0.4,0,0.1,0,0,0,0,0,0,0,0,0.1,--,--
2022,Amapá,Rural,Privada,91.7,--,91.7,--,--,--,--,--,92.3,100,86.4,93.3,90.1,93.6,83.8,92.5,--,88.6,1.7,--,1.7,--,--,--,--,--,3.8,0,2.3,0,0,0,0,0,--,0,6.6,--,6.6,--,--,--,--,--,3.9,0,11.3,6.7,9.9,6.4,16.2,7.5,--,11.4
2022,Amapá,Total,Pública,87.7,89.6,85.2,97.9,97.9,84.6,86.1,83.2,83.7,85.1,85.5,87.3,80.3,77.5,82.1,82.2,--,--,10.4,9.3,11.8,0.9,1.3,14.4,12.7,15.3,13.9,12,11.2,9.5,12.5,15.3,10.6,10.5,--,--,1.9,1.1,3,1.2,0.8,1,1.2,1.5,2.4,2.9,3.3,3.2,7.2,7.2,7.3,7.3,--,--
2022,Amapá,Urbana,Pública,88.5,90.9,85.5,98,98.1,85.3,88.9,85.6,84.1,85.2,85.8,87.5,80.7,77.8,83,82.2,--,--,9.8,8,12,0.8,1.2,13.7,10.1,13,13.8,12.3,11.3,9.9,13,15.8,11,11.1,--,--,1.7,1.1,2.5,1.2,0.7,1,1,1.4,2.1,2.5,2.9,2.6,6.3,6.4,6,6.7,--,--
2022,Amapá,Rural,Pública,85.2,85.9,84.1,97.6,97.2,82.8,78.7,76.8,82,84.4,84.4,86.5,77.9,76,76.7,82.1,--,--,12.3,12.9,11.4,1.2,1.7,16.3,19.9,21.5,14.6,11,10.7,7.9,9.7,12.3,8.6,7.2,--,--,2.5,1.2,4.5,1.2,1.1,0.9,1.4,1.7,3.4,4.6,4.9,5.6,12.4,11.7,14.7,10.7,--,--
2022,Tocantins,Total,Total,95.9,96.9,94.7,99.6,99.2,95.5,95.2,95.2,94.6,95,94.3,95,92.2,91,91.7,94.1,--,--,3.6,2.9,4.2,0.2,0.7,4.3,4.6,4.5,4.8,4.3,4.4,3.4,4.3,5.6,4.4,2.5,--,--,0.5,0.2,1.1,0.2,0.1,0.2,0.2,0.3,0.6,0.7,1.3,1.6,3.5,3.4,3.9,3.4,--,--
2022,Tocantins,Urbana,Total,96.2,97.2,95.2,99.7,99.3,95.8,95.6,96,95.1,95.5,94.7,95.5,92.4,91.3,91.9,94.3,--,--,3.3,2.7,4,0.2,0.7,4.1,4.3,3.9,4.4,3.9,4.3,3.2,4.2,5.4,4.4,2.4,--,--,0.5,0.1,0.8,0.1,0,0.1,0.1,0.1,0.5,0.6,1,1.3,3.4,3.3,3.7,3.3,--,--
2022,Tocantins,Rural,Total,93.2,94.8,91.2,99.2,99,93.5,92.4,90.9,90.8,91.1,91.4,91.8,89.9,88.5,89.8,91.7,--,--,5.3,4.5,6.2,0.3,0.7,5.6,6.8,8.4,7.6,7.3,5.2,4.6,5.6,7.4,4.9,3.9,--,--,1.5,0.7,2.6,0.5,0.3,0.9,0.8,0.7,1.6,1.6,3.4,3.6,4.5,4.1,5.3,4.4,--,--
2022,Tocantins,Total,Federal,--,--,--,--,--,--,--,--,--,--,--,--,90.1,85.7,91,95.6,--,--,--,--,--,--,--,--,--,--,--,--,--,--,9.7,14.2,8.7,4.4,--,--,--,--,--,--,--,--,--,--,--,--,--,--,0.2,0.1,0.3,0,--,--
2022,Tocantins,Urbana,Federal,--,--,--,--,--,--,--,--,--,--,--,--,90.7,87.4,91.2,95.2,--,--,--,--,--,--,--,--,--,--,--,--,--,--,9.2,12.4,8.8,4.8,--,--,--,--,--,--,--,--,--,--,--,--,--,--,0.1,0.2,0,0,--,--
2022,Tocantins,Rural,Federal,--,--,--,--,--,--,--,--,--,--,--,--,88.5,81,90.6,96.7,--,--,--,--,--,--,--,--,--,--,--,--,--,--,11.1,19,8.1,3.3,--,--,--,--,--,--,--,--,--,--,--,--,--,--,0.4,0,1.3,0,--,--
2022,Tocantins,Total,Estadual,94.7,93.9,94.8,97,97.6,91.3,93.5,93.1,95.6,95.4,94.1,94.3,91.9,91,91.4,93.7,--,--,4,4.8,4,1.6,1.4,6.6,5.1,5.9,3.7,3.8,4.4,3.9,4.1,5.2,4.3,2.5,--,--,1.3,1.3,1.2,1.4,1,2.1,1.4,1,0.7,0.8,1.5,1.8,4,3.8,4.3,3.8,--,--
2022,Tocantins,Urbana,Estadual,95.3,97.1,95.2,100,97.9,95.3,97.4,97.3,95.8,95.8,94.5,94.9,92.1,91.1,91.6,93.9,--,--,3.8,2.7,3.8,0,2.1,4.7,2.6,2.4,3.7,3.6,4.3,3.7,4.1,5.2,4.3,2.4,--,--,0.9,0.2,1,0,0,0,0,0.3,0.5,0.6,1.2,1.4,3.8,3.7,4.1,3.7,--,--
2022,Tocantins,Rural,Estadual,90.5,90.1,90.7,96.5,97.5,87.2,87.2,83.8,93.2,91.3,90.4,88.4,89.7,89.6,89,90.5,--,--,6,7.2,5.3,1.8,1.1,8.5,9.2,13.5,4.2,6.3,4.5,6.3,4.8,5.4,4.7,4.2,--,--,3.5,2.7,4,1.7,1.4,4.3,3.6,2.7,2.6,2.4,5.1,5.3,5.5,5,6.3,5.3,--,--
2022,Tocantins,Total,Municipal,96,96.8,93.7,99.7,99.3,95.2,94.8,95.1,92,93.5,93.8,96.3,--,--,--,--,--,--,3.7,3.1,5.3,0.2,0.7,4.7,5.1,4.8,7.4,5.8,5,2.1,--,--,--,--,--,--,0.3,0.1,1,0.1,0,0.1,0.1,0.1,0.6,0.7,1.2,1.6,--,--,--,--,--,--
2022,Tocantins,Urbana,Municipal,96.3,96.9,94.4,99.7,99.3,95.3,95,95.5,92.9,94.3,94.4,96.7,--,--,--,--,--,--,3.4,3,4.8,0.2,0.7,4.6,4.9,4.4,6.7,5.1,4.6,1.8,--,--,--,--,--,--,0.3,0.1,0.8,0.1,0,0.1,0.1,0.1,0.4,0.6,1,1.5,--,--,--,--,--,--
2022,Tocantins,Rural,Municipal,94.3,95.8,91.3,99.7,99.3,94.7,93.2,92.6,88.9,90.5,92,95,--,--,--,--,--,--,5.1,4,7.2,0,0.7,5.1,6.6,7.2,10.1,8.4,6,3,--,--,--,--,--,--,0.6,0.2,1.5,0.3,0,0.2,0.2,0.2,1,1.1,2,2,--,--,--,--,--,--
2022,Tocantins,Total,Privada,98.7,99.4,97.7,99.6,99.5,99.5,99.4,99,98,97.5,97.8,97.3,96.7,95.3,96.8,98.1,--,--,1.2,0.5,2.3,0.2,0.5,0.4,0.5,1,1.9,2.5,2.2,2.6,2.9,4.4,3.1,1.1,--,--,0.1,0.1,0,0.2,0,0.1,0.1,0,0.1,0,0,0.1,0.4,0.3,0.1,0.8,--,--
2022,Tocantins,Urbana,Privada,98.7,99.4,97.6,99.6,99.5,99.5,99.4,99,98,97.4,97.7,97.2,96.6,95.4,96.6,98,--,--,1.2,0.5,2.3,0.2,0.5,0.4,0.5,1,1.9,2.6,2.3,2.6,2.9,4.3,3.3,1.2,--,--,0.1,0.1,0.1,0.2,0,0.1,0.1,0,0.1,0,0,0.2,0.5,0.3,0.1,0.8,--,--
2022,Tocantins,Rural,Privada,99.5,99.7,99.3,100,100,100,100,98.7,98.6,100,100,98.6,98.2,94.6,100,100,--,--,0.5,0.3,0.7,0,0,0,0,1.3,1.4,0,0,1.4,1.8,5.4,0,0,--,--,0,0,0,0,0,0,0,0,0,0,0,0,0,0,0,0,--,--
2022,Tocantins,Total,Pública,95.5,96.6,94.5,99.6,99.2,95,94.7,94.8,94.3,94.8,94,94.8,91.8,90.8,91.4,93.8,--,--,3.8,3.2,4.4,0.2,0.7,4.8,5.1,4.9,5,4.4,4.5,3.4,4.4,5.6,4.5,2.6,--,--,0.7,0.2,1.1,0.2,0.1,0.2,0.2,0.3,0.7,0.8,1.5,1.8,3.8,3.6,4.1,3.6,--,--
2022,Tocantins,Urbana,Pública,95.9,96.9,95,99.7,99.2,95.3,95.1,95.6,94.8,95.3,94.5,95.3,92.1,91,91.5,94,--,--,3.6,3,4.1,0.2,0.8,4.6,4.8,4.2,4.7,4,4.4,3.2,4.2,5.5,4.4,2.5,--,--,0.5,0.1,0.9,0.1,0,0.1,0.1,0.2,0.5,0.7,1.1,1.5,3.7,3.5,4.1,3.5,--,--
2022,Tocantins,Rural,Pública,93.1,94.7,91.1,99.2,99,93.3,92.3,90.7,90.6,90.9,91.2,91.6,89.5,88.3,89.3,91.3,--,--,5.4,4.6,6.3,0.3,0.7,5.7,7,8.5,7.7,7.4,5.3,4.7,5.8,7.5,5.2,4.1,--,--,1.5,0.7,2.6,0.5,0.3,1,0.7,0.8,1.7,1.7,3.5,3.7,4.7,4.2,5.5,4.6,--,--
2022,Maranhão,Total,Total,93.9,96.3,91.2,99,98.9,96.1,94.6,93.4,90.9,90.8,90.1,93,90.6,89.4,91.1,91.8,80.3,76.9,4.4,2.9,6.1,0.3,0.5,3.2,4.6,5.6,7.3,6.7,6.6,3.6,4.6,5.5,4.3,3.8,0.4,1.1,1.7,0.8,2.7,0.7,0.6,0.7,0.8,1,1.8,2.5,3.3,3.4,4.8,5.1,4.6,4.4,19.3,22
2022,Maranhão,Urbana,Total,94.3,96.6,91.7,99.1,99,96,94.9,94.3,91.5,91.1,90.5,93.7,91.3,90.3,91.7,92.5,71.8,82.6,4.2,2.7,5.9,0.3,0.5,3.3,4.4,4.8,6.8,6.6,6.6,3.6,4.4,5.3,4,3.6,0.6,1.9,1.5,0.7,2.4,0.6,0.5,0.7,0.7,0.9,1.7,2.3,2.9,2.7,4.3,4.4,4.3,3.9,27.6,15.5
2022,Maranhão,Rural,Total,93.4,95.9,90.2,98.9,98.7,96.3,94.2,91.9,89.7,90.2,89.2,91.7,86.4,85.2,87.4,87.5,97.4,70,4.6,3.3,6.4,0.4,0.6,3,4.9,6.9,8.2,6.8,6.6,3.6,5.9,6.7,5.5,5.1,0,0,2,0.8,3.4,0.7,0.7,0.7,0.9,1.2,2.1,3,4.2,4.7,7.7,8.1,7.1,7.4,2.6,30
2022,Maranhão,Total,Federal,96.1,95.2,96.5,100,100,85.7,100,94.1,96.4,95.9,97.4,96.2,85.9,84.3,86.1,88.4,--,74.2,3.7,4.1,3.5,0,0,14.3,0,4.7,3.6,4.1,2.6,3.8,11.5,13.3,11.9,9.2,--,1.9,0.2,0.7,0,0,0,0,0,1.2,0,0,0,0,2.6,2.4,2,2.4,--,23.9
2022,Maranhão,Urbana,Federal,95,92.6,95.6,--,--,--,--,92.6,95.5,95,96.6,95.5,85.9,84.7,85.6,87.4,--,90.7,4.7,5.9,4.4,--,--,--,--,5.9,4.5,5,3.4,4.5,12.3,13.9,12.6,10.3,--,9.3,0.3,1.5,0,--,--,--,--,1.5,0,0,0,0,1.8,1.4,1.8,2.3,--,0
2022,Maranhão,Rural,Federal,98.6,97.5,100,100,100,85.7,100,100,100,100,100,100,85.9,83.4,87.8,93,--,70,1.4,2.5,0,0,0,14.3,0,0,0,0,0,0,8.5,11.7,9.1,4.2,--,0,0,0,0,0,0,0,0,0,0,0,0,0,5.6,4.9,3.1,2.8,--,30
2022,Maranhão,Total,Estadual,89.9,83.3,92.4,92.3,90.9,85.1,80.9,73.4,91.3,92.7,92.9,92.4,90.5,89.3,91,91.5,--,--,6.5,11.5,4.7,3.7,5.1,10.6,13.6,19.6,5.1,4.6,4.2,4.9,4.5,5.3,4.1,3.7,--,--,3.6,5.2,2.9,4,4,4.3,5.5,7,3.6,2.7,2.9,2.7,5,5.4,4.9,4.8,--,--
2022,Maranhão,Urbana,Estadual,96.4,97.1,96.4,98.6,100,100,97,90.7,97,96.8,96.4,95.8,91.2,90.1,91.5,92.3,--,--,2.6,1.5,2.6,0,0,0,3,5.1,1.9,2.3,2.2,3.4,4.2,5.1,3.9,3.5,--,--,1,1.4,1,1.4,0,0,0,4.2,1.1,0.9,1.4,0.8,4.6,4.8,4.6,4.2,--,--
2022,Maranhão,Rural,Estadual,82.7,82.1,83.4,91.2,90.2,83.7,80.5,72.1,83.1,84.7,84.4,81.6,86.2,84.6,87.6,87,--,--,11,12.4,9.4,4.3,5.4,11.7,13.9,20.7,9.5,9.3,8.9,9.9,6,6.9,5.3,5.4,--,--,6.3,5.5,7.2,4.5,4.4,4.6,5.6,7.2,7.4,6,6.7,8.5,7.8,8.5,7.1,7.6,--,--
2022,Maranhão,Total,Municipal,93.4,96,90.4,99,98.9,95.8,94.1,92.9,90.1,90,89.2,92.5,92.6,93.2,95,98.4,71.2,--,4.8,3.2,6.6,0.3,0.5,3.5,5.1,6,7.9,7.3,7.2,3.7,1.1,1.3,0.7,0,0,--,1.8,0.8,3,0.7,0.6,0.7,0.8,1.1,2,2.7,3.6,3.8,6.3,5.5,4.3,1.6,28.8,--
2022,Maranhão,Urbana,Municipal,93.2,95.9,90.5,98.9,98.9,95.2,93.8,93.2,90.2,89.8,89.1,92.8,84.7,88.5,93.3,100,40,--,5,3.3,6.7,0.3,0.5,4,5.3,5.7,7.8,7.6,7.5,3.9,0,0,0,0,0,--,1.8,0.8,2.8,0.8,0.6,0.8,0.9,1.1,2,2.6,3.4,3.3,15.3,11.5,6.7,0,60,--
2022,Maranhão,Rural,Municipal,93.6,96.2,90.3,99,99,96.6,94.6,92.4,89.8,90.3,89.3,92,95,94.4,96.3,97.8,100,--,4.5,3.1,6.3,0.3,0.5,2.8,4.7,6.5,8.2,6.8,6.5,3.4,1.4,1.6,1.2,0,0,--,1.9,0.7,3.4,0.7,0.5,0.6,0.7,1.1,2,2.9,4.2,4.6,3.6,4,2.5,2.2,0,--
2022,Maranhão,Total,Privada,98.9,99.3,98.1,99.6,99.5,99.1,99.1,99.2,98,98,98.1,98.4,95.8,94.5,95.9,97.9,90.7,80.5,1,0.6,1.7,0.2,0.4,0.8,0.8,0.8,1.8,1.9,1.8,1.4,2.2,3.4,2.1,0.9,0.9,0,0.1,0.1,0.2,0.2,0.1,0.1,0.1,0,0.2,0.1,0.1,0.2,2,2.1,2,1.2,8.4,19.5
2022,Maranhão,Urbana,Privada,98.9,99.3,98.2,99.6,99.5,99.2,99.1,99.2,98.1,98,98.2,98.4,97.3,96.5,97.5,98.7,91.7,80.5,1,0.6,1.7,0.2,0.4,0.8,0.8,0.8,1.8,1.9,1.7,1.4,1.9,3.3,1.7,0.8,1,0,0.1,0.1,0.1,0.2,0.1,0,0.1,0,0.1,0.1,0.1,0.2,0.8,0.2,0.8,0.5,7.3,19.5
2022,Maranhão,Rural,Privada,98.4,99.2,96.7,99.7,99.3,98.4,99.2,99.2,95.9,97.3,96.5,97.3,82.5,80.4,81.5,87.8,83.3,--,1.1,0.4,2.5,0,0.2,0.9,0.8,0.3,3.6,2.5,3.1,0.8,4.2,4.6,5.7,1.4,0,--,0.5,0.4,0.8,0.3,0.5,0.7,0,0.5,0.5,0.2,0.4,1.9,13.3,15,12.8,10.8,16.7,--
2022,Maranhão,Total,Pública,93.3,95.8,90.5,98.9,98.8,95.7,93.9,92.6,90.1,90.1,89.3,92.5,90.3,89.2,90.8,91.4,71.2,74.2,4.8,3.3,6.5,0.3,0.6,3.6,5.2,6.2,7.9,7.2,7,3.8,4.8,5.6,4.4,4,0,1.9,1.9,0.9,3,0.8,0.6,0.7,0.9,1.2,2,2.7,3.7,3.7,4.9,5.2,4.8,4.6,28.8,23.9
2022,Maranhão,Urbana,Pública,93.3,95.9,90.7,98.9,98.9,95.2,93.8,93.2,90.4,90,89.4,93,91,89.9,91.3,92.1,40,90.7,4.9,3.3,6.6,0.3,0.5,4,5.3,5.7,7.6,7.4,7.3,3.9,4.5,5.4,4.2,3.8,0,9.3,1.8,0.8,2.7,0.8,0.6,0.8,0.9,1.1,2,2.6,3.3,3.1,4.5,4.7,4.5,4.1,60,0
2022,Maranhão,Rural,Pública,93.3,95.8,90.1,98.8,98.7,96.2,94.1,91.8,89.6,90.1,89.1,91.7,86.6,85.4,87.7,87.5,100,70,4.7,3.3,6.4,0.4,0.6,3,5,7,8.2,6.9,6.6,3.6,5.9,6.8,5.5,5.2,0,0,2,0.9,3.5,0.8,0.7,0.8,0.9,1.2,2.2,3,4.3,4.7,7.5,7.8,6.8,7.3,0,30
2022,Piauí,Total,Total,93.8,95.4,92,98.9,98.4,94.4,92.8,92.7,90.7,91.3,91.2,94.8,90.5,91.3,90.5,89.4,97.2,92.3,4.9,4,5.9,0.7,1.3,5.1,6.3,6.4,7.8,6.7,6.3,2.6,1.7,2,1.8,1.3,1.7,4.1,1.3,0.6,2.1,0.4,0.3,0.5,0.9,0.9,1.5,2,2.5,2.6,7.8,6.7,7.7,9.3,1.1,3.6
2022,Piauí,Urbana,Total,94.3,95.8,92.6,98.8,98.3,94.6,93.4,93.8,91.7,92,91.8,95.1,90.8,91.6,90.9,89.8,97.2,92.1,4.5,3.6,5.5,0.6,1.3,4.9,5.7,5.4,6.9,6.2,6,2.6,1.7,2,1.8,1.2,1.7,4.2,1.2,0.6,1.9,0.6,0.4,0.5,0.9,0.8,1.4,1.8,2.2,2.3,7.5,6.4,7.3,9,1.1,3.7
2022,Piauí,Rural,Total,92.4,94.3,89.8,99,98.6,93.9,91.1,89.7,87.8,89,89.2,93.7,84.9,87.5,83.8,82.3,--,98.6,6.1,5.1,7.3,0.7,1.1,5.8,8.1,9.4,10.5,8.2,7.4,2.6,2.1,1.5,2.5,2.4,--,0,1.5,0.6,2.9,0.3,0.3,0.3,0.8,0.9,1.7,2.8,3.4,3.7,13,11,13.7,15.3,--,1.4
2022,Piauí,Total,Federal,--,--,--,--,--,--,--,--,--,--,--,--,92.6,89.8,91.7,93,97.2,95.3,--,--,--,--,--,--,--,--,--,--,--,--,6.4,8.5,7.2,6.2,1.7,4.2,--,--,--,--,--,--,--,--,--,--,--,--,1,1.7,1.1,0.8,1.1,0.5
2022,Piauí,Urbana,Federal,--,--,--,--,--,--,--,--,--,--,--,--,93,89.2,92.1,93.9,97.2,95.3,--,--,--,--,--,--,--,--,--,--,--,--,6,8.9,6.8,5.3,1.7,4.2,--,--,--,--,--,--,--,--,--,--,--,--,1,1.9,1.1,0.8,1.1,0.5
2022,Piauí,Rural,Federal,--,--,--,--,--,--,--,--,--,--,--,--,89.2,92.3,88.3,85.6,--,--,--,--,--,--,--,--,--,--,--,--,--,--,10.2,7,10.7,14.4,--,--,--,--,--,--,--,--,--,--,--,--,--,--,0.6,0.7,1,0,--,--
2022,Piauí,Total,Estadual,95.4,99.2,95.2,100,100,100,99,98.7,96.1,95.9,94.7,94.7,89.6,91.1,89.7,87.8,--,35.6,1.2,0,1.3,0,0,0,0,0,1.1,1.2,1.8,1.1,1.2,1.3,1.3,1.1,--,5.6,3.4,0.8,3.5,0,0,0,1,1.3,2.8,2.9,3.5,4.2,9.2,7.6,9,11.1,--,58.8
2022,Piauí,Urbana,Estadual,95.5,99.2,95.3,100,100,100,99,98.7,96.1,96,94.7,94.8,90,91.4,90.1,88.2,--,35.6,1.2,0,1.3,0,0,0,0,0,1.1,1.2,1.7,1.1,1.2,1.4,1.2,1.1,--,5.6,3.3,0.8,3.4,0,0,0,1,1.3,2.8,2.8,3.6,4.1,8.8,7.2,8.7,10.7,--,58.8
2022,Piauí,Rural,Estadual,88.8,--,88.8,--,--,--,--,--,93.3,93.3,87.3,85.9,84.3,87,83.4,82,--,--,1.6,--,1.6,--,--,--,--,--,0,0,4.8,0,1.3,0.9,1.8,1.3,--,--,9.6,--,9.6,--,--,--,--,--,6.7,6.7,7.9,14.1,14.4,12.1,14.8,16.7,--,--
2022,Piauí,Total,Municipal,92.9,94.7,90.6,98.8,98.2,93.5,91.7,91.6,89,89.6,89.7,94.5,--,--,--,--,--,--,5.7,4.6,7.2,0.6,1.4,5.9,7.4,7.4,9.5,8.2,7.6,2.9,--,--,--,--,--,--,1.4,0.7,2.2,0.6,0.4,0.6,0.9,1,1.5,2.2,2.7,2.6,--,--,--,--,--,--
2022,Piauí,Urbana,Municipal,93.1,94.8,90.9,98.8,98,93.3,91.9,92.5,89.5,89.9,89.9,94.8,--,--,--,--,--,--,5.6,4.4,7.2,0.6,1.5,6,7.1,6.5,9,8.2,7.7,3,--,--,--,--,--,--,1.3,0.8,1.9,0.6,0.5,0.7,1,1,1.5,1.9,2.4,2.2,--,--,--,--,--,--
2022,Piauí,Rural,Municipal,92.4,94.3,89.8,99,98.6,93.9,91.1,89.7,87.7,88.9,89.2,93.8,--,--,--,--,--,--,6.1,5.1,7.3,0.7,1.1,5.8,8.1,9.4,10.5,8.3,7.4,2.6,--,--,--,--,--,--,1.5,0.6,2.9,0.3,0.3,0.3,0.8,0.9,1.8,2.8,3.4,3.6,--,--,--,--,--,--
2022,Piauí,Total,Privada,98.2,99.1,97,99.1,99.4,99.1,98.9,98.9,97.6,97.5,96.4,96.4,96.5,94,96.5,99.3,--,90.7,1.6,0.8,2.8,0.8,0.6,0.8,1,1,2.3,2.3,3.4,3.3,3.1,5.5,3.4,0.4,--,2.2,0.2,0.1,0.2,0.1,0,0.1,0.1,0.1,0.1,0.2,0.2,0.3,0.4,0.5,0.1,0.3,--,7.1
2022,Piauí,Urbana,Privada,98.2,99.1,97,99.1,99.4,99.1,98.9,98.9,97.6,97.5,96.5,96.4,96.5,94,96.5,99.3,--,87.1,1.6,0.8,2.8,0.8,0.6,0.8,1,1,2.3,2.3,3.4,3.3,3.1,5.5,3.4,0.4,--,3.2,0.2,0.1,0.2,0.1,0,0.1,0.1,0.1,0.1,0.2,0.1,0.3,0.4,0.5,0.1,0.3,--,9.7
2022,Piauí,Rural,Privada,94.8,--,94.8,--,--,--,--,--,92.3,100,87,100,98.6,--,--,--,--,98.6,4.2,--,4.2,--,--,--,--,--,7.7,0,8.7,0,0,--,--,--,--,0,1,--,1,--,--,--,--,--,0,0,4.3,0,1.4,--,--,--,--,1.4
2022,Piauí,Total,Pública,93.1,94.7,91.2,98.8,98.2,93.5,91.7,91.7,89.7,90.5,90.5,94.5,89.8,91.1,89.8,88.1,97.2,92.5,5.4,4.6,6.3,0.6,1.4,5.9,7.3,7.3,8.6,7.3,6.7,2.5,1.6,1.6,1.6,1.4,1.7,4.3,1.5,0.7,2.5,0.6,0.4,0.6,1,1,1.7,2.2,2.8,3,8.6,7.3,8.6,10.5,1.1,3.2
2022,Piauí,Urbana,Pública,93.4,94.9,91.7,98.8,98,93.4,92,92.6,90.5,91,90.9,94.8,90.1,91.3,90.2,88.5,97.2,92.5,5.2,4.4,6,0.6,1.5,6,7,6.4,7.9,7,6.5,2.5,1.5,1.6,1.6,1.3,1.7,4.3,1.4,0.7,2.3,0.6,0.5,0.6,1,1,1.6,2,2.6,2.7,8.4,7.1,8.2,10.2,1.1,3.2
2022,Piauí,Rural,Pública,92.4,94.3,89.8,99,98.6,93.9,91.1,89.7,87.7,89,89.2,93.7,84.7,87.5,83.8,82.3,--,--,6.1,5.1,7.3,0.7,1.1,5.8,8.1,9.4,10.5,8.2,7.4,2.6,2.1,1.5,2.5,2.4,--,--,1.5,0.6,2.9,0.3,0.3,0.3,0.8,0.9,1.8,2.8,3.4,3.7,13.2,11,13.7,15.3,--,--
2022,Ceará,Total,Total,99.1,99.5,98.5,99.7,99.8,99.5,99.1,99.5,98.5,98.5,97.9,99,96.4,96.1,96.1,97.9,85.5,71.5,0.6,0.3,0.9,0.1,0.1,0.4,0.7,0.4,1,0.9,1.2,0.4,0.7,0.8,0.6,0.3,8.7,7.6,0.3,0.2,0.6,0.2,0.1,0.1,0.2,0.1,0.5,0.6,0.9,0.6,2.9,3.1,3.3,1.8,5.8,20.9
2022,Ceará,Urbana,Total,99,99.5,98.4,99.6,99.8,99.4,99.1,99.5,98.5,98.4,97.8,99,96.3,96.1,96,97.9,85.5,71.2,0.6,0.3,0.9,0.1,0.1,0.4,0.7,0.4,1,1,1.3,0.5,0.7,0.7,0.6,0.3,8.7,7.4,0.4,0.2,0.7,0.3,0.1,0.2,0.2,0.1,0.5,0.6,0.9,0.5,3,3.2,3.4,1.8,5.8,21.4
2022,Ceará,Rural,Total,99.3,99.7,98.8,99.9,100,99.7,99.3,99.6,98.8,98.7,98.2,99.3,96.8,96.2,96.6,98.1,--,83.5,0.4,0.2,0.7,0,0,0.2,0.5,0.3,0.9,0.8,0.9,0.2,0.8,1.1,0.7,0.2,--,13.4,0.3,0.1,0.5,0.1,0,0.1,0.2,0.1,0.3,0.5,0.9,0.5,2.4,2.7,2.7,1.7,--,3.1
2022,Ceará,Total,Federal,95.4,--,95.4,--,--,--,--,--,100,95.9,94.8,92.4,80.1,81.9,80.8,83.3,83.6,72.6,4.4,--,4.4,--,--,--,--,--,0,3.3,5.2,7.6,17.2,16,17,13.7,9.8,24.6,0.2,--,0.2,--,--,--,--,--,0,0.8,0,0,2.7,2.1,2.2,3,6.6,2.8
2022,Ceará,Urbana,Federal,95.4,--,95.4,--,--,--,--,--,100,95.9,94.8,92.4,79.9,82.6,80.1,82.8,83.6,71.6,4.4,--,4.4,--,--,--,--,--,0,3.3,5.2,7.6,17.3,15.2,17.6,14.1,9.8,25.6,0.2,--,0.2,--,--,--,--,--,0,0.8,0,0,2.8,2.2,2.3,3.1,6.6,2.8
2022,Ceará,Rural,Federal,--,--,--,--,--,--,--,--,--,--,--,--,83,74.4,92.4,89.2,--,83.5,--,--,--,--,--,--,--,--,--,--,--,--,15.4,24.4,7.6,8.6,--,13.4,--,--,--,--,--,--,--,--,--,--,--,--,1.6,1.2,0,2.2,--,3.1
2022,Ceará,Total,Estadual,97.9,99.3,97.5,99.8,100,99.5,99.3,98,98.1,98.3,97.4,97,96.7,96.2,96.1,98,100,100,0.5,0.5,0.5,0,0,0.3,0.3,1.7,0.7,0.3,0.6,0.5,0.2,0.3,0.3,0.1,0,0,1.6,0.2,2,0.2,0,0.2,0.4,0.3,1.2,1.4,2,2.5,3.1,3.5,3.6,1.9,0,0
2022,Ceará,Urbana,Estadual,98,99.7,97.7,99.5,100,99.6,100,99.3,97.8,99,97.9,97.1,96.7,96.2,96.1,98,100,100,0.3,0.1,0.3,0,0,0,0,0.7,0.6,0,0.3,0.4,0.2,0.3,0.3,0.1,0,0,1.7,0.2,2,0.5,0,0.4,0,0,1.6,1,1.8,2.5,3.1,3.5,3.6,1.9,0,0
2022,Ceará,Rural,Estadual,97.7,99,96.2,100,100,99.4,98.7,96.8,98.7,95.8,94.8,95.5,97.1,96.7,96.6,98.2,--,--,1.1,0.8,1.5,0,0,0.6,0.7,2.5,0.8,1.5,2.1,1.6,0.5,0.6,0.6,0.1,--,--,1.2,0.2,2.3,0,0,0,0.6,0.7,0.5,2.7,3.1,2.9,2.4,2.7,2.8,1.7,--,--
2022,Ceará,Total,Municipal,99,99.6,98.5,99.8,99.9,99.5,99,99.6,98.5,98.4,97.7,99.2,--,--,--,--,--,--,0.5,0.3,0.8,0,0,0.3,0.8,0.3,1,0.9,1.2,0.3,--,--,--,--,--,--,0.5,0.1,0.7,0.2,0.1,0.2,0.2,0.1,0.5,0.7,1.1,0.5,--,--,--,--,--,--
2022,Ceará,Urbana,Municipal,99,99.5,98.4,99.8,99.9,99.4,98.9,99.6,98.4,98.3,97.6,99.1,--,--,--,--,--,--,0.6,0.3,0.9,0,0,0.4,0.8,0.3,1,1,1.3,0.3,--,--,--,--,--,--,0.4,0.2,0.7,0.2,0.1,0.2,0.3,0.1,0.6,0.7,1.1,0.6,--,--,--,--,--,--
2022,Ceará,Rural,Municipal,99.3,99.7,98.8,99.9,100,99.7,99.3,99.6,98.8,98.8,98.2,99.4,--,--,--,--,--,--,0.4,0.2,0.7,0,0,0.2,0.5,0.3,0.9,0.8,0.9,0.2,--,--,--,--,--,--,0.3,0.1,0.5,0.1,0,0.1,0.2,0.1,0.3,0.4,0.9,0.4,--,--,--,--,--,--
2022,Ceará,Total,Privada,99.2,99.4,98.8,99.3,99.6,99.5,99.5,99.3,98.8,98.9,98.7,98.5,95.6,96.8,97.9,99.4,--,70.3,0.7,0.4,1.1,0.4,0.3,0.4,0.4,0.6,1,1,1.1,1.4,1.7,2.9,1.9,0.6,--,0,0.1,0.2,0.1,0.3,0.1,0.1,0.1,0.1,0.2,0.1,0.2,0.1,2.7,0.3,0.2,0,--,29.7
2022,Ceará,Urbana,Privada,99.2,99.4,98.8,99.3,99.6,99.5,99.5,99.3,98.8,98.9,98.7,98.5,95.6,96.8,97.9,99.4,--,70.3,0.7,0.4,1.1,0.4,0.3,0.4,0.4,0.6,1,1,1.1,1.4,1.7,3,1.9,0.6,--,0,0.1,0.2,0.1,0.3,0.1,0.1,0.1,0.1,0.2,0.1,0.2,0.1,2.7,0.2,0.2,0,--,29.7
2022,Ceará,Rural,Privada,99.6,99.7,99,100,100,100,100,98,97.1,100,100,100,100,100,100,100,--,--,0.4,0.3,1,0,0,0,0,2,2.9,0,0,0,0,0,0,0,--,--,0,0,0,0,0,0,0,0,0,0,0,0,0,0,0,0,--,--
2022,Ceará,Total,Pública,99,99.6,98.4,99.8,99.9,99.5,99.1,99.6,98.5,98.4,97.7,99.1,96.4,96,95.9,97.8,85.5,74,0.5,0.3,0.8,0,0,0.3,0.8,0.3,1,0.9,1.2,0.3,0.6,0.6,0.5,0.3,8.7,23.4,0.5,0.1,0.8,0.2,0.1,0.2,0.1,0.1,0.5,0.7,1.1,0.6,3,3.4,3.6,1.9,5.8,2.6
2022,Ceará,Urbana,Pública,98.9,99.5,98.3,99.8,99.9,99.4,99,99.6,98.4,98.3,97.6,99.1,96.4,96,95.8,97.8,85.5,73.2,0.6,0.3,0.9,0,0,0.4,0.8,0.3,1,1,1.3,0.3,0.5,0.5,0.5,0.3,8.7,24.2,0.5,0.2,0.8,0.2,0.1,0.2,0.2,0.1,0.6,0.7,1.1,0.6,3.1,3.5,3.7,1.9,5.8,2.6
2022,Ceará,Rural,Pública,99.3,99.7,98.8,99.9,100,99.7,99.3,99.6,98.8,98.7,98.2,99.3,96.8,96.2,96.6,98.1,--,83.5,0.4,0.2,0.7,0,0,0.2,0.5,0.3,0.9,0.8,0.9,0.2,0.8,1.1,0.7,0.2,--,13.4,0.3,0.1,0.5,0.1,0,0.1,0.2,0.1,0.3,0.5,0.9,0.5,2.4,2.7,2.7,1.7,--,3.1
2022,Rio Grande do Norte,Total,Total,86.9,93.1,79.6,98.8,98.6,95.8,86.6,86.5,76.3,76,79.9,87.4,76,71.3,76.3,80.7,93.5,77.3,11.1,6,17,0.4,0.8,3.4,12.4,12.2,21.1,20.3,16.4,9,13.9,17.7,13.1,10.8,5.8,0,2,0.9,3.4,0.8,0.6,0.8,1,1.3,2.6,3.7,3.7,3.6,10.1,11,10.6,8.5,0.7,22.7
2022,Rio Grande do Norte,Urbana,Total,87.1,93.6,80,98.8,98.7,96.2,87.4,87.9,76.9,76.4,80.3,87.4,76.1,71.4,76.4,80.7,93.8,77.3,10.9,5.5,16.6,0.4,0.7,3.1,11.7,10.8,20.6,20,16.1,9,14,17.9,13.2,10.9,5.7,0,2,0.9,3.4,0.8,0.6,0.7,0.9,1.3,2.5,3.6,3.6,3.6,9.9,10.7,10.4,8.4,0.5,22.7
2022,Rio Grande do Norte,Rural,Total,85.9,90.9,76.7,98.7,98.4,94.4,83.5,81.1,72.3,73.1,77,87.3,74.6,70.7,73,80.2,90.6,--,12.1,8.1,19.3,0.4,0.8,4.8,15.5,17.4,24.6,22.4,18.6,8.4,10.7,13.4,10.2,7.2,6.8,--,2,1,4,0.9,0.8,0.8,1,1.5,3.1,4.5,4.4,4.3,14.7,15.9,16.8,12.6,2.6,--
2022,Rio Grande do Norte,Total,Federal,100,100,--,100,100,100,100,100,--,--,--,--,90,88.4,89.4,89.1,93.5,--,0,0,--,0,0,0,0,0,--,--,--,--,8.7,10.6,9.2,8.6,5.8,--,0,0,--,0,0,0,0,0,--,--,--,--,1.3,1,1.4,2.3,0.7,--
2022,Rio Grande do Norte,Urbana,Federal,100,100,--,100,100,100,100,100,--,--,--,--,90.2,88.9,89.2,89.1,93.8,--,0,0,--,0,0,0,0,0,--,--,--,--,8.5,10,9.3,8.6,5.7,--,0,0,--,0,0,0,0,0,--,--,--,--,1.3,1.1,1.5,2.3,0.5,--
2022,Rio Grande do Norte,Rural,Federal,--,--,--,--,--,--,--,--,--,--,--,--,88.3,83.7,91.1,89.1,90.6,--,--,--,--,--,--,--,--,--,--,--,--,--,10.3,15.5,8.1,9.1,6.8,--,--,--,--,--,--,--,--,--,--,--,--,--,1.4,0.8,0.8,1.8,2.6,--
2022,Rio Grande do Norte,Total,Estadual,81.9,91.5,76.9,99.1,97.7,95.9,84.3,85.1,73.7,71,77.1,85,70.9,66.5,71.3,76.8,--,66.7,14.8,7.3,18.7,0.3,1.3,2.9,14.3,13.4,23.3,24.2,17.9,10.1,16.5,20.2,15.2,12.6,--,0,3.3,1.2,4.4,0.6,1,1.2,1.4,1.5,3,4.8,5,4.9,12.6,13.3,13.5,10.6,--,33.3
2022,Rio Grande do Norte,Urbana,Estadual,81.9,91.6,76.8,99.1,97.7,95.7,84.5,85.4,73.7,70.9,76.9,85,71,66.4,71.5,76.8,--,66.7,14.8,7.2,18.7,0.2,1.3,3,14.2,13.1,23.4,24.3,18.1,10.1,16.7,20.5,15.3,12.8,--,0,3.3,1.2,4.5,0.7,1,1.3,1.3,1.5,2.9,4.8,5,4.9,12.3,13.1,13.2,10.4,--,33.3
2022,Rio Grande do Norte,Rural,Estadual,81.9,90,77.6,98.6,97.8,98.5,81.6,81.4,73.6,73.1,80.1,84.3,69.8,67.8,66.6,76.9,--,--,14.6,9,17.5,1.4,0.7,1.5,16.9,17.2,22.1,23.2,14.7,9.5,10.8,12.9,11,6.6,--,--,3.5,1,4.9,0,1.5,0,1.5,1.4,4.3,3.7,5.2,6.2,19.4,19.3,22.4,16.5,--,--
2022,Rio Grande do Norte,Total,Municipal,84.2,91,74.9,98.6,98.6,94.6,82.7,82.6,70.5,71.1,75.6,84.9,--,--,--,--,--,--,13.5,7.9,21.1,0.4,0.7,4.4,16.2,15.7,26.2,24.4,20.2,10.8,--,--,--,--,--,--,2.3,1.1,4,1,0.7,1,1.1,1.7,3.3,4.5,4.2,4.3,--,--,--,--,--,--
2022,Rio Grande do Norte,Urbana,Municipal,83.6,91.1,74.6,98.6,98.7,94.8,82.4,83.4,70.2,70.6,75.4,84.3,--,--,--,--,--,--,14,7.7,21.4,0.3,0.6,4.2,16.4,14.9,26.4,24.9,20.4,11.4,--,--,--,--,--,--,2.4,1.2,4,1.1,0.7,1,1.2,1.7,3.4,4.5,4.2,4.3,--,--,--,--,--,--
2022,Rio Grande do Norte,Rural,Municipal,86,90.8,76.4,98.7,98.4,94.2,83.4,80.9,71.9,72.9,76.5,87.8,--,--,--,--,--,--,12,8.2,19.7,0.4,0.8,5,15.6,17.6,25.2,22.4,19.3,8.3,--,--,--,--,--,--,2,1,3.9,0.9,0.8,0.8,1,1.5,2.9,4.7,4.2,3.9,--,--,--,--,--,--
2022,Rio Grande do Norte,Total,Privada,98.3,99,97.3,99,99,98.8,99,98.9,97.1,97.3,97.3,97.5,95.3,95.7,96.5,97.9,--,77.4,1.5,0.9,2.6,0.7,0.7,1.1,0.9,1,2.7,2.6,2.6,2.3,2.9,4.2,3.2,1.8,--,0,0.2,0.1,0.1,0.3,0.3,0.1,0.1,0.1,0.2,0.1,0.1,0.2,1.8,0.1,0.3,0.3,--,22.6
2022,Rio Grande do Norte,Urbana,Privada,98.3,99,97.3,99,99,98.8,99,98.9,97.2,97.3,97.3,97.5,95.3,95.7,96.5,97.9,--,77.4,1.5,0.9,2.6,0.7,0.7,1.1,0.9,1,2.7,2.6,2.6,2.3,2.9,4.2,3.2,1.8,--,0,0.2,0.1,0.1,0.3,0.3,0.1,0.1,0.1,0.1,0.1,0.1,0.2,1.8,0.1,0.3,0.3,--,22.6
2022,Rio Grande do Norte,Rural,Privada,98,98.5,96.1,99.5,99.4,98.7,96.2,97.4,93.3,96.2,100,97.6,92.3,80,100,100,--,--,1.8,1.2,3.9,0.5,0,1.3,3.8,1.7,6.7,3.8,0,2.4,7.7,20,0,0,--,--,0.2,0.3,0,0,0.6,0,0,0.9,0,0,0,0,0,0,0,0,--,--
2022,Rio Grande do Norte,Total,Pública,83.6,91.1,75.6,98.7,98.5,94.8,83,83.1,71.5,71.1,76.1,85,73.1,68.3,73.1,78,93.5,66.7,13.8,7.8,20.3,0.3,0.8,4.2,15.9,15.3,25.3,24.4,19.4,10.6,15.6,19.4,14.6,12.2,5.8,0,2.6,1.1,4.1,1,0.7,1,1.1,1.6,3.2,4.5,4.5,4.4,11.3,12.3,12.3,9.8,0.7,33.3
2022,Rio Grande do Norte,Urbana,Pública,83.1,91.2,75.4,98.7,98.5,95,82.8,83.8,71.4,70.7,76,84.6,73,68.1,73.2,77.9,93.8,66.7,14.2,7.6,20.4,0.3,0.7,4,15.9,14.5,25.5,24.7,19.5,10.9,15.8,19.7,14.8,12.4,5.7,0,2.7,1.2,4.2,1,0.8,1,1.3,1.7,3.1,4.6,4.5,4.5,11.2,12.2,12,9.7,0.5,33.3
2022,Rio Grande do Norte,Rural,Pública,85.7,90.8,76.5,98.7,98.4,94.3,83.3,80.9,72.1,72.9,76.9,87.2,74.5,70.6,72.8,80,90.6,--,12.2,8.2,19.4,0.4,0.8,4.9,15.7,17.6,24.8,22.5,18.7,8.4,10.7,13.4,10.3,7.2,6.8,--,2.1,1,4.1,0.9,0.8,0.8,1,1.5,3.1,4.6,4.4,4.4,14.8,16,16.9,12.8,2.6,--
2022,Paraíba,Total,Total,92.2,95.7,88,98.6,98.1,95.1,93.9,93.2,88.7,87.7,86.1,89.8,84.5,83.9,84.1,85.5,94.6,100,5.6,3.4,8.1,0.6,1.3,4.1,5.3,5.6,8.5,8.8,9.1,5.6,6.1,7.4,6.4,4.2,3.6,0,2.2,0.9,3.9,0.8,0.6,0.8,0.8,1.2,2.8,3.5,4.8,4.6,9.4,8.7,9.5,10.3,1.8,0
2022,Paraíba,Urbana,Total,92,95.8,88,98.4,98.2,95.1,93.9,93.6,88.7,87.6,86,89.8,84.5,83.8,84,85.6,94.6,100,5.7,3.3,8.1,0.6,1.2,4.1,5.2,5.2,8.5,8.9,9.2,5.8,6.1,7.4,6.4,4.3,3.6,0,2.3,0.9,3.9,1,0.6,0.8,0.9,1.2,2.8,3.5,4.8,4.4,9.4,8.8,9.6,10.1,1.8,0
2022,Paraíba,Rural,Total,93.2,95.4,88.4,99.1,97.9,95.5,93.8,91.4,88.7,87.8,87,90.7,84.6,84,85.9,83.9,--,--,5,3.9,7.4,0.6,1.7,4,5.5,7.4,8.2,8.3,8.2,4.2,5.1,6.9,4.7,3.1,--,--,1.8,0.7,4.2,0.3,0.4,0.5,0.7,1.2,3.1,3.9,4.8,5.1,10.3,9.1,9.4,13,--,--
2022,Paraíba,Total,Federal,100,100,--,100,100,100,100,100,--,--,--,--,91.7,88.8,91,94.7,95.7,--,0,0,--,0,0,0,0,0,--,--,--,--,6.7,9.1,7.5,4.2,3,--,0,0,--,0,0,0,0,0,--,--,--,--,1.6,2.1,1.5,1.1,1.3,--
2022,Paraíba,Urbana,Federal,100,100,--,100,100,100,100,100,--,--,--,--,91.7,88.7,91,94.7,95.7,--,0,0,--,0,0,0,0,0,--,--,--,--,6.8,9.1,7.5,4.3,3,--,0,0,--,0,0,0,0,0,--,--,--,--,1.5,2.2,1.5,1,1.3,--
2022,Paraíba,Rural,Federal,--,--,--,--,--,--,--,--,--,--,--,--,91.7,90.9,92.3,91.9,--,--,--,--,--,--,--,--,--,--,--,--,--,--,5,9.1,5.1,0,--,--,--,--,--,--,--,--,--,--,--,--,--,--,3.3,0,2.6,8.1,--,--
2022,Paraíba,Total,Estadual,86.6,96.6,84,94.9,97.6,98.1,97,95.8,85.4,83.9,81.5,85.4,82.1,81.6,81.7,83.1,81.5,--,7.4,0.9,9.1,1.2,0.8,0.3,0.6,1.3,9.2,10.1,10.4,7,6.7,8,7,4.7,7.4,--,6,2.5,6.9,3.9,1.6,1.6,2.4,2.9,5.4,6,8.1,7.6,11.2,10.4,11.3,12.2,11.1,--
2022,Paraíba,Urbana,Estadual,86.4,96.7,83.7,94.6,97.8,98.2,97.4,95.8,85.1,83.5,81.3,85.3,82,81.5,81.5,83.1,81.5,--,7.5,0.8,9.2,1.2,0.6,0.2,0.4,1.3,9.3,10.6,10.5,7,6.7,8,7.1,4.8,7.4,--,6.1,2.5,7.1,4.2,1.6,1.6,2.2,2.9,5.6,5.9,8.2,7.7,11.3,10.5,11.4,12.1,11.1,--
2022,Paraíba,Rural,Estadual,88.3,95.6,86.3,97.1,95.7,97.1,94,95.1,87.6,87,84.3,86.7,84.2,83.6,85.6,83.6,--,--,6.3,1.6,7.7,1,2.2,0.5,2.5,1.6,8.2,6.6,9.3,6.5,5.2,7,4.8,3.2,--,--,5.4,2.8,6,1.9,2.1,2.4,3.5,3.3,4.2,6.4,6.4,6.8,10.6,9.4,9.6,13.2,--,--
2022,Paraíba,Total,Municipal,91.2,94.6,86.8,98.7,97.8,93.7,92.1,91.4,87,86.2,84.9,89.5,80.4,70.7,82.7,89.4,90,--,6.6,4.4,9.4,0.5,1.6,5.4,7,7.3,10.1,10.2,10.4,6.2,1.5,1.3,0,2.1,5,--,2.2,1,3.8,0.8,0.6,0.9,0.9,1.3,2.9,3.6,4.7,4.3,18.1,28,17.3,8.5,5,--
2022,Paraíba,Urbana,Municipal,90.6,94.3,86.5,98.5,97.7,93,91.4,91.4,86.6,85.9,84.4,89.2,62.9,37.1,55.6,83.3,90,--,7,4.6,9.7,0.4,1.5,5.9,7.5,7.2,10.4,10.4,10.8,6.6,3.1,2.9,0,4.2,5,--,2.4,1.1,3.8,1.1,0.8,1.1,1.1,1.4,3,3.7,4.8,4.2,34,60,44.4,12.5,5,--
2022,Paraíba,Rural,Municipal,93.6,95.4,88.9,99.2,98,95.4,93.8,91.3,88.9,88,87.6,91.8,97.9,100,97.1,95.7,--,--,4.9,4,7.3,0.6,1.6,4,5.6,7.6,8.2,8.6,7.9,3.6,0,0,0,0,--,--,1.5,0.6,3.8,0.2,0.4,0.6,0.6,1.1,2.9,3.4,4.5,4.6,2.1,0,2.9,4.3,--,--
2022,Paraíba,Total,Privada,98.8,99.1,98.3,98.7,99.2,99.3,99.2,99.3,98.4,98.2,98.2,98.4,97.7,97.3,97.2,98.6,75,100,1,0.6,1.5,0.7,0.6,0.6,0.6,0.6,1.5,1.6,1.6,1.4,1.7,2.3,1.9,0.8,25,0,0.2,0.3,0.2,0.6,0.2,0.1,0.2,0.1,0.1,0.2,0.2,0.2,0.6,0.4,0.9,0.6,0,0
2022,Paraíba,Urbana,Privada,98.8,99.1,98.3,98.7,99.2,99.3,99.2,99.3,98.4,98.2,98.2,98.4,97.7,97.3,97.2,98.6,75,100,0.9,0.6,1.5,0.7,0.6,0.6,0.6,0.6,1.5,1.6,1.6,1.4,1.7,2.3,1.9,0.8,25,0,0.3,0.3,0.2,0.6,0.2,0.1,0.2,0.1,0.1,0.2,0.2,0.2,0.6,0.4,0.9,0.6,0,0
2022,Paraíba,Rural,Privada,94,96,90.2,100,93.5,92.6,95.5,98.4,93.2,91.5,87.2,88.6,--,--,--,--,--,--,5.2,4,7.5,0,6.5,7.4,4.5,1.6,6.8,6.4,12.8,2.9,--,--,--,--,--,--,0.8,0,2.3,0,0,0,0,0,0,2.1,0,8.5,--,--,--,--,--,--
2022,Paraíba,Total,Pública,90.5,94.7,86.1,98.5,97.8,93.9,92.4,91.7,86.7,85.7,84,88.3,82.7,82,82.3,83.8,95,--,6.7,4.2,9.3,0.5,1.5,5.1,6.6,6.8,9.9,10.2,10.4,6.4,6.7,8,7,4.7,3.2,--,2.8,1.1,4.6,1,0.7,1,1,1.5,3.4,4.1,5.6,5.3,10.6,10,10.7,11.5,1.8,--
2022,Paraíba,Urbana,Pública,89.9,94.5,85.8,98.3,97.7,93.4,91.9,91.9,86.4,85.4,83.6,87.9,82.6,81.9,82.1,83.8,95,--,7.1,4.3,9.6,0.5,1.5,5.5,6.9,6.6,10.2,10.4,10.7,6.7,6.7,8.1,7.1,4.8,3.2,--,3,1.2,4.6,1.2,0.8,1.1,1.2,1.5,3.4,4.2,5.7,5.4,10.7,10,10.8,11.4,1.8,--
2022,Paraíba,Rural,Pública,93.2,95.4,88.4,99.1,97.9,95.5,93.8,91.4,88.7,87.8,87,90.7,84.6,84,85.9,83.9,--,--,5,3.9,7.4,0.6,1.7,4,5.5,7.5,8.2,8.3,8.2,4.2,5.1,6.9,4.7,3.1,--,--,1.8,0.7,4.2,0.3,0.4,0.5,0.7,1.1,3.1,3.9,4.8,5.1,10.3,9.1,9.4,13,--,--
2022,Pernambuco,Total,Total,94.8,95.8,93.6,98.4,98.5,93.6,96.7,92.2,93.8,93.1,92.4,95.2,93.8,92,93.8,97.3,78.4,86.8,4.4,3.8,5.2,1,1.2,6,2.9,7.3,5.4,5.7,6.1,3.6,4.7,6.2,4.8,2,13.4,9.1,0.8,0.4,1.2,0.6,0.3,0.4,0.4,0.5,0.8,1.2,1.5,1.2,1.5,1.8,1.4,0.7,8.2,4.1
2022,Pernambuco,Urbana,Total,95.1,96.2,93.8,98.4,98.6,94.2,96.8,93.1,94,93.4,92.6,95.3,94.1,92.3,94.1,97.4,77,86.5,4.2,3.4,5.1,1.1,1.1,5.5,2.8,6.4,5.2,5.5,5.9,3.5,4.6,6,4.7,1.9,14.2,9.1,0.7,0.4,1.1,0.5,0.3,0.3,0.4,0.5,0.8,1.1,1.5,1.2,1.3,1.7,1.2,0.7,8.8,4.4
2022,Pernambuco,Rural,Total,93.6,94.4,92.3,98.6,98.2,91.5,96.2,89,92.5,91.6,91,94.3,89.7,86.3,90,94.9,85,88.3,5.5,5.2,6.1,0.9,1.6,8.2,3.3,10.5,6.4,6.8,6.9,4,6.8,9.1,6.7,3,9.7,8.8,0.9,0.4,1.6,0.5,0.2,0.3,0.5,0.5,1.1,1.6,2.1,1.7,3.5,4.6,3.3,2.1,5.3,2.9
2022,Pernambuco,Total,Federal,97.5,--,97.5,--,--,--,--,--,97.5,97.1,97.9,97.5,79.1,76,77.7,77.6,77.1,86.1,2.4,--,2.4,--,--,--,--,--,2.5,2.9,1.6,2.5,16.8,19.3,20.2,19,14,10.7,0.1,--,0.1,--,--,--,--,--,0,0,0.5,0,4.1,4.7,2.1,3.4,8.9,3.2
2022,Pernambuco,Urbana,Federal,97.5,--,97.5,--,--,--,--,--,97.5,97.1,97.9,97.5,76.9,75.3,76.1,74.9,76,85.3,2.4,--,2.4,--,--,--,--,--,2.5,2.9,1.6,2.5,18.5,20.2,21.5,21.3,14.6,10.7,0.1,--,0.1,--,--,--,--,--,0,0,0.5,0,4.6,4.5,2.4,3.8,9.4,4
2022,Pernambuco,Rural,Federal,--,--,--,--,--,--,--,--,--,--,--,--,85.4,79,84.5,91.3,84,86.9,--,--,--,--,--,--,--,--,--,--,--,--,11.7,15.6,14.5,7.5,10.4,10.6,--,--,--,--,--,--,--,--,--,--,--,--,2.9,5.4,1,1.2,5.6,2.5
2022,Pernambuco,Total,Estadual,94.6,85.6,95,89.1,89.5,81.8,86.8,81.9,95.2,95,94.1,95.8,93.8,91.8,93.6,97.4,89.3,87,4.6,12.7,4.2,8.8,9.2,16.9,11.3,16,4.3,4.3,5,3.4,4.7,6.3,4.9,1.9,8.2,9.4,0.8,1.7,0.8,2.1,1.3,1.3,1.9,2.1,0.5,0.7,0.9,0.8,1.5,1.9,1.5,0.7,2.5,3.6
2022,Pernambuco,Urbana,Estadual,95.5,96.7,95.5,100,91.9,98.9,97.6,94.9,95.6,95.6,94.6,96.3,94.1,92.2,93.9,97.6,91.7,86.7,3.9,3.3,3.9,0,8.1,1.1,2.4,5.1,3.9,3.8,4.7,3.1,4.6,6.1,4.8,1.8,8.3,9.7,0.6,0,0.6,0,0,0,0,0,0.5,0.6,0.7,0.6,1.3,1.7,1.3,0.6,0,3.6
2022,Pernambuco,Rural,Estadual,88.5,84.5,90.3,87.9,89.3,80.5,85.4,80.7,91.3,89.5,89.4,90.9,90,86.5,90.1,95,87.1,90.2,9.4,13.6,7.5,9.7,9.4,18.1,12.4,17,7,8.3,8.1,6.7,6.4,8.9,6.4,2.9,8.1,6.2,2.1,1.9,2.2,2.4,1.3,1.4,2.2,2.3,1.7,2.2,2.5,2.4,3.6,4.6,3.5,2.1,4.8,3.6
2022,Pernambuco,Total,Municipal,93.5,94.8,91.5,98.6,98.4,91.8,95.9,90.3,91.7,90.9,89.9,94,97.4,94.7,98.5,100,--,--,5.6,4.8,6.7,0.9,1.2,7.8,3.7,9.1,7.1,7.4,7.8,4.1,1.6,2.7,1.5,0,--,--,0.9,0.4,1.8,0.5,0.4,0.4,0.4,0.6,1.2,1.7,2.3,1.9,1,2.6,0,0,--,--
2022,Pernambuco,Urbana,Municipal,93.3,94.7,91.3,98.3,98.3,91.7,95.7,90.7,91.4,90.6,89.5,93.7,--,--,--,--,--,--,5.7,4.8,6.9,1.1,1.3,7.9,3.9,8.7,7.3,7.7,8.1,4.3,--,--,--,--,--,--,1,0.5,1.8,0.6,0.4,0.4,0.4,0.6,1.3,1.7,2.4,2,--,--,--,--,--,--
2022,Pernambuco,Rural,Municipal,94.1,94.8,92.6,99.2,98.6,92,96.6,89.2,92.7,91.9,91.2,95,97.4,94.7,98.5,100,--,--,5.2,4.8,5.9,0.4,1.1,7.8,3,10.4,6.3,6.6,6.8,3.5,1.6,2.7,1.5,0,--,--,0.7,0.4,1.5,0.4,0.3,0.2,0.4,0.4,1,1.5,2,1.5,1,2.6,0,0,--,--
2022,Pernambuco,Total,Privada,98.5,98.8,98,98.4,98.9,98.8,99,98.9,98.3,98.1,97.8,97.8,97.2,95.8,97.4,99.3,--,85.6,1.3,1,1.8,1.2,0.9,1.1,0.9,0.9,1.6,1.8,2,2.1,2.2,3.7,2.2,0.5,--,0,0.2,0.2,0.2,0.4,0.2,0.1,0.1,0.2,0.1,0.1,0.2,0.1,0.6,0.5,0.4,0.2,--,14.4
2022,Pernambuco,Urbana,Privada,98.5,98.8,98,98.5,98.9,98.9,99,98.9,98.3,98.1,97.8,97.8,97.2,95.8,97.4,99.3,--,85.6,1.3,0.9,1.8,1.1,0.8,1,0.9,0.9,1.6,1.8,2,2.1,2.2,3.6,2.2,0.5,--,0,0.2,0.3,0.2,0.4,0.3,0.1,0.1,0.2,0.1,0.1,0.2,0.1,0.6,0.6,0.4,0.2,--,14.4
2022,Pernambuco,Rural,Privada,95.3,94.3,97.7,89.9,93.1,93.4,97.4,98.2,97.2,96,99.6,98,97.3,94.3,99,98.5,--,--,4.5,5.3,2.3,9,6.7,6.4,2.6,1.6,2.8,4,0.4,2,2.4,5.7,1,0,--,--,0.2,0.4,0,1.1,0.2,0.2,0,0.2,0,0,0,0,0.3,0,0,1.5,--,--
2022,Pernambuco,Total,Pública,93.6,94.6,92.6,98.5,98.3,91.6,95.8,90.2,92.6,92,91.2,94.6,93.4,91.5,93.4,97,78.4,86.8,5.4,4.9,6,1,1.3,8,3.8,9.2,6.4,6.6,7,3.9,5,6.5,5.1,2.2,13.4,9.7,1,0.5,1.4,0.5,0.4,0.4,0.4,0.6,1,1.4,1.8,1.5,1.6,2,1.5,0.8,8.2,3.5
2022,Pernambuco,Urbana,Pública,93.7,94.7,92.6,98.3,98.3,91.7,95.7,90.7,92.6,92.1,91.2,94.7,93.7,91.9,93.6,97.2,77,86.5,5.4,4.8,6,1,1.3,7.9,3.9,8.7,6.3,6.5,7,3.9,4.9,6.3,5,2.1,14.2,9.8,0.9,0.5,1.4,0.7,0.4,0.4,0.4,0.6,1.1,1.4,1.8,1.4,1.4,1.8,1.4,0.7,8.8,3.7
2022,Pernambuco,Rural,Pública,93.6,94.4,92.2,98.8,98.3,91.4,96.1,88.8,92.5,91.5,90.9,94.3,89.7,86.2,89.9,94.8,85,88.3,5.5,5.2,6.2,0.8,1.4,8.2,3.4,10.7,6.4,6.9,7,4.1,6.8,9.1,6.7,3,9.7,8.8,0.9,0.4,1.6,0.4,0.3,0.4,0.5,0.5,1.1,1.6,2.1,1.6,3.5,4.7,3.4,2.2,5.3,2.9
2022,Alagoas,Total,Total,93.7,96.4,90.6,98.4,98.4,94.6,97.1,93.8,91.8,90.7,88.7,91.4,86.3,82.9,86.6,91.2,81.8,79.6,4.7,3,6.7,0.8,1,4.7,2.4,5.5,6.5,7.2,8,5.2,7,9,6.6,4.2,15.9,13,1.6,0.6,2.7,0.8,0.6,0.7,0.5,0.7,1.7,2.1,3.3,3.4,6.7,8.1,6.8,4.6,2.3,7.4
2022,Alagoas,Urbana,Total,93.3,96.1,90.3,98.1,98,94.3,96.5,93.9,91.4,90.4,88.7,90.9,86.4,82.9,86.7,91.2,81.8,79.6,5,3.1,6.9,1.1,1.3,4.9,2.9,5.3,6.7,7.4,7.8,5.6,7,9,6.5,4.2,15.9,13,1.7,0.8,2.8,0.8,0.7,0.8,0.6,0.8,1.9,2.2,3.5,3.5,6.6,8.1,6.8,4.6,2.3,7.4
2022,Alagoas,Rural,Total,95.1,97.1,91.8,99.4,99.5,95.4,98.5,93.3,93.2,91.9,88.7,93.4,86,82.6,84.9,92.4,--,--,3.8,2.5,6,0.3,0.2,4.3,1.1,6.1,5.5,6.1,8.7,3.3,7.1,8.8,8,3.7,--,--,1.1,0.4,2.2,0.3,0.3,0.3,0.4,0.6,1.3,2,2.6,3.3,6.9,8.6,7.1,3.9,--,--
2022,Alagoas,Total,Federal,--,--,--,--,--,--,--,--,--,--,--,--,83.4,81.4,86.5,85.4,81.8,12.9,--,--,--,--,--,--,--,--,--,--,--,--,11.4,11.8,8.4,9.5,15.9,87.1,--,--,--,--,--,--,--,--,--,--,--,--,5.2,6.8,5.1,5.1,2.3,0
2022,Alagoas,Urbana,Federal,--,--,--,--,--,--,--,--,--,--,--,--,83.4,81.4,86.5,85.4,81.8,12.9,--,--,--,--,--,--,--,--,--,--,--,--,11.4,11.8,8.4,9.5,15.9,87.1,--,--,--,--,--,--,--,--,--,--,--,--,5.2,6.8,5.1,5.1,2.3,0
2022,Alagoas,Total,Estadual,89,95.1,87.5,96.4,96.3,93.6,96.8,93.1,88.8,87.7,85.6,88.1,85,81.4,85,90.4,--,100,8.5,3.7,9.6,2,3.2,5.3,2,5.7,8.8,10.3,10.9,8.3,7.4,9.5,7.1,4.4,--,0,2.5,1.2,2.9,1.6,0.5,1.1,1.2,1.2,2.4,2,3.5,3.6,7.6,9.1,7.9,5.2,--,0
2022,Alagoas,Urbana,Estadual,88.9,94.9,87.6,96.2,95.9,93.2,96.8,92.9,88.8,87.8,85.7,88.2,84.9,81.3,85,90.2,--,100,8.5,3.9,9.5,2.1,3.6,5.4,2.1,5.8,8.8,10.3,10.7,8.2,7.4,9.6,7,4.5,--,0,2.6,1.2,2.9,1.7,0.5,1.4,1.1,1.3,2.4,1.9,3.6,3.6,7.7,9.1,8,5.3,--,0
2022,Alagoas,Rural,Estadual,90.6,97,85.7,98.3,99.4,96.3,96.7,94.4,88.3,86.4,83,85.7,86,82.6,84.8,92.4,--,--,7.7,2.6,11.5,1.1,0.6,3.7,1.6,5.6,10.6,11.5,14.2,9.8,7.2,8.8,8.1,3.7,--,--,1.7,0.4,2.8,0.6,0,0,1.7,0,1.1,2.1,2.8,4.5,6.8,8.6,7.1,3.9,--,--
2022,Alagoas,Total,Municipal,93.3,95.8,89.9,98.3,98.2,93.7,96.5,92.8,91,89.9,87.6,91.3,--,--,--,--,--,--,5,3.5,7,1,1.1,5.6,3,6.4,7,7.5,8.4,4.7,--,--,--,--,--,--,1.7,0.7,3.1,0.7,0.7,0.7,0.5,0.8,2,2.6,4,4,--,--,--,--,--,--
2022,Alagoas,Urbana,Municipal,92.4,95.1,89.2,97.7,97.5,92.8,95.4,92.5,90.2,89.1,87.2,90.4,--,--,--,--,--,--,5.5,4,7.4,1.4,1.6,6.3,3.9,6.6,7.6,8,8.3,5.3,--,--,--,--,--,--,2.1,0.9,3.4,0.9,0.9,0.9,0.7,0.9,2.2,2.9,4.5,4.3,--,--,--,--,--,--
2022,Alagoas,Rural,Municipal,95.2,97.1,91.9,99.4,99.5,95.4,98.6,93.3,93.4,92,88.9,93.7,--,--,--,--,--,--,3.7,2.5,5.8,0.3,0.2,4.3,1.1,6.1,5.3,6,8.5,3,--,--,--,--,--,--,1.1,0.4,2.3,0.3,0.3,0.3,0.3,0.6,1.3,2,2.6,3.3,--,--,--,--,--,--
2022,Alagoas,Total,Privada,98.5,99.2,97.4,99.3,99.5,98.9,99.7,98.7,98,97.3,97.7,96.6,96.9,95.8,97.2,98.1,--,88.9,1.2,0.5,2.3,0.1,0.2,0.9,0.1,1,1.7,2.4,2.2,3.1,2.6,3.8,2.5,1.4,--,1.7,0.3,0.3,0.3,0.6,0.3,0.2,0.2,0.3,0.3,0.3,0.1,0.3,0.5,0.4,0.3,0.5,--,9.4
2022,Alagoas,Urbana,Privada,98.5,99.3,97.4,99.3,99.5,98.9,99.7,98.8,98.1,97.3,97.7,96.6,96.9,95.8,97.2,98.1,--,88.9,1.2,0.4,2.3,0.1,0.2,0.9,0.1,1,1.7,2.4,2.2,3.1,2.6,3.8,2.5,1.4,--,1.7,0.3,0.3,0.3,0.6,0.3,0.2,0.2,0.2,0.2,0.3,0.1,0.3,0.5,0.4,0.3,0.5,--,9.4
2022,Alagoas,Rural,Privada,97,96.8,97.3,100,100,95.8,98.1,89.3,94.1,100,97.3,98,96.6,100,92.3,100,--,--,2.1,1.9,2.7,0,0,3.2,0,6.8,5.9,0,2.7,2,0,0,0,0,--,--,0.9,1.3,0,0,0,1,1.9,3.9,0,0,0,0,3.4,0,7.7,0,--,--
2022,Alagoas,Total,Pública,92.8,95.8,89.4,98.2,98.1,93.7,96.5,92.8,90.6,89.5,87.2,90.5,84.9,81.4,85.1,90.1,81.8,46,5.4,3.5,7.5,1,1.2,5.6,2.9,6.4,7.4,8,8.9,5.5,7.6,9.6,7.1,4.7,15.9,54,1.8,0.7,3.1,0.8,0.7,0.7,0.6,0.8,2,2.5,3.9,4,7.5,9,7.8,5.2,2.3,0
2022,Alagoas,Urbana,Pública,91.9,95.1,88.8,97.6,97.5,92.8,95.5,92.6,89.9,88.8,86.8,89.8,84.8,81.3,85.1,90,81.8,46,6,4,7.9,1.4,1.7,6.2,3.8,6.5,7.9,8.6,9,6.1,7.6,9.7,7.1,4.7,15.9,54,2.1,0.9,3.3,1,0.8,1,0.7,0.9,2.2,2.6,4.2,4.1,7.6,9,7.8,5.3,2.3,0
2022,Alagoas,Rural,Pública,95.1,97.1,91.7,99.4,99.5,95.4,98.5,93.3,93.2,91.9,88.7,93.4,86,82.6,84.8,92.4,--,--,3.8,2.5,6,0.3,0.2,4.3,1.1,6.1,5.5,6.1,8.7,3.3,7.2,8.8,8.1,3.7,--,--,1.1,0.4,2.3,0.3,0.3,0.3,0.4,0.6,1.3,2,2.6,3.3,6.8,8.6,7.1,3.9,--,--
2022,Sergipe,Total,Total,87.3,92.7,81.2,99,99,91.4,89.1,86.8,81.6,80.5,78.2,85,84.9,82.8,85.7,86.8,--,--,11,6.7,15.9,0.4,0.7,8.1,10.2,12.3,16.5,16.9,18.1,11.6,10.5,13.3,9.9,7.5,--,--,1.7,0.6,2.9,0.6,0.3,0.5,0.7,0.9,1.9,2.6,3.7,3.4,4.6,3.9,4.4,5.7,--,--
2022,Sergipe,Urbana,Total,88.5,94,82.7,98.9,99,92.8,91.1,89.5,83.3,82.1,79.9,85.7,85,82.9,85.7,86.9,--,--,10.1,5.4,15,0.5,0.6,6.7,8.2,9.7,15.1,15.8,17.3,11.6,10.5,13.3,10,7.6,--,--,1.4,0.6,2.3,0.6,0.4,0.5,0.7,0.8,1.6,2.1,2.8,2.7,4.5,3.8,4.3,5.5,--,--
2022,Sergipe,Rural,Total,83.2,88.8,75,99.4,98.9,86.9,83,79.3,74.9,73.8,71.1,81.7,83.9,81.6,86.1,84.6,--,--,14.3,10.6,19.7,0.1,0.8,12.6,16.2,19.7,22,21.4,21.8,11.9,9.3,13,8.1,5.6,--,--,2.5,0.6,5.3,0.5,0.3,0.5,0.8,1,3.1,4.8,7.1,6.4,6.8,5.4,5.8,9.8,--,--
2022,Sergipe,Total,Federal,91.8,--,91.8,--,--,--,--,--,98.3,91.7,84.4,93.3,87,78.1,88.2,96.1,--,--,8.2,--,8.2,--,--,--,--,--,1.7,8.3,15.6,6.7,12.3,20.8,11.4,3.2,--,--,0,--,0,--,--,--,--,--,0,0,0,0,0.7,1.1,0.4,0.7,--,--
2022,Sergipe,Urbana,Federal,91.8,--,91.8,--,--,--,--,--,98.3,91.7,84.4,93.3,85.6,75.9,87.1,95.6,--,--,8.2,--,8.2,--,--,--,--,--,1.7,8.3,15.6,6.7,13.8,22.9,12.7,4.1,--,--,0,--,0,--,--,--,--,--,0,0,0,0,0.6,1.2,0.2,0.3,--,--
2022,Sergipe,Rural,Federal,--,--,--,--,--,--,--,--,--,--,--,--,89.2,81.4,90.1,96.9,--,--,--,--,--,--,--,--,--,--,--,--,--,--,9.8,17.6,9.2,1.7,--,--,--,--,--,--,--,--,--,--,--,--,--,--,1,1,0.7,1.4,--,--
2022,Sergipe,Total,Estadual,85.3,92.7,81.4,97.7,99.7,92.3,90.2,88.3,83.4,82.1,77.4,83.3,82.7,80.8,83.4,84.3,--,--,13.5,7.1,16.9,1.9,0.2,7.5,9.5,11.4,15.6,16.6,20.4,14.5,11.8,14.7,11.3,8.8,--,--,1.2,0.2,1.7,0.4,0.1,0.2,0.3,0.3,1,1.3,2.2,2.2,5.5,4.5,5.3,6.9,--,--
2022,Sergipe,Urbana,Estadual,85.1,92.7,81.2,97.6,99.7,92.6,90.1,88.1,83.1,81.8,77.1,83.1,82.7,80.8,83.3,84.5,--,--,13.7,7.1,17.1,2,0.2,7.3,9.6,11.6,15.9,16.8,20.7,14.7,12,14.9,11.5,8.9,--,--,1.2,0.2,1.7,0.4,0.1,0.1,0.3,0.3,1,1.4,2.2,2.2,5.3,4.3,5.2,6.6,--,--
2022,Sergipe,Rural,Estadual,89.7,92.6,88.3,100,100,86.1,92.3,92.5,90.4,89.6,86.2,87.7,82.6,81.7,85.2,81.2,--,--,9.1,7.3,10,0,0,13.9,7.7,7.1,8.5,9.3,12.4,9.3,9.2,12,7.9,6.7,--,--,1.2,0.1,1.7,0,0,0,0,0.4,1.1,1.1,1.4,3,8.2,6.3,6.9,12.1,--,--
2022,Sergipe,Total,Municipal,83.5,89.9,74.9,99,98.4,87.7,84.4,82.2,74.5,73.2,71.9,81.2,--,--,--,--,--,--,14,9.2,20.4,0.3,1,11.5,14.5,16.5,22.4,22.5,22.3,13.1,--,--,--,--,--,--,2.5,0.9,4.7,0.7,0.6,0.8,1.1,1.3,3.1,4.3,5.8,5.7,--,--,--,--,--,--
2022,Sergipe,Urbana,Municipal,83.9,90.8,75.4,98.7,98.1,88.4,85.8,84.6,74.8,73.5,73,81.3,--,--,--,--,--,--,13.6,8.1,20.4,0.4,1.2,10.7,13,13.9,22.2,22.6,22.1,13.7,--,--,--,--,--,--,2.5,1.1,4.2,0.9,0.7,0.9,1.2,1.5,3,3.9,4.9,5,--,--,--,--,--,--
2022,Sergipe,Rural,Municipal,82.7,88.5,74,99.4,98.9,86.7,82.5,78.7,73.8,72.5,69.8,81.1,--,--,--,--,--,--,14.7,10.8,20.5,0.1,0.8,12.8,16.7,20.2,22.9,22.4,22.7,12.2,--,--,--,--,--,--,2.6,0.7,5.5,0.5,0.3,0.5,0.8,1.1,3.3,5.1,7.5,6.7,--,--,--,--,--,--
2022,Sergipe,Total,Privada,98.3,99.2,97,99.5,99.7,98.9,99,98.7,97.5,96.8,96.6,96.9,97.5,96.4,97.4,98.8,--,--,1.6,0.6,2.9,0.1,0.1,0.9,0.9,1.2,2.5,3.2,3.2,3,2.2,3.1,2.2,1,--,--,0.1,0.2,0.1,0.4,0.2,0.2,0.1,0.1,0,0,0.2,0.1,0.3,0.5,0.4,0.2,--,--
2022,Sergipe,Urbana,Privada,98.3,99.2,96.9,99.5,99.7,98.9,99,98.7,97.5,96.8,96.6,96.9,97.5,96.4,97.4,98.8,--,--,1.6,0.6,2.9,0.1,0.1,0.9,0.9,1.2,2.5,3.1,3.2,3,2.2,3.1,2.2,1,--,--,0.1,0.2,0.2,0.4,0.2,0.2,0.1,0.1,0,0.1,0.2,0.1,0.3,0.5,0.4,0.2,--,--
2022,Sergipe,Rural,Privada,98.4,98.8,97.6,100,100,98.8,96.7,97.7,97.8,95.9,98.7,98.2,--,--,--,--,--,--,1.5,1.1,2.4,0,0,1.2,2.6,2.3,2.2,4.1,1.3,1.8,--,--,--,--,--,--,0.1,0.1,0,0,0,0,0.7,0,0,0,0,0,--,--,--,--,--,--
2022,Sergipe,Total,Pública,84,90.4,77.3,98.8,98.6,88.5,85.6,83.5,77.5,76.2,74,82.1,82.8,80.7,83.6,84.7,--,--,13.9,8.8,19.1,0.5,0.9,10.8,13.5,15.4,20.1,20.5,21.6,13.7,11.9,14.9,11.3,8.6,--,--,2.1,0.8,3.6,0.7,0.5,0.7,0.9,1.1,2.4,3.3,4.4,4.2,5.3,4.4,5.1,6.7,--,--
2022,Sergipe,Urbana,Pública,84.4,91.3,78.1,98.5,98.5,89.5,87,85.7,78.4,77.1,75,82.3,82.7,80.7,83.4,84.7,--,--,13.6,7.8,18.9,0.7,1,9.8,12,13.2,19.4,20.1,21.4,14.2,12,15,11.5,8.8,--,--,2,0.9,3,0.8,0.5,0.7,1,1.1,2.2,2.8,3.6,3.5,5.3,4.3,5.1,6.5,--,--
2022,Sergipe,Rural,Pública,82.9,88.6,74.8,99.4,98.9,86.7,82.7,79,74.6,73.4,70.8,81.5,83.9,81.6,86.1,84.6,--,--,14.5,10.8,19.9,0.1,0.8,12.9,16.5,19.9,22.2,21.7,22.1,12,9.3,13,8.1,5.6,--,--,2.6,0.6,5.3,0.5,0.3,0.4,0.8,1.1,3.2,4.9,7.1,6.5,6.8,5.4,5.8,9.8,--,--
2022,Bahia,Total,Total,88.2,92,83.8,98,97.2,87.9,89.6,87.8,84.1,83,82.2,86.3,73.2,72.4,74,73.6,85.6,60,8.9,6.7,11.5,0.7,1.7,10.9,8.9,10.5,12.4,12.4,12.3,8.6,15.1,17,14.5,13.3,6.3,20.1,2.9,1.3,4.7,1.3,1.1,1.2,1.5,1.7,3.5,4.6,5.5,5.1,11.7,10.6,11.5,13.1,8.1,19.9
2022,Bahia,Urbana,Total,88.7,92.8,84.5,97.8,97.1,88.6,91,89.6,85.3,83.8,82.8,86.1,72.9,72.3,73.8,73.3,82.7,60,8.5,5.9,11.3,0.8,1.8,10.1,7.6,8.8,11.4,12,12.3,9.2,15.5,17.4,14.9,13.7,7.6,20.2,2.8,1.3,4.2,1.4,1.1,1.3,1.4,1.6,3.3,4.2,4.9,4.7,11.6,10.3,11.3,13,9.7,19.8
2022,Bahia,Rural,Total,86.6,89.9,81.7,98.5,97.5,86,86.1,83.4,79.9,80.3,80.1,87.3,76.5,74,76.7,78.6,93.2,60,10.1,8.7,12.2,0.5,1.7,12.7,12.4,14.4,15.6,13.7,12.3,6.2,10,13,9.1,7.5,3,13.3,3.3,1.4,6.1,1,0.8,1.3,1.5,2.2,4.5,6,7.6,6.5,13.5,13,14.2,13.9,3.8,26.7
2022,Bahia,Total,Federal,98.1,--,98.1,--,--,--,--,--,100,94.6,100,98.2,88.8,84.8,90.1,92.1,89.2,100,1.9,--,1.9,--,--,--,--,--,0,5.4,0,1.8,7.9,11.5,7.4,5,5.2,0,0,--,0,--,--,--,--,--,0,0,0,0,3.3,3.7,2.5,2.9,5.6,0
2022,Bahia,Urbana,Federal,98.1,--,98.1,--,--,--,--,--,100,94.6,100,98.2,87.8,83.5,89.3,91,89.2,100,1.9,--,1.9,--,--,--,--,--,0,5.4,0,1.8,8.7,12.8,8,5.7,5.2,0,0,--,0,--,--,--,--,--,0,0,0,0,3.5,3.7,2.7,3.3,5.6,0
2022,Bahia,Rural,Federal,--,--,--,--,--,--,--,--,--,--,--,--,94.4,91.7,94.6,97,--,--,--,--,--,--,--,--,--,--,--,--,--,--,3.7,5,4.2,2,--,--,--,--,--,--,--,--,--,--,--,--,--,--,1.9,3.3,1.2,1,--,--
2022,Bahia,Total,Estadual,75.4,83.8,75.2,96,94.4,81.3,79.9,73.4,82.1,77.3,70.7,73.2,70.4,69.7,71,71,54.1,53.9,19.1,10.5,19.4,0,0.2,11.6,15.2,20.2,15.2,18.2,22.6,20.1,16.6,18.6,16,14.6,18.8,24.9,5.5,5.7,5.4,4,5.4,7.1,4.9,6.4,2.7,4.5,6.7,6.7,13,11.7,13,14.4,27.1,21.2
2022,Bahia,Urbana,Estadual,75.4,92.1,75.3,100,98.3,84,92.8,87.3,82.3,77.4,70.9,73.2,70.1,69.6,70.8,70.6,52.4,53.9,19.3,6.4,19.4,0,0.8,12.8,6.5,10.2,15,18.2,22.6,20.3,17,18.9,16.5,15,19.1,24.9,5.3,1.5,5.3,0,0.9,3.2,0.7,2.5,2.7,4.4,6.5,6.5,12.9,11.5,12.7,14.4,28.5,21.2
2022,Bahia,Rural,Estadual,75.4,81,71.6,94.6,93,80.4,75.4,68.8,75.4,72.7,64.1,73.2,74,71.7,74.7,76.2,86.7,52.8,15.9,11.9,18.6,0,0,11.2,18.2,23.5,19.9,20.2,21.2,15.6,11.2,14.4,10,8.6,13.3,13.9,8.7,7.1,9.8,5.4,7,8.4,6.4,7.7,4.7,7.1,14.7,11.2,14.8,13.9,15.3,15.2,0,33.3
2022,Bahia,Total,Municipal,87,90.4,82.7,97.8,96.7,85.5,87.7,85.8,81.8,81.1,81.5,87.1,81.4,76.5,80.4,87.2,100,98.1,9.7,8,11.9,0.7,2,13,10.6,12.2,13.9,13.4,12.4,7.3,3.7,6.4,3.6,0.4,0,1.9,3.3,1.6,5.4,1.5,1.3,1.5,1.7,2,4.3,5.5,6.1,5.6,14.9,17.1,16,12.4,0,0
2022,Bahia,Urbana,Municipal,87.2,90.7,83.1,97.4,96.4,85.3,88.6,87,82.6,81.5,82,86.9,78.8,75.4,75.5,81.5,100,100,9.6,7.6,11.8,0.8,2.2,13.1,9.7,11,13.2,13.3,12.4,7.8,4.5,7.8,4.2,0,0,0,3.2,1.7,5.1,1.8,1.4,1.6,1.7,2,4.2,5.2,5.6,5.3,16.7,16.8,20.3,18.5,0,0
2022,Bahia,Rural,Municipal,86.6,89.9,81.8,98.5,97.5,85.9,86.1,83.4,79.8,80.3,80.2,87.6,82.6,77.1,82.8,88.6,100,88.9,10.1,8.7,12.2,0.5,1.8,12.8,12.4,14.4,15.6,13.7,12.3,5.9,3.4,5.7,3.3,0.5,0,11.1,3.3,1.4,6,1,0.7,1.3,1.5,2.2,4.6,6,7.5,6.5,14,17.2,13.9,10.9,0,0
2022,Bahia,Total,Privada,98.4,99,97.5,98.8,99.2,98.9,98.9,99,97.7,97.4,97.5,97.4,96.2,95.6,96.4,97.9,93.6,84.5,1.4,0.8,2.2,0.7,0.6,0.9,0.9,0.9,2.1,2.4,2.3,2.2,2.8,3.8,3,1.4,2.6,0.2,0.2,0.2,0.3,0.5,0.2,0.2,0.2,0.1,0.2,0.2,0.2,0.4,1,0.6,0.6,0.7,3.8,15.3
2022,Bahia,Urbana,Privada,98.4,99,97.6,98.8,99.2,99,99,99,97.8,97.5,97.5,97.5,96.5,95.8,96.6,98.2,98.5,84.5,1.3,0.8,2.2,0.7,0.6,0.8,0.9,0.9,2,2.3,2.3,2.2,2.8,3.9,3,1.4,0,0.2,0.3,0.2,0.2,0.5,0.2,0.2,0.1,0.1,0.2,0.2,0.2,0.3,0.7,0.3,0.4,0.4,1.5,15.3
2022,Bahia,Rural,Privada,95.8,97.2,93.9,99,99,95.7,94.7,96.8,93.7,93.6,94.4,93.8,91.7,92.4,90.3,91.1,93,--,3.4,2.6,4.5,0.9,0.6,4.3,5,3.2,5,5.6,3.7,3.8,3.2,3.4,4.2,2.3,2.9,--,0.8,0.2,1.6,0.1,0.4,0,0.3,0,1.3,0.8,1.9,2.4,5.1,4.2,5.5,6.6,4.1,--
2022,Bahia,Total,Pública,86.3,90.4,81.8,97.8,96.7,85.5,87.7,85.7,81.9,80.7,80,84.7,70.8,70.1,71.5,71.5,82.3,54.9,10.3,8,12.9,0.7,2,13,10.6,12.2,14.1,13.9,13.8,9.5,16.3,18.4,15.8,14.4,7.8,24.3,3.4,1.6,5.3,1.5,1.3,1.5,1.7,2.1,4,5.4,6.2,5.8,12.9,11.5,12.7,14.1,9.9,20.8
2022,Bahia,Urbana,Pública,86.1,90.7,81.8,97.4,96.4,85.3,88.6,87,82.6,80.9,80,83.9,70.4,69.8,71.1,70.9,81.9,54.9,10.4,7.6,13.1,0.8,2.2,13.1,9.7,11,13.5,14,14.3,10.6,16.8,18.8,16.3,14.9,7.9,24.4,3.5,1.7,5.1,1.8,1.4,1.6,1.7,2,3.9,5.1,5.7,5.5,12.8,11.4,12.6,14.2,10.2,20.7
2022,Bahia,Rural,Pública,86.5,89.8,81.6,98.5,97.4,85.9,86,83.3,79.8,80.2,80,87.2,75.4,72.8,75.9,77.8,95.6,60,10.2,8.7,12.2,0.5,1.7,12.8,12.4,14.4,15.7,13.8,12.4,6.2,10.5,13.6,9.4,7.9,4.4,13.3,3.3,1.5,6.2,1,0.9,1.3,1.6,2.3,4.5,6,7.6,6.6,14.1,13.6,14.7,14.3,0,26.7
2022,Minas Gerais,Total,Total,95.7,98.6,92.4,99.4,99,97.9,98.7,98,93.7,92.5,90.7,92.6,85.8,84.5,85.5,88,84.7,72,3.5,1.2,6.1,0.3,0.9,1.9,1.1,1.8,5.5,6.3,7.3,5.1,7.4,9.2,7.2,5.3,0,3.8,0.8,0.2,1.5,0.3,0.1,0.2,0.2,0.2,0.8,1.2,2,2.3,6.8,6.3,7.3,6.7,15.3,24.2
2022,Minas Gerais,Urbana,Total,95.6,98.6,92.3,99.4,99,97.9,98.7,98,93.7,92.4,90.6,92.5,85.6,84.4,85.4,87.9,84.7,71,3.6,1.2,6.2,0.3,0.9,2,1.2,1.8,5.6,6.4,7.4,5.3,7.5,9.3,7.3,5.4,0,3.5,0.8,0.2,1.5,0.3,0.1,0.1,0.1,0.2,0.7,1.2,2,2.2,6.9,6.3,7.3,6.7,15.3,25.5
2022,Minas Gerais,Rural,Total,97,98.6,94,99.5,98.9,98.2,98.8,97.6,94.8,94.1,92.4,94.9,90.9,89.9,91.1,92.2,--,86.8,2.4,1.3,4.5,0.2,1,1.7,1.1,2.2,4.7,5.1,5.7,2.9,4.4,6.3,3.7,2.6,--,8.4,0.6,0.1,1.5,0.3,0.1,0.1,0.1,0.2,0.5,0.8,1.9,2.2,4.7,3.8,5.2,5.2,--,4.8
2022,Minas Gerais,Total,Federal,95.7,97.1,94.9,100,98.4,96.8,96.4,94.1,94.8,96.2,95.3,93.3,90.9,86.5,92.4,94.9,83.5,88.7,4.3,2.8,5.1,0,1.6,2.7,3.6,5.9,5.2,3.8,4.7,6.7,8.4,12.7,6.9,4.6,0,9.1,0,0.1,0,0,0,0.5,0,0,0,0,0,0,0.7,0.8,0.7,0.5,16.5,2.2
2022,Minas Gerais,Urbana,Federal,95.7,97.1,94.9,100,98.4,96.8,96.4,94.1,94.8,96.2,95.3,93.3,90.5,86,92,94.9,83.5,--,4.3,2.8,5.1,0,1.6,2.7,3.6,5.9,5.2,3.8,4.7,6.7,8.7,13.2,7.4,4.6,0,--,0,0.1,0,0,0,0.5,0,0,0,0,0,0,0.8,0.8,0.6,0.5,16.5,--
2022,Minas Gerais,Rural,Federal,--,--,--,--,--,--,--,--,--,--,--,--,92,88.5,93.8,94.9,--,88.7,--,--,--,--,--,--,--,--,--,--,--,--,7.3,10.8,5.4,4.5,--,9.1,--,--,--,--,--,--,--,--,--,--,--,--,0.7,0.7,0.8,0.6,--,2.2
2022,Minas Gerais,Total,Estadual,93.6,99.6,91.3,99.6,99.7,99.7,99.7,99.4,93.4,91.7,89.2,91,84.2,83.1,83.7,86.3,--,76.8,4.8,0.1,6.7,0,0.1,0.1,0.1,0.3,5.7,6.7,8.2,6,8,9.6,7.8,5.9,--,17.3,1.6,0.3,2,0.4,0.2,0.2,0.2,0.3,0.9,1.6,2.6,3,7.8,7.3,8.5,7.8,--,5.9
2022,Minas Gerais,Urbana,Estadual,93.5,99.6,91.2,99.6,99.7,99.7,99.7,99.4,93.3,91.6,89.1,91,84.1,82.9,83.6,86.2,--,76.6,4.9,0.1,6.7,0,0.1,0.1,0.1,0.3,5.7,6.8,8.3,6,8.1,9.7,7.9,6,--,18.3,1.6,0.3,2.1,0.4,0.2,0.2,0.2,0.3,1,1.6,2.6,3,7.8,7.4,8.5,7.8,--,5.1
2022,Minas Gerais,Rural,Estadual,96.1,99.6,93.9,99.8,99.7,99.6,99.7,99.1,95.9,95.2,92.6,92.4,90.4,90.3,89.9,91.2,--,78.6,2.6,0.2,4.2,0,0.1,0.4,0.2,0.3,3.5,3.7,5,4.3,3,4.3,2.8,1.6,--,5.4,1.3,0.2,1.9,0.2,0.2,0,0.1,0.6,0.6,1.1,2.4,3.3,6.6,5.4,7.3,7.2,--,16
2022,Minas Gerais,Total,Municipal,96.5,98.1,92.3,99.3,98.6,97,98.2,97.3,92.1,91.6,91.1,94.3,91.3,88.6,92.3,93.5,--,--,3.1,1.7,6.6,0.5,1.3,2.8,1.6,2.6,7.2,7.5,7.5,4.2,6.1,9.1,5.8,3,--,--,0.4,0.2,1.1,0.2,0.1,0.2,0.2,0.1,0.7,0.9,1.4,1.5,2.6,2.3,1.9,3.5,--,--
2022,Minas Gerais,Urbana,Municipal,96.4,98,92.1,99.3,98.6,96.9,98.2,97.2,91.9,91.4,90.9,94.1,91.4,88.5,92.4,93.6,--,--,3.2,1.8,6.8,0.5,1.3,2.9,1.7,2.6,7.5,7.7,7.6,4.5,6.1,9.2,5.7,3,--,--,0.4,0.2,1.1,0.2,0.1,0.2,0.1,0.2,0.6,0.9,1.5,1.4,2.5,2.3,1.9,3.4,--,--
2022,Minas Gerais,Rural,Municipal,97.3,98.5,94.1,99.5,98.8,98,98.7,97.4,94.2,93.4,92.4,96.3,89.8,91.8,88.4,88.7,--,--,2.3,1.4,4.7,0.3,1.1,1.9,1.2,2.5,5.3,5.8,6,2,6.4,6.6,9.3,3.8,--,--,0.4,0.1,1.2,0.2,0.1,0.1,0.1,0.1,0.5,0.8,1.6,1.7,3.8,1.6,2.3,7.5,--,--
2022,Minas Gerais,Total,Privada,98.8,99.5,97.9,99.8,99.7,99.4,99.4,99.4,98.5,97.9,97.6,97.4,95.5,95.5,97,97.9,100,69.9,1.2,0.5,2.1,0.2,0.3,0.5,0.6,0.6,1.5,2.1,2.3,2.6,2.9,4.3,2.8,1.6,0,0.7,0,0,0,0,0,0.1,0,0,0,0,0.1,0,1.6,0.2,0.2,0.5,0,29.4
2022,Minas Gerais,Urbana,Privada,98.8,99.5,97.9,99.8,99.7,99.4,99.4,99.4,98.5,97.9,97.6,97.5,95.6,95.6,97.1,98,100,69.9,1.2,0.5,2.1,0.2,0.3,0.5,0.6,0.6,1.5,2.1,2.4,2.5,2.9,4.3,2.8,1.6,0,0.7,0,0,0,0,0,0.1,0,0,0,0,0,0,1.5,0.1,0.1,0.4,0,29.4
2022,Minas Gerais,Rural,Privada,95.5,100,93.6,100,100,100,100,100,98.5,97.4,89.9,93.3,90.8,91.2,90.4,90.5,--,--,3.9,0,5.6,0,0,0,0,0,1.5,2.6,7.5,6.7,4.3,5.4,3.6,3.4,--,--,0.6,0,0.8,0,0,0,0,0,0,0,2.6,0,4.9,3.4,6,6.1,--,--
2022,Minas Gerais,Total,Pública,95.2,98.4,91.6,99.4,98.8,97.7,98.6,97.8,93,91.7,89.8,92,84.5,83.3,84.2,86.7,83.5,79.7,3.9,1.4,6.6,0.4,1,2.2,1.2,2,6.2,7,8,5.5,8,9.8,7.7,5.8,0,15.3,0.9,0.2,1.8,0.2,0.2,0.1,0.2,0.2,0.8,1.3,2.2,2.5,7.5,6.9,8.1,7.5,16.5,5
2022,Minas Gerais,Urbana,Pública,95,98.4,91.5,99.4,98.8,97.6,98.6,97.8,92.9,91.6,89.6,91.8,84.3,83.1,83.9,86.6,83.5,76.6,4,1.4,6.8,0.4,1,2.2,1.3,2,6.3,7.1,8.1,5.6,8.1,9.9,7.8,5.9,0,18.3,1,0.2,1.7,0.2,0.2,0.2,0.1,0.2,0.8,1.3,2.3,2.6,7.6,7,8.3,7.5,16.5,5.1
2022,Minas Gerais,Rural,Pública,97,98.6,94,99.5,98.9,98.2,98.8,97.6,94.8,94,92.5,94.9,90.9,89.8,91.1,92.3,--,86.8,2.4,1.3,4.5,0.2,1,1.7,1.1,2.2,4.7,5.1,5.6,2.8,4.4,6.4,3.7,2.5,--,8.4,0.6,0.1,1.5,0.3,0.1,0.1,0.1,0.2,0.5,0.9,1.9,2.3,4.7,3.8,5.2,5.2,--,4.8
2022,Espírito Santo,Total,Total,94.4,96.2,92.2,98.8,98.5,93.6,94.5,95.4,92.1,91.3,90.8,94.7,92.1,89.5,91.5,96.6,93.7,86.6,5.1,3.7,7.1,1,1.4,6.3,5.3,4.3,7.4,7.8,8.3,4.5,6.1,8.5,6.4,2.3,3.3,5.2,0.5,0.1,0.7,0.2,0.1,0.1,0.2,0.3,0.5,0.9,0.9,0.8,1.8,2,2.1,1.1,3,8.2
2022,Espírito Santo,Urbana,Total,94.4,96.2,92.1,98.8,98.4,93.8,94.6,95.4,92.1,91.3,90.7,94.6,92,89.4,91.5,96.5,92.3,86.6,5.2,3.6,7.1,1,1.5,6.1,5.3,4.3,7.4,7.9,8.4,4.6,6.2,8.6,6.5,2.3,4,5.2,0.4,0.2,0.8,0.2,0.1,0.1,0.1,0.3,0.5,0.8,0.9,0.8,1.8,2,2,1.2,3.7,8.2
2022,Espírito Santo,Rural,Total,94.7,95.8,92.8,98.9,98.7,91.8,94.1,95.3,92,91.8,91.9,96,94.2,92.5,93.2,97.2,97.5,--,5,4.1,6.6,1,1.3,8.2,5.7,4.5,7.7,7.5,7.4,3.3,4.4,5.7,5.4,1.8,1.3,--,0.3,0.1,0.6,0.1,0,0,0.2,0.2,0.3,0.7,0.7,0.7,1.4,1.8,1.4,1,1.2,--
2022,Espírito Santo,Total,Federal,--,--,--,--,--,--,--,--,--,--,--,--,90.9,88.6,90.8,93.5,93,85.2,--,--,--,--,--,--,--,--,--,--,--,--,7.1,9.3,7.7,4.8,3.6,8.2,--,--,--,--,--,--,--,--,--,--,--,--,2,2.1,1.5,1.7,3.4,6.6
2022,Espírito Santo,Urbana,Federal,--,--,--,--,--,--,--,--,--,--,--,--,90.3,88,90.5,92.3,92.3,85.2,--,--,--,--,--,--,--,--,--,--,--,--,7.5,9.7,7.9,5.7,4,8.2,--,--,--,--,--,--,--,--,--,--,--,--,2.2,2.3,1.6,2,3.7,6.6
2022,Espírito Santo,Rural,Federal,--,--,--,--,--,--,--,--,--,--,--,--,93.2,90.3,92.1,98,98.6,--,--,--,--,--,--,--,--,--,--,--,--,--,5.7,8,7.1,1.4,0,--,--,--,--,--,--,--,--,--,--,--,--,--,1.1,1.7,0.8,0.6,1.4,--
2022,Espírito Santo,Total,Estadual,94.8,97.2,94.2,99,99.5,95.1,96.5,96.4,95,93.9,93,94.8,91.4,88.7,90.7,96.4,--,--,4.6,2.7,5.1,0.8,0.5,4.7,3.4,3.3,4.6,5.2,6.1,4.3,6.6,9.1,7,2.4,--,--,0.6,0.1,0.7,0.2,0,0.2,0.1,0.3,0.4,0.9,0.9,0.9,2,2.2,2.3,1.2,--,--
2022,Espírito Santo,Urbana,Estadual,94.7,97,94.2,99,99.5,94.9,96.4,96.2,95.1,93.9,92.9,94.8,91.3,88.6,90.6,96.4,--,--,4.6,2.8,5,0.8,0.5,4.9,3.6,3.5,4.4,5.2,6.2,4.3,6.7,9.2,7,2.4,--,--,0.7,0.2,0.8,0.2,0,0.2,0,0.3,0.5,0.9,0.9,0.9,2,2.2,2.4,1.2,--,--
2022,Espírito Santo,Rural,Estadual,95.7,98.2,94,99.3,99.8,96.5,97.6,98.1,93.3,94.3,94,94.4,94.9,93.8,94,97.1,--,--,4.1,1.8,5.7,0.7,0.2,3.5,2.4,1.9,6.7,5.3,5.6,5.3,3.6,4.5,4.4,1.6,--,--,0.2,0,0.3,0,0,0,0,0,0,0.4,0.4,0.3,1.5,1.7,1.6,1.3,--,--
2022,Espírito Santo,Total,Municipal,93.4,95.5,89.5,98.6,98.1,92.4,93.5,94.7,89.2,88.2,87.7,93.7,--,--,--,--,--,--,6.1,4.3,9.6,1.2,1.7,7.4,6.3,5,10.2,10.8,11.1,5.3,--,--,--,--,--,--,0.5,0.2,0.9,0.2,0.2,0.2,0.2,0.3,0.6,1,1.2,1,--,--,--,--,--,--
2022,Espírito Santo,Urbana,Municipal,93.3,95.5,89.1,98.6,98.1,92.6,93.4,94.6,89,87.8,87.2,93.3,--,--,--,--,--,--,6.2,4.3,9.9,1.2,1.8,7.2,6.4,5.1,10.5,11.2,11.5,5.6,--,--,--,--,--,--,0.5,0.2,1,0.2,0.1,0.2,0.2,0.3,0.5,1,1.3,1.1,--,--,--,--,--,--
2022,Espírito Santo,Rural,Municipal,94.5,95.5,92.2,98.8,98.7,91.4,93.7,95.1,91.3,91,91.1,96.4,--,--,--,--,--,--,5.2,4.3,7,1,1.3,8.6,6,4.8,8.3,8.3,8,2.7,--,--,--,--,--,--,0.3,0.2,0.8,0.2,0,0,0.3,0.1,0.4,0.7,0.9,0.9,--,--,--,--,--,--
2022,Espírito Santo,Total,Privada,99.2,99.7,98.6,100,99.9,99.5,99.7,99.5,98.9,98.9,98.3,98.1,97.5,96.2,97.4,99.2,97,88.9,0.8,0.3,1.4,0,0.1,0.5,0.3,0.5,1.1,1.1,1.7,1.9,2.2,3.5,2.3,0.6,1.8,0,0,0,0,0,0,0,0,0,0,0,0,0,0.3,0.3,0.3,0.2,1.2,11.1
2022,Espírito Santo,Urbana,Privada,99.3,99.7,98.6,100,99.9,99.5,99.7,99.5,98.9,99,98.4,98.2,97.8,96.4,97.7,99.4,--,88.9,0.7,0.3,1.4,0,0.1,0.5,0.3,0.5,1.1,1,1.6,1.8,2.1,3.4,2.1,0.5,--,0,0,0,0,0,0,0,0,0,0,0,0,0,0.1,0.2,0.2,0.1,--,11.1
2022,Espírito Santo,Rural,Privada,96.2,--,96.2,--,--,--,--,--,98.5,94.5,95.3,96.2,94.4,93.2,93.2,96.2,97,--,3.4,--,3.4,--,--,--,--,--,1,5.5,4.7,2.7,3.8,4.5,4.5,3,1.8,--,0.4,--,0.4,--,--,--,--,--,0.5,0,0,1.1,1.8,2.3,2.3,0.8,1.2,--
2022,Espírito Santo,Total,Pública,93.7,95.6,91.2,98.7,98.2,92.6,93.7,94.8,91.1,90.3,89.7,94.1,91.4,88.7,90.7,96.2,93,85.2,5.8,4.2,7.9,1.2,1.6,7.2,6.1,4.9,8.4,8.8,9.2,4.9,6.7,9.1,7,2.6,3.6,8.2,0.5,0.2,0.9,0.1,0.2,0.2,0.2,0.3,0.5,0.9,1.1,1,1.9,2.2,2.3,1.2,3.4,6.6
2022,Espírito Santo,Urbana,Pública,93.6,95.6,91.1,98.6,98.2,92.8,93.7,94.8,91,90.1,89.5,94,91.2,88.6,90.6,96.1,92.3,85.2,5.9,4.2,8,1.2,1.7,7.1,6.2,4.9,8.5,8.9,9.4,5,6.8,9.2,7.1,2.6,4,8.2,0.5,0.2,0.9,0.2,0.1,0.1,0.1,0.3,0.5,1,1.1,1,2,2.2,2.3,1.3,3.7,6.6
2022,Espírito Santo,Rural,Pública,94.6,95.8,92.6,98.9,98.7,91.8,94.1,95.3,91.7,91.7,91.7,96,94.1,92.3,93.2,97.4,98.6,--,5.1,4.1,6.8,1,1.3,8.2,5.7,4.5,8,7.6,7.5,3.3,4.5,6,5.6,1.5,0,--,0.3,0.1,0.6,0.1,0,0,0.2,0.2,0.3,0.7,0.8,0.7,1.4,1.7,1.2,1.1,1.4,--
2022,Rio de Janeiro,Total,Total,92.2,93,91.1,95.2,94.2,90,91.8,93.7,91.7,91.3,89.8,91.5,83,80.8,82.1,86.3,88.1,87.2,7,6.5,7.7,4,5.3,9.5,7.8,5.7,7.5,7.7,8.7,6.9,11.7,14.3,12.5,8.1,7.9,7.2,0.8,0.5,1.2,0.8,0.5,0.5,0.4,0.6,0.8,1,1.5,1.6,5.3,4.9,5.4,5.6,4,5.6
2022,Rio de Janeiro,Urbana,Total,92.3,93.2,91.2,95.3,94.4,90.2,92,93.8,91.9,91.5,90,91.5,82.9,80.7,81.9,86.1,88.1,87.2,6.9,6.3,7.6,3.9,5.1,9.3,7.6,5.6,7.3,7.5,8.6,6.9,11.8,14.4,12.7,8.2,7.9,7.2,0.8,0.5,1.2,0.8,0.5,0.5,0.4,0.6,0.8,1,1.4,1.6,5.3,4.9,5.4,5.7,4,5.6
2022,Rio de Janeiro,Rural,Total,89.4,90.2,87.9,93.2,90.2,86.8,88.5,92,88.2,87.4,86.2,90,87.7,84.5,88.1,91.8,--,--,9.8,9.4,10.4,6.3,9.5,12.9,11.1,7.5,10.7,11.2,11.9,7.3,8.5,11.8,7.8,4.6,--,--,0.8,0.4,1.7,0.5,0.3,0.3,0.4,0.5,1.1,1.4,1.9,2.7,3.8,3.7,4.1,3.6,--,--
2022,Rio de Janeiro,Total,Federal,95,97.2,93.6,97.5,96.4,95.3,97.9,98.9,94.8,93.2,93.4,93.1,84.1,72.9,82.8,93.8,87.9,86.1,4.8,2.7,6.2,2.3,3.5,4.5,2.1,1,4.9,6.5,6.4,6.8,13,22.3,14,5.3,11.4,10.7,0.2,0.1,0.2,0.2,0.1,0.2,0,0.1,0.3,0.3,0.2,0.1,2.9,4.8,3.2,0.9,0.7,3.2
2022,Rio de Janeiro,Urbana,Federal,95,97.2,93.6,97.5,96.4,95.3,97.9,98.9,94.8,93.2,93.4,93.1,84.4,73.3,83.2,94.1,87.9,86.1,4.8,2.7,6.2,2.3,3.5,4.5,2.1,1,4.9,6.5,6.4,6.8,12.9,22.2,14,5,11.4,10.7,0.2,0.1,0.2,0.2,0.1,0.2,0,0.1,0.3,0.3,0.2,0.1,2.7,4.5,2.8,0.9,0.7,3.2
2022,Rio de Janeiro,Rural,Federal,--,--,--,--,--,--,--,--,--,--,--,--,73.7,65,74.1,85.6,--,--,--,--,--,--,--,--,--,--,--,--,--,--,16.6,22.8,12.7,11.5,--,--,--,--,--,--,--,--,--,--,--,--,--,--,9.7,12.2,13.2,2.9,--,--
2022,Rio de Janeiro,Total,Estadual,85.7,93.8,85.7,97.8,91.1,92.8,92.6,92.9,89.4,87.1,83.9,83.1,79.9,77.9,78.6,83.3,--,90,12.3,4.8,12.4,0.6,6.4,5.6,6.9,5.9,9.5,11.5,13.9,13.9,13.6,16.2,14.6,9.7,--,6.7,2,1.4,1.9,1.6,2.5,1.6,0.5,1.2,1.1,1.4,2.2,3,6.5,5.9,6.8,7,--,3.3
2022,Rio de Janeiro,Urbana,Estadual,85.8,93.9,85.7,98,91.4,92.5,92.6,94.3,89.5,87.3,84.1,83.1,79.6,77.7,78.3,83.1,--,90,12.3,5,12.3,0.8,7,6.1,6.9,4.8,9.5,11.4,13.8,14,13.8,16.4,14.9,9.9,--,6.7,1.9,1.1,2,1.2,1.6,1.4,0.5,0.9,1,1.3,2.1,2.9,6.6,5.9,6.8,7,--,3.3
2022,Rio de Janeiro,Rural,Estadual,83.9,92.2,83.7,97,88.2,95.7,--,55.6,88.4,83.5,79.9,83.6,87.9,84.9,88.1,91.6,--,--,14.1,2.6,14.3,0,0,0,--,33.3,10.9,14.8,18.2,12.9,8.4,11.7,7.8,4.6,--,--,2,5.2,2,3,11.8,4.3,--,11.1,0.7,1.7,1.9,3.5,3.7,3.4,4.1,3.8,--,--
2022,Rio de Janeiro,Total,Municipal,90.6,90.9,90.2,94.6,92.5,86.6,89,91.8,89.7,90,88.8,92.6,83.4,80.9,81,87.7,84,--,8.4,8.4,8.3,4.5,6.9,12.8,10.4,7.4,9.2,8.8,9.4,5.6,7.8,12.2,7.6,3.9,0,--,1,0.7,1.5,0.9,0.6,0.6,0.6,0.8,1.1,1.2,1.8,1.8,8.8,6.9,11.4,8.4,16,--
2022,Rio de Janeiro,Urbana,Municipal,90.7,91,90.3,94.7,92.7,86.6,89.1,91.9,89.8,90.1,88.9,92.7,83.4,80.9,81,87.7,84,--,8.3,8.3,8.2,4.3,6.6,12.7,10.2,7.4,9.1,8.6,9.3,5.5,7.8,12.2,7.6,3.9,0,--,1,0.7,1.5,1,0.7,0.7,0.7,0.7,1.1,1.3,1.8,1.8,8.8,6.9,11.4,8.4,16,--
2022,Rio de Janeiro,Rural,Municipal,89.3,89.8,88.3,93,89.9,86.2,87.9,91.7,87.6,87.4,87.2,91.3,--,--,--,--,--,--,9.9,9.8,10,6.6,9.8,13.5,11.7,7.7,11.2,11.2,10.8,6.1,--,--,--,--,--,--,0.8,0.4,1.7,0.4,0.3,0.3,0.4,0.6,1.2,1.4,2,2.6,--,--,--,--,--,--
2022,Rio de Janeiro,Total,Privada,97.6,98,97,96.4,98,98.5,98.6,98.7,97.7,97,96.7,96.4,94.5,92.2,95.7,96.8,88.4,88.4,2.2,1.8,2.9,3.1,1.8,1.4,1.3,1.2,2.2,2.8,3.1,3.5,4.3,6.5,4.1,2,4.1,2.9,0.2,0.2,0.1,0.5,0.2,0.1,0.1,0.1,0.1,0.2,0.2,0.1,1.2,1.3,0.2,1.2,7.5,8.7
2022,Rio de Janeiro,Urbana,Privada,97.6,98,97,96.4,98,98.5,98.6,98.7,97.7,97,96.7,96.4,94.5,92.2,95.7,96.8,88.4,88.4,2.2,1.8,2.9,3.1,1.8,1.3,1.3,1.2,2.2,2.8,3.1,3.5,4.3,6.5,4.1,2,4.1,2.9,0.2,0.2,0.1,0.5,0.2,0.2,0.1,0.1,0.1,0.2,0.2,0.1,1.2,1.3,0.2,1.2,7.5,8.7
2022,Rio de Janeiro,Rural,Privada,97.3,97.1,97.8,96.2,95.5,97,98.9,98.2,96.7,98.4,98.2,98.3,97,94.8,96.8,100,--,--,2.6,2.9,2,3.6,4.5,3,1.1,1.8,3.1,1.6,1.8,1.1,2.9,5.2,2.7,0,--,--,0.1,0,0.2,0.2,0,0,0,0,0.2,0,0,0.6,0.1,0,0.5,0,--,--
2022,Rio de Janeiro,Total,Pública,90.1,90.9,89.1,94.6,92.5,86.6,89.1,91.9,89.7,89.4,87.5,89.9,80.1,77.8,78.7,83.7,87.8,86.1,8.8,8.4,9.3,4.5,6.9,12.7,10.3,7.4,9.3,9.3,10.6,8,13.6,16.3,14.6,9.5,11.1,10.7,1.1,0.7,1.6,0.9,0.6,0.7,0.6,0.7,1,1.3,1.9,2.1,6.3,5.9,6.7,6.8,1.1,3.2
2022,Rio de Janeiro,Urbana,Pública,90.2,91,89.2,94.8,92.7,86.7,89.2,91.9,89.8,89.5,87.6,89.9,79.8,77.5,78.4,83.5,87.8,86.1,8.7,8.2,9.2,4.3,6.6,12.6,10.2,7.4,9.2,9.2,10.5,8,13.7,16.5,14.8,9.7,11.1,10.7,1.1,0.8,1.6,0.9,0.7,0.7,0.6,0.7,1,1.3,1.9,2.1,6.5,6,6.8,6.8,1.1,3.2
2022,Rio de Janeiro,Rural,Pública,88.9,89.8,87.4,93,89.9,86.2,87.9,91.7,87.8,86.8,85.6,89.5,87.3,84.1,87.7,91.4,--,--,10.2,9.8,10.8,6.5,9.8,13.4,11.7,7.8,11.1,11.8,12.4,7.7,8.7,12.1,8,4.9,--,--,0.9,0.4,1.8,0.5,0.3,0.4,0.4,0.5,1.1,1.4,2,2.8,4,3.8,4.3,3.7,--,--
2022,São Paulo,Total,Total,98.1,98.7,97.3,99.4,99.1,97.6,98.8,98.7,97.9,97.9,97.1,96.2,91.4,90.9,90.5,93,98.3,89.1,1.5,1.1,1.9,0.3,0.7,2.3,1,1.1,1.6,1.5,2,2.5,5.3,6.1,5.9,3.6,0.9,6.9,0.4,0.2,0.8,0.3,0.2,0.1,0.2,0.2,0.5,0.6,0.9,1.3,3.3,3,3.6,3.4,0.8,4
2022,São Paulo,Urbana,Total,98.1,98.7,97.3,99.4,99.1,97.6,98.8,98.7,97.9,97.8,97.1,96.2,91.3,90.8,90.5,93,98.3,88.8,1.5,1.1,1.9,0.3,0.7,2.2,1,1.1,1.6,1.5,2,2.5,5.4,6.2,5.9,3.7,0.9,7,0.4,0.2,0.8,0.3,0.2,0.2,0.2,0.2,0.5,0.7,0.9,1.3,3.3,3,3.6,3.3,0.8,4.2
2022,São Paulo,Rural,Total,98.3,98.3,98.2,99.5,99.2,96.3,98.5,98.1,98.7,98.4,98.2,97.6,95.9,96.1,95.1,96.8,--,96.2,1.5,1.6,1.3,0.4,0.8,3.7,1.5,1.8,1.2,1.2,1.3,1.5,2.2,2.5,2.5,1.3,--,3.8,0.2,0.1,0.5,0.1,0,0,0,0.1,0.1,0.4,0.5,0.9,1.9,1.4,2.4,1.9,--,0
2022,São Paulo,Total,Federal,99.5,99.5,--,97.5,100,100,100,100,--,--,--,--,95.8,92.8,96.3,98.2,98.5,--,0.5,0.5,--,2.5,0,0,0,0,--,--,--,--,3.9,7,3.6,1.4,1,--,0,0,--,0,0,0,0,0,--,--,--,--,0.3,0.2,0.1,0.4,0.5,--
2022,São Paulo,Urbana,Federal,99.5,99.5,--,97.5,100,100,100,100,--,--,--,--,95.8,92.8,96.3,98.2,98.5,--,0.5,0.5,--,2.5,0,0,0,0,--,--,--,--,3.9,7,3.6,1.4,1,--,0,0,--,0,0,0,0,0,--,--,--,--,0.3,0.2,0.1,0.4,0.5,--
2022,São Paulo,Total,Estadual,97.5,99.1,96.8,99,99.3,98.5,99.3,99.3,97.8,97.9,96.8,95,90,89.6,89.2,91.6,89.5,92.5,1.5,0.4,2,0.3,0.3,1,0.3,0.3,1.6,1.3,1.9,3.4,6,6.8,6.6,4.3,0,5.3,1,0.5,1.2,0.7,0.4,0.5,0.4,0.4,0.6,0.8,1.3,1.6,4,3.6,4.2,4.1,10.5,2.2
2022,São Paulo,Urbana,Estadual,97.5,99.1,96.8,99,99.3,98.5,99.3,99.3,97.7,97.9,96.8,94.9,89.9,89.5,89.1,91.5,89.5,91.2,1.5,0.4,2.1,0.3,0.3,1,0.3,0.3,1.6,1.3,2,3.4,6.1,6.8,6.6,4.4,0,5.9,1,0.5,1.1,0.7,0.4,0.5,0.4,0.4,0.7,0.8,1.2,1.7,4,3.7,4.3,4.1,10.5,2.9
2022,São Paulo,Rural,Estadual,98.7,99.5,98.6,99.6,99.6,98.7,99.8,99.6,99.1,99.1,98.7,97.5,95.8,96.1,94.9,96.6,--,96.2,0.8,0.5,0.8,0.4,0.4,1.3,0.2,0.4,0.7,0.5,0.7,1.4,2.2,2.4,2.5,1.4,--,3.8,0.5,0,0.6,0,0,0,0,0,0.2,0.4,0.6,1.1,2,1.5,2.6,2,--,0
2022,São Paulo,Total,Municipal,98,98.3,96.9,99.4,98.9,96.7,98.4,98.2,97.3,96.8,96.3,97,95.1,94.6,94.4,96.3,99,--,1.7,1.5,2.4,0.4,1,3.2,1.4,1.6,2.2,2.6,2.9,1.8,4,4.7,4.6,2.7,0.5,--,0.3,0.2,0.7,0.2,0.1,0.1,0.2,0.2,0.5,0.6,0.8,1.2,0.9,0.7,1,1,0.5,--
2022,São Paulo,Urbana,Municipal,98,98.3,96.9,99.4,98.9,96.7,98.4,98.2,97.3,96.8,96.3,97,95.1,94.5,94.4,96.3,99,--,1.7,1.5,2.4,0.4,1,3.2,1.4,1.6,2.2,2.6,2.9,1.8,4,4.8,4.6,2.7,0.5,--,0.3,0.2,0.7,0.2,0.1,0.1,0.2,0.2,0.5,0.6,0.8,1.2,0.9,0.7,1,1,0.5,--
2022,São Paulo,Rural,Municipal,98,98.1,97.5,99.4,99.2,95.9,98.3,97.9,97.7,97.2,97.5,97.6,97.3,99.2,95.8,96.5,--,--,1.9,1.8,2.2,0.4,0.8,4.1,1.7,2,2.1,2.5,2.3,1.9,2.2,0.8,3.3,2.6,--,--,0.1,0.1,0.3,0.2,0,0,0,0.1,0.2,0.3,0.2,0.5,0.5,0,0.9,0.9,--,--
2022,São Paulo,Total,Privada,99.3,99.5,98.9,99.8,99.7,99.3,99.4,99.4,99,98.9,98.8,98.9,98.3,97.4,98.4,99.4,98,88.4,0.7,0.5,1.1,0.2,0.3,0.7,0.6,0.6,1,1.1,1.2,1.1,1.6,2.6,1.6,0.6,2,7.2,0,0,0,0,0,0,0,0,0,0,0,0,0.1,0,0,0,0,4.4
2022,São Paulo,Urbana,Privada,99.3,99.5,98.9,99.8,99.7,99.3,99.4,99.4,99,98.9,98.8,98.9,98.3,97.4,98.4,99.4,98,88.4,0.7,0.5,1.1,0.2,0.3,0.7,0.6,0.6,1,1.1,1.2,1.1,1.6,2.6,1.6,0.6,2,7.2,0,0,0,0,0,0,0,0,0,0,0,0,0.1,0,0,0,0,4.4
2022,São Paulo,Rural,Privada,98.9,99.3,98.2,99.5,99.5,98.5,99.5,99.5,98.6,98.3,97.5,98.5,97,95,97.3,99.4,--,--,1.1,0.7,1.8,0.4,0.5,1.5,0.5,0.5,1.4,1.7,2.5,1.5,2.9,5,2.5,0.6,--,--,0,0,0,0.1,0,0,0,0,0,0,0,0,0.1,0,0.2,0,--,--
2022,São Paulo,Total,Pública,97.8,98.5,96.9,99.3,99,97.1,98.6,98.5,97.6,97.6,96.7,95.6,90.2,89.7,89.3,91.7,98.3,92.5,1.6,1.2,2.1,0.4,0.8,2.7,1.1,1.3,1.8,1.7,2.2,2.9,6,6.7,6.5,4.3,0.9,5.3,0.6,0.3,1,0.3,0.2,0.2,0.3,0.2,0.6,0.7,1.1,1.5,3.8,3.6,4.2,4,0.8,2.2
2022,São Paulo,Urbana,Pública,97.8,98.5,96.8,99.3,99,97.2,98.6,98.5,97.6,97.6,96.6,95.5,90.1,89.6,89.3,91.7,98.3,91.2,1.6,1.2,2.1,0.4,0.8,2.6,1.1,1.2,1.8,1.7,2.2,2.9,6,6.8,6.6,4.3,0.9,5.9,0.6,0.3,1.1,0.3,0.2,0.2,0.3,0.3,0.6,0.7,1.2,1.6,3.9,3.6,4.1,4,0.8,2.9
2022,São Paulo,Rural,Pública,98.2,98.2,98.2,99.5,99.2,96.1,98.4,98,98.7,98.5,98.3,97.5,95.8,96.2,94.9,96.6,--,96.2,1.5,1.7,1.3,0.4,0.8,3.9,1.6,1.9,1.2,1.2,1.2,1.5,2.2,2.3,2.5,1.4,--,3.8,0.3,0.1,0.5,0.1,0,0,0,0.1,0.1,0.3,0.5,1,2,1.5,2.6,2,--,0
2022,Paraná,Total,Total,95.2,96.1,94.1,98.4,94.5,93.9,95.3,98.2,96,94.6,92.8,92.8,89.6,87.4,89.4,92,94.9,87.6,4.4,3.9,5.1,1.6,5.5,6.1,4.7,1.8,3.6,4.7,6.1,5.9,6.8,9.2,6.8,4,2.9,9.5,0.4,0,0.8,0,0,0,0,0,0.4,0.7,1.1,1.3,3.6,3.4,3.8,4,2.2,2.9
2022,Paraná,Urbana,Total,95.2,96.2,94,98.4,94.6,94,95.4,98.4,96,94.6,92.8,92.7,89.5,87.2,89.3,91.9,95,87.6,4.4,3.8,5.1,1.6,5.4,6,4.6,1.6,3.6,4.8,6.2,5.9,6.8,9.2,6.9,4.1,2.9,9.5,0.4,0,0.9,0,0,0,0,0,0.4,0.6,1,1.4,3.7,3.6,3.8,4,2.1,2.9
2022,Paraná,Rural,Total,94.9,94.9,94.8,97.7,93.6,92.4,94.4,96.3,96.9,95.2,93.8,93.5,91.8,89.7,92.3,94.2,72.7,--,4.8,5,4.4,2.1,6.4,7.6,5.5,3.6,2.8,4.3,5.2,5.1,5.2,7.5,4.8,2.6,0,--,0.3,0.1,0.8,0.2,0,0,0.1,0.1,0.3,0.5,1,1.4,3,2.8,2.9,3.2,27.3,--
2022,Paraná,Total,Federal,96.5,--,96.5,--,--,--,--,--,95.7,97.3,93,100,90.1,86.9,90.4,93.9,91.1,86.8,3.5,--,3.5,--,--,--,--,--,4.3,2.7,7,0,8,11.6,8,3.9,6.2,10.6,0,--,0,--,--,--,--,--,0,0,0,0,1.9,1.5,1.6,2.2,2.7,2.6
2022,Paraná,Urbana,Federal,96.5,--,96.5,--,--,--,--,--,95.7,97.3,93,100,90.1,86.9,90,93.9,91.6,86.8,3.5,--,3.5,--,--,--,--,--,4.3,2.7,7,0,8.1,11.4,8.3,4,6.4,10.6,0,--,0,--,--,--,--,--,0,0,0,0,1.8,1.7,1.7,2.1,2,2.6
2022,Paraná,Rural,Federal,--,--,--,--,--,--,--,--,--,--,--,--,90,85.6,97,94.7,72.7,--,--,--,--,--,--,--,--,--,--,--,--,--,5.6,14.4,2,0,0,--,--,--,--,--,--,--,--,--,--,--,--,--,4.4,0,1,5.3,27.3,--
2022,Paraná,Total,Estadual,93.3,90.9,93.3,91.4,90.1,92.1,91.5,89.2,95.5,93.9,91.9,91.9,88.3,86,88.2,90.7,95.4,--,5.7,8.5,5.7,7,9.6,7.5,7.8,10.4,4.1,5.3,6.9,6.6,7.5,9.9,7.5,4.6,2.5,--,1,0.6,1,1.6,0.3,0.4,0.7,0.4,0.4,0.8,1.2,1.5,4.2,4.1,4.3,4.7,2.1,--
2022,Paraná,Urbana,Estadual,93.2,96.5,93.2,99.2,93.8,94.6,97.6,97.6,95.4,93.9,91.8,91.8,88.1,85.8,87.9,90.6,95.4,--,5.8,3.5,5.8,0.8,6.2,5.4,2.4,2.4,4.1,5.4,7,6.7,7.6,10.1,7.7,4.7,2.5,--,1,0,1,0,0,0,0,0,0.5,0.7,1.2,1.5,4.3,4.1,4.4,4.7,2.1,--
2022,Paraná,Rural,Estadual,94.4,88.9,94.8,89.3,88.9,91.2,89.3,86.1,97.1,95.2,93.8,93.6,91.8,89.7,92.1,94,--,--,4.8,10.2,4.3,8.7,10.6,8.3,9.8,13.2,2.6,4.4,5.2,5.1,5.2,7.4,4.9,2.7,--,--,0.8,0.9,0.9,2,0.5,0.5,0.9,0.7,0.3,0.4,1,1.3,3,2.9,3,3.3,--,--
2022,Paraná,Total,Municipal,95.7,95.6,98.2,98.2,93.8,93.1,94.8,98.1,98.6,98.9,98.4,96.9,100,100,--,--,--,--,4.3,4.4,1.2,1.8,6.2,6.9,5.2,1.9,1.4,0.5,0.8,1.9,0,0,--,--,--,--,0,0,0.6,0,0,0,0,0,0,0.6,0.8,1.2,0,0,--,--,--,--
2022,Paraná,Urbana,Municipal,95.7,95.7,99.1,98.3,93.8,93.2,94.8,98.2,100,99.5,99.4,97.8,100,100,--,--,--,--,4.3,4.3,0.3,1.7,6.2,6.8,5.2,1.8,0,0,0,1.1,0,0,--,--,--,--,0,0,0.6,0,0,0,0,0,0,0.5,0.6,1.1,0,0,--,--,--,--
2022,Paraná,Rural,Municipal,95.1,95.2,91,98.1,93.8,92.4,94.6,96.8,88.9,94.7,91,89.5,--,--,--,--,--,--,4.8,4.8,8.1,1.8,6.2,7.6,5.4,3.1,11.1,4.5,7.5,9.1,--,--,--,--,--,--,0.1,0,0.9,0.1,0,0,0,0.1,0,0.8,1.5,1.4,--,--,--,--,--,--
2022,Paraná,Total,Privada,98.8,99,98.7,99.3,98.7,98.8,98.7,99.3,99.1,98.8,98.4,98.3,97.8,96.4,97.8,99.2,100,93.3,1.2,1,1.3,0.7,1.3,1.2,1.3,0.7,0.9,1.2,1.6,1.7,2.1,3.5,2.1,0.7,0,0,0,0,0,0,0,0,0,0,0,0,0,0,0.1,0.1,0.1,0.1,0,6.7
2022,Paraná,Urbana,Privada,98.8,99,98.7,99.3,98.7,98.8,98.7,99.3,99.1,98.8,98.4,98.4,97.8,96.5,97.8,99.2,100,93.3,1.2,1,1.3,0.7,1.3,1.2,1.3,0.7,0.9,1.2,1.6,1.6,2.1,3.4,2.1,0.7,0,0,0,0,0,0,0,0,0,0,0,0,0,0,0.1,0.1,0.1,0.1,0,6.7
2022,Paraná,Rural,Privada,98.6,99.6,97.6,100,98.4,100,100,100,98,100,98.6,94.4,96.1,91.1,96.9,100,--,--,1.2,0.4,2,0,1.6,0,0,0,2,0,1.4,4.2,3.7,8.1,3.1,0,--,--,0.2,0,0.4,0,0,0,0,0,0,0,0,1.4,0.2,0.8,0,0,--,--
2022,Paraná,Total,Pública,94.6,95.6,93.3,98.2,93.8,93.1,94.8,98.1,95.5,94,92,91.9,88.3,86,88.2,90.8,94.9,86.8,4.9,4.4,5.7,1.8,6.2,6.9,5.2,1.9,4,5.3,6.8,6.5,7.5,10,7.5,4.6,2.9,10.6,0.5,0,1,0,0,0,0,0,0.5,0.7,1.2,1.6,4.2,4,4.3,4.6,2.2,2.6
2022,Paraná,Urbana,Pública,94.6,95.7,93.3,98.3,93.8,93.2,94.8,98.2,95.5,93.9,91.9,91.8,88.2,85.9,88,90.6,94.9,86.8,5,4.3,5.7,1.7,6.2,6.8,5.2,1.8,4.1,5.3,6.9,6.6,7.6,10.1,7.7,4.7,3,10.6,0.4,0,1,0,0,0,0,0,0.4,0.8,1.2,1.6,4.2,4,4.3,4.7,2.1,2.6
2022,Paraná,Rural,Pública,94.8,94.9,94.8,97.7,93.6,92.3,94.4,96.2,96.9,95.1,93.7,93.5,91.7,89.6,92.2,94.1,72.7,--,4.8,5,4.4,2.1,6.4,7.7,5.6,3.6,2.8,4.4,5.2,5.1,5.2,7.5,4.9,2.6,0,--,0.4,0.1,0.8,0.2,0,0,0,0.2,0.3,0.5,1.1,1.4,3.1,2.9,2.9,3.3,27.3,--
2022,Santa Catarina,Total,Total,94.5,96.9,91.3,99,95.8,96.9,97.4,95.6,92.2,90.3,90.1,92.6,83.2,78.7,83.5,88.7,86.1,86.9,5.2,2.9,8,0.8,4.1,3,2.5,4.3,7.4,9.1,9.1,6.4,11.8,17.1,10.8,6,6.7,4.6,0.3,0.2,0.7,0.2,0.1,0.1,0.1,0.1,0.4,0.6,0.8,1,5,4.2,5.7,5.3,7.2,8.5
2022,Santa Catarina,Urbana,Total,94.4,96.9,91.2,99,95.7,96.9,97.4,95.5,92.2,90.3,90,92.5,83,78.5,83.3,88.6,86,86.9,5.2,3,8.1,0.8,4.2,3,2.5,4.3,7.4,9.2,9.2,6.5,12,17.3,10.9,6,6.7,4.6,0.4,0.1,0.7,0.2,0.1,0.1,0.1,0.2,0.4,0.5,0.8,1,5,4.2,5.8,5.4,7.3,8.5
2022,Santa Catarina,Rural,Total,95.7,97.4,92.4,99.3,96.6,97,97.6,96.5,92.7,91.5,90.9,94.6,90.3,87.2,90.5,94.1,91.7,--,4,2.5,6.9,0.6,3.3,2.9,2.3,3.3,6.9,7.6,8.3,4.5,7.2,10.4,6.7,3.7,0,--,0.3,0.1,0.7,0.1,0.1,0.1,0.1,0.2,0.4,0.9,0.8,0.9,2.5,2.4,2.8,2.2,8.3,--
2022,Santa Catarina,Total,Federal,96,98.3,93.1,100,100,95.8,100,96.2,96,88,88.8,100,88.3,83.4,89.9,91.9,92.8,--,4,1.7,6.9,0,0,4.2,0,3.8,4,12,11.2,0,9.2,14.2,7.9,5.1,4.3,--,0,0,0,0,0,0,0,0,0,0,0,0,2.5,2.4,2.2,3,2.9,--
2022,Santa Catarina,Urbana,Federal,96,98.3,93.1,100,100,95.8,100,96.2,96,88,88.8,100,88,82.6,89.7,91.9,92.8,--,4,1.7,6.9,0,0,4.2,0,3.8,4,12,11.2,0,9.5,15,8.2,5.3,4.3,--,0,0,0,0,0,0,0,0,0,0,0,0,2.5,2.4,2.1,2.8,2.9,--
2022,Santa Catarina,Rural,Federal,--,--,--,--,--,--,--,--,--,--,--,--,92.9,93.2,92.5,92.8,--,--,--,--,--,--,--,--,--,--,--,--,--,--,4.8,5.9,4.8,3.4,--,--,--,--,--,--,--,--,--,--,--,--,--,--,2.3,0.9,2.7,3.8,--,--
2022,Santa Catarina,Total,Estadual,89.9,94.8,86.7,98.1,89.7,98.1,98.4,90.3,88.4,85.3,85.3,88.1,80.6,75.9,80.9,86.9,78.6,92.3,9.5,5.1,12.3,1.7,10.2,1.7,1.5,9.6,11.2,13.9,13.7,10.5,13.5,19.3,12.4,6.8,9.3,3.8,0.6,0.1,1,0.2,0.1,0.2,0.1,0.1,0.4,0.8,1,1.4,5.9,4.8,6.7,6.3,12.1,3.9
2022,Santa Catarina,Urbana,Estadual,89.7,94.7,86.6,98.1,89.3,98.1,98.3,90.1,88.3,85.1,85.1,87.9,80.4,75.6,80.6,86.7,78.4,92.3,9.7,5.2,12.5,1.7,10.6,1.8,1.5,9.8,11.3,14.2,13.9,10.7,13.6,19.5,12.5,6.9,9.5,3.8,0.6,0.1,0.9,0.2,0.1,0.1,0.2,0.1,0.4,0.7,1,1.4,6,4.9,6.9,6.4,12.1,3.9
2022,Santa Catarina,Rural,Estadual,92.7,96.5,89.6,98.6,93.8,99,99,92.6,89.8,89.5,87.8,91.5,89.5,85.8,90.2,93.8,91.7,--,6.7,3.3,9.4,1.1,6.2,1,0.9,7.2,9.7,9.5,11.2,7.3,7.8,11.5,6.8,4.1,0,--,0.6,0.2,1,0.3,0,0,0.1,0.2,0.5,1,1,1.2,2.7,2.7,3,2.1,8.3,--
2022,Santa Catarina,Total,Municipal,96,97.1,93.8,99.1,96.9,95.9,96.6,96.9,93.8,92.8,92.9,96.1,93.7,95.1,94.7,90.8,--,--,3.7,2.7,5.5,0.7,2.9,4,3.3,2.9,5.9,6.6,6.3,3.1,3.8,1.6,3.8,6.4,--,--,0.3,0.2,0.7,0.2,0.2,0.1,0.1,0.2,0.3,0.6,0.8,0.8,2.5,3.3,1.5,2.8,--,--
2022,Santa Catarina,Urbana,Municipal,95.9,97,93.8,99.1,96.9,95.8,96.5,96.8,93.7,92.7,92.8,96,94.3,97.6,94.3,90.7,--,--,3.8,2.8,5.6,0.7,3,4.1,3.4,3,5.9,6.7,6.3,3.1,5.7,2.4,5.7,9.3,--,--,0.3,0.2,0.6,0.2,0.1,0.1,0.1,0.2,0.4,0.6,0.9,0.9,0,0,0,0,--,--
2022,Santa Catarina,Rural,Municipal,96.8,97.6,94.6,99.4,97.2,96.6,97.2,97.5,94.7,93.1,93.5,97,92.5,90.2,95.6,91.2,--,--,3,2.3,4.9,0.5,2.7,3.3,2.7,2.3,5,6.2,5.9,2.3,0,0,0,0,--,--,0.2,0.1,0.5,0.1,0.1,0.1,0.1,0.2,0.3,0.7,0.6,0.7,7.5,9.8,4.4,8.8,--,--
2022,Santa Catarina,Total,Privada,99.1,99.4,98.5,99.6,99.3,99.5,99.5,99.4,99,98.5,98.1,98.3,97.3,96,97.5,98.7,--,85.9,0.9,0.5,1.5,0.3,0.7,0.5,0.4,0.6,1,1.5,1.9,1.6,2.5,3.7,2.2,1.2,--,4.7,0,0.1,0,0.1,0,0,0.1,0,0,0,0,0.1,0.2,0.3,0.3,0.1,--,9.4
2022,Santa Catarina,Urbana,Privada,99.1,99.4,98.5,99.6,99.3,99.5,99.5,99.4,99,98.5,98.1,98.3,97.3,96.1,97.7,98.6,--,85.9,0.9,0.5,1.5,0.3,0.7,0.5,0.5,0.6,1,1.5,1.9,1.6,2.4,3.6,2.1,1.2,--,4.7,0,0.1,0,0.1,0,0,0,0,0,0,0,0.1,0.3,0.3,0.2,0.2,--,9.4
2022,Santa Catarina,Rural,Privada,98.3,99.1,97.4,98.8,100,96.9,100,100,100,98,96.2,96.9,93.5,92.3,89.5,99.4,--,--,1.7,0.9,2.6,1.2,0,3.1,0,0,0,2,3.8,3.1,6.3,7.7,9.9,0.6,--,--,0,0,0,0,0,0,0,0,0,0,0,0,0.2,0,0.6,0,--,--
2022,Santa Catarina,Total,Pública,93.7,96.5,90.3,98.9,95.2,96.4,97.1,95,91.2,89.1,89,91.8,81,76.2,81.3,87.1,86.1,92.3,5.8,3.3,9,0.9,4.7,3.4,2.8,4.8,8.4,10.2,10.1,7.1,13.3,19.1,12.1,6.7,6.7,3.8,0.5,0.2,0.7,0.2,0.1,0.2,0.1,0.2,0.4,0.7,0.9,1.1,5.7,4.7,6.6,6.2,7.2,3.9
2022,Santa Catarina,Urbana,Pública,93.6,96.4,90.1,98.8,95,96.4,97,94.8,91.1,89,88.8,91.6,80.8,75.9,81.1,86.9,86,92.3,6,3.4,9.1,1,4.9,3.5,2.9,5,8.5,10.4,10.2,7.2,13.4,19.3,12.3,6.8,6.7,3.8,0.4,0.2,0.8,0.2,0.1,0.1,0.1,0.2,0.4,0.6,1,1.2,5.8,4.8,6.6,6.3,7.3,3.9
2022,Santa Catarina,Rural,Pública,95.7,97.4,92.4,99.3,96.6,97,97.6,96.5,92.6,91.5,90.9,94.5,90,86.8,90.6,93.6,91.7,--,4,2.5,6.9,0.6,3.3,2.9,2.3,3.4,7,7.7,8.3,4.6,7.3,10.6,6.4,4,0,--,0.3,0.1,0.7,0.1,0.1,0.1,0.1,0.1,0.4,0.8,0.8,0.9,2.7,2.6,3,2.4,8.3,--
2022,Rio Grande do Sul,Total,Total,93.1,95,90.7,99.6,99.6,91.3,92.8,91.9,91.4,90.1,89,92.2,82.2,80,81.8,85.2,85.4,86.1,5.9,4.7,7.6,0.2,0.2,8.4,6.9,7.6,7.7,8.5,8.7,5.1,8.3,11.5,8,4.5,8.4,1.5,1,0.3,1.7,0.2,0.2,0.3,0.3,0.5,0.9,1.4,2.3,2.7,9.5,8.5,10.2,10.3,6.2,12.4
2022,Rio Grande do Sul,Urbana,Total,93.1,95,90.7,99.5,99.6,91.2,92.8,91.9,91.5,90.1,89.1,92.1,82.2,80,81.8,85.2,87.1,86.1,5.9,4.7,7.5,0.2,0.2,8.5,6.9,7.6,7.7,8.5,8.7,5.2,8.2,11.4,7.9,4.4,6.9,1.5,1,0.3,1.8,0.3,0.2,0.3,0.3,0.5,0.8,1.4,2.2,2.7,9.6,8.6,10.3,10.4,6,12.4
2022,Rio Grande do Sul,Rural,Total,93.1,95.2,90.2,99.7,99.6,91.8,93,92.2,90.4,89.5,88.4,92.6,81.5,78.9,82.1,85.7,75.6,--,5.9,4.6,7.6,0.1,0.3,8.1,6.8,7.5,8.6,8.8,8.7,4.3,10.4,13.1,9.6,6.1,17.1,--,1,0.2,2.2,0.2,0.1,0.1,0.2,0.3,1,1.7,2.9,3.1,8.1,8,8.3,8.2,7.3,--
2022,Rio Grande do Sul,Total,Federal,96,100,95.6,100,100,100,100,100,95.2,96.4,96.8,94.1,83.5,77.9,83,89.7,86.4,--,4,0,4.4,0,0,0,0,0,4.8,3.6,3.2,5.9,11.9,16.1,12.3,6.9,10.7,--,0,0,0,0,0,0,0,0,0,0,0,0,4.6,6,4.7,3.4,2.9,--
2022,Rio Grande do Sul,Urbana,Federal,96,100,95.6,100,100,100,100,100,95.2,96.4,96.8,94.1,83.7,78.3,82.4,88.7,88.5,--,4,0,4.4,0,0,0,0,0,4.8,3.6,3.2,5.9,11.4,15.7,12.1,7.4,8.1,--,0,0,0,0,0,0,0,0,0,0,0,0,4.9,6,5.5,3.9,3.4,--
2022,Rio Grande do Sul,Rural,Federal,--,--,--,--,--,--,--,--,--,--,--,--,83,76.8,84.9,93.6,75.4,--,--,--,--,--,--,--,--,--,--,--,--,--,13.8,17.2,12.9,5,24.4,--,--,--,--,--,--,--,--,--,--,--,--,--,3.2,6,2.2,1.4,0.2,--
2022,Rio Grande do Sul,Total,Estadual,93.1,95,91.4,99.8,99.9,91.8,92.7,91.8,93.1,91.7,89.5,91.3,80.1,78.1,79.6,83,84.2,94.6,5.6,4.7,6.5,0,0,7.9,6.9,7.7,6,6.7,7.8,5.3,8.9,12.2,8.5,4.8,6.9,1,1.3,0.3,2.1,0.2,0.1,0.3,0.4,0.5,0.9,1.6,2.7,3.4,11,9.7,11.9,12.2,8.9,4.4
2022,Rio Grande do Sul,Urbana,Estadual,93.1,94.9,91.4,99.8,99.9,91.5,92.6,91.7,93.1,91.7,89.5,91.4,80,78.1,79.6,83,85.5,94.6,5.7,4.8,6.5,0,0,8.1,7.1,7.7,6,6.7,7.8,5.3,8.8,12.2,8.5,4.7,6.2,1,1.2,0.3,2.1,0.2,0.1,0.4,0.3,0.6,0.9,1.6,2.7,3.3,11.2,9.7,11.9,12.3,8.3,4.4
2022,Rio Grande do Sul,Rural,Estadual,93.7,96.1,91.5,100,99.8,94.4,94.7,92.4,93.7,91.9,89.7,90.7,80.1,78.5,80.4,82.6,75.8,--,4.9,3.7,6,0,0.1,5.3,4.9,7.3,5.3,6.4,6.8,5.4,9.9,12.4,9.3,7,10.9,--,1.4,0.2,2.5,0,0.1,0.3,0.4,0.3,1,1.7,3.5,3.9,10,9.1,10.3,10.4,13.3,--
2022,Rio Grande do Sul,Total,Municipal,91.7,94,88.2,99.4,99.4,89.2,91.2,90.4,88.4,86.8,86.4,91.5,79.2,78.9,79.5,77.3,91.4,--,7.3,5.7,9.9,0.2,0.3,10.5,8.4,9,10.6,11.5,11,5.7,8.2,9.2,7.2,8.7,5.3,--,1,0.3,1.9,0.4,0.3,0.3,0.4,0.6,1,1.7,2.6,2.8,12.6,11.9,13.3,14,3.3,--
2022,Rio Grande do Sul,Urbana,Municipal,91.5,93.8,88,99.3,99.4,88.9,91.1,90.2,88.4,86.6,86.2,91.2,78.4,77.9,78.7,76.3,91.4,--,7.5,5.8,10.1,0.2,0.3,10.7,8.5,9.2,10.6,11.8,11.2,6.1,8.6,8.9,7.7,9.7,5.3,--,1,0.4,1.9,0.5,0.3,0.4,0.4,0.6,1,1.6,2.6,2.7,13,13.2,13.6,14,3.3,--
2022,Rio Grande do Sul,Rural,Municipal,92.9,95,89.5,99.7,99.5,91,92.5,92.1,88.9,88.3,87.7,93.5,84.8,83.9,84.8,86.2,--,--,6.2,4.8,8.4,0.1,0.3,8.8,7.4,7.6,10.1,9.9,9.6,3.8,5.6,10.5,3.8,0,--,--,0.9,0.2,2.1,0.2,0.2,0.2,0.1,0.3,1,1.8,2.7,2.7,9.6,5.6,11.4,13.8,--,--
2022,Rio Grande do Sul,Total,Privada,98.6,99.2,97.8,99.7,99.7,98.6,99.1,98.8,98.2,97.7,97.4,97.8,96.4,95.7,96.8,98.4,97.3,83.8,1.4,0.8,2.2,0.3,0.3,1.4,0.9,1.2,1.7,2.3,2.6,2.2,2.9,4.2,3,1.4,1.4,1.6,0,0,0,0,0,0,0,0,0.1,0,0,0,0.7,0.1,0.2,0.2,1.3,14.6
2022,Rio Grande do Sul,Urbana,Privada,98.6,99.2,97.8,99.7,99.7,98.6,99.1,98.8,98.2,97.7,97.4,97.8,96.4,95.7,96.8,98.4,97.3,83.8,1.4,0.8,2.2,0.3,0.3,1.4,0.9,1.2,1.7,2.3,2.6,2.2,2.9,4.2,3.1,1.5,1.4,1.6,0,0,0,0,0,0,0,0,0.1,0,0,0,0.7,0.1,0.1,0.1,1.3,14.6
2022,Rio Grande do Sul,Rural,Privada,98.3,98.6,97.4,98.1,100,95.8,100,100,96.4,95,100,100,96.2,96.5,94.5,97.9,--,--,1.7,1.4,2.6,1.9,0,4.2,0,0,3.6,5,0,0,1.1,1.3,1.6,0,--,--,0,0,0,0,0,0,0,0,0,0,0,0,2.7,2.2,3.9,2.1,--,--
2022,Rio Grande do Sul,Total,Pública,92.2,94.3,89.6,99.5,99.5,90,91.8,90.9,90.4,89,87.9,91.4,80.2,78.1,79.7,83.3,85.3,94.6,6.7,5.3,8.3,0.1,0.2,9.6,7.9,8.6,8.6,9.4,9.5,5.5,9,12.3,8.7,4.9,8.4,1,1.1,0.4,2.1,0.4,0.3,0.4,0.3,0.5,1,1.6,2.6,3.1,10.8,9.6,11.6,11.8,6.3,4.4
2022,Rio Grande do Sul,Urbana,Pública,92.1,94.2,89.6,99.5,99.5,89.8,91.6,90.8,90.4,88.9,87.8,91.3,80.2,78.1,79.6,83.2,86.9,94.6,6.8,5.4,8.4,0.2,0.2,9.8,8,8.7,8.6,9.5,9.6,5.7,8.9,12.3,8.6,4.9,7,1,1.1,0.4,2,0.3,0.3,0.4,0.4,0.5,1,1.6,2.6,3,10.9,9.6,11.8,11.9,6.1,4.4
2022,Rio Grande do Sul,Rural,Pública,93.1,95.2,90.2,99.7,99.6,91.8,93,92.2,90.4,89.5,88.4,92.5,80.9,78.2,81.5,85.2,75.6,--,5.9,4.6,7.6,0.1,0.3,8.1,6.8,7.5,8.6,8.8,8.7,4.3,10.8,13.6,9.9,6.4,17.1,--,1,0.2,2.2,0.2,0.1,0.1,0.2,0.3,1,1.7,2.9,3.2,8.3,8.2,8.6,8.4,7.3,--
2022,Mato Grosso do Sul,Total,Total,91.1,91.6,90.6,98.4,88.9,88.7,88.4,93,89.4,90.6,90.7,91.9,84.2,83.4,84.1,86.8,78.7,76.6,8.2,8.1,8.2,1.3,10.8,11,11.3,6.5,9.9,8.3,8.1,6.5,11.1,12.5,11.2,9.2,7.3,12.6,0.7,0.3,1.2,0.3,0.3,0.3,0.3,0.5,0.7,1.1,1.2,1.6,4.7,4.1,4.7,4,14,10.8
2022,Mato Grosso do Sul,Urbana,Total,91.9,92.2,91.5,98.5,89.5,89.4,89.2,94,90.6,91.4,91.5,92.4,84.5,83.6,84.3,87.1,72,76.4,7.5,7.5,7.5,1.2,10.2,10.3,10.6,5.6,8.8,7.6,7.4,6.1,11,12.3,11,9,8.9,12.8,0.6,0.3,1,0.3,0.3,0.3,0.2,0.4,0.6,1,1.1,1.5,4.5,4.1,4.7,3.9,19.1,10.8
2022,Mato Grosso do Sul,Rural,Total,84.9,86.2,83.2,97.2,83.6,83,82.3,85.4,79.2,83.1,84,87.4,81.4,80.3,80.6,82.8,90.9,85,13.6,13,14.3,2.2,15.7,16.4,17,13.4,18.6,14.4,13.2,10.2,12.9,14.4,12.8,11.8,4.5,6.2,1.5,0.8,2.5,0.6,0.7,0.6,0.7,1.2,2.2,2.5,2.8,2.4,5.7,5.3,6.6,5.4,4.6,8.8
2022,Mato Grosso do Sul,Total,Federal,98,--,98,--,--,--,--,--,96.8,99.2,97.5,98,88.7,95.3,94.3,79.1,90.9,85.8,2,--,2,--,--,--,--,--,3.2,0.8,2.5,2,7.6,3.5,4.4,17.6,4.5,7.6,0,--,0,--,--,--,--,--,0,0,0,0,3.7,1.2,1.3,3.3,4.6,6.6
2022,Mato Grosso do Sul,Urbana,Federal,98,--,98,--,--,--,--,--,96.8,99.2,97.5,98,87.6,95.5,94.5,74.7,--,85.8,2,--,2,--,--,--,--,--,3.2,0.8,2.5,2,8.3,3.5,4.2,21.4,--,7.6,0,--,0,--,--,--,--,--,0,0,0,0,4.1,1,1.3,3.9,--,6.6
2022,Mato Grosso do Sul,Rural,Federal,--,--,--,--,--,--,--,--,--,--,--,--,93.8,95,93.7,94.1,90.9,--,--,--,--,--,--,--,--,--,--,--,--,--,4.3,3.7,4.8,4.3,4.5,--,--,--,--,--,--,--,--,--,--,--,--,--,1.9,1.3,1.5,1.6,4.6,--
2022,Mato Grosso do Sul,Total,Estadual,91.3,92.5,91.1,94.7,89.8,88.2,88.5,94.1,90.3,92.3,91.1,90.7,82.5,81.3,82.1,85.7,72,69.4,7.4,6.9,7.5,3,9.7,11.3,11.4,5.4,8.8,6.5,7.4,7.4,12.4,14,12.4,9.8,8.9,17.6,1.3,0.6,1.4,2.3,0.5,0.5,0.1,0.5,0.9,1.2,1.5,1.9,5.1,4.7,5.5,4.5,19.1,13
2022,Mato Grosso do Sul,Urbana,Estadual,91.4,92.6,91.3,89.6,87.4,88.4,88.8,94.1,90.4,92.4,91.3,90.9,82.8,81.6,82.5,86.1,72,68.5,7.3,6.7,7.3,6.1,11.6,10.4,11.1,5.3,8.7,6.3,7.2,7.2,12.2,13.8,12.3,9.6,8.9,18.2,1.3,0.7,1.4,4.3,1,1.2,0.1,0.6,0.9,1.3,1.5,1.9,5,4.6,5.2,4.3,19.1,13.3
2022,Mato Grosso do Sul,Rural,Estadual,89.8,92.1,88.6,99.7,91.8,88,87.7,94,88.4,90.2,89.1,86.9,78.3,77.2,77.4,80.4,--,85,9.6,7.9,10.5,0,8.2,12,12.3,6,11.1,9.1,10.1,11.8,15,16.6,14.8,13.5,--,6.2,0.6,0,0.9,0.3,0,0,0,0,0.5,0.7,0.8,1.3,6.7,6.2,7.8,6.1,--,8.8
2022,Mato Grosso do Sul,Total,Municipal,89.6,90.3,87.7,98.3,87.3,87.1,86.6,91.8,86.1,86.7,87.9,91.7,97.1,95,96.9,100,--,--,9.8,9.3,11.1,1.5,12.3,12.5,13,7.8,13,12.1,10.8,6.6,2.9,5,3.1,0,--,--,0.6,0.4,1.2,0.2,0.4,0.4,0.4,0.4,0.9,1.2,1.3,1.7,0,0,0,0,--,--
2022,Mato Grosso do Sul,Urbana,Municipal,90.5,90.9,89.3,98.5,87.9,87.7,87.4,93,88.3,88,89.5,93,--,--,--,--,--,--,9.1,8.8,9.9,1.3,11.8,12,12.3,6.7,11.2,11.1,9.8,5.7,--,--,--,--,--,--,0.4,0.3,0.8,0.2,0.3,0.3,0.3,0.3,0.5,0.9,0.7,1.3,--,--,--,--,--,--
2022,Mato Grosso do Sul,Rural,Municipal,83.7,85.4,81,96.9,82.6,82.3,81.5,83.9,76.3,80.8,81.8,87.3,97.1,95,96.9,100,--,--,14.5,13.7,15.9,2.4,16.6,17,17.7,14.6,20.9,16.2,14.5,9.8,2.9,5,3.1,0,--,--,1.8,0.9,3.1,0.7,0.8,0.7,0.8,1.5,2.8,3,3.7,2.9,0,0,0,0,--,--
2022,Mato Grosso do Sul,Total,Privada,98.8,99.2,98.3,99.5,98.8,98.9,99.2,99.3,98.6,98.5,97.9,98.4,96.8,96.8,97.5,98.6,--,67,1.2,0.8,1.7,0.5,1.2,1.1,0.8,0.7,1.4,1.5,2.1,1.6,2.5,3.1,2.4,1.1,--,9.5,0,0,0,0,0,0,0,0,0,0,0,0,0.7,0.1,0.1,0.3,--,23.5
2022,Mato Grosso do Sul,Urbana,Privada,98.8,99.2,98.3,99.5,98.8,98.9,99.2,99.3,98.6,98.5,97.9,98.4,96.8,96.9,97.5,98.6,--,67,1.2,0.8,1.7,0.5,1.2,1.1,0.8,0.7,1.4,1.5,2.1,1.6,2.5,3.1,2.5,1.1,--,9.5,0,0,0,0,0,0,0,0,0,0,0,0,0.7,0,0,0.3,--,23.5
2022,Mato Grosso do Sul,Rural,Privada,98.9,100,98.2,--,100,100,100,100,100,98.3,97.4,97.1,97,94.9,99,97.8,--,--,1.1,0,1.8,--,0,0,0,0,0,1.7,2.6,2.9,1.8,4.3,0,0,--,--,0,0,0,--,0,0,0,0,0,0,0,0,1.2,0.8,1,2.2,--,--
2022,Mato Grosso do Sul,Total,Pública,90.1,90.4,89.6,98.2,87.4,87.1,86.7,92.2,88.1,89.6,89.8,91.1,82.8,81.8,82.6,85.5,78.7,77.2,9.2,9.2,9.1,1.5,12.2,12.5,12.9,7.3,11,9.2,8.8,7.1,12.1,13.6,12.1,10.1,7.3,12.8,0.7,0.4,1.3,0.3,0.4,0.4,0.4,0.5,0.9,1.2,1.4,1.8,5.1,4.6,5.3,4.4,14,10
2022,Mato Grosso do Sul,Urbana,Pública,90.8,91,90.5,98.4,87.9,87.7,87.4,93.2,89.4,90.5,90.6,91.6,83,82,82.8,85.8,72,77,8.5,8.7,8.4,1.4,11.8,11.9,12.3,6.4,9.9,8.4,8.2,6.7,12,13.5,12,9.9,8.9,13,0.7,0.3,1.1,0.2,0.3,0.4,0.3,0.4,0.7,1.1,1.2,1.7,5,4.5,5.2,4.3,19.1,10
2022,Mato Grosso do Sul,Rural,Pública,84.7,86.1,82.9,97.2,83.4,82.8,82.1,85.2,78.8,82.9,83.7,87.2,80.6,79.6,79.7,82.1,90.9,85,13.7,13.1,14.5,2.2,15.9,16.5,17.1,13.5,18.9,14.6,13.3,10.4,13.4,14.9,13.4,12.4,4.5,6.2,1.6,0.8,2.6,0.6,0.7,0.7,0.8,1.3,2.3,2.5,3,2.4,6,5.5,6.9,5.5,4.6,8.8
2022,Mato Grosso,Total,Total,98.2,99.1,97.1,99.7,99.5,98.4,98.7,99,97.3,98.5,98.1,94.4,73.4,72.3,72.9,74.8,93.1,76.8,1.3,0.8,2,0.2,0.4,1.5,1.2,0.9,2.4,0.9,0.9,4,16.9,19.8,17.3,13.4,6.9,13.1,0.5,0.1,0.9,0.1,0.1,0.1,0.1,0.1,0.3,0.6,1,1.6,9.7,7.9,9.8,11.8,0,10.1
2022,Mato Grosso,Urbana,Total,98.2,99.1,97.2,99.8,99.5,98.3,98.6,99,97.3,98.6,98.2,94.5,72.8,71.7,72.5,74.2,92.5,78.3,1.3,0.9,2,0.2,0.4,1.6,1.3,0.9,2.4,0.8,0.8,4,17.3,20.2,17.5,13.7,7.5,9.5,0.5,0,0.8,0,0.1,0.1,0.1,0.1,0.3,0.6,1,1.5,9.9,8.1,10,12.1,0,12.2
2022,Mato Grosso,Rural,Total,98.1,99.3,96.5,99.6,99.6,99,99.2,99,97,97.7,97.3,94,78.2,77.4,78.3,82.1,93.6,76.1,1.3,0.5,2.3,0.2,0.2,0.8,0.6,0.8,2.4,1.6,1.5,3.9,14.3,16,14.4,10.3,6.4,15.1,0.6,0.2,1.2,0.2,0.2,0.2,0.2,0.2,0.6,0.7,1.2,2.1,7.5,6.6,7.3,7.6,0,8.8
2022,Mato Grosso,Total,Federal,--,--,--,--,--,--,--,--,--,--,--,--,91.6,87.2,93.9,95.3,92.5,93.3,--,--,--,--,--,--,--,--,--,--,--,--,7.2,11.2,5.2,3.7,7.5,4.6,--,--,--,--,--,--,--,--,--,--,--,--,1.2,1.6,0.9,1,0,2.1
2022,Mato Grosso,Urbana,Federal,--,--,--,--,--,--,--,--,--,--,--,--,92.1,88.9,93.5,95,92.5,93.3,--,--,--,--,--,--,--,--,--,--,--,--,6.5,9.5,5.4,3.8,7.5,4.6,--,--,--,--,--,--,--,--,--,--,--,--,1.4,1.6,1.1,1.2,0,2.1
2022,Mato Grosso,Rural,Federal,--,--,--,--,--,--,--,--,--,--,--,--,89.7,81.8,95,96.4,--,--,--,--,--,--,--,--,--,--,--,--,--,--,9.4,16.3,4.8,3.4,--,--,--,--,--,--,--,--,--,--,--,--,--,--,0.9,1.9,0.2,0.2,--,--
2022,Mato Grosso,Total,Estadual,97.7,99.3,97.1,99.8,99.8,98,99.6,99.5,96.9,99.1,98.7,93.8,70,69.1,69.4,71,93.6,74.8,1.5,0.6,1.9,0,0.1,1.9,0.2,0.3,2.6,0.2,0.2,4.4,19,21.8,19.4,15.3,6.4,15.3,0.8,0.1,1,0.2,0.1,0.1,0.2,0.2,0.5,0.7,1.1,1.8,11,9.1,11.2,13.7,0,9.9
2022,Mato Grosso,Urbana,Estadual,97.6,99.3,97.1,99.8,99.7,97.9,99.6,99.5,96.9,99.1,98.7,93.8,69.1,68.2,68.9,70.3,--,70.3,1.5,0.6,1.8,0,0.1,1.9,0.3,0.4,2.7,0.2,0.2,4.4,19.5,22.5,19.7,15.6,--,16.1,0.9,0.1,1.1,0.2,0.2,0.2,0.1,0.1,0.4,0.7,1.1,1.8,11.4,9.3,11.4,14.1,--,13.6
2022,Mato Grosso,Rural,Estadual,97.9,99.5,96.9,99.8,99.9,98.3,99.7,99.7,97.1,99.1,98.6,93,76.8,76.7,75.4,79.7,93.6,76.1,1.4,0.4,2.1,0.1,0.1,1.5,0.2,0.1,2.6,0.3,0.3,4.9,14.9,16,16.1,11.4,6.4,15.1,0.7,0.1,1,0.1,0,0.2,0.1,0.2,0.3,0.6,1.1,2.1,8.3,7.3,8.5,8.9,0,8.8
2022,Mato Grosso,Total,Municipal,98.5,99,96.4,99.7,99.5,98.4,98.2,98.7,97.3,96.4,95.5,95.2,--,--,--,--,--,--,1.3,1,2.9,0.2,0.4,1.6,1.7,1.2,2.5,3,3.4,3.3,--,--,--,--,--,--,0.2,0,0.7,0.1,0.1,0,0.1,0.1,0.2,0.6,1.1,1.5,--,--,--,--,--,--
2022,Mato Grosso,Urbana,Municipal,98.5,98.9,96.5,99.8,99.5,98.2,98.1,98.7,97.3,96.5,95.3,95.1,--,--,--,--,--,--,1.4,1,3,0.2,0.4,1.8,1.9,1.2,2.5,3.1,3.7,3.7,--,--,--,--,--,--,0.1,0.1,0.5,0,0.1,0,0,0.1,0.2,0.4,1,1.2,--,--,--,--,--,--
2022,Mato Grosso,Rural,Municipal,98.3,99.2,96.2,99.5,99.5,99.2,99.1,98.8,97,96.3,96,95.3,--,--,--,--,--,--,1.2,0.6,2.6,0.3,0.2,0.6,0.8,1,2.4,2.8,2.9,2.5,--,--,--,--,--,--,0.5,0.2,1.2,0.2,0.3,0.2,0.1,0.2,0.6,0.9,1.1,2.2,--,--,--,--,--,--
2022,Mato Grosso,Total,Privada,99.2,99.5,98.8,99.6,99.4,99.3,99.5,99.5,99,98.6,99,98.4,97.1,97.2,97.6,98.9,--,85.5,0.8,0.5,1.2,0.3,0.6,0.6,0.5,0.5,0.9,1.4,1,1.5,1.8,2.6,2.2,0.9,--,0.1,0,0,0,0.1,0,0.1,0,0,0.1,0,0,0.1,1.1,0.2,0.2,0.2,--,14.4
2022,Mato Grosso,Urbana,Privada,99.2,99.5,98.8,99.6,99.4,99.3,99.5,99.5,99,98.6,99,98.4,97.1,97.2,97.6,98.9,--,85.5,0.8,0.5,1.2,0.3,0.6,0.6,0.5,0.5,0.9,1.4,1,1.5,1.8,2.6,2.2,0.9,--,0.1,0,0,0,0.1,0,0.1,0,0,0.1,0,0,0.1,1.1,0.2,0.2,0.2,--,14.4
2022,Mato Grosso,Rural,Privada,100,100,100,100,100,100,100,100,100,100,100,--,100,100,100,100,--,--,0,0,0,0,0,0,0,0,0,0,0,--,0,0,0,0,--,--,0,0,0,0,0,0,0,0,0,0,0,--,0,0,0,0,--,--
2022,Mato Grosso,Total,Pública,98.1,99,96.9,99.7,99.5,98.3,98.6,98.9,97.1,98.5,98,94,71.2,70.2,70.6,72.3,93.1,75.8,1.4,0.9,2.1,0.2,0.4,1.6,1.3,0.9,2.6,0.8,0.8,4.3,18.3,21.2,18.7,14.7,6.9,14.7,0.5,0.1,1,0.1,0.1,0.1,0.1,0.2,0.3,0.7,1.2,1.7,10.5,8.6,10.7,13,0,9.5
2022,Mato Grosso,Urbana,Pública,98.1,99,97,99.8,99.5,98.2,98.4,98.9,97.1,98.6,98.1,94,70.2,69.3,69.9,71.4,92.5,75,1.4,0.9,2.1,0.1,0.4,1.8,1.5,1,2.6,0.7,0.7,4.3,18.9,21.9,19.1,15.1,7.5,13.8,0.5,0.1,0.9,0.1,0.1,0,0.1,0.1,0.3,0.7,1.2,1.7,10.9,8.8,11,13.5,0,11.2
2022,Mato Grosso,Rural,Pública,98.1,99.3,96.5,99.6,99.6,99,99.2,99,97,97.7,97.3,94,78.1,77.3,78.3,82,93.6,76.1,1.3,0.5,2.3,0.2,0.2,0.8,0.6,0.8,2.5,1.6,1.5,3.9,14.4,16.1,14.4,10.3,6.4,15.1,0.6,0.2,1.2,0.2,0.2,0.2,0.2,0.2,0.5,0.7,1.2,2.1,7.5,6.6,7.3,7.7,0,8.8
2022,Goiás,Total,Total,96.9,97.1,96.7,99.3,99,95.2,95.1,96.9,96.8,96.7,96.2,97.1,95.5,94.6,95.3,97,90.6,75.6,2.6,2.6,2.6,0.4,0.7,4.5,4.6,2.8,2.8,2.7,3,2,2.9,3.8,2.9,1.6,9.4,4.2,0.5,0.3,0.7,0.3,0.3,0.3,0.3,0.3,0.4,0.6,0.8,0.9,1.6,1.6,1.8,1.4,0,20.2
2022,Goiás,Urbana,Total,97,97.2,96.8,99.3,99,95.2,95.2,96.9,96.9,96.8,96.3,97.1,95.5,94.6,95.3,97,90.6,75.6,2.5,2.5,2.6,0.4,0.7,4.5,4.5,2.7,2.7,2.6,2.9,2,2.9,3.8,2.9,1.6,9.4,4.2,0.5,0.3,0.6,0.3,0.3,0.3,0.3,0.4,0.4,0.6,0.8,0.9,1.6,1.6,1.8,1.4,0,20.2
2022,Goiás,Rural,Total,95.5,96.3,94.3,99.5,98.8,95.3,92.5,95.2,93.3,93,94.6,96.8,95.8,93.3,96.4,98.2,--,--,4,3.5,4.8,0.4,1,4.6,7.3,4.6,6.3,6.1,4.6,1.8,2.9,5,2.3,1,--,--,0.5,0.2,0.9,0.1,0.2,0.1,0.2,0.2,0.4,0.9,0.8,1.4,1.3,1.7,1.3,0.8,--,--
2022,Goiás,Total,Federal,93.7,93.2,94.3,97.3,89.7,87.7,98.2,93.3,100,98.2,78.9,100,86.1,77.5,89.5,93.1,90.6,--,6.3,6.8,5.7,2.7,10.3,12.3,1.8,6.7,0,1.8,21.1,0,12.3,20.3,9.1,5.9,9.4,--,0,0,0,0,0,0,0,0,0,0,0,0,1.6,2.2,1.4,1,0,--
2022,Goiás,Urbana,Federal,93.7,93.2,94.3,97.3,89.7,87.7,98.2,93.3,100,98.2,78.9,100,85.4,76.5,88.9,92.4,90.6,--,6.3,6.8,5.7,2.7,10.3,12.3,1.8,6.7,0,1.8,21.1,0,13.2,21.7,9.5,6.6,9.4,--,0,0,0,0,0,0,0,0,0,0,0,0,1.4,1.8,1.6,1,0,--
2022,Goiás,Rural,Federal,--,--,--,--,--,--,--,--,--,--,--,--,88.6,80.9,91.6,95.6,--,--,--,--,--,--,--,--,--,--,--,--,--,--,9.3,15.4,7.4,3.2,--,--,--,--,--,--,--,--,--,--,--,--,--,--,2.1,3.7,1,1.2,--,--
2022,Goiás,Total,Estadual,97.8,98.7,97.8,99.2,100,98.9,98.1,98.6,98.6,98,97.3,97.6,95.5,94.9,95.1,96.9,--,100,1.7,1.2,1.7,0.8,0,0.8,1.6,1.2,1.2,1.6,2.1,1.7,2.7,3.4,2.9,1.6,--,0,0.5,0.1,0.5,0,0,0.3,0.3,0.2,0.2,0.4,0.6,0.7,1.8,1.7,2,1.5,--,0
2022,Goiás,Urbana,Estadual,97.8,98.6,97.8,99.3,100,98.9,98.1,98.4,98.6,98,97.3,97.6,95.5,94.8,95,96.8,--,100,1.7,1.2,1.7,0.7,0,1.1,1.5,1.4,1.2,1.6,2.2,1.7,2.7,3.4,3,1.6,--,0,0.5,0.2,0.5,0,0,0,0.4,0.2,0.2,0.4,0.5,0.7,1.8,1.8,2,1.6,--,0
2022,Goiás,Rural,Estadual,98.1,99.1,98,99.2,100,99,97.6,100,97.7,97.9,98.2,98,98,97.7,97.4,98.9,--,--,1.4,0.7,1.5,0.8,0,0,2.4,0,2,1.7,1.2,1,0.7,1.1,0.8,0.2,--,--,0.5,0.2,0.5,0,0,1,0,0,0.3,0.4,0.6,1,1.3,1.2,1.8,0.9,--,--
2022,Goiás,Total,Municipal,95.9,96.6,92.9,99.2,98.8,94.2,94.1,96.3,92.8,92.6,92.1,94.6,93.8,90.3,96.5,95.6,--,--,3.6,3.1,5.7,0.4,0.8,5.5,5.6,3.3,6.3,6,6.1,3.3,4,7.2,1.8,1.8,--,--,0.5,0.3,1.4,0.4,0.4,0.3,0.3,0.4,0.9,1.4,1.8,2.1,2.2,2.5,1.7,2.6,--,--
2022,Goiás,Urbana,Municipal,95.9,96.6,93,99.2,98.9,94.2,94.2,96.4,93,92.8,92,94.4,93,89,96,95,--,--,3.5,3,5.5,0.4,0.8,5.5,5.5,3.2,6.1,5.7,6.1,3.4,4.3,8,2,2,--,--,0.6,0.4,1.5,0.4,0.3,0.3,0.3,0.4,0.9,1.5,1.9,2.2,2.7,3,2,3,--,--
2022,Goiás,Rural,Municipal,94.9,96.2,91.9,99.5,98.7,95.1,92.2,94.9,90.7,89.8,92.2,95.8,98.5,96.9,100,100,--,--,4.6,3.6,6.9,0.4,1,4.8,7.5,4.8,8.8,8.8,6.8,2.5,1.5,3.1,0,0,--,--,0.5,0.2,1.2,0.1,0.3,0.1,0.3,0.3,0.5,1.4,1,1.7,0,0,0,0,--,--
2022,Goiás,Total,Privada,99,99.4,98.3,99.7,99.7,99.1,99.2,99.2,98.5,98.4,98.3,97.8,97.6,96.9,97.7,98.9,--,75.4,1,0.5,1.6,0.2,0.2,0.9,0.7,0.8,1.4,1.5,1.6,2.1,2,2.9,1.9,0.9,--,4.3,0,0.1,0.1,0.1,0.1,0,0.1,0,0.1,0.1,0.1,0.1,0.4,0.2,0.4,0.2,--,20.3
2022,Goiás,Urbana,Privada,99,99.4,98.3,99.7,99.7,99.1,99.2,99.2,98.5,98.4,98.3,97.7,97.6,96.9,97.6,98.8,--,75.4,1,0.5,1.6,0.2,0.2,0.9,0.7,0.8,1.4,1.5,1.6,2.1,2,2.9,1.9,1,--,4.3,0,0.1,0.1,0.1,0.1,0,0.1,0,0.1,0.1,0.1,0.2,0.4,0.2,0.5,0.2,--,20.3
2022,Goiás,Rural,Privada,99.2,99.8,98.6,100,100,100,98.8,100,97.6,98.9,97.6,100,99.2,98.1,99.6,100,--,--,0.8,0.2,1.4,0,0,0,1.2,0,2.4,1.1,2.4,0,0.8,1.9,0.4,0,--,--,0,0,0,0,0,0,0,0,0,0,0,0,0,0,0,0,--,--
2022,Goiás,Total,Pública,96.5,96.6,96.4,99.2,98.8,94.3,94.2,96.4,96.4,96.3,95.9,97,95.2,94.3,94.9,96.7,90.6,100,2.9,3.1,2.8,0.4,0.8,5.4,5.5,3.3,3.1,2.9,3.2,2,3,3.9,3.1,1.7,9.4,0,0.6,0.3,0.8,0.4,0.4,0.3,0.3,0.3,0.5,0.8,0.9,1,1.8,1.8,2,1.6,0,0
2022,Goiás,Urbana,Pública,96.6,96.6,96.5,99.2,98.9,94.2,94.3,96.4,96.6,96.5,95.9,97,95.2,94.3,94.9,96.7,90.6,100,2.9,3,2.7,0.4,0.8,5.5,5.4,3.2,2.9,2.8,3.2,2,3,3.9,3.1,1.7,9.4,0,0.5,0.4,0.8,0.4,0.3,0.3,0.3,0.4,0.5,0.7,0.9,1,1.8,1.8,2,1.6,0,0
2022,Goiás,Rural,Pública,95.4,96.3,94.2,99.5,98.7,95.2,92.3,95,93.2,92.8,94.5,96.6,95.3,92.8,95.9,98,--,--,4.1,3.5,4.9,0.4,1,4.7,7.4,4.7,6.4,6.2,4.6,1.9,3.2,5.3,2.5,1.1,--,--,0.5,0.2,0.9,0.1,0.3,0.1,0.3,0.3,0.4,1,0.9,1.5,1.5,1.9,1.6,0.9,--,--
2022,Distrito Federal,Total,Total,94.6,95.5,93.5,98.7,98.8,88.9,99,93.2,97.9,90.9,96,89.7,88.2,87.7,86.7,90.6,--,79.6,4.8,4.3,5.4,1.2,1.1,10.9,0.9,6.6,1.7,7.9,3,8.7,8.2,8,9.4,7,--,0.4,0.6,0.2,1.1,0.1,0.1,0.2,0.1,0.2,0.4,1.2,1,1.6,3.6,4.3,3.9,2.4,--,20
2022,Distrito Federal,Urbana,Total,94.7,95.6,93.6,98.7,98.8,89.3,99,93.4,97.8,91,96,89.8,88.2,87.8,86.8,90.6,--,79.6,4.7,4.2,5.4,1.1,1.1,10.5,0.9,6.5,1.8,7.9,3,8.6,8.2,7.9,9.4,7.1,--,0.4,0.6,0.2,1,0.2,0.1,0.2,0.1,0.1,0.4,1.1,1,1.6,3.6,4.3,3.8,2.3,--,20
2022,Distrito Federal,Rural,Total,93,93.1,92.8,98.1,98.2,82,99,89.8,98.7,89.2,96.8,87.1,87.7,85.9,85.4,93.6,--,--,6.5,6.5,6.4,1.5,1.4,17.7,0.9,9.7,0.9,10,2.7,11.5,9,10.2,11,4.7,--,--,0.5,0.4,0.8,0.4,0.4,0.3,0.1,0.5,0.4,0.8,0.5,1.4,3.3,3.9,3.6,1.7,--,--
2022,Distrito Federal,Total,Federal,98.1,--,98.1,--,--,--,--,--,99.3,97.9,98.3,97.3,88.2,81.4,90.1,95.2,--,--,1.9,--,1.9,--,--,--,--,--,0.7,2.1,1.7,2.7,8.4,13.7,6.6,3.2,--,--,0,--,0,--,--,--,--,--,0,0,0,0,3.4,4.9,3.3,1.6,--,--
2022,Distrito Federal,Urbana,Federal,98.1,--,98.1,--,--,--,--,--,99.3,97.9,98.3,97.3,89.9,83.8,91.7,95.5,--,--,1.9,--,1.9,--,--,--,--,--,0.7,2.1,1.7,2.7,7.5,12.3,6.1,3,--,--,0,--,0,--,--,--,--,--,0,0,0,0,2.6,3.9,2.2,1.5,--,--
2022,Distrito Federal,Rural,Federal,--,--,--,--,--,--,--,--,--,--,--,--,78.1,69.5,80.4,92.4,--,--,--,--,--,--,--,--,--,--,--,--,--,--,13.8,20.6,9.8,5,--,--,--,--,--,--,--,--,--,--,--,--,--,--,8.1,9.9,9.8,2.6,--,--
2022,Distrito Federal,Total,Estadual,93.1,94,91.9,98.2,98.4,85.5,98.7,91.1,97.5,88.5,95.3,87.1,85.4,85.6,83.4,87.7,--,--,6.2,5.8,6.7,1.6,1.5,14.3,1.2,8.6,2,10,3.4,10.8,9.9,8.9,11.6,9.1,--,--,0.7,0.2,1.4,0.2,0.1,0.2,0.1,0.3,0.5,1.5,1.3,2.1,4.7,5.5,5,3.2,--,--
2022,Distrito Federal,Urbana,Estadual,93.1,94.1,91.9,98.2,98.4,85.8,98.7,91.2,97.4,88.5,95.2,87.1,85.4,85.6,83.4,87.6,--,--,6.2,5.7,6.7,1.6,1.5,14,1.2,8.5,2.1,10,3.4,10.7,9.9,9,11.6,9.2,--,--,0.7,0.2,1.4,0.2,0.1,0.2,0.1,0.3,0.5,1.5,1.4,2.2,4.7,5.4,5,3.2,--,--
2022,Distrito Federal,Rural,Estadual,92.8,93.1,92.4,98.1,98.2,81.9,99,89.8,98.7,88.6,96.5,86,88,88.4,83.3,92.8,--,--,6.6,6.5,6.8,1.5,1.4,17.8,0.9,9.7,0.9,10.5,2.9,12.5,9.3,8.6,13.7,5.4,--,--,0.6,0.4,0.8,0.4,0.4,0.3,0.1,0.5,0.4,0.9,0.6,1.5,2.7,3,3,1.8,--,--
2022,Distrito Federal,Total,Privada,99.1,99.7,98.3,99.9,99.8,99.6,99.7,99.6,98.9,98.3,98,97.8,96.9,96.3,97.3,98.3,--,79.6,0.9,0.3,1.7,0.1,0.2,0.4,0.3,0.4,1.1,1.7,2,2.2,2.6,3.7,2.6,1.6,--,0.4,0,0,0,0,0,0,0,0,0,0,0,0,0.5,0,0.1,0.1,--,20
2022,Distrito Federal,Urbana,Privada,99.1,99.7,98.3,99.9,99.8,99.6,99.7,99.6,98.9,98.3,98,97.7,96.9,96.2,97.3,98.3,--,79.6,0.9,0.3,1.7,0.1,0.2,0.4,0.3,0.4,1.1,1.7,2,2.3,2.6,3.7,2.6,1.6,--,0.4,0,0,0,0,0,0,0,0,0,0,0,0,0.5,0.1,0.1,0.1,--,20
2022,Distrito Federal,Rural,Privada,100,100,100,100,100,100,100,--,--,100,100,100,99.2,97.8,100,100,--,--,0,0,0,0,0,0,0,--,--,0,0,0,0.8,2.2,0,0,--,--,0,0,0,0,0,0,0,--,--,0,0,0,0,0,0,0,--,--
2022,Distrito Federal,Total,Pública,93.1,94,92,98.2,98.4,85.5,98.7,91.1,97.5,88.6,95.3,87.2,85.6,85.5,83.7,88.1,--,--,6.2,5.8,6.6,1.6,1.5,14.3,1.2,8.6,2,9.9,3.3,10.7,9.8,9.2,11.4,8.8,--,--,0.7,0.2,1.4,0.2,0.1,0.2,0.1,0.3,0.5,1.5,1.4,2.1,4.6,5.3,4.9,3.1,--,--
2022,Distrito Federal,Urbana,Pública,93.1,94.1,92,98.2,98.4,85.8,98.7,91.2,97.4,88.6,95.3,87.3,85.5,85.5,83.7,87.9,--,--,6.1,5.7,6.6,1.6,1.5,14,1.2,8.5,2,9.9,3.4,10.6,9.8,9.1,11.4,8.9,--,--,0.8,0.2,1.4,0.2,0.1,0.2,0.1,0.3,0.6,1.5,1.3,2.1,4.7,5.4,4.9,3.2,--,--
2022,Distrito Federal,Rural,Pública,92.8,93.1,92.4,98.1,98.2,81.9,99,89.8,98.7,88.6,96.5,86,86,84.4,82.8,92.7,--,--,6.6,6.5,6.8,1.5,1.4,17.8,0.9,9.7,0.9,10.5,2.9,12.5,10.2,11.1,12.9,5.3,--,--,0.6,0.4,0.8,0.4,0.4,0.3,0.1,0.5,0.4,0.9,0.6,1.5,3.8,4.5,4.3,2,--,--
2022,Distrito Federal,Rural,Pública,92.8,93.1,92.4,98.1,98.2,81.9,99,89.8,98.7,88.6,96.5,86,86,84.4,82.8,92.7,--,--,6.6,6.5,6.8,1.5,1.4,17.8,0.9,9.7,0.9,10.5,2.9,12.5,10.2,11.1,12.9,5.3,--,--,0.6,0.4,0.8,0.4,0.4,0.3,0.1,0.5,0.4,0.9,0.6,1.5,3.8,4.5,4.3,2,--,--
Fonte: Censo da Educação Básica 2022/INEP.,Distrito Federal,Rural,Pública,92.8,93.1,92.4,98.1,98.2,81.9,99,89.8,98.7,88.6,96.5,86,86,84.4,82.8,92.7,--,--,6.6,6.5,6.8,1.5,1.4,17.8,0.9,9.7,0.9,10.5,2.9,12.5,10.2,11.1,12.9,5.3,--,--,0.6,0.4,0.8,0.4,0.4,0.3,0.1,0.5,0.4,0.9,0.6,1.5,3.8,4.5,4.3,2,--,--
