Ano,Unidade Geográfica,Localização,Dependência Administrativa,Total,Anos Iniciais,Anos Finais,1º Ano ,2º Ano,3º Ano,4º Ano,5º Ano,6º Ano,7º Ano,8º Ano,9º Ano,Total,1ª série,2ª série,3ª série,4ª série,Não-Seriado,Total,Anos Iniciais,Anos Finais,1º Ano ,2º Ano,3º Ano,4º Ano,5º Ano,6º Ano,7º Ano,8º Ano,9º Ano,Total,1ª série,2ª série,3ª série,4ª série,Não-Seriado,Total_Abandono_EF2014,Anos Iniciais,Anos Finais,1º Ano ,2º Ano,3º Ano,4º Ano,5º Ano,6º Ano,7º Ano,8º Ano,9º Ano,Total_Abandono_EM2014,1ª série,2ª série,3ª série,4ª série,Não-Seriado
2014,RO,Total,Total,87.4,92.8,79.6,98.2,97.8,86.1,89.1,92.8,77,78.2,81.3,83.2,78.4,71.6,80,87.6,94.5,81.1,10.2,6.1,16.2,0.5,1.1,12.9,9.8,6,18.8,17.6,14.8,12.1,12.3,16.9,11.2,6.3,4.3,7.3,2.4,1.1,4.2,1.3,1.1,1,1.1,1.2,4.2,4.2,3.9,4.7,9.3,11.5,8.8,6.1,1.2,11.6
2014,RO,Total,Publico,86.6,92.2,78.6,98.1,97.6,85.1,88.4,92.4,76,77.2,80.4,82.2,77.2,70.2,78.8,86.7,94.4,81.1,10.8,6.5,16.9,0.5,1.2,13.8,10.4,6.3,19.7,18.3,15.4,12.7,12.9,17.4,11.8,6.8,4.1,7.3,2.6,1.3,4.5,1.4,1.2,1.1,1.2,1.3,4.3,4.5,4.2,5.1,9.9,12.4,9.4,6.5,1.5,11.6
2014,RO,Total,Particular,97.2,99.1,94,99.6,99.7,98.8,98.8,98.4,94.9,93.2,92.8,94.9,93.6,89.7,94.9,98.2,94.6,--,2.7,0.8,5.8,0.3,0.2,1.1,1.2,1.6,4.9,6.4,7,4.9,5.8,9.7,4.5,1.4,5.4,--,0.1,0.1,0.2,0.1,0.1,0.1,0,0,0.2,0.4,0.2,0.2,0.6,0.6,0.6,0.4,0,--
2014,RO,Total,Municipal,89.7,92.1,81.4,97.9,97.9,84.9,87,91.9,76.3,80.4,84,89.7,--,--,--,--,--,--,8.2,6.5,14.4,0.5,0.8,13.9,11.8,6.7,20,15,11.6,6.1,--,--,--,--,--,--,2.1,1.4,4.2,1.6,1.3,1.2,1.2,1.4,3.7,4.6,4.4,4.2,--,--,--,--,--,--
2014,RO,Total,Federal,--,--,--,--,--,--,--,--,--,--,--,--,86.3,75.4,89,94.5,94.4,--,--,--,--,--,--,--,--,--,--,--,--,--,12.3,23.7,9.5,3.6,4.1,--,--,--,--,--,--,--,--,--,--,--,--,--,1.4,0.9,1.5,1.9,1.5,--
2014,RO,Total,Estadual,83.4,92.5,77.5,98.8,97,85.6,90.8,93.1,75.9,75.9,79.1,80.1,76.7,69.9,78.3,86.3,--,81.1,13.4,6.5,17.8,0.5,1.8,13.6,8.1,5.6,19.5,19.7,16.7,14.6,12.9,17.2,11.9,6.9,--,7.3,3.2,1,4.7,0.7,1.2,0.8,1.1,1.3,4.6,4.4,4.2,5.3,10.4,12.9,9.8,6.8,--,11.6
2014,RO,Rural,Total,87.3,90,83.1,96.1,95.3,83.1,86.2,89.8,79.1,81.4,84.9,89.5,85.2,81,85.1,92.2,93.9,--,8.9,7.6,11.1,0.3,2.1,15.1,11.8,7.9,15.3,12.6,9.4,4.6,5.7,8.2,5,1.7,5.2,--,3.8,2.4,5.8,3.6,2.6,1.8,2,2.3,5.6,6,5.7,5.9,9.1,10.8,9.9,6.1,0.9,--
2014,RO,Rural,Publico,87.2,89.9,82.9,96.1,95.2,83.1,86.1,89.8,78.9,81.3,84.7,89.4,83.4,79.1,83,91.5,92.7,--,9,7.6,11.3,0.3,2.1,15.1,11.9,8,15.4,12.7,9.6,4.7,5.9,8.5,5.4,1.5,4.9,--,3.8,2.5,5.8,3.6,2.7,1.8,2,2.2,5.7,6,5.7,5.9,10.7,12.4,11.6,7,2.4,--
2014,RO,Rural,Particular,99.4,100,99,100,100,100,100,100,100,100,98.8,97.8,94.4,92,96.1,96.7,94.6,--,0.4,0,0.7,0,0,0,0,0,0,0,0,2.2,4.7,6.7,3.1,2.7,5.4,--,0.2,0,0.3,0,0,0,0,0,0,0,1.2,0,0.9,1.3,0.8,0.6,0,--
2014,RO,Rural,Municipal,88.3,90.7,83.9,95.9,97.1,84,86.6,90.7,79.9,82.1,85.8,90.8,--,--,--,--,--,--,8.6,7.1,11.3,0.3,0.6,14.4,11.7,7.5,16,12.7,9.3,4.1,--,--,--,--,--,--,3.1,2.2,4.8,3.8,2.3,1.6,1.7,1.8,4.1,5.2,4.9,5.1,--,--,--,--,--,--
2014,RO,Rural,Federal,--,--,--,--,--,--,--,--,--,--,--,--,88.2,77.8,93.8,97.1,92.7,--,--,--,--,--,--,--,--,--,--,--,--,--,11.3,21.7,5.9,2.5,4.9,--,--,--,--,--,--,--,--,--,--,--,--,--,0.5,0.5,0.3,0.4,2.4,--
2014,RO,Rural,Estadual,82.1,84.9,79.5,98,84.7,77.1,82.9,83.9,75.5,78.2,80.9,85.2,82,79.5,79.8,89.8,--,--,11.2,11.2,11.1,0.4,10.5,20,12.6,10.7,13.5,12.8,10.4,6.2,4.3,5.2,5.3,1.2,--,--,6.7,3.9,9.4,1.6,4.8,2.9,4.5,5.4,11,9,8.7,8.6,13.7,15.3,14.9,9,--,--
2014,RO,Urbana,Total,87.4,93.6,78.6,98.8,98.6,87,90.1,93.8,76.5,77.2,80.2,81.6,77.8,70.7,79.6,87.2,94.6,81.1,10.6,5.6,17.6,0.5,0.7,12.2,9.1,5.3,19.8,19,16.3,14,12.9,17.6,11.8,6.7,4,7.3,2,0.8,3.8,0.7,0.7,0.8,0.8,0.9,3.7,3.8,3.5,4.4,9.3,11.7,8.6,6.1,1.4,11.6
2014,RO,Urbana,Publico,86.4,93.1,77.3,98.8,98.4,85.9,89.2,93.3,75.1,75.9,79.1,80.3,76.7,69.4,78.4,86.3,94.6,81.1,11.4,6.1,18.5,0.5,0.8,13.3,9.9,5.7,20.9,20,17.1,14.9,13.4,18.2,12.3,7.2,4,7.3,2.2,0.8,4.2,0.7,0.8,0.8,0.9,1,4,4.1,3.8,4.8,9.9,12.4,9.3,6.5,1.4,11.6
2014,RO,Urbana,Particular,97.1,99.1,93.8,99.6,99.7,98.8,98.8,98.4,94.8,93,92.5,94.8,93.5,89.2,94.7,98.4,--,--,2.7,0.8,6,0.3,0.2,1.1,1.2,1.6,5.1,6.6,7.4,5.1,6,10.3,4.8,1.3,--,--,0.2,0.1,0.2,0.1,0.1,0.1,0,0,0.1,0.4,0.1,0.1,0.5,0.5,0.5,0.3,--,--
2014,RO,Urbana,Municipal,90.7,92.9,76.9,98.7,98.2,85.4,87.2,92.6,71,77.3,80.2,87.1,--,--,--,--,--,--,8,6.2,19.9,0.6,0.9,13.6,11.8,6.3,25.8,18.9,16.4,10.9,--,--,--,--,--,--,1.3,0.9,3.2,0.7,0.9,1,1,1.1,3.2,3.8,3.4,2,--,--,--,--,--,--
2014,RO,Urbana,Federal,--,--,--,--,--,--,--,--,--,--,--,--,85.5,74.1,86.6,93,94.6,--,--,--,--,--,--,--,--,--,--,--,--,--,12.7,24.8,11.3,4.2,4,--,--,--,--,--,--,--,--,--,--,--,--,--,1.8,1.1,2.1,2.8,1.4,--
2014,RO,Urbana,Estadual,83.5,93.4,77.4,98.9,98.8,86.5,91.6,94,75.9,75.7,78.9,79.7,76.4,69.3,78.2,86.1,--,81.1,13.6,5.9,18.3,0.5,0.6,12.8,7.6,5.1,20,20.2,17.2,15.2,13.4,18,12.4,7.3,--,7.3,2.9,0.7,4.3,0.6,0.6,0.7,0.8,0.9,4.1,4.1,3.9,5.1,10.2,12.7,9.4,6.6,--,11.6
2014,AC,Total,Total,90.1,90.2,89.8,98,83.1,88,90.5,93.2,89.5,89.6,89.8,90.5,77,69.2,80.8,84.6,95.7,71.4,7.2,7.8,6.2,0.4,14.7,10.1,7.5,4.8,6.8,6.2,6.7,5.3,12.5,17.2,10.8,7.3,2.9,16.7,2.7,2,4,1.6,2.2,1.9,2,2,3.7,4.2,3.5,4.2,10.5,13.6,8.4,8.1,1.4,11.9
2014,AC,Total,Publico,89.8,89.9,89.6,97.9,82.5,87.6,90.1,92.9,89.2,89.3,89.6,90.4,76.1,68,80.1,83.8,95.7,71.4,7.4,8.1,6.3,0.4,15.2,10.5,7.8,4.9,6.9,6.3,6.7,5.2,12.9,17.7,11.1,7.7,2.9,16.7,2.8,2,4.1,1.7,2.3,1.9,2.1,2.2,3.9,4.4,3.7,4.4,11,14.3,8.8,8.5,1.4,11.9
2014,AC,Total,Particular,97.2,99.1,94.6,99.9,98.9,99.5,98.6,98.7,95.3,96,94.1,93,95.6,92.7,96.7,98.1,--,--,2.7,0.8,5.3,0,0.7,0.5,1.4,1.3,4.5,3.9,5.8,6.8,4.2,6.6,3.3,1.9,--,--,0.1,0.1,0.1,0.1,0.4,0,0,0,0.2,0.1,0.1,0.2,0.2,0.7,0,0,--,--
2014,AC,Total,Municipal,88.5,88.8,86.6,98.1,79.6,86.6,89.6,92.5,83.4,86.6,87,90.9,--,--,--,--,--,--,8.8,9.1,7.1,0.2,18,11.5,8.3,5.2,9.4,7.2,7.1,3.5,--,--,--,--,--,--,2.7,2.1,6.3,1.7,2.4,1.9,2.1,2.3,7.2,6.2,5.9,5.6,--,--,--,--,--,--
2014,AC,Total,Federal,80.7,93.8,72.3,100,90.9,93.8,87.5,96,59.3,55,93.1,75.4,71.5,65.4,74.4,83.3,93.8,41.7,19.3,6.2,27.7,0,9.1,6.2,12.5,4,40.7,45,6.9,24.6,25,31.2,23.3,15.2,6.2,38.9,0,0,0,0,0,0,0,0,0,0,0,0,3.5,3.4,2.3,1.5,0,19.4
2014,AC,Total,Estadual,90.7,91.1,90.3,97.6,86.4,88.8,90.7,93.4,90.5,90,90.1,90.4,76.1,68.1,80.1,83.8,97.4,93.8,6.4,6.9,6.1,0.6,11.5,9.4,7.2,4.7,6.3,6,6.7,5.4,12.7,17.5,11,7.6,0,0,2.9,2,3.6,1.8,2.1,1.8,2.1,1.9,3.2,4,3.2,4.2,11.2,14.4,8.9,8.6,2.6,6.2
2014,AC,Rural,Total,84.9,84,86.9,95.6,73.4,81.1,85.3,88.4,84.2,86,87.9,90.3,86.3,83,87.5,89.2,97.4,100,9.9,12,5.8,1,22.3,15,10.5,7.2,7.9,6.2,5.1,3.4,5.1,6.6,4.7,3.9,0,0,5.2,4,7.3,3.4,4.3,3.9,4.2,4.4,7.9,7.8,7,6.3,8.6,10.4,7.8,6.9,2.6,0
2014,AC,Rural,Publico,84.9,84,86.9,95.6,73.4,81.1,85.3,88.4,84.2,86,87.9,90.3,86.3,83,87.5,89.2,97.4,100,9.9,12,5.8,1,22.3,15,10.5,7.2,7.9,6.2,5.1,3.4,5.1,6.6,4.7,3.9,0,0,5.2,4,7.3,3.4,4.3,3.9,4.2,4.4,7.9,7.8,7,6.3,8.6,10.4,7.8,6.9,2.6,0
2014,AC,Rural,Municipal,84.9,84.4,86.8,96.6,72.2,81.6,86.3,90.5,83.5,85.3,88.9,91.4,--,--,--,--,--,--,10.8,12.1,5.8,0.5,23.9,15,10.3,5.7,8.5,6.3,4.9,1.8,--,--,--,--,--,--,4.3,3.5,7.4,2.9,3.9,3.4,3.4,3.8,8,8.4,6.2,6.8,--,--,--,--,--,--
2014,AC,Rural,Estadual,85,83.2,87,93.4,75.8,80.4,83.6,85.1,84.7,86.4,87.3,89.9,86.3,83,87.5,89.2,97.4,100,9,11.8,5.8,2,19,15.2,10.9,9.4,7.5,6.1,5.3,4.1,5.1,6.6,4.7,3.9,0,0,6,5,7.2,4.6,5.2,4.4,5.5,5.5,7.8,7.5,7.4,6,8.6,10.4,7.8,6.9,2.6,0
2014,AC,Urbana,Total,92.7,93.9,91,99.3,89.5,92.3,93.5,95.7,91.7,91,90.6,90.6,75.5,67.1,79.6,83.9,93.8,66.7,5.8,5.3,6.4,0,9.7,7.1,5.7,3.5,6.3,6.3,7.3,6,13.7,18.8,11.9,7.9,6.2,19.4,1.5,0.8,2.6,0.7,0.8,0.6,0.8,0.8,2,2.7,2.1,3.4,10.8,14.1,8.5,8.2,0,13.9
2014,AC,Urbana,Publico,92.4,93.6,90.8,99.3,88.9,91.8,93.1,95.5,91.5,90.7,90.3,90.4,74.3,65.6,78.6,82.8,93.8,66.7,6,5.6,6.5,0,10.2,7.6,6.1,3.6,6.4,6.4,7.4,5.9,14.3,19.5,12.4,8.3,6.2,19.4,1.6,0.8,2.7,0.7,0.9,0.6,0.8,0.9,2.1,2.9,2.3,3.7,11.4,14.9,9,8.9,0,13.9
2014,AC,Urbana,Particular,97.2,99.1,94.6,99.9,98.9,99.5,98.6,98.7,95.3,96,94.1,93,95.6,92.7,96.7,98.1,--,--,2.7,0.8,5.3,0,0.7,0.5,1.4,1.3,4.5,3.9,5.8,6.8,4.2,6.6,3.3,1.9,--,--,0.1,0.1,0.1,0.1,0.4,0,0,0,0.2,0.1,0.1,0.2,0.2,0.7,0,0,--,--
2014,AC,Urbana,Municipal,91.8,92.4,86.3,99.3,86.5,90.8,92.3,94,83.1,88.9,83.5,90.1,--,--,--,--,--,--,6.9,6.6,9.5,0,12.4,8.6,6.6,4.7,11.3,8.9,11.2,6.4,--,--,--,--,--,--,1.3,1,4.2,0.7,1.1,0.6,1.1,1.3,5.6,2.2,5.3,3.5,--,--,--,--,--,--
2014,AC,Urbana,Federal,80.7,93.8,72.3,100,90.9,93.8,87.5,96,59.3,55,93.1,75.4,71.5,65.4,74.4,83.3,93.8,41.7,19.3,6.2,27.7,0,9.1,6.2,12.5,4,40.7,45,6.9,24.6,25,31.2,23.3,15.2,6.2,38.9,0,0,0,0,0,0,0,0,0,0,0,0,3.5,3.4,2.3,1.5,0,19.4
2014,AC,Urbana,Estadual,92.7,94.7,91.2,99.4,91.3,92.7,94,96.9,92.4,91.1,90.9,90.5,74.3,65.6,78.6,82.8,--,91.7,5.5,4.7,6.1,0,8,6.6,5.5,2.7,5.9,5.9,7.1,5.8,14.1,19.3,12.3,8.2,--,0,1.8,0.6,2.7,0.6,0.7,0.7,0.5,0.4,1.7,3,2,3.7,11.6,15.1,9.1,9,--,8.3
2014,AM,Total,Total,88,90,85.2,96.1,95.6,82.9,90.4,87,83.4,85.2,86.2,86.4,80.4,75.8,80.5,86.6,90.8,75.7,7.7,7.2,8.4,1,1.4,14.4,7.2,10,10.3,8.8,7.7,6.1,7.4,9.5,7.5,4.6,1.5,4.3,4.3,2.8,6.4,2.9,3,2.7,2.4,3,6.3,6,6.1,7.5,12.2,14.7,12,8.8,7.7,20
2014,AM,Total,Publico,87.2,89.3,84.5,96,95.3,81.6,89.8,86.1,82.6,84.6,85.5,85.7,79.7,75.2,79.7,86,90.8,75.7,8.1,7.7,8.7,0.9,1.5,15.5,7.6,10.7,10.7,9.1,7.9,6.3,7.4,9.3,7.5,4.7,1.5,4.3,4.7,3,6.8,3.1,3.2,2.9,2.6,3.2,6.7,6.3,6.6,8,12.9,15.5,12.8,9.3,7.7,20
2014,AM,Total,Particular,97,97.9,95.3,97.2,98.4,98.3,97.9,98.1,95.2,94.8,95.4,95.7,92.4,87.5,93.8,97.4,--,--,2.7,1.8,4.5,2.1,1.3,1.5,2,1.9,4.6,5.1,4.3,3.8,7.2,12.1,5.9,2.3,--,--,0.3,0.3,0.2,0.7,0.3,0.2,0.1,0,0.2,0.1,0.3,0.5,0.4,0.4,0.3,0.3,--,--
2014,AM,Total,Municipal,86.4,87.9,82.7,95.5,94.6,80,86.9,84.4,79.4,82.9,85.1,85.3,91.8,91.8,--,--,--,--,8.8,8.6,9.4,1,1.7,16.6,10,11.6,12.7,9.7,7.5,5.5,3.1,3.1,--,--,--,--,4.8,3.5,7.9,3.5,3.7,3.4,3.1,4,7.9,7.4,7.4,9.2,5.1,5.1,--,--,--,--
2014,AM,Total,Federal,89.2,--,89.2,--,--,--,--,--,85.1,83.5,90.4,93.7,83,75.3,88.9,91,97.3,75.7,10.8,--,10.8,--,--,--,--,--,14.9,16.5,9.6,6.3,14.6,22.6,9.9,8.5,2.7,4.3,0,--,0,--,--,--,--,--,0,0,0,0,2.4,2.1,1.2,0.5,0,20
2014,AM,Total,Estadual,88.7,93.8,85.8,98.1,97.8,86.8,98.6,90.5,85.7,85.9,85.8,85.9,79.6,75.2,79.6,85.9,82.8,--,6.9,4.8,8.1,0.3,0.5,11.8,0.5,8.1,8.7,8.6,8.3,6.8,7.3,9,7.5,4.6,0,--,4.4,1.4,6.1,1.6,1.7,1.4,0.9,1.4,5.6,5.5,5.9,7.3,13.1,15.8,12.9,9.5,17.2,--
2014,AM,Rural,Total,84.6,85.2,83.7,93.2,92.1,78.4,85.5,79.7,78.7,84.6,85.8,88.4,81.7,76.4,84.1,86.8,--,--,8.8,9.8,7.1,1.8,2.9,16.7,9.9,14.8,11.1,6.7,5.3,2.9,6.4,7.3,5.7,5.7,--,--,6.6,5,9.2,5,5,4.9,4.6,5.5,10.2,8.7,8.9,8.7,11.9,16.3,10.2,7.5,--,--
2014,AM,Rural,Publico,84.6,85.2,83.7,93.2,92,78.4,85.5,79.7,78.7,84.6,85.7,88.4,81.6,76.3,84,86.8,--,--,8.8,9.8,7,1.8,2.9,16.7,9.9,14.8,11.1,6.7,5.3,2.9,6.4,7.4,5.7,5.8,--,--,6.6,5,9.3,5,5.1,4.9,4.6,5.5,10.2,8.7,9,8.7,12,16.3,10.3,7.4,--,--
2014,AM,Rural,Particular,93.1,95.7,91.1,100,100,87,100,96.6,78.9,88.5,100,89.7,99.3,98.3,100,100,--,--,6.9,4.3,8.9,0,0,13,0,3.4,21.1,11.5,0,10.3,0.7,1.7,0,0,--,--,0,0,0,0,0,0,0,0,0,0,0,0,0,0,0,0,--,--
2014,AM,Rural,Municipal,84.3,85,82.9,93.1,91.9,78.4,85.1,79.4,77.6,84,85.3,88,--,--,--,--,--,--,9,9.9,7.3,1.8,3,16.7,10.2,14.9,11.7,6.8,5.1,2.7,--,--,--,--,--,--,6.7,5.1,9.8,5.1,5.1,4.9,4.7,5.7,10.7,9.2,9.6,9.3,--,--,--,--,--,--
2014,AM,Rural,Estadual,88.3,89.1,87.9,94.9,95.8,79.3,95.4,85,86.8,87.9,87.4,89.6,81.6,76.3,84,86.8,--,--,6.5,8.6,5.6,2.2,1.7,18.1,2.9,12.9,6.6,6,6.1,3.7,6.4,7.4,5.7,5.8,--,--,5.2,2.3,6.5,2.9,2.5,2.6,1.7,2.1,6.6,6.1,6.5,6.7,12,16.3,10.3,7.4,--,--
2014,AM,Urbana,Total,89.1,91.9,85.6,97.2,96.9,84.7,92.3,89.8,84.9,85.4,86.3,86,80.2,75.8,79.8,86.6,90.8,75.7,7.3,6.2,8.7,0.7,0.9,13.5,6.1,8.1,10.1,9.4,8.3,6.8,7.6,9.8,7.8,4.4,1.5,4.3,3.6,1.9,5.7,2.1,2.2,1.8,1.6,2.1,5,5.2,5.4,7.2,12.2,14.4,12.4,9,7.7,20
2014,AM,Urbana,Publico,88.2,91,84.7,97.2,96.7,83,91.6,88.9,83.9,84.6,85.5,85.1,79.4,75,79,85.9,90.8,75.7,7.8,6.8,9.1,0.4,0.8,14.9,6.6,8.9,10.6,9.8,8.7,7.1,7.6,9.7,7.9,4.6,1.5,4.3,4,2.2,6.2,2.4,2.5,2.1,1.8,2.2,5.5,5.6,5.8,7.8,13,15.3,13.1,9.5,7.7,20
2014,AM,Urbana,Particular,97,98,95.3,97.2,98.4,98.3,97.9,98.1,95.2,94.8,95.4,95.8,92.3,87.4,93.7,97.4,--,--,2.7,1.8,4.4,2.1,1.3,1.5,2,1.9,4.5,5,4.4,3.7,7.3,12.2,6,2.3,--,--,0.3,0.2,0.3,0.7,0.3,0.2,0.1,0,0.3,0.2,0.2,0.5,0.4,0.4,0.3,0.3,--,--
2014,AM,Urbana,Municipal,87.7,89.6,82.5,96.8,96.2,81.1,88,87.7,80.9,82.1,84.8,83.3,91.8,91.8,--,--,--,--,8.7,7.8,11.1,0.5,1,16.6,9.8,9.5,13.6,12.1,9.5,7.5,3.1,3.1,--,--,--,--,3.6,2.6,6.4,2.7,2.8,2.3,2.2,2.8,5.5,5.8,5.7,9.2,5.1,5.1,--,--,--,--
2014,AM,Urbana,Federal,89.2,--,89.2,--,--,--,--,--,85.1,83.5,90.4,93.7,83,75.3,88.9,91,97.3,75.7,10.8,--,10.8,--,--,--,--,--,14.9,16.5,9.6,6.3,14.6,22.6,9.9,8.5,2.7,4.3,0,--,0,--,--,--,--,--,0,0,0,0,2.4,2.1,1.2,0.5,0,20
2014,AM,Urbana,Estadual,88.7,94.1,85.7,98.3,97.9,87.2,98.8,90.8,85.7,85.7,85.7,85.7,79.3,75,78.8,85.8,82.8,--,6.9,4.6,8.3,0.2,0.5,11.4,0.3,7.9,8.8,8.8,8.4,7,7.5,9.3,7.8,4.5,0,--,4.4,1.3,6,1.5,1.6,1.4,0.9,1.3,5.5,5.5,5.9,7.3,13.2,15.7,13.4,9.7,17.2,--
2014,RR,Total,Total,89.4,93.4,84,98,93.7,91.6,91.5,93.2,82.9,84.3,84.1,85,78.3,69.7,81.5,89.4,88.2,86.7,8.2,5.6,11.7,0.8,5.4,7.4,7.5,5.7,14,12,10.8,9.6,13.4,19,11.7,5.7,8.9,11.2,2.4,1,4.3,1.2,0.9,1,1,1.1,3.1,3.7,5.1,5.4,8.3,11.3,6.8,4.9,2.9,2.1
2014,RR,Total,Publico,88.7,92.9,83.4,97.8,93.3,91,90.9,92.8,82.1,83.7,83.4,84.3,77.2,68.5,80.4,88.7,88.2,86.7,8.7,6,12.1,0.9,5.7,8,8,6,14.6,12.4,11.3,9.9,14,19.6,12.1,6,8.9,11.2,2.6,1.1,4.5,1.3,1,1,1.1,1.2,3.3,3.9,5.3,5.8,8.8,11.9,7.5,5.3,2.9,2.1
2014,RR,Total,Particular,98,99.3,95.6,99.1,98.7,100,99.7,99.6,95.6,94.6,97.4,95,94.6,91.6,94.7,98,--,--,1.9,0.5,4.4,0.4,1.1,0,0.1,0.4,4.4,5.4,2.6,5,5.3,8.2,5.3,2,--,--,0.1,0.2,0,0.5,0.2,0,0.2,0,0,0,0,0,0.1,0.2,0,0,--,--
2014,RR,Total,Municipal,92.7,93.3,79.8,98.2,93.7,90.7,90.7,94,73.2,83.4,80.5,86.9,88.9,91.7,83.3,--,--,--,6.3,5.9,13.5,0.9,5.6,8.5,8.4,5.2,20.5,10.6,11,6.5,5.6,0,16.7,--,--,--,1,0.8,6.7,0.9,0.7,0.8,0.9,0.8,6.3,6,8.5,6.6,5.5,8.3,0,--,--,--
2014,RR,Total,Federal,99.1,100,98.5,100,100,100,100,100,95.7,100,98.1,100,88,85.7,91,92.4,84.1,86.7,0.9,0,1.5,0,0,0,0,0,4.3,0,1.9,0,10.4,13.2,6.1,6.9,14.5,11.2,0,0,0,0,0,0,0,0,0,0,0,0,1.6,1.1,2.9,0.7,1.4,2.1
2014,RR,Total,Estadual,85.3,91.5,83.4,96.1,90.4,91.7,91.5,90.3,82.6,83.6,83.4,84.2,76.5,67.8,80.1,88.5,91.4,--,10.7,6.3,12.1,0.9,6.5,6.1,6.9,7.7,14.3,12.6,11.3,10,14.2,19.9,12.3,5.9,4.6,--,4,2.2,4.5,3,3.1,2.2,1.6,2,3.1,3.8,5.3,5.8,9.3,12.3,7.6,5.6,4,--
2014,RR,Rural,Total,87.6,90.8,82.5,97.3,91,88.5,89,89,77.2,82,83.7,88.4,84.6,80,85.7,90.6,--,86.3,8.8,7,11.6,0.6,6.8,9.3,9.1,8.5,17.8,12.4,9.3,5.5,6.4,8.8,4.5,3,--,11.3,3.6,2.2,5.9,2.1,2.2,2.2,1.9,2.5,5,5.6,7,6.1,9,11.2,9.8,6.4,--,2.4
2014,RR,Rural,Publico,87.6,90.8,82.5,97.3,91,88.5,89,89,77.2,82,83.7,88.4,84.6,80,85.7,90.6,--,86.3,8.8,7,11.6,0.6,6.8,9.3,9.1,8.5,17.8,12.4,9.3,5.5,6.4,8.8,4.5,3,--,11.3,3.6,2.2,5.9,2.1,2.2,2.2,1.9,2.5,5,5.6,7,6.1,9,11.2,9.8,6.4,--,2.4
2014,RR,Rural,Municipal,89.5,90.9,80.3,98.3,91.5,86.1,88.3,90.2,72.4,81.6,81.6,88,88.9,91.7,83.3,--,--,--,8.4,7.6,13.9,0.4,7,12.3,10.3,8,23.8,13.7,9,5.6,5.6,0,16.7,--,--,--,2.1,1.5,5.8,1.3,1.5,1.6,1.4,1.8,3.8,4.7,9.4,6.4,5.5,8.3,0,--,--,--
2014,RR,Rural,Federal,--,--,--,--,--,--,--,--,--,--,--,--,88.1,87.7,90.9,100,--,86.3,--,--,--,--,--,--,--,--,--,--,--,--,9.4,9.2,4.5,0,--,11.3,--,--,--,--,--,--,--,--,--,--,--,--,2.5,3.1,4.6,0,--,2.4
2014,RR,Rural,Estadual,86.6,90.6,82.8,96.1,90.4,90.6,89.6,88.2,77.9,82.1,84,88.5,84.1,79.6,85.4,90.2,--,--,9,6.5,11.3,0.9,6.5,6.6,7.9,8.7,16.9,12.3,9.3,5.5,6,8.8,4.4,3.2,--,--,4.4,2.9,5.9,3,3.1,2.8,2.5,3.1,5.2,5.6,6.7,6,9.9,11.6,10.2,6.6,--,--
2014,RR,Urbana,Total,90,94.5,84.5,98.3,94.6,93,92.6,94.9,84.6,85.1,84.3,84,77,67.6,80.7,89.1,88.2,89.7,8,5,11.7,0.9,4.9,6.6,6.8,4.5,12.8,11.9,11.3,10.7,15,21,13,6.3,8.9,10.3,2,0.5,3.8,0.8,0.5,0.4,0.6,0.6,2.6,3,4.4,5.3,8,11.4,6.3,4.6,2.9,0
2014,RR,Urbana,Publico,89.2,93.9,83.6,98.2,94.1,92.2,91.8,94.5,83.7,84.3,83.3,83.2,75.6,66.1,79.4,88.2,88.2,89.7,8.6,5.5,12.3,1,5.4,7.3,7.5,4.9,13.5,12.4,11.9,11.1,15.7,21.8,13.7,6.7,8.9,10.3,2.2,0.6,4.1,0.8,0.5,0.5,0.7,0.6,2.8,3.3,4.8,5.7,8.7,12.1,6.9,5.1,2.9,0
2014,RR,Urbana,Particular,98,99.3,95.6,99.1,98.7,100,99.7,99.6,95.6,94.6,97.4,95,94.6,91.6,94.7,98,--,--,1.9,0.5,4.4,0.4,1.1,0,0.1,0.4,4.4,5.4,2.6,5,5.3,8.2,5.3,2,--,--,0.1,0.2,0,0.5,0.2,0,0.2,0,0,0,0,0,0.1,0.2,0,0,--,--
2014,RR,Urbana,Municipal,93.5,93.8,78.9,98.1,94.1,91.9,91.3,94.9,74,86.6,78,82.8,--,--,--,--,--,--,5.7,5.6,12.7,1.1,5.4,7.6,8,4.5,16.7,4.9,15.6,10.3,--,--,--,--,--,--,0.8,0.6,8.4,0.8,0.5,0.5,0.7,0.6,9.3,8.5,6.4,6.9,--,--,--,--,--,--
2014,RR,Urbana,Federal,99.1,100,98.5,100,100,100,100,100,95.7,100,98.1,100,88,85.3,91.1,91.2,84.1,89.7,0.9,0,1.5,0,0,0,0,0,4.3,0,1.9,0,10.9,14.1,6.5,8,14.5,10.3,0,0,0,0,0,0,0,0,0,0,0,0,1.1,0.6,2.4,0.8,1.4,0
2014,RR,Urbana,Estadual,84.6,93.8,83.6,--,--,95.6,94.4,92.8,84,84.2,83.3,83,74.9,65.3,79,88,91.4,--,11.7,5.7,12.3,--,--,4.4,5.4,6.3,13.4,12.7,12,11.2,16,22.1,13.9,6.6,4.6,--,3.7,0.5,4.1,--,--,0,0.2,0.9,2.6,3.1,4.7,5.8,9.1,12.6,7.1,5.4,4,--
2014,PA,Total,Total,83.2,86.2,78.8,96.5,95.4,80.2,81.4,81,73.3,78.2,83.1,83.1,71.8,67.5,74.1,75.5,82.8,73.6,12.4,10.9,14.6,0.6,2.4,17.1,15.5,15.3,19.3,15.1,10.8,10.9,12.1,13.7,10.2,11.9,9,12.8,4.4,2.9,6.6,2.9,2.2,2.7,3.1,3.7,7.4,6.7,6.1,6,16.1,18.8,15.7,12.6,8.2,13.6
2014,PA,Total,Publico,81.9,85.1,77.2,96.3,95.1,78.8,80,79.7,71.7,76.7,81.7,81.7,69.3,65.2,71.7,72.8,82.8,72.4,13.3,11.7,15.6,0.6,2.5,18.4,16.6,16.3,20.4,16,11.5,11.7,13,14.4,11,13.1,9,13.2,4.8,3.2,7.2,3.1,2.4,2.8,3.4,4,7.9,7.3,6.8,6.6,17.7,20.4,17.3,14.1,8.2,14.4
2014,PA,Total,Particular,96.8,98,95.1,98,98.5,97.7,97.8,98,94.5,94.9,95.9,95.3,95.4,93,96.3,97.4,--,96.4,2.8,1.6,4.5,1.2,1.1,2.1,1.9,1.8,5.1,4.8,3.8,4.3,3.8,5.9,3,2.2,--,3.6,0.4,0.4,0.4,0.8,0.4,0.2,0.3,0.2,0.4,0.3,0.3,0.4,0.8,1.1,0.7,0.4,--,0
2014,PA,Total,Municipal,83.2,85.2,79.6,96.4,95,79.5,78.7,80.1,73.6,79.2,83.8,85.8,56,45.3,73.6,55.7,--,--,12.3,11.8,13.3,0.6,2.7,17.7,17.9,15.9,18.6,13.7,9.6,8,37,52.3,9.4,39.3,--,--,4.5,3,7.1,3,2.3,2.8,3.4,4,7.8,7.1,6.6,6.2,7,2.4,17,5,--,--
2014,PA,Total,Federal,89.6,94.8,86.2,99,97.2,97.3,90.9,93.2,92.5,90.8,86.2,76.7,73.7,61.6,76,82.9,84.6,73.5,10.1,4.8,13.6,1,0.9,2.7,8.6,6.8,7.5,9.2,13.1,23,18.6,27.9,16.1,12.1,12,13.2,0.3,0.4,0.2,0,1.9,0,0.5,0,0,0,0.7,0.3,7.7,10.5,7.9,5,3.4,13.3
2014,PA,Total,Estadual,74.8,84.5,70.5,94.5,96.4,71,95.9,75.7,65.8,69.7,76,72.3,69.2,65.2,71.6,72.7,80.1,72.1,18.5,11.5,21.6,0.4,0.4,25.3,1,19.4,25.8,22.4,16.6,20.1,12.9,14.2,11,13.1,4.2,13.2,6.7,4,7.9,5.1,3.2,3.7,3.1,4.9,8.4,7.9,7.4,7.6,17.9,20.6,17.4,14.2,15.7,14.7
2014,PA,Rural,Total,81.4,82,80.1,95.6,94.8,76.9,73.8,75.5,73.5,80.7,84.2,85.9,72.7,68.6,73.4,78.4,100,73.5,13,13.8,11.3,0.7,2.1,19.5,21.6,19.3,17.1,10.8,7.4,6.5,9.8,11,8.6,9.5,0,13.2,5.6,4.2,8.6,3.7,3.1,3.6,4.6,5.2,9.4,8.5,8.4,7.6,17.5,20.4,18,12.1,0,13.3
2014,PA,Rural,Publico,81.4,82,80.1,95.6,94.8,76.9,73.8,75.5,73.5,80.7,84.2,85.9,72.4,68.4,73.1,77.9,100,73.5,13,13.8,11.3,0.7,2.1,19.4,21.6,19.3,17.1,10.8,7.4,6.5,10,11.1,8.7,9.8,0,13.2,5.6,4.2,8.6,3.7,3.1,3.7,4.6,5.2,9.4,8.5,8.4,7.6,17.6,20.5,18.2,12.3,0,13.3
2014,PA,Rural,Particular,84.5,84.4,84.8,97.8,96.5,67.5,79.8,81,79.5,86.8,84.2,90.2,84.1,76.4,86.4,93.5,--,--,13.7,14.5,11.1,0.9,2.6,30.7,19.4,18.1,13.9,11.8,11.6,6.9,4.3,6.7,3.8,1.4,--,--,1.8,1.1,4.1,1.3,0.9,1.8,0.8,0.9,6.6,1.4,4.2,2.9,11.6,16.9,9.8,5.1,--,--
2014,PA,Rural,Municipal,81.6,82.1,80.5,95.6,94.8,77.1,73.6,75.6,73.6,81.1,84.9,87.2,80,--,64,93.3,--,--,12.8,13.8,10.8,0.7,2.2,19.3,21.8,19.1,16.9,10.2,6.7,5.2,0,--,0,0,--,--,5.6,4.1,8.7,3.7,3,3.6,4.6,5.3,9.5,8.7,8.4,7.6,20,--,36,6.7,--,--
2014,PA,Rural,Federal,--,--,--,--,--,--,--,--,--,--,--,--,77.5,80.7,--,--,--,73.5,--,--,--,--,--,--,--,--,--,--,--,--,13.6,13.9,--,--,--,13.2,--,--,--,--,--,--,--,--,--,--,--,--,8.9,5.4,--,--,--,13.3
2014,PA,Rural,Estadual,76.9,79,76.4,94.4,95.6,65.9,92.7,68,72.4,77.7,79.2,77,72.3,68.2,73.1,77.8,100,--,16,16.6,15.9,2.6,0.9,30.1,3.1,26.5,19.2,15.3,12.8,15.7,10,11.1,8.7,9.8,0,--,7.1,4.4,7.7,3,3.5,4,4.2,5.5,8.4,7,8,7.3,17.7,20.7,18.2,12.4,0,--
2014,PA,Urbana,Total,84.1,88.7,78.2,97,95.8,82.3,86.4,84.4,73.3,77.2,82.6,82.1,71.7,67.4,74.2,75.3,82.2,73.6,12.1,9.1,15.9,0.6,2.5,15.7,11.4,12.8,20.2,16.8,12.1,12.5,12.3,13.9,10.4,12.1,9.3,12.6,3.8,2.2,5.9,2.4,1.7,2,2.2,2.8,6.5,6,5.3,5.4,16,18.7,15.4,12.6,8.5,13.8
2014,PA,Urbana,Publico,82.2,87.3,75.9,96.8,95.3,80.1,84.8,82.7,70.8,74.9,80.6,79.9,69,64.9,71.5,72.4,82.2,72.1,13.4,10.2,17.5,0.5,2.8,17.6,12.8,14.2,22,18.3,13.4,13.9,13.2,14.6,11.2,13.4,9.3,13.2,4.4,2.5,6.6,2.7,1.9,2.3,2.4,3.1,7.2,6.8,6,6.2,17.8,20.5,17.3,14.2,8.5,14.7
2014,PA,Urbana,Particular,96.9,98.2,95.2,98,98.5,98.1,98.2,98.3,94.6,94.9,96,95.3,95.7,93.5,96.5,97.4,--,96.4,2.7,1.4,4.5,1.2,1.1,1.6,1.6,1.5,5.1,4.8,3.7,4.3,3.8,5.9,3,2.2,--,3.6,0.4,0.4,0.3,0.8,0.4,0.3,0.2,0.2,0.3,0.3,0.3,0.4,0.5,0.6,0.5,0.4,--,0
2014,PA,Urbana,Municipal,84.4,87.6,79.1,97.1,95.2,81.5,83.1,83.9,73.6,78,83.2,84.9,46.9,45.3,82.1,19.4,--,--,11.9,10.1,14.9,0.5,3.1,16.5,14.5,13.3,19.7,15.8,11.5,9.7,51,52.3,17.9,77.4,--,--,3.7,2.3,6,2.4,1.7,2,2.4,2.8,6.7,6.2,5.3,5.4,2.1,2.4,0,3.2,--,--
2014,PA,Urbana,Federal,89.6,94.8,86.2,99,97.2,97.3,90.9,93.2,92.5,90.8,86.2,76.7,73.3,58.8,76,82.9,84.6,--,10.1,4.8,13.6,1,0.9,2.7,8.6,6.8,7.5,9.2,13.1,23,19,29.9,16.1,12.1,12,--,0.3,0.4,0.2,0,1.9,0,0.5,0,0,0,0.7,0.3,7.7,11.3,7.9,5,3.4,--
2014,PA,Urbana,Estadual,74.6,84.9,69.7,94.5,96.4,71.4,96.2,76.4,64.9,68.6,75.5,71.6,69,65,71.5,72.3,78.2,72.1,18.8,11.2,22.4,0.3,0.4,25,0.8,18.7,26.7,23.4,17.2,20.7,13.1,14.5,11.2,13.4,4.6,13.2,6.6,3.9,7.9,5.2,3.2,3.6,3,4.9,8.4,8,7.3,7.7,17.9,20.5,17.3,14.3,17.2,14.7
2014,AP,Total,Total,86.4,89.3,82.4,97.2,97.8,82,84.7,86.4,76,82.5,85.6,87,73.1,66.8,76.3,79.4,91.6,72.3,10.7,9.2,12.8,0.8,1.1,16.7,13.9,11.7,18.6,12.6,10.2,8.6,14.3,17.5,12.6,11.2,4.5,19.1,2.9,1.5,4.8,2,1.1,1.3,1.4,1.9,5.4,4.9,4.2,4.4,12.6,15.7,11.1,9.4,3.9,8.6
2014,AP,Total,Publico,85.3,88.3,81.1,97,97.6,80.7,83.5,85.2,74.5,81.3,84.4,85.9,70.8,64.5,74,77.2,91.6,56,11.6,10,13.8,0.9,1.2,17.9,15,12.8,19.8,13.5,11,9.3,15.5,18.7,13.8,12.3,4.7,36,3.1,1.7,5.1,2.1,1.2,1.4,1.5,2,5.7,5.2,4.6,4.8,13.7,16.8,12.2,10.5,3.7,8
2014,AP,Total,Particular,98.4,99.1,97.5,99.6,99.5,98.4,98.5,99.4,95.9,97.4,98.4,98.2,97.1,95.8,97.8,98.3,90.9,90.9,1.3,0.7,2.2,0,0.1,1.6,1.5,0.6,3.6,2.2,1.3,1.7,2,3.3,1.4,1.3,0,0,0.3,0.2,0.3,0.4,0.4,0,0,0,0.5,0.4,0.3,0.1,0.9,0.9,0.8,0.4,9.1,9.1
2014,AP,Total,Municipal,89.5,90.1,80.8,96.7,97.2,83.2,86.3,84.7,76.4,82.7,77.8,89.6,--,--,--,--,--,--,8.5,8.2,12.9,1,1.4,15.6,12.3,13.3,16.7,12.5,13.5,5.8,--,--,--,--,--,--,2,1.7,6.3,2.3,1.4,1.2,1.4,2,6.9,4.8,8.7,4.6,--,--,--,--,--,--
2014,AP,Total,Federal,--,--,--,--,--,--,--,--,--,--,--,--,88,82.1,88.6,88.4,98.6,--,--,--,--,--,--,--,--,--,--,--,--,--,11.8,17.5,11.4,11.6,1.4,--,--,--,--,--,--,--,--,--,--,--,--,--,0.2,0.4,0,0,0,--
2014,AP,Total,Estadual,82.7,85.5,81.1,97.9,98.6,76.7,80.8,85.8,74.4,81.2,84.7,85.8,70.2,64,73.5,76.9,86.5,56,13.5,12.9,13.8,0.5,0.6,21.6,17.7,12.2,20,13.5,10.9,9.4,15.6,18.7,13.9,12.3,7.1,36,3.8,1.6,5.1,1.6,0.8,1.7,1.5,2,5.6,5.3,4.4,4.8,14.2,17.3,12.6,10.8,6.4,8
2014,AP,Rural,Total,85.5,86,84.6,97.1,97.3,77.8,78.1,84.3,80.2,84.8,86,89.3,79.8,77.1,79.7,85.5,90.9,90.9,11.3,12.2,9.4,1,1.5,20.7,19.9,13.4,14.1,9.2,7.6,4.5,5.4,6.8,4.8,3.5,0,0,3.2,1.8,6,1.9,1.2,1.5,2,2.3,5.7,6,6.4,6.2,14.8,16.1,15.5,11,9.1,9.1
2014,AP,Rural,Publico,85.5,86,84.6,97.1,97.3,77.8,78.1,84.3,80.6,84.8,86,89.1,78.8,76.3,78.9,84.5,--,--,11.3,12.2,9.4,1,1.5,20.7,19.9,13.4,13.9,9.3,7.6,4.5,5.8,7.1,5.2,3.9,--,--,3.2,1.8,6,1.9,1.2,1.5,2,2.3,5.5,5.9,6.4,6.4,15.4,16.6,15.9,11.6,--,--
2014,AP,Rural,Particular,82.2,--,82.2,--,--,--,--,--,64.9,85.7,87.5,95.5,90.8,88.2,90.5,95.2,90.9,90.9,11,--,11,--,--,--,--,--,24.6,4.8,6.3,4.5,1.1,2.9,0,0,0,0,6.8,--,6.8,--,--,--,--,--,10.5,9.5,6.2,0,8.1,8.9,9.5,4.8,9.1,9.1
2014,AP,Rural,Municipal,87.7,88.1,80.8,97.1,96.9,80.4,81.6,83.5,75.2,90.9,70.6,91.5,--,--,--,--,--,--,10,10.1,8.6,1.1,1.8,18,16.5,14.2,16.1,4.5,8.7,0,--,--,--,--,--,--,2.3,1.8,10.6,1.8,1.3,1.6,1.9,2.3,8.7,4.6,20.7,8.5,--,--,--,--,--,--
2014,AP,Rural,Estadual,84.6,84.3,84.9,97.1,97.6,76,75.8,84.9,80.9,84.5,87,89,78.8,76.3,78.9,84.5,--,--,11.8,13.8,9.4,0.7,1.3,22.6,22,13,13.8,9.6,7.6,4.7,5.8,7.1,5.2,3.9,--,--,3.6,1.9,5.7,2.2,1.1,1.4,2.2,2.1,5.3,5.9,5.4,6.3,15.4,16.6,15.9,11.6,--,--
2014,AP,Urbana,Total,86.6,90.2,82,97.3,98,83.4,86.6,87,75.2,82.1,85.5,86.7,72.5,65.7,76,78.9,91.6,56,10.6,8.4,13.5,0.7,1,15.4,12.2,11.3,19.5,13.3,10.6,9.2,15.1,18.6,13.4,11.8,4.7,36,2.8,1.4,4.5,2,1,1.2,1.2,1.7,5.3,4.6,3.9,4.1,12.4,15.7,10.6,9.3,3.7,8
2014,AP,Urbana,Publico,85.2,89.1,80.4,96.9,97.8,81.7,85.3,85.5,73.2,80.5,84,85.4,70,63.3,73.5,76.6,91.6,56,11.7,9.3,14.7,0.8,1.1,17,13.4,12.6,21.1,14.4,11.7,10,16.4,19.8,14.7,13,4.7,36,3.1,1.6,4.9,2.3,1.1,1.3,1.3,1.9,5.7,5.1,4.3,4.6,13.6,16.9,11.8,10.4,3.7,8
2014,AP,Urbana,Particular,98.7,99.1,98.1,99.6,99.5,98.4,98.5,99.4,97.5,97.8,98.9,98.3,97.7,96.5,98.3,98.6,--,--,1.1,0.7,1.9,0,0.1,1.6,1.5,0.6,2.5,2.1,1.1,1.6,2.1,3.3,1.5,1.3,--,--,0.2,0.2,0,0.4,0.4,0,0,0,0,0.1,0,0.1,0.2,0.2,0.2,0.1,--,--
2014,AP,Urbana,Municipal,89.9,90.5,80.8,96.7,97.3,83.7,87.3,85,76.7,80.9,79.8,89.2,--,--,--,--,--,--,8.2,7.8,13.9,0.9,1.3,15.1,11.3,13.1,16.8,14.2,14.9,6.9,--,--,--,--,--,--,1.9,1.7,5.3,2.4,1.4,1.2,1.4,1.9,6.5,4.9,5.3,3.9,--,--,--,--,--,--
2014,AP,Urbana,Federal,--,--,--,--,--,--,--,--,--,--,--,--,88,82.1,88.6,88.4,98.6,--,--,--,--,--,--,--,--,--,--,--,--,--,11.8,17.5,11.4,11.6,1.4,--,--,--,--,--,--,--,--,--,--,--,--,--,0.2,0.4,0,0,0,--
2014,AP,Urbana,Estadual,82.1,86.2,80.4,98.5,99.4,77.2,82.9,86.3,73,80.5,84.2,85.2,69.3,62.7,73,76.3,86.5,56,14,12.4,14.7,0.3,0.2,21,15.8,11.9,21.4,14.4,11.6,10.2,16.6,19.9,14.8,13,7.1,36,3.9,1.4,4.9,1.2,0.4,1.8,1.3,1.8,5.6,5.1,4.2,4.6,14.1,17.4,12.2,10.7,6.4,8
2014,TO,Total,Total,88.8,93.2,83.4,99.1,99.2,92.1,85.9,92.1,81.7,82.3,83.7,86.3,79.4,72.1,81.1,89,86.3,78.4,9.5,6.1,13.6,0.3,0.4,7.5,13.3,7,15.7,14.7,12.9,10.2,12.5,17.5,11.1,6.2,10.2,11.9,1.7,0.7,3,0.6,0.4,0.4,0.8,0.9,2.6,3,3.4,3.5,8.1,10.4,7.8,4.8,3.5,9.7
2014,TO,Total,Publico,88.2,92.7,82.7,99.1,99.2,91.4,85,91.7,80.9,81.7,83,85.7,78.6,71.1,80.3,88.5,86.3,78.4,10,6.6,14.1,0.3,0.3,8.1,14.2,7.4,16.4,15.2,13.4,10.5,12.8,17.9,11.5,6.5,10.2,11.9,1.8,0.7,3.2,0.6,0.5,0.5,0.8,0.9,2.7,3.1,3.6,3.8,8.6,11,8.2,5,3.5,9.7
2014,TO,Total,Particular,97.1,98.8,94,99.1,99.4,98.5,98.5,98.2,94.7,93.6,94,93.7,92.6,89.1,93.9,95.8,--,--,2.8,1.1,5.9,0.6,0.5,1.3,1.5,1.8,5,6.3,5.9,6.3,6.7,10.7,5.6,2.7,--,--,0.1,0.1,0.1,0.3,0.1,0.2,0,0,0.3,0.1,0.1,0,0.7,0.2,0.5,1.5,--,--
2014,TO,Total,Municipal,92.3,93.7,87.5,99.3,99.4,91.1,86,92.6,83.9,86,89.2,93.6,97.1,100,91.2,100,--,--,6.7,5.8,9.8,0.3,0.3,8.5,13.3,6.8,13.7,11.1,8.1,4.1,0,0,0,0,--,--,1,0.5,2.7,0.4,0.3,0.4,0.7,0.6,2.4,2.9,2.7,2.3,2.9,0,8.8,0,--,--
2014,TO,Total,Federal,--,--,--,--,--,--,--,--,--,--,--,--,81.9,74.2,86.3,93.8,79.1,--,--,--,--,--,--,--,--,--,--,--,--,--,16.3,23.6,12.9,4.9,16,--,--,--,--,--,--,--,--,--,--,--,--,--,1.8,2.2,0.8,1.3,4.9,--
2014,TO,Total,Estadual,83.4,89.5,80.9,93.7,98.4,92.5,82.7,90.1,79.7,80,81,83.4,78.4,70.9,80.1,88.3,96.3,78.4,13.8,9.3,15.6,0.4,0.3,6.8,16.2,8.6,17.5,16.8,15.1,12.4,12.8,17.7,11.4,6.5,2.2,11.9,2.8,1.2,3.5,5.9,1.3,0.7,1.1,1.3,2.8,3.2,3.9,4.2,8.8,11.4,8.5,5.2,1.5,9.7
2014,TO,Rural,Total,87.6,90.6,82.8,97.4,97.8,90.5,82.6,87.5,78.6,81.5,85.2,88,84,77,86,92.6,98.5,82.9,8.8,7.4,11,0.9,0.7,8.4,14.9,9.7,15.5,12.1,8.2,6.2,8.6,13.2,7.3,3.2,0,4.8,3.6,2,6.2,1.7,1.5,1.1,2.5,2.8,5.9,6.4,6.6,5.8,7.4,9.8,6.7,4.2,1.5,12.3
2014,TO,Rural,Publico,87.5,90.5,82.5,97.4,97.7,90.4,82.3,87.4,78.4,81.2,84.8,87.5,83.2,76.1,85.1,92.1,98.5,82.9,8.9,7.5,11.2,0.9,0.7,8.4,15.2,9.8,15.6,12.2,8.4,6.4,9,13.6,7.7,3.5,0,4.8,3.6,2,6.3,1.7,1.6,1.2,2.5,2.8,6,6.6,6.8,6.1,7.8,10.3,7.2,4.4,1.5,12.3
2014,TO,Rural,Particular,96.4,98.1,95,100,100,94.6,100,97.3,88.8,92.6,97,100,97.8,96.1,98.7,98.6,--,--,3.6,1.9,5,0,0,5.4,0,2.7,11.2,7.4,3,0,1.8,3.9,1.3,0,--,--,0,0,0,0,0,0,0,0,0,0,0,0,0.4,0,0,1.4,--,--
2014,TO,Rural,Municipal,90.3,91.8,87,98.4,98.8,89.8,83.7,89.6,82.2,86,89.5,92.9,97.1,100,91.2,100,--,--,8,7.4,9.4,1,0.7,9.6,14.9,9.2,14.6,10.2,6.2,3.9,0,0,0,0,--,--,1.7,0.8,3.6,0.6,0.5,0.6,1.4,1.2,3.2,3.8,4.3,3.2,2.9,0,8.8,0,--,--
2014,TO,Rural,Federal,--,--,--,--,--,--,--,--,--,--,--,--,82.4,70.1,88.2,97.8,--,--,--,--,--,--,--,--,--,--,--,--,--,--,15.5,25.5,11.3,2.2,--,--,--,--,--,--,--,--,--,--,--,--,--,--,2.1,4.4,0.5,0,--,--
2014,TO,Rural,Estadual,80.1,85.6,75.6,92.4,92.4,92.8,76.8,81.4,72.6,73.7,78.4,79.2,82.9,76.8,84.3,90.3,98.5,82.9,11.2,7.9,13.9,0.3,0.9,3.2,16.3,11.4,17.1,15.4,11.3,10.4,7.8,11.1,7.2,4,0,4.8,8.7,6.5,10.5,7.3,6.7,4,6.9,7.2,10.3,10.9,10.3,10.4,9.3,12.1,8.5,5.7,1.5,12.3
2014,TO,Urbana,Total,89,93.7,83.4,99.4,99.5,92.4,86.6,93,82.2,82.5,83.5,86.1,79.1,71.8,80.8,88.8,83.2,62.1,9.6,5.9,13.9,0.2,0.3,7.3,13,6.6,15.8,15.1,13.5,10.7,12.7,17.8,11.3,6.4,12.9,37.9,1.4,0.4,2.7,0.4,0.2,0.3,0.4,0.4,2,2.4,3,3.2,8.2,10.4,7.9,4.8,3.9,0
2014,TO,Urbana,Publico,88.3,93.1,82.7,99.5,99.5,91.6,85.5,92.5,81.2,81.8,82.8,85.5,78.3,70.7,80,88.3,83.2,62.1,10.2,6.5,14.5,0.1,0.3,8.1,14,7,16.6,15.6,14.1,11,13.1,18.1,11.7,6.6,12.9,37.9,1.5,0.4,2.8,0.4,0.2,0.3,0.5,0.5,2.2,2.6,3.1,3.5,8.6,11.2,8.3,5.1,3.9,0
2014,TO,Urbana,Particular,97.1,98.8,94,99,99.3,98.7,98.4,98.2,95,93.7,93.8,93.3,92.3,88.7,93.6,95.6,--,--,2.7,1.1,5.9,0.6,0.5,1.2,1.6,1.8,4.8,6.3,6.1,6.7,7,11.1,5.9,2.9,--,--,0.2,0.1,0.1,0.4,0.2,0.1,0,0,0.2,0,0.1,0,0.7,0.2,0.5,1.5,--,--
2014,TO,Urbana,Municipal,92.9,94.1,87.7,99.5,99.5,91.3,86.6,93.3,84.6,85.9,89,93.8,--,--,--,--,--,--,6.4,5.5,10,0.1,0.3,8.3,12.9,6.2,13.3,11.4,8.8,4.2,--,--,--,--,--,--,0.7,0.4,2.3,0.4,0.2,0.4,0.5,0.5,2.1,2.7,2.2,2,--,--,--,--,--,--
2014,TO,Urbana,Federal,--,--,--,--,--,--,--,--,--,--,--,--,81.6,76.6,85.3,90.4,79.1,--,--,--,--,--,--,--,--,--,--,--,--,--,16.7,22.5,13.8,7.2,16,--,--,--,--,--,--,--,--,--,--,--,--,--,1.7,0.9,0.9,2.4,4.9,--
2014,TO,Urbana,Estadual,83.7,90.1,81.3,98.2,99.6,92.5,83.5,91.2,80.2,80.5,81.2,83.6,78.2,70.6,79.9,88.2,94.2,62.1,14.1,9.5,15.7,0.6,0.2,7.3,16.1,8.2,17.6,16.9,15.4,12.6,13,18.1,11.6,6.6,4.3,37.9,2.2,0.4,3,1.2,0.2,0.2,0.4,0.6,2.2,2.6,3.4,3.8,8.8,11.3,8.5,5.2,1.5,0
2014,MA,Total,Total,88.2,91.8,83.5,97.5,96.9,89.6,88.3,88.1,80,82.5,84.6,88,78.7,72.9,79.3,86.9,92.3,89,8.5,6.3,11.5,0.8,1.5,8.7,9.6,9.5,15.2,12.6,10.1,6.8,11.5,15.2,11.3,6.1,0.9,6.2,3.3,1.9,5,1.7,1.6,1.7,2.1,2.4,4.8,4.9,5.3,5.2,9.8,11.9,9.4,7,6.8,4.8
2014,MA,Total,Publico,87.3,91.1,82.6,97.3,96.7,88.7,87.4,87.2,78.9,81.7,83.8,87.4,77.7,71.9,78.2,86,89.3,89,9.1,6.8,12,0.7,1.6,9.4,10.4,10.2,16,13.1,10.5,6.9,12,15.6,11.7,6.5,1.3,6.2,3.6,2.1,5.4,2,1.7,1.9,2.2,2.6,5.1,5.2,5.7,5.7,10.3,12.5,10.1,7.5,9.4,4.8
2014,MA,Total,Particular,96.4,98,93.6,98.7,98.5,97.5,97.7,97.4,93.7,93.3,94.1,93.5,92.1,87.7,92.7,96.3,97.8,93.3,3.1,1.6,5.8,0.9,1.1,2.2,2,2.3,5.9,6,5.3,5.9,5.6,9.7,5,1.8,0,6.7,0.5,0.4,0.6,0.4,0.4,0.3,0.3,0.3,0.4,0.7,0.6,0.6,2.3,2.6,2.3,1.9,2.2,0
2014,MA,Total,Municipal,87.6,91.3,82.6,97.7,97,88.9,87.5,87.4,78.7,81.6,83.9,87.8,74.2,66.1,72.9,80.8,83.8,55.6,8.9,6.7,11.8,0.5,1.4,9.3,10.4,10.2,16.1,13,10.1,6.3,5.1,9.1,3.8,2.7,2,22.2,3.5,2,5.6,1.8,1.6,1.8,2.1,2.4,5.2,5.4,6,5.9,20.7,24.8,23.3,16.5,14.2,22.2
2014,MA,Total,Federal,92.2,98.4,89.4,100,100,100,92.9,98.7,98.7,98.6,74.4,87.8,88.7,87.5,88.9,88.4,--,90.9,7.6,1.6,10.2,0,0,0,7.1,1.3,0,1.4,25.6,12.2,7.9,9.1,8.1,8.3,--,5.1,0.2,0,0.4,0,0,0,0,0,1.3,0,0,0,3.4,3.4,3,3.3,--,4
2014,MA,Total,Estadual,83.2,83.4,83.1,76.4,87.6,82.5,83.7,83.6,81.5,82.5,83.1,84.9,77.4,71.6,78.1,86,99.7,62.5,12.9,12.1,13.2,17.1,8,13.5,12.2,12,13.6,14,13.7,11.7,12.1,15.8,11.9,6.5,0,22.5,3.9,4.5,3.7,6.5,4.4,4,4.1,4.4,4.9,3.5,3.2,3.4,10.5,12.6,10,7.5,0.3,15
2014,MA,Rural,Total,87.8,91,83.1,96.8,96.3,89.8,86.9,86.5,78.6,82.6,84.9,88.1,78.6,73.9,79.8,85.1,76.4,87.7,8.5,6.9,10.9,1.1,1.8,8.3,10.8,10.9,15.8,11.7,8.5,5.2,10.2,13.2,9.5,6.1,3.4,6.2,3.7,2.1,6,2.1,1.9,1.9,2.3,2.6,5.6,5.7,6.6,6.7,11.2,12.9,10.7,8.8,20.2,6.1
2014,MA,Rural,Publico,87.7,90.9,83,96.8,96.3,89.6,86.8,86.4,78.5,82.5,84.8,88.1,78.4,73.8,79.7,84.8,76.7,86.4,8.6,6.9,10.9,1.1,1.8,8.4,10.9,11,15.9,11.7,8.6,5.2,10.4,13.4,9.7,6.3,3.6,6.1,3.7,2.2,6.1,2.1,1.9,2,2.3,2.6,5.6,5.8,6.6,6.7,11.2,12.8,10.6,8.9,19.7,7.5
2014,MA,Rural,Particular,96,98.3,91.9,99.2,98.7,98.4,98,96.5,91,92.4,92.9,91.2,83.1,76.4,82.2,91.5,70,93.3,2.8,1.5,5.2,0.5,0.8,1.6,1.7,3.2,6.3,6,3.4,4.7,4.9,8.5,3.9,1.9,0,6.7,1.2,0.2,2.9,0.3,0.5,0,0.3,0.3,2.7,1.6,3.7,4.1,12,15.1,13.9,6.6,30,0
2014,MA,Rural,Municipal,88,91.3,83.1,97.5,96.9,90,87.1,86.7,78.7,82.5,85,88.5,70.4,61.8,72,78,76.7,55.6,8.4,6.7,10.9,0.6,1.4,8.2,10.8,10.8,16,11.8,8.5,4.8,5.8,9.8,4,2.6,3.6,22.2,3.6,2,6,1.9,1.7,1.8,2.1,2.5,5.3,5.7,6.5,6.7,23.8,28.4,24,19.4,19.7,22.2
2014,MA,Rural,Federal,96.3,96.7,95.7,100,100,100,92.9,92.3,100,94.4,100,90,86.4,83.7,91,87.9,--,97.1,3.7,3.3,4.3,0,0,0,7.1,7.7,0,5.6,0,10,9.7,12.2,6,8.1,--,0,0,0,0,0,0,0,0,0,0,0,0,0,3.9,4.1,3,4,--,2.9
2014,MA,Rural,Estadual,78.2,76.2,80.2,73.7,78.8,78.1,76.5,72.6,75,82.6,82.4,80.4,78.3,73.5,79.5,84.8,--,100,13.3,15.9,10.8,19.2,14.4,14.7,14.9,17.2,11.3,9.8,10.4,12.1,10.6,13.5,9.9,6.3,--,0,8.5,7.9,9,7.1,6.8,7.2,8.6,10.2,13.7,7.6,7.2,7.5,11.1,13,10.6,8.9,--,0
2014,MA,Urbana,Total,88.4,92.5,83.7,98,97.3,89.4,89.4,89.3,80.8,82.4,84.5,87.9,78.7,72.7,79.2,87.2,95.3,89.1,8.6,5.8,11.8,0.5,1.3,9,8.8,8.6,14.9,13.1,10.9,7.6,11.7,15.6,11.6,6.1,0.4,6.2,3,1.7,4.5,1.5,1.4,1.6,1.8,2.1,4.3,4.5,4.6,4.5,9.6,11.7,9.2,6.7,4.3,4.7
2014,MA,Urbana,Publico,87.1,91.3,82.4,97.8,97.1,87.8,87.9,87.9,79.1,81.1,83.2,87.1,77.5,71.5,78,86.2,93.2,89.1,9.5,6.7,12.6,0.4,1.3,10.3,10,9.7,16,13.9,11.7,7.9,12.2,16.1,12.1,6.5,0.6,6.2,3.4,2,5,1.8,1.6,1.9,2.1,2.4,4.9,5,5.1,5,10.3,12.4,9.9,7.3,6.2,4.7
2014,MA,Urbana,Particular,96.5,98,93.7,98.7,98.5,97.5,97.7,97.5,93.8,93.4,94.2,93.6,92.9,88.6,93.6,96.8,98.4,--,3.1,1.6,5.8,0.9,1.1,2.2,2,2.2,5.8,6,5.4,5.9,5.7,9.8,5.1,1.8,0,--,0.4,0.4,0.5,0.4,0.4,0.3,0.3,0.3,0.4,0.6,0.4,0.5,1.4,1.6,1.3,1.4,1.6,--
2014,MA,Urbana,Municipal,87.2,91.4,82.2,97.8,97,87.9,87.9,87.9,78.7,80.9,83.2,87.3,76.2,68.2,73.5,81.9,87.8,--,9.3,6.6,12.4,0.4,1.4,10.3,10,9.7,16.2,13.8,11.2,7.2,4.7,8.8,3.6,2.7,1.2,--,3.5,2,5.4,1.8,1.6,1.8,2.1,2.4,5.1,5.3,5.6,5.5,19.1,23,22.9,15.4,11,--
2014,MA,Urbana,Federal,90.7,100,88.1,--,--,--,--,100,98.5,100,71.8,87.2,89.5,89.9,88.3,88.6,--,90.7,8.9,0,11.4,--,--,--,--,0,0,0,28.2,12.8,7.3,7.2,8.8,8.4,--,5.2,0.4,0,0.5,--,--,--,--,0,1.5,0,0,0,3.2,2.9,2.9,3,--,4.1
2014,MA,Urbana,Estadual,85.1,89.1,83.9,98.9,97.6,86.1,87.8,88.2,83.6,82.4,83.3,85.8,77.3,71.2,77.8,86.2,99.7,54.5,12.7,9.2,13.8,0,0.7,12.5,10.6,9.8,14.4,15.3,14.5,11.6,12.4,16.2,12.2,6.5,0,27.3,2.2,1.7,2.3,1.1,1.7,1.4,1.6,2,2,2.3,2.2,2.6,10.3,12.6,10,7.3,0.3,18.2
2014,PI,Total,Total,84.6,87.3,81.2,96.3,94.4,80.6,83.1,85,73.8,79.9,85.2,88.9,77.7,69.2,80,86.9,92.3,98,12.4,11,14.2,2.4,4.3,17.9,14.9,12.7,21.1,15.4,10.7,7,8.6,13.4,7.2,3.5,3.5,0,3,1.7,4.6,1.3,1.3,1.5,2,2.3,5.1,4.7,4.1,4.1,13.7,17.4,12.8,9.6,4.2,2
2014,PI,Total,Publico,83.2,85.8,79.8,96.1,93.9,78.4,81.2,83.4,71.6,78.3,84.2,88.5,75.6,66.8,78.1,85.1,92,95.7,13.5,12.2,15,2.4,4.7,19.9,16.5,14,22.7,16.4,11.1,6.8,8.9,13.7,7.2,3.8,3.7,0,3.3,2,5.2,1.5,1.4,1.7,2.3,2.6,5.7,5.3,4.7,4.7,15.5,19.5,14.7,11.1,4.3,4.3
2014,PI,Total,Particular,95,97,92.1,97.1,97.4,97.3,96.7,96.8,92.8,92.5,91.9,91.2,92.6,88,92.2,98.1,95.9,100,4.8,2.8,7.6,2.6,2.3,2.6,3.2,3.1,7,7.2,7.7,8.5,6.9,11.2,7.5,1.6,1,0,0.2,0.2,0.3,0.3,0.3,0.1,0.1,0.1,0.2,0.3,0.4,0.3,0.5,0.8,0.3,0.3,3.1,0
2014,PI,Total,Municipal,83.5,85.9,79.6,96.2,94,78.2,81.2,83.3,70.8,78.3,84.9,89.9,69.2,63.3,75.3,66.1,75.9,--,13.4,12.2,15.4,2.4,4.6,20,16.6,14.2,23.7,16.6,10.6,5.7,6.6,11.2,8.2,0,0,--,3.1,1.9,5,1.4,1.4,1.8,2.2,2.5,5.5,5.1,4.5,4.4,24.2,25.5,16.5,33.9,24.1,--
2014,PI,Total,Federal,--,--,--,--,--,--,--,--,--,--,--,--,83.3,69.7,87.6,93.3,91.1,87.5,--,--,--,--,--,--,--,--,--,--,--,--,14.3,26.8,11.1,5.2,5.5,0,--,--,--,--,--,--,--,--,--,--,--,--,2.4,3.5,1.3,1.5,3.4,12.5
2014,PI,Total,Estadual,80.8,84.4,80.3,88.4,87.9,83.9,82.1,85.4,75.1,78.3,82.3,85.3,75.3,66.8,77.9,84.8,94.2,100,13.7,11.4,13.9,8.3,9,13.4,13.6,9.5,18.2,15.7,12.6,9.4,8.7,13.3,7.1,3.7,1.2,0,5.5,4.2,5.8,3.3,3.1,2.7,4.3,5.1,6.7,6,5.1,5.3,16,19.9,15,11.5,4.6,0
2014,PI,Rural,Total,83.7,85.7,80.3,95.7,93.7,79,80.1,83.5,70.7,79.5,85.9,90.4,75.9,68.5,77.4,83.5,94.2,--,13.1,12.6,13.9,3.1,5.1,19.5,17.7,13.9,23,14.8,8.6,3.8,5.8,9.3,4.7,2.5,0.5,--,3.2,1.7,5.8,1.2,1.2,1.5,2.2,2.6,6.3,5.7,5.5,5.8,18.3,22.2,17.9,14,5.3,--
2014,PI,Rural,Publico,83.7,85.7,80.2,95.7,93.7,79,80.1,83.5,70.7,79.5,86,90.4,74.9,67.8,76.2,82.9,92.4,--,13.1,12.6,13.9,3.1,5.1,19.6,17.7,13.9,23.1,14.9,8.6,3.8,5.8,9,4.9,2.5,0,--,3.2,1.7,5.9,1.2,1.2,1.4,2.2,2.6,6.2,5.6,5.4,5.8,19.3,23.2,18.9,14.6,7.6,--
2014,PI,Rural,Particular,87.1,87.8,86.9,66.7,100,100,80,86.7,87.2,90.5,81.4,90.7,89.6,78.5,97.7,93.9,95.9,--,12.1,10.2,12.6,33.3,0,0,10,13.3,12.8,9.5,16.9,9.3,6,13.6,1.6,2.6,1,--,0.8,2,0.5,0,0,0,10,0,0,0,1.7,0,4.4,7.9,0.7,3.5,3.1,--
2014,PI,Rural,Municipal,83.7,85.7,80.3,95.7,93.7,79,80.2,83.5,70.7,79.5,86.1,90.5,63.4,52.9,82.6,58,75.9,--,13.1,12.6,13.9,3.1,5.1,19.5,17.6,13.9,23.1,14.8,8.5,3.7,4.6,11.8,4.3,0,0,--,3.2,1.7,5.8,1.2,1.2,1.5,2.2,2.6,6.2,5.7,5.4,5.8,32,35.3,13.1,42,24.1,--
2014,PI,Rural,Federal,--,--,--,--,--,--,--,--,--,--,--,--,90.6,80,96.2,97.9,--,--,--,--,--,--,--,--,--,--,--,--,--,--,9.4,20,3.8,2.1,--,--,--,--,--,--,--,--,--,--,--,--,--,--,0,0,0,0,--,--
2014,PI,Rural,Estadual,72.8,56.9,75.1,--,--,61.9,37.5,64.3,70.4,72.4,75,82,74.8,67.9,75.6,83.2,100,--,19.8,33.8,17.8,--,--,38.1,62.5,14.3,25.5,19,17.6,9.9,5.8,8.7,5,2.6,0,--,7.4,9.3,7.1,--,--,0,0,21.4,4.1,8.6,7.4,8.1,19.4,23.4,19.4,14.2,0,--
2014,PI,Urbana,Total,85,88.1,81.6,96.6,94.8,81.4,84.7,85.7,74.9,80,84.9,88.5,77.8,69.2,80.1,87.1,92,98,12.1,10.2,14.2,2.1,3.9,17,13.4,12,20.4,15.5,11.3,8,8.8,13.7,7.4,3.5,4,0,2.9,1.7,4.2,1.3,1.3,1.6,1.9,2.3,4.7,4.5,3.8,3.5,13.4,17.1,12.5,9.4,4,2
2014,PI,Urbana,Publico,82.9,85.9,79.6,96.4,94,78,81.9,83.3,72,77.8,83.5,87.9,75.6,66.8,78.3,85.2,92,95.7,13.7,12,15.5,1.9,4.4,20.1,15.8,14,22.5,17,12.1,7.8,9,14,7.3,3.9,4,0,3.4,2.1,4.9,1.7,1.6,1.9,2.3,2.7,5.5,5.2,4.4,4.3,15.4,19.2,14.4,10.9,4,4.3
2014,PI,Urbana,Particular,95,97.1,92.1,97.1,97.4,97.3,96.7,96.8,92.9,92.5,92,91.2,92.7,88.3,92.1,98.2,--,100,4.7,2.8,7.6,2.6,2.4,2.6,3.2,3.1,7,7.2,7.6,8.5,6.9,11.1,7.6,1.6,--,0,0.3,0.1,0.3,0.3,0.2,0.1,0.1,0.1,0.1,0.3,0.4,0.3,0.4,0.6,0.3,0.2,--,0
2014,PI,Urbana,Municipal,83.3,86,79.2,96.5,94.1,77.8,81.9,83.1,70.9,77.6,84.2,89.5,75.9,74.5,73,100,--,--,13.7,12,16.3,1.9,4.3,20.4,15.9,14.3,24.1,17.6,11.8,6.8,9,10.6,9.5,0,--,--,3,2,4.5,1.6,1.6,1.8,2.2,2.6,5,4.8,4,3.7,15.1,14.9,17.5,0,--,--
2014,PI,Urbana,Federal,--,--,--,--,--,--,--,--,--,--,--,--,83,69.2,87.1,93.1,91.1,87.5,--,--,--,--,--,--,--,--,--,--,--,--,14.4,27.1,11.5,5.4,5.5,0,--,--,--,--,--,--,--,--,--,--,--,--,2.6,3.7,1.4,1.5,3.4,12.5
2014,PI,Urbana,Estadual,80.9,84.8,80.4,88.4,87.9,84.3,82.5,85.7,75.2,78.3,82.4,85.3,75.3,66.7,78,84.9,93.4,100,13.6,11.2,13.9,8.3,9,13,13.1,9.5,18.2,15.7,12.5,9.4,8.8,13.5,7.2,3.8,1.4,0,5.5,4,5.7,3.3,3.1,2.7,4.4,4.8,6.6,6,5.1,5.3,15.9,19.8,14.8,11.3,5.2,0
2014,CE,Total,Total,92.3,95,89.1,97.9,98.1,93.4,91.6,94.4,86.1,88.5,89.7,92.8,85,79.7,85.8,90.9,96,82,5.9,4.3,8,1.3,1.5,5.9,7.3,4.7,11,8.6,7.2,4.3,7.1,9.8,6.8,4,1.7,13.1,1.8,0.7,2.9,0.8,0.4,0.7,1.1,0.9,2.9,2.9,3.1,2.9,7.9,10.5,7.4,5.1,2.3,4.9
2014,CE,Total,Publico,91.2,94.3,87.9,98.5,98.3,92.1,90.1,93.6,84.3,87.1,88.6,92.3,83.7,78.4,84.6,89.9,96,81.9,6.7,4.9,8.7,0.8,1.3,7.1,8.7,5.4,12.3,9.5,7.7,4.3,7.5,10,7.1,4.4,1.7,13.1,2.1,0.8,3.4,0.7,0.4,0.8,1.2,1,3.4,3.4,3.7,3.4,8.8,11.6,8.3,5.7,2.3,5
2014,CE,Total,Particular,96.5,97.3,95.1,96.5,97.4,97.8,97.4,97.5,95.2,95.2,94.8,95.4,95.1,91.5,95.4,98.5,--,100,3.1,2.3,4.5,2.8,2.1,1.9,2.3,2.2,4.4,4.5,4.8,4.3,4.4,7.6,4.1,1.2,--,0,0.4,0.4,0.4,0.7,0.5,0.3,0.3,0.3,0.4,0.3,0.4,0.3,0.5,0.9,0.5,0.3,--,0
2014,CE,Total,Municipal,91.6,94.3,88.2,98.5,98.3,92.1,90.1,93.6,84.4,87.4,89.3,93.7,--,--,--,--,--,--,6.5,4.8,8.6,0.8,1.3,7,8.7,5.4,12.3,9.3,7.3,3.5,--,--,--,--,--,--,1.9,0.9,3.2,0.7,0.4,0.9,1.2,1,3.3,3.3,3.4,2.8,--,--,--,--,--,--
2014,CE,Total,Federal,93.2,--,93.2,--,--,--,--,--,95.7,97.1,94,88,83.1,74.8,87.5,91.3,95.8,81.9,6.8,--,6.8,--,--,--,--,--,4.3,2.9,6,12,12.5,19,9.7,6.6,1.4,13.1,0,--,0,--,--,--,--,--,0,0,0,0,4.4,6.2,2.8,2.1,2.8,5
2014,CE,Total,Estadual,84.9,92.1,84.3,95.2,96.1,90.5,90.8,89.3,81.9,83.6,83.7,85.6,83.7,78.4,84.6,89.9,96,--,9.4,6.1,9.7,3.4,3.5,8.1,6.8,7.7,12.7,10.8,10.3,8,7.4,10,7.1,4.4,1.8,--,5.7,1.8,6,1.4,0.4,1.4,2.4,3,5.4,5.6,6,6.4,8.9,11.6,8.3,5.7,2.2,--
2014,CE,Rural,Total,93.6,95.5,91,98.2,98.2,95.1,92.1,94.3,87.8,90.8,91.6,95.1,85.9,80.9,87,92.3,--,93.7,4.9,3.9,6.3,1.2,1.6,4.4,7.1,4.9,9.7,6.7,5.3,2.1,5.8,8.9,4.9,2.5,--,0,1.5,0.6,2.7,0.6,0.2,0.5,0.8,0.8,2.5,2.5,3.1,2.8,8.3,10.2,8.1,5.2,--,6.3
2014,CE,Rural,Publico,93.6,95.5,91,98.2,98.2,95.1,92.1,94.3,87.8,90.8,91.6,95.1,85.9,80.8,86.9,92.2,--,93.7,4.9,3.9,6.3,1.2,1.6,4.4,7.1,4.9,9.7,6.7,5.3,2.1,5.9,8.9,4.9,2.5,--,0,1.5,0.6,2.7,0.6,0.2,0.5,0.8,0.8,2.5,2.5,3.1,2.8,8.2,10.3,8.2,5.3,--,6.3
2014,CE,Rural,Particular,96.5,96.6,95,97.8,98.1,98,92.7,94.2,91.7,100,--,--,96.6,90.6,100,100,--,--,2.7,3,0,2.2,1,2,7.3,3.8,0,0,--,--,0,0,0,0,--,--,0.8,0.4,5,0,0.9,0,0,2,8.3,0,--,--,3.4,9.4,0,0,--,--
2014,CE,Rural,Municipal,93.6,95.5,91.1,98.3,98.2,95.1,92.1,94.4,87.9,90.8,91.7,95.2,--,--,--,--,--,--,4.9,3.9,6.3,1.2,1.5,4.3,7.1,4.9,9.7,6.7,5.3,2.1,--,--,--,--,--,--,1.5,0.6,2.6,0.5,0.3,0.6,0.8,0.7,2.4,2.5,3,2.7,--,--,--,--,--,--
2014,CE,Rural,Federal,--,--,--,--,--,--,--,--,--,--,--,--,79.4,58.4,84.3,86,--,93.7,--,--,--,--,--,--,--,--,--,--,--,--,15.2,31,12.4,12.4,--,0,--,--,--,--,--,--,--,--,--,--,--,--,5.4,10.6,3.3,1.6,--,6.3
2014,CE,Rural,Estadual,87.5,90.3,84,94.4,94,87.6,90.5,84.7,81.1,84.1,82.6,88,86.1,81.3,86.9,92.4,--,--,7.7,7.6,7.8,5,5.4,10.3,6.8,10.9,14.2,7.8,6.9,1.9,5.5,8.4,4.7,2.1,--,--,4.8,2.1,8.2,0.6,0.6,2.1,2.7,4.4,4.7,8.1,10.5,10.1,8.4,10.3,8.4,5.5,--,--
2014,CE,Urbana,Total,91.9,94.8,88.6,97.9,98,92.8,91.5,94.4,85.7,87.8,89.1,92.3,85,79.7,85.8,90.9,96,81.5,6.2,4.4,8.4,1.4,1.5,6.4,7.4,4.7,11.3,9.2,7.7,4.8,7.2,9.8,6.9,4.1,1.7,13.6,1.9,0.8,3,0.7,0.5,0.8,1.1,0.9,3,3,3.2,2.9,7.8,10.5,7.3,5,2.3,4.9
2014,CE,Urbana,Publico,90.3,93.8,86.8,98.6,98.3,90.8,89.2,93.3,83.1,85.9,87.6,91.5,83.6,78.3,84.5,89.8,96,81.5,7.3,5.3,9.5,0.6,1.2,8.2,9.4,5.6,13.2,10.4,8.5,5,7.6,10.1,7.2,4.5,1.7,13.6,2.4,0.9,3.7,0.8,0.5,1,1.4,1.1,3.7,3.7,3.9,3.5,8.8,11.6,8.3,5.7,2.3,4.9
2014,CE,Urbana,Particular,96.5,97.3,95.1,96.5,97.4,97.8,97.4,97.5,95.2,95.2,94.8,95.4,95.1,91.5,95.4,98.5,--,100,3.1,2.3,4.5,2.8,2.1,1.9,2.3,2.2,4.4,4.5,4.8,4.3,4.4,7.7,4.1,1.2,--,0,0.4,0.4,0.4,0.7,0.5,0.3,0.3,0.3,0.4,0.3,0.4,0.3,0.5,0.8,0.5,0.3,--,0
2014,CE,Urbana,Municipal,90.7,93.8,87.1,98.6,98.3,90.8,89.2,93.3,83.1,86.1,88.3,93.2,--,--,--,--,--,--,7.2,5.3,9.5,0.6,1.2,8.2,9.4,5.6,13.2,10.4,8.2,4.1,--,--,--,--,--,--,2.1,0.9,3.4,0.8,0.5,1,1.4,1.1,3.7,3.5,3.5,2.7,--,--,--,--,--,--
2014,CE,Urbana,Federal,93.2,--,93.2,--,--,--,--,--,95.7,97.1,94,88,83.5,80.6,88.4,93.8,95.8,81.5,6.8,--,6.8,--,--,--,--,--,4.3,2.9,6,12,12.1,14.7,9,3.9,1.4,13.6,0,--,0,--,--,--,--,--,0,0,0,0,4.4,4.7,2.6,2.3,2.8,4.9
2014,CE,Urbana,Estadual,84.7,93.8,84.3,96.5,98.1,93.1,91,92.5,82,83.6,83.7,85.5,83.6,78.3,84.5,89.8,96,--,9.5,4.6,9.7,0.9,1.5,6.1,6.8,5.5,12.5,10.9,10.4,8.2,7.5,10.1,7.2,4.5,1.8,--,5.8,1.6,6,2.6,0.4,0.8,2.2,2,5.5,5.5,5.9,6.3,8.9,11.6,8.3,5.7,2.2,--
2014,RN,Total,Total,82.2,88.1,74.4,97.4,97.1,95.8,74.6,82.5,64.7,72.2,82.5,85.4,72.8,64.6,74.2,82.2,90.6,79,14.3,9.9,20.2,0.9,1.6,2.9,22.7,14.8,29,22.3,12.9,9.9,17.2,22.8,16.4,11,8.1,3.5,3.5,2,5.4,1.7,1.3,1.3,2.7,2.7,6.3,5.5,4.6,4.7,10,12.6,9.4,6.8,1.3,17.5
2014,RN,Total,Publico,78.8,85.6,70.5,97.4,96.9,95.2,69.9,79.4,59.9,68.2,79.9,83.2,69.6,60.8,71,79.7,90.6,79,16.9,12,23,0.5,1.5,3.2,27,17.4,32.8,25.3,14.5,11,18.9,24.7,18.2,12.4,8.1,3.5,4.3,2.4,6.5,2.1,1.6,1.6,3.1,3.2,7.3,6.5,5.6,5.8,11.5,14.5,10.8,7.9,1.3,17.5
2014,RN,Total,Particular,95.9,97.4,93.3,97.6,97.8,97.6,96.9,96.9,93.5,92.4,93.5,94.1,93.3,90,94.4,96.6,--,--,3.7,2.2,6.3,1.8,1.9,2,2.7,2.8,6.2,7.2,6.1,5.6,6.2,9.5,5.2,2.9,--,--,0.4,0.4,0.4,0.6,0.3,0.4,0.4,0.3,0.3,0.4,0.4,0.3,0.5,0.5,0.4,0.5,--,--
2014,RN,Total,Municipal,80,85.7,70.6,97.2,96.4,94.5,70,79.7,60.1,69.4,79.8,85,--,--,--,--,--,--,15.6,11.7,21.9,0.6,1.8,3.8,26.7,16.8,31.5,23,14,8.6,--,--,--,--,--,--,4.4,2.6,7.5,2.2,1.8,1.7,3.3,3.5,8.4,7.6,6.2,6.4,--,--,--,--,--,--
2014,RN,Total,Federal,100,100,--,100,100,--,--,--,--,--,--,--,83.6,77.7,82.2,90,91.1,61.1,0,0,--,0,0,--,--,--,--,--,--,--,15.1,20.7,16.6,8.8,8,5.6,0,0,--,0,0,--,--,--,--,--,--,--,1.3,1.6,1.2,1.2,0.9,33.3
2014,RN,Total,Estadual,75.8,85.1,70.2,98.4,98.6,98.3,69.5,78,59.5,66.2,80,81.1,68.5,59.5,70.2,79.1,84.3,79.3,20.3,13.1,24.6,0.1,0.3,0.6,28.1,19.6,34.9,28.9,15.2,13.7,19.2,25,18.3,12.6,8.3,3.4,3.9,1.8,5.2,1.5,1.1,1.1,2.4,2.4,5.6,4.9,4.8,5.2,12.3,15.5,11.5,8.3,7.4,17.3
2014,RN,Rural,Total,81.7,85,73.5,97.1,95.7,94,69.4,78.8,62.6,73.8,82.8,87.5,79.6,72.3,81.2,87.1,96.2,78.8,14.5,12.5,19.5,0.7,2.8,4.4,27.3,18,29.8,18.8,10.9,6.9,10.4,14,9.9,6.3,3.8,10.9,3.8,2.5,7,2.2,1.5,1.6,3.3,3.2,7.6,7.4,6.3,5.6,10,13.7,8.9,6.6,0,10.3
2014,RN,Rural,Publico,81.6,84.9,73.4,97,95.7,94,69.3,78.7,62.5,73.7,82.7,87.4,79.4,72,81.1,86.8,96.2,78.8,14.6,12.6,19.6,0.7,2.8,4.4,27.4,18.1,29.9,18.9,10.9,6.9,10.6,14.2,10,6.5,3.8,10.9,3.8,2.5,7,2.3,1.5,1.6,3.3,3.2,7.6,7.4,6.4,5.7,10,13.8,8.9,6.7,0,10.3
2014,RN,Rural,Particular,96,96.9,92.9,99,95,97.8,96.5,95.7,89.6,90.9,95,100,97.6,94.1,100,100,--,--,3.5,2.7,6.3,0,4,2.2,3.5,4.3,8.3,9.1,5,0,0,0,0,0,--,--,0.5,0.4,0.8,1,1,0,0,0,2.1,0,0,0,2.4,5.9,0,0,--,--
2014,RN,Rural,Municipal,81.8,85,73.2,97.1,95.6,93.9,69.3,78.7,62.4,73.4,82.1,88.2,--,--,--,--,--,--,14.4,12.5,19.6,0.7,2.9,4.5,27.4,18,29.7,19,11.3,6,--,--,--,--,--,--,3.8,2.5,7.2,2.2,1.5,1.6,3.3,3.3,7.9,7.6,6.6,5.8,--,--,--,--,--,--
2014,RN,Rural,Federal,--,--,--,--,--,--,--,--,--,--,--,--,90.7,88.1,93.5,90.7,96.2,61.1,--,--,--,--,--,--,--,--,--,--,--,--,7.7,10.8,5.7,7.9,3.8,5.6,--,--,--,--,--,--,--,--,--,--,--,--,1.6,1.1,0.8,1.4,0,33.3
2014,RN,Rural,Estadual,80,84.5,75.1,95.6,98.3,96.3,69.2,78.9,63.5,76.4,86.5,82.4,75.5,66.9,76.4,85.9,--,81,16.4,13.1,19.9,1,0.6,3,26.8,19,31.6,18,8.8,13.1,11.6,15.2,11.6,6.1,--,11.6,3.6,2.4,5,3.4,1.1,0.7,4,2.1,4.9,5.6,4.7,4.5,12.9,17.9,12,8,--,7.4
2014,RN,Urbana,Total,82.3,89,74.5,97.5,97.5,96.3,76.2,83.6,65,72,82.5,85.2,72.6,64.4,74,82.1,90.2,79.1,14.3,9.1,20.2,0.9,1.3,2.5,21.3,13.9,28.9,22.8,13.1,10.2,17.4,23,16.5,11.1,8.4,2.5,3.4,1.9,5.3,1.6,1.2,1.2,2.5,2.5,6.1,5.2,4.4,4.6,10,12.6,9.5,6.8,1.4,18.4
2014,RN,Urbana,Publico,78,85.8,70,97.5,97.3,95.7,70.1,79.6,59.4,67.2,79.4,82.6,69.3,60.5,70.7,79.5,90.2,79.1,17.6,11.8,23.6,0.4,1.1,2.7,26.8,17.2,33.3,26.4,15.1,11.5,19.2,25,18.4,12.5,8.4,2.5,4.4,2.4,6.4,2.1,1.6,1.6,3.1,3.2,7.3,6.4,5.5,5.9,11.5,14.5,10.9,8,1.4,18.4
2014,RN,Urbana,Particular,95.9,97.4,93.3,97.6,97.8,97.6,96.9,96.9,93.5,92.4,93.5,94.1,93.3,90,94.4,96.5,--,--,3.7,2.2,6.3,1.8,1.9,2,2.7,2.8,6.1,7.2,6.1,5.6,6.2,9.5,5.2,2.9,--,--,0.4,0.4,0.4,0.6,0.3,0.4,0.4,0.3,0.4,0.4,0.4,0.3,0.5,0.5,0.4,0.6,--,--
2014,RN,Urbana,Municipal,79.3,86,70,97.2,96.9,94.8,70.4,80.3,59.5,68.4,79.2,84.2,--,--,--,--,--,--,16,11.3,22.6,0.5,1.3,3.5,26.3,16.2,32,24.1,14.7,9.2,--,--,--,--,--,--,4.7,2.7,7.4,2.3,1.8,1.7,3.3,3.5,8.5,7.5,6.1,6.6,--,--,--,--,--,--
2014,RN,Urbana,Federal,100,100,--,100,100,--,--,--,--,--,--,--,82.9,76.7,80.9,89.9,90.7,--,0,0,--,0,0,--,--,--,--,--,--,--,15.8,21.7,18,8.9,8.4,--,0,0,--,0,0,--,--,--,--,--,--,--,1.3,1.6,1.1,1.2,0.9,--
2014,RN,Urbana,Estadual,75.6,85.1,70,98.6,98.7,98.5,69.5,77.9,59.3,65.8,79.7,81.1,68.3,59.4,70.1,79,84.3,79.1,20.5,13.1,24.8,0.1,0.3,0.4,28.2,19.7,35,29.4,15.5,13.7,19.4,25.2,18.4,12.7,8.3,2.5,3.9,1.8,5.2,1.3,1,1.1,2.3,2.4,5.7,4.8,4.8,5.2,12.3,15.4,11.5,8.3,7.4,18.4
2014,PB,Total,Total,84.7,89.6,78.5,95.8,95.2,84,86.8,88.4,72.4,77.5,81.9,84.9,77.5,68.7,80.4,88.3,87.8,72.3,10.6,8,13.9,2,2.9,13.6,10.5,8.7,18.4,15.2,11.3,8.6,9.8,14.5,8.6,3.8,4.3,6.6,4.7,2.4,7.6,2.2,1.9,2.4,2.7,2.9,9.2,7.3,6.8,6.5,12.7,16.8,11,7.9,7.9,21.1
2014,PB,Total,Publico,82,87.5,75.5,95.3,94.3,80.8,84.4,86.4,68.9,74.5,79.4,82.8,74.4,65,77.6,86.3,87.8,69.8,12.3,9.5,15.5,1.9,3.3,16.3,12.4,10.2,20.5,16.9,12.5,9.4,10.7,15.5,9.5,4.2,4.4,7.2,5.7,3,9,2.8,2.4,2.9,3.2,3.4,10.6,8.6,8.1,7.8,14.9,19.5,12.9,9.5,7.8,23
2014,PB,Total,Particular,96.6,97.7,94.6,97,97.8,98,98,98.1,95.3,93.9,94.3,94.7,93.3,89.6,94.6,96.8,85.7,100,3,1.8,5,2.2,1.7,1.7,1.7,1.7,4.3,5.7,5.3,4.9,5.5,9,4.3,2.2,0,0,0.4,0.5,0.4,0.8,0.5,0.3,0.3,0.2,0.4,0.4,0.4,0.4,1.2,1.4,1.1,1,14.3,0
2014,PB,Total,Municipal,83.3,87.1,77.2,95.6,94.1,80.9,82.1,85.7,70.8,75.7,81.6,85.5,75.5,68.6,74.9,84.8,83.1,75.9,11.9,10.1,14.8,1.9,3.6,16.3,14.7,10.9,19.6,16.4,11.4,7.9,7.2,12.3,6.5,2.1,1.7,3.6,4.8,2.8,8,2.5,2.3,2.8,3.2,3.4,9.6,7.9,7,6.6,17.3,19.1,18.6,13.1,15.2,20.5
2014,PB,Total,Federal,98.3,98.3,--,100,100,88.9,100,100,--,--,--,--,83,75,83.9,90.1,89.2,--,0,0,--,0,0,0,0,0,--,--,--,--,13.5,20.5,13.2,6.5,8.3,--,1.7,1.7,--,0,0,11.1,0,0,--,--,--,--,3.5,4.5,2.9,3.4,2.5,--
2014,PB,Total,Estadual,78.6,89.5,73.1,93.2,95.6,80.1,93.8,88.6,65.6,72.8,76.3,79.6,74.2,64.8,77.4,86.2,87.8,68.8,13.4,6.9,16.6,2.1,1.4,16.4,2.9,7.7,22.2,17.7,14.1,11.1,10.6,15.4,9.5,4.2,1.6,7.8,8,3.6,10.3,4.7,3,3.5,3.3,3.7,12.2,9.5,9.6,9.3,15.2,19.8,13.1,9.6,10.6,23.4
2014,PB,Rural,Total,85.3,87.7,77.3,96.1,94.5,82.9,81.9,86,69.7,76.7,81.8,85.5,79.3,72.4,80.7,89.1,--,--,11,10.1,13.9,2.2,3.8,15,15.4,11,20.8,14.7,9.7,6,8.6,12.6,8.1,2.5,--,--,3.7,2.2,8.8,1.7,1.7,2.1,2.7,3,9.5,8.6,8.5,8.5,12.1,15,11.2,8.4,--,--
2014,PB,Rural,Publico,85.2,87.6,77.2,96.1,94.5,82.8,81.8,86,69.7,76.7,81.7,85.5,79.3,72.4,80.7,89.1,--,--,11,10.1,13.9,2.2,3.9,15,15.4,11,20.8,14.7,9.7,6,8.6,12.6,8.1,2.5,--,--,3.8,2.3,8.9,1.7,1.6,2.2,2.8,3,9.5,8.6,8.6,8.5,12.1,15,11.2,8.4,--,--
2014,PB,Rural,Particular,93,96,85,95.3,100,98.6,100,89.9,81,82.1,88.5,92.3,--,--,--,--,--,--,6.2,2.8,15,2.4,0,1.4,0,7.9,19,17.9,11.5,7.7,--,--,--,--,--,--,0.8,1.2,0,2.3,0,0,0,2.2,0,0,0,0,--,--,--,--,--,--
2014,PB,Rural,Municipal,85.6,87.7,77.4,96.3,94.5,82.9,81.4,86.3,69.3,76.6,82.4,86.9,82.7,65.9,94.3,92.9,--,--,10.9,10.1,14.1,2,3.9,15,15.8,10.8,21.3,15,9.7,5.3,9.6,24.4,0,0,--,--,3.5,2.2,8.5,1.7,1.6,2.1,2.8,2.9,9.4,8.4,7.9,7.8,7.7,9.7,5.7,7.1,--,--
2014,PB,Rural,Federal,--,--,--,--,--,--,--,--,--,--,--,--,81.2,80,70.8,93.4,--,--,--,--,--,--,--,--,--,--,--,--,--,--,16.8,18.5,24.6,6.6,--,--,--,--,--,--,--,--,--,--,--,--,--,--,2,1.5,4.6,0,--,--
2014,PB,Rural,Estadual,81.4,86.6,76.6,92.5,94.6,81.7,88.5,80.6,71.6,77,78.9,80.4,79,72.1,81,88.4,--,--,11.8,10.5,13.1,5.2,3.2,16.1,8.8,14.6,18.7,13,9.9,8.7,7.7,11.6,6.8,2.1,--,--,6.8,2.9,10.3,2.3,2.2,2.2,2.7,4.8,9.7,10,11.2,10.9,13.3,16.3,12.2,9.5,--,--
2014,PB,Urbana,Total,84.6,90.2,78.6,95.7,95.4,84.3,88.4,89.1,72.7,77.6,81.9,84.8,77.5,68.6,80.4,88.3,87.8,72.3,10.5,7.3,13.9,2,2.6,13.2,8.9,8,18.1,15.2,11.5,8.8,9.9,14.6,8.7,3.9,4.3,6.6,4.9,2.5,7.5,2.3,2,2.5,2.7,2.9,9.2,7.2,6.6,6.4,12.6,16.8,10.9,7.8,7.9,21.1
2014,PB,Urbana,Publico,81.1,87.4,75.3,95,94.2,79.9,85.4,86.5,68.8,74.3,79.1,82.5,74.3,64.9,77.5,86.3,87.8,69.8,12.6,9.3,15.7,1.8,3,16.9,11.1,9.9,20.5,17.1,12.9,9.7,10.7,15.5,9.6,4.3,4.4,7.2,6.3,3.3,9,3.2,2.8,3.2,3.5,3.6,10.7,8.6,8,7.8,15,19.6,12.9,9.4,7.8,23
2014,PB,Urbana,Particular,96.6,97.7,94.6,97,97.8,98,98,98.1,95.4,94,94.3,94.7,93.3,89.6,94.6,96.8,85.7,100,3,1.8,5,2.2,1.7,1.7,1.7,1.7,4.2,5.6,5.2,4.9,5.5,9,4.3,2.2,0,0,0.4,0.5,0.4,0.8,0.5,0.3,0.3,0.2,0.4,0.4,0.5,0.4,1.2,1.4,1.1,1,14.3,0
2014,PB,Urbana,Municipal,82.5,86.7,77.1,95.3,93.9,79.9,82.5,85.4,71.1,75.5,81.5,85.2,74.8,68.9,72.1,83.9,83.1,75.9,12.2,10.1,14.9,1.9,3.4,17.1,14,11,19.3,16.6,11.7,8.4,7,11.3,7.5,2.4,1.7,3.6,5.3,3.2,8,2.8,2.7,3,3.5,3.6,9.6,7.9,6.8,6.4,18.2,19.8,20.4,13.7,15.2,20.5
2014,PB,Urbana,Federal,98.3,98.3,--,100,100,88.9,100,100,--,--,--,--,83.1,74.7,85,89.8,89.2,--,0,0,--,0,0,0,0,0,--,--,--,--,13.3,20.7,12.3,6.5,8.3,--,1.7,1.7,--,0,0,11.1,0,0,--,--,--,--,3.6,4.6,2.7,3.7,2.5,--
2014,PB,Urbana,Estadual,78.4,89.8,72.9,93.3,95.7,80,94.3,89.3,65.2,72.6,76.1,79.6,74.1,64.6,77.3,86.2,87.8,68.8,13.5,6.5,16.8,1.8,1.3,16.4,2.4,7.1,22.4,17.9,14.3,11.2,10.7,15.5,9.5,4.2,1.6,7.8,8.1,3.7,10.3,4.9,3,3.6,3.3,3.6,12.4,9.5,9.6,9.2,15.2,19.9,13.2,9.6,10.6,23.4
2014,PE,Total,Total,86.5,89.8,82.4,96.1,96.5,79.9,93.4,86,77.8,81.6,85.7,85.8,87.9,83.4,89.3,92.3,89.8,85,10.7,8.6,13.4,2.2,2.3,18.3,5.2,12,17.4,14.1,10.9,10.2,8.9,12.6,8.3,4.8,6.9,8.5,2.8,1.6,4.2,1.7,1.2,1.8,1.4,2,4.8,4.3,3.4,4,3.2,4,2.4,2.9,3.3,6.5
2014,PE,Total,Publico,83.8,87.3,79.7,96.2,96.2,74.9,92.1,82.9,73.9,78.9,83.6,84.1,87,82.4,88.5,91.5,89.8,82.7,12.8,10.7,15.3,1.7,2.3,22.9,6.2,14.6,20.3,16,12.3,11.2,9.5,13.1,8.8,5.3,6.9,9.8,3.4,2,5,2.1,1.5,2.2,1.7,2.5,5.8,5.1,4.1,4.7,3.5,4.5,2.7,3.2,3.3,7.5
2014,PE,Total,Particular,95.9,96.8,94.3,95.9,97.1,97,97.2,97.1,95,94,94.5,93.7,94.3,91.2,94.6,97.4,66.7,95.3,3.6,2.7,5.3,3.3,2.5,2.6,2.5,2.6,4.6,5.6,5.1,5.9,4.9,7.8,4.6,2,0,3,0.5,0.5,0.4,0.8,0.4,0.4,0.3,0.3,0.4,0.4,0.4,0.4,0.8,1,0.8,0.6,33.3,1.7
2014,PE,Total,Municipal,83.5,87.3,76.2,96.3,96.4,74.9,92,82.8,70.9,75.7,80.9,81.6,74.1,47.5,77,84.5,88.4,--,12.8,10.6,17,1.6,2.2,22.9,6.2,14.7,22,17.5,13.1,11.4,6.3,10.8,10.4,2.5,0.5,--,3.7,2.1,6.8,2.1,1.4,2.2,1.8,2.5,7.1,6.8,6,7,19.6,41.7,12.6,13,11.1,--
2014,PE,Total,Federal,96.1,--,96.1,--,--,--,--,--,97,97.9,94.4,95.6,79.6,73.4,80.1,85.2,83.7,79.3,3.9,--,3.9,--,--,--,--,--,3,2.1,5.6,4.4,17.7,23.2,18.3,13.1,14.2,14.9,0,--,0,--,--,--,--,--,0,0,0,0,2.7,3.4,1.6,1.7,2.1,5.8
2014,PE,Total,Estadual,85,86.6,84.9,89.7,89.6,77.2,95.2,84.9,81.3,84.1,86.7,86.3,87.2,82.7,88.7,91.7,90.9,84.9,12.6,11.8,12.7,8.4,9.1,20.4,3.8,13.7,16,13.4,11.4,11.1,9.3,13,8.7,5.2,6.1,6.4,2.4,1.6,2.4,1.9,1.3,2.4,1,1.4,2.7,2.5,1.9,2.6,3.5,4.3,2.6,3.1,3,8.7
2014,PE,Rural,Total,85.8,88,80.9,96.8,96.6,76.3,93.1,82.2,74.3,80.8,84.6,87.3,86.1,81.1,87.1,91.6,92.9,91.5,11.4,10.4,13.8,1.7,2.2,22,5.4,15.7,19.8,14.2,10.7,7.8,8.9,12,8.7,5.1,3.8,6.3,2.8,1.6,5.3,1.5,1.2,1.7,1.5,2.1,5.9,5,4.7,4.9,5,6.9,4.2,3.3,3.3,2.2
2014,PE,Rural,Publico,85.8,87.9,80.8,97,96.6,76.2,93.1,82.1,74.1,80.6,84.5,87.2,86,81,87,91.6,92.9,91.5,11.5,10.4,13.9,1.5,2.2,22.1,5.4,15.7,20,14.3,10.7,7.8,9,12,8.8,5.1,3.8,6.3,2.7,1.7,5.3,1.5,1.2,1.7,1.5,2.2,5.9,5.1,4.8,5,5,7,4.2,3.3,3.3,2.2
2014,PE,Rural,Particular,91.1,89.3,96.1,81.6,91.5,90.2,91,92.9,95.5,97.7,94.6,97,94.6,93.4,96.3,94.1,--,--,8.3,10,3.5,17.3,8.3,9.4,8.1,6.1,4.1,1.9,4.9,3,4,6.6,1.9,2.9,--,--,0.6,0.7,0.4,1.1,0.2,0.4,0.9,1,0.4,0.4,0.5,0,1.4,0,1.8,3,--,--
2014,PE,Rural,Municipal,85.9,88.1,80.2,97.3,97,76.2,93.2,82.2,73.4,80.1,83.9,87,76.1,60.4,73.6,90.7,90.9,--,11.4,10.3,14.2,1.2,1.8,22.1,5.3,15.6,20.3,14.7,11.1,7.7,13.8,25.2,18.4,0.8,0,--,2.7,1.6,5.6,1.5,1.2,1.7,1.5,2.2,6.3,5.2,5,5.3,10.1,14.4,8,8.5,9.1,--
2014,PE,Rural,Federal,--,--,--,--,--,--,--,--,--,--,--,--,81.7,75.2,85.4,86,77.8,--,--,--,--,--,--,--,--,--,--,--,--,--,15.4,20.6,13.4,12.1,12.3,--,--,--,--,--,--,--,--,--,--,--,--,--,2.9,4.2,1.2,1.9,9.9,--
2014,PE,Rural,Estadual,83.8,83.1,84.2,88.6,87.7,74.4,89.6,77.8,78.4,83.3,87.7,88.4,86.6,81.7,87.4,92.2,98.6,91.5,13.1,14.8,12.2,9.2,11.5,22.7,8.8,19.7,17.8,12.5,8.9,8.6,8.3,11.2,8.1,4.6,0.9,6.3,3.1,2.1,3.6,2.2,0.8,2.9,1.6,2.5,3.8,4.2,3.4,3,5.1,7.1,4.5,3.2,0.5,2.2
2014,PE,Urbana,Total,86.7,90.4,82.7,95.9,96.5,81.2,93.5,87.3,78.4,81.8,85.8,85.6,88,83.6,89.4,92.4,89.6,84.4,10.5,8,13.4,2.3,2.4,17,5.2,10.8,17,14.1,11,10.6,8.9,12.6,8.3,4.8,7.1,8.7,2.8,1.6,3.9,1.8,1.1,1.8,1.3,1.9,4.6,4.1,3.2,3.8,3.1,3.8,2.3,2.8,3.3,6.9
2014,PE,Urbana,Publico,83.1,87,79.5,95.7,96,74.3,91.6,83.3,73.9,78.6,83.4,83.6,87.1,82.5,88.6,91.5,89.6,81.7,13.2,10.8,15.5,1.8,2.3,23.3,6.5,14.1,20.3,16.3,12.6,11.8,9.5,13.2,8.8,5.3,7.1,10.1,3.7,2.2,5,2.5,1.7,2.4,1.9,2.6,5.8,5.1,4,4.6,3.4,4.3,2.6,3.2,3.3,8.2
2014,PE,Urbana,Particular,96,96.9,94.3,96.1,97.2,97.1,97.3,97.1,95,94,94.5,93.6,94.3,91.2,94.6,97.4,66.7,95.3,3.6,2.6,5.3,3.1,2.4,2.5,2.5,2.6,4.6,5.6,5.2,5.9,4.9,7.8,4.6,2,0,3,0.4,0.5,0.4,0.8,0.4,0.4,0.2,0.3,0.4,0.4,0.3,0.5,0.8,1,0.8,0.6,33.3,1.7
2014,PE,Urbana,Municipal,82.5,87,75,95.7,96,74.2,91.4,83.1,70.2,74.4,79.9,79.7,73.4,40.8,78.9,82.1,88.2,--,13.4,10.8,17.9,1.8,2.3,23.4,6.7,14.2,22.5,18.4,13.9,12.7,3.4,3.3,6,3.2,0.6,--,4.1,2.2,7.1,2.5,1.7,2.4,1.9,2.7,7.3,7.2,6.2,7.6,23.2,55.9,15.1,14.7,11.2,--
2014,PE,Urbana,Federal,96.1,--,96.1,--,--,--,--,--,97,97.9,94.4,95.6,79,72.8,78.2,84.9,84.5,79.3,3.9,--,3.9,--,--,--,--,--,3,2.1,5.6,4.4,18.3,24.2,20,13.5,14.4,14.9,0,--,0,--,--,--,--,--,0,0,0,0,2.7,3,1.8,1.6,1.1,5.8
2014,PE,Urbana,Estadual,85.1,89.8,84.9,100,96.2,81.9,99.3,87.2,81.5,84.2,86.6,86.2,87.2,82.7,88.7,91.6,90.4,83.5,12.6,9.1,12.7,0,0.9,16.8,0.1,11.8,15.8,13.5,11.5,11.2,9.4,13.1,8.7,5.2,6.4,6.4,2.3,1.1,2.4,0,2.9,1.3,0.6,1,2.7,2.3,1.9,2.6,3.4,4.2,2.6,3.2,3.2,10.1
2014,AL,Total,Total,81.1,87.6,73.1,95.3,96,76.5,93.5,80.6,67.1,72.4,76.3,79.6,74.3,66,77.5,83.1,86.5,50.9,13.2,9.8,17.3,2.1,2.2,20.8,4.2,15.8,22.7,18.1,14.5,10.9,11.8,16.6,9.4,7.2,9.7,12.7,5.7,2.6,9.6,2.6,1.8,2.7,2.3,3.6,10.2,9.5,9.2,9.5,13.9,17.4,13.1,9.7,3.8,36.4
2014,AL,Total,Publico,78.6,85.7,70.1,94.6,95.4,73.4,92.6,78.1,63.9,69.7,73.5,77.2,70.9,62.3,74.4,80.1,86.5,47.4,14.8,11.3,18.9,2.4,2.5,23.6,4.8,17.8,24.8,19.6,15.9,11.7,12.9,17.8,10.3,8.3,9.7,13.6,6.6,3,11,3,2.1,3,2.6,4.1,11.3,10.7,10.6,11.1,16.2,19.9,15.3,11.6,3.8,39
2014,AL,Total,Particular,96.2,97.9,93.5,98.7,98.6,96.2,98.9,97.2,94.3,92.8,93.6,93.4,93.7,89.9,94.7,97.5,87.5,100,3.3,1.6,5.9,0.7,0.9,3.3,0.8,2.6,5.1,6.5,5.9,5.9,5.4,9,4.5,2.1,8.3,0,0.5,0.5,0.6,0.6,0.5,0.5,0.3,0.2,0.6,0.7,0.5,0.7,0.9,1.1,0.8,0.4,4.2,0
2014,AL,Total,Municipal,79.9,85.8,70.8,94.9,95.7,73.5,92.7,78,64.8,70.3,74.2,78.4,82,--,--,74.2,86.2,--,14.3,11.2,18.9,2.2,2.3,23.6,4.8,18,25,19.5,15.6,10.9,2.2,--,--,0,3.4,--,5.8,3,10.3,2.9,2,2.9,2.5,4,10.2,10.2,10.2,10.7,15.8,--,--,25.8,10.4,--
2014,AL,Total,Federal,--,--,--,--,--,--,--,--,--,--,--,--,76.2,63.5,77.4,82.5,88.5,--,--,--,--,--,--,--,--,--,--,--,--,--,18.6,27,17.9,14.9,9.9,--,--,--,--,--,--,--,--,--,--,--,--,--,5.2,9.5,4.7,2.6,1.6,--
2014,AL,Total,Estadual,71.1,82.8,68.3,88,89.3,71.4,91.4,79.8,61.1,67.8,71.5,74.7,70.7,62.3,74.3,80,84.1,47.4,17.7,12.4,19,5.5,6.6,23.7,4.9,15.1,24.2,20,16.7,13.6,12.7,17.5,10,8.1,9.9,13.6,11.2,4.8,12.7,6.5,4.1,4.9,3.7,5.1,14.7,12.2,11.8,11.7,16.6,20.2,15.7,11.9,6,39
2014,AL,Rural,Total,82.3,86.3,73.4,96.3,96.8,73.2,95.5,76.2,66.5,73,77,83,76.7,67.9,78,87.7,--,--,13.5,11.4,18.4,1.8,1.8,24.3,2.5,20.3,24.8,19.3,14.8,9.1,8.3,12.6,7.7,3,--,--,4.2,2.3,8.2,1.9,1.4,2.5,2,3.5,8.7,7.7,8.2,7.9,15,19.5,14.3,9.3,--,--
2014,AL,Rural,Publico,82.3,86.3,73.3,96.2,96.8,73.3,95.5,76.1,66.5,72.9,76.9,82.9,76.7,67.9,78,87.7,--,--,13.5,11.4,18.4,1.8,1.7,24.2,2.5,20.3,24.8,19.3,14.7,9.1,8.3,12.6,7.7,3,--,--,4.2,2.3,8.3,2,1.5,2.5,2,3.6,8.7,7.8,8.4,8,15,19.5,14.3,9.3,--,--
2014,AL,Rural,Particular,84.8,85,83.7,97.9,95.3,61.6,92.8,82.4,77.8,86.1,80,100,--,--,--,--,--,--,14.9,14.9,15.5,1.4,4.7,38.4,7.2,17.6,22.2,11.1,20,0,--,--,--,--,--,--,0.3,0.1,0.8,0.7,0,0,0,0,0,2.8,0,0,--,--,--,--,--,--
2014,AL,Rural,Municipal,82.4,86.3,73.3,96.2,96.9,73.3,95.5,76,66.4,72.9,77,83.4,--,--,--,--,--,--,13.5,11.4,18.4,1.8,1.7,24.2,2.5,20.4,24.9,19.3,14.6,8.6,--,--,--,--,--,--,4.1,2.3,8.3,2,1.4,2.5,2,3.6,8.7,7.8,8.4,8,--,--,--,--,--,--
2014,AL,Rural,Estadual,78.8,88.2,73.7,97.8,94.6,75.5,95.6,82.9,68,73.4,76.6,77.9,76.7,67.9,78,87.7,--,--,15.4,9.8,18.4,1.1,2.3,23.4,2.2,15,22.8,19,16.3,14.5,8.3,12.6,7.7,3,--,--,5.8,2,7.9,1.1,3.1,1.1,2.2,2.1,9.2,7.6,7.1,7.6,15,19.5,14.3,9.3,--,--
2014,AL,Urbana,Total,80.7,88.2,73,94.9,95.7,78,92.7,82.7,67.2,72.3,76.2,79.1,74.2,65.9,77.5,82.9,86.5,50.9,13,9.1,17.1,2.2,2.4,19.2,4.9,13.7,22.2,17.8,14.4,11.2,12,16.8,9.5,7.4,9.7,12.7,6.3,2.7,9.9,2.9,1.9,2.8,2.4,3.6,10.6,9.9,9.4,9.7,13.8,17.3,13,9.7,3.8,36.4
2014,AL,Urbana,Publico,77.1,85.3,69.4,93.6,94.6,73.5,91,79.2,63.2,68.9,72.7,76,70.7,62.1,74.2,79.7,86.5,47.4,15.3,11.3,19.1,2.7,2.9,23.2,6,16.4,24.8,19.7,16.2,12.3,13.2,18,10.4,8.6,9.7,13.6,7.6,3.4,11.5,3.7,2.5,3.3,3,4.4,12,11.4,11.1,11.7,16.1,19.9,15.4,11.7,3.8,39
2014,AL,Urbana,Particular,96.3,98.1,93.6,98.7,98.6,96.9,99,97.4,94.4,92.8,93.7,93.4,93.7,89.9,94.7,97.5,87.5,100,3.2,1.4,5.8,0.7,0.9,2.6,0.7,2.4,5,6.5,5.9,6,5.4,9,4.5,2.1,8.3,0,0.5,0.5,0.6,0.6,0.5,0.5,0.3,0.2,0.6,0.7,0.4,0.6,0.9,1.1,0.8,0.4,4.2,0
2014,AL,Urbana,Municipal,78.7,85.6,70,94,95.1,73.6,91,79.2,64.2,69.5,73.4,76.9,82,--,--,74.2,86.2,--,14.6,11.2,19.1,2.5,2.6,23.2,6.1,16.6,25,19.6,15.9,11.5,2.2,--,--,0,3.4,--,6.7,3.2,10.9,3.5,2.3,3.2,2.9,4.2,10.8,10.9,10.7,11.6,15.8,--,--,25.8,10.4,--
2014,AL,Urbana,Federal,--,--,--,--,--,--,--,--,--,--,--,--,76.2,63.5,77.4,82.5,88.5,--,--,--,--,--,--,--,--,--,--,--,--,--,18.6,27,17.9,14.9,9.9,--,--,--,--,--,--,--,--,--,--,--,--,--,5.2,9.5,4.7,2.6,1.6,--
2014,AL,Urbana,Estadual,70.7,82.2,68,86.9,88.5,71,90.9,79.5,60.8,67.5,71.2,74.6,70.4,62,74.1,79.6,84.1,47.4,17.8,12.6,19,6,7.2,23.8,5.2,15.1,24.3,20,16.7,13.6,12.9,17.7,10.1,8.3,9.9,13.6,11.5,5.2,13,7.1,4.3,5.2,3.9,5.4,14.9,12.5,12.1,11.8,16.7,20.3,15.8,12.1,6,39
2014,SE,Total,Total,78.8,86.4,69.1,98,94.1,80,79.5,84.5,60.5,68.3,74.1,78.6,71.3,61.3,73.5,85.7,--,66.7,16.8,11.4,23.6,0.4,4.1,18.1,18,12.6,31.5,25,18.9,14.4,15.1,21.6,13.7,5.7,--,17.5,4.4,2.2,7.3,1.6,1.8,1.9,2.5,2.9,8,6.7,7,7,13.6,17.1,12.8,8.6,--,15.8
2014,SE,Total,Publico,74.6,83.3,64,97.7,92.9,75.9,75.4,81.5,54.9,63.5,69.5,74.6,66.4,56.1,68.7,82.4,--,47.2,20,14.1,27.2,0.3,4.9,21.8,21.6,15,35.7,28.5,21.8,16.6,17,23.8,15.5,6.7,--,27.8,5.4,2.6,8.8,2,2.2,2.3,3,3.5,9.4,8,8.7,8.8,16.6,20.1,15.8,10.9,--,25
2014,SE,Total,Particular,95.6,97.7,92.3,98.8,98.1,97,97.6,96.8,92.2,91,92.6,93.6,93.2,89.3,93.6,97.5,--,100,4.1,2,7.3,0.7,1.6,2.7,2.3,3,7.5,8.6,7,6,6.3,10,6,2.1,--,0,0.3,0.3,0.4,0.5,0.3,0.3,0.1,0.2,0.3,0.4,0.4,0.4,0.5,0.7,0.4,0.4,--,0
2014,SE,Total,Municipal,76.5,83.1,65.8,97.7,91.8,76.8,74.3,80.6,55.9,65.8,72.3,79.2,--,--,--,--,--,--,18.5,14.1,25.7,0.3,5.9,20.9,22.5,15.6,34.8,26.3,19,12.7,--,--,--,--,--,--,5,2.8,8.5,2,2.3,2.3,3.2,3.8,9.3,7.9,8.7,8.1,--,--,--,--,--,--
2014,SE,Total,Federal,60.8,--,60.8,--,--,--,--,--,51.7,63.2,47.6,81.4,85.5,76,88.3,100,--,--,39.2,--,39.2,--,--,--,--,--,48.3,36.8,52.4,18.6,12.6,20.8,10.4,0,--,--,0,--,0,--,--,--,--,--,0,0,0,0,1.9,3.2,1.3,0,--,--
2014,SE,Total,Estadual,70,83.8,61.5,97.4,97.7,72.3,79.1,84.2,53.1,59.8,65.9,69.7,66.3,56,68.7,82.4,--,47.2,23.4,13.7,29.3,0.3,0.3,25.1,18.5,12.9,37.1,31.8,25.4,20.6,17.1,23.8,15.5,6.7,--,27.8,6.6,2.5,9.2,2.3,2,2.6,2.4,2.9,9.8,8.4,8.7,9.7,16.6,20.2,15.8,10.9,--,25
2014,SE,Rural,Total,78.9,84.3,68.2,98.2,93.6,78.5,75.3,81.9,56.5,69.3,74.5,82.3,78.5,70.1,83.6,87.5,--,--,16.7,13.4,23.1,0.4,4.7,19.4,21.9,14.9,33.6,22.8,17.1,9.8,7.4,11.3,5.4,3,--,--,4.4,2.3,8.7,1.4,1.7,2.1,2.8,3.2,9.9,7.9,8.4,7.9,14.1,18.6,11,9.5,--,--
2014,SE,Rural,Publico,78.8,84.1,68.1,98.2,93.6,78.3,75.1,81.7,56.3,69.1,74.4,82.3,78.5,70.1,83.6,87.5,--,--,16.8,13.6,23.2,0.4,4.7,19.6,22.1,15.1,33.7,22.9,17.2,9.9,7.4,11.3,5.4,3,--,--,4.4,2.3,8.7,1.4,1.7,2.1,2.8,3.2,10,8,8.4,7.8,14.1,18.6,11,9.5,--,--
2014,SE,Rural,Particular,94.9,96.4,86.9,99.4,94.2,95.2,95.3,98,77.4,97.3,88.5,92.9,--,--,--,--,--,--,4.8,3.6,11.5,0.6,5.8,4.8,4.7,2,18.9,2.7,11.5,7.1,--,--,--,--,--,--,0.3,0,1.6,0,0,0,0,0,3.7,0,0,0,--,--,--,--,--,--
2014,SE,Rural,Municipal,78.9,84.2,68.1,98.3,93.5,78.5,75.1,81.6,56.4,69.2,74.5,82.6,--,--,--,--,--,--,16.6,13.5,22.9,0.3,4.8,19.4,22.1,15.2,33.3,22.7,16.9,9.3,--,--,--,--,--,--,4.5,2.3,9,1.4,1.7,2.1,2.8,3.2,10.3,8.1,8.6,8.1,--,--,--,--,--,--
2014,SE,Rural,Federal,--,--,--,--,--,--,--,--,--,--,--,--,--,--,--,--,--,--,--,--,--,--,--,--,--,--,--,--,--,--,--,--,--,--,--,--,--,--,--,--,--,--,--,--,--,--,--,--,--,--,--,--,--,--
2014,SE,Rural,Estadual,75.1,82.4,68.6,94.1,98.2,73.9,75.6,84.5,55.7,68.4,74,79.7,78.5,70.1,83.6,87.5,--,--,20.9,15.4,25.7,2.2,0.7,24.1,22.5,12.9,38.6,25.9,20.7,14.3,7.4,11.3,5.4,3,--,--,4,2.2,5.7,3.7,1.1,2,1.9,2.6,5.7,5.7,5.3,6,14.1,18.6,11,9.5,--,--
2014,SE,Urbana,Total,78.8,87.3,69.3,97.9,94.4,80.6,81.4,85.6,61.6,68,74,77.9,70.9,60.9,73,85.6,--,66.7,16.8,10.6,23.8,0.4,3.8,17.5,16.2,11.6,30.9,25.6,19.3,15.3,15.5,22.1,14,5.8,--,17.5,4.4,2.1,6.9,1.7,1.8,1.9,2.4,2.8,7.5,6.4,6.7,6.8,13.6,17,13,8.6,--,15.8
2014,SE,Urbana,Publico,72.7,82.7,62.8,97.3,92.4,74.3,75.5,81.3,54.4,61.7,68,72.5,65.7,55.3,68,82.1,--,47.2,21.4,14.4,28.4,0.3,5.1,23.2,21.3,14.9,36.3,30.2,23.3,18.4,17.6,24.5,16,6.9,--,27.8,5.9,2.9,8.8,2.4,2.5,2.5,3.2,3.8,9.3,8.1,8.7,9.1,16.7,20.2,16,11,--,25
2014,SE,Urbana,Particular,95.6,97.7,92.3,98.8,98.2,97,97.6,96.8,92.3,91,92.6,93.6,93.2,89.3,93.6,97.5,--,100,4.1,2,7.3,0.7,1.5,2.6,2.2,3,7.4,8.7,7,6,6.3,10,6,2.1,--,0,0.3,0.3,0.4,0.5,0.3,0.4,0.2,0.2,0.3,0.3,0.4,0.4,0.5,0.7,0.4,0.4,--,0
2014,SE,Urbana,Municipal,74.7,82.2,64.5,97.2,90.5,75.3,73.5,79.7,55.6,63.9,71,77.2,--,--,--,--,--,--,20,14.7,27.2,0.3,6.8,22.2,22.9,16,35.7,28.4,20.3,14.8,--,--,--,--,--,--,5.3,3.1,8.3,2.5,2.7,2.5,3.6,4.3,8.7,7.7,8.7,8,--,--,--,--,--,--
2014,SE,Urbana,Federal,60.8,--,60.8,--,--,--,--,--,51.7,63.2,47.6,81.4,85.5,76,88.3,100,--,--,39.2,--,39.2,--,--,--,--,--,48.3,36.8,52.4,18.6,12.6,20.8,10.4,0,--,--,0,--,0,--,--,--,--,--,0,0,0,0,1.9,3.2,1.3,0,--,--
2014,SE,Urbana,Estadual,69.7,83.9,61.2,97.6,97.6,72.2,79.4,84.1,53,59.4,65.6,69.2,65.6,55.2,67.9,82,--,47.2,23.5,13.6,29.5,0.2,0.3,25.2,18.2,12.9,37,32.1,25.6,20.9,17.6,24.5,16,6.9,--,27.8,6.8,2.5,9.3,2.2,2.1,2.6,2.4,3,10,8.5,8.8,9.9,16.8,20.3,16.1,11.1,--,25
2014,BA,Total,Total,81.1,86.6,74.5,96.4,94.3,77.9,83.4,85.1,68.1,73.2,77.6,82,74.1,66.4,76.4,82.6,80,82.7,14.4,10.8,18.8,1.5,3.8,19.5,13.8,11.9,23.6,20.2,16.3,12.6,15.9,21.4,14.2,9.7,14.1,5.9,4.5,2.6,6.7,2.1,1.9,2.6,2.8,3,8.3,6.6,6.1,5.4,10,12.2,9.4,7.7,5.9,11.4
2014,BA,Total,Publico,78.9,84.8,72.3,96.4,93.6,74.9,81.2,83.2,65.5,71,75.7,80.5,72.2,64.3,74.6,81,79.5,73.1,16,12.3,20.2,1.3,4.3,22.1,15.6,13.4,25.4,21.6,17.5,13.5,16.8,22.4,15.1,10.5,14.5,8.2,5.1,2.9,7.5,2.3,2.1,3,3.2,3.4,9.1,7.4,6.8,6,11,13.3,10.3,8.5,6,18.7
2014,BA,Total,Particular,95.8,97.4,93,96.7,97.7,97.6,97.4,97.4,92.9,92.1,93,94,93.1,89.2,94,97.3,99.2,97.7,3.9,2.3,6.7,2.7,1.9,2.1,2.3,2.3,6.7,7.5,6.6,5.7,6.3,10.1,5.6,2.3,0,2.3,0.3,0.3,0.3,0.6,0.4,0.3,0.3,0.3,0.4,0.4,0.4,0.3,0.6,0.7,0.4,0.4,0.8,0
2014,BA,Total,Municipal,80.6,84.8,74.1,96.4,93.6,74.9,81.2,83.3,67.1,72.7,77.7,84,80.7,70.1,80.1,92,96.4,--,14.6,12.3,18.2,1.2,4.3,22.1,15.6,13.3,23.8,19.6,15.2,9.9,7.6,12.3,7.7,2.7,0.4,--,4.8,2.9,7.7,2.4,2.1,3,3.2,3.4,9.1,7.7,7.1,6.1,11.7,17.6,12.2,5.3,3.2,--
2014,BA,Total,Federal,95.4,--,95.4,--,--,--,--,--,94,90.4,98.4,97.7,80.1,69.1,82.9,90.6,86.7,--,4.6,--,4.6,--,--,--,--,--,6,9.6,1.6,2.3,16.4,26.6,14.9,7.7,7.3,--,0,--,0,--,--,--,--,--,0,0,0,0,3.5,4.3,2.2,1.7,6,--
2014,BA,Total,Estadual,67.9,79.3,67.4,93.4,93.9,72,74.3,78.3,60,66.1,70.9,72.9,72,64.2,74.4,80.7,77.4,73.1,25.3,16.9,25.6,4,4,24.3,20.9,17.5,30.9,27.4,22.9,21,16.9,22.4,15.1,10.7,16.4,8.2,6.8,3.8,7,2.6,2.1,3.7,4.8,4.2,9.1,6.5,6.2,6.1,11.1,13.4,10.5,8.6,6.2,18.7
2014,BA,Rural,Total,81.6,84.8,76.2,97.1,94.3,76.3,79.2,82.5,67.7,75,80.3,86.8,80.6,73.6,81.8,89.7,84.5,--,13.9,12.5,16.4,0.9,3.7,20.9,17.6,14,23.7,17.7,12.7,7.3,10.1,14.3,9.4,4.4,11.5,--,4.5,2.7,7.4,2,2,2.8,3.2,3.5,8.6,7.3,7,5.9,9.3,12.1,8.8,5.9,4,--
2014,BA,Rural,Publico,81.6,84.7,76.1,97.1,94.3,76.2,79.1,82.5,67.5,74.8,80.3,86.7,79.7,72.8,80.8,89.1,76,--,14,12.5,16.5,0.9,3.7,20.9,17.7,14.1,23.8,17.7,12.8,7.4,10.5,14.5,9.9,4.6,17.9,--,4.4,2.8,7.4,2,2,2.9,3.2,3.4,8.7,7.5,6.9,5.9,9.8,12.7,9.3,6.3,6.1,--
2014,BA,Rural,Particular,95.6,98,92.4,99.5,96.8,98.7,96.5,98.8,90.4,91.7,91.9,96.8,93.8,86.7,96,97.9,100,--,3.8,1.5,6.6,0.5,2.4,0.8,2.8,1.2,8.4,8.1,6.7,2.3,4.9,10.7,3,1.7,0,--,0.6,0.5,1,0,0.8,0.5,0.7,0,1.2,0.2,1.4,0.9,1.3,2.6,1,0.4,0,--
2014,BA,Rural,Municipal,81.7,84.7,76.2,97.1,94.3,76.3,79.2,82.5,67.5,74.9,80.4,87.1,81.5,73.5,81.3,92.7,94.2,--,13.9,12.5,16.4,0.9,3.7,20.9,17.6,14.1,23.7,17.6,12.6,7,6.8,9.7,6.8,2.9,0,--,4.4,2.8,7.4,2,2,2.8,3.2,3.4,8.8,7.5,7,5.9,11.7,16.8,11.9,4.4,5.8,--
2014,BA,Rural,Federal,--,--,--,--,--,--,--,--,--,--,--,--,85.8,79.9,88.9,90.9,--,--,--,--,--,--,--,--,--,--,--,--,--,--,11.2,16.9,8.8,5.5,--,--,--,--,--,--,--,--,--,--,--,--,--,--,3,3.2,2.3,3.6,--,--
2014,BA,Rural,Estadual,74.2,78.1,73.2,98,98.8,64.7,67.1,74.4,67.7,73.7,75.9,75.8,79.1,72.5,80.4,88.3,69.2,--,20.2,17.4,20.9,0,0,31.7,23.6,21.9,25.2,21,18.7,18.6,11.2,15.3,10.5,4.9,24.7,--,5.6,4.5,5.9,2,1.2,3.6,9.3,3.7,7.1,5.3,5.4,5.6,9.7,12.2,9.1,6.8,6.1,--
2014,BA,Urbana,Total,80.9,87.6,74,96.1,94.3,78.7,85.6,86.4,68.2,72.7,76.8,80.7,73.7,66,76.1,82.2,79.8,82.7,14.7,10,19.5,1.8,3.9,18.7,11.8,10.8,23.6,20.9,17.4,14,16.2,21.7,14.4,10,14.2,5.9,4.4,2.4,6.5,2.1,1.8,2.6,2.6,2.8,8.2,6.4,5.8,5.3,10.1,12.3,9.5,7.8,6,11.4
2014,BA,Urbana,Publico,77.7,84.8,71.1,95.9,93.2,74.1,82.5,83.7,64.8,69.7,74.2,78.4,71.8,63.9,74.2,80.6,79.6,73.1,17,12.2,21.4,1.5,4.6,22.8,14.2,12.9,26,22.9,19.1,15.4,17.1,22.8,15.3,10.8,14.4,8.2,5.3,3,7.5,2.6,2.2,3.1,3.3,3.4,9.2,7.4,6.7,6.2,11.1,13.3,10.5,8.6,6,18.7
2014,BA,Urbana,Particular,95.8,97.4,93,96.7,97.7,97.6,97.4,97.4,93,92.1,93.1,93.9,93.1,89.3,93.9,97.3,97.5,97.7,3.9,2.3,6.7,2.7,1.9,2.1,2.3,2.4,6.6,7.5,6.6,5.7,6.4,10.1,5.7,2.3,0,2.3,0.3,0.3,0.3,0.6,0.4,0.3,0.3,0.2,0.4,0.4,0.3,0.4,0.5,0.6,0.4,0.4,2.5,0
2014,BA,Urbana,Municipal,79.9,84.9,73,95.9,93.2,74.1,82.6,83.8,66.8,71.6,76.3,82.3,79.3,62.8,77.7,91.1,97.4,--,15.1,12.2,19.1,1.5,4.6,22.8,14.1,12.8,23.9,20.6,16.6,11.5,8.8,17.7,9.3,2.4,0.5,--,5,2.9,7.9,2.6,2.2,3.1,3.3,3.4,9.3,7.8,7.1,6.2,11.9,19.5,13,6.5,2.1,--
2014,BA,Urbana,Federal,95.4,--,95.4,--,--,--,--,--,94,90.4,98.4,97.7,79.7,68.2,82.3,90.6,86.7,--,4.6,--,4.6,--,--,--,--,--,6,9.6,1.6,2.3,16.8,27.4,15.5,7.9,7.3,--,0,--,0,--,--,--,--,--,0,0,0,0,3.5,4.4,2.2,1.5,6,--
2014,BA,Urbana,Estadual,67.7,79.6,67.3,91.4,92.5,73.4,75.9,78.9,59.8,65.9,70.8,72.8,71.7,63.8,74.1,80.4,77.7,73.1,25.4,16.8,25.7,5.7,5.2,22.8,20.3,16.9,31.1,27.5,23,21.1,17.2,22.7,15.4,10.9,16.1,8.2,6.9,3.6,7,2.9,2.3,3.8,3.8,4.2,9.1,6.6,6.2,6.1,11.1,13.5,10.5,8.7,6.2,18.7
2014,MG,Total,Total,93.5,97.9,88.8,99.3,99,96,97.8,97.3,87.5,88.1,89,90.7,81.2,75.1,82.4,88,86.1,70.2,5.2,1.8,8.8,0.5,0.8,3.8,1.9,2.3,10.3,9.5,8.3,6.8,11.3,16,9.5,7.2,4.2,24.2,1.3,0.3,2.4,0.2,0.2,0.2,0.3,0.4,2.2,2.4,2.7,2.5,7.5,8.9,8.1,4.8,9.7,5.6
2014,MG,Total,Publico,93.1,97.8,88.2,99.2,99,95.6,97.7,97.2,86.7,87.6,88.5,90.4,79.8,73.5,81,86.9,86,68.8,5.4,1.9,9.1,0.5,0.8,4.1,1.9,2.4,10.9,9.9,8.6,6.9,11.8,16.6,10,7.7,4.2,22.6,1.5,0.3,2.7,0.3,0.2,0.3,0.4,0.4,2.4,2.5,2.9,2.7,8.4,9.9,9,5.4,9.8,8.6
2014,MG,Total,Particular,96.9,98.9,94.3,99.3,99.1,98.8,98.7,98.4,95.2,93.8,94,94.1,93.3,89.6,94.4,96.7,95.3,71,3,1.1,5.6,0.6,0.7,1.2,1.3,1.6,4.8,6.1,5.8,5.8,6.3,9.9,5.2,2.9,0,25.2,0.1,0,0.1,0.1,0.2,0,0,0,0,0.1,0.2,0.1,0.4,0.5,0.4,0.4,4.7,3.8
2014,MG,Total,Municipal,94.2,97,87.9,99.1,98.8,93.9,96.8,96.1,85.5,87.1,88.9,90.8,84,74.6,86.5,94.3,94.3,--,4.9,2.7,10,0.6,1,5.9,2.8,3.4,12.4,10.6,8.9,7.2,11.4,18.1,9.2,4.3,0,--,0.9,0.3,2.1,0.3,0.2,0.2,0.4,0.5,2.1,2.3,2.2,2,4.6,7.3,4.3,1.4,5.7,--
2014,MG,Total,Federal,95.5,98.5,93.6,100,96.1,98.4,99,98.8,90,95.6,95.5,92.8,84.8,77.3,87.9,94,97.5,30.3,4.4,1.5,6.3,0,3.9,1.6,1,1.2,10,4.2,4.3,7.2,13.8,20.9,11,5.3,1.6,47.5,0.1,0,0.1,0,0,0,0,0,0,0.2,0.2,0,1.4,1.8,1.1,0.7,0.9,22.2
2014,MG,Total,Estadual,92,99.4,88.4,99.6,99.5,99.4,99.4,99,87.3,87.7,88.3,90.2,79.7,73.4,80.8,86.6,85.7,90,6,0.3,8.8,0.1,0.3,0.4,0.3,0.5,10.1,9.6,8.4,6.8,11.8,16.5,10,7.8,4.3,8.9,2,0.3,2.8,0.3,0.2,0.2,0.3,0.5,2.6,2.7,3.3,3,8.5,10.1,9.2,5.6,10,1.1
2014,MG,Rural,Total,95.7,97.9,91.4,99.3,98.9,96.7,97.6,97.1,88.1,90.2,92.8,94.9,88.3,82.8,90.2,93.7,98,--,3.2,1.7,6.1,0.3,0.9,2.9,1.9,2.4,9.9,7,4.6,2.5,6.6,10.2,4.7,3.7,0,--,1.1,0.4,2.5,0.4,0.2,0.4,0.5,0.5,2,2.8,2.6,2.6,5.1,7,5.1,2.6,2,--
2014,MG,Rural,Publico,95.7,97.9,91.3,99.3,98.9,96.8,97.6,97.1,88.1,90.2,92.8,94.9,88.1,82.6,90,93.4,98,--,3.2,1.7,6.2,0.3,0.9,2.9,1.9,2.4,9.9,7,4.6,2.5,6.7,10.4,4.8,3.8,0,--,1.1,0.4,2.5,0.4,0.2,0.3,0.5,0.5,2,2.8,2.6,2.6,5.2,7,5.2,2.8,2,--
2014,MG,Rural,Particular,96.4,95.8,96.8,98.6,100,84.2,91.9,97,94.7,97.7,96.6,97.6,92.7,86.5,93.8,98.4,--,--,2.6,4.2,1.7,1.4,0,15.8,8.1,3,2.1,1.5,2.6,0.8,3.3,5.7,2.6,1.2,--,--,1,0,1.5,0,0,0,0,0,3.2,0.8,0.8,1.6,4,7.8,3.6,0.4,--,--
2014,MG,Rural,Municipal,96.2,97.8,91.8,99.3,99,96.5,97.5,96.9,87.9,90.5,93.8,96,82.5,69.3,88.7,98.2,--,--,3,1.8,6.1,0.3,0.8,3.2,2.1,2.7,10.2,6.9,4.2,2.2,10.8,20.1,5.6,0.9,--,--,0.8,0.4,2.1,0.4,0.2,0.3,0.4,0.4,1.9,2.6,2,1.8,6.7,10.6,5.7,0.9,--,--
2014,MG,Rural,Federal,--,--,--,--,--,--,--,--,--,--,--,--,85,77,91.3,92.1,--,--,--,--,--,--,--,--,--,--,--,--,--,--,13.7,20.9,8,7.4,--,--,--,--,--,--,--,--,--,--,--,--,--,--,1.3,2.1,0.7,0.5,--,--
2014,MG,Rural,Estadual,93.8,98.6,90.6,99.5,98.3,98.6,98.1,98.4,88.4,89.7,91.4,93.2,89.1,84.9,89.7,93.6,98,--,4.2,1,6.3,0.2,1.4,1,1,1,9.3,7.1,5.2,3.1,4.7,6.6,3.9,3.1,0,--,2,0.4,3.1,0.3,0.3,0.4,0.9,0.6,2.3,3.2,3.4,3.7,6.2,8.5,6.4,3.3,2,--
2014,MG,Urbana,Total,93.3,97.9,88.6,99.2,99,95.9,97.8,97.3,87.5,88,88.8,90.5,81,74.9,82.2,87.8,86,70.2,5.3,1.8,9,0.5,0.7,3.9,1.8,2.3,10.3,9.7,8.5,7,11.4,16.1,9.6,7.3,4.2,24.2,1.4,0.3,2.4,0.3,0.3,0.2,0.4,0.4,2.2,2.3,2.7,2.5,7.6,9,8.2,4.9,9.8,5.6
2014,MG,Urbana,Publico,92.9,97.8,88,99.2,99,95.4,97.7,97.2,86.6,87.4,88.2,90,79.6,73.3,80.8,86.7,86,68.8,5.6,1.9,9.3,0.5,0.7,4.3,1.9,2.4,10.9,10.1,8.8,7.2,12,16.8,10.2,7.8,4.2,22.6,1.5,0.3,2.7,0.3,0.3,0.3,0.4,0.4,2.5,2.5,3,2.8,8.4,9.9,9,5.5,9.8,8.6
2014,MG,Urbana,Particular,96.9,98.9,94.3,99.3,99.1,98.9,98.7,98.4,95.2,93.8,94,94.1,93.3,89.7,94.4,96.7,95.3,71,3,1,5.6,0.6,0.8,1.1,1.3,1.6,4.8,6.1,5.9,5.8,6.3,9.9,5.2,3,0,25.2,0.1,0.1,0.1,0.1,0.1,0,0,0,0,0.1,0.1,0.1,0.4,0.4,0.4,0.3,4.7,3.8
2014,MG,Urbana,Municipal,93.9,96.8,87.3,99.1,98.7,93.4,96.7,96,85.2,86.6,88.2,90,84.1,75.1,86.3,94,94.3,--,5.2,2.8,10.6,0.7,1,6.3,2.9,3.5,12.7,11.2,9.6,8,11.4,17.9,9.5,4.6,0,--,0.9,0.4,2.1,0.2,0.3,0.3,0.4,0.5,2.1,2.2,2.2,2,4.5,7,4.2,1.4,5.7,--
2014,MG,Urbana,Federal,95.5,98.5,93.6,100,96.1,98.4,99,98.8,90,95.6,95.5,92.8,84.8,77.5,87,94.5,97.5,30.3,4.4,1.5,6.3,0,3.9,1.6,1,1.2,10,4.2,4.3,7.2,13.8,20.9,11.8,4.6,1.6,47.5,0.1,0,0.1,0,0,0,0,0,0,0.2,0.2,0,1.4,1.6,1.2,0.9,0.9,22.2
2014,MG,Urbana,Estadual,91.9,99.4,88.3,99.6,99.6,99.4,99.4,99.1,87.3,87.7,88.2,90.1,79.5,73.2,80.6,86.5,85.7,90,6,0.3,8.8,0.1,0.2,0.3,0.3,0.5,10.1,9.7,8.5,6.9,11.9,16.7,10.1,7.9,4.3,8.9,2.1,0.3,2.9,0.3,0.2,0.3,0.3,0.4,2.6,2.6,3.3,3,8.6,10.1,9.3,5.6,10,1.1
2014,ES,Total,Total,87.6,93,80.7,98.4,97.3,86.7,90.9,93.1,76.5,78.6,81.9,87.3,76.7,66.1,79.6,90,93.8,94.8,11,6.5,16.9,1.2,2.4,12.9,8.6,6.2,20.7,19,15.8,10.7,16.5,24.7,14.3,6.4,4.7,4.9,1.4,0.5,2.4,0.4,0.3,0.4,0.5,0.7,2.8,2.4,2.3,2,6.8,9.2,6.1,3.6,1.5,0.3
2014,ES,Total,Publico,86.3,92.1,78.7,98.2,96.9,85.1,89.8,92.3,74.2,76.5,80,86,73.9,62.9,77,88.3,93.3,97.6,12.2,7.4,18.6,1.3,2.8,14.4,9.6,6.9,22.8,20.7,17.4,11.7,18.3,26.7,15.9,7.4,5.1,1.8,1.5,0.5,2.7,0.5,0.3,0.5,0.6,0.8,3,2.8,2.6,2.3,7.8,10.4,7.1,4.3,1.6,0.6
2014,ES,Total,Particular,97.4,99.2,95,99.8,99.7,98.5,98.9,99,95.6,94.8,95.1,94.7,94.9,90.7,95.6,99,98.3,89.9,2.5,0.8,4.8,0.2,0.3,1.5,1.1,1,4.2,5.1,4.7,5.1,4.8,8.8,4.1,0.9,0.6,10.1,0.1,0,0.2,0,0,0,0,0,0.2,0.1,0.2,0.2,0.3,0.5,0.3,0.1,1.1,0
2014,ES,Total,Municipal,87.3,91.9,79.6,98.2,96.5,84.6,89.5,92.1,73.8,77.6,81.3,88.9,95.9,91.7,100,93.8,100,--,11.5,7.6,18.1,1.3,3.1,14.9,9.9,7.1,23.5,19.9,16.7,9.5,4.1,8.3,0,6.2,0,--,1.2,0.5,2.3,0.5,0.4,0.5,0.6,0.8,2.7,2.5,2,1.6,0,0,0,0,0,--
2014,ES,Total,Federal,--,--,--,--,--,--,--,--,--,--,--,--,89,83.7,89.4,92.3,93.6,97,--,--,--,--,--,--,--,--,--,--,--,--,9.9,15,9.9,6.5,5.3,2.2,--,--,--,--,--,--,--,--,--,--,--,--,1.1,1.3,0.7,1.2,1.1,0.8
2014,ES,Total,Estadual,83.2,93.2,77.2,98.1,98.5,87.4,91.1,93.1,74.9,74.4,77.8,81.9,73.1,62,76.5,88.1,92.6,100,14.4,6.2,19.3,1.3,1,12,8.3,6.1,21.4,22.2,18.6,14.9,18.8,27.2,16.2,7.5,5.1,0,2.4,0.6,3.5,0.6,0.5,0.6,0.6,0.8,3.7,3.4,3.6,3.2,8.1,10.8,7.3,4.4,2.3,0
2014,ES,Rural,Total,90.2,92.7,85,98,97.4,85,90.9,94.2,80.3,82.1,87.2,91.7,87.5,81.1,88.7,94.3,97.5,87.5,9,7,13.2,1.6,2.4,14.7,8.7,5.2,17.7,16,11,6.8,8,12.4,7.4,3,1.3,6.3,0.8,0.3,1.8,0.4,0.2,0.3,0.4,0.6,2,1.9,1.8,1.5,4.5,6.5,3.9,2.7,1.2,6.2
2014,ES,Rural,Publico,90.2,92.7,85,98,97.4,85,90.9,94.2,80,82.2,87.4,92,86.1,79.8,87.1,94.3,95,87.5,9,7,13.3,1.6,2.4,14.7,8.7,5.2,18.2,16,10.9,6.7,8.8,13.2,8.3,2.8,3.3,6.3,0.8,0.3,1.7,0.4,0.2,0.3,0.4,0.6,1.8,1.8,1.7,1.3,5.1,7,4.6,2.9,1.7,6.2
2014,ES,Rural,Particular,84.7,--,84.7,--,--,--,--,--,89.4,81.3,81.9,84.3,93.3,87.5,96.7,94.5,98.3,--,10.7,--,10.7,--,--,--,--,--,4.4,16.1,14.2,10.4,4.7,8.5,2.9,4,0.6,--,4.6,--,4.6,--,--,--,--,--,6.2,2.6,3.9,5.3,2,4,0.4,1.5,1.1,--
2014,ES,Rural,Municipal,90.3,92.4,85.3,97.9,97.2,84.4,90.7,94.2,80.3,82.5,88,92.3,95.9,91.7,100,93.8,100,--,8.9,7.2,12.9,1.7,2.6,15.3,8.9,5.2,17.7,15.6,10.4,6.4,4.1,8.3,0,6.2,0,--,0.8,0.4,1.8,0.4,0.2,0.3,0.4,0.6,2,1.9,1.6,1.3,0,0,0,0,0,--
2014,ES,Rural,Federal,--,--,--,--,--,--,--,--,--,--,--,--,91.1,84.1,96.2,97.4,93,87.5,--,--,--,--,--,--,--,--,--,--,--,--,7.1,12.8,3.4,1.7,4.7,6.3,--,--,--,--,--,--,--,--,--,--,--,--,1.8,3.1,0.4,0.9,2.3,6.2
2014,ES,Rural,Estadual,89.8,94.5,83.7,98.3,99.5,89.7,92,94.3,78.3,80.6,85.5,91,84,77.9,83.8,93.3,--,--,9.4,5.2,14.8,0.9,0.3,10.1,7.7,5.5,20.5,17.6,12.6,7.9,9.5,13.4,10.1,3.1,--,--,0.8,0.3,1.5,0.8,0.2,0.2,0.3,0.2,1.2,1.8,1.9,1.1,6.5,8.7,6.1,3.6,--,--
2014,ES,Urbana,Total,87.3,93,80.4,98.5,97.2,86.9,90.9,92.9,76.2,78.2,81.5,86.9,76.3,65.5,79.3,89.8,93.2,95.2,11.3,6.5,17.2,1.1,2.5,12.6,8.6,6.4,21,19.2,16.2,11.1,16.9,25.1,14.5,6.5,5.2,4.8,1.4,0.5,2.4,0.4,0.3,0.5,0.5,0.7,2.8,2.6,2.3,2,6.8,9.4,6.2,3.7,1.6,0
2014,ES,Urbana,Publico,85.7,92,78.1,98.3,96.8,85.1,89.6,91.9,73.6,75.9,79.3,85.4,73.5,62.4,76.7,88,93.2,98.7,12.7,7.4,19.1,1.3,2.8,14.3,9.7,7.2,23.2,21.2,18,12.2,18.7,27.2,16.2,7.6,5.2,1.3,1.6,0.6,2.8,0.4,0.4,0.6,0.7,0.9,3.2,2.9,2.7,2.4,7.8,10.4,7.1,4.4,1.6,0
2014,ES,Urbana,Particular,97.5,99.2,95.3,99.8,99.7,98.5,98.9,99,95.8,95,95.4,94.9,95,90.9,95.5,99.1,--,89.9,2.4,0.8,4.6,0.2,0.3,1.5,1.1,1,4.2,4.9,4.5,5,4.8,8.8,4.2,0.9,--,10.1,0.1,0,0.1,0,0,0,0,0,0,0.1,0.1,0.1,0.2,0.3,0.3,0,--,0
2014,ES,Urbana,Municipal,86.8,91.8,78.9,98.3,96.4,84.7,89.3,91.7,73.1,77,80.5,88.4,--,--,--,--,--,--,11.9,7.7,18.8,1.3,3.2,14.8,10.1,7.4,24.1,20.5,17.5,9.9,--,--,--,--,--,--,1.3,0.5,2.3,0.4,0.4,0.5,0.6,0.9,2.8,2.5,2,1.7,--,--,--,--,--,--
2014,ES,Urbana,Federal,--,--,--,--,--,--,--,--,--,--,--,--,88.6,83.6,87.6,91.2,93.6,98.3,--,--,--,--,--,--,--,--,--,--,--,--,10.5,15.6,11.5,7.5,5.3,1.7,--,--,--,--,--,--,--,--,--,--,--,--,0.9,0.8,0.9,1.3,1.1,0
2014,ES,Urbana,Estadual,82.7,93,76.9,98,98.4,87.2,91,92.9,74.7,74.1,77.5,81.5,72.8,61.6,76.3,87.9,92.6,100,14.8,6.3,19.5,1.4,1.1,12.3,8.4,6.2,21.4,22.4,18.9,15.2,19,27.6,16.3,7.6,5.1,0,2.5,0.7,3.6,0.6,0.5,0.5,0.6,0.9,3.9,3.5,3.6,3.3,8.2,10.8,7.4,4.5,2.3,0
2014,RJ,Total,Total,86.6,89.6,83,90.9,92.9,83.5,89.3,92,81.2,81,83.2,87.2,80.7,73.5,81.3,90.5,86.1,88.4,11.7,9.4,14.5,7.7,6.2,15.5,9.8,7,16.1,16.4,14.5,10.5,13.7,19.3,13.5,6.2,3,5.8,1.7,1,2.5,1.4,0.9,1,0.9,1,2.7,2.6,2.3,2.3,5.6,7.2,5.2,3.3,10.9,5.8
2014,RJ,Total,Publico,83.5,86.7,80,89.7,91.1,78.3,86,90.2,77.3,77.7,80.3,85.6,78,70.5,78.4,88.7,94.4,87.4,14.2,11.9,16.8,8.6,7.8,20.4,12.7,8.5,19.2,18.9,16.7,11.4,15.1,20.6,15.1,7.1,4,6.3,2.3,1.4,3.2,1.7,1.1,1.3,1.3,1.3,3.5,3.4,3,3,6.9,8.9,6.5,4.2,1.6,6.3
2014,RJ,Total,Particular,94.3,96.1,91.9,93,96.7,96.9,97,96.7,93,91,91.6,91.7,90.5,85.2,91.5,96.1,74,96,5.3,3.6,7.8,6.2,2.9,2.8,2.8,3.1,6.7,8.7,8,8,8.8,14,8,3.6,1.7,1.9,0.4,0.3,0.3,0.8,0.4,0.3,0.2,0.2,0.3,0.3,0.4,0.3,0.7,0.8,0.5,0.3,24.3,2.1
2014,RJ,Total,Municipal,84.2,86.7,80,89.7,91.1,78.2,86,90.2,76.9,77.2,81.4,87.9,78.6,66.9,82.9,91.9,96.3,--,13.8,12,16.9,8.6,7.8,20.5,12.7,8.4,19.5,19.6,15.8,9.8,15.9,24.9,12.8,5.7,0,--,2,1.3,3.1,1.7,1.1,1.3,1.3,1.4,3.6,3.2,2.8,2.3,5.5,8.2,4.3,2.4,3.7,--
2014,RJ,Total,Federal,91.7,95.9,89.4,94.8,94.8,95.4,98,96.6,88.4,88.4,89.8,90.9,85.7,81.7,87.7,95.6,97.3,78.2,8.2,4,10.5,5.2,5,4.6,1.9,3.2,11.5,11.6,10,9,13.2,17.3,11.4,3.8,2.7,19.8,0.1,0.1,0.1,0,0.2,0,0.1,0.2,0.1,0,0.2,0.1,1.1,1,0.9,0.6,0,2
2014,RJ,Total,Estadual,79.9,86.5,79.7,91.1,87.4,93.1,87.8,84.1,78.4,78.6,77.9,82.9,77.7,70.2,78.1,88.4,91.6,89.8,16.6,11.7,16.7,6.7,11.8,5.9,11.2,13.6,18.4,17.8,18.7,13.2,15.1,20.7,15.2,7.2,6.4,2.8,3.5,1.8,3.6,2.2,0.8,1,1,2.3,3.2,3.6,3.4,3.9,7.2,9.1,6.7,4.4,2,7.4
2014,RJ,Rural,Total,83.9,85.9,80,87.2,88.8,79,85.8,90.1,74.5,78,81.8,88.4,87.6,82.6,88.2,94.2,94.7,98.4,14.8,13.3,17.6,11.9,10.5,20.3,13.4,9,22.8,19.6,15.8,9.4,8.9,13.2,8.1,3.5,5.3,1.6,1.3,0.8,2.4,0.9,0.7,0.7,0.8,0.9,2.7,2.4,2.4,2.2,3.5,4.2,3.7,2.3,0,0
2014,RJ,Rural,Publico,83.4,85.4,79.5,86.9,88.4,78.2,85.2,89.7,73.7,77.6,81.4,88.5,87.4,82.4,87.9,94.1,94.7,98.4,15.2,13.8,17.9,12.2,10.9,21.1,13.9,9.3,23.5,19.9,16.2,9.2,8.9,13.2,8.2,3.5,5.3,1.6,1.4,0.8,2.6,0.9,0.7,0.7,0.9,1,2.8,2.5,2.4,2.3,3.7,4.4,3.9,2.4,0,0
2014,RJ,Rural,Particular,93.4,95.4,88.9,91.9,95.8,95.9,96.7,97.3,91.7,86.5,90.7,86.4,92,87.2,94.2,96.8,--,--,6.4,4.4,10.7,7.9,4,4,3.3,2.3,7.8,13.3,8.9,13.4,8,12.8,5.8,3.2,--,--,0.2,0.2,0.4,0.2,0.2,0.1,0,0.4,0.5,0.2,0.4,0.2,0,0,0,0,--,--
2014,RJ,Rural,Municipal,83.4,85.4,78.3,86.8,88.4,78.1,85.2,89.8,73.2,76.1,81.5,89.3,77.4,46.2,100,100,--,--,15.2,13.8,19,12.2,11,21.2,13.9,9.3,23.8,21.1,16,8.5,16.1,38.5,0,0,--,--,1.4,0.8,2.7,1,0.6,0.7,0.9,0.9,3,2.8,2.5,2.2,6.5,15.3,0,0,--,--
2014,RJ,Rural,Federal,--,--,--,--,--,--,--,--,--,--,--,--,86.2,81,88.9,86.4,94.7,--,--,--,--,--,--,--,--,--,--,--,--,--,11.4,16.1,11.1,6.8,5.3,--,--,--,--,--,--,--,--,--,--,--,--,--,2.4,2.9,0,6.8,0,--
2014,RJ,Rural,Estadual,82.6,92.5,82.5,92.3,100,97.5,92.9,76.7,76,82.1,81,87.5,87.5,82.5,87.9,94.2,--,98.4,15.2,4.3,15.4,0,0,0,0,23.3,22.1,16,16.6,10.1,8.8,13,8.1,3.5,--,1.6,2.2,3.2,2.1,7.7,0,2.5,7.1,0,1.9,1.9,2.4,2.4,3.7,4.5,4,2.3,--,0
2014,RJ,Urbana,Total,86.7,89.9,83.1,91.2,93.2,83.8,89.5,92.2,81.6,81.1,83.3,87.2,80.6,73.2,81.1,90.4,85.4,88.3,11.5,9.1,14.4,7.4,5.9,15.2,9.5,6.8,15.7,16.3,14.4,10.5,13.9,19.5,13.7,6.3,2.9,5.8,1.8,1,2.5,1.4,0.9,1,1,1,2.7,2.6,2.3,2.3,5.5,7.3,5.2,3.3,11.7,5.9
2014,RJ,Urbana,Publico,83.5,86.9,80,90,91.4,78.3,86.1,90.2,77.5,77.7,80.2,85.5,77.7,70.1,78.1,88.5,94.4,87.3,14.2,11.7,16.7,8.2,7.5,20.4,12.6,8.4,18.9,18.9,16.8,11.5,15.3,20.9,15.3,7.2,3.8,6.3,2.3,1.4,3.3,1.8,1.1,1.3,1.3,1.4,3.6,3.4,3,3,7,9,6.6,4.3,1.8,6.4
2014,RJ,Urbana,Particular,94.4,96.1,91.9,93.1,96.7,96.9,97,96.7,93.1,91.1,91.6,91.7,90.5,85.2,91.5,96.1,74,96,5.3,3.6,7.8,6.2,2.9,2.8,2.8,3.1,6.7,8.6,8,7.9,8.8,14,8,3.6,1.7,1.9,0.3,0.3,0.3,0.7,0.4,0.3,0.2,0.2,0.2,0.3,0.4,0.4,0.7,0.8,0.5,0.3,24.3,2.1
2014,RJ,Urbana,Municipal,84.2,86.8,80.1,90,91.4,78.2,86,90.3,77.1,77.3,81.4,87.8,78.6,67,82.8,91.8,96.3,--,13.7,11.8,16.8,8.2,7.5,20.5,12.6,8.3,19.2,19.5,15.8,9.9,15.9,24.8,12.9,5.8,0,--,2.1,1.4,3.1,1.8,1.1,1.3,1.4,1.4,3.7,3.2,2.8,2.3,5.5,8.2,4.3,2.4,3.7,--
2014,RJ,Urbana,Federal,91.7,95.9,89.4,94.8,94.8,95.4,98,96.6,88.4,88.4,89.8,90.9,85.7,81.7,87.7,95.7,98.9,78.2,8.2,4,10.5,5.2,5,4.6,1.9,3.2,11.5,11.6,10,9,13.2,17.3,11.4,3.7,1.1,19.8,0.1,0.1,0.1,0,0.2,0,0.1,0.2,0.1,0,0.2,0.1,1.1,1,0.9,0.6,0,2
2014,RJ,Urbana,Estadual,79.7,86.3,79.6,91,86.4,92.7,87.7,84.2,78.5,78.4,77.7,82.6,77.4,69.9,77.8,88.2,91.6,89.7,16.6,12,16.7,7.3,12.7,6.4,11.4,13.5,18.2,17.9,18.8,13.3,15.3,20.9,15.5,7.4,6.4,2.8,3.7,1.7,3.7,1.7,0.9,0.9,0.9,2.3,3.3,3.7,3.5,4.1,7.3,9.2,6.7,4.4,2,7.5
2014,SP,Total,Total,95,97.3,92.3,98.9,97.9,93.9,98,97.6,93.3,93.8,93.1,89.5,85.1,79.8,85.6,92.1,97.1,88.5,4.1,2.5,6.1,0.8,1.9,5.9,1.8,2.1,5.7,5,5.3,8.1,10.7,15,10.2,5,2.3,11,0.9,0.2,1.6,0.3,0.2,0.2,0.2,0.3,1,1.2,1.6,2.4,4.2,5.2,4.2,2.9,0.6,0.5
2014,SP,Total,Publico,94.4,96.9,91.4,98.9,97.8,92.9,97.8,97.4,92.3,93.3,92.5,88.2,83.3,77.9,83.8,90.8,98.2,83.2,4.6,2.8,6.6,0.8,1.9,6.9,1.9,2.3,6.5,5.2,5.6,9,11.8,16.2,11.4,5.8,0.8,16,1,0.3,2,0.3,0.3,0.2,0.3,0.3,1.2,1.5,1.9,2.8,4.9,5.9,4.8,3.4,1,0.8
2014,SP,Total,Particular,97.7,98.7,96.4,99.2,98.3,98.6,98.7,98.6,96.8,96.1,96.1,96.7,95.7,92.4,96.5,98.8,94.7,97.7,2.3,1.3,3.6,0.8,1.7,1.4,1.3,1.4,3.2,3.9,3.9,3.3,4.2,7.5,3.4,1.1,5.3,2.3,0,0,0,0,0,0,0,0,0,0,0,0,0.1,0.1,0.1,0.1,0,0
2014,SP,Total,Municipal,94.8,96.5,89.5,98.9,97.3,92.1,97.3,96.8,90.5,88.5,89,90.5,87.1,81.2,87.6,93.6,97.4,--,4.5,3.3,8.6,0.8,2.5,7.7,2.5,2.9,8.4,9.8,9,7.1,10.8,16.4,10.3,4.8,0.4,--,0.7,0.2,1.9,0.3,0.2,0.2,0.2,0.3,1.1,1.7,2,2.4,2.1,2.4,2.1,1.6,2.2,--
2014,SP,Total,Federal,99,99,--,100,100,97.4,100,97.2,--,--,--,--,90.7,80.3,94,97.2,98.7,--,1,1,--,0,0,2.6,0,2.8,--,--,--,--,8.5,18.1,5.8,2.1,1.1,--,0,0,--,0,0,0,0,0,--,--,--,--,0.8,1.6,0.2,0.7,0.2,--
2014,SP,Total,Estadual,93.9,98.2,92.1,98.7,99.2,94.9,99.1,99,92.8,95.2,93.7,87.5,83.2,77.8,83.7,90.7,--,83.2,4.6,1.5,5.9,0.7,0.5,4.9,0.6,0.7,5.8,3.4,4.4,9.6,11.8,16.2,11.4,5.8,--,16,1.5,0.3,2,0.6,0.3,0.2,0.3,0.3,1.4,1.4,1.9,2.9,5,6,4.9,3.5,--,0.8
2014,SP,Rural,Total,95.4,95.5,95.1,98.8,96.4,90.7,96.5,95.6,95.4,95.3,95.7,94.2,93.3,91.7,93.2,96.2,--,86.6,4.3,4.4,4,1,3.5,9.2,3.3,4.2,4.2,4,3.5,4.5,4.7,6.2,4.7,2.1,--,13.4,0.3,0.1,0.9,0.2,0.1,0.1,0.2,0.2,0.4,0.7,0.8,1.3,2,2.1,2.1,1.7,--,0
2014,SP,Rural,Publico,95.3,95.4,95,98.8,96.4,90.5,96.6,95.6,95.3,95.3,95.6,94,93.2,91.6,93.1,96.1,--,86.6,4.3,4.4,4.1,1,3.5,9.4,3.3,4.2,4.3,4,3.6,4.6,4.7,6.2,4.7,2.1,--,13.4,0.4,0.2,0.9,0.2,0.1,0.1,0.1,0.2,0.4,0.7,0.8,1.4,2.1,2.2,2.2,1.8,--,0
2014,SP,Rural,Particular,97,96.3,98.1,98.4,95.8,95.9,96,95.6,99.1,95.2,99.1,99.1,96,93.4,96.2,98.7,--,--,2.9,3.7,1.7,1.6,4.2,4.1,4,4.4,0.9,4.2,0.9,0.9,4,6.6,3.8,1.3,--,--,0.1,0,0.2,0,0,0,0,0,0,0.6,0,0,0,0,0,0,--,--
2014,SP,Rural,Municipal,94.8,95.2,93.2,98.8,96.1,90.1,96.2,95.2,92.6,91.7,93.2,95.5,93,87.7,94.3,98.3,--,--,4.9,4.7,6,1.1,3.8,9.8,3.6,4.6,6.9,7.6,5.9,3.4,7,12.3,5.7,1.7,--,--,0.3,0.1,0.8,0.1,0.1,0.1,0.2,0.2,0.5,0.7,0.9,1.1,0,0,0,0,--,--
2014,SP,Rural,Estadual,96.5,98.2,96.1,99.2,99.8,94.7,99.3,98.7,97,97.6,96.8,93.2,93.2,91.7,93.1,96,--,86.6,2.8,1.6,3,0.3,0.1,5.1,0.6,1.1,2.6,1.8,2.3,5.2,4.7,6.2,4.7,2.1,--,13.4,0.7,0.2,0.9,0.5,0.1,0.2,0.1,0.2,0.4,0.6,0.9,1.6,2.1,2.1,2.2,1.9,--,0
2014,SP,Urbana,Total,95,97.3,92.3,98.9,98,94,98,97.7,93.2,93.8,93,89.5,85,79.7,85.6,92.1,97.1,89.1,4.1,2.5,6.1,0.8,1.9,5.8,1.8,2.1,5.7,5,5.3,8.1,10.8,15.1,10.2,5.1,2.3,10.3,0.9,0.2,1.6,0.3,0.1,0.2,0.2,0.2,1.1,1.2,1.7,2.4,4.2,5.2,4.2,2.8,0.6,0.6
2014,SP,Urbana,Publico,94.4,97,91.4,98.9,97.9,92.9,97.9,97.4,92.2,93.3,92.4,88.1,83.2,77.7,83.6,90.7,98.2,81.3,4.6,2.8,6.7,0.8,1.9,6.8,1.9,2.3,6.5,5.2,5.6,9,11.9,16.3,11.4,5.8,0.8,17.4,1,0.2,1.9,0.3,0.2,0.3,0.2,0.3,1.3,1.5,2,2.9,4.9,6,5,3.5,1,1.3
2014,SP,Urbana,Particular,97.7,98.7,96.4,99.2,98.3,98.6,98.7,98.6,96.8,96.1,96.1,96.7,95.7,92.4,96.5,98.8,94.7,97.7,2.3,1.3,3.6,0.8,1.7,1.4,1.3,1.4,3.2,3.9,3.9,3.3,4.2,7.5,3.4,1.1,5.3,2.3,0,0,0,0,0,0,0,0,0,0,0,0,0.1,0.1,0.1,0.1,0,0
2014,SP,Urbana,Municipal,94.8,96.5,89.4,98.9,97.4,92.2,97.3,96.8,90.5,88.4,89,90.3,87,81.1,87.5,93.5,97.4,--,4.5,3.3,8.7,0.8,2.4,7.6,2.4,2.9,8.4,9.8,9.1,7.1,10.9,16.4,10.3,4.8,0.4,--,0.7,0.2,1.9,0.3,0.2,0.2,0.3,0.3,1.1,1.8,1.9,2.6,2.1,2.5,2.2,1.7,2.2,--
2014,SP,Urbana,Federal,99,99,--,100,100,97.4,100,97.2,--,--,--,--,90.7,80.3,94,97.2,98.7,--,1,1,--,0,0,2.6,0,2.8,--,--,--,--,8.5,18.1,5.8,2.1,1.1,--,0,0,--,0,0,0,0,0,--,--,--,--,0.8,1.6,0.2,0.7,0.2,--
2014,SP,Urbana,Estadual,93.9,98.2,92,98.7,99.2,94.9,99.1,99,92.8,95.2,93.7,87.4,83.1,77.7,83.6,90.7,--,81.3,4.6,1.5,6,0.7,0.5,4.9,0.6,0.7,5.9,3.4,4.4,9.6,11.9,16.3,11.5,5.9,--,17.4,1.5,0.3,2,0.6,0.3,0.2,0.3,0.3,1.3,1.4,1.9,3,5,6,4.9,3.4,--,1.3
2014,PR,Total,Total,90.2,94.7,84.8,98.1,93.2,90.6,94.8,97,86.6,84.1,82.8,85.3,80.9,74.5,81.5,88,94,98.2,8.5,5.2,12.5,1.8,6.8,9.3,5,2.8,11.5,13.5,14,11.2,12.3,17.5,11.6,6.6,3.2,1.1,1.3,0.1,2.7,0.1,0,0.1,0.2,0.2,1.9,2.4,3.2,3.5,6.8,8,6.9,5.4,2.8,0.7
2014,PR,Total,Publico,89,94,83.2,97.9,92.4,89.5,94.1,96.8,85.2,82.5,81.2,83.9,78.5,71.9,79.2,86.1,93.9,99,9.4,5.8,13.7,1.9,7.5,10.4,5.7,3,12.7,14.8,15.3,12.2,13.7,19.1,13,7.5,3.3,0,1.6,0.2,3.1,0.2,0.1,0.1,0.2,0.2,2.1,2.7,3.5,3.9,7.8,9,7.8,6.4,2.8,1
2014,PR,Total,Particular,97.7,98.5,96.5,98.8,97.5,98.3,98.9,98.8,97.1,96.2,96,96.4,96.3,93.4,96.9,98.9,98.7,97.6,2.3,1.5,3.5,1.1,2.5,1.7,1.1,1.2,2.9,3.7,3.9,3.5,3.4,6.2,2.8,1,1.3,2,0,0,0,0.1,0,0,0,0,0,0.1,0.1,0.1,0.3,0.4,0.3,0.1,0,0.4
2014,PR,Total,Municipal,93.8,94.1,83.5,97.9,92.4,89.5,94.2,96.8,81.8,80.7,82.8,90.1,--,--,--,--,--,--,6,5.8,15,1.9,7.5,10.4,5.6,3,17,17.9,15.2,8.7,--,--,--,--,--,--,0.2,0.1,1.5,0.2,0.1,0.1,0.2,0.2,1.2,1.4,2,1.2,--,--,--,--,--,--
2014,PR,Total,Federal,95.7,--,95.7,--,--,--,--,--,94.6,96.6,93,97.5,89.6,84.2,91.1,86.6,94.4,99,4.3,--,4.3,--,--,--,--,--,5.4,3.4,7,2.5,8.9,14.2,7.6,11.9,2.9,0,0,--,0,--,--,--,--,--,0,0,0,0,1.5,1.6,1.3,1.5,2.7,1
2014,PR,Total,Estadual,83.3,88.8,83.2,90.7,90.1,87.1,91.4,84.9,85.2,82.6,81.2,83.7,78.4,71.8,79.1,86.1,93.9,--,13.6,10.1,13.6,6.8,8.6,12.6,7.9,13.8,12.5,14.7,15.3,12.3,13.7,19.2,13,7.5,3.3,--,3.1,1.1,3.2,2.5,1.3,0.3,0.7,1.3,2.3,2.7,3.5,4,7.9,9,7.9,6.4,2.8,--
2014,PR,Rural,Total,91.6,93.3,88.8,97.1,91.8,89.5,93.3,95.5,89.2,88.3,87.7,90,86.4,82.1,86.3,92.9,90.9,--,7.3,6.4,8.8,2.5,8,10.3,6.4,4.2,9.1,9.6,9.6,6.8,7.8,11.2,7.2,3.5,0,--,1.1,0.3,2.4,0.4,0.2,0.2,0.3,0.3,1.7,2.1,2.7,3.2,5.8,6.7,6.5,3.6,9.1,--
2014,PR,Rural,Publico,91.6,93.3,88.8,97.1,91.8,89.5,93.3,95.5,89.1,88.2,87.7,89.9,86.1,81.8,86,92.6,90.9,--,7.3,6.4,8.8,2.5,8,10.4,6.4,4.2,9.2,9.6,9.6,6.8,7.9,11.3,7.4,3.6,0,--,1.1,0.3,2.4,0.4,0.2,0.1,0.3,0.3,1.7,2.2,2.7,3.3,6,6.9,6.6,3.8,9.1,--
2014,PR,Rural,Particular,97.6,99.6,95.9,100,100,100,100,98.4,100,97,92.1,95.5,95.9,91.8,97,99.5,--,--,2.4,0.4,4.1,0,0,0,0,1.6,0,3,7.9,4.5,3.6,7.2,2.4,0.5,--,--,0,0,0,0,0,0,0,0,0,0,0,0,0.5,1,0.6,0,--,--
2014,PR,Rural,Municipal,93.5,93.6,87,97.5,92,89.6,93.5,96.1,81.4,81.3,90.6,95.7,--,--,--,--,--,--,6.3,6.2,11,2.2,7.9,10.2,6.2,3.7,15.1,17.4,7.1,3.2,--,--,--,--,--,--,0.2,0.2,2,0.3,0.1,0.2,0.3,0.2,3.5,1.3,2.3,1.1,--,--,--,--,--,--
2014,PR,Rural,Estadual,88.7,86.8,88.8,88.7,87.6,86.2,89.3,82.5,89.4,88.5,87.6,89.7,86.1,81.8,86,92.6,90.9,--,8.9,11.7,8.7,8.3,10.8,13.4,9.7,15.8,9,9.4,9.7,6.9,7.9,11.3,7.4,3.6,0,--,2.4,1.5,2.5,3,1.6,0.4,1,1.7,1.6,2.1,2.7,3.4,6,6.9,6.6,3.8,9.1,--
2014,PR,Urbana,Total,90.1,94.8,84.5,98.1,93.3,90.7,94.9,97.2,86.4,83.8,82.5,85,80.7,74.2,81.3,87.8,94,98.2,8.6,5.1,12.7,1.7,6.7,9.2,4.9,2.7,11.6,13.7,14.3,11.4,12.5,17.8,11.8,6.7,3.2,1.1,1.3,0.1,2.8,0.2,0,0.1,0.2,0.1,2,2.5,3.2,3.6,6.8,8,6.9,5.5,2.8,0.7
2014,PR,Urbana,Publico,88.8,94.1,82.9,98,92.5,89.5,94.2,96.9,84.9,82.1,80.8,83.5,78.2,71.4,78.8,85.8,93.9,99,9.6,5.7,14,1.9,7.4,10.4,5.6,2.9,12.9,15.1,15.6,12.5,13.9,19.5,13.2,7.7,3.3,0,1.6,0.2,3.1,0.1,0.1,0.1,0.2,0.2,2.2,2.8,3.6,4,7.9,9.1,8,6.5,2.8,1
2014,PR,Urbana,Particular,97.7,98.5,96.5,98.8,97.5,98.3,98.9,98.8,97.1,96.2,96,96.4,96.3,93.4,96.9,98.9,98.7,97.6,2.3,1.5,3.5,1.1,2.5,1.7,1.1,1.2,2.9,3.7,3.9,3.5,3.4,6.2,2.8,1,1.3,2,0,0,0,0.1,0,0,0,0,0,0.1,0.1,0.1,0.3,0.4,0.3,0.1,0,0.4
2014,PR,Urbana,Municipal,93.9,94.1,83.2,98,92.5,89.5,94.2,96.9,81.8,80.6,82.1,89.6,--,--,--,--,--,--,6,5.8,15.4,1.9,7.4,10.4,5.6,2.9,17.2,17.9,15.9,9.2,--,--,--,--,--,--,0.1,0.1,1.4,0.1,0.1,0.1,0.2,0.2,1,1.5,2,1.2,--,--,--,--,--,--
2014,PR,Urbana,Federal,95.7,--,95.7,--,--,--,--,--,94.6,96.6,93,97.5,89.6,84.2,91.1,86.6,94.4,99,4.3,--,4.3,--,--,--,--,--,5.4,3.4,7,2.5,8.9,14.2,7.6,11.9,2.9,0,0,--,0,--,--,--,--,--,0,0,0,0,1.5,1.6,1.3,1.5,2.7,1
2014,PR,Urbana,Estadual,82.9,96.2,82.9,100,100,90.8,98.6,93,85,82.1,80.7,83.3,78.1,71.3,78.7,85.8,93.9,--,13.9,3.8,14,0,0,9.2,1.4,7,12.8,15.1,15.6,12.6,14,19.5,13.3,7.7,3.3,--,3.2,0,3.1,0,0,0,0,0,2.2,2.8,3.7,4.1,7.9,9.2,8,6.5,2.8,--
2014,SC,Total,Total,93.2,96.3,88.8,99.3,97.6,93,97.2,94.9,86.9,87.3,90.9,91.9,79.7,69.9,84.1,91.2,89.4,97.4,6.3,3.5,10.1,0.6,2.3,6.9,2.7,4.9,12.1,11.8,8.3,5.8,13.8,21.6,10.2,4.5,3.3,2.3,0.5,0.2,1.1,0.1,0.1,0.1,0.1,0.2,1,0.9,0.8,2.3,6.5,8.5,5.7,4.3,7.3,0.3
2014,SC,Total,Publico,92.5,95.9,87.8,99.3,97.4,92.2,96.9,94.4,85.8,86.2,90.3,90.8,77.5,67.4,82.2,90,89.4,97.4,6.9,3.9,11,0.6,2.5,7.7,2.9,5.4,13.2,12.8,8.7,6.3,15.1,23.2,11.2,5,3.3,2.3,0.6,0.2,1.2,0.1,0.1,0.1,0.2,0.2,1,1,1,2.9,7.4,9.4,6.6,5,7.3,0.3
2014,SC,Total,Particular,98.1,99.2,96.6,99.3,99.1,99.1,99.2,99.2,97.7,96.8,95.6,96.2,94.8,91.6,95.8,97.3,--,--,1.8,0.8,3.3,0.7,0.9,0.9,0.8,0.8,2.1,3,4.3,3.6,4.8,8,3.7,2.1,--,--,0.1,0,0.1,0,0,0,0,0,0.2,0.2,0.1,0.2,0.4,0.4,0.5,0.6,--,--
2014,SC,Total,Municipal,94.1,96.2,89.9,99.3,96.7,93.4,95.8,95.8,88.3,88.8,90.6,93.3,88.9,82.4,90,97.2,--,--,5.5,3.7,9.1,0.5,3.2,6.4,4,3.9,10.8,10.3,8.4,5.5,7.9,13.9,5,2.3,--,--,0.4,0.1,1,0.2,0.1,0.2,0.2,0.3,0.9,0.9,1,1.2,3.2,3.7,5,0.5,--,--
2014,SC,Total,Federal,92.9,97.8,87.4,96.6,95.8,95.9,100,100,96,84.3,75.3,94.6,89.7,84.7,89.6,94.3,93.8,97.4,6.8,1.7,12.6,1.7,2.8,4.1,0,0,4,15.7,24.7,5.4,8.7,13.8,9,3.9,2.8,2.4,0.3,0.5,0,1.7,1.4,0,0,0,0,0,0,0,1.6,1.5,1.4,1.8,3.4,0.2
2014,SC,Total,Estadual,90.1,95.4,85.7,99,99.3,89.2,99.4,91.7,83.5,84.1,90.1,85.3,77.1,67,82,89.8,88.7,100,9,4.4,12.7,0.8,0.6,10.7,0.5,8,15.3,14.8,9,8.1,15.3,23.5,11.3,5.1,3.3,0,0.9,0.2,1.6,0.2,0.1,0.1,0.1,0.3,1.2,1.1,0.9,6.6,7.6,9.5,6.7,5.1,8,0
2014,SC,Rural,Total,95,96.9,90.9,99.3,98.3,93.6,97.9,95.4,89.4,89.7,93.1,93,86.6,78.4,90.7,96.3,96.7,--,4.6,3,8,0.5,1.6,6.3,2,4.3,9.8,9.3,6,4.2,9.9,16.7,6,2.2,0.8,--,0.4,0.1,1.1,0.2,0.1,0.1,0.1,0.3,0.8,1,0.9,2.8,3.5,4.9,3.3,1.5,2.5,--
2014,SC,Rural,Publico,95,96.9,90.9,99.3,98.3,93.6,97.9,95.4,89.4,89.7,93.1,93,86.3,78.2,90.4,96.2,96.7,--,4.6,3,8,0.5,1.6,6.3,2,4.3,9.8,9.3,6,4.2,10.1,16.9,6.2,2.3,0.8,--,0.4,0.1,1.1,0.2,0.1,0.1,0.1,0.3,0.8,1,0.9,2.8,3.6,4.9,3.4,1.5,2.5,--
2014,SC,Rural,Particular,--,--,--,--,--,--,--,--,--,--,--,--,95.6,88.4,98.8,100,--,--,--,--,--,--,--,--,--,--,--,--,--,--,2.4,5.8,1.2,0,--,--,--,--,--,--,--,--,--,--,--,--,--,--,2,5.8,0,0,--,--
2014,SC,Rural,Municipal,96,97.1,92.2,99.3,98.2,94.5,97.5,96.1,90.4,91.1,94,96,85.5,78,88.6,97.7,--,--,3.8,2.7,7,0.5,1.6,5.4,2.4,3.7,9.1,8.3,5.2,2.7,10.5,18.1,4.8,1.2,--,--,0.2,0.2,0.8,0.2,0.2,0.1,0.1,0.2,0.5,0.6,0.8,1.3,4,3.9,6.6,1.1,--,--
2014,SC,Rural,Federal,--,--,--,--,--,--,--,--,--,--,--,--,90,89.4,86.9,92.6,96.1,--,--,--,--,--,--,--,--,--,--,--,--,--,8.5,9.3,11.9,6,0,--,--,--,--,--,--,--,--,--,--,--,--,--,1.5,1.3,1.2,1.4,3.9,--
2014,SC,Rural,Estadual,92.5,95.9,89.2,99.2,98.8,89.9,99.4,93.3,88.4,88,92,87,85.9,77,91,96.7,97.2,--,6.7,4,9.3,0.8,1.2,10,0.5,6.5,10.6,10.5,7,7.2,10.3,17.7,5.5,1.7,1.4,--,0.8,0.1,1.5,0,0,0.1,0.1,0.2,1,1.5,1,5.8,3.8,5.3,3.5,1.6,1.4,--
2014,SC,Urbana,Total,93,96.3,88.6,99.3,97.5,92.9,97.1,94.8,86.7,87.1,90.7,91.8,79.4,69.7,83.9,91,89.1,97.4,6.4,3.6,10.2,0.6,2.3,6.9,2.7,4.9,12.3,12,8.4,5.9,13.9,21.8,10.3,4.6,3.4,2.3,0.6,0.1,1.2,0.1,0.2,0.2,0.2,0.3,1,0.9,0.9,2.3,6.7,8.5,5.8,4.4,7.5,0.3
2014,SC,Urbana,Publico,92.2,95.8,87.5,99.3,97.3,92,96.8,94.2,85.5,85.9,90.1,90.7,77.1,67,81.9,89.7,89.1,97.4,7.1,4,11.2,0.6,2.6,7.8,3,5.5,13.5,13,9,6.5,15.2,23.5,11.4,5.1,3.4,2.3,0.7,0.2,1.3,0.1,0.1,0.2,0.2,0.3,1,1.1,0.9,2.8,7.7,9.5,6.7,5.2,7.5,0.3
2014,SC,Urbana,Particular,98.1,99.2,96.6,99.3,99.1,99.1,99.2,99.2,97.7,96.8,95.6,96.2,94.8,91.6,95.8,97.3,--,--,1.8,0.8,3.3,0.7,0.9,0.9,0.8,0.8,2.1,3,4.3,3.6,4.8,8,3.7,2.1,--,--,0.1,0,0.1,0,0,0,0,0,0.2,0.2,0.1,0.2,0.4,0.4,0.5,0.6,--,--
2014,SC,Urbana,Municipal,93.8,96,89.7,99.4,96.4,93.3,95.6,95.8,88.2,88.5,90.2,93.2,90.3,84.8,90.5,97,--,--,5.7,3.8,9.3,0.5,3.4,6.5,4.3,4,10.9,10.5,8.8,5.7,6.8,11.6,5.1,2.6,--,--,0.5,0.2,1,0.1,0.2,0.2,0.1,0.2,0.9,1,1,1.1,2.9,3.6,4.4,0.4,--,--
2014,SC,Urbana,Federal,92.9,97.8,87.4,96.6,95.8,95.9,100,100,96,84.3,75.3,94.6,89.6,83.8,90.1,94.7,93.4,97.4,6.8,1.7,12.6,1.7,2.8,4.1,0,0,4,15.7,24.7,5.4,8.8,14.7,8.5,3.4,3.1,2.4,0.3,0.5,0,1.7,1.4,0,0,0,0,0,0,0,1.6,1.5,1.4,1.9,3.5,0.2
2014,SC,Urbana,Estadual,89.9,95.4,85.5,99,99.3,89.1,99.4,91.6,83.1,83.8,90,85.2,76.8,66.6,81.7,89.6,88.4,100,9.2,4.4,13,0.8,0.6,10.8,0.5,8.1,15.7,15.1,9.1,8.2,15.4,23.7,11.5,5.2,3.4,0,0.9,0.2,1.5,0.2,0.1,0.1,0.1,0.3,1.2,1.1,0.9,6.6,7.8,9.7,6.8,5.2,8.2,0
2014,RS,Total,Total,87.7,92.8,81.1,99.3,98.9,86.6,90.4,91.3,79.1,79.1,79.6,87.5,76.1,66.5,77.9,89,87.5,84.5,11.1,6.7,16.7,0.4,0.8,12.9,9.1,8,18.9,18.8,17.8,10.3,16,23.2,14.5,6.4,6.2,8.2,1.2,0.5,2.2,0.3,0.3,0.5,0.5,0.7,2,2.1,2.6,2.2,7.9,10.3,7.6,4.6,6.3,7.3
2014,RS,Total,Publico,86.6,92.1,79.7,99.2,99.1,85.2,89.4,90.5,77.5,77.4,79,86.5,74,64.3,75.9,87.8,87,83.5,12.1,7.4,17.9,0.4,0.6,14.3,10,8.6,20.3,20.2,18.3,11.1,17.1,24.4,15.6,7,6.5,8.6,1.3,0.5,2.4,0.4,0.3,0.5,0.6,0.9,2.2,2.4,2.7,2.4,8.9,11.3,8.5,5.2,6.5,7.9
2014,RS,Total,Particular,96.8,98.2,94.5,99.7,97.6,97.8,98.1,97.6,95,94.3,92.6,94.9,92.2,87.6,92.9,96.9,96.8,92.7,3.1,1.8,5.4,0.2,2.3,2.2,1.8,2.4,5,5.6,7.3,5.1,7.3,11.7,6.7,2.9,0,5.1,0.1,0,0.1,0.1,0.1,0,0.1,0,0,0.1,0.1,0,0.5,0.7,0.4,0.2,3.2,2.2
2014,RS,Total,Municipal,87.9,92.1,81.4,99.1,98.9,85.5,89.8,90.1,78.4,79.1,81.9,89.1,66.1,55.4,70.7,77.2,71.6,75.1,10.8,7.3,16.2,0.5,0.8,14,9.6,9,19.3,18.5,15.7,8.6,18.9,24.7,17.2,14.3,25.3,7.4,1.3,0.6,2.4,0.4,0.3,0.5,0.6,0.9,2.3,2.4,2.4,2.3,15,19.9,12.1,8.5,3.1,17.5
2014,RS,Total,Federal,93.2,97,92.7,100,91.3,100,95.8,96,90.7,93.6,91.9,94,84.1,75.7,86.2,91.1,94.3,84.2,6.8,3,7.3,0,8.7,0,4.2,4,9.3,6.4,8.1,6,11.9,19.6,10.5,6.3,3,6,0,0,0,0,0,0,0,0,0,0,0,0,4,4.7,3.3,2.6,2.7,9.8
2014,RS,Total,Estadual,85,91.9,78.1,99.5,99.5,84.8,88.9,91.1,76.5,75.7,76,84.4,73.8,64.1,75.7,87.9,84.4,85.6,13.5,7.6,19.4,0.1,0.3,14.7,10.6,8.2,21.4,21.9,21,12.9,17.2,24.5,15.7,6.9,7.3,9.8,1.5,0.5,2.5,0.4,0.2,0.5,0.5,0.7,2.1,2.4,3,2.7,9,11.4,8.6,5.2,8.3,4.6
2014,RS,Rural,Total,90.6,93.6,86.2,99.6,98.6,88,91.8,92.9,83.7,84.4,86,92.3,81.6,73.1,84.1,92.9,88.1,77.6,8.1,5.9,11.4,0.1,1.1,11.6,7.7,6.3,14.3,13.2,10.9,5.3,9.7,14.5,8.1,3.7,11.9,1.3,1.3,0.5,2.4,0.3,0.3,0.4,0.5,0.8,2,2.4,3.1,2.4,8.7,12.4,7.8,3.4,0,21.1
2014,RS,Rural,Publico,90.6,93.6,86.2,99.6,98.6,88,91.8,92.9,83.6,84.3,86,92.3,81.5,72.7,84.4,92.9,88.1,77.6,8.1,5.9,11.4,0.1,1.1,11.6,7.7,6.3,14.3,13.2,10.9,5.2,9.5,14.5,7.8,3.6,11.9,1.3,1.3,0.5,2.4,0.3,0.3,0.4,0.5,0.8,2.1,2.5,3.1,2.5,9,12.8,7.8,3.5,0,21.1
2014,RS,Rural,Particular,89.4,93.2,86.9,100,100,91.9,89.8,87.5,97.1,84.9,84,87.3,82.5,81.6,76.4,92.3,--,--,9.6,5.3,12.4,0,0,8.1,6.1,10,2.9,13.7,14.8,12.7,14.3,14.5,20,6.6,--,--,1,1.5,0.7,0,0,0,4.1,2.5,0,1.4,1.2,0,3.2,3.9,3.6,1.1,--,--
2014,RS,Rural,Municipal,90.6,93.7,85.7,99.7,98.6,88,92,92.3,82.4,83.4,86.1,93.5,79,69,87.9,89.5,--,--,8.4,6,12.3,0.1,1.2,11.7,7.6,7,15.9,14.8,11.5,4.6,12.6,20.7,6.5,2.6,--,--,1,0.3,2,0.2,0.2,0.3,0.4,0.7,1.7,1.8,2.4,1.9,8.4,10.3,5.6,7.9,--,--
2014,RS,Rural,Federal,--,--,--,--,--,--,--,--,--,--,--,--,82.2,71.8,86.3,91.2,100,78.8,--,--,--,--,--,--,--,--,--,--,--,--,12.4,21.8,9.9,7.1,0,0.5,--,--,--,--,--,--,--,--,--,--,--,--,5.4,6.4,3.8,1.7,0,20.7
2014,RS,Rural,Estadual,90.4,93.6,87,99.1,98.5,87.9,91.2,94.4,85.9,86,85.8,90.6,81.5,73,83.9,93.4,54.9,72.7,7.5,5.5,9.6,0.3,0.7,11.5,7.8,4.6,11.5,10.4,9.6,6.3,8.6,12.6,7.4,2.8,45.1,4.5,2.1,0.9,3.4,0.6,0.8,0.6,1,1,2.6,3.6,4.6,3.1,9.9,14.4,8.7,3.8,0,22.8
2014,RS,Urbana,Total,87.3,92.7,80.5,99.3,98.9,86.5,90.2,91.1,78.6,78.4,78.8,87,75.9,66.3,77.7,88.9,87.4,85,11.5,6.8,17.3,0.4,0.8,13.1,9.3,8.2,19.4,19.4,18.7,10.8,16.2,23.5,14.7,6.5,5.9,8.7,1.2,0.5,2.2,0.3,0.3,0.4,0.5,0.7,2,2.2,2.5,2.2,7.9,10.2,7.6,4.6,6.7,6.3
2014,RS,Urbana,Publico,86,91.8,78.9,99.2,99.2,84.8,89,90.2,76.7,76.5,78.1,85.7,73.7,64,75.6,87.6,86.9,83.9,12.6,7.6,18.7,0.4,0.5,14.7,10.4,9,21.1,21.1,19.3,11.8,17.4,24.8,15.8,7.1,6.2,9.2,1.4,0.6,2.4,0.4,0.3,0.5,0.6,0.8,2.2,2.4,2.6,2.5,8.9,11.2,8.6,5.3,6.9,6.9
2014,RS,Urbana,Particular,96.8,98.2,94.5,99.7,97.6,97.9,98.1,97.6,95,94.3,92.7,94.9,92.3,87.7,93.1,96.9,96.8,92.7,3.1,1.8,5.4,0.2,2.3,2.1,1.9,2.4,5,5.6,7.2,5,7.3,11.7,6.6,2.9,0,5.1,0.1,0,0.1,0.1,0.1,0,0,0,0,0.1,0.1,0.1,0.4,0.6,0.3,0.2,3.2,2.2
2014,RS,Urbana,Municipal,87.4,91.8,80.6,98.9,98.9,85,89.4,89.7,77.7,78.4,81.1,88.2,65.3,54.3,69.2,76.3,71.6,75.1,11.3,7.6,16.9,0.6,0.8,14.4,10,9.4,19.9,19.1,16.4,9.4,19.3,25.1,18.2,15.1,25.3,7.4,1.3,0.6,2.5,0.5,0.3,0.6,0.6,0.9,2.4,2.5,2.5,2.4,15.4,20.6,12.6,8.6,3.1,17.5
2014,RS,Urbana,Federal,93.2,97,92.7,100,91.3,100,95.8,96,90.7,93.6,91.9,94,84.6,76.9,86.2,91,93.4,86.3,6.8,3,7.3,0,8.7,0,4.2,4,9.3,6.4,8.1,6,11.7,18.9,10.6,6,3.5,8.1,0,0,0,0,0,0,0,0,0,0,0,0,3.7,4.2,3.2,3,3.1,5.6
2014,RS,Urbana,Estadual,84.5,91.8,77.3,99.5,99.6,84.5,88.6,90.8,75.6,74.8,75.1,83.9,73.6,63.8,75.5,87.7,85.1,85.8,14.1,7.8,20.3,0.1,0.2,15,10.9,8.5,22.3,22.9,22,13.5,17.5,24.9,15.9,7,6.4,9.9,1.4,0.4,2.4,0.4,0.2,0.5,0.5,0.7,2.1,2.3,2.9,2.6,8.9,11.3,8.6,5.3,8.5,4.3
2014,MS,Total,Total,85.1,89.1,79.6,98.3,82.6,86.2,88.6,90.9,79.4,79.7,80.1,79.2,74.2,65.6,76.9,85.3,80.3,73.5,12.8,10.1,16.4,1,16.8,13.1,10.6,7.9,17.5,16.9,15.6,14.7,17.6,24.3,15.8,8.8,11.3,16.8,2.1,0.8,4,0.7,0.6,0.7,0.8,1.2,3.1,3.4,4.3,6.1,8.2,10.1,7.3,5.9,8.4,9.7
2014,MS,Total,Publico,83.7,88,78,98.2,80.8,84.8,87.5,90.1,77.8,78.3,78.6,77.3,71.8,62.9,74.6,83.6,80.3,73.5,13.9,11.1,17.5,1.1,18.5,14.5,11.7,8.6,18.8,18,16.7,15.9,19,26,17.2,9.8,11.3,16.8,2.4,0.9,4.5,0.7,0.7,0.7,0.8,1.3,3.4,3.7,4.7,6.8,9.2,11.1,8.2,6.6,8.4,9.7
2014,MS,Total,Particular,97.3,98.3,95.6,99,97.3,98.3,98.4,98.4,96.1,95.5,95.1,95.7,94,90.9,94.9,96.7,--,--,2.6,1.6,4.3,0.7,2.6,1.6,1.6,1.5,3.9,4.5,4.6,4.3,5.7,8.8,4.9,2.7,--,--,0.1,0.1,0.1,0.3,0.1,0.1,0,0.1,0,0,0.3,0,0.3,0.3,0.2,0.6,--,--
2014,MS,Total,Municipal,86.7,88.3,83.6,98,81.3,85,87.4,90.4,81.2,83.3,85.3,86.7,87.8,83.8,86.2,100,--,--,11.7,10.9,13.3,1.3,18,14.2,11.8,8.3,16,14.1,11.7,8.5,8.5,13.5,6.9,0,--,--,1.6,0.8,3.1,0.7,0.7,0.8,0.8,1.3,2.8,2.6,3,4.8,3.7,2.7,6.9,0,--,--
2014,MS,Total,Federal,88.3,--,88.3,--,--,--,--,--,91.1,92.2,82.6,88.9,84.8,87.4,86,90.3,90.2,82.2,11.5,--,11.5,--,--,--,--,--,7.8,7.8,17.4,11.1,11.1,9.8,13.2,8.4,9.8,11.3,0.2,--,0.2,--,--,--,--,--,1.1,0,0,0,4.1,2.8,0.8,1.3,0,6.5
2014,MS,Total,Estadual,78.5,87.3,73,99.2,78.9,84.3,87.9,89.6,74,73.2,72.9,71.7,71.5,62.6,74.4,83.5,79.4,58.2,17.7,11.9,21.4,0.1,20.6,15.2,11.3,9.3,21.9,22.1,21,20.3,19.2,26.1,17.2,9.8,11.5,26.3,3.8,0.8,5.6,0.7,0.5,0.5,0.8,1.1,4.1,4.7,6.1,8,9.3,11.3,8.4,6.7,9.1,15.5
2014,MS,Rural,Total,82.8,84.1,80.6,97,76.2,80.8,83.7,86.5,77.1,80.5,82.1,85.3,79.4,74.6,79.9,88.3,--,76.1,14.2,14.1,14.2,1.3,22.6,17.3,14.7,11.1,17.7,15,12.3,9.1,12.2,15.5,10.7,6.4,--,18,3,1.8,5.2,1.7,1.2,1.9,1.6,2.4,5.2,4.5,5.6,5.6,8.4,9.9,9.4,5.3,--,5.9
2014,MS,Rural,Publico,82.5,84,80.2,97,75.9,80.7,83.6,86.4,76.7,80.2,81.6,85,78.5,73.7,78.7,87.4,--,76.1,14.3,14.3,14.5,1.3,22.8,17.4,14.8,11.2,18,15.2,12.5,9.3,12.6,15.7,11.3,6.7,--,18,3.2,1.7,5.3,1.7,1.3,1.9,1.6,2.4,5.3,4.6,5.9,5.7,8.9,10.6,10,5.9,--,5.9
2014,MS,Rural,Particular,97.9,97.7,98,100,100,93.9,97,100,98.8,97.7,98.9,96.7,91.4,84.6,97.1,96.1,--,--,2.1,2.3,2,0,0,6.1,3,0,1.2,2.3,1.1,3.3,6.9,12.6,1.9,3.1,--,--,0,0,0,0,0,0,0,0,0,0,0,0,1.7,2.8,1,0.8,--,--
2014,MS,Rural,Municipal,82.6,83.5,81,96.7,75.8,80,82.8,85.7,76.5,80.7,83.5,87.5,87.8,83.8,86.2,100,--,--,14.3,14.6,13.9,1.4,22.9,17.9,15.4,11.5,18.3,14.8,10.6,7.3,8.5,13.5,6.9,0,--,--,3.1,1.9,5.1,1.9,1.3,2.1,1.8,2.8,5.2,4.5,5.9,5.2,3.7,2.7,6.9,0,--,--
2014,MS,Rural,Federal,--,--,--,--,--,--,--,--,--,--,--,--,76.1,--,--,--,--,76.1,--,--,--,--,--,--,--,--,--,--,--,--,18,--,--,--,--,18,--,--,--,--,--,--,--,--,--,--,--,--,5.9,--,--,--,--,5.9
2014,MS,Rural,Estadual,82.2,87.3,77.7,99.2,77.3,85,88.8,89.8,77.4,78.5,75.6,79,78.7,73.5,78.6,87.3,--,--,14.4,12,16.4,0.4,22.1,14,10.6,9.3,16.8,16.2,18.8,14,12.1,15.8,11.4,6.8,--,--,3.4,0.7,5.9,0.4,0.6,1,0.6,0.9,5.8,5.3,5.6,7,9.2,10.7,10,5.9,--,--
2014,MS,Urbana,Total,85.4,89.9,79.5,98.5,83.6,87.1,89.3,91.6,79.7,79.6,79.9,78.5,73.9,65,76.7,85.2,80.3,72.3,12.6,9.5,16.6,1,15.9,12.5,10.1,7.5,17.5,17.2,16,15.3,17.9,24.8,16.1,9,11.3,16.2,2,0.6,3.9,0.5,0.5,0.4,0.6,0.9,2.8,3.2,4.1,6.2,8.2,10.2,7.2,5.8,8.4,11.5
2014,MS,Urbana,Publico,83.9,88.7,77.8,98.4,81.7,85.5,88.2,90.7,78,78,78.3,76.4,71.4,62.2,74.3,83.4,80.3,72.3,13.8,10.6,17.9,1.1,17.8,14,11.2,8.2,18.9,18.4,17.2,16.7,19.5,26.6,17.6,10,11.3,16.2,2.3,0.7,4.3,0.5,0.5,0.5,0.6,1.1,3.1,3.6,4.5,6.9,9.1,11.2,8.1,6.6,8.4,11.5
2014,MS,Urbana,Particular,97.3,98.3,95.5,99,97.2,98.4,98.4,98.4,96,95.4,95,95.7,94.1,91.2,94.8,96.7,--,--,2.6,1.6,4.4,0.7,2.6,1.5,1.6,1.5,3.9,4.6,4.7,4.3,5.7,8.7,5,2.7,--,--,0.1,0.1,0.1,0.3,0.2,0.1,0,0.1,0.1,0,0.3,0,0.2,0.1,0.2,0.6,--,--
2014,MS,Urbana,Municipal,87.6,89.2,84.1,98.2,82.5,86,88.3,91.3,82.3,83.8,85.7,86.6,--,--,--,--,--,--,11.1,10.2,13.2,1.3,16.9,13.5,11.1,7.7,15.5,13.9,12,8.7,--,--,--,--,--,--,1.3,0.6,2.7,0.5,0.6,0.5,0.6,1,2.2,2.3,2.3,4.7,--,--,--,--,--,--
2014,MS,Urbana,Federal,88.3,--,88.3,--,--,--,--,--,91.1,92.2,82.6,88.9,87.7,87.4,86,90.3,90.2,87.7,11.5,--,11.5,--,--,--,--,--,7.8,7.8,17.4,11.1,8.7,9.8,13.2,8.4,9.8,5.3,0.2,--,0.2,--,--,--,--,--,1.1,0,0,0,3.6,2.8,0.8,1.3,0,7
2014,MS,Urbana,Estadual,78.3,87.3,72.7,99.1,79,84.2,87.8,89.6,73.8,72.8,72.7,71.3,71,61.9,74.1,83.3,79.4,58.2,17.9,11.9,21.7,0.1,20.4,15.3,11.3,9.3,22.2,22.5,21.1,20.7,19.7,26.8,17.6,10,11.5,26.3,3.8,0.8,5.6,0.8,0.6,0.5,0.9,1.1,4,4.7,6.2,8,9.3,11.3,8.3,6.7,9.1,15.5
2014,MT,Total,Total,96.8,97.9,95.3,99.3,98.9,96.3,97.4,98.1,96.2,97.6,97.2,90.5,66.2,55.3,72.8,79.5,89,71.1,2.5,1.7,3.6,0.2,0.8,3.5,2.3,1.5,3.1,1.7,1.5,7.7,21.4,29,17.3,11.7,8.7,16.1,0.7,0.4,1.1,0.5,0.3,0.2,0.3,0.4,0.7,0.7,1.3,1.8,12.4,15.7,9.9,8.8,2.3,12.8
2014,MT,Total,Publico,96.6,97.8,95.1,99.4,98.9,95.9,97.2,98,96.1,97.6,97.3,89.8,63.6,52.7,70.4,77.5,89,69.2,2.6,1.8,3.7,0.2,0.7,3.8,2.4,1.6,3.2,1.6,1.3,8.2,23,30.6,18.7,12.8,8.7,17.7,0.8,0.4,1.2,0.4,0.4,0.3,0.4,0.4,0.7,0.8,1.4,2,13.4,16.7,10.9,9.7,2.3,13.1
2014,MT,Total,Particular,98.2,98.9,97.1,99.2,98.8,98.8,98.9,98.5,97.4,97.1,96.8,97,95.5,94.1,96.1,97.4,--,88.7,1.7,1,2.8,0.5,1,1.1,1,1.3,2.4,2.9,2.9,2.9,3.8,5.6,3.5,2.2,--,1.4,0.1,0.1,0.1,0.3,0.2,0.1,0.1,0.2,0.2,0,0.3,0.1,0.7,0.3,0.4,0.4,--,9.9
2014,MT,Total,Municipal,95.7,96.9,92.8,99.2,98.6,94.2,95.6,96.7,92.2,93.7,92.9,92.8,94.3,89.7,100,100,--,--,3.4,2.6,5.2,0.3,1,5.4,3.9,2.6,6.6,4.8,4.3,4.2,0,0,0,0,--,--,0.9,0.5,2,0.5,0.4,0.4,0.5,0.7,1.2,1.5,2.8,3,5.7,10.3,0,0,--,--
2014,MT,Total,Federal,--,--,--,--,--,--,--,--,--,--,--,--,89.3,84.3,93.7,93.1,90,100,--,--,--,--,--,--,--,--,--,--,--,--,9.5,13.7,5.8,6.1,10,0,--,--,--,--,--,--,--,--,--,--,--,--,1.2,2,0.5,0.8,0,0
2014,MT,Total,Estadual,97.6,99.9,96.2,99.8,99.8,100,99.9,99.8,99.6,99.6,99,89,62.9,51.9,69.7,77,88.5,69.2,1.8,0,2.9,0,0,0,0,0,0.1,0.1,0.2,9.3,23.4,31,19.1,13,8,17.7,0.6,0.1,0.9,0.2,0.2,0,0.1,0.2,0.3,0.3,0.8,1.7,13.7,17.1,11.2,10,3.5,13.1
2014,MT,Rural,Total,95.7,96.9,94.2,98.3,98,95,96.6,96.8,93.3,95.9,94.8,92.6,74.3,67.7,77.9,84.6,93.8,72.6,2.4,2,2.9,0.5,0.9,4,2.3,1.9,4.6,2,1.5,3.5,15.5,20.2,13.6,8.1,0,15.9,1.9,1.1,2.9,1.2,1.1,1,1.1,1.3,2.1,2.1,3.7,3.9,10.2,12.1,8.5,7.3,6.2,11.5
2014,MT,Rural,Publico,95.7,96.9,94.2,98.3,98,95,96.6,96.8,93.3,95.9,94.8,92.6,74.3,67.7,77.8,84.6,93.8,72.6,2.4,2,2.9,0.5,0.9,4.1,2.3,1.9,4.7,2,1.5,3.5,15.5,20.2,13.6,8.1,0,15.9,1.9,1.1,2.9,1.2,1.1,0.9,1.1,1.3,2,2.1,3.7,3.9,10.2,12.1,8.6,7.3,6.2,11.5
2014,MT,Rural,Particular,99.1,98.8,100,100,100,100,92.3,100,100,100,--,--,100,--,100,100,--,--,0.9,1.2,0,0,0,0,7.7,0,0,0,--,--,0,--,0,0,--,--,0,0,0,0,0,0,0,0,0,0,--,--,0,--,0,0,--,--
2014,MT,Rural,Municipal,94.4,96,91.7,97.8,97.4,93.5,95.5,96,90.6,93.4,92.1,91.1,94.3,89.7,100,100,--,--,3.3,2.6,4.3,0.7,1.2,5.3,3.1,2.5,6.8,3.5,2.7,3.6,0,0,0,0,--,--,2.3,1.4,4,1.5,1.4,1.2,1.4,1.5,2.6,3.1,5.2,5.3,5.7,10.3,0,0,--,--
2014,MT,Rural,Federal,--,--,--,--,--,--,--,--,--,--,--,--,86.6,82.1,90.4,92.2,--,100,--,--,--,--,--,--,--,--,--,--,--,--,10.4,13.3,8.4,6.3,--,0,--,--,--,--,--,--,--,--,--,--,--,--,3,4.6,1.2,1.5,--,0
2014,MT,Rural,Estadual,98.5,99.7,97.6,99.7,99.7,99.8,99.9,99.3,99.2,99.5,98.2,94.2,73.3,66.3,76.5,84,93.8,72.6,0.6,0,1,0.1,0,0.1,0,0,0.1,0,0,3.4,16,21,14.2,8.3,0,16,0.9,0.3,1.4,0.2,0.3,0.1,0.1,0.7,0.7,0.5,1.8,2.4,10.7,12.7,9.3,7.7,6.2,11.4
2014,MT,Urbana,Total,97,98.1,95.5,99.5,99.1,96.5,97.5,98.3,96.7,97.9,97.7,90.2,65.2,53.9,72.3,79,88.4,68.7,2.6,1.7,3.7,0.2,0.7,3.4,2.3,1.5,2.8,1.7,1.5,8.3,22.1,30,17.7,12.1,9.8,16.4,0.4,0.2,0.8,0.3,0.2,0.1,0.2,0.2,0.5,0.4,0.8,1.5,12.7,16.1,10,8.9,1.8,14.9
2014,MT,Urbana,Publico,96.8,98,95.3,99.6,99.1,96.1,97.3,98.2,96.6,98,97.8,89.3,62.2,51,69.6,76.6,88.4,62.4,2.7,1.8,3.8,0.1,0.7,3.7,2.5,1.5,2.9,1.5,1.3,9,23.9,31.8,19.3,13.3,9.8,21.1,0.5,0.2,0.9,0.3,0.2,0.2,0.2,0.3,0.5,0.5,0.9,1.7,13.9,17.2,11.1,10.1,1.8,16.5
2014,MT,Urbana,Particular,98.2,98.9,97.1,99.2,98.8,98.8,98.9,98.5,97.4,97.1,96.8,97,95.5,94.1,96.1,97.4,--,88.7,1.7,1,2.8,0.5,1,1.1,1,1.3,2.4,2.9,2.9,2.9,3.8,5.6,3.5,2.3,--,1.4,0.1,0.1,0.1,0.3,0.2,0.1,0.1,0.2,0.2,0,0.3,0.1,0.7,0.3,0.4,0.3,--,9.9
2014,MT,Urbana,Municipal,96.1,97.1,93.2,99.5,98.8,94.4,95.6,97,92.7,93.8,93.3,93.7,--,--,--,--,--,--,3.4,2.6,5.6,0.2,1,5.4,4.1,2.6,6.5,5.3,5,4.5,--,--,--,--,--,--,0.5,0.3,1.2,0.3,0.2,0.2,0.3,0.4,0.8,0.9,1.7,1.8,--,--,--,--,--,--
2014,MT,Urbana,Federal,--,--,--,--,--,--,--,--,--,--,--,--,90.3,85.4,95,93.3,90,--,--,--,--,--,--,--,--,--,--,--,--,--,9.1,13.8,4.8,6,10,--,--,--,--,--,--,--,--,--,--,--,--,--,0.6,0.8,0.2,0.7,0,--
2014,MT,Urbana,Estadual,97.5,99.9,96,99.8,99.9,100,99.9,99.9,99.6,99.6,99.1,88.5,61.5,50.3,68.9,76.2,87.4,62.4,2,0,3.1,0,0,0,0,0,0.1,0.1,0.2,9.9,24.3,32.1,19.6,13.5,9.6,21.1,0.5,0.1,0.9,0.2,0.1,0,0.1,0.1,0.3,0.3,0.7,1.6,14.2,17.6,11.5,10.3,3,16.5
2014,GO,Total,Total,92.9,95,90.3,98.4,97,93.1,91.7,95.3,91.2,89.9,89.7,90.4,84.5,79.1,85.6,90.5,88.5,95.3,5.6,4.4,7.2,0.7,2.4,6.3,7.7,4,7.1,7.9,7.5,6.4,9.7,13.5,8.9,5.3,9.2,2.8,1.5,0.6,2.5,0.9,0.6,0.6,0.6,0.7,1.7,2.2,2.8,3.2,5.8,7.4,5.5,4.2,2.3,1.9
2014,GO,Total,Publico,91.9,94.1,89.2,98.3,96.4,91.8,90.2,94.6,90.2,88.8,88.5,89.4,82.8,77.1,83.9,89.2,88.5,100,6.4,5.1,7.9,0.7,2.9,7.5,9,4.5,7.8,8.6,8.2,6.8,10.5,14.4,9.7,5.9,9.2,0,1.7,0.8,2.9,1,0.7,0.7,0.8,0.9,2,2.6,3.3,3.8,6.7,8.5,6.4,4.9,2.3,0
2014,GO,Total,Particular,97.4,98.7,95.6,98.8,99.1,98.8,98.1,98.5,96.2,95.5,95.5,95,94.1,90.7,95.1,97.4,--,95.1,2.3,1.1,4.1,0.7,0.6,1,1.8,1.5,3.5,4.3,4.1,4.4,5.1,8.4,4.2,2.1,--,2.9,0.3,0.2,0.3,0.5,0.3,0.2,0.1,0,0.3,0.2,0.4,0.6,0.8,0.9,0.7,0.5,--,2
2014,GO,Total,Municipal,92.7,93.9,89,98.3,96.3,91.3,90,94.5,88.6,88.4,89.5,89.9,85.3,75.1,91.7,96.9,--,--,6,5.3,8.4,0.8,3,8,9.2,4.6,9.5,9.2,7.3,6.5,12.4,21.6,5.7,3.1,--,--,1.3,0.8,2.6,0.9,0.7,0.7,0.8,0.9,1.9,2.4,3.2,3.6,2.3,3.3,2.6,0,--,--
2014,GO,Total,Federal,90.2,90.4,90,97.5,90,91.7,90.2,85,78.3,88.9,96.6,96.6,84.1,78.5,85.2,88.6,88.5,100,9.6,9.6,9.5,2.5,10,8.3,9.8,15,20,11.1,3.4,3.4,14.3,19.9,13.1,10.2,9.2,0,0.2,0,0.5,0,0,0,0,0,1.7,0,0,0,1.6,1.6,1.7,1.2,2.3,0
2014,GO,Total,Estadual,90.3,96.8,89.4,99.5,99.4,98.9,93.3,95.8,91.3,88.9,88.1,89.2,82.7,77.1,83.8,89.2,--,--,7,2.8,7.6,0.1,0.3,0.7,6.2,3.7,6.5,8.4,8.6,6.9,10.4,14.3,9.7,5.9,--,--,2.7,0.4,3,0.4,0.3,0.4,0.5,0.5,2.2,2.7,3.3,3.9,6.9,8.6,6.5,4.9,--,--
2014,GO,Rural,Total,91,92.3,89.1,98.3,95.1,92.3,85.7,92.1,86.7,88.6,90.3,91.7,87.8,82.7,89.2,93.6,--,100,7.3,6.8,8,0.4,4.3,6.9,13.3,7.1,10.9,8.7,6.4,4.7,8.9,12.9,7.3,5.2,--,0,1.7,0.9,2.9,1.3,0.6,0.8,1,0.8,2.4,2.7,3.3,3.6,3.3,4.4,3.5,1.2,--,0
2014,GO,Rural,Publico,90.9,92.2,88.9,98.2,95,92.2,85.4,91.9,86.6,88.5,90.1,91.5,87.4,82.1,88.9,93.4,--,100,7.4,6.9,8.1,0.4,4.4,7,13.5,7.3,10.9,8.8,6.5,4.8,9.2,13.3,7.5,5.2,--,0,1.7,0.9,3,1.4,0.6,0.8,1.1,0.8,2.5,2.7,3.4,3.7,3.4,4.6,3.6,1.4,--,0
2014,GO,Rural,Particular,96.8,97.9,95.1,100,100,96.3,94.1,100,91.2,94.8,98.8,96.2,91.7,89.4,91.2,95.1,--,--,3.2,2.1,4.9,0,0,3.7,5.9,0,8.8,5.2,1.2,3.8,6.4,8.8,5.3,4.9,--,--,0,0,0,0,0,0,0,0,0,0,0,0,1.9,1.8,3.5,0,--,--
2014,GO,Rural,Municipal,90.9,92,88.6,98.3,94.8,92,85.2,91.7,85.2,88.5,91.1,91.1,84.7,70.7,89.3,100,--,--,7.5,7.1,8.4,0.5,4.6,7.2,13.7,7.5,12.2,8.8,5.7,5,7.1,17.1,0,0,--,--,1.6,0.9,3,1.2,0.6,0.8,1.1,0.8,2.6,2.7,3.2,3.9,8.2,12.2,10.7,0,--,--
2014,GO,Rural,Federal,--,--,--,--,--,--,--,--,--,--,--,--,85.7,78.8,89.8,90.4,--,100,--,--,--,--,--,--,--,--,--,--,--,--,13.9,20.6,9.8,9.3,--,0,--,--,--,--,--,--,--,--,--,--,--,--,0.4,0.6,0.4,0.3,--,0
2014,GO,Rural,Estadual,90.7,95.3,89.6,97.2,98.5,97.8,90.5,94.4,90,88.4,88.1,92.2,88.3,83.8,88.6,94.5,--,--,6.5,3.3,7.3,0,0.5,0,8.6,4.5,7.7,8.8,8.1,4.2,7.3,10.1,6.8,3.7,--,--,2.8,1.4,3.1,2.8,1,2.2,0.9,1.1,2.3,2.8,3.8,3.6,4.4,6.1,4.6,1.8,--,--
2014,GO,Urbana,Total,93,95.1,90.4,98.5,97.1,93.1,92,95.5,91.4,90,89.7,90.3,84.4,79,85.5,90.4,88.5,95.1,5.6,4.2,7.2,0.7,2.3,6.3,7.3,3.8,6.9,7.9,7.6,6.4,9.7,13.5,8.9,5.3,9.2,2.9,1.4,0.7,2.4,0.8,0.6,0.6,0.7,0.7,1.7,2.1,2.7,3.3,5.9,7.5,5.6,4.3,2.3,2
2014,GO,Urbana,Publico,92,94.2,89.3,98.3,96.5,91.7,90.6,94.8,90.4,88.8,88.5,89.3,82.7,77,83.8,89.1,88.5,--,6.3,5,7.9,0.7,2.8,7.6,8.7,4.3,7.6,8.6,8.3,6.9,10.5,14.4,9.8,5.9,9.2,--,1.7,0.8,2.8,1,0.7,0.7,0.7,0.9,2,2.6,3.2,3.8,6.8,8.6,6.4,5,2.3,--
2014,GO,Urbana,Particular,97.4,98.7,95.6,98.8,99.1,98.9,98.1,98.4,96.2,95.5,95.4,95,94.2,90.7,95.2,97.4,--,95.1,2.3,1.1,4.1,0.7,0.6,1,1.8,1.5,3.5,4.3,4.1,4.4,5.1,8.4,4.2,2,--,2.9,0.3,0.2,0.3,0.5,0.3,0.1,0.1,0.1,0.3,0.2,0.5,0.6,0.7,0.9,0.6,0.6,--,2
2014,GO,Urbana,Municipal,92.9,94,89,98.3,96.4,91.2,90.3,94.7,88.9,88.4,89.3,89.7,85.5,76,92.2,95.9,--,--,5.9,5.2,8.4,0.8,3,8.1,8.9,4.4,9.3,9.2,7.5,6.7,13.6,22.5,7,4.1,--,--,1.2,0.8,2.6,0.9,0.6,0.7,0.8,0.9,1.8,2.4,3.2,3.6,0.9,1.5,0.8,0,--,--
2014,GO,Urbana,Federal,90.2,90.4,90,97.5,90,91.7,90.2,85,78.3,88.9,96.6,96.6,83.5,78.4,82.5,87.8,88.5,--,9.6,9.6,9.5,2.5,10,8.3,9.8,15,20,11.1,3.4,3.4,14.4,19.6,15,10.6,9.2,--,0.2,0,0.5,0,0,0,0,0,1.7,0,0,0,2.1,2,2.5,1.6,2.3,--
2014,GO,Urbana,Estadual,90.2,96.8,89.4,99.6,99.5,98.9,93.4,95.8,91.3,89,88.1,89.1,82.6,77,83.8,89.2,--,--,7,2.7,7.6,0.1,0.3,0.7,6.2,3.6,6.5,8.3,8.7,6.9,10.4,14.3,9.7,5.9,--,--,2.8,0.5,3,0.3,0.2,0.4,0.4,0.6,2.2,2.7,3.2,4,7,8.7,6.5,4.9,--,--
2014,DF,Total,Total,88.8,94,82.8,98.1,98.6,86.1,95.5,93.5,80.5,82.3,84.6,84.1,79.9,72.8,82.6,88.8,--,--,10,5.6,15,1.5,1.2,13.6,4.2,6,16.8,15.7,13.6,13.6,14.9,20.3,12.8,8.2,--,--,1.2,0.4,2.2,0.4,0.2,0.3,0.3,0.5,2.7,2,1.8,2.3,5.2,6.9,4.6,3,--,--
2014,DF,Total,Publico,85.6,92.1,78.4,97.5,98.1,81.5,94.1,91.7,75.6,77.9,80.7,80.1,74.7,67.2,77.8,85,--,--,12.7,7.5,18.7,2,1.6,18.1,5.5,7.7,20.9,19.4,16.8,16.8,18.3,23.9,15.9,10.7,--,--,1.7,0.4,2.9,0.5,0.3,0.4,0.4,0.6,3.5,2.7,2.5,3.1,7,8.9,6.3,4.3,--,--
2014,DF,Total,Particular,97.7,99.4,95.6,99.6,99.7,99.2,99.4,99,96.8,95.2,95.6,94.7,94.6,91.7,95.4,97.9,--,--,2.3,0.6,4.4,0.3,0.3,0.8,0.6,1,3.2,4.7,4.4,5.2,5.2,8.2,4.5,2.1,--,--,0,0,0,0.1,0,0,0,0,0,0.1,0,0.1,0.2,0.1,0.1,0,--,--
2014,DF,Total,Federal,93.2,--,93.2,--,--,--,--,--,97.2,97.4,87.4,94.7,90,79.7,91.9,98.9,--,--,6.8,--,6.8,--,--,--,--,--,2.8,2.6,12.6,5.3,8.3,16.4,7.4,0.7,--,--,0,--,0,--,--,--,--,--,0,0,0,0,1.7,3.9,0.7,0.4,--,--
2014,DF,Total,Estadual,85.6,92.1,78.2,97.5,98.1,81.5,94.1,91.7,75.5,77.7,80.6,79.9,74.4,67,77.5,84.6,--,--,12.8,7.5,18.8,2,1.6,18.1,5.5,7.7,21,19.5,16.9,16.9,18.5,24.1,16.1,11,--,--,1.6,0.4,3,0.5,0.3,0.4,0.4,0.6,3.5,2.8,2.5,3.2,7.1,8.9,6.4,4.4,--,--
2014,DF,Rural,Total,87.7,91.3,82.2,97.7,98.2,81.3,93,90,79.3,84.5,82.4,82.7,83.6,75.1,87.8,95.3,--,--,11.2,8.2,15.8,1.9,1.4,18.2,6.5,9.5,18.7,13.4,15.9,15.2,12.3,19.1,8.5,3.2,--,--,1.1,0.5,2,0.4,0.4,0.5,0.5,0.5,2,2.1,1.7,2.1,4.1,5.8,3.7,1.5,--,--
2014,DF,Rural,Publico,87.2,91.3,80.6,97.7,98.2,81.1,93,89.9,79.3,82.5,80.2,80.4,80.5,70.9,85.9,94,--,--,11.7,8.3,17.3,2,1.5,18.4,6.6,9.5,18.7,15.1,17.9,17.2,14.5,22.3,9.8,4.1,--,--,1.1,0.4,2.1,0.3,0.3,0.5,0.4,0.6,2,2.4,1.9,2.4,5,6.8,4.3,1.9,--,--
2014,DF,Rural,Particular,99.7,100,99.6,100,100,100,100,100,--,99,100,100,100,100,100,100,--,--,0.3,0,0.4,0,0,0,0,0,--,1,0,0,0,0,0,0,--,--,0,0,0,0,0,0,0,0,--,0,0,0,0,0,0,0,--,--
2014,DF,Rural,Federal,--,--,--,--,--,--,--,--,--,--,--,--,73.1,62.4,75,91.9,--,--,--,--,--,--,--,--,--,--,--,--,--,--,15,19.7,16.7,4.8,--,--,--,--,--,--,--,--,--,--,--,--,--,--,11.9,17.9,8.3,3.3,--,--
2014,DF,Rural,Estadual,87.2,91.3,80.6,97.7,98.2,81.1,93,89.9,79.3,82.5,80.2,80.4,81.6,72.2,87,94.4,--,--,11.7,8.3,17.3,2,1.5,18.4,6.6,9.5,18.7,15.1,17.9,17.2,14.5,22.7,9.1,3.9,--,--,1.1,0.4,2.1,0.3,0.3,0.5,0.4,0.6,2,2.4,1.9,2.4,3.9,5.1,3.9,1.7,--,--
2014,DF,Urbana,Total,88.9,94.2,82.8,98.1,98.6,86.3,95.6,93.7,80.6,82.2,84.7,84.1,79.8,72.8,82.5,88.6,--,--,9.9,5.5,15,1.5,1.2,13.4,4.1,5.9,16.7,15.7,13.5,13.6,15,20.3,12.8,8.3,--,--,1.2,0.3,2.2,0.4,0.2,0.3,0.3,0.4,2.7,2.1,1.8,2.3,5.2,6.9,4.7,3.1,--,--
2014,DF,Urbana,Publico,85.5,92.1,78.3,97.4,98.1,81.6,94.2,91.8,75.4,77.7,80.7,80,74.6,67.1,77.6,84.8,--,--,12.8,7.4,18.7,2,1.6,18.1,5.4,7.6,21,19.6,16.8,16.8,18.4,24,16,10.9,--,--,1.7,0.5,3,0.6,0.3,0.3,0.4,0.6,3.6,2.7,2.5,3.2,7,8.9,6.4,4.3,--,--
2014,DF,Urbana,Particular,97.7,99.4,95.5,99.6,99.7,99.2,99.4,99,96.8,95.2,95.5,94.7,94.6,91.5,95.4,97.8,--,--,2.3,0.6,4.4,0.3,0.3,0.8,0.6,1,3.2,4.8,4.4,5.3,5.3,8.3,4.5,2.1,--,--,0,0,0.1,0.1,0,0,0,0,0,0,0.1,0,0.1,0.2,0.1,0.1,--,--
2014,DF,Urbana,Federal,93.2,--,93.2,--,--,--,--,--,97.2,97.4,87.4,94.7,92.7,84.2,93.5,99.8,--,--,6.8,--,6.8,--,--,--,--,--,2.8,2.6,12.6,5.3,7.3,15.6,6.5,0.2,--,--,0,--,0,--,--,--,--,--,0,0,0,0,0,0.2,0,0,--,--
2014,DF,Urbana,Estadual,85.5,92.1,78.1,97.4,98.1,81.6,94.2,91.8,75.3,77.5,80.7,79.9,74.2,66.9,77.3,84.4,--,--,12.8,7.4,18.8,2,1.6,18.1,5.4,7.6,21.1,19.7,16.9,16.9,18.6,24.1,16.2,11.2,--,--,1.7,0.5,3.1,0.6,0.3,0.3,0.4,0.6,3.6,2.8,2.4,3.2,7.2,9,6.5,4.4,--,--
Fonte: MEC/INEP/DEED/CSI.,DF,Urbana,Estadual,85.5,92.1,78.1,97.4,98.1,81.6,94.2,91.8,75.3,77.5,80.7,79.9,74.2,66.9,77.3,84.4,--,--,12.8,7.4,18.8,2,1.6,18.1,5.4,7.6,21.1,19.7,16.9,16.9,18.6,24.1,16.2,11.2,--,--,1.7,0.5,3.1,0.6,0.3,0.3,0.4,0.6,3.6,2.8,2.4,3.2,7.2,9,6.5,4.4,--,--
"     Notas: 1) Inclui as taxas de aprovação, reprovação e abandono. ",DF,Urbana,Estadual,85.5,92.1,78.1,97.4,98.1,81.6,94.2,91.8,75.3,77.5,80.7,79.9,74.2,66.9,77.3,84.4,--,--,12.8,7.4,18.8,2,1.6,18.1,5.4,7.6,21.1,19.7,16.9,16.9,18.6,24.1,16.2,11.2,--,--,1.7,0.5,3.1,0.6,0.3,0.3,0.4,0.6,3.6,2.8,2.4,3.2,7.2,9,6.5,4.4,--,--
                2) Inclui as taxas do Ensino Fundamental de 8 e 9 anos.,DF,Urbana,Estadual,85.5,92.1,78.1,97.4,98.1,81.6,94.2,91.8,75.3,77.5,80.7,79.9,74.2,66.9,77.3,84.4,--,--,12.8,7.4,18.8,2,1.6,18.1,5.4,7.6,21.1,19.7,16.9,16.9,18.6,24.1,16.2,11.2,--,--,1.7,0.5,3.1,0.6,0.3,0.3,0.4,0.6,3.6,2.8,2.4,3.2,7.2,9,6.5,4.4,--,--
"                3) ""taxas de rendimento escolar"" expressa o percentual de alunos aprovados, reprovados e afastados por abandono.",DF,Urbana,Estadual,85.5,92.1,78.1,97.4,98.1,81.6,94.2,91.8,75.3,77.5,80.7,79.9,74.2,66.9,77.3,84.4,--,--,12.8,7.4,18.8,2,1.6,18.1,5.4,7.6,21.1,19.7,16.9,16.9,18.6,24.1,16.2,11.2,--,--,1.7,0.5,3.1,0.6,0.3,0.3,0.4,0.6,3.6,2.8,2.4,3.2,7.2,9,6.5,4.4,--,--
