Ano,Unidade Geográfica,Localização,Dependência Administrativa,Total,Anos Iniciais,Anos Finais,1º Ano ,2º Ano,3º Ano,4º Ano,5º Ano,6º Ano,7º Ano,8º Ano,9º Ano,Total,1ª série,2ª série,3ª série,4ª série,Não-Seriado,Total,Anos Iniciais,Anos Finais,1º Ano ,2º Ano,3º Ano,4º Ano,5º Ano,6º Ano,7º Ano,8º Ano,9º Ano,Total,1ª série,2ª série,3ª série,4ª série,Não-Seriado,Total_Abandono_EF2011,Anos Iniciais,Anos Finais,1º Ano ,2º Ano,3º Ano,4º Ano,5º Ano,6º Ano,7º Ano,8º Ano,9º Ano,Total_Abandono_EM2011,1ª série,2ª série,3ª série,4ª série,Não-Seriado
2011,RO,Total,Total,82.8,88.9,75.7,98.5,82.7,86.6,88.7,90.3,70.3,73.9,78.3,83.1,75.1,67.8,77.4,84.3,96.4,93,14.2,9.8,19.5,0.4,15.7,12.3,10.1,8,24.8,21.7,16.9,11.9,13.3,17.9,12,7.3,3.6,2,3,1.3,4.8,1.1,1.6,1.1,1.2,1.7,4.9,4.4,4.8,5,11.6,14.3,10.6,8.4,0,5
2011,RO,Total,Publico,81.9,88.2,74.6,98.5,81.7,85.8,88,89.8,68.8,72.7,77.4,82.3,73.7,66.3,76,83.2,--,92.9,15,10.4,20.4,0.4,16.6,13,10.7,8.5,25.9,22.6,17.5,12.4,13.8,18.4,12.5,7.7,--,2,3.1,1.4,5,1.1,1.7,1.2,1.3,1.7,5.3,4.7,5.1,5.3,12.5,15.3,11.5,9.1,--,5.1
2011,RO,Total,Particular,96.1,98.1,93.4,99.1,96.7,98.2,98.5,98,95.4,92.6,91.8,94,92.8,89.2,94,95.7,96.4,100,3.6,1.6,6.3,0.2,2.9,1.7,1.3,1.9,4.3,7.3,7.9,5.9,6.5,10.1,5.4,3.6,3.6,0,0.3,0.3,0.3,0.7,0.4,0.1,0.2,0.1,0.3,0.1,0.3,0.1,0.7,0.7,0.6,0.7,0,0
2011,RO,Total,Municipal,85.8,88.4,79.3,98.6,81.4,85.8,88.2,90.4,72.7,77.6,83.3,88.5,86.5,81.5,87.5,96.6,--,--,11.8,10.1,15.7,0.4,16.9,13,10.4,7.9,22.3,17.3,11.6,6.7,0,0,0,0,--,--,2.4,1.5,5,1,1.7,1.2,1.4,1.7,5,5.1,5.1,4.8,13.5,18.5,12.5,3.4,--,--
2011,RO,Total,Federal,--,--,--,--,--,--,--,--,--,--,--,--,86.4,82.5,89.9,96.9,--,--,--,--,--,--,--,--,--,--,--,--,--,--,11.4,14.4,9,3.1,--,--,--,--,--,--,--,--,--,--,--,--,--,--,2.2,3.1,1.1,0,--,--
2011,RO,Total,Estadual,78.3,87.9,72.4,98.4,82.2,85.9,87.8,88.9,67,70.4,74.9,79.9,73.3,65.6,75.6,82.9,--,92.9,18,10.7,22.5,0.6,16,13,11.2,9.2,27.7,25.1,20,14.6,13.9,18.6,12.6,7.8,--,2,3.7,1.4,5.1,1,1.8,1.1,1,1.9,5.3,4.5,5.1,5.5,12.8,15.8,11.8,9.3,--,5.1
2011,RO,Rural,Total,84.2,87.1,80.2,98.4,78.8,84.8,88.3,89,74.4,77.6,82.7,89.1,82.6,76.7,83.5,91.4,95.8,--,12.3,10.9,14.1,0.3,18.7,13.5,9.9,8.7,19.8,16.4,11.6,5.9,7.8,11,7.4,3,4.2,--,3.5,2,5.7,1.3,2.5,1.7,1.8,2.3,5.8,6,5.7,5,9.6,12.3,9.1,5.6,0,--
2011,RO,Rural,Publico,84.1,87.1,80,98.4,78.8,84.8,88.3,89,74.4,77.5,82.6,88.9,80.6,74.8,82,90.3,--,--,12.3,11,14.2,0.3,18.7,13.5,9.9,8.8,19.9,16.5,11.7,5.9,8.3,11.5,7.6,3,--,--,3.6,1.9,5.8,1.3,2.5,1.7,1.8,2.2,5.7,6,5.7,5.2,11.1,13.7,10.4,6.7,--,--
2011,RO,Rural,Particular,94.3,94.7,94.2,100,73.3,100,100,100,89.8,92.8,92.5,100,93.1,89.7,93.4,95.7,95.8,--,5.4,5.3,5.4,0,26.7,0,0,0,8.2,7.2,7.5,0,5.3,7.8,5.5,2.9,4.2,--,0.3,0,0.4,0,0,0,0,0,2,0,0,0,1.6,2.5,1.1,1.4,0,--
2011,RO,Rural,Municipal,84.6,87.7,80,98.4,79.5,85.3,88.9,90,74.4,77,82.7,89.1,86.5,81.5,87.5,96.6,--,--,12.1,10.5,14.5,0.3,18.1,13.1,9.4,8.1,20.4,16.8,11.8,6,0,0,0,0,--,--,3.3,1.8,5.5,1.3,2.4,1.6,1.7,1.9,5.2,6.2,5.5,4.9,13.5,18.5,12.5,3.4,--,--
2011,RO,Rural,Federal,--,--,--,--,--,--,--,--,--,--,--,--,87.8,84.1,88.1,98.8,--,--,--,--,--,--,--,--,--,--,--,--,--,--,10.3,13,10.4,1.2,--,--,--,--,--,--,--,--,--,--,--,--,--,--,1.9,2.9,1.5,0,--,--
2011,RO,Rural,Estadual,81.1,82,80.3,97.9,72.6,80,83.3,82.5,74.3,79.9,81.9,87.6,78.6,72.4,79.7,88.9,--,--,13.8,14.7,13,0.9,23.4,16.7,14.2,13.2,17.4,14.9,11.1,5.9,8.2,11.8,6.9,3.4,--,--,5.1,3.3,6.7,1.2,4,3.3,2.5,4.3,8.3,5.2,7,6.5,13.2,15.8,13.4,7.7,--,--
2011,RO,Urbana,Total,82.4,89.5,74.4,98.6,84,87.2,88.8,90.8,69.1,72.8,77,81.4,74.6,67.1,76.9,83.9,100,93,14.9,9.4,21.1,0.4,14.7,11.9,10.2,7.8,26.1,23.3,18.4,13.6,13.7,18.4,12.3,7.7,0,2,2.7,1.1,4.5,1,1.3,0.9,1,1.4,4.8,3.9,4.6,5,11.7,14.5,10.8,8.4,0,5
2011,RO,Urbana,Publico,81.2,88.7,72.9,98.5,82.8,86.2,88,90.1,67.2,71.2,75.8,80.3,73.2,65.7,75.6,82.7,--,92.9,15.9,10.1,22.2,0.5,15.8,12.8,11,8.3,27.7,24.5,19.3,14.3,14.2,18.9,12.9,8,--,2,2.9,1.2,4.9,1,1.4,1,1,1.6,5.1,4.3,4.9,5.4,12.6,15.4,11.5,9.3,--,5.1
2011,RO,Urbana,Particular,96.1,98.1,93.4,99.1,96.8,98.2,98.5,98,95.5,92.6,91.7,93.7,92.8,89.1,94.1,95.7,100,100,3.6,1.6,6.4,0.2,2.7,1.7,1.3,1.9,4.2,7.3,8,6.1,6.7,10.5,5.4,3.7,0,0,0.3,0.3,0.2,0.7,0.5,0.1,0.2,0.1,0.3,0.1,0.3,0.2,0.5,0.4,0.5,0.6,0,0
2011,RO,Urbana,Municipal,86.8,88.9,78.3,98.6,82.6,86,87.7,90.8,70.5,78.5,84.4,87.1,--,--,--,--,--,--,11.5,9.9,17.6,0.4,16.2,12.9,11.1,7.7,25,18.2,11.2,8.3,--,--,--,--,--,--,1.7,1.2,4.1,1,1.2,1.1,1.2,1.5,4.5,3.3,4.4,4.6,--,--,--,--,--,--
2011,RO,Urbana,Federal,--,--,--,--,--,--,--,--,--,--,--,--,85.5,81.9,94,95.5,--,--,--,--,--,--,--,--,--,--,--,--,--,--,12.3,15,6,4.5,--,--,--,--,--,--,--,--,--,--,--,--,--,--,2.2,3.1,0,0,--,--
2011,RO,Urbana,Estadual,78.1,88.4,72,98.4,83.1,86.4,88.2,89.5,66.5,69.9,74.5,79.4,73,65.3,75.4,82.6,--,92.9,18.3,10.4,23.1,0.5,15.3,12.7,10.9,8.9,28.3,25.7,20.5,15.1,14.2,19,12.9,8.1,--,2,3.6,1.2,4.9,1.1,1.6,0.9,0.9,1.6,5.2,4.4,5,5.5,12.8,15.7,11.7,9.3,--,5.1
2011,AC,Total,Total,88.7,87.7,90,95.4,79,85.2,89.3,92.5,87.5,89.8,91.5,92.1,79.7,74.5,83.9,82.8,92.8,78.1,7.9,9.5,5.6,1.4,17.9,12.1,8.3,5,7.7,5.8,4.7,3.5,8.5,11.3,7.2,6.2,1.8,3.7,3.4,2.8,4.4,3.2,3.1,2.7,2.4,2.5,4.8,4.4,3.8,4.4,11.8,14.2,8.9,11,5.4,18.2
2011,AC,Total,Publico,88.2,87.3,89.7,95.3,78.3,84.7,88.9,92.2,87,89.5,91.3,91.9,78.8,73.3,83.1,82.2,92.8,78.1,8.2,9.8,5.7,1.4,18.5,12.5,8.6,5.2,7.9,5.9,4.7,3.5,8.7,11.7,7.5,6.3,1.8,3.7,3.6,2.9,4.6,3.3,3.2,2.8,2.5,2.6,5.1,4.6,4,4.6,12.5,15,9.4,11.5,5.4,18.2
2011,AC,Total,Particular,97.8,98.8,96.6,98.7,98.1,99.1,99.3,98.9,96.6,96.4,96.9,96.6,95.4,95.2,97.1,93.9,--,--,2.2,1.2,3.3,1.3,1.9,0.9,0.7,1.1,3.4,3.5,3,3.2,4.5,4.6,2.9,5.9,--,--,0,0,0.1,0,0,0,0,0,0,0.1,0.1,0.2,0.1,0.2,0,0.2,--,--
2011,AC,Total,Municipal,85.7,85.6,85.9,95.1,74.5,82.6,88.3,91.7,80.3,88,89,91.1,--,--,--,--,--,--,10.3,11.1,6.7,1.2,21.6,14.4,9.1,5.3,9.6,5.6,5,4.6,--,--,--,--,--,--,4,3.3,7.4,3.7,3.9,3,2.6,3,10.1,6.4,6,4.3,--,--,--,--,--,--
2011,AC,Total,Federal,88.6,94.1,85.3,100,88.9,100,90.3,93.3,92.6,84.5,87.7,76.8,91.2,81.6,100,100,--,--,11.4,5.9,14.7,0,11.1,0,9.7,6.7,7.4,15.5,12.3,23.2,8.8,18.4,0,0,--,--,0,0,0,0,0,0,0,0,0,0,0,0,0,0,0,0,--,--
2011,AC,Total,Estadual,89.9,89.1,90.5,95.4,82.8,86.9,89.6,92.8,88.9,89.8,91.7,92.1,78.7,73.3,83,82.1,92.8,78.1,6.8,8.3,5.5,1.7,14.6,10.5,7.9,5,7.4,6,4.7,3.2,8.7,11.7,7.5,6.3,1.8,3.7,3.3,2.6,4,2.9,2.6,2.6,2.5,2.2,3.7,4.2,3.6,4.7,12.6,15,9.5,11.6,5.4,18.2
2011,AC,Rural,Total,82.3,80.4,86.6,90.3,68.5,77.8,83.9,87.2,82.6,87,88.4,92,87.1,84.3,89.6,89.6,92.8,81,11.4,14.2,5.4,3.5,25.9,17.1,11.3,7.5,7.8,5,3.9,3,2.9,3.8,2.6,2.1,1.8,2.7,6.3,5.4,8,6.2,5.6,5.1,4.8,5.3,9.6,8,7.7,5,10,11.9,7.8,8.3,5.4,16.3
2011,AC,Rural,Publico,82.3,80.4,86.6,90.3,68.5,77.8,83.9,87.2,82.6,87,88.4,92,87.1,84.3,89.6,89.6,92.8,81,11.4,14.2,5.4,3.5,25.9,17.1,11.3,7.5,7.8,5,3.9,3,2.9,3.8,2.6,2.1,1.8,2.7,6.3,5.4,8,6.2,5.6,5.1,4.8,5.3,9.6,8,7.7,5,10,11.9,7.8,8.3,5.4,16.3
2011,AC,Rural,Municipal,81.4,80.5,84.6,91.8,66.6,78,85.3,88.5,77.9,87.3,86.8,92.1,--,--,--,--,--,--,12.7,14.4,6.2,2.5,27.9,17.3,10.6,6.5,9.3,4.7,5,3.5,--,--,--,--,--,--,5.9,5.1,9.2,5.7,5.5,4.7,4.1,5,12.8,8,8.2,4.4,--,--,--,--,--,--
2011,AC,Rural,Estadual,83.5,80.1,87.9,87.6,72.1,77.5,81.4,85,85.9,86.8,89.3,91.9,87.1,84.3,89.6,89.6,92.8,81,9.9,13.8,4.9,5.4,21.9,16.7,12.4,9.2,6.7,5.2,3.3,2.6,2.9,3.8,2.6,2.1,1.8,2.7,6.6,6.1,7.2,7,6,5.8,6.2,5.8,7.4,8,7.4,5.5,10,11.9,7.8,8.3,5.4,16.3
2011,AC,Urbana,Total,91.9,92.4,91.2,98.5,86.7,89.8,92.8,95.6,89.5,90.9,92.5,92.2,78.6,73.1,83.1,82,--,76.3,6.1,6.4,5.7,0.2,12,9,6.3,3.6,7.6,6.1,4.9,3.6,9.3,12.3,7.9,6.8,--,4.4,2,1.2,3.1,1.3,1.3,1.2,0.9,0.8,2.9,3,2.6,4.2,12.1,14.6,9,11.2,--,19.3
2011,AC,Urbana,Publico,91.4,92,90.8,98.4,86,89.2,92.4,95.3,89.1,90.5,92.2,91.8,77.5,71.7,82.1,81.2,--,76.3,6.4,6.8,5.9,0.1,12.6,9.5,6.7,3.7,7.9,6.3,5,3.7,9.6,12.8,8.3,6.8,--,4.4,2.2,1.2,3.3,1.5,1.4,1.3,0.9,1,3,3.2,2.8,4.5,12.9,15.5,9.6,12,--,19.3
2011,AC,Urbana,Particular,97.8,98.8,96.6,98.7,98.1,99.1,99.3,98.9,96.6,96.4,96.9,96.6,95.4,95.2,97.1,93.9,--,--,2.2,1.2,3.3,1.3,1.9,0.9,0.7,1.1,3.4,3.5,3,3.2,4.5,4.6,2.9,5.9,--,--,0,0,0.1,0,0,0,0,0,0,0.1,0.1,0.2,0.1,0.2,0,0.2,--,--
2011,AC,Urbana,Municipal,90.1,90.5,87.9,97.9,83.6,86.8,91.3,94.5,84,89,91.6,89.7,--,--,--,--,--,--,7.9,7.9,7.5,0,14.5,11.7,7.6,4.3,10,7.1,4.9,6.2,--,--,--,--,--,--,2,1.6,4.6,2.1,1.9,1.5,1.1,1.2,6,3.9,3.5,4.1,--,--,--,--,--,--
2011,AC,Urbana,Federal,88.6,94.1,85.3,100,88.9,100,90.3,93.3,92.6,84.5,87.7,76.8,91.2,81.6,100,100,--,--,11.4,5.9,14.7,0,11.1,0,9.7,6.7,7.4,15.5,12.3,23.2,8.8,18.4,0,0,--,--,0,0,0,0,0,0,0,0,0,0,0,0,0,0,0,0,--,--
2011,AC,Urbana,Estadual,92,93.2,91.1,98.9,88.1,91.2,93.2,96,89.8,90.7,92.3,92.1,77.4,71.7,82,81.1,--,76.3,5.7,5.9,5.6,0.1,10.9,7.8,5.9,3.3,7.6,6.2,5,3.4,9.6,12.8,8.3,6.8,--,4.4,2.3,0.9,3.3,1,1,1,0.9,0.7,2.6,3.1,2.7,4.5,13,15.5,9.7,12.1,--,19.3
2011,AM,Total,Total,84,84.7,83.1,92.8,81.6,79.4,86.6,85.4,79.4,83.2,84.7,86.2,83.6,79.4,83.9,89.4,--,60.6,10.2,11.4,8.5,3.1,13.9,16.8,10,10.8,11.3,8.9,7.1,5.5,6,7.9,5.7,3.6,--,0,5.8,3.9,8.4,4.1,4.5,3.8,3.4,3.8,9.3,7.9,8.2,8.3,10.4,12.7,10.4,7,--,39.4
2011,AM,Total,Publico,83,83.6,82.2,92.4,80.3,78.1,85.8,84.5,78.4,82.4,84,85.6,83.2,79.1,83.4,89,--,60.6,10.7,12.2,8.7,3.1,14.8,17.9,10.6,11.4,11.7,9.1,7.2,5.5,5.9,7.6,5.6,3.7,--,0,6.3,4.2,9.1,4.5,4.9,4,3.6,4.1,9.9,8.5,8.8,8.9,10.9,13.3,11,7.3,--,39.4
2011,AM,Total,Particular,96.3,97.5,94.5,96.1,97.5,98.5,98,97.9,94.8,94.4,94,94.7,90.5,85.5,91.5,96.5,--,--,3.4,2.1,5.3,3.1,2.2,1.3,1.9,1.9,4.9,5.4,5.8,5,8.9,13.7,7.9,3.2,--,--,0.3,0.4,0.2,0.8,0.3,0.2,0.1,0.2,0.3,0.2,0.2,0.3,0.6,0.8,0.6,0.3,--,--
2011,AM,Total,Municipal,79.7,80.6,77.3,91.3,76,75.8,81.3,82,72.5,78.1,80.4,81.9,--,--,--,--,--,--,13.3,14.5,10.3,3.7,18.6,19.7,14.2,13,14.2,10.3,7.7,5.8,--,--,--,--,--,--,7,4.9,12.4,5,5.4,4.5,4.5,5,13.3,11.6,11.9,12.3,--,--,--,--,--,--
2011,AM,Total,Federal,90.1,--,90.1,--,--,--,--,--,87.8,93.1,89,90,83.5,75.5,87.6,94.4,--,--,9.9,--,9.9,--,--,--,--,--,12.2,6.9,11,10,14.3,21.5,10.4,4.9,--,--,0,--,0,--,--,--,--,--,0,0,0,0,2.2,3,2,0.7,--,--
2011,AM,Total,Estadual,88.1,92.4,85.6,96.4,96.6,85.1,97.3,89.6,83.4,85.5,86.2,87.5,83.2,79.2,83.3,88.9,--,60.6,6.8,5.4,7.6,0.9,0.8,12.5,1,8.3,9.5,8.3,6.9,5.4,5.7,7.2,5.4,3.7,--,0,5.1,2.2,6.8,2.7,2.6,2.4,1.7,2.1,7.1,6.2,6.9,7.1,11.1,13.6,11.3,7.4,--,39.4
2011,AM,Rural,Total,78.8,77.6,81.2,86.7,76.1,73,78.5,77.4,75.3,82,84.9,86.9,86.5,83.6,86.9,91.5,--,--,12.9,15.5,7.4,6.6,16.9,20.4,14.8,15.1,11.3,7.3,4.9,3.2,3.2,3.7,2.8,2.6,--,--,8.3,6.9,11.4,6.7,7,6.6,6.7,7.5,13.4,10.7,10.2,9.9,10.3,12.7,10.3,5.9,--,--
2011,AM,Rural,Publico,78.7,77.6,81.1,86.6,76,73,78.5,77.3,75.2,81.9,84.8,86.8,86.4,83.6,86.8,91.3,--,--,12.9,15.5,7.4,6.7,17,20.5,14.8,15.1,11.3,7.3,4.9,3.2,3.1,3.6,2.8,2.6,--,--,8.4,6.9,11.5,6.7,7,6.5,6.7,7.6,13.5,10.8,10.3,10,10.5,12.8,10.4,6.1,--,--
2011,AM,Rural,Particular,95.6,95.8,95,97.1,95.2,95.9,96.6,92.6,95.6,92.5,96.5,96.1,94.2,89.2,94.6,100,--,--,4.2,3.8,5,2.4,4.8,4.1,2.3,7.4,4.4,7.5,3.5,3.9,5.3,10.8,4.1,0,--,--,0.2,0.4,0,0.5,0,0,1.1,0,0,0,0,0,0.5,0,1.3,0,--,--
2011,AM,Rural,Municipal,78,77.1,80,86.4,75.4,72.6,77.7,77,74,80.9,84.1,86.3,--,--,--,--,--,--,13.5,15.8,8.1,6.8,17.4,20.7,15.4,15.2,12.1,8,5.1,3.4,--,--,--,--,--,--,8.5,7.1,11.9,6.8,7.2,6.7,6.9,7.8,13.9,11.1,10.8,10.3,--,--,--,--,--,--
2011,AM,Rural,Estadual,87.4,88.7,86.8,92.5,95.9,83.4,94.1,82.2,83.6,87.2,87.9,89.2,86.4,83.6,86.8,91.3,--,--,5.3,7.7,4.1,2.1,0.9,14.1,2.4,13.8,5.8,3.5,4.1,2.4,3.1,3.6,2.8,2.6,--,--,7.3,3.6,9.1,5.4,3.2,2.5,3.5,4,10.6,9.3,8,8.4,10.5,12.8,10.4,6.1,--,--
2011,AM,Urbana,Total,85.6,87.4,83.5,94.9,83.8,82.1,90,88.4,80.5,83.5,84.7,86.1,83.2,78.8,83.5,89.2,--,60.6,9.3,9.8,8.7,1.9,12.7,15.3,7.9,9.2,11.3,9.2,7.6,5.9,6.4,8.6,6.1,3.8,--,0,5.1,2.8,7.8,3.2,3.5,2.6,2.1,2.4,8.2,7.3,7.7,8,10.4,12.6,10.4,7,--,39.4
2011,AM,Urbana,Publico,84.6,86.3,82.5,94.7,82.3,80.4,89.2,87.4,79.3,82.6,83.8,85.3,82.7,78.3,83,88.7,--,60.6,9.9,10.7,9,1.7,13.9,16.7,8.5,9.9,11.8,9.6,7.8,6,6.2,8.2,5.9,3.8,--,0,5.5,3,8.5,3.6,3.8,2.9,2.3,2.7,8.9,7.8,8.4,8.7,11.1,13.5,11.1,7.5,--,39.4
2011,AM,Urbana,Particular,96.3,97.6,94.5,96.1,97.5,98.5,98,98,94.8,94.4,93.9,94.7,90.4,85.4,91.4,96.4,--,--,3.3,2.1,5.3,3.1,2.2,1.3,1.9,1.8,4.9,5.3,5.9,5,9,13.8,8,3.3,--,--,0.4,0.3,0.2,0.8,0.3,0.2,0.1,0.2,0.3,0.3,0.2,0.3,0.6,0.8,0.6,0.3,--,--
2011,AM,Urbana,Municipal,80.8,82.9,75.5,93.9,76.4,77.9,84,85.4,71.4,76.1,78,79,--,--,--,--,--,--,13.1,13.6,11.8,2.1,19.3,19,13.3,11.4,15.7,12,9.4,7.4,--,--,--,--,--,--,6.1,3.5,12.7,4,4.3,3.1,2.7,3.2,12.9,11.9,12.6,13.6,--,--,--,--,--,--
2011,AM,Urbana,Federal,90.1,--,90.1,--,--,--,--,--,87.8,93.1,89,90,83.5,75.5,87.6,94.4,--,--,9.9,--,9.9,--,--,--,--,--,12.2,6.9,11,10,14.3,21.5,10.4,4.9,--,--,0,--,0,--,--,--,--,--,0,0,0,0,2.2,3,2,0.7,--,--
2011,AM,Urbana,Estadual,88.1,92.5,85.5,96.6,96.7,85.1,97.5,90,83.4,85.4,86.1,87.4,82.7,78.4,82.9,88.5,--,60.6,6.9,5.3,7.8,0.8,0.8,12.4,0.9,8.1,9.7,8.5,7.1,5.5,6,7.8,5.8,3.8,--,0,5,2.2,6.7,2.6,2.5,2.5,1.6,1.9,6.9,6.1,6.8,7.1,11.3,13.8,11.3,7.7,--,39.4
2011,RR,Total,Total,88.1,92.8,82.6,98,90.9,91.1,91.6,92.9,81,81.6,82.8,85.7,79.4,72,82,86.5,91.5,89,9.3,5.9,13.3,0.9,7.7,7.7,7.1,5.5,15.7,14,13.1,9.4,13.2,18.6,11.8,7.3,7.3,7.6,2.6,1.3,4.1,1.1,1.4,1.2,1.3,1.6,3.3,4.4,4.1,4.9,7.4,9.4,6.2,6.2,1.2,3.4
2011,RR,Total,Publico,87.6,92.4,81.9,97.9,90.5,90.7,91.2,92.6,80.2,80.9,82.2,85.2,78.5,71,81.1,85.7,91.5,89,9.7,6.2,13.8,1,8.1,8,7.4,5.8,16.3,14.5,13.6,9.6,13.7,19.1,12.2,7.6,7.3,7.6,2.7,1.4,4.3,1.1,1.4,1.3,1.4,1.6,3.5,4.6,4.2,5.2,7.8,9.9,6.7,6.7,1.2,3.4
2011,RR,Total,Particular,97.2,98.6,95.2,99.3,97.5,98,99,99.1,97.4,94.4,95.2,93.7,93.4,89.7,94.5,96.7,--,--,2.7,1.2,4.8,0.3,1.8,2,1,0.9,2.6,5.6,4.8,6.3,6.6,10.3,5.5,3.3,--,--,0.1,0.2,0,0.4,0.7,0,0,0,0,0,0,0,0,0,0,0,--,--
2011,RR,Total,Municipal,93,93.8,80.2,98.4,91.7,92,92.7,94.1,81.7,75,83.4,82.7,75,70,81.3,70,--,--,5.5,5.2,12,0.7,7.3,7,6.3,4.4,14,14.2,10.9,4.7,13.9,30,6.3,10,--,--,1.5,1,7.8,0.9,1,1,1,1.5,4.3,10.8,5.7,12.6,11.1,0,12.4,20,--,--
2011,RR,Total,Federal,94.8,98.4,92.5,100,100,100,100,92.3,100,83.7,96.1,90,87.7,89,78.1,94.8,85.1,92.2,5.2,1.6,7.5,0,0,0,0,7.7,0,16.3,3.9,10,10.7,8.9,20,4.3,13,6.3,0,0,0,0,0,0,0,0,0,0,0,0,1.6,2.1,1.9,0.9,1.9,1.5
2011,RR,Total,Estadual,84.6,90.2,81.9,95.9,87.8,88.6,89.4,91.4,80.1,81.2,82,85.2,77.9,70.3,81.3,85.2,95.3,67.7,11.9,7.9,13.9,1.9,9.9,9.7,8.7,6.7,16.5,14.5,13.8,9.7,13.9,19.5,11.8,7.7,3.9,16.1,3.5,1.9,4.2,2.2,2.3,1.7,1.9,1.9,3.4,4.3,4.2,5.1,8.2,10.2,6.9,7.1,0.8,16.2
2011,RR,Rural,Total,85.7,87,83.6,95.5,83.4,85.3,85.6,87.9,80.7,82.5,85.5,88,83.3,78.7,83.5,87.2,--,92.2,9.5,9.8,9.1,1.5,13.2,11.7,11.2,8.8,13.1,9.3,7.6,4.3,4.8,6.8,4.9,1.7,--,6.3,4.8,3.2,7.3,3,3.4,3,3.2,3.3,6.2,8.2,6.9,7.7,11.9,14.5,11.6,11.1,--,1.5
2011,RR,Rural,Publico,85.7,87,83.6,95.5,83.4,85.3,85.6,87.9,80.7,82.5,85.5,88,83.3,78.7,83.5,87.2,--,92.2,9.5,9.8,9.1,1.5,13.2,11.7,11.2,8.8,13.1,9.3,7.6,4.3,4.8,6.8,4.9,1.7,--,6.3,4.8,3.2,7.3,3,3.4,3,3.2,3.3,6.2,8.2,6.9,7.7,11.9,14.5,11.6,11.1,--,1.5
2011,RR,Rural,Municipal,87.5,88.6,82.6,97,83.6,85.9,88.4,89.6,84.3,79.7,84.3,82.4,75,70,81.3,70,--,--,8.4,8.6,7.9,0.7,14.1,10.9,8.6,6.8,9.9,7.5,8,4.8,13.9,30,6.3,10,--,--,4.1,2.8,9.5,2.3,2.3,3.2,3,3.6,5.8,12.8,7.7,12.8,11.1,0,12.4,20,--,--
2011,RR,Rural,Federal,--,--,--,--,--,--,--,--,--,--,--,--,84.7,45.5,65,93.8,--,92.2,--,--,--,--,--,--,--,--,--,--,--,--,11.7,36.4,35,0,--,6.3,--,--,--,--,--,--,--,--,--,--,--,--,3.6,18.1,0,6.2,--,1.5
2011,RR,Rural,Estadual,85,86,83.8,94,83.3,84.8,84.4,87.1,80.1,82.9,85.7,88.8,83.3,79.8,84,87.3,--,--,10,10.6,9.3,2.3,12.5,12.4,12.4,9.6,13.6,9.6,7.5,4.2,4.1,5.7,4.2,1.6,--,--,5,3.4,6.9,3.7,4.2,2.8,3.2,3.3,6.3,7.5,6.8,7,12.6,14.5,11.8,11.1,--,--
2011,RR,Urbana,Total,88.9,94.9,82.3,98.7,93.5,93.4,94.5,94.9,81.1,81.3,82.2,85.2,78.6,70.7,81.7,86.3,91.5,67.7,9.2,4.4,14.4,0.7,5.8,6.1,5.1,4.2,16.4,15.4,14.4,10.5,14.9,20.7,13.1,8.4,7.3,16.1,1.9,0.7,3.3,0.6,0.7,0.5,0.4,0.9,2.5,3.3,3.4,4.3,6.5,8.6,5.2,5.3,1.2,16.2
2011,RR,Urbana,Publico,88.2,94.6,81.4,98.7,93.2,93,94,94.6,80.1,80.4,81.3,84.5,77.5,69.5,80.6,85.4,91.5,67.7,9.7,4.7,15.1,0.8,6.1,6.5,5.5,4.5,17.3,16.1,15.1,10.9,15.6,21.4,13.8,8.9,7.3,16.1,2.1,0.7,3.5,0.5,0.7,0.5,0.5,0.9,2.6,3.5,3.6,4.6,6.9,9.1,5.6,5.7,1.2,16.2
2011,RR,Urbana,Particular,97.2,98.6,95.2,99.3,97.5,98,99,99.1,97.4,94.4,95.2,93.7,93.4,89.7,94.5,96.7,--,--,2.7,1.2,4.8,0.3,1.8,2,1,0.9,2.6,5.6,4.8,6.3,6.6,10.3,5.5,3.3,--,--,0.1,0.2,0,0.4,0.7,0,0,0,0,0,0,0,0,0,0,0,--,--
2011,RR,Urbana,Municipal,94.5,95,74.7,98.7,93.4,93.5,93.8,95.3,76.7,64.8,81.4,84.1,--,--,--,--,--,--,4.8,4.4,21.3,0.7,5.8,6.1,5.7,3.8,21.8,28.4,16.9,4.5,--,--,--,--,--,--,0.7,0.6,4,0.6,0.8,0.4,0.5,0.9,1.5,6.8,1.7,11.4,--,--,--,--,--,--
2011,RR,Urbana,Federal,94.8,98.4,92.5,100,100,100,100,92.3,100,83.7,96.1,90,88.6,94.8,79.2,94.9,85.1,--,5.2,1.6,7.5,0,0,0,0,7.7,0,16.3,3.9,10,10.4,5.2,18.8,4.6,13,--,0,0,0,0,0,0,0,0,0,0,0,0,1,0,2,0.5,1.9,--
2011,RR,Urbana,Estadual,84.5,93.6,81.5,98.4,92.1,91.7,94.4,93.9,80,80.7,81.2,84.5,76.8,68.4,80.7,84.8,95.3,67.7,12.7,5.7,15,1.3,7.4,7.6,5.1,5.1,17.3,15.8,15.2,10.9,15.9,22.1,13.5,9.2,3.9,16.1,2.8,0.7,3.5,0.3,0.5,0.7,0.5,1,2.7,3.5,3.6,4.6,7.3,9.5,5.8,6,0.8,16.2
2011,PA,Total,Total,84,86.3,80.3,94.7,90.4,80.7,83.3,85.1,76.1,80.1,83.9,83.6,69.9,65.5,72.7,73.1,73.9,87.7,10.9,9.6,12.9,1.2,6,15.2,12.8,10.5,16.2,13.1,9.7,10.3,12.4,13.8,10.6,12.3,17.4,7.1,5.1,4.1,6.8,4.1,3.6,4.1,3.9,4.4,7.7,6.8,6.4,6.1,17.7,20.7,16.7,14.6,8.7,5.2
2011,PA,Total,Publico,83,85.6,79,94.5,90,79.7,82.4,84.3,74.7,79,82.8,82.3,67.6,63.1,70.4,70.8,73.9,82.6,11.5,10.1,13.6,1.1,6.2,16,13.5,11,17,13.7,10.3,10.9,13.1,14.4,11.4,13.2,17.4,9.8,5.5,4.3,7.4,4.4,3.8,4.3,4.1,4.7,8.3,7.3,6.9,6.8,19.3,22.5,18.2,16,8.7,7.6
2011,PA,Total,Particular,96.4,97.4,95.1,96.7,97.6,97.6,97.7,97.6,95.3,95,95.5,94.7,94.9,93.2,96.4,95.2,--,99.2,3.2,2.1,4.6,2.2,1.9,2,2,2.3,4.4,4.7,4.3,4.9,4.6,6,3.1,4.4,--,0.8,0.4,0.5,0.3,1.1,0.5,0.4,0.3,0.1,0.3,0.3,0.2,0.4,0.5,0.8,0.5,0.4,--,0
2011,PA,Total,Municipal,84.2,85.4,81.8,94.4,89.4,80.5,80.6,84.4,76.6,81.7,85.8,87.3,57.1,26.2,67.1,67.2,74.7,--,10.5,10.3,10.9,1.2,6.7,15.4,15,11,15.1,11.1,7.4,6.4,33.4,67.9,30,29.3,1.3,--,5.3,4.3,7.3,4.4,3.9,4.1,4.4,4.6,8.3,7.2,6.8,6.3,9.5,5.9,2.9,3.5,24,--
2011,PA,Total,Federal,90.4,97.9,85.8,98,100,99.3,98.9,94.4,90.2,83.3,89,81.2,79.5,75.1,77,90.7,71.8,84.8,9.4,2.1,13.9,2,0,0.7,1.1,5.6,9.5,16.7,11,18.2,13.5,14.4,15.3,6.3,26.3,12.1,0.2,0,0.3,0,0,0,0,0,0.3,0,0,0.6,7,10.5,7.7,3,1.9,3.1
2011,PA,Total,Estadual,77.6,87.3,72.6,97.1,96.6,72.7,95.4,83.6,69.7,72.5,76.2,73,67.5,63,70.3,70.7,100,76.8,15.8,8.8,19.5,0.1,1,21.2,2.3,11.4,21.9,19.8,16.4,19.2,13.1,14.4,11.3,13.2,0,3.7,6.6,3.9,7.9,2.8,2.4,6.1,2.3,5,8.4,7.7,7.4,7.8,19.4,22.6,18.4,16.1,0,19.5
2011,PA,Rural,Total,82.5,82.9,81.5,92.9,88.2,79,76.9,80.5,76.5,82.6,85.1,86.1,71.2,66.6,72.7,75.5,77.6,99.6,10.9,11.4,9.8,1.5,6.8,15.6,17.2,13.1,13.6,9.2,6.4,6.6,10.6,11.2,9.9,11.1,1.2,0.4,6.6,5.7,8.7,5.6,5,5.4,5.9,6.4,9.9,8.2,8.5,7.3,18.2,22.2,17.4,13.4,21.2,0
2011,PA,Rural,Publico,82.5,82.9,81.5,92.9,88.2,79,76.9,80.5,76.4,82.6,85,86,70.8,66.4,72.3,75.4,77.6,100,10.9,11.4,9.8,1.5,6.8,15.5,17.2,13.1,13.6,9.2,6.5,6.7,10.8,11.3,10,11.1,1.2,0,6.6,5.7,8.7,5.6,5,5.5,5.9,6.4,10,8.2,8.5,7.3,18.4,22.3,17.7,13.5,21.2,0
2011,PA,Rural,Particular,89.3,87,93.9,95.3,98.3,71.6,82.3,82.2,90.7,86.5,96.2,97.9,87.9,77.5,87.7,97.9,--,99.2,9.3,11.2,5.5,2.1,0.4,25.6,16.6,16.6,8,13.5,3,2.1,3.7,7.7,2.6,2.1,--,0.8,1.4,1.8,0.6,2.6,1.3,2.8,1.1,1.2,1.3,0,0.8,0,8.4,14.8,9.7,0,--,0
2011,PA,Rural,Municipal,82.9,82.9,82.7,92.8,88.1,79.1,76.4,80.7,77.2,83.8,86.2,88.5,84.4,--,94.6,100,74.7,--,10.6,11.4,8.4,1.5,6.9,15.5,17.7,12.9,12.6,7.9,5.1,4.3,0.7,--,0,0,1.3,--,6.5,5.7,8.9,5.7,5,5.4,5.9,6.4,10.2,8.3,8.7,7.2,14.9,--,5.4,0,24,--
2011,PA,Rural,Federal,--,--,--,--,--,--,--,--,--,--,--,--,100,--,--,--,--,100,--,--,--,--,--,--,--,--,--,--,--,--,0,--,--,--,--,0,--,--,--,--,--,--,--,--,--,--,--,--,0,--,--,--,--,0
2011,PA,Rural,Estadual,77.3,82.7,75,97.3,90.6,75.4,90.9,74.5,71.7,75.6,79,75.4,70.6,66.4,72.2,75.3,100,--,15.3,11.4,16.8,0,5.2,18.8,4.7,16.8,19.3,16.5,13.4,17,10.9,11.3,10.1,11.1,0,--,7.4,5.9,8.2,2.7,4.2,5.8,4.4,8.7,9,7.9,7.6,7.6,18.5,22.3,17.7,13.6,0,--
2011,PA,Urbana,Total,84.8,88.7,79.8,95.9,92,82,87.5,88,75.9,79.2,83.4,82.7,69.8,65.4,72.7,72.9,71.8,73,10.9,8.4,14.1,1,5.3,14.9,9.9,8.9,17.3,14.6,11,11.5,12.5,14,10.7,12.4,26.3,15.3,4.3,2.9,6.1,3.1,2.7,3.1,2.6,3.1,6.8,6.2,5.6,5.8,17.7,20.6,16.6,14.7,1.9,11.7
2011,PA,Urbana,Publico,83.4,87.7,77.9,95.8,91.4,80.3,86.4,87,73.9,77.5,81.8,80.9,67.2,62.8,70.2,70.4,71.8,73,11.8,9.2,15.2,0.8,5.7,16.3,10.7,9.6,18.6,15.7,11.9,12.5,13.3,14.7,11.5,13.3,26.3,15.3,4.8,3.1,6.9,3.4,2.9,3.4,2.9,3.4,7.5,6.8,6.3,6.6,19.5,22.5,18.3,16.3,1.9,11.7
2011,PA,Urbana,Particular,96.5,97.6,95.2,96.7,97.6,98,97.9,97.8,95.4,95.1,95.5,94.7,95,93.4,96.7,95.2,--,--,3.1,1.9,4.6,2.2,1.9,1.6,1.8,2.1,4.4,4.7,4.3,4.9,4.6,6,3.1,4.5,--,--,0.4,0.5,0.2,1.1,0.5,0.4,0.3,0.1,0.2,0.2,0.2,0.4,0.4,0.6,0.2,0.3,--,--
2011,PA,Urbana,Municipal,85.3,87.6,81.2,95.6,90.5,81.9,84.3,87.4,76.2,80.5,85.6,86.7,32.9,26.2,36.4,45.7,--,--,10.4,9.3,12.4,0.9,6.5,15.3,12.7,9.4,16.7,13,8.7,7.6,62.5,67.9,63.6,48.6,--,--,4.3,3.1,6.4,3.5,3,2.8,3,3.2,7.1,6.5,5.7,5.7,4.6,5.9,0,5.7,--,--
2011,PA,Urbana,Federal,90.4,97.9,85.8,98,100,99.3,98.9,94.4,90.2,83.3,89,81.2,78.7,75.1,77,90.7,71.8,70.2,9.4,2.1,13.9,2,0,0.7,1.1,5.6,9.5,16.7,11,18.2,14,14.4,15.3,6.3,26.3,23.7,0.2,0,0.3,0,0,0,0,0,0.3,0,0,0.6,7.3,10.5,7.7,3,1.9,6.1
2011,PA,Urbana,Estadual,77.7,87.9,72.1,97.1,97.4,72.4,96.1,85.2,69.3,72,75.7,72.6,67.1,62.7,70.1,70.2,--,76.8,15.9,8.4,20,0.1,0.4,21.5,1.9,10.5,22.4,20.4,16.9,19.5,13.3,14.7,11.4,13.4,--,3.7,6.4,3.7,7.9,2.8,2.2,6.1,2,4.3,8.3,7.6,7.4,7.9,19.6,22.6,18.5,16.4,--,19.5
2011,AP,Total,Total,87,89.9,83,97.8,95.1,82.9,86.7,88.6,78.8,82.5,86.1,87.2,71.6,65.1,75.9,76.4,90.3,--,9.8,8.2,12,0.7,2.8,15.3,11.2,9.2,15.8,13.1,9.4,7.6,13.9,16.9,11.3,12.7,1.7,--,3.2,1.9,5,1.5,2.1,1.8,2.1,2.2,5.4,4.4,4.5,5.2,14.5,18,12.8,10.9,8,--
2011,AP,Total,Publico,86.2,89.3,82.1,97.7,94.8,81.8,86,88,77.8,81.6,85.2,86.4,69.8,63.2,74.1,74.7,90.7,--,10.4,8.7,12.7,0.7,2.9,16.2,11.8,9.7,16.5,13.8,9.9,8,14.7,17.6,12,13.5,1.7,--,3.4,2,5.2,1.6,2.3,2,2.2,2.3,5.7,4.6,4.9,5.6,15.5,19.2,13.9,11.8,7.6,--
2011,AP,Total,Particular,98,98.7,97,99.6,98.4,98.2,98.4,98.9,97,96.8,97.7,96.8,94.3,91.7,95.7,96.5,76.9,--,1.7,1.2,2.4,0.2,1,1.8,1.6,1.1,2.4,2.6,1.9,2.8,4.7,7,3.4,3.3,0,--,0.3,0.1,0.6,0.2,0.6,0,0,0,0.6,0.6,0.4,0.4,1,1.3,0.9,0.2,23.1,--
2011,AP,Total,Municipal,90.2,91.6,80.2,97.7,95.1,85.2,91,89.6,74.8,78.3,84.3,88,--,--,--,--,--,--,7.4,6.5,13.8,0.8,2.8,13.3,7.2,7.9,17.9,16,10.8,6.6,--,--,--,--,--,--,2.4,1.9,6,1.5,2.1,1.5,1.8,2.5,7.3,5.7,4.9,5.4,--,--,--,--,--,--
2011,AP,Total,Federal,--,--,--,--,--,--,--,--,--,--,--,--,64.9,64.9,--,--,--,--,--,--,--,--,--,--,--,--,--,--,--,--,34.4,34.4,--,--,--,--,--,--,--,--,--,--,--,--,--,--,--,--,0.7,0.7,--,--,--,--
2011,AP,Total,Estadual,84.5,87.2,82.2,97.7,94.5,78.3,82.6,86.9,78,81.9,85.3,86.2,69.8,63.2,74.1,74.7,90.7,--,11.7,10.5,12.6,0.7,3,19.2,15.1,10.7,16.4,13.5,9.9,8.2,14.4,17.1,12,13.5,1.7,--,3.8,2.3,5.2,1.6,2.5,2.5,2.3,2.4,5.6,4.6,4.8,5.6,15.8,19.7,13.9,11.8,7.6,--
2011,AP,Rural,Total,85.9,87,83.4,97.3,94.6,79.5,82.1,85,81.7,83.6,84.8,83.9,76.8,72.4,76.8,85.2,76,--,10,10.7,8.5,1.1,3.2,17.9,15.7,12.1,11.6,9.8,5.2,5.6,5.8,9.4,3.9,1.6,0,--,4.1,2.3,8.1,1.6,2.2,2.6,2.2,2.9,6.7,6.6,10,10.5,17.4,18.2,19.3,13.2,24,--
2011,AP,Rural,Publico,85.9,87,83.4,97.3,94.6,79.5,82.1,85,81.8,83.9,84.7,83.7,75.6,71,75.5,84.3,75,--,10,10.7,8.6,1.1,3.2,17.9,15.7,12.1,11.6,9.8,5.3,5.7,6.1,9.8,4.2,1.7,0,--,4.1,2.3,8,1.6,2.2,2.6,2.2,2.9,6.6,6.3,10,10.6,18.3,19.2,20.3,14,25,--
2011,AP,Rural,Particular,82.5,--,82.5,--,--,--,--,--,73.1,71.1,90.2,92.1,90.3,87.2,92.8,97.8,76.9,--,5.6,--,5.6,--,--,--,--,--,7.7,13.2,2.4,0,2.1,4.6,0,0,0,--,11.9,--,11.9,--,--,--,--,--,19.2,15.7,7.4,7.9,7.6,8.2,7.2,2.2,23.1,--
2011,AP,Rural,Municipal,90.2,90.6,85.4,97.6,96.6,85,85.3,89,83,85,85.5,91,--,--,--,--,--,--,7,7.1,5.9,0.7,1.8,12.8,11.8,8.1,6.6,8.5,4.3,2.2,--,--,--,--,--,--,2.8,2.3,8.7,1.7,1.6,2.2,2.9,2.9,10.4,6.5,10.2,6.8,--,--,--,--,--,--
2011,AP,Rural,Estadual,84.3,85,83.2,97,93.4,76.4,80.6,83.3,81.7,83.8,84.6,83.2,75.6,71,75.5,84.3,75,--,11.1,12.7,8.8,1.3,4.2,20.9,17.6,13.8,12,9.8,5.3,6,6.1,9.8,4.2,1.7,0,--,4.6,2.3,8,1.7,2.4,2.7,1.8,2.9,6.3,6.4,10.1,10.8,18.3,19.2,20.3,14,25,--
2011,AP,Urbana,Total,87.2,90.7,83,98,95.2,83.8,88.2,89.6,78.3,82.4,86.3,87.7,71.1,64.5,75.9,75.7,91.1,--,9.8,7.5,12.6,0.6,2.6,14.5,9.9,8.4,16.4,13.6,10,7.9,14.6,17.6,11.9,13.5,1.8,--,3,1.8,4.4,1.4,2.2,1.7,1.9,2,5.3,4,3.7,4.4,14.3,17.9,12.2,10.8,7.1,--
2011,AP,Urbana,Publico,86.3,89.9,81.9,97.8,94.9,82.5,87.3,88.8,77.1,81.2,85.3,86.8,69.3,62.5,74,74,91.1,--,10.5,8,13.4,0.7,2.8,15.6,10.6,9,17.3,14.5,10.8,8.4,15.4,18.3,12.7,14.4,1.8,--,3.2,2.1,4.7,1.5,2.3,1.9,2.1,2.2,5.6,4.3,3.9,4.8,15.3,19.2,13.3,11.6,7.1,--
2011,AP,Urbana,Particular,98.2,98.7,97.6,99.6,98.4,98.2,98.4,98.9,97.6,97.8,98,97,94.7,92.3,96,96.4,--,--,1.6,1.2,2.3,0.2,1,1.8,1.6,1.1,2.3,2.2,1.8,2.9,5,7.2,3.7,3.5,--,--,0.2,0.1,0.1,0.2,0.6,0,0,0,0.1,0,0.2,0.1,0.3,0.5,0.3,0.1,--,--
2011,AP,Urbana,Municipal,90.3,91.8,79.5,97.7,94.8,85.2,92.4,89.8,73.6,77.3,84.2,87.6,--,--,--,--,--,--,7.5,6.4,14.8,0.8,3.1,13.4,6.1,7.9,19.4,17.1,11.6,7.1,--,--,--,--,--,--,2.2,1.8,5.7,1.5,2.1,1.4,1.5,2.3,7,5.6,4.2,5.3,--,--,--,--,--,--
2011,AP,Urbana,Federal,--,--,--,--,--,--,--,--,--,--,--,--,64.9,64.9,--,--,--,--,--,--,--,--,--,--,--,--,--,--,--,--,34.4,34.4,--,--,--,--,--,--,--,--,--,--,--,--,--,--,--,--,0.7,0.7,--,--,--,--
2011,AP,Urbana,Estadual,84.5,88.1,82.1,97.9,95,79.2,83.3,88.2,77.5,81.6,85.4,86.7,69.3,62.5,74,74,91.1,--,11.8,9.6,13.3,0.5,2.4,18.4,14.1,9.7,17.1,14.2,10.7,8.5,15.2,17.8,12.7,14.4,1.8,--,3.7,2.3,4.6,1.6,2.6,2.4,2.6,2.1,5.4,4.2,3.9,4.8,15.5,19.7,13.3,11.6,7.1,--
2011,TO,Total,Total,89.3,91.8,86.3,98.7,87.5,89.9,91.5,92.7,83.9,86.4,86.6,88.8,81,74.5,83.1,89.4,90.7,--,9.1,7.4,11.2,0.7,11.7,9.3,7.6,6.3,13.8,11.2,10.8,8.3,10.4,14.4,8.9,5.6,4.4,--,1.6,0.8,2.5,0.6,0.8,0.8,0.9,1,2.3,2.4,2.6,2.9,8.6,11.1,8,5,4.9,--
2011,TO,Total,Publico,88.8,91.3,85.8,98.7,86.7,89.4,91.1,92.3,83.3,86,86.2,88.4,80.5,74,82.5,88.9,90.7,--,9.5,7.8,11.5,0.6,12.5,9.8,8,6.6,14.3,11.5,11,8.4,10.5,14.4,9,5.7,4.4,--,1.7,0.9,2.7,0.7,0.8,0.8,0.9,1.1,2.4,2.5,2.8,3.2,9,11.6,8.5,5.4,4.9,--
2011,TO,Total,Particular,96.7,98.2,94.3,98.5,98.3,97.9,98.1,98.1,94.9,95.1,92.7,94.3,91.2,85.8,93.4,96.4,--,--,3.2,1.6,5.5,1.1,1.4,2,1.9,1.9,5.1,4.7,6.9,5.5,8.6,13.9,6.4,3.5,--,--,0.1,0.2,0.2,0.4,0.3,0.1,0,0,0,0.2,0.4,0.2,0.2,0.3,0.2,0.1,--,--
2011,TO,Total,Municipal,90.1,91.1,87.5,98.8,86,88.6,90.9,92.1,82.5,87.2,90.2,93.3,80.9,80.9,--,--,--,--,8.6,8.1,9.8,0.7,13.1,10.7,8.2,6.9,14.7,10.2,7.2,4.2,2.9,2.9,--,--,--,--,1.3,0.8,2.7,0.5,0.9,0.7,0.9,1,2.8,2.6,2.6,2.5,16.2,16.2,--,--,--,--
2011,TO,Total,Federal,--,--,--,--,--,--,--,--,--,--,--,--,79.5,66,88.6,89.8,88.1,--,--,--,--,--,--,--,--,--,--,--,--,--,16.3,30.1,7.8,5.4,5.6,--,--,--,--,--,--,--,--,--,--,--,--,--,4.2,3.9,3.6,4.8,6.3,--
2011,TO,Total,Estadual,87.7,91.7,85.2,98.4,87.8,90.6,91.3,92.6,83.6,85.4,84.8,87,80.5,74.1,82.4,88.9,95.5,--,10.3,7.3,12.1,0.6,11.3,8.4,7.6,6.3,14.1,12.1,12.4,9.7,10.3,14,9,5.7,2.3,--,2,1,2.7,1,0.9,1,1.1,1.1,2.3,2.5,2.8,3.3,9.2,11.9,8.6,5.4,2.2,--
2011,TO,Rural,Total,86.1,86.4,85.5,95.3,80.5,84.7,86.6,87.4,79.7,86.1,88.6,89.7,88.3,83.1,90.6,94.1,100,--,10.3,10.6,9.7,2.4,16.7,12.4,10.2,9.2,15,9.5,6.7,5.4,5.5,8.8,3.9,1.7,0,--,3.6,3,4.8,2.3,2.8,2.9,3.2,3.4,5.3,4.4,4.7,4.9,6.2,8.1,5.5,4.2,0,--
2011,TO,Rural,Publico,85.9,86.2,85.3,95.3,80.2,84.5,86.3,87.2,79.4,85.9,88.5,89.5,87.3,81.9,89.7,93.6,100,--,10.4,10.8,9.8,2.4,17,12.5,10.4,9.3,15.3,9.7,6.8,5.4,5.9,9.4,4.3,1.8,0,--,3.7,3,4.9,2.3,2.8,3,3.3,3.5,5.3,4.4,4.7,5.1,6.8,8.7,6,4.6,0,--
2011,TO,Rural,Particular,97.8,98.5,97.2,100,98.7,97.5,100,97.5,98.7,98.7,95,96.3,99.6,99.1,100,100,--,--,2.2,1.5,2.8,0,1.3,2.5,0,2.5,1.3,1.3,5,3.7,0.4,0.9,0,0,--,--,0,0,0,0,0,0,0,0,0,0,0,0,0,0,0,0,--,--
2011,TO,Rural,Municipal,87.2,87.4,86.7,96.9,80,84.6,88.3,89.6,79.6,87.1,90.8,92.9,80.9,80.9,--,--,--,--,10.4,10.9,9.4,1.9,18.2,13.8,10,8.5,15.6,9.8,5.5,3.3,2.9,2.9,--,--,--,--,2.4,1.7,3.9,1.2,1.8,1.6,1.7,1.9,4.8,3.1,3.7,3.8,16.2,16.2,--,--,--,--
2011,TO,Rural,Federal,--,--,--,--,--,--,--,--,--,--,--,--,84.9,73,95.4,91.9,--,--,--,--,--,--,--,--,--,--,--,--,--,--,11.8,22.3,3.4,4.4,--,--,--,--,--,--,--,--,--,--,--,--,--,--,3.3,4.7,1.2,3.7,--,--
2011,TO,Rural,Estadual,82.1,81.7,82.5,86.6,80.8,84.1,79.3,79.8,78.9,83.6,84.4,83.9,88,83.8,88.4,93.9,100,--,10.3,10,10.6,5.1,11.6,7.7,11.8,11.8,14.5,9.3,9,8.9,4.8,7.2,4.5,1.3,0,--,7.6,8.3,6.9,8.3,7.6,8.2,8.9,8.4,6.6,7.1,6.6,7.2,7.2,9,7.1,4.8,0,--
2011,TO,Urbana,Total,89.8,92.9,86.4,99.3,89,91.1,92.5,93.8,84.5,86.5,86.3,88.6,80.6,74,82.7,89.1,89.4,--,8.9,6.7,11.4,0.4,10.6,8.6,7,5.8,13.7,11.4,11.3,8.6,10.7,14.7,9.1,5.8,5.1,--,1.3,0.4,2.2,0.3,0.4,0.3,0.5,0.4,1.8,2.1,2.4,2.8,8.7,11.3,8.2,5.1,5.5,--
2011,TO,Urbana,Publico,89.3,92.4,85.9,99.4,88.1,90.5,92.1,93.5,83.9,86,85.9,88.3,80.1,73.5,82.2,88.7,89.4,--,9.3,7.1,11.7,0.3,11.4,9.2,7.4,6,14.2,11.8,11.6,8.8,10.7,14.7,9.2,5.9,5.1,--,1.4,0.5,2.4,0.3,0.5,0.3,0.5,0.5,1.9,2.2,2.5,2.9,9.2,11.8,8.6,5.4,5.5,--
2011,TO,Urbana,Particular,96.6,98.2,94.1,98.5,98.3,97.9,98,98.1,94.7,94.9,92.6,94.2,90.4,84.7,92.8,96.1,--,--,3.2,1.6,5.7,1.1,1.4,2,2,1.9,5.2,4.9,7,5.6,9.3,15,7,3.8,--,--,0.2,0.2,0.2,0.4,0.3,0.1,0,0,0.1,0.2,0.4,0.2,0.3,0.3,0.2,0.1,--,--
2011,TO,Urbana,Municipal,91.1,92.2,87.9,99.3,87.9,89.9,91.7,92.9,83.7,87.3,89.9,93.4,--,--,--,--,--,--,8,7.2,10,0.3,11.6,9.7,7.6,6.4,14.3,10.4,7.9,4.6,--,--,--,--,--,--,0.9,0.6,2.1,0.4,0.5,0.4,0.7,0.7,2,2.3,2.2,2,--,--,--,--,--,--
2011,TO,Urbana,Federal,--,--,--,--,--,--,--,--,--,--,--,--,76.9,62.6,84.6,88.5,88.1,--,--,--,--,--,--,--,--,--,--,--,--,--,18.5,34,10.4,6,5.6,--,--,--,--,--,--,--,--,--,--,--,--,--,4.6,3.4,5,5.5,6.3,--
2011,TO,Urbana,Estadual,88.1,92.7,85.3,99.6,88.5,91.3,92.6,94,84,85.6,84.8,87.2,80.2,73.7,82.1,88.7,92.9,--,10.3,7,12.2,0.1,11.2,8.5,7.2,5.7,14.1,12.3,12.6,9.7,10.6,14.3,9.2,5.9,3.6,--,1.6,0.3,2.5,0.3,0.3,0.2,0.2,0.3,1.9,2.1,2.6,3.1,9.2,12,8.7,5.4,3.5,--
2011,MA,Total,Total,87.6,90.4,83.8,96.5,93.4,87.8,88.3,87.8,80.2,83,85.8,87.9,77.2,71,77.9,85.3,91.6,90.1,8.9,7.3,11.1,1.2,4.6,10.1,9.5,9.5,14.8,12,8.9,6.6,9.1,12.4,8.6,4.7,0.9,6.1,3.5,2.3,5.1,2.3,2,2.1,2.2,2.7,5,5,5.3,5.5,13.7,16.6,13.5,10,7.5,3.8
2011,MA,Total,Publico,86.8,89.7,83,96.3,92.9,86.8,87.6,87.1,79.2,82.3,85.1,87.3,75.8,69.7,76.5,84.2,90.8,91.9,9.4,7.8,11.5,1.2,4.9,10.9,10.1,10,15.5,12.4,9.2,6.7,9.4,12.8,9,4.9,0.8,4.5,3.8,2.5,5.5,2.5,2.2,2.3,2.3,2.9,5.3,5.3,5.7,6,14.8,17.5,14.5,10.9,8.4,3.6
2011,MA,Total,Particular,96.8,97.8,95.1,98.5,97.7,97.6,97.6,97.5,95.1,94.8,95.4,94.9,93.8,91.1,94,96.7,93.8,86.4,2.8,1.8,4.5,1,1.8,1.9,2.2,2.3,4.5,4.9,4.1,4.7,4.6,7.3,4.3,2.2,1.1,9.3,0.4,0.4,0.4,0.5,0.5,0.5,0.2,0.2,0.4,0.3,0.5,0.4,1.6,1.6,1.7,1.1,5.1,4.3
2011,MA,Total,Municipal,86.9,89.9,82.3,96.4,93,87,87.7,86.9,78.5,81.7,84.7,87.1,76.9,66.4,77,84.6,91.3,--,9.2,7.7,11.6,1.1,4.9,10.8,10,10.2,15.7,12.4,8.7,6,4.5,7,4.9,2.5,0.2,--,3.9,2.4,6.1,2.5,2.1,2.2,2.3,2.9,5.8,5.9,6.6,6.9,18.6,26.6,18.1,12.9,8.5,--
2011,MA,Total,Federal,86.1,96.9,82.7,100,100,100,88.9,96.9,93.3,84.6,94.7,68.2,93.4,90.9,97.2,94.5,--,91.9,13.7,3.1,17,0,0,0,11.1,3.1,6.7,14.1,5.3,31.8,4.4,5.6,2,4.9,--,4.5,0.2,0,0.3,0,0,0,0,0,0,1.3,0,0,2.2,3.5,0.8,0.6,--,3.6
2011,MA,Total,Estadual,86,88,85.2,91.7,91.5,84.4,86.5,88.9,82.3,84.3,86,88.1,75.5,69.4,76.2,84.1,89.5,--,10.8,9.2,11.4,4.1,5.5,12.4,11.2,8.7,14.2,12.6,10.6,8.2,9.7,13.1,9.2,5,2.6,--,3.2,2.8,3.4,4.2,3,3.2,2.3,2.4,3.5,3.1,3.4,3.7,14.8,17.5,14.6,10.9,7.9,--
2011,MA,Rural,Total,87,89.5,82.8,95.6,92.7,87.8,86.9,86.4,78.4,83.4,84.9,87.6,78.1,72.9,79,85.5,87.5,95.1,8.8,7.9,10.4,1.8,5.1,9.9,10.5,10.3,15.3,10.3,7.6,4.8,6.1,8.3,5.8,2.8,0,1.2,4.2,2.6,6.8,2.6,2.2,2.3,2.6,3.3,6.3,6.3,7.5,7.6,15.8,18.8,15.2,11.7,12.5,3.7
2011,MA,Rural,Publico,86.9,89.4,82.8,95.5,92.6,87.7,86.9,86.3,78.3,83.3,84.8,87.6,78,72.7,78.9,85.3,87.5,95.1,8.9,7.9,10.4,1.8,5.2,9.9,10.5,10.3,15.4,10.4,7.6,4.8,6,8.3,5.8,2.8,0,1.2,4.2,2.7,6.8,2.7,2.2,2.4,2.6,3.4,6.3,6.3,7.6,7.6,16,19,15.3,11.9,12.5,3.7
2011,MA,Rural,Particular,97.5,98.1,95.7,99.2,97.8,96.9,99.1,97.9,92.2,97.9,98.6,94.5,90.3,87.3,89.8,95.1,--,--,2.1,1.5,4.2,0.4,1.5,2.9,0.4,1.9,7.5,2.1,1.4,5.1,9.7,12.7,10.2,4.9,--,--,0.4,0.4,0.1,0.4,0.7,0.2,0.5,0.2,0.3,0,0,0.4,0,0,0,0,--,--
2011,MA,Rural,Municipal,87.2,89.8,82.7,96,93.2,88.1,87.1,86.5,78.3,83.3,84.9,87.6,77.8,71.2,78.6,86,89.7,--,8.7,7.7,10.5,1.5,4.8,9.7,10.4,10.3,15.5,10.4,7.6,4.7,5.4,8.2,5.7,0.9,0,--,4.1,2.5,6.8,2.5,2,2.2,2.5,3.2,6.2,6.3,7.5,7.7,16.8,20.6,15.7,13.1,10.3,--
2011,MA,Rural,Federal,96.7,95.2,98,100,100,100,88.9,90,100,100,100,87.5,94.9,88.6,99.7,100,--,95.1,3.3,4.8,2,0,0,0,11.1,10,0,0,0,12.5,4,9.5,0,0,--,1.2,0,0,0,0,0,0,0,0,0,0,0,0,1.1,1.9,0.3,0,--,3.7
2011,MA,Rural,Estadual,81.3,80,82.9,75.2,80.3,78.9,80.7,82.1,78.6,83.6,84.2,86.9,77.4,72.4,78.4,84.8,36.4,--,11.7,13.4,9.6,13.5,14,14.5,13.9,11,12.5,9.6,9.2,6.2,6.2,8.2,5.9,3,0,--,7,6.6,7.5,11.3,5.7,6.6,5.4,6.9,8.9,6.8,6.6,6.9,16.4,19.4,15.7,12.2,63.6,--
2011,MA,Urbana,Total,87.9,91.2,84.2,97.2,94,87.7,89.4,89,81.2,82.8,86.2,88.1,77.1,70.7,77.7,85.2,92.2,89.4,9,6.8,11.4,0.8,4.2,10.3,8.7,8.8,14.5,12.9,9.5,7.4,9.5,13.1,9.1,5,1,6.9,3.1,2,4.4,2,1.8,2,1.9,2.2,4.3,4.3,4.3,4.5,13.4,16.2,13.2,9.8,6.8,3.7
2011,MA,Urbana,Publico,86.7,90.1,83.1,97,93.2,86.1,88.2,87.8,79.8,81.7,85.2,87.2,75.5,69.1,76,84,91.4,91.2,9.9,7.7,12.2,0.7,4.7,11.7,9.6,9.7,15.5,13.7,10.1,7.7,10,13.6,9.6,5.3,1,5.3,3.4,2.2,4.7,2.3,2.1,2.2,2.2,2.5,4.7,4.6,4.7,5.1,14.5,17.3,14.4,10.7,7.6,3.5
2011,MA,Urbana,Particular,96.8,97.8,95,98.5,97.7,97.7,97.5,97.4,95.2,94.7,95.4,94.9,93.8,91.2,94,96.8,93.8,86.4,2.9,1.9,4.6,1.1,1.8,1.9,2.3,2.3,4.4,5,4.2,4.7,4.5,7.1,4.2,2.1,1.1,9.3,0.3,0.3,0.4,0.4,0.5,0.4,0.2,0.3,0.4,0.3,0.4,0.4,1.7,1.7,1.8,1.1,5.1,4.3
2011,MA,Urbana,Municipal,86.7,90,81.8,96.9,92.9,86,88.2,87.4,78.7,80.4,84.6,86.6,76.4,63.1,76,84,91.7,--,9.6,7.7,12.5,0.7,5,11.7,9.5,10,15.9,14.1,9.7,7.1,4,6.1,4.4,3.1,0.2,--,3.7,2.3,5.7,2.4,2.1,2.3,2.3,2.6,5.4,5.5,5.7,6.3,19.6,30.8,19.6,12.9,8.1,--
2011,MA,Urbana,Federal,82.9,98.1,79.7,--,--,--,--,98.1,90.9,79.3,93.9,66.7,92.8,91.7,96.1,92,--,91.2,16.8,1.9,19.9,--,--,--,--,1.9,9.1,19,6.1,33.3,4.6,4.2,2.8,7,--,5.3,0.3,0,0.4,--,--,--,--,0,0,1.7,0,0,2.6,4.1,1.1,1,--,3.5
2011,MA,Urbana,Estadual,86.7,90.7,85.5,98.1,96.9,86.7,88.3,90.4,82.8,84.3,86.2,88.2,75.2,68.9,75.8,83.9,90.8,--,10.6,7.8,11.5,0.4,1.4,11.6,10.4,8.2,14.4,12.9,10.8,8.4,10.3,13.9,9.8,5.3,2.7,--,2.7,1.5,3,1.5,1.7,1.7,1.3,1.4,2.8,2.8,3,3.4,14.5,17.2,14.4,10.8,6.5,--
2011,PI,Total,Total,83.9,86,81.1,91.5,85.3,82.8,85.6,86,74.1,80,85.4,89,74.8,65,77.5,84.8,91.1,85,12.8,11.8,14.3,6.6,12.7,15.1,12.1,11.4,20.5,15.5,10.4,7,9.7,14.4,8.2,4.9,4.6,3,3.3,2.2,4.6,1.9,2,2.1,2.3,2.6,5.4,4.5,4.2,4,15.5,20.6,14.3,10.3,4.3,12
2011,PI,Total,Publico,82.6,84.7,79.7,90.8,83.8,81.2,84.4,84.8,72.2,78.5,84.4,88.5,72.6,62.4,75.6,83.1,90.6,85.1,13.9,12.9,15.2,7.2,14,16.6,13.1,12.4,21.9,16.5,10.8,7,10.1,14.8,8.4,5.3,5,2,3.5,2.4,5.1,2,2.2,2.2,2.5,2.8,5.9,5,4.8,4.5,17.3,22.8,16,11.6,4.4,12.9
2011,PI,Total,Particular,94.9,96.8,92.3,96.5,97.2,97.4,96.6,96.6,92.2,92.9,92.1,92,92.4,88.7,92.2,96.7,97.7,84,4.6,2.7,7,2.9,2.5,2.2,3,3,7.2,6.5,7.3,6.9,6.6,10.4,6.8,2.2,0,12,0.5,0.5,0.7,0.6,0.3,0.4,0.4,0.4,0.6,0.6,0.6,1.1,1,0.9,1,1.1,2.3,4
2011,PI,Total,Municipal,83.1,84.9,80,90.8,84.3,81.2,84.6,84.8,72.4,78.9,84.9,89.6,80.4,71.7,83,89.7,--,64.5,13.5,12.8,14.8,7.2,13.6,16.7,13,12.4,21.8,15.9,10.2,5.7,5.8,10.1,5,0.6,--,12.9,3.4,2.3,5.2,2,2.1,2.1,2.4,2.8,5.8,5.2,4.9,4.7,13.8,18.2,12,9.7,--,22.6
2011,PI,Total,Federal,70,70,--,70,--,--,--,--,--,--,--,--,83.1,78.2,87.3,86.3,82.9,--,20,20,--,20,--,--,--,--,--,--,--,--,14.1,17.2,11.5,11.4,14.9,--,10,10,--,10,--,--,--,--,--,--,--,--,2.8,4.6,1.2,2.3,2.2,--
2011,PI,Total,Estadual,80.5,83.1,78.9,91.4,79.5,80.9,83.5,84.8,71.6,77.3,83.2,86.2,72.2,61.9,75.2,83,93.2,86.5,15.4,13.8,16.3,6.2,16.8,15.7,13.4,12.4,22.5,18,12.5,9.8,10,14.8,8.3,5.3,1.7,1.3,4.1,3.1,4.8,2.4,3.7,3.4,3.1,2.8,5.9,4.7,4.3,4,17.8,23.3,16.5,11.7,5.1,12.2
2011,PI,Rural,Total,82.4,83.4,80.2,88.5,81.9,80.8,82.8,84,72.2,80,85.9,89.1,77.2,69.8,78.4,84.5,95.3,64.5,13.6,13.9,13,9,15.9,16.8,14.4,12.3,20.7,13.4,7.7,4.4,6.7,9,6.8,3.7,2.1,12.9,4,2.7,6.8,2.5,2.2,2.4,2.8,3.7,7.1,6.6,6.4,6.5,16.1,21.2,14.8,11.8,2.6,22.6
2011,PI,Rural,Publico,82.3,83.4,80.2,88.5,81.9,80.8,82.7,84,72.1,79.9,85.8,89.1,76.1,69,77.7,83.8,91.9,64.5,13.6,13.9,13.1,9,15.9,16.8,14.4,12.4,20.7,13.4,7.7,4.4,7,9.2,7.1,3.9,4.1,12.9,4.1,2.7,6.7,2.5,2.2,2.4,2.9,3.6,7.2,6.7,6.5,6.5,16.9,21.8,15.2,12.3,4,22.6
2011,PI,Rural,Particular,95,95.4,94.6,91.7,92.2,96.4,95.5,100,88.7,96.7,96.7,96.9,95.4,91.6,95.1,96.1,99.1,--,4.4,4.6,4.3,8.3,7.8,3.6,4.5,0,8.5,3.3,1.6,3.1,1.3,4.2,1,0,0,--,0.6,0,1.1,0,0,0,0,0,2.8,0,1.7,0,3.3,4.2,3.9,3.9,0.9,--
2011,PI,Rural,Municipal,82.3,83.4,80.1,88.5,81.9,80.7,82.7,84,72,79.9,85.7,89.1,75.3,69.7,75.5,82.8,--,64.5,13.7,13.9,13.1,9,16,16.9,14.4,12.4,20.8,13.5,7.7,4.3,2.5,3.3,1.9,0.5,--,12.9,4,2.7,6.8,2.5,2.1,2.4,2.9,3.6,7.2,6.6,6.6,6.6,22.2,27,22.6,16.7,--,22.6
2011,PI,Rural,Federal,--,--,--,--,--,--,--,--,--,--,--,--,68.9,71.4,65.4,--,--,--,--,--,--,--,--,--,--,--,--,--,--,--,25.4,20,32.7,--,--,--,--,--,--,--,--,--,--,--,--,--,--,--,5.7,8.6,1.9,--,--,--
2011,PI,Rural,Estadual,87.6,87.6,87.7,100,89.6,87.1,85.6,87.5,86.3,85.1,93,86.9,76.3,68.8,78.2,83.9,91.9,--,10.2,11.8,9.1,0,10.4,12.3,14.4,11.1,10.9,10.6,4.5,10,7.1,9.4,6.8,4.3,4.1,--,2.2,0.6,3.2,0,0,0.6,0,1.4,2.8,4.3,2.5,3.1,16.6,21.8,15,11.8,4,--
2011,PI,Urbana,Total,84.7,87.6,81.4,93.4,87.4,84,87.4,87,74.8,80,85.3,89,74.6,64.7,77.4,84.8,90.7,86.2,12.5,10.5,14.7,5.2,10.7,14.1,10.6,10.9,20.5,16.1,11.2,7.7,9.8,14.6,8.3,5,4.9,2.4,2.8,1.9,3.9,1.4,1.9,1.9,2,2.1,4.7,3.9,3.5,3.3,15.6,20.7,14.3,10.2,4.4,11.4
2011,PI,Urbana,Publico,82.7,85.6,79.5,92.5,85.2,81.5,85.6,85.3,72.2,77.9,83.9,88.3,72.4,62,75.5,83.1,90.5,86.5,14,12.2,16,5.8,12.5,16.4,12.1,12.4,22.4,17.7,11.9,7.9,10.2,15.1,8.5,5.4,5.1,1.3,3.3,2.2,4.5,1.7,2.3,2.1,2.3,2.3,5.4,4.4,4.2,3.8,17.4,22.9,16,11.5,4.4,12.2
2011,PI,Urbana,Particular,94.9,96.9,92.3,96.5,97.2,97.4,96.6,96.5,92.3,92.9,92,92,92.3,88.6,92.1,96.7,95.5,84,4.6,2.7,7,2.8,2.4,2.2,3,3.1,7.2,6.6,7.4,7,6.7,10.5,6.9,2.3,0,12,0.5,0.4,0.7,0.7,0.4,0.4,0.4,0.4,0.5,0.5,0.6,1,1,0.9,1,1,4.5,4
2011,PI,Urbana,Municipal,83.7,86.4,79.9,92.6,86.4,81.7,86.4,85.5,72.7,78.3,84.5,89.9,83.3,72.8,86.1,94.8,--,--,13.4,11.7,15.8,5.7,11.6,16.6,11.6,12.4,22.3,17.4,11.5,6.5,7.7,13.7,6.3,0.7,--,--,2.9,1.9,4.3,1.7,2,1.7,2,2.1,5,4.3,4,3.6,9,13.5,7.6,4.5,--,--
2011,PI,Urbana,Federal,70,70,--,70,--,--,--,--,--,--,--,--,83.5,78.5,88.4,86.3,82.9,--,20,20,--,20,--,--,--,--,--,--,--,--,13.7,17,10.4,11.4,14.9,--,10,10,--,10,--,--,--,--,--,--,--,--,2.8,4.5,1.2,2.3,2.2,--
2011,PI,Urbana,Estadual,80.4,83,78.8,91.3,79.5,80.8,83.5,84.8,71.4,77.3,83,86.1,72,61.5,75,82.9,93.3,86.5,15.4,13.9,16.4,6.3,16.9,15.8,13.4,12.5,22.6,18.1,12.6,9.8,10.1,15.1,8.4,5.3,1.5,1.3,4.2,3.1,4.8,2.4,3.6,3.4,3.1,2.7,6,4.6,4.4,4.1,17.9,23.4,16.6,11.8,5.2,12.2
2011,CE,Total,Total,89.6,92,86.5,95.7,93.4,90.2,90,91.7,82.7,85.7,87.5,91.2,81.8,77.1,82.4,87.6,92.7,71.6,7.8,6.5,9.3,2.8,5.6,8.4,8.3,6.7,13.1,10.2,8.2,4.9,6.7,8.7,6.4,4.2,1.6,12,2.6,1.5,4.2,1.5,1,1.4,1.7,1.6,4.2,4.1,4.3,3.9,11.5,14.2,11.2,8.2,5.7,16.4
2011,CE,Total,Publico,88.3,90.9,85.2,95.7,92.5,88.7,88.6,90.6,80.7,84.3,86.3,90.7,80.1,75.4,80.8,86.2,92.5,70.3,8.6,7.4,10,2.6,6.5,9.7,9.5,7.5,14.5,11.1,8.6,4.8,6.9,8.9,6.6,4.4,1.6,12.6,3.1,1.7,4.8,1.7,1,1.6,1.9,1.9,4.8,4.6,5.1,4.5,13,15.7,12.6,9.4,5.9,17.1
2011,CE,Total,Particular,95.8,96.8,94.3,95.6,97,97.4,97.1,97,94.5,94.2,94.2,94.1,94.5,91.9,94.9,97.1,100,100,3.8,2.8,5.3,3.5,2.6,2.3,2.6,2.8,5.2,5.4,5.4,5.4,5,7.6,4.7,2.4,0,0,0.4,0.4,0.4,0.9,0.4,0.3,0.3,0.2,0.3,0.4,0.4,0.5,0.5,0.5,0.4,0.5,0,0
2011,CE,Total,Municipal,88.8,91,85.9,95.8,92.5,88.7,88.6,90.7,81,85,87.4,92.7,71.8,68,70.1,79.4,--,--,8.4,7.4,9.8,2.6,6.5,9.7,9.5,7.5,14.4,10.7,8,3.6,1.2,0,3.4,0,--,--,2.8,1.6,4.3,1.6,1,1.6,1.9,1.8,4.6,4.3,4.6,3.7,27,32,26.5,20.6,--,--
2011,CE,Total,Federal,91.2,--,91.2,--,--,--,--,--,96.7,84.8,95.6,89.5,83.2,77.7,83.6,92.1,93,77.8,8.8,--,8.8,--,--,--,--,--,3.3,15.2,4.4,10.5,10.7,14.8,10.4,5,3.1,14,0,--,0,--,--,--,--,--,0,0,0,0,6.1,7.5,6,2.9,3.9,8.2
2011,CE,Total,Estadual,81.5,87.1,81.1,86.3,90.4,84.9,86.3,87.6,77,78.8,80.7,84.4,80.1,75.4,80.7,86.1,92.3,36.6,11.4,9.8,11.5,10.7,7.8,12.9,11.4,8.2,15.6,13.9,11.7,8.4,6.9,8.8,6.6,4.4,0.7,6.2,7.1,3.1,7.4,3,1.8,2.2,2.3,4.2,7.4,7.3,7.6,7.2,13,15.8,12.7,9.5,7,57.2
2011,CE,Rural,Total,91.2,92.9,88.7,96,95.4,91.1,90.6,92.4,84.2,88.2,89.8,94.1,81.4,75.9,83.1,87.8,100,75.5,6.8,6.2,7.6,3.2,4.2,8.1,8.2,6.4,12.4,8.2,6.2,2.5,6.8,8.4,6.2,4.8,0,14.5,2,0.9,3.7,0.8,0.4,0.8,1.2,1.2,3.4,3.6,4,3.4,11.8,15.7,10.7,7.4,0,10
2011,CE,Rural,Publico,91.2,92.9,88.7,96,95.4,91,90.6,92.4,84.2,88.2,89.8,94.1,81.1,75.6,82.8,87.6,100,75.5,6.8,6.2,7.7,3.1,4.2,8.1,8.2,6.4,12.4,8.2,6.2,2.5,6.9,8.5,6.3,4.9,0,14.5,2,0.9,3.6,0.9,0.4,0.9,1.2,1.2,3.4,3.6,4,3.4,12,15.9,10.9,7.5,0,10
2011,CE,Rural,Particular,92.9,91.9,100,87,92.1,93.5,94.1,91.3,100,100,100,100,100,100,100,100,--,--,5.5,6.3,0,12.2,6.7,3.2,4.6,6.1,0,0,0,0,0,0,0,0,--,--,1.6,1.8,0,0.8,1.2,3.3,1.3,2.6,0,0,0,0,0,0,0,0,--,--
2011,CE,Rural,Municipal,91.2,92.9,88.8,96.2,95.4,91.1,90.6,92.4,84.2,88.2,89.8,94.1,--,--,--,--,--,--,6.8,6.2,7.7,3,4.2,8,8.2,6.3,12.4,8.2,6.2,2.5,--,--,--,--,--,--,2,0.9,3.5,0.8,0.4,0.9,1.2,1.3,3.4,3.6,4,3.4,--,--,--,--,--,--
2011,CE,Rural,Federal,--,--,--,--,--,--,--,--,--,--,--,--,77.4,64.5,88.3,97.5,--,75.5,--,--,--,--,--,--,--,--,--,--,--,--,14.1,25,3.9,0,--,14.5,--,--,--,--,--,--,--,--,--,--,--,--,8.5,10.5,7.8,2.5,--,10
2011,CE,Rural,Estadual,84,82.7,85.8,79.6,87.5,82.4,81.5,83.1,80.9,82.8,87.6,91.1,81.4,76.3,82.7,87.2,100,--,11.2,14.4,7,17.2,10.5,16.5,14.9,12.2,11.6,8.4,5.3,3.4,6.5,7.5,6.4,5.1,0,--,4.8,2.9,7.2,3.2,2,1.1,3.6,4.7,7.5,8.8,7.1,5.5,12.1,16.2,10.9,7.7,0,--
2011,CE,Urbana,Total,89,91.8,85.9,95.6,92.7,89.9,89.8,91.4,82.3,85,86.8,90.5,81.8,77.1,82.4,87.6,92.6,71.1,8.1,6.7,9.8,2.7,6.1,8.5,8.4,6.9,13.3,10.8,8.7,5.5,6.7,8.7,6.4,4.2,1.6,11.7,2.9,1.5,4.3,1.7,1.2,1.6,1.8,1.7,4.4,4.2,4.5,4,11.5,14.2,11.2,8.2,5.8,17.2
2011,CE,Urbana,Publico,87,90,84,95.6,91.1,87.5,87.6,89.8,79.4,82.9,85.1,89.6,80.1,75.4,80.7,86.1,92.4,69.6,9.4,8,10.9,2.3,7.6,10.4,10.1,8.1,15.2,12.1,9.5,5.5,6.9,8.9,6.6,4.4,1.7,12.3,3.6,2,5.1,2.1,1.3,2.1,2.3,2.1,5.4,5,5.4,4.9,13,15.7,12.7,9.5,5.9,18.1
2011,CE,Urbana,Particular,95.8,96.8,94.3,95.7,97,97.4,97.1,97,94.5,94.2,94.2,94.1,94.5,91.9,94.9,97.1,100,100,3.8,2.8,5.3,3.5,2.6,2.3,2.6,2.8,5.2,5.4,5.4,5.4,5,7.6,4.7,2.4,0,0,0.4,0.4,0.4,0.8,0.4,0.3,0.3,0.2,0.3,0.4,0.4,0.5,0.5,0.5,0.4,0.5,0,0
2011,CE,Urbana,Municipal,87.7,90,84.7,95.6,91.1,87.5,87.6,89.8,79.7,83.7,86.3,92.1,71.8,68,70.1,79.4,--,--,9.2,8,10.7,2.3,7.6,10.4,10.1,8.1,15.2,11.7,8.9,4.2,1.2,0,3.4,0,--,--,3.1,2,4.6,2.1,1.3,2.1,2.3,2.1,5.1,4.6,4.8,3.7,27,32,26.5,20.6,--,--
2011,CE,Urbana,Federal,91.2,--,91.2,--,--,--,--,--,96.7,84.8,95.6,89.5,84,80.3,83.2,91.3,93,78.3,8.8,--,8.8,--,--,--,--,--,3.3,15.2,4.4,10.5,10.2,12.8,11,5.7,3.1,13.9,0,--,0,--,--,--,--,--,0,0,0,0,5.8,6.9,5.8,3,3.9,7.8
2011,CE,Urbana,Estadual,81.4,88.5,81,91.2,91.9,86.2,87.6,88.3,76.9,78.7,80.6,84.3,80.1,75.4,80.7,86.1,92,36.6,11.4,8.4,11.6,6,6.5,11,10.4,7.6,15.7,14,11.8,8.4,6.9,8.8,6.6,4.4,0.7,6.2,7.2,3.1,7.4,2.8,1.6,2.8,2,4.1,7.4,7.3,7.6,7.3,13,15.8,12.7,9.5,7.3,57.2
2011,RN,Total,Total,79.7,85.2,72.5,95.1,95.1,92.7,71.1,79.1,60.5,70.7,81.9,85.5,72.7,64.6,74.9,81.6,87,58.9,14.9,11.7,19,2,2.9,5,25.1,17,29.2,21.3,10.9,7.2,8,10.9,7.3,4.8,9.1,4.3,5.4,3.1,8.5,2.9,2,2.3,3.8,3.9,10.3,8,7.2,7.3,19.3,24.5,17.8,13.6,3.9,36.8
2011,RN,Total,Publico,76.5,82.7,68.6,94.7,94.6,91.7,66.9,75.9,55.8,66.5,79.4,83.6,69.7,61,72,79.5,87,53,17,13.7,21.4,1.8,2.9,5.6,28.7,19.5,32.5,23.9,11.9,7.4,8.1,11,7.4,4.6,9.1,3.6,6.5,3.6,10,3.5,2.5,2.7,4.4,4.6,11.7,9.6,8.7,9,22.2,28,20.6,15.9,3.9,43.4
2011,RN,Total,Particular,95,96.6,92.8,96.4,96.7,97,96.6,96.2,92.8,91.8,93,93.6,91.5,88.5,92.8,93.8,--,91.8,4.5,3,6.8,2.7,2.9,2.6,3.1,3.5,6.8,7.7,6.6,6.1,7.8,10.7,6.5,5.5,--,8.2,0.5,0.4,0.4,0.9,0.4,0.4,0.3,0.3,0.4,0.5,0.4,0.3,0.7,0.8,0.7,0.7,--,0
2011,RN,Total,Municipal,78.2,83.5,68.9,95.1,94.8,92,67.7,76.7,56.6,67.4,79.2,85.5,100,100,--,--,--,--,16.6,13.4,22.3,1.8,3,5.7,28.5,19.3,33.1,23.8,13.1,7.4,0,0,--,--,--,--,5.2,3.1,8.8,3.1,2.2,2.3,3.8,4,10.3,8.8,7.7,7.1,0,0,--,--,--,--
2011,RN,Total,Federal,100,100,--,100,100,--,--,--,--,--,--,--,86.2,82.8,86.4,91.6,87.5,--,0,0,--,0,0,--,--,--,--,--,--,--,12.8,16.2,12.7,7.5,11.4,--,0,0,--,0,0,--,--,--,--,--,--,--,1,1,0.9,0.9,1.1,--
2011,RN,Total,Estadual,72.9,79.8,68.3,92.7,93.8,90.6,64.4,73.7,54.5,65.3,79.7,81.7,69,60.2,71.4,79.1,85.2,53,18,14.8,20.1,2,2.3,5.2,29.4,19.9,31.6,24,10.4,7.5,7.9,10.8,7.2,4.6,2.1,3.6,9.1,5.4,11.6,5.3,3.9,4.2,6.2,6.4,13.9,10.7,9.9,10.8,23.1,29,21.4,16.3,12.7,43.4
2011,RN,Rural,Total,80,82.9,71.7,95.3,93.8,91.4,67.1,75.5,59.3,71.8,81.1,87.1,77.5,70.8,80.9,82.7,84.4,--,15.4,14,19.6,1.9,4.2,6.4,29.1,20.2,31.4,19.5,10.6,4.9,5.7,5.8,4.4,6,14.7,--,4.6,3.1,8.7,2.8,2,2.2,3.8,4.3,9.3,8.7,8.3,8,16.8,23.4,14.7,11.3,0.9,--
2011,RN,Rural,Publico,79.9,82.9,71.6,95.3,93.8,91.4,67.1,75.5,59.2,71.7,81.1,87.1,77.4,70.7,80.8,82.5,84.4,--,15.5,14,19.7,1.8,4.2,6.4,29.1,20.2,31.5,19.5,10.6,4.9,5.6,5.6,4.5,5.8,14.7,--,4.6,3.1,8.7,2.9,2,2.2,3.8,4.3,9.3,8.8,8.3,8,17,23.7,14.7,11.7,0.9,--
2011,RN,Rural,Particular,88.9,89.7,87.3,89.9,94.5,95.9,75.5,88.1,86.5,82.7,92.6,90.2,86.3,80,92.3,87,--,--,10.7,9.7,12.7,8.9,5.5,2.7,24.5,11.9,13.5,17.3,7.4,9.8,11.8,20,0,13,--,--,0.4,0.6,0,1.2,0,1.4,0,0,0,0,0,0,1.9,0,7.7,0,--,--
2011,RN,Rural,Municipal,80.3,83.2,71.8,95.6,93.9,91.4,67.4,75.7,59.5,71.5,81.2,88.1,--,--,--,--,--,--,15.4,13.9,19.8,1.7,4.2,6.6,28.9,20.1,31.5,19.8,10.8,4.8,--,--,--,--,--,--,4.3,2.9,8.4,2.7,1.9,2,3.7,4.2,9,8.7,8,7.1,--,--,--,--,--,--
2011,RN,Rural,Federal,--,--,--,--,--,--,--,--,--,--,--,--,87.9,89.8,88.5,87.3,84.4,--,--,--,--,--,--,--,--,--,--,--,--,--,10.6,9.1,9.7,11.1,14.7,--,--,--,--,--,--,--,--,--,--,--,--,--,1.5,1.1,1.8,1.6,0.9,--
2011,RN,Rural,Estadual,75.9,79.4,70.5,90.2,92.7,92.2,62.9,73.3,57.7,73.1,80,81.6,73.9,67.4,78,80.8,--,--,16.7,15.6,18.5,3.3,4.4,3.9,31.8,20.9,31.1,17.7,8.9,5.2,3.9,5,2.6,3.8,--,--,7.4,5,11,6.5,2.9,3.9,5.3,5.8,11.2,9.2,11.1,13.2,22.2,27.6,19.4,15.4,--,--
2011,RN,Urbana,Total,79.7,85.9,72.6,95,95.5,93.1,72.4,80.2,60.7,70.5,82,85.3,72.6,64.4,74.7,81.6,87.2,58.9,14.7,11,18.9,2.1,2.5,4.6,23.8,16,28.9,21.5,11,7.4,8.1,11,7.3,4.7,8.6,4.3,5.6,3.1,8.5,2.9,2,2.3,3.8,3.8,10.4,8,7,7.3,19.3,24.6,18,13.7,4.2,36.8
2011,RN,Urbana,Publico,75.6,82.6,68.2,94.4,95,91.8,66.9,76.1,55.2,65.8,79.2,83.2,69.5,60.8,71.8,79.4,87.2,53,17.5,13.5,21.6,1.8,2.3,5.3,28.6,19.2,32.7,24.6,12.1,7.8,8.1,11.1,7.5,4.6,8.6,3.6,6.9,3.9,10.2,3.8,2.7,2.9,4.5,4.7,12.1,9.6,8.7,9,22.4,28.1,20.7,16,4.2,43.4
2011,RN,Urbana,Particular,95.1,96.6,92.8,96.4,96.7,97,96.7,96.2,92.8,91.9,93,93.6,91.5,88.6,92.8,93.8,--,91.8,4.5,2.9,6.8,2.7,2.9,2.6,3,3.4,6.8,7.7,6.5,6.1,7.8,10.7,6.5,5.5,--,8.2,0.4,0.5,0.4,0.9,0.4,0.4,0.3,0.4,0.4,0.4,0.5,0.3,0.7,0.7,0.7,0.7,--,0
2011,RN,Urbana,Municipal,77.3,83.7,68.2,94.8,95.4,92.4,67.9,77.2,55.9,66.4,78.7,84.8,100,100,--,--,--,--,17.2,13.1,22.9,1.8,2.4,5.2,28.3,19,33.5,24.8,13.8,8,0,0,--,--,--,--,5.5,3.2,8.9,3.4,2.2,2.4,3.8,3.8,10.6,8.8,7.5,7.2,0,0,--,--,--,--
2011,RN,Urbana,Federal,100,100,--,100,100,--,--,--,--,--,--,--,85.9,82.1,85.9,92.8,87.9,--,0,0,--,0,0,--,--,--,--,--,--,--,13.2,16.9,13.3,6.4,11,--,0,0,--,0,0,--,--,--,--,--,--,--,0.9,1,0.8,0.8,1.1,--
2011,RN,Urbana,Estadual,72.7,79.9,68.2,93,93.9,90.4,64.6,73.7,54.3,65,79.7,81.7,68.9,60,71.3,79.1,85.2,53,18,14.7,20.2,1.9,2.1,5.3,29.2,19.8,31.7,24.3,10.4,7.6,7.9,10.9,7.2,4.6,2.1,3.6,9.3,5.4,11.6,5.1,4,4.3,6.2,6.5,14,10.7,9.9,10.7,23.2,29.1,21.5,16.3,12.7,43.4
2011,PB,Total,Total,81.5,86.6,75,92.3,85.5,84.1,85.5,86.9,66.6,74.5,80.6,83.2,76,67.7,79,85.4,87.6,39.3,11.9,9.7,14.7,4.2,10.8,12.6,10.9,9,20.5,15.5,10.8,8.4,7.7,10.9,6.8,3.6,2.2,3.6,6.6,3.7,10.3,3.5,3.7,3.3,3.6,4.1,12.9,10,8.6,8.4,16.3,21.4,14.2,11,10.2,57.1
2011,PB,Total,Publico,79,84.6,72.3,91.4,83.4,81.6,83.4,85,63.3,71.9,78.5,81.3,72.9,64.3,76.3,82.9,87.4,39.3,13.3,11.1,16,4.6,12.3,14.6,12.5,10.2,22.4,16.8,11.6,8.8,8.1,11.3,7.1,4,2.1,3.6,7.7,4.3,11.7,4,4.3,3.8,4.1,4.8,14.3,11.3,9.9,9.9,19,24.4,16.6,13.1,10.5,57.1
2011,PB,Total,Particular,96.2,97.5,94.3,96.2,97.3,98.1,98.1,97.8,94.9,93.7,94.3,94.1,94,91.3,93.6,97.6,97.4,--,3.3,2.1,5.4,3,2.2,1.6,1.6,1.9,4.7,5.8,5.4,5.6,5.3,8.2,5.2,1.9,2.6,--,0.5,0.4,0.3,0.8,0.5,0.3,0.3,0.3,0.4,0.5,0.3,0.3,0.7,0.5,1.2,0.5,0,--
2011,PB,Total,Municipal,80.9,84.5,74.7,92,82.2,81.2,83.7,85.3,66.3,74,81.4,84.6,76.6,65.5,82.9,87.5,90.9,--,13.2,11.6,15.9,4.6,13.9,15.2,12.7,10.3,22,16.8,11,8,6.7,11.1,4.5,2.5,0,--,5.9,3.9,9.4,3.4,3.9,3.6,3.6,4.4,11.7,9.2,7.6,7.4,16.7,23.4,12.6,10,9.1,--
2011,PB,Total,Federal,69.1,69.1,--,80,90,50,37.5,80,--,--,--,--,82.3,74.5,82.6,90.3,94.4,--,1.8,1.8,--,0,0,0,0,20,--,--,--,--,12.4,18.1,11.3,7.2,5,--,29.1,29.1,--,20,10,50,62.5,0,--,--,--,--,5.3,7.4,6.1,2.5,0.6,--
2011,PB,Total,Estadual,75.3,84.9,69.4,88.9,87.9,82.9,82.4,84.3,59.3,69.2,75.1,78.2,72.5,64,75.9,82.7,83.9,39.3,13.6,9.5,16.1,4.5,6.4,12.6,12,9.9,22.8,16.8,12.3,9.6,8,11.1,7.1,4,1.6,3.6,11.1,5.6,14.5,6.6,5.7,4.5,5.6,5.8,17.9,14,12.6,12.2,19.5,24.9,17,13.3,14.5,57.1
2011,PB,Rural,Total,82.5,84.6,74.7,92,82.2,81.9,83.1,85.3,66.5,74.3,80.9,84.2,75.7,67.4,77.2,86.1,--,--,12.3,11.8,14.3,5,14.5,14.6,13.1,10.2,21,14.8,9.1,6.4,7.2,10.2,6.3,3.7,--,--,5.2,3.6,11,3,3.3,3.5,3.8,4.5,12.5,10.9,10,9.4,17.1,22.4,16.5,10.2,--,--
2011,PB,Rural,Publico,82.5,84.5,74.7,91.9,82.1,81.9,83,85.3,66.5,74.2,81,84.1,75.7,67.4,77.2,86.1,--,--,12.3,11.8,14.3,5.1,14.5,14.6,13.1,10.2,21,14.8,9,6.4,7.2,10.2,6.3,3.7,--,--,5.2,3.7,11,3,3.4,3.5,3.9,4.5,12.5,11,10,9.5,17.1,22.4,16.5,10.2,--,--
2011,PB,Rural,Particular,94.3,98.5,80,100,97.6,100,96.1,98.2,72,91.7,68,90.5,--,--,--,--,--,--,5.7,1.5,20,0,2.4,0,3.9,1.8,28,8.3,32,9.5,--,--,--,--,--,--,0,0,0,0,0,0,0,0,0,0,0,0,--,--,--,--,--,--
2011,PB,Rural,Municipal,82.8,84.6,75,92.3,81.8,81.6,83.1,85.5,66.2,74.4,81.8,85.2,90.2,84,94.4,92.6,--,--,12.5,12,14.5,4.9,14.9,15,13.3,10.2,21.2,15.5,9,6.3,3.7,6.7,1.4,2.9,--,--,4.7,3.4,10.5,2.8,3.3,3.4,3.6,4.3,12.6,10.1,9.2,8.5,6.1,9.3,4.2,4.5,--,--
2011,PB,Rural,Federal,--,--,--,--,--,--,--,--,--,--,--,--,89.2,78.9,92.4,98.7,--,--,--,--,--,--,--,--,--,--,--,--,--,--,9.2,16.8,7.6,1.3,--,--,--,--,--,--,--,--,--,--,--,--,--,--,1.6,4.3,0,0,--,--
2011,PB,Rural,Estadual,80.3,84.4,73.6,86.6,85.7,85.2,82,82.9,67.8,73.3,77.4,79.8,71.3,63.7,72,82.4,--,--,11.2,10,13,6.9,9.6,10.3,12,10.5,19.9,11.9,9.1,7,7.3,9.6,6.8,4.3,--,--,8.5,5.6,13.4,6.5,4.7,4.5,6,6.6,12.3,14.8,13.5,13.2,21.4,26.7,21.2,13.3,--,--
2011,PB,Urbana,Total,81.2,87.4,75,92.4,86.8,84.9,86.4,87.4,66.6,74.6,80.6,83.1,76,67.7,79,85.4,87.6,39.3,11.8,9,14.7,4,9.3,11.9,10.1,8.6,20.5,15.6,11,8.5,7.7,10.9,6.8,3.6,2.2,3.6,7,3.6,10.3,3.6,3.9,3.2,3.5,4,12.9,9.8,8.4,8.4,16.3,21.4,14.2,11,10.2,57.1
2011,PB,Urbana,Publico,78.1,84.7,72,91.1,84,81.5,83.5,84.9,62.9,71.7,78.2,81,72.8,64.2,76.3,82.9,87.4,39.3,13.6,10.8,16.2,4.3,11.2,14.6,12.2,10.2,22.5,17,11.9,9.1,8.1,11.3,7.1,4,2.1,3.6,8.3,4.5,11.8,4.6,4.8,3.9,4.3,4.9,14.6,11.3,9.9,9.9,19.1,24.5,16.6,13.1,10.5,57.1
2011,PB,Urbana,Particular,96.3,97.5,94.3,96.2,97.3,98,98.2,97.8,95,93.8,94.4,94.1,94,91.3,93.6,97.6,97.4,--,3.3,2.1,5.3,3,2.2,1.6,1.6,1.9,4.6,5.8,5.3,5.5,5.3,8.2,5.2,1.9,2.6,--,0.4,0.4,0.4,0.8,0.5,0.4,0.2,0.3,0.4,0.4,0.3,0.4,0.7,0.5,1.2,0.5,0,--
2011,PB,Urbana,Municipal,80.1,84.5,74.6,91.7,82.4,81,84.1,85.1,66.3,73.9,81.4,84.5,75.8,64.6,81.9,87,90.9,--,13.5,11.4,16.1,4.4,13.2,15.3,12.3,10.4,22.2,17,11.4,8.2,6.9,11.3,4.7,2.4,0,--,6.4,4.1,9.3,3.9,4.4,3.7,3.6,4.5,11.5,9.1,7.2,7.3,17.3,24.1,13.4,10.6,9.1,--
2011,PB,Urbana,Federal,69.1,69.1,--,80,90,50,37.5,80,--,--,--,--,81.6,74,81.7,88.7,94.4,--,1.8,1.8,--,0,0,0,0,20,--,--,--,--,12.7,18.2,11.7,8.3,5,--,29.1,29.1,--,20,10,50,62.5,0,--,--,--,--,5.7,7.8,6.6,3,0.6,--
2011,PB,Urbana,Estadual,75,85,69.3,89.2,88.2,82.6,82.5,84.5,58.9,69,75,78.2,72.6,64,76,82.7,83.9,39.3,13.8,9.5,16.2,4.1,5.9,12.9,12,9.8,23,17,12.5,9.7,8,11.2,7.1,4,1.6,3.6,11.2,5.5,14.5,6.7,5.9,4.5,5.5,5.7,18.1,14,12.5,12.1,19.4,24.8,16.9,13.3,14.5,57.1
2011,PE,Total,Total,84.2,88.8,78.7,95.7,94,80,91,85.7,74.5,78.3,83.2,80.3,79.9,75.4,81.7,83.5,88.8,77.8,11.7,9,14.8,2,4.1,17.8,7,11.8,18.6,15.6,11.7,11.8,10,13.3,10.3,6.1,5.6,5.1,4.1,2.2,6.5,2.3,1.9,2.2,2,2.5,6.9,6.1,5.1,7.9,10.1,11.3,8,10.4,5.6,17.1
2011,PE,Total,Publico,81.5,86.5,76,95.6,93.1,75.4,89.2,82.9,71,75.5,81,78.2,78.1,73.6,79.7,81.7,88.7,76.9,13.5,10.8,16.4,1.6,4.6,21.8,8.3,14.1,21,17.4,13,12.6,10.6,13.9,11.1,6.6,5.7,5,5,2.7,7.6,2.8,2.3,2.8,2.5,3,8,7.1,6,9.2,11.3,12.5,9.2,11.7,5.6,18.1
2011,PE,Total,Particular,95.6,96.9,93.6,96,97,97.3,97.1,96.9,94.3,93.8,93.8,92,93.4,90.2,93.8,96.7,95.8,92.1,3.9,2.7,5.9,3.2,2.5,2.3,2.6,2.9,5.2,5.7,5.6,7.3,5.6,8.8,5.2,2.5,1.4,6.6,0.5,0.4,0.5,0.8,0.5,0.4,0.3,0.2,0.5,0.5,0.6,0.7,1,1,1,0.8,2.8,1.3
2011,PE,Total,Municipal,82.5,86.5,74.3,95.7,92.9,75.3,88.5,82.9,69.6,72.5,80.1,79.3,73.1,58,77.8,81.9,87.5,--,12.8,10.8,17,1.6,4.8,21.9,8.9,14.1,21.5,18.6,12.2,11.4,7.7,11.4,8.9,4.8,2.4,--,4.7,2.7,8.7,2.7,2.3,2.8,2.6,3,8.9,8.9,7.7,9.3,19.2,30.6,13.3,13.3,10.1,--
2011,PE,Total,Federal,93.5,--,93.5,--,--,--,--,--,89.1,93.3,95.9,94.6,71.6,73.1,71.9,72.2,63,73.5,6.5,--,6.5,--,--,--,--,--,10.9,6.7,4.1,5.4,26.1,22.1,27.8,27.4,36.5,21.4,0,--,0,--,--,--,--,--,0,0,0,0,2.3,4.8,0.3,0.4,0.5,5.1
2011,PE,Total,Estadual,78.9,86.9,77.5,91.5,95.3,76.6,96.2,83.1,72.8,78.8,81.7,77.4,78.3,73.8,79.9,81.8,91.8,77.1,15.2,10.7,15.9,4.6,2.4,21.2,2.2,14.1,20.4,16.1,13.6,13.4,10.4,13.8,10.9,6.4,2.6,3.9,5.9,2.4,6.6,3.9,2.3,2.2,1.6,2.8,6.8,5.1,4.7,9.2,11.3,12.4,9.2,11.8,5.6,19
2011,PE,Rural,Total,83.4,85.9,77.8,95.1,91.7,76.6,86.6,82.1,71.4,77.7,81.7,84.2,79.9,75.6,80.8,85.5,95.8,71.3,12.5,11.4,14.9,2.5,6.1,20.7,10.7,14.9,20.6,15.2,11.5,8.6,9.6,12.2,9.7,4.8,1.1,21.5,4.1,2.7,7.3,2.4,2.2,2.7,2.7,3,8,7.1,6.8,7.2,10.5,12.2,9.5,9.7,3.1,7.2
2011,PE,Rural,Publico,83.4,85.9,77.7,95.3,91.7,76.4,86.6,82,71.4,77.6,81.6,84.1,79.9,75.6,80.8,85.5,95.8,71.3,12.5,11.4,14.9,2.3,6.1,20.8,10.7,14.9,20.6,15.2,11.5,8.6,9.5,12.2,9.7,4.8,1.1,21.5,4.1,2.7,7.4,2.4,2.2,2.8,2.7,3.1,8,7.2,6.9,7.3,10.6,12.2,9.5,9.7,3.1,7.2
2011,PE,Rural,Particular,87.9,88.1,87.5,81.9,90.5,89.2,89.3,90.4,75,89.2,100,98.9,76,75,76.9,--,--,--,11.3,11.1,11.8,17.1,8.8,9.7,9.9,9.1,24.5,9,0,1.1,22,25,19.2,--,--,--,0.8,0.8,0.7,1,0.7,1.1,0.8,0.5,0.5,1.8,0,0,2,0,3.9,--,--,--
2011,PE,Rural,Municipal,83.8,86.1,77.5,95.5,91.9,76.7,86.5,82.2,71.2,77,81.4,85,80.7,73.3,81.8,91.5,100,--,12.3,11.3,15.1,2,6,20.5,10.7,14.8,21,15.6,11.2,8.1,10.8,15.2,11.6,2.4,0,--,3.9,2.6,7.4,2.5,2.1,2.8,2.8,3,7.8,7.4,7.4,6.9,8.5,11.5,6.6,6.1,0,--
2011,PE,Rural,Federal,--,--,--,--,--,--,--,--,--,--,--,--,85.4,79.2,92,90.8,--,100,--,--,--,--,--,--,--,--,--,--,--,--,11.5,14.7,8,8.9,--,0,--,--,--,--,--,--,--,--,--,--,--,--,3.1,6.1,0,0.3,--,0
2011,PE,Rural,Estadual,79.5,81,78.8,87.9,86.2,70.7,87.2,77.7,72.6,80.3,82.2,81.4,79.5,75.5,80.2,85,95.2,70.5,14.5,15.3,14.1,8.6,9.8,26.1,9.9,17.6,18.8,13.5,12.7,10.4,9.4,11.9,9.7,4.6,1.2,22.1,6,3.7,7.1,3.5,4,3.2,2.9,4.7,8.6,6.2,5.1,8.2,11.1,12.6,10.1,10.4,3.6,7.4
2011,PE,Urbana,Total,84.3,89.8,78.8,95.9,94.8,81.1,92.5,87,75.1,78.4,83.4,79.8,79.9,75.4,81.8,83.3,88.7,78.3,11.5,8.2,14.8,1.9,3.4,16.8,5.7,10.8,18.3,15.7,11.8,12.2,10,13.4,10.3,6.2,5.7,4,4.2,2,6.4,2.2,1.8,2.1,1.8,2.2,6.6,5.9,4.8,8,10.1,11.2,7.9,10.5,5.6,17.7
2011,PE,Urbana,Publico,80.8,86.9,75.6,95.8,93.8,75,90.6,83.3,70.9,75.1,80.9,77.3,78,73.4,79.6,81.5,88.6,77.3,13.8,10.5,16.7,1.3,3.9,22.3,7.1,13.7,21.1,17.8,13.2,13.2,10.7,14,11.2,6.7,5.7,3.8,5.4,2.6,7.7,2.9,2.3,2.7,2.3,3,8,7.1,5.9,9.5,11.3,12.6,9.2,11.8,5.7,18.9
2011,PE,Urbana,Particular,95.7,97,93.6,96.2,97.1,97.4,97.2,97,94.5,93.8,93.8,92,93.4,90.2,93.8,96.7,95.8,92.1,3.8,2.6,5.9,3,2.5,2.3,2.5,2.8,5,5.7,5.7,7.3,5.6,8.7,5.1,2.5,1.4,6.6,0.5,0.4,0.5,0.8,0.4,0.3,0.3,0.2,0.5,0.5,0.5,0.7,1,1.1,1.1,0.8,2.8,1.3
2011,PE,Urbana,Municipal,81.9,86.7,73.2,95.8,93.5,74.7,89.6,83.2,69,71,79.7,77.3,71.5,53.8,76.4,80.1,87.3,--,13.1,10.6,17.6,1.3,4.1,22.5,7.9,13.7,21.7,19.6,12.6,12.5,7.1,10.3,8,5.3,2.4,--,5,2.7,9.2,2.9,2.4,2.8,2.5,3.1,9.3,9.4,7.7,10.2,21.4,35.9,15.6,14.6,10.3,--
2011,PE,Urbana,Federal,93.5,--,93.5,--,--,--,--,--,89.1,93.3,95.9,94.6,67.7,70.5,66.7,65.5,63,72.7,6.5,--,6.5,--,--,--,--,--,10.9,6.7,4.1,5.4,30.2,25.2,32.9,34.1,36.5,22,0,--,0,--,--,--,--,--,0,0,0,0,2.1,4.3,0.4,0.4,0.5,5.3
2011,PE,Urbana,Estadual,78.8,88.1,77.4,95,97.5,77.8,97.8,83.8,72.8,78.7,81.7,77.2,78.2,73.6,79.8,81.6,91.8,77.6,15.3,9.8,16.1,0.7,0.7,20.3,0.9,13.6,20.6,16.3,13.7,13.6,10.4,13.9,11,6.5,2.6,2.4,5.9,2.1,6.5,4.3,1.8,1.9,1.3,2.6,6.6,5,4.6,9.2,11.4,12.5,9.2,11.9,5.6,20
2011,AL,Total,Total,77.2,84.7,68.7,94.4,94.3,72.9,91.6,76.7,60.4,69.1,73.3,76.6,70.4,62.3,73,80.5,89.2,61.6,15.2,12,18.8,2.3,3,23.8,5.7,19.1,25.5,19.1,14.9,11.5,10.9,14.4,9.3,7.1,3,22.4,7.6,3.3,12.5,3.3,2.7,3.3,2.7,4.2,14.1,11.8,11.8,11.9,18.7,23.3,17.7,12.4,7.8,16
2011,AL,Total,Publico,74.7,82.8,65.8,93.6,93.5,69.9,90.6,74.3,57.1,66.3,70.8,74.2,67,59.2,69.7,77.2,88.8,46.8,16.7,13.5,20.2,2.5,3.3,26.3,6.4,21.1,27.3,20.7,16,12.2,11.4,14.6,9.6,8,3.1,29.1,8.6,3.7,14,3.9,3.2,3.8,3,4.6,15.6,13,13.2,13.6,21.6,26.2,20.7,14.8,8.1,24.1
2011,AL,Total,Particular,95.5,97.7,92.4,98.3,98.4,96.9,98.4,96.6,91.5,92.9,92.8,92.6,91,85.9,91.5,96.7,100,87,4,1.8,7,0.8,1.1,2.7,1.3,3.1,7.9,6.5,6.5,6.8,8,12.7,7.4,2.9,0,10.9,0.5,0.5,0.6,0.9,0.5,0.4,0.3,0.3,0.6,0.6,0.7,0.6,1,1.4,1.1,0.4,0,2.1
2011,AL,Total,Municipal,76.5,83.1,66.8,94,94,70,90.9,74.4,58.5,67.1,71.2,76.3,72.5,57.9,75.8,79.1,88.1,--,16.1,13.4,20,2.4,3,26.4,6.3,21.3,27.3,20.1,16.1,11.3,5.1,9.9,5.6,0.7,0.7,--,7.4,3.5,13.2,3.6,3,3.6,2.8,4.3,14.2,12.8,12.7,12.4,22.4,32.2,18.6,20.2,11.2,--
2011,AL,Total,Federal,--,--,--,--,--,--,--,--,--,--,--,--,63.4,55.2,71.3,79,100,--,--,--,--,--,--,--,--,--,--,--,--,--,23.1,25.2,25.6,19.5,0,--,--,--,--,--,--,--,--,--,--,--,--,--,13.5,19.6,3.1,1.5,0,--
2011,AL,Total,Estadual,67.1,78.9,63.3,87.5,86.9,68.8,88.4,72.9,53.8,64,69.9,70,67.1,59.3,69.7,77.1,87.2,46.8,19.2,14.9,20.6,4.8,7.2,25.6,6.8,19.5,27.3,22,15.7,14,11.1,14.2,9.4,7.8,4,29.1,13.7,6.2,16.1,7.7,5.9,5.6,4.8,7.6,18.9,14,14.4,16,21.8,26.5,20.9,15.1,8.8,24.1
2011,AL,Rural,Total,78.7,82.1,70.6,94.4,94.9,67.7,92.9,71,60.8,71.3,75.4,82.4,70.8,62.2,72.3,84.4,--,--,16.1,14.6,19.7,2.4,2.5,29.1,4.5,24.6,28.4,19.4,15.2,8.8,12,15.9,11.3,6,--,--,5.2,3.3,9.7,3.2,2.6,3.2,2.6,4.4,10.8,9.3,9.4,8.8,17.2,21.9,16.4,9.6,--,--
2011,AL,Rural,Publico,78.6,82,70.5,94.4,94.9,67.6,92.8,70.9,60.8,71.3,75.4,82.4,70.8,62.2,72.3,84.4,--,--,16.2,14.7,19.7,2.4,2.5,29.2,4.5,24.7,28.4,19.4,15.2,8.8,12,15.9,11.3,6,--,--,5.2,3.3,9.8,3.2,2.6,3.2,2.7,4.4,10.8,9.3,9.4,8.8,17.2,21.9,16.4,9.6,--,--
2011,AL,Rural,Particular,92.4,92.9,89.4,95.4,93.5,85.8,98.3,91.6,84.4,80.6,97.5,100,--,--,--,--,--,--,6.5,5.8,10.6,1,6,12.9,1.7,8.4,15.6,19.4,2.5,0,--,--,--,--,--,--,1.1,1.3,0,3.6,0.5,1.3,0,0,0,0,0,0,--,--,--,--,--,--
2011,AL,Rural,Municipal,78.7,82,70.6,94.6,95,67.4,92.8,70.9,60.7,71.4,75.3,82.7,85.7,87.5,81,91.7,--,--,16.2,14.7,19.8,2.4,2.5,29.3,4.5,24.7,28.5,19.3,15.4,8.7,4.1,0,4.8,8.3,--,--,5.1,3.3,9.6,3,2.5,3.3,2.7,4.4,10.8,9.3,9.3,8.6,10.2,12.5,14.2,0,--,--
2011,AL,Rural,Estadual,75.4,82.4,69.8,88.2,92.3,74.8,93.4,69.5,60.9,68.4,75.7,78.9,70.6,62,72.2,84.3,--,--,16.7,13.7,19.2,4.3,4.6,24,3.5,25.1,27.9,21.1,13.3,9.6,12.1,16,11.4,5.9,--,--,7.9,3.9,11,7.5,3.1,1.2,3.1,5.4,11.2,10.5,11,11.5,17.3,22,16.4,9.8,--,--
2011,AL,Urbana,Total,76.7,85.9,68.3,94.3,94,75.5,91.1,79.6,60.3,68.7,73,75.6,70.4,62.3,73,80.3,89.2,61.6,14.8,10.7,18.6,2.2,3.2,21,6.2,16.3,24.9,19.1,14.8,11.9,10.9,14.3,9.2,7.2,3,22.4,8.5,3.4,13.1,3.5,2.8,3.5,2.7,4.1,14.8,12.2,12.2,12.5,18.7,23.4,17.8,12.5,7.8,16
2011,AL,Urbana,Publico,73.3,83.2,64.8,93.2,92.8,71.3,89.4,76.3,56.3,65.1,69.9,72.7,66.8,59,69.6,76.9,88.8,46.8,16.8,12.8,20.3,2.6,3.8,24.6,7.3,18.9,27.1,21,16.1,12.8,11.4,14.6,9.6,8.1,3.1,29.1,9.9,4,14.9,4.2,3.4,4.1,3.3,4.8,16.6,13.9,14,14.5,21.8,26.4,20.8,15,8.1,24.1
2011,AL,Urbana,Particular,95.5,97.8,92.4,98.4,98.5,97.1,98.4,96.6,91.5,93,92.8,92.6,91,85.9,91.5,96.7,100,87,4,1.7,6.9,0.8,1,2.5,1.2,3,7.8,6.4,6.6,6.8,8,12.7,7.4,2.9,0,10.9,0.5,0.5,0.7,0.8,0.5,0.4,0.4,0.4,0.7,0.6,0.6,0.6,1,1.4,1.1,0.4,0,2.1
2011,AL,Urbana,Municipal,75.4,83.9,65.7,93.7,93.5,71.8,89.7,76.8,57.8,65.8,70,74.6,71.4,55.8,74.8,77.9,88.1,--,16,12.5,20.1,2.4,3.4,24.5,7.4,18.9,27,20.4,16.3,12,5.2,10.6,5.8,0,0.7,--,8.6,3.6,14.2,3.9,3.1,3.7,2.9,4.3,15.2,13.8,13.7,13.4,23.4,33.6,19.4,22.1,11.2,--
2011,AL,Urbana,Federal,--,--,--,--,--,--,--,--,--,--,--,--,63.4,55.2,71.3,79,100,--,--,--,--,--,--,--,--,--,--,--,--,--,23.1,25.2,25.6,19.5,0,--,--,--,--,--,--,--,--,--,--,--,--,--,13.5,19.6,3.1,1.5,0,--
2011,AL,Urbana,Estadual,66.6,78.5,63.1,87.3,86.3,68.2,87.8,73.2,53.5,63.9,69.7,69.7,66.9,59.2,69.6,76.8,87.2,46.8,19.4,15,20.7,4.9,7.5,25.8,7.1,19,27.3,22.1,15.8,14.2,11.1,14.1,9.3,7.9,4,29.1,14,6.5,16.2,7.8,6.2,6,5.1,7.8,19.2,14,14.5,16.1,22,26.7,21.1,15.3,8.8,24.1
2011,SE,Total,Total,76,81.8,69,96.4,75.1,78.3,81.2,81.9,59.7,68.8,75.1,79.4,73.1,64.3,74.4,84.7,86.6,97.1,19.5,15.8,24,1.6,22.5,19.4,16.4,15,32.3,24.8,18.4,13.7,13.7,19,13.3,6.4,3.9,2.9,4.5,2.4,7,2,2.4,2.3,2.4,3.1,8,6.4,6.5,6.9,13.2,16.7,12.3,8.9,9.5,0
2011,SE,Total,Publico,72.6,78.8,65.3,96.1,71.2,74.6,78.3,79.2,55.5,65.4,72,76.7,69.7,60.7,70.9,82.1,86.6,--,22.1,18.4,26.5,1.5,26,22.7,18.9,17.2,35.4,27.2,20.3,14.9,14.7,19.8,14.4,7.1,3.9,--,5.3,2.8,8.2,2.4,2.8,2.7,2.8,3.6,9.1,7.4,7.7,8.4,15.6,19.5,14.7,10.8,9.5,--
2011,SE,Total,Particular,93.7,96.5,89.9,97.5,95.2,96.7,96.9,96.1,89.7,88.9,90.4,90.9,90.3,84.8,91.2,95.9,--,97.1,5.9,3.2,9.7,1.9,4.3,2.9,2.9,3.7,9.9,10.8,9.1,8.7,8.9,14.2,7.9,3.4,--,2.9,0.4,0.3,0.4,0.6,0.5,0.4,0.2,0.2,0.4,0.3,0.5,0.4,0.8,1,0.9,0.7,--,0
2011,SE,Total,Municipal,72.9,77.4,65.1,96.1,70.2,72.5,75.9,77.9,55.3,66,73.4,78.3,92.8,85.5,96.8,96,--,--,22,19.6,26.1,1.6,27,24.7,21.1,18.3,35.1,26.2,18.1,12.5,0.6,1.8,0,0,--,--,5.1,3,8.8,2.3,2.8,2.8,3,3.8,9.6,7.8,8.5,9.2,6.6,12.7,3.2,4,--,--
2011,SE,Total,Federal,90.7,--,90.7,--,--,--,--,--,75.4,91.5,98.1,97.1,79.5,71.6,76.9,91.2,84.8,--,9.3,--,9.3,--,--,--,--,--,24.6,8.5,1.9,2.9,16.4,21.2,20.3,8.5,9.9,--,0,--,0,--,--,--,--,--,0,0,0,0,4.1,7.2,2.8,0.3,5.3,--
2011,SE,Total,Estadual,72.1,83.1,65.4,96.1,74.9,81.7,85.1,82.9,55.6,64.6,70.6,75.3,69.4,60.4,70.7,81.9,87,--,22.2,14.4,27,1.5,22.7,16,12.5,14.3,35.8,28.5,22.5,16.8,14.7,19.8,14.3,7,2.5,--,5.7,2.5,7.6,2.4,2.4,2.3,2.4,2.8,8.6,6.9,6.9,7.9,15.9,19.8,15,11.1,10.5,--
2011,SE,Rural,Total,75,78.3,68.1,96.7,69.6,74,77.1,79.8,57.6,69.1,76.1,82.4,77.3,70.1,74.8,90.7,90.1,--,20.7,19.4,23.5,1.8,28.5,23.9,20.2,17.2,33.4,23.4,15.4,9.3,9,11.8,11.1,2,4.9,--,4.3,2.3,8.4,1.5,1.9,2.1,2.7,3,9,7.5,8.5,8.3,13.7,18.1,14.1,7.3,5,--
2011,SE,Rural,Publico,74.9,78.2,68.1,96.7,69.4,73.9,77,79.7,57.5,69.1,76.1,82.4,77.3,70.1,74.8,90.7,90.1,--,20.8,19.5,23.5,1.8,28.6,24,20.3,17.3,33.5,23.4,15.5,9.3,9,11.8,11.1,2,4.9,--,4.3,2.3,8.4,1.5,2,2.1,2.7,3,9,7.5,8.4,8.3,13.7,18.1,14.1,7.3,5,--
2011,SE,Rural,Particular,91.2,93.1,83.7,98.3,88.5,98.1,93,91.7,78.8,78.6,100,84.6,--,--,--,--,--,--,8.6,6.6,16.3,1.7,11.5,1.9,5.6,8.3,21.2,21.4,0,15.4,--,--,--,--,--,--,0.2,0.3,0,0,0,0,1.4,0,0,0,0,0,--,--,--,--,--,--
2011,SE,Rural,Municipal,74.7,78,67.6,96.7,69.2,73.6,76.6,79.5,57.2,68.3,75.4,83,--,--,--,--,--,--,21,19.7,23.8,1.8,28.8,24.3,20.7,17.4,33.6,23.9,15.7,8.8,--,--,--,--,--,--,4.3,2.3,8.6,1.5,2,2.1,2.7,3.1,9.2,7.8,8.9,8.2,--,--,--,--,--,--
2011,SE,Rural,Federal,--,--,--,--,--,--,--,--,--,--,--,--,79.7,69.3,81.3,95,84.6,--,--,--,--,--,--,--,--,--,--,--,--,--,14.8,19.8,16.7,4.5,13.5,--,--,--,--,--,--,--,--,--,--,--,--,--,5.5,10.9,2,0.5,1.9,--
2011,SE,Rural,Estadual,78.5,84.1,72.9,97.5,76.5,82.6,85.3,83.3,61.1,76.9,82.7,77.9,76.6,70.3,73.7,89.6,93.3,--,17.4,14,20.8,0.6,22.2,15.7,12,14.9,31.7,18.2,12.8,13.2,7.6,9.5,10.2,1.4,0,--,4.1,1.9,6.3,1.9,1.3,1.7,2.7,1.8,7.2,4.9,4.5,8.9,15.8,20.2,16.1,9,6.7,--
2011,SE,Urbana,Total,76.4,83.4,69.1,96.3,77.8,80.3,83.2,82.9,60.2,68.8,74.9,78.8,72.8,64,74.3,84.4,86.1,97.1,19,14.1,24.1,1.5,19.7,17.3,14.5,14,32,25.2,19.1,14.5,14,19.4,13.4,6.6,3.7,2.9,4.6,2.5,6.8,2.2,2.5,2.4,2.3,3.1,7.8,6,6,6.7,13.2,16.6,12.3,9,10.2,0
2011,SE,Urbana,Publico,71.6,79.1,64.5,95.7,72.3,75.1,79.1,79,54.8,64.3,71,75.4,69.2,60.2,70.6,81.6,86.1,--,22.6,17.7,27.3,1.4,24.4,21.9,18,17.1,36,28.3,21.6,16.2,15,20.3,14.6,7.4,3.7,--,5.8,3.2,8.2,2.9,3.3,3,2.9,3.9,9.2,7.4,7.4,8.4,15.8,19.5,14.8,11,10.2,--
2011,SE,Urbana,Particular,93.8,96.5,90,97.5,95.3,96.7,97,96.1,89.8,89,90.4,90.9,90.3,84.8,91.2,95.9,--,97.1,5.9,3.1,9.7,1.9,4.2,2.9,2.8,3.7,9.9,10.7,9.2,8.6,8.9,14.2,7.9,3.4,--,2.9,0.3,0.4,0.3,0.6,0.5,0.4,0.2,0.2,0.3,0.3,0.4,0.5,0.8,1,0.9,0.7,--,0
2011,SE,Urbana,Municipal,71.5,76.9,63.6,95.6,71.1,71.5,75.2,76.4,54.2,64.6,72.2,75.4,92.8,85.5,96.8,96,--,--,22.8,19.5,27.5,1.3,25.3,25.1,21.6,19,35.9,27.6,19.6,14.8,0.6,1.8,0,0,--,--,5.7,3.6,8.9,3.1,3.6,3.4,3.2,4.6,9.9,7.8,8.2,9.8,6.6,12.7,3.2,4,--,--
2011,SE,Urbana,Federal,90.7,--,90.7,--,--,--,--,--,75.4,91.5,98.1,97.1,79.3,74.7,72.1,87.4,84.9,--,9.3,--,9.3,--,--,--,--,--,24.6,8.5,1.9,2.9,18.1,23.3,24.4,12.6,8.6,--,0,--,0,--,--,--,--,--,0,0,0,0,2.6,2,3.5,0,6.5,--
2011,SE,Urbana,Estadual,71.8,83,65,96,74.7,81.7,85.1,82.8,55.3,64,70.1,75.2,69,60,70.5,81.5,86.3,--,22.5,14.4,27.3,1.5,22.7,16,12.6,14.2,36,28.9,22.9,17,15,20.3,14.5,7.3,2.8,--,5.7,2.6,7.7,2.5,2.6,2.3,2.3,3,8.7,7.1,7,7.8,16,19.7,15,11.2,10.9,--
2011,BA,Total,Total,79.5,84.8,73.2,94.8,86.9,77.7,83.1,84.2,67.1,72.6,76.5,80,72.6,65.9,74.7,79.3,90.3,51.3,15,11.7,19.1,2.2,9.8,18.7,13.2,12,24.1,19.8,16.3,13,14.9,19.6,12.9,11,4.1,36.7,5.5,3.5,7.7,3,3.3,3.6,3.7,3.8,8.8,7.6,7.2,7,12.5,14.5,12.4,9.7,5.6,12
2011,BA,Total,Publico,77.9,83.3,71.4,94.5,85.6,75.7,81.5,82.8,65.1,70.9,74.9,78.6,71.2,64.3,73.3,78,90.3,40.2,16.1,12.8,20.1,2.2,10.7,20.4,14.3,13,25.5,20.8,17.1,13.7,15.5,20.2,13.3,11.6,4.2,44.3,6,3.9,8.5,3.3,3.7,3.9,4.2,4.2,9.4,8.3,8,7.7,13.3,15.5,13.4,10.4,5.5,15.5
2011,BA,Total,Particular,95.3,97.2,92.5,96.9,97.1,97.5,97.3,97.2,92.8,92.1,92.5,92.5,92,87.8,92.7,96.5,100,88.9,4.3,2.4,7.1,2.5,2.4,2.3,2.5,2.6,6.7,7.5,7.1,7,7.4,11.2,6.8,3,0,11.1,0.4,0.4,0.4,0.6,0.5,0.2,0.2,0.2,0.5,0.4,0.4,0.5,0.6,1,0.5,0.5,0,0
2011,BA,Total,Municipal,79.9,83.5,73.7,94.5,85.5,75.8,81.8,83.2,66.9,72.9,77.7,83,79.5,69,81.5,87.8,96.1,64.3,14.3,12.7,17.2,2.2,10.8,20.3,14.1,12.7,22.9,17.9,13.8,9.2,6.9,11.6,6.2,2.9,0.1,3.6,5.8,3.8,9.1,3.3,3.7,3.9,4.1,4.1,10.2,9.2,8.5,7.8,13.6,19.4,12.3,9.3,3.8,32.1
2011,BA,Total,Federal,96.4,--,96.4,--,--,--,--,--,99,96.8,96.9,93.2,79,70.2,86.5,91.5,88.8,33,3.6,--,3.6,--,--,--,--,--,1,3.2,3.1,6.8,17.4,25.4,11.4,5.6,7.2,56.4,0,--,0,--,--,--,--,--,0,0,0,0,3.6,4.4,2.1,2.9,4,10.6
2011,BA,Total,Estadual,67.8,77,67,91.8,93.8,70.2,74.1,74.9,60.7,66.8,70.3,71.7,71,64.2,73,77.7,89.3,--,25.2,17,25.9,2.3,1.9,22.6,20.3,18.9,32,26.7,22.8,20.7,15.7,20.3,13.5,11.8,4.8,--,7,6,7.1,5.9,4.3,7.2,5.6,6.2,7.3,6.5,6.9,7.6,13.3,15.5,13.5,10.5,5.9,--
2011,BA,Rural,Total,80.9,83.2,76.3,94.2,84.1,77.4,80.2,83.1,68.4,75.6,81.1,86.3,78.8,70.9,80.9,87.8,94.6,40.2,13.6,13,14.7,2.8,12.3,18.7,15.7,12.6,21.4,15.4,10.3,6.3,9.4,13.6,7.3,5.2,0.9,44.3,5.5,3.8,9,3,3.6,3.9,4.1,4.3,10.2,9,8.6,7.4,11.8,15.5,11.8,7,4.5,15.5
2011,BA,Rural,Publico,80.8,83.2,76.2,94.1,84.1,77.3,80.2,83.1,68.3,75.6,81.1,86.2,78.4,70.2,80.4,88,94.6,40.2,13.6,13,14.7,2.8,12.4,18.7,15.7,12.6,21.4,15.5,10.3,6.3,9.4,13.9,7.5,4.8,0.9,44.3,5.6,3.8,9.1,3.1,3.5,4,4.1,4.3,10.3,8.9,8.6,7.5,12.2,15.9,12.1,7.2,4.5,15.5
2011,BA,Rural,Particular,94.9,95.8,93.5,95.5,94.3,98.4,97.8,94,90.5,95,93.4,95,91,92.7,96.1,84.8,--,--,4.6,3.4,6.2,4.1,4.2,1.6,2.2,4.4,9.5,4.6,6.6,4.6,8.4,6.3,3,15.2,--,--,0.5,0.8,0.3,0.4,1.5,0,0,1.6,0,0.4,0,0.4,0.6,1,0.9,0,--,--
2011,BA,Rural,Municipal,80.9,83.2,76.3,94.2,84.1,77.4,80.2,83.1,68.3,75.7,81.1,86.6,80.1,70.7,81.6,91.4,92.9,64.3,13.6,13,14.7,2.8,12.4,18.7,15.7,12.6,21.4,15.4,10.3,6,6.1,10,5.4,1.9,0,3.6,5.5,3.8,9,3,3.5,3.9,4.1,4.3,10.3,8.9,8.6,7.4,13.8,19.3,13,6.7,7.1,32.1
2011,BA,Rural,Federal,--,--,--,--,--,--,--,--,--,--,--,--,84.8,84.4,92.8,92,--,33,--,--,--,--,--,--,--,--,--,--,--,--,11.8,11.3,6.3,5.2,--,56.4,--,--,--,--,--,--,--,--,--,--,--,--,3.4,4.3,0.9,2.8,--,10.6
2011,BA,Rural,Estadual,74.7,74,74.8,85.6,90,61.2,73.5,70.5,69.5,71.3,79.7,80.1,77.4,69.2,79.1,86.7,95.4,--,15.4,12.2,16.1,0,0,21.3,16.2,14.5,21.6,17.8,11.8,12.1,10.3,15.1,8.2,5.6,1.4,--,9.9,13.8,9.1,14.4,10,17.5,10.3,15,8.9,10.9,8.5,7.8,12.3,15.7,12.7,7.7,3.2,--
2011,BA,Urbana,Total,79,85.7,72.3,95.2,88.6,77.9,84.8,84.9,66.7,71.7,75.2,78.3,72.4,65.6,74.4,78.9,90,88.9,15.7,11,20.3,1.9,8.2,18.7,11.7,11.6,25,21.1,17.9,14.8,15.2,19.9,13.1,11.3,4.4,11.1,5.3,3.3,7.4,2.9,3.2,3.4,3.5,3.5,8.3,7.2,6.9,6.9,12.4,14.5,12.5,9.8,5.6,0
2011,BA,Urbana,Publico,76.4,83.4,69.9,94.7,86.8,74.5,82.5,82.7,64,69.4,73,76.4,70.9,64,73,77.5,89.9,--,17.4,12.7,21.9,1.8,9.5,21.5,13.4,13.2,27,22.6,19.3,15.8,15.8,20.5,13.6,11.9,4.5,--,6.2,3.9,8.2,3.5,3.7,4,4.1,4.1,9,8,7.7,7.8,13.3,15.5,13.4,10.6,5.6,--
2011,BA,Urbana,Particular,95.3,97.2,92.5,96.9,97.1,97.5,97.2,97.2,92.8,92.1,92.5,92.5,92,87.7,92.7,96.8,100,88.9,4.2,2.4,7.1,2.5,2.4,2.3,2.5,2.6,6.7,7.5,7.1,7,7.3,11.3,6.8,2.7,0,11.1,0.5,0.4,0.4,0.6,0.5,0.2,0.3,0.2,0.5,0.4,0.4,0.5,0.7,1,0.5,0.5,0,0
2011,BA,Urbana,Municipal,79.3,83.6,72.2,94.8,86.6,74.6,82.9,83.2,66.1,71.4,75.7,81,78.8,67,81.5,83.6,96.8,--,14.8,12.5,18.6,1.7,9.7,21.4,13,12.8,23.7,19.3,15.9,11,7.8,13.5,7.3,4.1,0.2,--,5.9,3.9,9.2,3.5,3.7,4,4.1,4,10.2,9.3,8.4,8,13.4,19.5,11.2,12.3,3,--
2011,BA,Urbana,Federal,96.4,--,96.4,--,--,--,--,--,99,96.8,96.9,93.2,76.5,65.5,83.7,91.3,88.8,--,3.6,--,3.6,--,--,--,--,--,1,3.2,3.1,6.8,19.8,30.1,13.6,5.8,7.2,--,0,--,0,--,--,--,--,--,0,0,0,0,3.7,4.4,2.7,2.9,4,--
2011,BA,Urbana,Estadual,67.6,77.2,66.8,93,94.2,71.3,74.1,75.1,60.4,66.6,70,71.5,70.8,64,72.8,77.4,88.8,--,25.5,17.4,26.1,2.7,2.1,22.8,20.5,19.1,32.3,26.9,23.1,20.9,15.8,20.5,13.6,12,5,--,6.9,5.4,7.1,4.3,3.7,5.9,5.4,5.8,7.3,6.5,6.9,7.6,13.4,15.5,13.6,10.6,6.2,--
2011,MG,Total,Total,90.7,96.3,84.3,98.6,97.2,93.3,97.1,95.9,82.5,85.1,84.1,85.8,78.3,70.1,81.8,86.7,84.5,89.9,7.3,3.1,12.1,0.9,2.4,6.2,2.3,3.4,14,12.3,10.9,10.9,12.6,18.1,10.3,7.6,3.6,5.9,2,0.6,3.6,0.5,0.4,0.5,0.6,0.7,3.5,2.6,5,3.3,9.1,11.8,7.9,5.7,11.9,4.2
2011,MG,Total,Publico,90.1,96,83.2,98.6,97,92.8,97,95.7,81.4,84.2,83.1,84.8,76.7,68.2,80.4,85.4,84.4,87.1,7.8,3.4,12.8,0.9,2.6,6.7,2.4,3.5,14.7,13,11.5,11.5,13.3,18.8,10.9,8.2,3.6,2.7,2.1,0.6,4,0.5,0.4,0.5,0.6,0.8,3.9,2.8,5.4,3.7,10,13,8.7,6.4,12,10.2
2011,MG,Total,Particular,96.7,98.7,94.2,99,98.8,98.7,98.7,98.3,94.7,94,94,94.2,92.7,88.9,93.8,96.2,96.3,91.7,3.2,1.2,5.6,0.9,1.2,1.2,1.3,1.7,5.2,5.9,5.8,5.6,6.8,10.6,5.8,3.4,3.7,7.9,0.1,0.1,0.2,0.1,0,0.1,0,0,0.1,0.1,0.2,0.2,0.5,0.5,0.4,0.4,0,0.4
2011,MG,Total,Municipal,91.8,94.7,84.9,98.2,95.8,90.1,95.7,94.5,82.3,84.4,86.8,87.1,80.6,67.9,83,89.8,92.6,--,6.9,4.7,12.2,1.2,3.7,9.4,3.7,4.8,15.1,12.6,10.2,9.7,13.5,23.2,11.4,6.8,0,--,1.3,0.6,2.9,0.6,0.5,0.5,0.6,0.7,2.6,3,3,3.2,5.9,8.9,5.6,3.4,7.4,--
2011,MG,Total,Federal,93.4,97.9,90.4,100,97.4,99.6,96.5,96.3,91.4,92.4,89.1,89,86,77.5,88.1,93.2,99,--,6.6,2,9.6,0,2.1,0.4,3.5,3.7,8.6,7.6,10.9,11,12.9,20.6,11.2,6.4,0.8,--,0,0.1,0,0,0.5,0,0,0,0,0,0,0,1.1,1.9,0.7,0.4,0.2,--
2011,MG,Total,Estadual,88.4,98.6,82.5,99.3,99.3,98,99.2,97.6,81,84,81.7,83.8,76.5,68.1,80.2,85.1,83.7,87.1,8.6,0.8,13.1,0,0.3,1.5,0.2,1.6,14.6,13.2,11.9,12.3,13.3,18.7,10.8,8.2,3.8,2.7,3,0.6,4.4,0.7,0.4,0.5,0.6,0.8,4.4,2.8,6.4,3.9,10.2,13.2,9,6.7,12.5,10.2
2011,MG,Rural,Total,92.9,95.4,86.8,98.1,95.6,92.5,96.3,95.3,81.8,86.5,88.7,92.3,87.3,81,90.4,93.2,92.9,--,5.4,3.8,9.4,0.9,3.7,6.8,2.8,3.8,14.1,10,7,4.4,6.4,10,4.2,3.7,0,--,1.7,0.8,3.8,1,0.7,0.7,0.9,0.9,4.1,3.5,4.3,3.3,6.3,9,5.4,3.1,7.1,--
2011,MG,Rural,Publico,92.9,95.4,86.7,98.2,95.6,92.5,96.3,95.3,81.8,86.4,88.7,92.3,87.1,80.7,90.2,93.2,92.9,--,5.4,3.8,9.4,0.9,3.7,6.8,2.8,3.8,14.1,10.1,7,4.4,6.5,10.2,4.1,3.7,0,--,1.7,0.8,3.9,0.9,0.7,0.7,0.9,0.9,4.1,3.5,4.3,3.3,6.4,9.1,5.7,3.1,7.1,--
2011,MG,Rural,Particular,94.8,98.6,93,95.1,100,97.6,100,100,90.8,95.4,93.4,92.4,91.8,88.4,94.3,93.2,--,--,4.4,1.4,5.7,4.9,0,2.4,0,0,8.5,3.8,4.4,6.5,5,6.5,4.7,3.6,--,--,0.8,0,1.3,0,0,0,0,0,0.7,0.8,2.2,1.1,3.2,5.1,1,3.2,--,--
2011,MG,Rural,Municipal,93.1,95.1,86.3,98,95.4,91.7,96.1,94.9,80.6,85.6,88.9,92.9,87,80.1,91.4,93.1,--,--,5.5,4.1,10.2,1,3.8,7.6,3.1,4.3,15.7,11.1,7.4,4.1,8,13.2,5.4,2.1,--,--,1.4,0.8,3.5,1,0.8,0.7,0.8,0.8,3.7,3.3,3.7,3,5,6.7,3.2,4.8,--,--
2011,MG,Rural,Federal,--,--,--,--,--,--,--,--,--,--,--,--,83.9,76.4,90.1,89.6,--,--,--,--,--,--,--,--,--,--,--,--,--,--,14,19.6,9,9.9,--,--,--,--,--,--,--,--,--,--,--,--,--,--,2.1,4,0.9,0.5,--,--
2011,MG,Rural,Estadual,92.1,97.8,87.3,99,96.7,97.6,98.1,97.6,83.6,87.7,88.4,91.2,87.9,81.9,90.1,93.9,92.9,--,5.1,1.4,8.2,0,2.5,1.6,0.9,1.5,11.7,8.4,6.3,5,4.6,7.5,2.9,2.5,0,--,2.8,0.8,4.5,1,0.8,0.8,1,0.9,4.7,3.9,5.3,3.8,7.5,10.6,7,3.6,7.1,--
2011,MG,Urbana,Total,90.5,96.4,84.1,98.7,97.4,93.5,97.2,96,82.5,85,83.9,85.4,78.1,69.8,81.6,86.5,84.5,89.9,7.5,3.1,12.3,0.9,2.2,6.1,2.2,3.3,13.9,12.5,11.2,11.3,12.8,18.3,10.5,7.7,3.6,5.9,2,0.5,3.6,0.4,0.4,0.4,0.6,0.7,3.6,2.5,4.9,3.3,9.1,11.9,7.9,5.8,11.9,4.2
2011,MG,Urbana,Publico,89.7,96.1,83,98.6,97.2,92.8,97.1,95.7,81.4,84,82.8,84.3,76.5,67.9,80.1,85.2,84.4,87.1,8,3.3,13,0.9,2.4,6.7,2.3,3.5,14.8,13.2,11.7,12,13.4,19,11,8.3,3.6,2.7,2.3,0.6,4,0.5,0.4,0.5,0.6,0.8,3.8,2.8,5.5,3.7,10.1,13.1,8.9,6.5,12,10.2
2011,MG,Urbana,Particular,96.7,98.7,94.2,99,98.8,98.7,98.7,98.3,94.7,94,94.1,94.2,92.7,88.9,93.8,96.2,96.3,91.7,3.2,1.2,5.6,0.9,1.2,1.2,1.3,1.7,5.2,5.9,5.8,5.6,6.9,10.6,5.8,3.4,3.7,7.9,0.1,0.1,0.2,0.1,0,0.1,0,0,0.1,0.1,0.1,0.2,0.4,0.5,0.4,0.4,0,0.4
2011,MG,Urbana,Municipal,91.6,94.6,84.7,98.2,95.9,89.8,95.6,94.4,82.5,84.3,86.5,86.3,80.2,66.7,82.3,89.7,92.6,--,7.2,4.9,12.5,1.3,3.6,9.8,3.8,4.9,15,12.8,10.6,10.6,13.9,24.2,11.9,7,0,--,1.2,0.5,2.8,0.5,0.5,0.4,0.6,0.7,2.5,2.9,2.9,3.1,5.9,9.1,5.8,3.3,7.4,--
2011,MG,Urbana,Federal,93.4,97.9,90.4,100,97.4,99.6,96.5,96.3,91.4,92.4,89.1,89,86.6,77.8,87.5,94.1,99,--,6.6,2,9.6,0,2.1,0.4,3.5,3.7,8.6,7.6,10.9,11,12.6,20.9,11.8,5.5,0.8,--,0,0.1,0,0,0.5,0,0,0,0,0,0,0,0.8,1.3,0.7,0.4,0.2,--
2011,MG,Urbana,Estadual,88.2,98.6,82.3,99.3,99.5,98.1,99.3,97.6,80.9,83.9,81.5,83.5,76.3,67.8,80,85,83.6,87.1,8.8,0.8,13.3,0,0.1,1.5,0.1,1.6,14.7,13.4,12.1,12.6,13.4,18.9,11,8.4,3.8,2.7,3,0.6,4.4,0.7,0.4,0.4,0.6,0.8,4.4,2.7,6.4,3.9,10.3,13.3,9,6.6,12.6,10.2
2011,ES,Total,Total,87.1,92.3,80.9,97.8,95.6,85.4,90.1,92.9,77.9,79.4,81.5,86.3,73.9,64.7,76.2,86.1,92.6,90.4,11.2,6.9,16.4,1.3,3.8,13.7,9,6.1,19,18,15.8,11.3,18.4,25.1,17.2,8.9,6.5,8.5,1.7,0.8,2.7,0.9,0.6,0.9,0.9,1,3.1,2.6,2.7,2.4,7.7,10.2,6.6,5,0.9,1.1
2011,ES,Total,Publico,85.8,91.4,79.1,97.6,95.1,83.8,89,92.2,75.9,77.6,79.7,85.1,70.8,61.4,73.3,83.8,88.2,89.9,12.3,7.6,17.8,1.4,4.2,15.2,10,6.7,20.8,19.5,17.2,12.2,20.4,27.1,19.1,10.4,10.8,8.9,1.9,1,3.1,1,0.7,1,1,1.1,3.3,2.9,3.1,2.7,8.8,11.5,7.6,5.8,1,1.2
2011,ES,Total,Particular,97,99.1,94.4,99.5,99.3,99.2,99,98.7,96.2,93.9,94.3,93.5,94.1,90.2,94.2,98.8,98.6,100,2.9,0.8,5.4,0.3,0.6,0.8,1,1.2,3.7,6,5.5,6.4,5.4,9.3,5.4,0.8,0.7,0,0.1,0.1,0.2,0.2,0.1,0,0,0.1,0.1,0.1,0.2,0.1,0.5,0.5,0.4,0.4,0.7,0
2011,ES,Total,Municipal,86.8,91.1,80,97.6,94.5,83.5,88.8,91.8,75.8,78,81.1,88.3,92.6,90.2,94.3,86.4,100,--,11.6,7.9,17.3,1.5,4.8,15.5,10.3,7.1,21.1,19.4,16,9.8,5,7.3,5.7,4.5,0,--,1.6,1,2.7,0.9,0.7,1,0.9,1.1,3.1,2.6,2.9,1.9,2.4,2.5,0,9.1,0,--
2011,ES,Total,Federal,--,--,--,--,--,--,--,--,--,--,--,--,87.1,83.4,88.7,90.7,--,89.9,--,--,--,--,--,--,--,--,--,--,--,--,11.7,15.2,10.3,8.6,--,8.9,--,--,--,--,--,--,--,--,--,--,--,--,1.2,1.4,1,0.7,--,1.2
2011,ES,Total,Estadual,83.1,92.7,77.6,97.5,98.2,85.1,90.2,93.6,76,76.8,77.3,80.7,70.2,60.8,72.8,83.7,86.7,--,14.2,6.2,18.8,1.3,1.1,13.7,8.5,5.3,20.1,19.8,19.2,15.5,20.7,27.5,19.4,10.4,12.2,--,2.7,1.1,3.6,1.2,0.7,1.2,1.3,1.1,3.9,3.4,3.5,3.8,9.1,11.7,7.8,5.9,1.1,--
2011,ES,Rural,Total,90.3,91.9,87.1,97.5,95.4,83.5,89.7,93.8,83.7,85.8,87.5,93.3,85.5,79.3,87.2,91,98.8,--,8.6,7.5,10.7,2,4.2,15.8,9.6,5.7,14.3,11.8,10,4.8,9.1,12.7,8.6,5.4,0.6,--,1.1,0.6,2.2,0.5,0.4,0.7,0.7,0.5,2,2.4,2.5,1.9,5.4,8,4.2,3.6,0.6,--
2011,ES,Rural,Publico,90.4,91.9,87.2,97.5,95.4,83.5,89.7,93.8,83.6,85.8,87.6,93.6,83.5,76.4,85.7,91,100,--,8.6,7.5,10.7,2,4.2,15.8,9.5,5.6,14.4,11.9,9.9,4.6,10.5,14.6,9.6,5.7,0,--,1,0.6,2.1,0.5,0.4,0.7,0.8,0.6,2,2.3,2.5,1.8,6,9,4.7,3.3,0,--
2011,ES,Rural,Particular,86.2,89.6,85.9,100,100,--,77.8,85.7,85.5,85.1,84.9,88,93.6,91.8,94.7,91.1,98.6,--,10.4,10.4,10.4,0,0,--,22.2,14.3,11.4,11.1,10.4,8.9,3.4,4.2,3.5,3.6,0.7,--,3.4,0,3.7,0,0,--,0,0,3.1,3.8,4.7,3.1,3,4,1.8,5.3,0.7,--
2011,ES,Rural,Municipal,89.9,91.5,86.5,97.2,94.8,82.7,89.6,93.5,82.6,85.1,87.1,93.4,92.6,90.2,94.3,86.4,100,--,9,7.9,11.4,2.1,4.8,16.7,9.7,5.9,15.5,12.5,10.5,4.8,5,7.3,5.7,4.5,0,--,1.1,0.6,2.1,0.7,0.4,0.6,0.7,0.6,1.9,2.4,2.4,1.8,2.4,2.5,0,9.1,0,--
2011,ES,Rural,Federal,--,--,--,--,--,--,--,--,--,--,--,--,82.5,79.7,84,84.4,--,--,--,--,--,--,--,--,--,--,--,--,--,--,16.8,19.4,15.4,15.1,--,--,--,--,--,--,--,--,--,--,--,--,--,--,0.7,0.9,0.6,0.5,--,--
2011,ES,Rural,Estadual,92.4,94.6,89.6,99,99,88.9,90.3,95.6,87.3,88.6,89.8,94,83.4,74.9,85.9,93,--,--,6.4,4.9,8.3,0.8,0.6,10.3,8.8,4,10.8,9.5,7.9,3.7,8.9,13.5,7.9,3.1,--,--,1.2,0.5,2.1,0.2,0.4,0.8,0.9,0.4,1.9,1.9,2.3,2.3,7.7,11.6,6.2,3.9,--,--
2011,ES,Urbana,Total,86.7,92.3,80.4,97.9,95.6,85.7,90.2,92.8,77.4,78.8,80.9,85.7,73.4,64.2,75.7,85.9,86.7,90.4,11.5,6.8,16.9,1.2,3.7,13.3,8.9,6.2,19.5,18.6,16.3,11.9,18.8,25.5,17.6,9,12.2,8.5,1.8,0.9,2.7,0.9,0.7,1,0.9,1,3.1,2.6,2.8,2.4,7.8,10.3,6.7,5.1,1.1,1.1
2011,ES,Urbana,Publico,85.2,91.3,78.3,97.6,95,83.8,88.9,91.9,75.1,76.7,78.9,84.3,70.3,60.9,72.8,83.5,86.7,89.9,12.8,7.7,18.5,1.4,4.2,15.1,10,6.9,21.4,20.3,17.9,12.9,20.8,27.5,19.5,10.6,12.2,8.9,2,1,3.2,1,0.8,1.1,1.1,1.2,3.5,3,3.2,2.8,8.9,11.6,7.7,5.9,1.1,1.2
2011,ES,Urbana,Particular,97.1,99.2,94.7,99.5,99.3,99.2,99.1,98.7,96.5,94.1,94.6,93.6,94.2,90.1,94.2,99,--,100,2.8,0.7,5.2,0.3,0.6,0.8,0.9,1.2,3.5,5.8,5.3,6.4,5.6,9.6,5.5,0.7,--,0,0.1,0.1,0.1,0.2,0.1,0,0,0.1,0,0.1,0.1,0,0.2,0.3,0.3,0.3,--,0
2011,ES,Urbana,Municipal,86.3,91.1,79.2,97.6,94.4,83.7,88.6,91.6,75,77.1,80.4,87.7,--,--,--,--,--,--,12,7.9,18,1.3,4.8,15.3,10.4,7.3,21.8,20.2,16.7,10.4,--,--,--,--,--,--,1.7,1,2.8,1.1,0.8,1,1,1.1,3.2,2.7,2.9,1.9,--,--,--,--,--,--
2011,ES,Urbana,Federal,--,--,--,--,--,--,--,--,--,--,--,--,88.7,84.6,91.4,96,--,89.9,--,--,--,--,--,--,--,--,--,--,--,--,9.9,13.8,7.4,3.2,--,8.9,--,--,--,--,--,--,--,--,--,--,--,--,1.4,1.6,1.2,0.8,--,1.2
2011,ES,Urbana,Estadual,82.3,92.4,76.9,97.3,98.1,84.6,90.1,93.3,75.3,76.1,76.7,80,69.9,60.4,72.4,83.4,86.7,--,14.8,6.4,19.3,1.4,1.1,14.2,8.4,5.4,20.7,20.4,19.8,16.1,21,27.8,19.7,10.6,12.2,--,2.9,1.2,3.8,1.3,0.8,1.2,1.5,1.3,4,3.5,3.5,3.9,9.1,11.8,7.9,6,1.1,--
2011,RJ,Total,Total,84.8,88.2,80.7,89.4,89.3,83.6,88.6,90.3,78,79,82.8,84.8,71.4,61.4,73.6,84.5,93.2,84,13.1,10.7,15.9,9,9.8,15.4,10.3,8.5,18.3,17.8,14.2,12,18.5,25.7,17.3,9,4.3,6,2.1,1.1,3.4,1.6,0.9,1,1.1,1.2,3.7,3.2,3,3.2,10.1,12.9,9.1,6.5,2.5,10
2011,RJ,Total,Publico,82.4,86.1,78.2,88.1,87.2,80.5,86.7,88.7,75,76.3,80.7,83,67.9,57.5,70.1,81.8,93.3,83.2,14.9,12.5,17.7,10,11.7,18.2,12.1,9.8,20.6,19.8,15.6,12.9,20.1,27.5,18.9,10.2,4.3,6.1,2.7,1.4,4.1,1.9,1.1,1.3,1.2,1.5,4.4,3.9,3.7,4.1,12,15,11,8,2.4,10.7
2011,RJ,Total,Particular,94.2,96.3,91.7,93.6,97.1,97.1,96.9,96.8,92.7,91.2,91.5,91.2,89.6,84.4,90.4,95.5,89.4,93.7,5.5,3.4,8.1,5.7,2.5,2.6,2.9,3,7,8.6,8.3,8.6,9.9,14.8,9.2,4.3,3.8,4.5,0.3,0.3,0.2,0.7,0.4,0.3,0.2,0.2,0.3,0.2,0.2,0.2,0.5,0.8,0.4,0.2,6.8,1.8
2011,RJ,Total,Municipal,84.5,86.2,81.5,88.2,87.1,80.7,86.2,89.6,77.6,79.4,84.4,88.2,75.4,64.9,77.7,87,91.7,--,13.6,12.4,15.7,10,11.8,18.1,12.5,9,18.9,17.7,13.2,9.7,18.9,28.4,15.4,10,7.4,--,1.9,1.4,2.8,1.8,1.1,1.2,1.3,1.4,3.5,2.9,2.4,2.1,5.7,6.7,6.9,3,0.9,--
2011,RJ,Total,Federal,89.2,92.3,87.8,89.6,91.9,92.8,93.6,93.1,86.9,85.1,91,88.3,86,79.8,86.8,91.9,100,86.7,10.6,7.4,12,10.2,8.1,7.1,6,6.2,12.9,14.7,8.9,11.5,12.8,18.7,11.5,7.3,0,12.4,0.2,0.3,0.2,0.2,0,0.1,0.4,0.7,0.2,0.2,0.1,0.2,1.2,1.5,1.7,0.8,0,0.9
2011,RJ,Total,Estadual,74.6,83.9,73.3,84,91.4,76.3,92.7,80.6,70.1,71.4,75.5,77.1,67.3,57.1,69.6,81.4,93.3,82.4,20,14.4,20.9,11.3,7,22.2,5.7,17.6,23.8,23.2,19,16.5,20.3,27.6,19.1,10.3,4.3,4.7,5.4,1.7,5.8,4.7,1.6,1.5,1.6,1.8,6.1,5.4,5.5,6.4,12.4,15.3,11.3,8.3,2.4,12.9
2011,RJ,Rural,Total,81.5,82.9,78.2,81.5,79.4,81.2,85.2,87.6,74.2,75.8,81.5,85.3,77.3,69.4,80.7,88.2,100,78.3,16.8,16,18.6,17.3,19.8,17.8,13.7,11.3,22.3,21,15.4,11.7,12,18,9,4.4,0,9.9,1.7,1.1,3.2,1.2,0.8,1,1.1,1.1,3.5,3.2,3.1,3,10.7,12.6,10.3,7.4,0,11.8
2011,RJ,Rural,Publico,81,82.5,77.7,81.2,79,80.7,84.8,87.2,73.6,75.2,81.1,85.1,76.5,68.4,80,87.7,100,78.3,17.2,16.4,19,17.6,20.3,18.2,14.1,11.6,22.8,21.5,15.7,11.9,12.1,18.3,9.1,4.3,0,9.9,1.8,1.1,3.3,1.2,0.7,1.1,1.1,1.2,3.6,3.3,3.2,3,11.4,13.3,10.9,8,0,11.8
2011,RJ,Rural,Particular,94.5,95.6,92.5,91.3,95,95.7,97.9,99,93.1,92.2,92.8,91.7,90.4,86.3,91.8,94.4,--,--,5.2,4.2,7.1,8.2,4.8,4.2,2.1,1,6.7,7,7.2,7.9,9,12.8,7.7,5.6,--,--,0.3,0.2,0.4,0.5,0.2,0.1,0,0,0.2,0.8,0,0.4,0.6,0.9,0.5,0,--,--
2011,RJ,Rural,Municipal,81.5,82.6,78.2,81.3,78.9,80.7,84.6,87.7,73.4,75.3,83.2,87.4,87.3,66.7,84.6,95.7,100,--,17.1,16.4,19.3,17.5,20.3,18.2,14.3,11.2,23.7,22.2,14.6,10.4,8.5,27.8,0,4.3,0,--,1.4,1,2.5,1.2,0.8,1.1,1.1,1.1,2.9,2.5,2.2,2.2,4.2,5.5,15.4,0,0,--
2011,RJ,Rural,Federal,--,--,--,--,--,--,--,--,--,--,--,--,85.2,83.5,88.6,83.9,--,--,--,--,--,--,--,--,--,--,--,--,--,--,9,8.2,10,8.9,--,--,--,--,--,--,--,--,--,--,--,--,--,--,5.8,8.3,1.4,7.2,--,--
2011,RJ,Rural,Estadual,77.2,81.1,76.7,40.6,85.2,77.9,91.6,77.5,74.1,74.9,77.7,81.6,76.2,68.1,79.8,87.7,--,78.3,18.3,16.5,18.5,43.8,11.1,19.8,6.2,20.6,20.7,20.2,17.5,14.2,12.3,18.5,9.1,4.2,--,9.9,4.5,2.4,4.8,15.6,3.7,2.3,2.2,1.9,5.2,4.9,4.8,4.2,11.5,13.4,11.1,8.1,--,11.8
2011,RJ,Urbana,Total,85,88.6,80.8,90.1,90.1,83.8,88.9,90.5,78.2,79.1,82.9,84.7,71.3,61.3,73.4,84.4,93.2,84.1,12.9,10.2,15.8,8.3,8.9,15.2,10,8.3,18.1,17.6,14.2,12,18.6,25.8,17.4,9.1,4.3,6,2.1,1.2,3.4,1.6,1,1,1.1,1.2,3.7,3.3,2.9,3.3,10.1,12.9,9.2,6.5,2.5,9.9
2011,RJ,Urbana,Publico,82.6,86.5,78.2,88.9,88,80.5,86.8,88.9,75.1,76.4,80.7,82.9,67.7,57.3,69.9,81.7,93.3,83.2,14.8,12.1,17.7,9.2,10.8,18.2,11.9,9.6,20.5,19.7,15.6,12.9,20.3,27.7,19.1,10.3,4.3,6.1,2.6,1.4,4.1,1.9,1.2,1.3,1.3,1.5,4.4,3.9,3.7,4.2,12,15,11,8,2.4,10.7
2011,RJ,Urbana,Particular,94.2,96.3,91.6,93.6,97.1,97.2,96.9,96.8,92.7,91.2,91.5,91.2,89.6,84.4,90.3,95.5,89.4,93.7,5.5,3.3,8.1,5.7,2.5,2.6,2.9,3,7,8.6,8.3,8.6,9.9,14.8,9.2,4.2,3.8,4.5,0.3,0.4,0.3,0.7,0.4,0.2,0.2,0.2,0.3,0.2,0.2,0.2,0.5,0.8,0.5,0.3,6.8,1.8
2011,RJ,Urbana,Municipal,84.8,86.6,81.6,89,87.9,80.7,86.4,89.8,77.9,79.6,84.5,88.2,75.3,64.9,77.7,86.9,90.4,--,13.3,12,15.5,9.1,10.9,18.1,12.3,8.8,18.6,17.4,13.2,9.6,19.1,28.4,15.5,10.1,8.7,--,1.9,1.4,2.9,1.9,1.2,1.2,1.3,1.4,3.5,3,2.3,2.2,5.6,6.7,6.8,3,0.9,--
2011,RJ,Urbana,Federal,89.2,92.3,87.8,89.6,91.9,92.8,93.6,93.1,86.9,85.1,91,88.3,86,79.7,86.7,92,100,86.7,10.6,7.4,12,10.2,8.1,7.1,6,6.2,12.9,14.7,8.9,11.5,12.8,19,11.5,7.3,0,12.4,0.2,0.3,0.2,0.2,0,0.1,0.4,0.7,0.2,0.2,0.1,0.2,1.2,1.3,1.8,0.7,0,0.9
2011,RJ,Urbana,Estadual,74.5,84,73.2,84.9,91.5,76.2,92.7,80.7,69.9,71.2,75.4,76.9,67.2,56.8,69.4,81.3,93.3,82.5,20.1,14.3,21,10.7,6.9,22.3,5.7,17.5,23.9,23.3,19.1,16.6,20.5,27.8,19.3,10.4,4.3,4.6,5.4,1.7,5.8,4.4,1.6,1.5,1.6,1.8,6.2,5.5,5.5,6.5,12.3,15.4,11.3,8.3,2.4,12.9
2011,SP,Total,Total,94.2,96.4,92,98.7,97.1,94.1,97.6,94.4,94.7,93.8,92.7,86.6,81.6,75.9,82.2,88.9,93.1,60,4.9,3.3,6.5,0.9,2.7,5.6,2.1,5.2,4.2,5,5.8,11,13.9,18.7,13.3,7.7,6.4,40,0.9,0.3,1.5,0.4,0.2,0.3,0.3,0.4,1.1,1.2,1.5,2.4,4.5,5.4,4.5,3.4,0.5,0
2011,SP,Total,Publico,93.6,96,91.2,98.7,96.8,93.1,97.5,93.8,94.4,93.5,92.1,84.9,79.4,73.5,80,87.2,90.5,60,5.3,3.7,7,0.9,2.9,6.7,2.2,5.9,4.4,5.2,6.1,12.3,15.3,20.3,14.8,8.8,8.2,40,1.1,0.3,1.8,0.4,0.3,0.2,0.3,0.3,1.2,1.3,1.8,2.8,5.3,6.2,5.2,4,1.3,0
2011,SP,Total,Particular,97.4,98.4,96.2,98.9,98.1,98.3,98.5,98.3,96.3,95.8,95.9,96.7,95.2,92,95.9,98.3,94.7,--,2.6,1.6,3.8,1,1.9,1.7,1.5,1.7,3.7,4.2,4.1,3.3,4.6,7.8,3.9,1.6,5.3,--,0,0,0,0.1,0,0,0,0,0,0,0,0,0.2,0.2,0.2,0.1,0,--
2011,SP,Total,Municipal,94.3,95.4,91.5,98.7,96.1,91.2,96.9,93.5,92.7,91.1,92.1,90,86.4,82.3,86.8,91.7,85.9,--,5.1,4.3,7.1,0.9,3.7,8.6,2.8,6.2,6.3,7.7,6.5,8.2,11,14.7,10.6,6.3,12.2,--,0.6,0.3,1.4,0.4,0.2,0.2,0.3,0.3,1,1.2,1.4,1.8,2.6,3,2.6,2,1.9,--
2011,SP,Total,Federal,98.1,98.1,--,100,100,95.3,95.5,100,--,--,--,--,97.9,87.8,93.8,99.7,100,--,1.9,1.9,--,0,0,4.7,4.5,0,--,--,--,--,1.9,9.8,6.2,0.3,0,--,0,0,--,0,0,0,0,0,--,--,--,--,0.2,2.4,0,0,0,--
2011,SP,Total,Estadual,92.9,97.5,91.2,98.6,98.8,98.5,98.6,94.4,95.1,94.3,92.2,83.3,79.3,73.4,80,87.2,100,60,5.6,2.1,6.9,0.8,0.9,1.1,1,5.3,3.7,4.3,6,13.6,15.4,20.4,14.8,8.9,0,40,1.5,0.4,1.9,0.6,0.3,0.4,0.4,0.3,1.2,1.4,1.8,3.1,5.3,6.2,5.2,3.9,0,0
2011,SP,Rural,Total,94.3,94.3,94.1,98.4,94.4,90.5,95.9,93,95.2,94.7,94.4,92,86.6,83.9,86.6,90.3,--,60,5.2,5.4,4.9,1.3,5.4,9.2,3.9,6.6,4.2,4.4,4.7,6.4,10,12.6,9.9,6.6,--,40,0.5,0.3,1,0.3,0.2,0.3,0.2,0.4,0.6,0.9,0.9,1.6,3.4,3.5,3.5,3.1,--,0
2011,SP,Rural,Publico,94.2,94.3,94.1,98.5,94.4,90.4,95.9,92.9,95.2,94.7,94.4,91.9,86.3,83.6,86.3,90,--,60,5.3,5.5,4.9,1.2,5.4,9.4,3.9,6.7,4.3,4.3,4.8,6.5,10.2,12.8,10.1,6.8,--,40,0.5,0.2,1,0.3,0.2,0.2,0.2,0.4,0.5,1,0.8,1.6,3.5,3.6,3.6,3.2,--,0
2011,SP,Rural,Particular,95.7,96,95.3,96.6,95.6,96.1,95.2,96.7,95.6,93.8,95.9,96,96.9,96.2,95.7,99,--,--,3.9,3.7,4.1,3.4,4.4,3.9,4,2.8,3.8,5.4,3.5,3.7,3.1,3.8,4.3,1,--,--,0.4,0.3,0.6,0,0,0,0.8,0.5,0.6,0.8,0.6,0.3,0,0,0,0,--,--
2011,SP,Rural,Municipal,93.6,93.9,92.6,98.4,93.7,89.2,95.4,93,91.7,90.5,93,95.5,74.6,63.8,78.5,84.1,--,--,6.1,5.9,6.8,1.3,6.1,10.6,4.4,6.7,7.8,8.7,6.5,3.6,20.1,27,18.1,13.3,--,--,0.3,0.2,0.6,0.3,0.2,0.2,0.2,0.3,0.5,0.8,0.5,0.9,5.3,9.2,3.4,2.6,--,--
2011,SP,Rural,Estadual,95.3,96.9,94.8,98.7,98.6,98.9,98.6,92.7,96.9,96.7,95,90.3,86.6,84,86.5,90.1,--,60,3.7,2.8,4.1,1,0.8,0.8,1.2,6.8,2.5,2.2,4,7.7,10,12.6,9.9,6.7,--,40,1,0.3,1.1,0.3,0.6,0.3,0.2,0.5,0.6,1.1,1,2,3.4,3.4,3.6,3.2,--,0
2011,SP,Urbana,Total,94.2,96.5,92,98.7,97.1,94.2,97.7,94.5,94.7,93.8,92.7,86.5,81.5,75.8,82.2,88.9,93.1,--,4.9,3.3,6.5,0.9,2.7,5.5,2.1,5.2,4.2,5.1,5.8,11.1,13.9,18.7,13.3,7.8,6.4,--,0.9,0.2,1.5,0.4,0.2,0.3,0.2,0.3,1.1,1.1,1.5,2.4,4.6,5.5,4.5,3.3,0.5,--
2011,SP,Urbana,Publico,93.6,96,91.2,98.7,96.9,93.2,97.5,93.8,94.4,93.5,92.1,84.8,79.3,73.4,80,87.2,90.5,--,5.4,3.6,7,0.9,2.9,6.6,2.2,5.8,4.4,5.2,6.1,12.4,15.4,20.4,14.8,8.9,8.2,--,1,0.4,1.8,0.4,0.2,0.2,0.3,0.4,1.2,1.3,1.8,2.8,5.3,6.2,5.2,3.9,1.3,--
2011,SP,Urbana,Particular,97.4,98.4,96.2,98.9,98.1,98.3,98.5,98.3,96.3,95.8,95.9,96.7,95.2,91.9,95.9,98.3,94.7,--,2.6,1.6,3.8,1,1.9,1.7,1.5,1.7,3.7,4.2,4.1,3.3,4.6,7.8,3.9,1.6,5.3,--,0,0,0,0.1,0,0,0,0,0,0,0,0,0.2,0.3,0.2,0.1,0,--
2011,SP,Urbana,Municipal,94.4,95.4,91.5,98.7,96.2,91.3,97,93.5,92.7,91.1,92.1,89.9,86.6,82.6,87,91.9,85.9,--,5,4.3,7.1,0.9,3.6,8.5,2.7,6.1,6.2,7.7,6.5,8.3,10.8,14.4,10.4,6.1,12.2,--,0.6,0.3,1.4,0.4,0.2,0.2,0.3,0.4,1.1,1.2,1.4,1.8,2.6,3,2.6,2,1.9,--
2011,SP,Urbana,Federal,98.1,98.1,--,100,100,95.3,95.5,100,--,--,--,--,97.9,87.8,93.8,99.7,100,--,1.9,1.9,--,0,0,4.7,4.5,0,--,--,--,--,1.9,9.8,6.2,0.3,0,--,0,0,--,0,0,0,0,0,--,--,--,--,0.2,2.4,0,0,0,--
2011,SP,Urbana,Estadual,92.9,97.5,91.1,98.6,98.8,98.5,98.6,94.4,95.1,94.3,92.1,83.2,79.2,73.2,79.9,87.1,100,--,5.6,2.1,7,0.8,0.9,1.1,1,5.2,3.7,4.3,6,13.7,15.5,20.5,14.9,8.9,0,--,1.5,0.4,1.9,0.6,0.3,0.4,0.4,0.4,1.2,1.4,1.9,3.1,5.3,6.3,5.2,4,0,--
2011,PR,Total,Total,88.9,94,83.6,98,91.2,90.6,95.2,96.2,83.6,83.2,82.9,84.8,81.4,74.9,82.7,88.3,92.9,98,9.5,5.8,13.2,1.8,8.6,9.2,4.6,3.5,14,14.1,13.4,11,12.6,17.8,11.6,7.1,3.6,1.2,1.6,0.2,3.2,0.2,0.2,0.2,0.2,0.3,2.4,2.7,3.7,4.2,6,7.3,5.7,4.6,3.5,0.8
2011,PR,Total,Publico,87.8,93.4,82.2,97.9,90.3,89.6,94.7,95.9,82.1,81.8,81.5,83.5,79.4,72.6,80.7,86.7,92.9,98.7,10.3,6.4,14.2,1.9,9.5,10.2,5.1,3.8,15.2,15.2,14.4,11.8,13.8,19.2,12.8,8,3.6,0,1.9,0.2,3.6,0.2,0.2,0.2,0.2,0.3,2.7,3,4.1,4.7,6.8,8.2,6.5,5.3,3.5,1.3
2011,PR,Total,Particular,97.4,98.4,96.1,98.7,97.4,98.4,99.1,98.5,96.7,96,95.7,96,95.5,92.3,96.2,98.5,96.2,97.3,2.5,1.5,3.8,1.1,2.6,1.6,0.9,1.5,3.2,4,4.1,3.8,4.1,7.1,3.5,1.1,3.8,2.3,0.1,0.1,0.1,0.2,0,0,0,0,0.1,0,0.2,0.2,0.4,0.6,0.3,0.4,0,0.4
2011,PR,Total,Municipal,93.2,93.5,84,97.9,90.3,89.6,94.7,96.1,80.8,82.5,83.6,91.2,--,--,--,--,--,--,6.5,6.3,14.2,1.8,9.5,10.2,5.1,3.6,17.5,15.6,14.5,7.2,--,--,--,--,--,--,0.3,0.2,1.8,0.3,0.2,0.2,0.2,0.3,1.7,1.9,1.9,1.6,--,--,--,--,--,--
2011,PR,Total,Federal,95.4,--,95.4,--,--,--,--,--,90.5,99,98.5,93.4,89.6,80.1,85.3,93.2,88.7,98.7,4.6,--,4.6,--,--,--,--,--,9.5,1,1.5,6.6,8.9,18.7,12.9,5.3,9.6,0,0,--,0,--,--,--,--,--,0,0,0,0,1.5,1.2,1.8,1.5,1.7,1.3
2011,PR,Total,Estadual,82.2,89.5,82.2,87.4,86.9,87.4,93.8,88.3,82.2,81.8,81.4,83.3,79.3,72.6,80.7,86.7,93,--,14.2,8.9,14.2,7.9,10.5,10.4,4.7,10.8,15.2,15.2,14.5,11.9,13.9,19.2,12.8,8,3.4,--,3.6,1.6,3.6,4.7,2.6,2.2,1.5,0.9,2.6,3,4.1,4.8,6.8,8.2,6.5,5.3,3.6,--
2011,PR,Rural,Total,90.6,92.5,87.9,96.9,89.2,89.4,93.5,94.4,86.1,87.2,88.2,90.6,88.2,83.6,89.1,94.2,100,--,8,7.1,9.3,2.4,10.5,10.3,6,5.1,11.5,10.3,8.5,6.1,6.8,10.3,5.7,2.9,0,--,1.4,0.4,2.8,0.7,0.3,0.3,0.5,0.5,2.4,2.5,3.3,3.3,5,6.1,5.2,2.9,0,--
2011,PR,Rural,Publico,90.6,92.5,87.9,96.9,89.2,89.4,93.5,94.4,86,87.2,88.2,90.6,88,83.4,88.8,94,100,--,8,7.1,9.3,2.4,10.5,10.4,6,5.1,11.5,10.4,8.5,6.1,6.9,10.3,5.8,3,0,--,1.4,0.4,2.8,0.7,0.3,0.2,0.5,0.5,2.5,2.4,3.3,3.3,5.1,6.3,5.4,3,0,--
2011,PR,Rural,Particular,93.3,93.4,93.3,100,86.7,93.2,94,94.4,97,95.9,90.3,91.1,95.3,89.1,97.8,100,--,--,6.1,5.9,6.4,0,13.3,5.7,4.8,4.2,3,4.1,8.3,8.9,4.7,10.9,2.2,0,--,--,0.6,0.7,0.3,0,0,1.1,1.2,1.4,0,0,1.4,0,0,0,0,0,--,--
2011,PR,Rural,Municipal,92.6,92.8,85.3,97.4,89.3,89.6,94,95,81.3,81.8,85.4,95.6,--,--,--,--,--,--,7,6.9,11.9,2.1,10.5,10.3,5.6,4.6,16.2,13.7,11.8,3.3,--,--,--,--,--,--,0.4,0.3,2.8,0.5,0.2,0.1,0.4,0.4,2.5,4.5,2.8,1.1,--,--,--,--,--,--
2011,PR,Rural,Estadual,87.7,83.8,88,86.3,85.2,85.1,82,81.2,86.2,87.4,88.3,90.4,88,83.4,88.8,94,100,--,9.3,12.3,9.2,8.6,11.8,12.3,13.9,14.7,11.3,10.2,8.4,6.2,6.9,10.3,5.8,3,0,--,3,3.9,2.8,5.1,3,2.6,4.1,4.1,2.5,2.4,3.3,3.4,5.1,6.3,5.4,3,0,--
2011,PR,Urbana,Total,88.7,94.2,83.3,98.1,91.4,90.7,95.4,96.3,83.4,83,82.6,84.4,81.1,74.6,82.4,88.1,92.9,98,9.6,5.6,13.4,1.7,8.5,9.1,4.4,3.4,14.2,14.3,13.7,11.3,12.9,18.1,11.9,7.2,3.6,1.2,1.7,0.2,3.3,0.2,0.1,0.2,0.2,0.3,2.4,2.7,3.7,4.3,6,7.3,5.7,4.7,3.5,0.8
2011,PR,Urbana,Publico,87.5,93.5,81.8,98,90.4,89.6,94.8,96,81.9,81.5,81,83,79,72.1,80.3,86.4,92.9,98.7,10.5,6.3,14.6,1.8,9.4,10.2,4.9,3.7,15.5,15.5,14.9,12.2,14.1,19.6,13.1,8.2,3.6,0,2,0.2,3.6,0.2,0.2,0.2,0.3,0.3,2.6,3,4.1,4.8,6.9,8.3,6.6,5.4,3.5,1.3
2011,PR,Urbana,Particular,97.4,98.4,96.1,98.7,97.5,98.5,99.2,98.5,96.7,96,95.7,96,95.5,92.4,96.2,98.5,96.2,97.3,2.5,1.5,3.8,1.1,2.5,1.5,0.8,1.5,3.2,4,4.1,3.8,4.1,7.1,3.5,1.2,3.8,2.3,0.1,0.1,0.1,0.2,0,0,0,0,0.1,0,0.2,0.2,0.4,0.5,0.3,0.3,0,0.4
2011,PR,Urbana,Municipal,93.3,93.5,83.9,98,90.4,89.6,94.8,96.2,80.7,82.6,83.4,90.7,--,--,--,--,--,--,6.5,6.3,14.4,1.8,9.4,10.2,5,3.5,17.6,15.8,14.8,7.7,--,--,--,--,--,--,0.2,0.2,1.7,0.2,0.2,0.2,0.2,0.3,1.7,1.6,1.8,1.6,--,--,--,--,--,--
2011,PR,Urbana,Federal,95.4,--,95.4,--,--,--,--,--,90.5,99,98.5,93.4,89.6,80.1,85.3,93.2,88.7,98.7,4.6,--,4.6,--,--,--,--,--,9.5,1,1.5,6.6,8.9,18.7,12.9,5.3,9.6,0,0,--,0,--,--,--,--,--,0,0,0,0,1.5,1.2,1.8,1.5,1.7,1.3
2011,PR,Urbana,Estadual,81.8,92.5,81.8,100,100,99.1,98.3,89.4,81.9,81.4,81,82.9,78.9,72.1,80.3,86.4,93,--,14.5,7.1,14.6,0,0,0.9,1.2,10.2,15.4,15.5,14.9,12.3,14.2,19.6,13.1,8.2,3.4,--,3.7,0.4,3.6,0,0,0,0.5,0.4,2.7,3.1,4.1,4.8,6.9,8.3,6.6,5.4,3.6,--
2011,SC,Total,Total,94.7,96.6,92.4,99.2,96.5,93.1,97.1,97.1,90.6,94.3,90.3,92.9,84.5,78.1,86.7,91.4,86.3,92,4.4,3.1,5.9,0.5,3.3,6.7,2.6,2.4,8.4,4,8,5.2,7.5,11.4,6.3,3,4.7,7.3,0.9,0.3,1.7,0.3,0.2,0.2,0.3,0.5,1,1.7,1.7,1.9,8,10.5,7,5.6,9,0.7
2011,SC,Total,Publico,94.4,96.3,92,99.2,96.3,92.5,96.9,96.9,89,94.1,89.7,92.6,82.9,76.2,85.3,90.3,86.3,89.8,4.6,3.3,6.2,0.5,3.6,7.3,2.8,2.5,9.8,4.1,8.4,5.3,7.9,12,6.7,3.2,4.7,8.8,1,0.4,1.8,0.3,0.1,0.2,0.3,0.6,1.2,1.8,1.9,2.1,9.2,11.8,8,6.5,9,1.4
2011,SC,Total,Particular,97.9,98.9,96.8,99.1,98.6,99.1,99.1,98.9,97.9,96.6,96.5,96.1,95.1,92.4,95.6,97.9,100,94.1,2,1,3.1,0.8,1.3,0.9,0.9,1.1,2,3.3,3.4,3.8,4.6,7.2,4.2,1.9,0,5.9,0.1,0.1,0.1,0.1,0.1,0,0,0,0.1,0.1,0.1,0.1,0.3,0.4,0.2,0.2,0,0
2011,SC,Total,Municipal,93.7,95.7,90.2,99.3,94.8,93.4,95.5,95.4,87.4,89.4,90.1,94.3,92.5,90.7,91.8,95.8,--,--,5.7,4.1,8.6,0.5,5,6.4,4.3,4.2,11.4,9.4,8.8,4.3,4,4.7,4.5,2.4,--,--,0.6,0.2,1.2,0.2,0.2,0.2,0.2,0.4,1.2,1.2,1.1,1.4,3.5,4.6,3.7,1.8,--,--
2011,SC,Total,Federal,95.4,98.3,91.8,100,100,97.3,97.3,97.2,97.2,87.8,87.7,94.6,91.7,89.3,92.4,97,100,89.4,4.2,1.1,7.8,0,0,2.7,1.3,1.4,2.8,12.2,11,5.4,7.2,9.1,6.7,2.3,0,9.5,0.4,0.6,0.4,0,0,0,1.4,1.4,0,0,1.3,0,1.1,1.6,0.9,0.7,0,1.1
2011,SC,Total,Estadual,95.2,97.4,93.4,99.2,99.4,91,99.1,98.7,98.3,97.2,89.4,91.4,82.7,75.9,85.2,90.2,85.8,92.1,3.3,2.2,4.3,0.4,0.4,8.7,0.6,0.6,0.4,0.7,8.2,6,8,12.1,6.7,3.3,4.9,5.2,1.5,0.4,2.3,0.4,0.2,0.3,0.3,0.7,1.3,2.1,2.4,2.6,9.3,12,8.1,6.5,9.3,2.7
2011,SC,Rural,Total,95.9,96.8,94.2,99.4,97.3,92.9,97.1,97.4,90.7,95.4,93,94.8,92.4,88,92.9,97.4,100,88.9,3.3,2.9,3.9,0.4,2.6,6.9,2.5,2.2,7.9,3,5,2.9,3.8,6.3,3.3,1.1,0,11.1,0.8,0.3,1.9,0.2,0.1,0.2,0.4,0.4,1.4,1.6,2,2.3,3.8,5.7,3.8,1.5,0,0
2011,SC,Rural,Publico,95.9,96.8,94.2,99.4,97.3,92.9,97.1,97.4,90.7,95.4,93,94.8,92.4,88.1,92.8,97.6,100,88.9,3.3,2.9,3.9,0.4,2.6,6.9,2.5,2.2,7.9,3,5,2.9,3.7,6.1,3.4,0.9,0,11.1,0.8,0.3,1.9,0.2,0.1,0.2,0.4,0.4,1.4,1.6,2,2.3,3.9,5.8,3.8,1.5,0,0
2011,SC,Rural,Particular,--,--,--,--,--,--,--,--,--,--,--,--,91.2,84.5,98.3,92.3,--,--,--,--,--,--,--,--,--,--,--,--,--,--,8.8,15.5,1.7,7.7,--,--,--,--,--,--,--,--,--,--,--,--,--,--,0,0,0,0,--,--
2011,SC,Rural,Municipal,95.6,96.4,93.4,99.3,96.6,92.8,96.3,96.7,89.1,93.8,92.6,96.1,93.6,91.4,94.4,96.3,--,--,3.9,3.4,5.3,0.4,3.2,7,3.3,3,9.6,5,6,2.5,1.5,2.9,0.9,0,--,--,0.5,0.2,1.3,0.3,0.2,0.2,0.4,0.3,1.3,1.2,1.4,1.4,4.9,5.7,4.7,3.7,--,--
2011,SC,Rural,Federal,--,--,--,--,--,--,--,--,--,--,--,--,95.7,95,93.7,97.4,100,100,--,--,--,--,--,--,--,--,--,--,--,--,2.8,2.8,5.3,0.5,0,0,--,--,--,--,--,--,--,--,--,--,--,--,1.5,2.2,1,2.1,0,0
2011,SC,Rural,Estadual,96.6,98.1,95,99.5,99.5,93.2,99.3,98.9,98.6,96.9,93.5,93.5,91.8,86.8,92.5,97.7,100,83.3,2,1.5,2.6,0.2,0.2,6.6,0.3,0.3,0.3,1.2,4,3.3,3.9,6.8,3.2,1,0,16.7,1.4,0.4,2.4,0.3,0.3,0.2,0.4,0.8,1.1,1.9,2.5,3.2,4.3,6.4,4.3,1.3,0,0
2011,SC,Urbana,Total,94.6,96.6,92.3,99.2,96.4,93.1,97.1,97,90.6,94.2,90.1,92.8,84.3,77.8,86.5,91.2,85.6,92,4.5,3.2,6.1,0.5,3.4,6.7,2.7,2.4,8.4,4.1,8.2,5.3,7.6,11.6,6.4,3.1,4.9,7.3,0.9,0.2,1.6,0.3,0.2,0.2,0.2,0.6,1,1.7,1.7,1.9,8.1,10.6,7.1,5.7,9.5,0.7
2011,SC,Urbana,Publico,94.2,96.3,91.8,99.2,96.1,92.5,96.9,96.9,88.9,94,89.4,92.4,82.6,75.8,85.1,90,85.6,89.9,4.8,3.4,6.4,0.5,3.7,7.3,2.9,2.6,9.9,4.2,8.7,5.5,8.1,12.2,6.8,3.3,4.9,8.8,1,0.3,1.8,0.3,0.2,0.2,0.2,0.5,1.2,1.8,1.9,2.1,9.3,12,8.1,6.7,9.5,1.3
2011,SC,Urbana,Particular,97.9,98.9,96.8,99.1,98.6,99.1,99.1,98.9,97.9,96.6,96.5,96.1,95.2,92.5,95.6,98,100,94.1,2,1,3.1,0.8,1.3,0.9,0.9,1.1,2,3.3,3.4,3.8,4.6,7.1,4.2,1.9,0,5.9,0.1,0.1,0.1,0.1,0.1,0,0,0,0.1,0.1,0.1,0.1,0.2,0.4,0.2,0.1,0,0
2011,SC,Urbana,Municipal,93.4,95.6,89.9,99.2,94.5,93.5,95.4,95.1,87.3,89,89.8,94.1,92.1,90.4,90.8,95.6,--,--,6,4.2,8.9,0.5,5.3,6.3,4.4,4.4,11.5,9.9,9.1,4.5,4.9,5.5,5.8,3.2,--,--,0.6,0.2,1.2,0.3,0.2,0.2,0.2,0.5,1.2,1.1,1.1,1.4,3,4.1,3.4,1.2,--,--
2011,SC,Urbana,Federal,95.4,98.3,91.8,100,100,97.3,97.3,97.2,97.2,87.8,87.7,94.6,90.5,87.3,91.8,96.9,--,89.3,4.2,1.1,7.8,0,0,2.7,1.3,1.4,2.8,12.2,11,5.4,8.5,11.3,7.3,2.9,--,9.6,0.4,0.6,0.4,0,0,0,1.4,1.4,0,0,1.3,0,1,1.4,0.9,0.2,--,1.1
2011,SC,Urbana,Estadual,95.1,97.4,93.2,99.2,99.4,90.8,99.1,98.7,98.3,97.2,89.1,91.3,82.4,75.6,85,89.9,85.6,92.4,3.4,2.2,4.4,0.5,0.4,8.9,0.6,0.6,0.4,0.6,8.5,6.2,8.1,12.2,6.8,3.3,4.9,4.9,1.5,0.4,2.4,0.3,0.2,0.3,0.3,0.7,1.3,2.2,2.4,2.5,9.5,12.2,8.2,6.8,9.5,2.7
2011,RS,Total,Total,85.5,91.8,78.5,99,89.4,90.4,91.7,88.7,75.4,76.5,78.7,84.9,69.2,57.4,73.8,85.8,88,69.5,13.1,7.7,19.2,0.5,10.2,9.1,7.8,10.4,22.4,21.2,18.7,12.7,20.7,29.4,17.3,8.5,6.2,19.4,1.4,0.5,2.3,0.5,0.4,0.5,0.5,0.9,2.2,2.3,2.6,2.4,10.1,13.2,8.9,5.7,5.8,11.1
2011,RS,Total,Publico,84.3,91.1,76.8,99,88.5,89.6,91,88.4,73.4,74.9,77.1,83.8,66.5,54.5,71.3,84,87,69.2,14.1,8.3,20.6,0.5,11,9.9,8.4,10.7,24.2,22.6,20.1,13.5,22.2,31,18.7,9.4,6.7,19.6,1.6,0.6,2.6,0.5,0.5,0.5,0.6,0.9,2.4,2.5,2.8,2.7,11.3,14.5,10,6.6,6.3,11.2
2011,RS,Total,Particular,96.2,98,94.3,99.6,96.9,97.9,98,96.1,95.9,93.6,94,93.7,91.5,86.8,92,96.6,96.8,93.3,3.7,1.9,5.6,0.3,3,2.1,2,3.7,4,6.3,6,6.1,8.1,12.6,7.6,3,2.6,4.5,0.1,0.1,0.1,0.1,0.1,0,0,0.2,0.1,0.1,0,0.2,0.4,0.6,0.4,0.4,0.6,2.2
2011,RS,Total,Municipal,86.7,91.5,79.9,98.9,89.4,89.7,91.3,88.9,75.7,78.3,80.5,88.1,63.5,49.4,67.8,77.4,73.5,63,11.9,7.9,17.6,0.6,10.1,9.8,8.1,10.1,21.8,19.2,17,9.5,18.2,31.9,20.8,9.6,21.1,8.3,1.4,0.6,2.5,0.5,0.5,0.5,0.6,1,2.5,2.5,2.5,2.4,18.3,18.7,11.4,13,5.4,28.7
2011,RS,Total,Federal,90.8,93.5,90.6,100,91.7,92,92,--,90.3,93.7,87.8,90.7,78.3,69.8,78.9,89.9,91.8,86.8,9.2,6.5,9.4,0,8.3,8,8,--,9.7,6.3,12.2,9.3,18.3,25.8,18.4,8.1,6.6,7.9,0,0,0,0,0,0,0,--,0,0,0,0,3.4,4.4,2.7,2,1.6,5.3
2011,RS,Total,Estadual,81.7,90.6,74.1,99,87.3,89.5,90.7,87.4,71.1,71.7,74.4,80.5,66.3,54.2,71.2,84,86.9,69.4,16.5,8.9,23.1,0.4,12.2,10.1,8.8,11.6,26.5,25.7,22.6,16.4,22.3,31.1,18.6,9.4,5.7,21.5,1.8,0.5,2.8,0.6,0.5,0.4,0.5,1,2.4,2.6,3,3.1,11.4,14.7,10.2,6.6,7.4,9.1
2011,RS,Rural,Total,87.5,91.9,81.8,98.9,88.7,90.1,92.4,90.6,75.8,79.6,83,90.9,76.7,64.9,80.2,93.3,91.4,66.7,11.1,7.5,15.7,0.3,10.8,9.5,7.1,8.5,21.9,17.9,14,6.5,15.8,24.5,13.5,3.1,0,33.3,1.4,0.6,2.5,0.8,0.5,0.4,0.5,0.9,2.3,2.5,3,2.6,7.5,10.6,6.3,3.6,8.6,0
2011,RS,Rural,Publico,87.5,91.9,81.7,98.9,88.7,90.1,92.4,90.6,75.8,79.6,83,90.9,76.3,64.3,79.9,93.2,91.4,66.7,11.1,7.5,15.7,0.3,10.8,9.5,7.1,8.5,21.9,17.9,14,6.5,15.9,24.9,13.6,3.2,0,33.3,1.4,0.6,2.6,0.8,0.5,0.4,0.5,0.9,2.3,2.5,3,2.6,7.8,10.8,6.5,3.6,8.6,0
2011,RS,Rural,Particular,85.2,86.9,84.5,100,96.7,80,76.7,80,69,84.4,83.2,92.8,89.5,85,89.9,97.6,--,--,14.4,13.1,14.9,0,3.3,20,23.3,20,31,15.6,15.9,6.2,10.2,14.4,10.1,2.4,--,--,0.4,0,0.6,0,0,0,0,0,0,0,0.9,1,0.3,0.6,0,0,--,--
2011,RS,Rural,Municipal,88.5,92.4,82.7,99.2,88.9,90.8,92.9,90.9,76.5,80.7,84,92.3,80,76.5,80.2,85.1,--,--,10.4,7.2,15,0.4,10.7,8.9,6.7,8.4,21.4,17.1,13.3,5.5,13.1,17.6,12.4,7,--,--,1.1,0.4,2.3,0.4,0.4,0.3,0.4,0.7,2.1,2.2,2.7,2.2,6.9,5.9,7.4,7.9,--,--
2011,RS,Rural,Federal,--,--,--,--,--,--,--,--,--,--,--,--,81.9,71.3,82.1,96.5,--,--,--,--,--,--,--,--,--,--,--,--,--,--,15.1,24.6,14,2.8,--,--,--,--,--,--,--,--,--,--,--,--,--,--,3,4.1,3.9,0.7,--,--
2011,RS,Rural,Estadual,85.3,90.7,80.1,97.8,88,88.4,91.2,89.6,74.6,77.6,81.4,88.5,75.3,62.8,79.6,92.9,91.4,66.7,12.6,8.1,16.9,0.2,11,10.9,8,8.6,22.9,19.2,15.2,8.2,16.2,25.2,13.6,3,0,33.3,2.1,1.2,3,2,1,0.7,0.8,1.8,2.5,3.2,3.4,3.3,8.5,12,6.8,4.1,8.6,0
2011,RS,Urbana,Total,85.2,91.8,78.1,99.1,89.5,90.5,91.6,88.4,75.3,76.1,78.2,84.2,69,57.2,73.6,85.5,88,69.5,13.4,7.7,19.6,0.5,10.1,9.1,7.8,10.7,22.4,21.6,19.3,13.4,20.8,29.5,17.5,8.7,6.3,19.4,1.4,0.5,2.3,0.4,0.4,0.4,0.6,0.9,2.3,2.3,2.5,2.4,10.2,13.3,8.9,5.8,5.7,11.1
2011,RS,Urbana,Publico,83.9,91,76.2,99,88.5,89.5,90.8,88,73.1,74.3,76.4,82.9,66.2,54.2,71,83.7,86.9,69.2,14.5,8.4,21.2,0.6,11,10,8.6,11,24.5,23.2,20.8,14.4,22.4,31.2,18.8,9.7,6.7,19.6,1.6,0.6,2.6,0.4,0.5,0.5,0.6,1,2.4,2.5,2.8,2.7,11.4,14.6,10.2,6.6,6.4,11.2
2011,RS,Urbana,Particular,96.3,98,94.4,99.6,96.9,98,98,96.1,95.9,93.7,94.1,93.7,91.5,86.9,92,96.6,96.8,93.3,3.6,1.9,5.5,0.3,3,2,1.9,3.6,3.9,6.3,5.9,6.1,8,12.6,7.6,3,2.6,4.5,0.1,0.1,0.1,0.1,0.1,0,0.1,0.3,0.2,0,0,0.2,0.5,0.5,0.4,0.4,0.6,2.2
2011,RS,Urbana,Municipal,86.3,91.4,79.4,98.9,89.5,89.5,90.9,88.6,75.5,77.9,79.8,87.3,62.3,46.1,66.5,76.6,73.5,63,12.2,8,18.1,0.6,9.9,10,8.3,10.5,21.9,19.6,17.7,10.4,18.6,33.6,21.7,9.9,21.1,8.3,1.5,0.6,2.5,0.5,0.6,0.5,0.8,0.9,2.6,2.5,2.5,2.3,19.1,20.3,11.8,13.5,5.4,28.7
2011,RS,Urbana,Federal,90.8,93.5,90.6,100,91.7,92,92,--,90.3,93.7,87.8,90.7,77.5,69.5,78.1,87.3,91.8,86.8,9.2,6.5,9.4,0,8.3,8,8,--,9.7,6.3,12.2,9.3,19.1,26.1,19.6,10.2,6.6,7.9,0,0,0,0,0,0,0,--,0,0,0,0,3.4,4.4,2.3,2.5,1.6,5.3
2011,RS,Urbana,Estadual,81.4,90.6,73.6,99.1,87.2,89.6,90.6,87.2,70.8,71.3,73.8,79.9,66,54,70.9,83.7,86.9,69.4,16.9,8.9,23.7,0.4,12.3,10,8.9,11.9,26.8,26.2,23.3,17.1,22.5,31.3,18.8,9.6,5.8,21.5,1.7,0.5,2.7,0.5,0.5,0.4,0.5,0.9,2.4,2.5,2.9,3,11.5,14.7,10.3,6.7,7.3,9.1
2011,MS,Total,Total,83.2,87.9,77.3,98.5,79.7,85.5,88.6,89.9,72.6,76.3,79.2,81.8,72.6,63.1,76.3,84.6,78.4,--,14.1,11.1,17.9,0.5,19.4,13.6,10.5,8.7,22.4,19.4,16,12.9,17.1,24.2,14.8,8,6.1,--,2.7,1,4.8,1,0.9,0.9,0.9,1.4,5,4.3,4.8,5.3,10.3,12.7,8.9,7.4,15.5,--
2011,MS,Total,Publico,81.9,86.8,75.7,98.4,78,84.2,87.7,89,70.7,74.8,77.8,80.3,69.8,60.3,73.6,82.3,78.4,--,15.2,12.1,19.1,0.5,21.1,14.8,11.3,9.4,23.9,20.6,17,13.8,18.6,25.7,16.2,8.9,6.1,--,2.9,1.1,5.2,1.1,0.9,1,1,1.6,5.4,4.6,5.2,5.9,11.6,14,10.2,8.8,15.5,--
2011,MS,Total,Particular,96.9,98.2,95.1,99.1,96.9,98,98.5,98.6,95.8,94.7,94.7,95.2,93.1,88.9,94.2,96.8,--,--,2.9,1.6,4.7,0.4,3,2,1.4,1.4,4,5.2,5,4.6,6.5,10.6,5.5,3,--,--,0.2,0.2,0.2,0.5,0.1,0,0.1,0,0.2,0.1,0.3,0.2,0.4,0.5,0.3,0.2,--,--
2011,MS,Total,Municipal,86,87.6,82.9,98.3,79.2,85,88.4,90,75.8,81.6,86.1,91.4,96.8,93.8,97.7,100,--,--,12.3,11.3,14.3,0.6,19.8,14,10.6,8.6,20.3,15.7,11.6,6.3,2.4,4.2,2.3,0,--,--,1.7,1.1,2.8,1.1,1,1,1,1.4,3.9,2.7,2.3,2.3,0.8,2,0,0,--,--
2011,MS,Total,Federal,91.7,--,91.7,--,--,--,--,--,88.4,95.1,91.4,90.9,71.4,63.4,88.5,96.9,--,--,8.3,--,8.3,--,--,--,--,--,11.6,4.9,8.6,9.1,22.2,27.9,10.6,3.1,--,--,0,--,0,--,--,--,--,--,0,0,0,0,6.4,8.7,0.9,0,--,--
2011,MS,Total,Estadual,75.5,84.7,69.3,98.5,74.5,82.4,86.1,86.9,65.3,68,70.7,73.1,69.7,60.1,73.5,82.2,78.4,--,19.6,14.1,23.3,0.3,24.5,16.8,12.8,11,27.6,25.4,21.6,18.6,18.5,25.7,16.2,9,6.1,--,4.9,1.2,7.4,1.2,1,0.8,1.1,2.1,7.1,6.6,7.7,8.3,11.8,14.2,10.3,8.8,15.5,--
2011,MS,Rural,Total,81.3,83.1,78.5,96.1,73.6,80.6,84.2,85.8,70.3,77.2,82.5,88.1,77.4,68.8,79.9,90,--,--,14.8,14.5,15.3,1.4,24.6,17.2,13.4,11,21.8,17,11.7,7.1,11.2,16.4,9.3,4.2,--,--,3.9,2.4,6.2,2.5,1.8,2.2,2.4,3.2,7.9,5.8,5.8,4.8,11.4,14.8,10.8,5.8,--,--
2011,MS,Rural,Publico,81.1,83,78.1,96.1,73.5,80.5,84.1,85.6,69.9,76.9,82.1,87.8,76.1,67.6,78.9,88.8,--,--,15,14.6,15.5,1.4,24.7,17.4,13.4,11.1,22.1,17.2,11.9,7.2,11.8,17,9.7,4.5,--,--,3.9,2.4,6.4,2.5,1.8,2.1,2.5,3.3,8,5.9,6,5,12.1,15.4,11.4,6.7,--,--
2011,MS,Rural,Particular,97.7,99.5,96.8,100,96.7,100,100,100,93.3,95.8,97.9,100,92.9,86.8,93.7,97.8,--,--,2.1,0.5,3,0,3.3,0,0,0,5.6,4.2,2.1,0,4.9,8.8,3.6,2.2,--,--,0.2,0,0.2,0,0,0,0,0,1.1,0,0,0,2.2,4.4,2.7,0,--,--
2011,MS,Rural,Municipal,81.3,82.5,79.2,95.6,73.4,80.2,83.2,84.7,70.1,78.8,83.7,89.5,96.8,93.8,97.7,100,--,--,14.8,14.9,14.8,1.6,24.5,17.4,14.1,11.7,21.9,15.8,10.8,5.9,2.4,4.2,2.3,0,--,--,3.9,2.6,6,2.8,2.1,2.4,2.7,3.6,8,5.4,5.5,4.6,0.8,2,0,0,--,--
2011,MS,Rural,Federal,--,--,--,--,--,--,--,--,--,--,--,--,54.7,53.8,59.2,--,--,--,--,--,--,--,--,--,--,--,--,--,--,--,40.3,41,36.7,--,--,--,--,--,--,--,--,--,--,--,--,--,--,--,5,5.2,4.1,--,--,--
2011,MS,Rural,Estadual,80.3,85.9,74.9,98.8,74.2,82.4,88.9,90.3,69,71.3,77.9,83.6,76.9,68.7,79,88.5,--,--,15.5,13.1,17.7,0,25.3,17.1,9.8,7.7,22.7,21.4,14.7,10.5,10.2,14.3,9.1,4.6,--,--,4.2,1,7.4,1.2,0.5,0.5,1.3,2,8.3,7.3,7.4,5.9,12.9,17,11.9,6.9,--,--
2011,MS,Urbana,Total,83.5,88.6,77.1,98.8,80.7,86.2,89.2,90.4,72.9,76.2,78.9,81.1,72.3,62.7,76.1,84.3,78.4,--,14,10.6,18.2,0.4,18.6,13.1,10,8.3,22.5,19.7,16.4,13.5,17.5,24.7,15.1,8.2,6.1,--,2.5,0.8,4.7,0.8,0.7,0.7,0.8,1.3,4.6,4.1,4.7,5.4,10.2,12.6,8.8,7.5,15.5,--
2011,MS,Urbana,Publico,82,87.4,75.4,98.8,78.8,84.9,88.2,89.5,70.9,74.5,77.3,79.5,69.4,59.8,73.3,81.9,78.4,--,15.2,11.7,19.5,0.4,20.4,14.4,10.9,9.1,24.1,21,17.5,14.5,19,26.3,16.6,9.2,6.1,--,2.8,0.9,5.1,0.8,0.8,0.7,0.9,1.4,5,4.5,5.2,6,11.6,13.9,10.1,8.9,15.5,--
2011,MS,Urbana,Particular,96.9,98.2,95.1,99.1,96.9,98,98.5,98.5,95.9,94.7,94.7,95.1,93.2,88.9,94.3,96.8,--,--,2.9,1.6,4.8,0.4,3,2,1.4,1.4,3.9,5.2,5.1,4.7,6.6,10.7,5.5,3,--,--,0.2,0.2,0.1,0.5,0.1,0,0.1,0.1,0.2,0.1,0.2,0.2,0.2,0.4,0.2,0.2,--,--
2011,MS,Urbana,Municipal,87,88.7,83.6,98.9,80.5,86,89.4,91.1,77.2,82.2,86.6,91.8,--,--,--,--,--,--,11.8,10.6,14.2,0.4,18.8,13.3,9.9,7.9,20,15.7,11.7,6.4,--,--,--,--,--,--,1.2,0.7,2.2,0.7,0.7,0.7,0.7,1,2.8,2.1,1.7,1.8,--,--,--,--,--,--
2011,MS,Urbana,Federal,91.7,--,91.7,--,--,--,--,--,88.4,95.1,91.4,90.9,76.2,66.8,97,96.9,--,--,8.3,--,8.3,--,--,--,--,--,11.6,4.9,8.6,9.1,17,23.4,3,3.1,--,--,0,--,0,--,--,--,--,--,0,0,0,0,6.8,9.8,0,0,--,--
2011,MS,Urbana,Estadual,75.2,84.6,68.9,98.5,74.5,82.4,85.9,86.7,65.1,67.8,70.3,72.6,69.3,59.6,73.1,81.8,78.4,--,19.8,14.2,23.6,0.3,24.4,16.8,13,11.2,27.9,25.7,22,19,19,26.3,16.7,9.3,6.1,--,5,1.2,7.5,1.2,1.1,0.8,1.1,2.1,7,6.5,7.7,8.4,11.7,14.1,10.2,8.9,15.5,--
2011,MT,Total,Total,95.3,96.6,93.8,98.9,97.2,93.7,96.8,96.6,92,96.7,96.2,90.3,70.3,62.2,73.8,79.9,91.1,75,3.6,2.8,4.6,0.5,2.3,5.7,2.7,2.6,6.7,2.4,2.3,7.1,18.2,24.2,16,10.8,7.9,14,1.1,0.6,1.6,0.6,0.5,0.6,0.5,0.8,1.3,0.9,1.5,2.6,11.5,13.6,10.2,9.3,1,11
2011,MT,Total,Publico,95.1,96.4,93.6,99,97,93.3,96.6,96.4,91.5,96.7,96.2,89.7,68,59.8,71.7,77.7,91.1,73.7,3.8,3,4.7,0.4,2.4,6.1,2.9,2.7,7.1,2.3,2.1,7.5,19.5,25.6,17.2,11.8,7.9,14.5,1.1,0.6,1.7,0.6,0.6,0.6,0.5,0.9,1.4,1,1.7,2.8,12.5,14.6,11.1,10.5,1,11.8
2011,MT,Total,Particular,97.7,98.6,96.6,98.5,98.7,98.7,98.8,98.5,97.4,96.5,96,96.5,94.8,92.6,94.8,97.6,--,94.1,2.1,1.2,3.3,1.1,1.3,1.1,1.1,1.5,2.5,3.3,4,3.3,4.7,6.8,4.7,2,--,5.9,0.2,0.2,0.1,0.4,0,0.2,0.1,0,0.1,0.2,0,0.2,0.5,0.6,0.5,0.4,--,0
2011,MT,Total,Municipal,93.5,95,90.2,98.7,95.9,91.2,94.6,94.9,88.4,90.8,91.2,91.6,98.1,95.7,100,100,--,--,5,4.1,7,0.5,3.4,8.1,4.6,4,9.3,6.4,5.7,4.6,1.9,4.3,0,0,--,--,1.5,0.9,2.8,0.8,0.7,0.7,0.8,1.1,2.3,2.8,3.1,3.8,0,0,0,0,--,--
2011,MT,Total,Federal,--,--,--,--,--,--,--,--,--,--,--,--,84.3,78.5,86.8,94.2,92.3,--,--,--,--,--,--,--,--,--,--,--,--,--,13.6,18.4,11.6,5.5,7.7,--,--,--,--,--,--,--,--,--,--,--,--,--,2.1,3.1,1.6,0.3,0,--
2011,MT,Total,Estadual,96.8,99.2,95.4,99.9,99.9,98.2,100,98.5,94.4,99.6,98.4,89,67.7,59.5,71.3,77.5,89.8,73.7,2.5,0.6,3.6,0.1,0.1,1.6,0,0.8,5,0.2,0.6,8.6,19.6,25.7,17.3,11.9,8.2,14.5,0.7,0.2,1,0,0,0.2,0,0.7,0.6,0.2,1,2.4,12.7,14.8,11.4,10.6,2,11.8
2011,MT,Rural,Total,93,94.7,90.8,97.4,95.6,91.8,95.7,93.6,88.7,94,90.8,89.5,77.9,71.7,81.8,86.8,--,75.8,4.3,3.7,5.1,1,3.1,6.9,2.9,3.9,8.4,3.3,3.2,5.3,10.7,14.8,7.5,4.6,--,13.8,2.7,1.6,4.1,1.6,1.3,1.3,1.4,2.5,2.9,2.7,6,5.2,11.4,13.5,10.7,8.6,--,10.4
2011,MT,Rural,Publico,93,94.7,90.8,97.5,95.6,91.8,95.7,93.6,88.7,94,90.8,89.5,77.9,71.7,81.8,86.8,--,75.8,4.3,3.7,5.1,1,3.1,6.9,2.9,3.9,8.4,3.3,3.2,5.3,10.7,14.8,7.6,4.6,--,13.8,2.7,1.6,4.1,1.5,1.3,1.3,1.4,2.5,2.9,2.7,6,5.2,11.4,13.5,10.6,8.6,--,10.4
2011,MT,Rural,Particular,96.8,96.2,97.7,87.5,100,100,100,92.9,100,91.7,100,100,95.7,83.3,100,100,--,--,0,0,0,0,0,0,0,0,0,0,0,0,0,0,0,0,--,--,3.2,3.8,2.3,12.5,0,0,0,7.1,0,8.3,0,0,4.3,16.7,0,0,--,--
2011,MT,Rural,Municipal,92.5,94,90.2,97,94.2,90.2,94.2,94.6,87.8,90.6,91.4,91.7,98.1,95.7,100,100,--,--,4.7,4.2,5.3,1.2,4.1,8.2,3.9,3.5,8.3,5.2,4,2.9,1.9,4.3,0,0,--,--,2.8,1.8,4.5,1.8,1.7,1.6,1.9,1.9,3.9,4.2,4.6,5.4,0,0,0,0,--,--
2011,MT,Rural,Federal,--,--,--,--,--,--,--,--,--,--,--,--,85.5,70.4,96.6,96.4,--,--,--,--,--,--,--,--,--,--,--,--,--,--,12,25.4,2.3,1.8,--,--,--,--,--,--,--,--,--,--,--,--,--,--,2.5,4.2,1.1,1.8,--,--
2011,MT,Rural,Estadual,94,96.9,91.7,99.9,99.6,96.9,100,91.4,90.6,99.7,90,86.5,77.6,71.7,80.9,86.5,--,75.8,3.4,1.9,4.6,0,0.4,2.7,0,4.7,8.6,0.1,2.1,8.6,10.7,14.5,7.9,4.7,--,13.8,2.6,1.2,3.7,0.1,0,0.4,0,3.9,0.8,0.2,7.9,4.9,11.7,13.8,11.2,8.8,--,10.4
2011,MT,Urbana,Total,95.8,97,94.4,99.2,97.5,94.1,97,97.3,92.7,97.2,97.2,90.5,69.5,61.3,73.1,79.3,91.1,73.9,3.5,2.6,4.5,0.4,2.1,5.5,2.7,2.3,6.4,2.2,2.1,7.5,19,25.2,16.8,11.3,7.9,14.3,0.7,0.4,1.1,0.4,0.4,0.4,0.3,0.4,0.9,0.6,0.7,2,11.5,13.5,10.1,9.4,1,11.8
2011,MT,Urbana,Publico,95.5,96.8,94.1,99.3,97.4,93.6,96.8,97.1,92.1,97.2,97.3,89.7,66.9,58.6,70.7,76.9,91.1,70.4,3.7,2.8,4.7,0.3,2.2,6,2.9,2.4,6.8,2.1,1.9,8,20.5,26.7,18.1,12.5,7.9,15.8,0.8,0.4,1.2,0.4,0.4,0.4,0.3,0.5,1.1,0.7,0.8,2.3,12.6,14.7,11.2,10.6,1,13.8
2011,MT,Urbana,Particular,97.7,98.6,96.6,98.5,98.7,98.7,98.8,98.5,97.4,96.5,95.9,96.5,94.8,92.6,94.8,97.6,--,94.1,2.1,1.2,3.3,1.1,1.3,1.1,1.1,1.5,2.5,3.4,4,3.3,4.7,6.8,4.7,2,--,5.9,0.2,0.2,0.1,0.4,0,0.2,0.1,0,0.1,0.1,0.1,0.2,0.5,0.6,0.5,0.4,--,0
2011,MT,Urbana,Municipal,93.8,95.3,90.2,99.1,96.3,91.4,94.7,95,88.7,90.9,91.1,91.5,--,--,--,--,--,--,5.1,4.1,7.7,0.3,3.2,8.1,4.8,4.2,9.7,7,6.5,5.5,--,--,--,--,--,--,1.1,0.6,2.1,0.6,0.5,0.5,0.5,0.8,1.6,2.1,2.4,3,--,--,--,--,--,--
2011,MT,Urbana,Federal,--,--,--,--,--,--,--,--,--,--,--,--,84.1,80.2,84.3,93.7,92.3,--,--,--,--,--,--,--,--,--,--,--,--,--,14,17,14,6.3,7.7,--,--,--,--,--,--,--,--,--,--,--,--,--,1.9,2.8,1.7,0,0,--
2011,MT,Urbana,Estadual,97.1,99.6,95.8,99.9,100,98.4,100,99.6,94.9,99.6,99.4,89.3,66.6,58.2,70.4,76.7,89.8,70.4,2.3,0.3,3.4,0.1,0,1.5,0,0.2,4.5,0.3,0.4,8.6,20.6,26.9,18.2,12.6,8.2,15.8,0.6,0.1,0.8,0,0,0.1,0,0.2,0.6,0.1,0.2,2.1,12.8,14.9,11.4,10.7,2,13.8
2011,GO,Total,Total,89.7,93.3,85.5,97.6,91.9,91.1,92.3,94.1,85.2,85.1,85.9,86.1,80.2,73.4,82.5,87.8,88.6,99.1,7.6,5.7,9.9,1.1,7.1,8,6.6,4.7,11,10.7,9.4,8.2,12.9,18.4,11,6.6,9.7,0.9,2.7,1,4.6,1.3,1,0.9,1.1,1.2,3.8,4.2,4.7,5.7,6.9,8.2,6.5,5.6,1.7,0
2011,GO,Total,Publico,88.3,92.2,83.7,97.4,90.5,89.6,91.2,93.3,83.3,83.3,84.1,84.3,78.1,71,80.4,86.2,88.4,88.9,8.6,6.6,10.9,1.1,8.3,9.3,7.6,5.2,12.2,11.8,10.3,8.9,14,19.8,12.1,7.3,9.9,11.1,3.1,1.2,5.4,1.5,1.2,1.1,1.2,1.5,4.5,4.9,5.6,6.8,7.9,9.2,7.5,6.5,1.7,0
2011,GO,Total,Particular,97,98.4,95.1,98.5,98.4,98.8,98.4,98.2,95.4,94.8,95,95.1,93.3,89.6,94.4,96.8,100,100,2.8,1.3,4.6,1.1,1.3,1.1,1.5,1.7,4.5,4.9,4.5,4.5,5.9,9.4,4.9,2.6,0,0,0.2,0.3,0.3,0.4,0.3,0.1,0.1,0.1,0.1,0.3,0.5,0.4,0.8,1,0.7,0.6,0,0
2011,GO,Total,Municipal,89.9,91.9,83.7,97.3,90,89.1,90.8,93.2,83.2,83.7,84.1,83.9,83.1,74.7,86.7,95.9,--,--,7.6,6.8,9.8,1.2,8.7,9.8,7.8,5.3,11.8,10.3,8.6,7.6,10,16.7,5.6,2.7,--,--,2.5,1.3,6.5,1.5,1.3,1.1,1.4,1.5,5,6,7.3,8.5,6.9,8.6,7.7,1.4,--,--
2011,GO,Total,Federal,94.4,95.4,93.3,100,95.1,88.3,100,94.9,95,90.3,94.9,93.2,84,77,87.5,91.6,87.9,88.9,5.6,4.6,6.7,0,4.9,11.7,0,5.1,5,9.7,5.1,6.8,14.2,20,11.9,7.3,10.3,11.1,0,0,0,0,0,0,0,0,0,0,0,0,1.8,3,0.6,1.1,1.8,0
2011,GO,Total,Estadual,85.4,94.8,83.7,98.5,96,94.6,93.4,93.9,83.4,83.1,84.1,84.4,78,70.9,80.3,86.1,100,--,10.3,4.3,11.4,0.1,3.4,4.7,5.9,5,12.5,12.6,11,9.5,14,19.8,12.1,7.3,0,--,4.3,0.9,4.9,1.4,0.6,0.7,0.7,1.1,4.1,4.3,4.9,6.1,8,9.3,7.6,6.6,0,--
2011,GO,Rural,Total,89.1,90.2,87.1,97,87.2,89.1,89,90.5,82.9,85.8,89.2,91.9,87.1,81.8,88.6,94.4,100,--,8.3,8.2,8.3,1.3,11.5,9.6,9.3,7.8,12.3,10.3,6,3.5,6.8,10.5,5,2.6,0,--,2.6,1.6,4.6,1.7,1.3,1.3,1.7,1.7,4.8,3.9,4.8,4.6,6.1,7.7,6.4,3,0,--
2011,GO,Rural,Publico,89.1,90.3,87,97,87.3,89.1,89,90.6,82.9,85.6,89.2,91.7,86.2,80.7,87.9,94,100,--,8.2,8.1,8.3,1.3,11.3,9.5,9.3,7.7,12.2,10.3,5.9,3.5,6.9,10.8,4.9,2.7,0,--,2.7,1.6,4.7,1.7,1.4,1.4,1.7,1.7,4.9,4.1,4.9,4.8,6.9,8.5,7.2,3.3,0,--
2011,GO,Rural,Particular,88.4,87.1,90,97.1,77.8,87.8,89.1,87,82.5,90.9,88.5,96.8,94.4,92,94.4,98.1,--,--,10.7,12.4,8.6,2.9,22.2,12.2,9.8,12,15,9.1,8.3,3.2,5.4,7.4,5.6,1.9,--,--,0.9,0.5,1.4,0,0,0,1.1,1,2.5,0,3.2,0,0.2,0.6,0,0,--,--
2011,GO,Rural,Municipal,89,89.9,86.8,96.8,86.6,88.9,88.7,90.2,82.2,85.5,89,92,83.6,82.8,81.8,93.3,--,--,8.4,8.4,8.4,1.3,11.9,9.7,9.5,8,12.6,10.3,6,3.1,1.6,1.7,1.8,0,--,--,2.6,1.7,4.8,1.9,1.5,1.4,1.8,1.8,5.2,4.2,5,4.9,14.8,15.5,16.4,6.7,--,--
2011,GO,Rural,Federal,--,--,--,--,--,--,--,--,--,--,--,--,88.6,81,94.5,98.1,--,--,--,--,--,--,--,--,--,--,--,--,--,--,10.4,17.2,5.5,1.3,--,--,--,--,--,--,--,--,--,--,--,--,--,--,1,1.8,0,0.6,--,--
2011,GO,Rural,Estadual,89.7,94.4,87.7,99.5,98.3,91.3,92.3,93.9,84.8,85.8,89.8,91.1,85.7,80.5,86.3,93.1,100,--,7.2,4.8,8.2,0,1.4,7.6,6.5,5.5,11.3,10.3,5.9,4.4,6.1,9,4.9,3,0,--,3.1,0.8,4.1,0.5,0.3,1.1,1.2,0.6,3.9,3.9,4.3,4.5,8.2,10.5,8.8,3.9,0,--
2011,GO,Urbana,Total,89.7,93.4,85.5,97.7,92.1,91.2,92.5,94.3,85.3,85,85.7,85.9,80.1,73.3,82.4,87.7,88.2,99.1,7.6,5.5,9.9,1.1,6.9,7.9,6.4,4.5,10.9,10.8,9.5,8.4,13,18.6,11.1,6.7,10.1,0.9,2.7,1.1,4.6,1.2,1,0.9,1.1,1.2,3.8,4.2,4.8,5.7,6.9,8.1,6.5,5.6,1.7,0
2011,GO,Urbana,Publico,88.2,92.3,83.6,97.5,90.7,89.7,91.3,93.5,83.4,83.2,83.9,83.9,77.9,70.8,80.3,86.1,87.9,88.9,8.6,6.5,11,1.1,8.1,9.3,7.5,5.1,12.2,11.9,10.5,9.2,14.1,19.9,12.2,7.4,10.3,11.1,3.2,1.2,5.4,1.4,1.2,1,1.2,1.4,4.4,4.9,5.6,6.9,8,9.3,7.5,6.5,1.8,0
2011,GO,Urbana,Particular,97,98.5,95.1,98.5,98.5,98.8,98.5,98.3,95.4,94.8,95.1,95.1,93.3,89.6,94.4,96.8,100,100,2.7,1.3,4.6,1.1,1.2,1,1.4,1.6,4.4,4.9,4.5,4.5,5.9,9.5,4.9,2.6,0,0,0.3,0.2,0.3,0.4,0.3,0.2,0.1,0.1,0.2,0.3,0.4,0.4,0.8,0.9,0.7,0.6,0,0
2011,GO,Urbana,Municipal,90,92,83.4,97.4,90.3,89.1,91,93.5,83.3,83.5,83.6,83,82.8,70.7,89.8,96.6,--,--,7.5,6.7,10,1.2,8.5,9.8,7.7,5.1,11.7,10.3,8.9,8.1,14.1,24.1,8,3.4,--,--,2.5,1.3,6.6,1.4,1.2,1.1,1.3,1.4,5,6.2,7.5,8.9,3.1,5.2,2.2,0,--,--
2011,GO,Urbana,Federal,94.4,95.4,93.3,100,95.1,88.3,100,94.9,95,90.3,94.9,93.2,82,74.7,84.2,88.9,87.9,88.9,5.6,4.6,6.7,0,4.9,11.7,0,5.1,5,9.7,5.1,6.8,15.8,21.5,14.9,9.8,10.3,11.1,0,0,0,0,0,0,0,0,0,0,0,0,2.2,3.8,0.9,1.3,1.8,0
2011,GO,Urbana,Estadual,85.3,94.8,83.7,98.5,95.9,94.8,93.4,93.9,83.4,83,84,84.3,77.9,70.8,80.3,86,--,--,10.4,4.3,11.5,0.1,3.5,4.6,5.8,4.9,12.5,12.6,11.1,9.6,14.1,19.9,12.2,7.4,--,--,4.3,0.9,4.8,1.4,0.6,0.6,0.8,1.2,4.1,4.4,4.9,6.1,8,9.3,7.5,6.6,--,--
2011,DF,Total,Total,88.1,92.5,82.7,97.5,98.1,85.3,90,93.4,79.8,83.1,85.6,83.2,74.2,64.7,79.3,85.1,--,59.7,10.8,7,15.3,1.8,1.5,14.3,9.6,6.1,17.6,15.1,12.7,15.1,18.5,24.8,15.4,10.7,--,17.7,1.1,0.5,2,0.7,0.4,0.4,0.4,0.5,2.6,1.8,1.7,1.7,7.3,10.5,5.3,4.2,--,22.6
2011,DF,Total,Publico,85.2,90.4,78.9,97,97.8,81.3,87.3,91.8,75.4,79.4,82.7,79.2,68,58,73.5,80.9,--,59.7,13.3,9,18.5,2.2,1.7,18.2,12.2,7.6,21.2,18.2,15,18.6,22.3,28.7,19.3,13.3,--,17.7,1.5,0.6,2.6,0.8,0.5,0.5,0.5,0.6,3.4,2.4,2.3,2.2,9.7,13.3,7.2,5.8,--,22.6
2011,DF,Total,Particular,96.9,98.9,94.6,98.8,98.8,98.9,99,98.9,95.4,94.6,94.1,94.1,92.7,89.1,94.5,95.7,--,--,3,1,5.4,1,1.1,1.1,1,1.1,4.5,5.3,5.9,5.8,7.1,10.8,5.3,4.2,--,--,0.1,0.1,0,0.2,0.1,0,0,0,0.1,0.1,0,0.1,0.2,0.1,0.2,0.1,--,--
2011,DF,Total,Federal,94.1,--,94.1,--,--,--,--,--,95.8,95.8,98.3,88.3,94.2,92.2,93.4,97.6,--,--,5.8,--,5.8,--,--,--,--,--,3.7,4.2,1.4,11.7,5.8,7.8,6.6,2.4,--,--,0.1,--,0.1,--,--,--,--,--,0.5,0,0.3,0,0,0,0,0,--,--
2011,DF,Total,Estadual,85.1,90.4,78.7,97,97.8,81.3,87.3,91.8,75.3,79.2,82.5,79,67.5,57.5,73.1,80.5,--,59.7,13.3,9,18.6,2.2,1.7,18.2,12.2,7.6,21.3,18.4,15.2,18.7,22.6,29,19.5,13.6,--,17.7,1.6,0.6,2.7,0.8,0.5,0.5,0.5,0.6,3.4,2.4,2.3,2.3,9.9,13.5,7.4,5.9,--,22.6
2011,DF,Rural,Total,86.4,90,80.5,97.6,97.7,80.3,86.6,90.6,77.2,80.1,84.4,80.9,78.1,72.4,80,86.8,--,--,12.6,9.6,17.7,2.2,1.8,19.3,13.1,8.9,20.7,17.7,14.5,17.1,16.1,18.7,16,11.4,--,--,1,0.4,1.8,0.2,0.5,0.4,0.3,0.5,2.1,2.2,1.1,2,5.8,8.9,4,1.8,--,--
2011,DF,Rural,Publico,85.7,89.9,78.2,97.6,97.8,80,86.5,90.6,77.2,76.9,82.2,76.9,76.5,69.5,78.3,86.8,--,--,13.3,9.7,19.7,2.3,1.7,19.5,13.2,8.9,20.7,20.6,16.6,20.7,17.3,20.6,17.3,11.4,--,--,1,0.4,2.1,0.1,0.5,0.5,0.3,0.5,2.1,2.5,1.2,2.4,6.2,9.9,4.4,1.8,--,--
2011,DF,Rural,Particular,99.3,97.5,99.7,100,92.1,100,100,100,--,99.2,100,100,99.1,100,97.4,--,--,--,0.5,1.6,0.3,0,5.3,0,0,0,--,0.8,0,0,0.9,0,2.6,--,--,--,0.2,0.9,0,0,2.6,0,0,0,--,0,0,0,0,0,0,--,--,--
2011,DF,Rural,Federal,--,--,--,--,--,--,--,--,--,--,--,--,--,--,--,--,--,--,--,--,--,--,--,--,--,--,--,--,--,--,--,--,--,--,--,--,--,--,--,--,--,--,--,--,--,--,--,--,--,--,--,--,--,--
2011,DF,Rural,Estadual,85.7,89.9,78.2,97.6,97.8,80,86.5,90.6,77.2,76.9,82.2,76.9,76.5,69.5,78.3,86.8,--,--,13.3,9.7,19.7,2.3,1.7,19.5,13.2,8.9,20.7,20.6,16.6,20.7,17.3,20.6,17.3,11.4,--,--,1,0.4,2.1,0.1,0.5,0.5,0.3,0.5,2.1,2.5,1.2,2.4,6.2,9.9,4.4,1.8,--,--
2011,DF,Urbana,Total,88.1,92.6,82.8,97.5,98.1,85.5,90.2,93.5,79.8,83.2,85.7,83.3,74.1,64.6,79.3,85.1,--,59.7,10.7,6.9,15.2,1.8,1.5,14.1,9.4,6,17.5,15,12.6,15.1,18.5,24.9,15.4,10.7,--,17.7,1.2,0.5,2,0.7,0.4,0.4,0.4,0.5,2.7,1.8,1.7,1.6,7.4,10.5,5.3,4.2,--,22.6
2011,DF,Urbana,Publico,85.2,90.5,78.9,97,97.8,81.3,87.3,91.8,75.4,79.5,82.7,79.3,67.8,57.8,73.4,80.8,--,59.7,13.3,8.9,18.4,2.2,1.7,18.1,12.2,7.6,21.2,18.1,15,18.5,22.4,28.9,19.3,13.4,--,17.7,1.5,0.6,2.7,0.8,0.5,0.6,0.5,0.6,3.4,2.4,2.3,2.2,9.8,13.3,7.3,5.8,--,22.6
2011,DF,Urbana,Particular,96.9,98.9,94.5,98.8,98.8,98.9,99,98.9,95.4,94.5,94,94,92.7,89,94.5,95.7,--,--,3,1,5.4,1,1.1,1.1,1,1.1,4.5,5.4,6,5.9,7.2,10.9,5.3,4.2,--,--,0.1,0.1,0.1,0.2,0.1,0,0,0,0.1,0.1,0,0.1,0.1,0.1,0.2,0.1,--,--
2011,DF,Urbana,Federal,94.1,--,94.1,--,--,--,--,--,95.8,95.8,98.3,88.3,94.2,92.2,93.4,97.6,--,--,5.8,--,5.8,--,--,--,--,--,3.7,4.2,1.4,11.7,5.8,7.8,6.6,2.4,--,--,0.1,--,0.1,--,--,--,--,--,0.5,0,0.3,0,0,0,0,0,--,--
2011,DF,Urbana,Estadual,85.1,90.5,78.8,97,97.8,81.3,87.3,91.8,75.3,79.3,82.5,79.1,67.3,57.2,73,80.4,--,59.7,13.4,8.9,18.6,2.2,1.7,18.1,12.2,7.6,21.3,18.3,15.1,18.7,22.7,29.2,19.6,13.7,--,17.7,1.5,0.6,2.6,0.8,0.5,0.6,0.5,0.6,3.4,2.4,2.4,2.2,10,13.6,7.4,5.9,--,22.6
Fonte: MEC/INEP/DEED/CSI.,DF,Urbana,Estadual,85.1,90.5,78.8,97,97.8,81.3,87.3,91.8,75.3,79.3,82.5,79.1,67.3,57.2,73,80.4,--,59.7,13.4,8.9,18.6,2.2,1.7,18.1,12.2,7.6,21.3,18.3,15.1,18.7,22.7,29.2,19.6,13.7,--,17.7,1.5,0.6,2.6,0.8,0.5,0.6,0.5,0.6,3.4,2.4,2.4,2.2,10,13.6,7.4,5.9,--,22.6
"     Notas: 1) Inclui as taxas de aprovação, reprovação e abandono. ",DF,Urbana,Estadual,85.1,90.5,78.8,97,97.8,81.3,87.3,91.8,75.3,79.3,82.5,79.1,67.3,57.2,73,80.4,--,59.7,13.4,8.9,18.6,2.2,1.7,18.1,12.2,7.6,21.3,18.3,15.1,18.7,22.7,29.2,19.6,13.7,--,17.7,1.5,0.6,2.6,0.8,0.5,0.6,0.5,0.6,3.4,2.4,2.4,2.2,10,13.6,7.4,5.9,--,22.6
                2) Inclui as taxas do Ensino Fundamental de 8 e 9 anos.,DF,Urbana,Estadual,85.1,90.5,78.8,97,97.8,81.3,87.3,91.8,75.3,79.3,82.5,79.1,67.3,57.2,73,80.4,--,59.7,13.4,8.9,18.6,2.2,1.7,18.1,12.2,7.6,21.3,18.3,15.1,18.7,22.7,29.2,19.6,13.7,--,17.7,1.5,0.6,2.6,0.8,0.5,0.6,0.5,0.6,3.4,2.4,2.4,2.2,10,13.6,7.4,5.9,--,22.6
"                3) ""taxas de rendimento escolar"" expressa o percentual de alunos aprovados, reprovados e afastados por abandono.",DF,Urbana,Estadual,85.1,90.5,78.8,97,97.8,81.3,87.3,91.8,75.3,79.3,82.5,79.1,67.3,57.2,73,80.4,--,59.7,13.4,8.9,18.6,2.2,1.7,18.1,12.2,7.6,21.3,18.3,15.1,18.7,22.7,29.2,19.6,13.7,--,17.7,1.5,0.6,2.6,0.8,0.5,0.6,0.5,0.6,3.4,2.4,2.4,2.2,10,13.6,7.4,5.9,--,22.6
