Ano,Unidade Geográfica,Localização,Dependência Administrativa,Total,Anos Iniciais,Anos Finais,1º Ano ,2º Ano,3º Ano,4º Ano,5º Ano,6º Ano,7º Ano,8º Ano,9º Ano,Total,1ª série,2ª série,3ª série,4ª série,Não-Seriado,Total,Anos Iniciais,Anos Finais,1º Ano ,2º Ano,3º Ano,4º Ano,5º Ano,6º Ano,7º Ano,8º Ano,9º Ano,Total,1ª série,2ª série,3ª série,4ª série,Não-Seriado,Total_Abandono_EF2018,Anos Iniciais,Anos Finais,1º Ano ,2º Ano,3º Ano,4º Ano,5º Ano,6º Ano,7º Ano,8º Ano,9º Ano,Total_Abandono_EM2018,1ª série,2ª série,3ª série,4ª série,Não-Seriado
2018,Brasil,Total,Total,91.5,94.2,88.1,98.1,97.4,89.9,92.9,93.6,85.8,87.1,89.3,90.6,83.4,76.7,85,90.5,87.6,81,7,5.1,9.5,1.2,2.2,9.4,6.3,5.6,11.7,10.5,8.4,6.9,10.5,15.4,9.4,5.4,7.6,13.9,1.5,0.7,2.4,0.7,0.4,0.7,0.8,0.8,2.5,2.4,2.3,2.5,6.1,7.9,5.6,4.1,4.8,5.1
2018,Brasil,Urbana,Total,92.1,95,88.6,98.2,97.5,91,94.2,94.8,86.8,87.6,89.7,90.7,83.4,76.6,84.9,90.5,87.4,81.2,6.6,4.4,9.3,1.2,2.1,8.5,5.3,4.5,11,10.3,8.3,7.1,10.6,15.6,9.4,5.4,7.9,14.1,1.3,0.6,2.1,0.6,0.4,0.5,0.5,0.7,2.2,2.1,2,2.2,6,7.8,5.7,4.1,4.7,4.7
2018,Brasil,Rural,Total,87.6,89.7,84.1,97.3,96.3,84.2,86.2,86.9,79.1,83.1,86.5,89.8,84.4,78.9,85.6,90.7,93,80.1,9.7,8.8,11.3,1.4,2.7,14.4,12.1,11,16.2,12.3,8.8,5.7,8.4,11.8,7.5,4.4,2.6,12.4,2.7,1.5,4.6,1.3,1,1.4,1.7,2.1,4.7,4.6,4.7,4.5,7.2,9.3,6.9,4.9,4.4,7.5
2018,Brasil,Total,Federal,94.5,96.6,93.5,96.7,95.2,97.1,96.8,96.9,93.2,94,93.6,93.3,87.3,82.6,88.4,92.5,91.3,87.3,5.3,3.4,6.3,3.2,4.8,2.8,3.2,2.9,6.6,5.8,6.2,6.4,10.8,15.1,10.3,6.1,6.3,9.7,0.2,0,0.2,0.1,0,0.1,0,0.2,0.2,0.2,0.2,0.3,1.9,2.3,1.3,1.4,2.4,3
2018,Brasil,Urbana,Federal,94.5,96.6,93.6,96.6,95.2,97.1,96.8,97.1,93.3,94,93.6,93.3,87.2,82.5,88,92.4,91.1,87.1,5.3,3.4,6.3,3.3,4.8,2.9,3.2,2.8,6.5,5.9,6.3,6.5,10.9,15.2,10.7,6.2,6.5,10.1,0.2,0,0.1,0.1,0,0,0,0.1,0.2,0.1,0.1,0.2,1.9,2.3,1.3,1.4,2.4,2.8
2018,Brasil,Rural,Federal,92.9,94.3,91.1,100,100,100,92.9,80,72.2,100,100,100,88.5,83.2,90.6,93.1,94.6,89.3,7.1,5.7,8.9,0,0,0,7.1,20,27.8,0,0,0,9.9,14.8,8.3,5.9,2.4,5.8,0,0,0,0,0,0,0,0,0,0,0,0,1.6,2,1.1,1,3,4.9
2018,Brasil,Total,Estadual,90.2,95.8,87.9,98.6,98.5,91.7,96.1,95,86.9,87.6,88.9,88.3,81.5,74.2,83.2,89.2,86.8,77.6,8,3.6,9.8,0.7,1,7.7,3.4,4.4,11,10.3,8.8,8.9,11.5,16.6,10.2,6,8.2,16.4,1.8,0.6,2.3,0.7,0.5,0.6,0.5,0.6,2.1,2.1,2.3,2.8,7,9.2,6.6,4.8,5,6
2018,Brasil,Urbana,Estadual,90.3,96.2,87.9,98.8,98.8,92.1,96.5,95.4,87,87.6,88.9,88.2,81.4,74,83.1,89.2,86.7,77.5,8,3.3,9.8,0.6,0.8,7.4,3,4,11,10.3,8.9,9,11.6,16.9,10.4,6,8.4,16.8,1.7,0.5,2.3,0.6,0.4,0.5,0.5,0.6,2,2.1,2.2,2.8,7,9.1,6.5,4.8,4.9,5.7
2018,Brasil,Rural,Estadual,88.5,91,87.1,96.2,94.6,86.9,89.9,88.9,85,86.3,88.6,88.9,83.7,78.1,84.9,90.3,90.3,78.1,8.7,7.4,9.4,2.3,4.2,11.5,8.4,9.2,11.8,10.3,7.8,7.2,8.5,11.8,7.7,4.4,3.5,14.2,2.8,1.6,3.5,1.5,1.2,1.6,1.7,1.9,3.2,3.4,3.6,3.9,7.8,10.1,7.4,5.3,6.2,7.7
2018,Brasil,Total,Municipal,90.2,92.7,85.1,97.9,96.7,87.4,90.8,92,81.3,83.5,86.9,90.9,86.2,81.1,87.4,93,68.4,47.4,8.1,6.4,11.5,1.3,2.7,11.8,8.2,6.9,15.1,13.1,9.9,6,8.9,13.2,8.3,4.4,2.8,34.6,1.7,0.9,3.4,0.8,0.6,0.8,1,1.1,3.6,3.4,3.2,3.1,4.9,5.7,4.3,2.6,28.8,18
2018,Brasil,Urbana,Municipal,91,93.6,85.6,98,96.8,88.3,92.1,93.4,82.3,83.8,87.2,91.2,86.6,81.7,87.8,93.1,65.7,44.8,7.6,5.7,11.5,1.3,2.7,11,7.1,5.7,14.5,13.2,10.1,6.2,9.1,13.5,8.5,4.6,3.1,37.8,1.4,0.7,2.9,0.7,0.5,0.7,0.8,0.9,3.2,3,2.7,2.6,4.3,4.8,3.7,2.3,31.2,17.4
2018,Brasil,Rural,Municipal,87.4,89.6,83.3,97.3,96.4,83.8,85.8,86.7,77.8,82.3,85.9,90,82.7,75.6,83,92.4,86,72,9.9,8.9,11.8,1.3,2.6,14.7,12.4,11.2,17.1,12.8,9.1,5.3,6.7,11.2,5.7,2.1,0.9,4,2.7,1.5,4.9,1.4,1,1.5,1.8,2.1,5.1,4.9,5,4.7,10.6,13.2,11.3,5.5,13.1,24
2018,Brasil,Total,Privada,98,98.7,96.9,98.5,98.9,98.7,98.8,98.8,97.3,96.6,96.8,96.7,96,93.5,96.5,98.5,89,94.4,1.9,1.1,3,1.3,1,1.2,1.1,1.1,2.6,3.3,3.1,3.1,3.7,6.1,3.2,1.3,6.3,2.5,0.1,0.2,0.1,0.2,0.1,0.1,0.1,0.1,0.1,0.1,0.1,0.2,0.3,0.4,0.3,0.2,4.7,3.1
2018,Brasil,Urbana,Privada,98,98.7,96.9,98.5,98.9,98.7,98.8,98.8,97.3,96.6,96.9,96.7,96,93.5,96.5,98.5,83.8,94.8,1.9,1.1,3,1.3,1,1.2,1.1,1.1,2.6,3.3,3,3.1,3.7,6.1,3.2,1.3,9.2,2.6,0.1,0.2,0.1,0.2,0.1,0.1,0.1,0.1,0.1,0.1,0.1,0.2,0.3,0.4,0.3,0.2,7,2.6
2018,Brasil,Rural,Privada,96.2,97.1,94.8,97,97.4,96.8,97.1,97,94.6,93.9,94.4,96.3,93.3,89.8,94.3,96.6,98.2,77.4,3.4,2.6,4.6,2.5,2.1,2.9,2.7,2.8,4.7,5.4,5,3.2,4,6,3.5,2.1,1.1,0,0.4,0.3,0.6,0.5,0.5,0.3,0.2,0.2,0.7,0.7,0.6,0.5,2.7,4.2,2.2,1.3,0.7,22.6
2018,Brasil,Total,Pública,90.2,93.2,86.5,98,97,88.1,91.7,92.5,83.8,85.4,87.9,89.5,81.7,74.5,83.3,89.3,87.6,80.1,8.1,5.9,10.7,1.2,2.4,11.1,7.4,6.4,13.2,11.7,9.3,7.6,11.4,16.6,10.2,6,7.7,14.7,1.7,0.9,2.8,0.8,0.6,0.8,0.9,1.1,3,2.9,2.8,2.9,6.9,8.9,6.5,4.7,4.7,5.2
2018,Brasil,Urbana,Pública,90.7,94.1,86.9,98.1,97.1,89,93,93.8,84.7,85.8,88.2,89.5,81.6,74.3,83.2,89.3,87.5,80.1,7.7,5.3,10.5,1.2,2.4,10.3,6.3,5.3,12.7,11.6,9.4,7.9,11.6,16.8,10.4,6,7.8,15,1.6,0.6,2.6,0.7,0.5,0.7,0.7,0.9,2.6,2.6,2.4,2.6,6.8,8.9,6.4,4.7,4.7,4.9
2018,Brasil,Rural,Pública,87.5,89.6,84,97.3,96.3,84,86.1,86.9,79,83,86.4,89.7,84.1,78.5,85.3,90.5,91.4,80.2,9.8,8.8,11.4,1.4,2.7,14.5,12.2,11.1,16.3,12.4,8.8,5.7,8.5,12.1,7.7,4.5,3,12.6,2.7,1.6,4.6,1.3,1,1.5,1.7,2,4.7,4.6,4.8,4.6,7.4,9.4,7,5,5.6,7.2
2018,Norte,Total,Total,88.1,89.9,85.7,97.6,96.6,83.6,86.9,87,82.6,84.8,88,88.7,80.6,75,81.6,87,93.8,86.3,9.1,8.5,9.9,0.8,2.2,14.8,11.4,10.9,13.1,10.7,7.9,6.7,8.8,12.3,8.1,5,4,3.2,2.8,1.6,4.4,1.6,1.2,1.6,1.7,2.1,4.3,4.5,4.1,4.6,10.6,12.7,10.3,8,2.2,10.5
2018,Norte,Urbana,Total,90.1,92.4,87.2,98.3,97.5,86.1,90.8,90.9,85,86.1,89,89.4,80.3,74.6,81.4,86.9,93.5,79.3,7.9,6.5,9.5,0.6,1.7,12.9,8.2,7.8,11.8,10.5,8,6.9,9.1,12.7,8.4,5,4.2,4.6,2,1.1,3.3,1.1,0.8,1,1,1.3,3.2,3.4,3,3.7,10.6,12.7,10.2,8.1,2.3,16.1
2018,Norte,Rural,Total,83,84,81.4,95.7,94.2,77.9,78.4,78.5,76,81.1,84.9,86.3,83,78,83.8,88.3,96.3,94.1,12.2,12.9,11,1.3,3.4,19.4,18.5,17.6,16.4,11.3,7.4,5.9,6.4,8.4,5.9,4.4,2.2,1.7,4.8,3.1,7.6,3,2.4,2.7,3.1,3.9,7.6,7.6,7.7,7.8,10.6,13.6,10.3,7.3,1.5,4.2
2018,Norte,Total,Federal,94.2,97,93.2,100,93.8,96.3,97.2,97.8,93.6,94.6,95.3,89,87.2,82.2,88.5,91.9,94.3,97.2,5.8,3,6.7,0,6.2,3.7,2.8,2.2,6.4,5.4,4.7,10.6,10.4,14.8,9.7,6,3.9,1.9,0,0,0.1,0,0,0,0,0,0,0,0,0.4,2.4,3,1.8,2.1,1.8,0.9
2018,Norte,Urbana,Federal,94.2,97,93.2,100,93.8,96.3,97.2,97.8,93.6,94.6,95.3,89,86.9,82.1,88.1,92,94.3,100,5.8,3,6.7,0,6.2,3.7,2.8,2.2,6.4,5.4,4.7,10.6,10.5,14.7,9.9,5.5,3.9,0,0,0,0.1,0,0,0,0,0,0,0,0,0.4,2.6,3.2,2,2.5,1.8,0
2018,Norte,Rural,Federal,--,--,--,--,--,--,--,--,--,--,--,--,89,82.7,91.2,91.3,--,97.2,--,--,--,--,--,--,--,--,--,--,--,--,10.1,15.9,8.5,8.1,--,2,--,--,--,--,--,--,--,--,--,--,--,--,0.9,1.4,0.3,0.6,--,0.8
2018,Norte,Total,Estadual,88.7,92.2,87.2,98.1,96.7,85.1,94.2,90.1,86.1,86.5,88.2,88.3,79.3,73.5,80.3,86,93.1,79.6,8.2,6.4,9,0.3,2.1,13.5,4.7,8.5,10.6,9.8,8.3,7.3,9.2,12.6,8.5,5.2,4.3,4.3,3.1,1.4,3.8,1.6,1.2,1.4,1.1,1.4,3.3,3.7,3.5,4.4,11.5,13.9,11.2,8.8,2.6,16.1
2018,Norte,Urbana,Estadual,89.2,93.2,87.5,98.5,97.8,85.5,96.1,91.2,86.5,86.7,88.4,88.5,78.9,73,79.9,85.8,92.5,79.3,8.1,5.7,9.1,0.2,1.3,13.3,3.1,7.6,10.5,9.9,8.5,7.4,9.5,13.2,8.8,5.3,4.7,4.7,2.7,1.1,3.4,1.3,0.9,1.2,0.8,1.2,3,3.4,3.1,4.1,11.6,13.8,11.3,8.9,2.8,16
2018,Norte,Rural,Estadual,85.9,87,85.3,96.2,91.6,83,84.2,83.3,83.1,84.6,87,87.2,82.5,77.5,83.3,88,95.9,81.8,9.1,10.1,8.4,0.9,5.8,14.3,13,13.2,11.1,9,6.8,6.1,6.3,8.3,5.9,4.3,2.6,1.5,5,2.9,6.3,2.9,2.6,2.7,2.8,3.5,5.8,6.4,6.2,6.7,11.2,14.2,10.8,7.7,1.5,16.7
2018,Norte,Total,Municipal,86.5,88.4,82.5,97.3,96.2,81.7,84.3,85,77.9,81.5,86,87.5,83.9,69.4,93.5,88.2,--,--,10.4,9.7,11.8,0.9,2.4,16.6,13.8,12.5,16.4,12.8,8.4,6.7,13.6,25,6.5,9.8,--,--,3.1,1.9,5.7,1.8,1.4,1.7,1.9,2.5,5.7,5.7,5.6,5.8,2.5,5.6,0,2,--,--
2018,Norte,Urbana,Municipal,89,91.1,84,98.2,97.2,84.1,88.1,89.5,80.4,82.5,87.3,88.6,83.9,69.4,93.5,88.2,--,--,9,7.8,11.9,0.6,2,14.8,10.7,9,15.4,13.4,8.9,7.2,13.6,25,6.5,9.8,--,--,2,1.1,4.1,1.2,0.8,1.1,1.2,1.5,4.2,4.1,3.8,4.2,2.5,5.6,0,2,--,--
2018,Norte,Rural,Municipal,82.5,83.7,80.3,95.6,94.4,77.4,77.8,77.9,74.4,80.1,84.3,86,--,--,--,--,--,--,12.7,13.2,11.6,1.3,3.3,19.8,19,18,17.6,11.9,7.6,6,--,--,--,--,--,--,4.8,3.1,8.1,3.1,2.3,2.8,3.2,4.1,8,8,8.1,8,--,--,--,--,--,--
2018,Norte,Total,Privada,98.3,98.9,97.3,99.1,99.2,98.6,98.9,98.8,97.6,97.3,97.5,96.8,96.5,94.4,97.1,98.2,97.5,87.2,1.5,0.9,2.5,0.6,0.6,1.3,1,1.1,2.3,2.5,2.3,2.9,3.1,5.1,2.5,1.6,1.3,0,0.2,0.2,0.2,0.3,0.2,0.1,0.1,0.1,0.1,0.2,0.2,0.3,0.4,0.5,0.4,0.2,1.2,12.8
2018,Norte,Urbana,Privada,98.3,99,97.4,99.1,99.2,98.7,98.9,98.8,97.7,97.3,97.6,96.8,96.6,94.4,97.2,98.2,100,--,1.5,0.9,2.5,0.6,0.6,1.2,0.9,1.1,2.2,2.5,2.3,3,3.1,5.1,2.5,1.5,0,--,0.2,0.1,0.1,0.3,0.2,0.1,0.2,0.1,0.1,0.2,0.1,0.2,0.3,0.5,0.3,0.3,0,--
2018,Norte,Rural,Privada,96.2,96.4,95.9,100,99.4,91.4,95,97.3,95.9,94.6,95.8,97.3,94.2,93,94.1,96.5,97.3,87.2,3.3,3.4,3.1,0,0.4,8.2,5,2.7,3.9,4.4,2.9,1.1,2.6,3.2,2.8,1.9,1.3,0,0.5,0.2,1,0,0.2,0.4,0,0,0.2,1,1.3,1.6,3.2,3.8,3.1,1.6,1.4,12.8
2018,Norte,Total,Pública,87.2,89,84.8,97.4,96.3,82.2,85.9,86,81.5,83.8,87.1,88,79.5,73.8,80.5,86.2,93.7,86.3,9.8,9.2,10.5,0.8,2.4,16.1,12.3,11.7,13.8,11.4,8.3,7,9.2,12.7,8.5,5.2,4.1,3.4,3,1.8,4.7,1.8,1.3,1.7,1.8,2.3,4.7,4.8,4.6,5,11.3,13.5,11,8.6,2.2,10.3
2018,Norte,Urbana,Pública,89.1,91.5,86.1,98.2,97.3,84.4,89.8,89.9,83.7,84.9,88,88.5,79.1,73.3,80.2,85.9,93.5,79.3,8.7,7.4,10.3,0.6,1.8,14.5,9.1,8.6,12.8,11.4,8.7,7.4,9.5,13.2,8.8,5.3,4.2,4.6,2.2,1.1,3.6,1.2,0.9,1.1,1.1,1.5,3.5,3.7,3.3,4.1,11.4,13.5,11,8.8,2.3,16.1
2018,Norte,Rural,Pública,82.9,83.9,81.3,95.6,94.1,77.9,78.3,78.4,75.9,81,84.8,86.3,82.7,77.7,83.6,88.1,95.9,94.8,12.2,13,11,1.3,3.5,19.4,18.5,17.6,16.5,11.3,7.4,6,6.5,8.5,6,4.4,2.6,1.9,4.9,3.1,7.7,3.1,2.4,2.7,3.2,4,7.6,7.7,7.8,7.7,10.8,13.8,10.4,7.5,1.5,3.3
2018,Rondônia,Total,Total,91.7,93.2,89.8,98.4,98.7,86.3,89,94.7,89.7,88.5,89.9,91.2,85,80.4,86.1,90.9,96.3,90.1,6.9,6.2,7.8,0.9,0.8,13,10.4,4.8,8.2,9.1,7.8,5.8,8.4,11.4,7.4,5,3.4,2.6,1.4,0.6,2.4,0.7,0.5,0.7,0.6,0.5,2.1,2.4,2.3,3,6.6,8.2,6.5,4.1,0.3,7.3
2018,Rondônia,Urbana,Total,92.4,94.1,90.4,98.8,99,87.3,90.4,95.7,91.1,89.2,90.3,91.1,84.7,80.1,85.9,90.9,96.1,90.3,6.4,5.6,7.4,0.8,0.7,12.2,9.2,4,7.1,8.7,7.7,6,8.7,11.7,7.7,5.1,3.9,3,1.2,0.3,2.2,0.4,0.3,0.5,0.4,0.3,1.8,2.1,2,2.9,6.6,8.2,6.4,4,0,6.7
2018,Rondônia,Rural,Total,88.6,89.9,86.5,96.7,97.6,82.6,83.9,91.4,83,85.1,88.3,91.2,87.3,83.8,88,91,97,88.2,9.1,8.8,9.7,1.5,1,16.1,14.7,7.7,13.7,10.9,8.2,4.7,5.5,7.2,5.1,3.8,1.5,0,2.3,1.3,3.8,1.8,1.4,1.3,1.4,0.9,3.3,4,3.5,4.1,7.2,9,6.9,5.2,1.5,11.8
2018,Rondônia,Total,Federal,--,--,--,--,--,--,--,--,--,--,--,--,91.2,88.7,90.6,94.9,96.1,--,--,--,--,--,--,--,--,--,--,--,--,--,8.1,10.5,8.9,4.1,3.9,--,--,--,--,--,--,--,--,--,--,--,--,--,0.7,0.8,0.5,1,0,--
2018,Rondônia,Urbana,Federal,--,--,--,--,--,--,--,--,--,--,--,--,91.1,88.4,89.3,96.6,96.1,--,--,--,--,--,--,--,--,--,--,--,--,--,8.4,11.1,10.1,2.6,3.9,--,--,--,--,--,--,--,--,--,--,--,--,--,0.5,0.5,0.6,0.8,0,--
2018,Rondônia,Rural,Federal,--,--,--,--,--,--,--,--,--,--,--,--,91.5,89.4,94,91.5,--,--,--,--,--,--,--,--,--,--,--,--,--,--,7.3,8.9,5.7,6.9,--,--,--,--,--,--,--,--,--,--,--,--,--,--,1.2,1.7,0.3,1.6,--,--
2018,Rondônia,Total,Estadual,90.4,92.6,89.7,98.3,98.5,86.3,88.6,94.5,90.5,88.5,89.6,90.3,83.8,79,85.1,90.1,--,90.1,7.5,6.8,7.7,1,1,12.9,10.7,5,7.3,9,7.9,6.3,8.7,11.7,7.5,5.2,--,2.6,2.1,0.6,2.6,0.7,0.5,0.8,0.7,0.5,2.2,2.5,2.5,3.4,7.5,9.3,7.4,4.7,--,7.3
2018,Rondônia,Urbana,Estadual,90.9,94.3,90,99.1,98.7,88.3,91.4,96,91.1,88.7,89.8,90.5,83.7,79,85.1,90,--,90.3,7.1,5.3,7.6,0.6,0.9,11,8.1,3.6,7,9,8.1,6.3,8.9,12,7.7,5.4,--,3,2,0.4,2.4,0.3,0.4,0.7,0.5,0.4,1.9,2.3,2.1,3.2,7.4,9,7.2,4.6,--,6.7
2018,Rondônia,Rural,Estadual,84.3,80.7,86,94.7,96.9,74.4,68.1,79.1,83,85.9,88,87.2,84.6,79.7,85.3,90.7,--,88.2,11.5,17.7,8.5,3.1,1.6,24,30.3,19.6,12.3,8.9,6.5,6,5,7.2,4.9,2.2,--,0,4.2,1.6,5.5,2.2,1.5,1.6,1.6,1.3,4.7,5.2,5.5,6.8,10.4,13.1,9.8,7.1,--,11.8
2018,Rondônia,Total,Municipal,91.6,92.5,86.4,98.2,98.6,84.8,87.7,94.2,83.3,84.6,87.9,92.9,--,--,--,--,--,--,7.4,6.9,10.9,1,0.8,14.6,11.6,5.2,14,12.2,9.6,4.7,--,--,--,--,--,--,1,0.6,2.7,0.8,0.6,0.6,0.7,0.6,2.7,3.2,2.5,2.4,--,--,--,--,--,--
2018,Rondônia,Urbana,Municipal,92.7,93.1,87.1,98.6,98.9,85.4,88.6,94.9,85.3,86.1,88.3,92.7,--,--,--,--,--,--,6.7,6.5,10.6,0.9,0.8,14.2,11,4.7,12.5,11.5,9.3,5.8,--,--,--,--,--,--,0.6,0.4,2.3,0.5,0.3,0.4,0.4,0.4,2.2,2.4,2.4,1.5,--,--,--,--,--,--
2018,Rondônia,Rural,Municipal,89.2,90.6,86,96.8,97.6,82.9,85.4,92.5,82,83.9,87.7,92.9,--,--,--,--,--,--,8.9,8.1,11,1.4,1,15.8,13.2,6.5,15,12.5,9.7,4.2,--,--,--,--,--,--,1.9,1.3,3,1.8,1.4,1.3,1.4,1,3,3.6,2.6,2.9,--,--,--,--,--,--
2018,Rondônia,Total,Privada,98.3,99,96.9,99.6,99.7,98.1,98.7,99.1,97.4,96.6,96.6,96.9,94,92.1,93.9,96.4,97,--,1.7,1,3,0.3,0.2,1.9,1.3,0.9,2.5,3.4,3.2,2.8,5.3,7.1,5.3,3.4,1.5,--,0,0,0.1,0.1,0.1,0,0,0,0.1,0,0.2,0.3,0.7,0.8,0.8,0.2,1.5,--
2018,Rondônia,Urbana,Privada,98.2,99,96.8,99.6,99.7,97.9,98.6,99.1,97.4,96.6,96.6,96.7,94.3,91.8,94.6,97,--,--,1.7,1,3.1,0.3,0.2,2.1,1.4,0.9,2.5,3.4,3.3,3.1,5.5,7.6,5.3,3,--,--,0.1,0,0.1,0.1,0.1,0,0,0,0.1,0,0.1,0.2,0.2,0.6,0.1,0,--,--
2018,Rondônia,Rural,Privada,98.7,99.9,97.5,100,100,100,99.5,100,97.6,96.8,96.9,98.6,92.7,93.5,90.7,92.2,97,--,1.1,0.1,2.2,0,0,0,0.5,0,2.4,3.2,2.6,0.5,4.8,4.5,5.5,6,1.5,--,0.2,0,0.3,0,0,0,0,0,0,0,0.5,0.9,2.5,2,3.8,1.8,1.5,--
2018,Rondônia,Total,Pública,91,92.5,89.1,98.2,98.6,85,87.9,94.3,89,87.8,89.4,90.7,84.3,79.7,85.5,90.4,96.1,90.1,7.5,6.9,8.2,1,0.8,14.3,11.4,5.2,8.7,9.6,8.2,6.1,8.7,11.6,7.6,5.1,3.9,2.6,1.5,0.6,2.7,0.8,0.6,0.7,0.7,0.5,2.3,2.6,2.4,3.2,7,8.7,6.9,4.5,0,7.3
2018,Rondônia,Urbana,Pública,91.8,93.3,89.8,98.7,98.8,85.8,89.3,95.3,90.5,88.5,89.7,90.6,84.2,79.5,85.3,90.4,96.1,90.3,6.9,6.2,7.8,0.8,0.8,13.7,10.3,4.3,7.5,9.2,8.1,6.3,8.9,11.9,7.8,5.3,3.9,3,1.3,0.5,2.4,0.5,0.4,0.5,0.4,0.4,2,2.3,2.2,3.1,6.9,8.6,6.9,4.3,0,6.7
2018,Rondônia,Rural,Pública,88.3,89.6,86,96.6,97.5,82.1,83.5,91.2,82.3,84.6,87.8,90.8,86.4,82.3,87.5,90.9,--,88.2,9.4,9,10.1,1.6,1.1,16.5,15.1,7.9,14.1,11.3,8.5,4.9,5.6,7.7,5.1,3.5,--,0,2.3,1.4,3.9,1.8,1.4,1.4,1.4,0.9,3.6,4.1,3.7,4.3,8,10,7.4,5.6,--,11.8
2018,Acre,Total,Total,91.7,91.5,91.9,98.4,85.3,88.9,91.3,94.2,91.8,92.3,92.5,91,85.5,81.1,87,90,94.6,--,6.1,6.9,4.8,0.2,13.1,9.6,7.2,4.2,4.9,4.5,4.5,5.3,8.2,11,7.4,5.2,5.4,--,2.2,1.6,3.3,1.4,1.6,1.5,1.5,1.6,3.3,3.2,3,3.7,6.3,7.9,5.6,4.8,0,--
2018,Acre,Urbana,Total,94.5,95.1,93.8,99.6,90.6,93.5,94.4,97.3,94.9,94.4,94,91.9,84.7,80,86.3,89.4,93.5,--,4.6,4.6,4.6,0,8.9,6.2,5.3,2.3,3.9,4.1,4.8,5.8,9.4,12.5,8.5,6,6.5,--,0.9,0.3,1.6,0.4,0.5,0.3,0.3,0.4,1.2,1.5,1.2,2.3,5.9,7.5,5.2,4.6,0,--
2018,Acre,Rural,Total,86,85.1,87.6,96.1,76.5,80.5,85.3,88.6,85.6,87.5,89.2,88.9,88.7,85.4,89.5,92.2,100,--,9,11.3,5.2,0.6,20.1,15.8,10.9,7.6,6.9,5.4,3.7,3.9,3.4,4.6,3,2.3,0,--,5,3.6,7.2,3.3,3.4,3.7,3.8,3.8,7.5,7.1,7.1,7.2,7.9,10,7.5,5.5,0,--
2018,Acre,Total,Federal,89.9,92.7,88,100,84,89.3,88,100,55.9,98.5,93.9,90,85.9,79.8,86.4,97.3,93.5,--,10.1,7.3,12,0,16,10.7,12,0,44.1,1.5,6.1,10,9.4,13.4,9.4,0.8,6.5,--,0,0,0,0,0,0,0,0,0,0,0,0,4.7,6.8,4.2,1.9,0,--
2018,Acre,Urbana,Federal,89.9,92.7,88,100,84,89.3,88,100,55.9,98.5,93.9,90,85.9,79.8,86.4,97.3,93.5,--,10.1,7.3,12,0,16,10.7,12,0,44.1,1.5,6.1,10,9.4,13.4,9.4,0.8,6.5,--,0,0,0,0,0,0,0,0,0,0,0,0,4.7,6.8,4.2,1.9,0,--
2018,Acre,Total,Estadual,92.7,92.9,92.5,98.5,88.6,91.3,92.2,94.5,93.2,92.7,92.9,91.2,84.9,80.6,86.5,89.3,100,--,5,5.6,4.7,0.2,10,7.3,6.3,3.8,4.1,4.3,4.6,5.7,8.4,11.1,7.6,5.6,0,--,2.3,1.5,2.8,1.3,1.4,1.4,1.5,1.7,2.7,3,2.5,3.1,6.7,8.3,5.9,5.1,0,--
2018,Acre,Urbana,Estadual,94.7,96.1,93.8,99.8,92.2,94.9,95.5,98.3,95.5,94.2,93.7,91.4,83.9,79.3,85.7,88.5,--,--,4.3,3.7,4.7,0,7.5,5,4.4,1.5,3.4,4.1,5.1,6.2,9.8,12.8,8.9,6.5,--,--,1,0.2,1.5,0.2,0.3,0.1,0.1,0.2,1.1,1.7,1.2,2.4,6.3,7.9,5.4,5,--,--
2018,Acre,Rural,Estadual,87.5,85.4,89.1,95.2,80.1,82.6,84.4,86.3,87.6,88.5,90.5,90.4,88.7,85.4,89.5,92.2,100,--,7.1,10.1,4.7,0.8,15.8,12.9,10.9,8.9,5.8,5,3.4,3.9,3.4,4.6,3,2.3,0,--,5.4,4.5,6.2,4,4.1,4.5,4.7,4.8,6.6,6.5,6.1,5.7,7.9,10,7.5,5.5,0,--
2018,Acre,Total,Municipal,89.2,89.8,85.8,98.2,81.7,86.1,89.9,93.5,83.2,87.2,87.5,86.7,--,--,--,--,--,--,8.3,8.6,6.6,0.2,16.3,12.2,8.5,4.9,9.6,6.3,4.8,3.6,--,--,--,--,--,--,2.5,1.6,7.6,1.6,2,1.7,1.6,1.6,7.2,6.5,7.7,9.7,--,--,--,--,--,--
2018,Acre,Urbana,Municipal,93.1,93.4,90,99.5,87.6,91.3,92.6,96,87.5,91.5,91.3,91.5,--,--,--,--,--,--,6.1,6,7,0.1,11.5,8.3,6.9,3.5,9.7,6.4,5.7,3.4,--,--,--,--,--,--,0.8,0.6,3,0.4,0.9,0.4,0.5,0.5,2.8,2.1,3,5.1,--,--,--,--,--,--
2018,Acre,Rural,Municipal,84.7,84.9,83.8,96.5,74.8,79.4,85.9,90,80.9,85.1,85.9,84.4,--,--,--,--,--,--,10.8,11.9,6.4,0.5,22.1,17.4,10.9,6.8,9.5,6.3,4.4,3.7,--,--,--,--,--,--,4.5,3.2,9.8,3,3.1,3.2,3.2,3.2,9.6,8.6,9.7,11.9,--,--,--,--,--,--
2018,Acre,Total,Privada,99.3,99.5,98.9,100,99.2,99,99.8,99.6,99.4,98.7,99.1,98.4,97.3,94.8,98.1,99,--,--,0.7,0.5,1.1,0,0.8,1,0.2,0.4,0.6,1.3,0.9,1.6,2.7,5.2,1.9,1,--,--,0,0,0,0,0,0,0,0,0,0,0,0,0,0,0,0,--,--
2018,Acre,Urbana,Privada,99.3,99.5,98.9,100,99.2,99,99.8,99.6,99.4,98.7,99.1,98.4,97.3,94.8,98.1,99,--,--,0.7,0.5,1.1,0,0.8,1,0.2,0.4,0.6,1.3,0.9,1.6,2.7,5.2,1.9,1,--,--,0,0,0,0,0,0,0,0,0,0,0,0,0,0,0,0,--,--
2018,Acre,Total,Pública,91.3,91.1,91.6,98.4,84.6,88.3,90.9,94,91.4,92,92.2,90.7,85,80.6,86.5,89.5,94.6,--,6.3,7.3,5,0.2,13.7,10.1,7.5,4.4,5.1,4.6,4.7,5.5,8.4,11.2,7.7,5.4,5.4,--,2.4,1.6,3.4,1.4,1.7,1.6,1.6,1.6,3.5,3.4,3.1,3.8,6.6,8.2,5.8,5.1,0,--
2018,Acre,Urbana,Pública,94.2,94.7,93.5,99.6,89.8,93,94,97.1,94.6,94.1,93.6,91.4,84,79.4,85.7,88.8,93.5,--,4.9,4.9,4.9,0,9.6,6.6,5.7,2.5,4.1,4.2,5.1,6.1,9.7,12.8,8.9,6.3,6.5,--,0.9,0.4,1.6,0.4,0.6,0.4,0.3,0.4,1.3,1.7,1.3,2.5,6.3,7.8,5.4,4.9,0,--
2018,Acre,Rural,Pública,86,85.1,87.6,96.1,76.5,80.5,85.3,88.6,85.6,87.5,89.2,88.9,88.7,85.4,89.5,92.2,100,--,9,11.3,5.2,0.6,20.1,15.8,10.9,7.6,6.9,5.4,3.7,3.9,3.4,4.6,3,2.3,0,--,5,3.6,7.2,3.3,3.4,3.7,3.8,3.8,7.5,7.1,7.1,7.2,7.9,10,7.5,5.5,0,--
2018,Amazonas,Total,Total,90.3,91.6,88.6,97.7,97.6,84.2,92.6,87.9,87,88.4,89.2,90.1,82.3,79,81.8,87.2,84,--,6.9,6.6,7.2,0.5,0.9,14.1,5.9,9.8,9.1,7.6,6.5,5,7.2,8.7,7.4,4.9,0,--,2.8,1.8,4.2,1.8,1.5,1.7,1.5,2.3,3.9,4,4.3,4.9,10.5,12.3,10.8,7.9,16,--
2018,Amazonas,Urbana,Total,92.1,93.6,90.1,98.5,98.6,86.2,94.2,91.7,89.5,89.9,90.3,90.8,81.9,78.6,81.2,86.9,72.7,--,6,5.4,6.8,0.3,0.6,12.7,5.1,7.1,7.8,7.2,6.6,5.3,7.4,9.1,7.7,4.9,0,--,1.9,1,3.1,1.2,0.8,1.1,0.7,1.2,2.7,2.9,3.1,3.9,10.7,12.3,11.1,8.2,27.3,--
2018,Amazonas,Rural,Total,85.2,86.2,83.7,95.1,94.6,78.7,88.1,78.3,79.7,83.6,85.5,87.7,84.8,81.1,85.3,88.8,92.9,--,9.3,9.9,8.5,1.2,1.9,17.7,8.2,16.9,13,8.9,6.1,3.9,5.8,6.6,5.7,4.8,0,--,5.5,3.9,7.8,3.7,3.5,3.6,3.7,4.8,7.3,7.5,8.4,8.4,9.4,12.3,9,6.4,7.1,--
2018,Amazonas,Total,Federal,97.3,--,97.3,--,--,--,--,--,97.1,96.7,98.6,96.5,87,83.8,89.4,88.8,57.1,--,2.7,--,2.7,--,--,--,--,--,2.9,3.3,1.4,3.5,11,14.3,9,9,0,--,0,--,0,--,--,--,--,--,0,0,0,0,2,1.9,1.6,2.2,42.9,--
2018,Amazonas,Urbana,Federal,97.3,--,97.3,--,--,--,--,--,97.1,96.7,98.6,96.5,86.9,83.5,89.7,88.5,57.1,--,2.7,--,2.7,--,--,--,--,--,2.9,3.3,1.4,3.5,11,14.5,8.6,9.1,0,--,0,--,0,--,--,--,--,--,0,0,0,0,2.1,2,1.7,2.4,42.9,--
2018,Amazonas,Rural,Federal,--,--,--,--,--,--,--,--,--,--,--,--,88.6,88.6,83.1,93.5,--,--,--,--,--,--,--,--,--,--,--,--,--,--,11.4,11.4,16.9,6.5,--,--,--,--,--,--,--,--,--,--,--,--,--,--,0,0,0,0,--,--
2018,Amazonas,Total,Estadual,92,94.8,90.3,99.2,99.1,87.9,99,91.3,90.6,90.1,90.2,90.1,81.7,78.3,81.1,86.8,92.9,--,5.6,4.5,6.2,0,0.2,11.4,0.5,7.9,6.3,6.6,6.3,5.6,7.2,8.6,7.5,4.9,0,--,2.4,0.7,3.5,0.8,0.7,0.7,0.5,0.8,3.1,3.3,3.5,4.3,11.1,13.1,11.4,8.3,7.1,--
2018,Amazonas,Urbana,Estadual,92.2,95.1,90.4,99.3,99.2,88.2,99,91.9,90.8,90.3,90.4,90.3,81.1,77.8,80.2,86.4,--,--,5.5,4.3,6.2,0,0.1,11.2,0.5,7.5,6.3,6.6,6.4,5.6,7.5,9.1,7.9,5,--,--,2.3,0.6,3.4,0.7,0.7,0.6,0.5,0.6,2.9,3.1,3.2,4.1,11.4,13.1,11.9,8.6,--,--
2018,Amazonas,Rural,Estadual,88.4,89.6,87.9,96.7,97.8,83.3,97.3,81.5,87.8,87.2,88.4,88.2,84.7,81,85.3,88.7,92.9,--,6.9,8.6,6.1,0.2,1.4,15,1.7,15.8,6.6,6.3,6,5.7,5.7,6.5,5.7,4.8,0,--,4.7,1.8,6,3.1,0.8,1.7,1,2.7,5.6,6.5,5.6,6.1,9.6,12.5,9,6.5,7.1,--
2018,Amazonas,Total,Municipal,88.5,89.9,85.8,97.1,97,81.7,89.8,85.7,82.8,85.6,86.9,89.3,--,--,--,--,--,--,8.2,7.9,8.8,0.6,1.1,16.1,8.2,11.4,12.1,9.2,7.3,4.6,--,--,--,--,--,--,3.3,2.2,5.4,2.3,1.9,2.2,2,2.9,5.1,5.2,5.8,6.1,--,--,--,--,--,--
2018,Amazonas,Urbana,Municipal,90.8,92,87.9,98.2,98.2,83.5,91,90.5,86,87.7,88.5,90.6,--,--,--,--,--,--,7.3,6.7,8.7,0.4,0.7,15.2,8,7.9,10.9,9,8.1,5.3,--,--,--,--,--,--,1.9,1.3,3.4,1.4,1.1,1.3,1,1.6,3.1,3.3,3.4,4.1,--,--,--,--,--,--
2018,Amazonas,Rural,Municipal,84.9,86,83,95,94.5,78.4,87.7,78.1,78.7,83,84.9,87.5,--,--,--,--,--,--,9.6,10,8.9,1.2,1.9,17.9,8.5,16.9,13.8,9.4,6.2,3.6,--,--,--,--,--,--,5.5,4,8.1,3.8,3.6,3.7,3.8,5,7.5,7.6,8.9,8.9,--,--,--,--,--,--
2018,Amazonas,Total,Privada,98.3,98.9,97.2,99,99,98.8,99,98.9,97.8,97,97.2,96.4,95.6,92.8,96.5,98.6,100,--,1.5,0.9,2.7,0.8,0.6,1.1,0.9,1.1,2.1,2.9,2.7,3.4,4.1,6.8,3.1,1.3,0,--,0.2,0.2,0.1,0.2,0.4,0.1,0.1,0,0.1,0.1,0.1,0.2,0.3,0.4,0.4,0.1,0,--
2018,Amazonas,Urbana,Privada,98.3,98.9,97.1,99,99,98.8,99,98.9,97.8,97,97.2,96.4,95.6,92.8,96.5,98.6,100,--,1.5,0.9,2.7,0.8,0.6,1.1,0.9,1.1,2.2,2.8,2.7,3.4,4.2,6.9,3.2,1.3,0,--,0.2,0.2,0.2,0.2,0.4,0.1,0.1,0,0,0.2,0.1,0.2,0.2,0.3,0.3,0.1,0,--
2018,Amazonas,Rural,Privada,98.9,100,98.2,100,100,100,100,100,100,92.3,100,100,100,100,100,100,--,--,1.1,0,1.8,0,0,0,0,0,0,7.7,0,0,0,0,0,0,--,--,0,0,0,0,0,0,0,0,0,0,0,0,0,0,0,0,--,--
2018,Amazonas,Total,Pública,89.7,91,88.1,97.5,97.4,83.1,92.1,87.2,86.4,87.8,88.7,89.8,81.9,78.5,81.3,86.8,81,--,7.3,7.1,7.5,0.5,0.9,15.1,6.3,10.5,9.5,7.9,6.8,5.1,7.3,8.8,7.5,5,0,--,3,1.9,4.4,2,1.7,1.8,1.6,2.3,4.1,4.3,4.5,5.1,10.8,12.7,11.2,8.2,19,--
2018,Amazonas,Urbana,Pública,91.4,92.9,89.5,98.5,98.5,84.8,93.6,91,88.8,89.3,89.8,90.4,81.3,78,80.5,86.4,57.1,--,6.5,6,7.1,0.3,0.5,14.1,5.6,7.7,8.2,7.5,6.9,5.5,7.6,9.2,7.9,5.1,0,--,2.1,1.1,3.4,1.2,1,1.1,0.8,1.3,3,3.2,3.3,4.1,11.1,12.8,11.6,8.5,42.9,--
2018,Amazonas,Rural,Pública,85.2,86.2,83.7,95.1,94.6,78.6,88.1,78.2,79.7,83.6,85.5,87.6,84.7,81,85.3,88.8,92.9,--,9.4,9.9,8.5,1.2,1.9,17.8,8.2,16.9,13,8.9,6.2,3.9,5.8,6.6,5.8,4.8,0,--,5.4,3.9,7.8,3.7,3.5,3.6,3.7,4.9,7.3,7.5,8.3,8.5,9.5,12.4,8.9,6.4,7.1,--
2018,Roraima,Total,Total,91,93.3,88.1,98,92.3,91.1,91.5,93.7,88.3,88.3,88.4,87.3,83.2,77,83.9,91.7,97.8,97.2,7,5.8,8.5,1.1,6.8,8.2,7.7,5.3,9.1,8,8,8.9,9,12.6,8.6,3.8,2.2,1.9,2,0.9,3.4,0.9,0.9,0.7,0.8,1,2.6,3.7,3.6,3.8,7.8,10.4,7.5,4.5,0,0.9
2018,Roraima,Urbana,Total,91.9,94.3,89.2,98.1,92.5,91.5,93.5,96.1,90.3,90.3,88.7,87,83.2,77,84.4,92.1,97.6,100,6.8,5.2,8.6,1.2,7,8.1,6.2,3.4,8,7.5,8.8,10.2,10,13.6,9.5,4.2,2.4,0,1.3,0.5,2.2,0.7,0.5,0.4,0.3,0.5,1.7,2.2,2.5,2.8,6.8,9.4,6.1,3.7,0,0
2018,Roraima,Rural,Total,88.6,91.1,84.4,97.8,91.8,90.2,87.1,89,80.7,82.6,87.5,88.7,83.3,76.6,82.2,90,100,97.2,7.7,7.2,8.5,0.7,6.4,8.4,10.9,9.1,13.1,9.6,5.2,3.8,5,7.6,5.3,2,0,2,3.7,1.7,7.1,1.5,1.8,1.4,2,1.9,6.2,7.8,7.3,7.5,11.7,15.8,12.5,8,0,0.8
2018,Roraima,Total,Federal,96.9,96.8,97,100,100,100,100,85.7,94,98,100,96,93.5,87.8,92.5,98,--,97.2,3.1,3.2,3,0,0,0,0,14.3,6,2,0,4,5.2,10.7,4.7,1.8,--,1.9,0,0,0,0,0,0,0,0,0,0,0,0,1.3,1.5,2.8,0.2,--,0.9
2018,Roraima,Urbana,Federal,96.9,96.8,97,100,100,100,100,85.7,94,98,100,96,93.2,90,91.5,97.8,--,100,3.1,3.2,3,0,0,0,0,14.3,6,2,0,4,5.4,8.7,5.2,1.9,--,0,0,0,0,0,0,0,0,0,0,0,0,0,1.4,1.3,3.3,0.3,--,0
2018,Roraima,Rural,Federal,--,--,--,--,--,--,--,--,--,--,--,--,94.2,73.6,97.9,100,--,97.2,--,--,--,--,--,--,--,--,--,--,--,--,4.8,23.6,2.1,0,--,2,--,--,--,--,--,--,--,--,--,--,--,--,1,2.8,0,0,--,0.8
2018,Roraima,Total,Estadual,88.5,92.2,87.7,97.7,95.2,93.1,88.2,87.3,88.2,87.9,87.9,86.6,81.4,75.3,82.6,90.6,97.6,--,8.2,5.8,8.7,0.6,2.6,4.9,9.8,10.6,9,8.3,8.3,9.4,9.6,13.2,9.1,4.1,2.4,--,3.3,2,3.6,1.7,2.2,2,2,2.1,2.8,3.8,3.8,4,9,11.5,8.3,5.3,0,--
2018,Roraima,Urbana,Estadual,88.6,0,88.6,0,--,--,--,--,90.2,89.6,88.1,86,81.4,75,82.9,90.9,97.6,--,8.9,0,8.9,0,--,--,--,--,7.9,7.9,9.1,10.9,10.8,14.5,10.2,4.7,2.4,--,2.5,100,2.5,100,--,--,--,--,1.9,2.5,2.8,3.1,7.8,10.5,6.9,4.4,0,--
2018,Roraima,Rural,Estadual,88.2,92.2,84.4,97.8,95.2,93.1,88.2,87.3,80.9,82.7,87.2,88.5,81.7,76.6,81.5,89.5,--,--,7.1,5.8,8.3,0.6,2.6,4.9,9.8,10.6,12.8,9.3,5.2,3.8,5.1,6.8,5.4,2.1,--,--,4.7,2,7.3,1.6,2.2,2,2,2.1,6.3,8,7.6,7.7,13.2,16.6,13.1,8.4,--,--
2018,Roraima,Total,Municipal,92.5,92.8,85.6,97.7,90.7,89.7,91.4,94.5,82,85.7,90.4,90.9,--,--,--,--,--,--,6.6,6.5,10.5,1.3,8.6,9.8,8,4.6,15.1,9.2,5.8,3.5,--,--,--,--,--,--,0.9,0.7,3.9,1,0.7,0.5,0.6,0.9,2.9,5.1,3.8,5.6,--,--,--,--,--,--
2018,Roraima,Urbana,Municipal,93.4,93.5,87.8,97.7,91.2,90.4,92.7,95.8,84,95.3,93.1,94.6,--,--,--,--,--,--,6,6,10.7,1.4,8.3,9.2,6.9,3.7,14.4,1.9,6.9,5.4,--,--,--,--,--,--,0.6,0.5,1.5,0.9,0.5,0.4,0.4,0.5,1.6,2.8,0,0,--,--,--,--,--,--
2018,Roraima,Rural,Municipal,89.4,90,84.2,97.8,88.7,87,86,90.5,79.6,81.6,89.6,90.1,--,--,--,--,--,--,8.7,8.5,10.4,0.8,9.8,12.2,12,7.9,15.8,12.4,5.4,3.1,--,--,--,--,--,--,1.9,1.5,5.4,1.4,1.5,0.8,2,1.6,4.6,6,5,6.8,--,--,--,--,--,--
2018,Roraima,Total,Privada,97.8,99.3,94.9,99.8,99.4,98.7,99.2,99,94.3,95.5,93.8,96.1,96.1,94.7,96.5,97.1,100,--,2.2,0.7,5.1,0.2,0.5,1.2,0.8,1,5.7,4.5,6.2,3.9,3.8,5.1,3.5,2.6,0,--,0,0,0,0,0.1,0.1,0,0,0,0,0,0,0.1,0.2,0,0.3,0,--
2018,Roraima,Urbana,Privada,97.8,99.3,94.9,99.8,99.4,98.7,99.2,99,94.3,95.5,93.8,96.1,96,94.6,96.5,97.1,--,--,2.2,0.7,5.1,0.2,0.5,1.2,0.8,1,5.7,4.5,6.2,3.9,3.8,5.2,3.5,2.7,--,--,0,0,0,0,0.1,0.1,0,0,0,0,0,0,0.2,0.2,0,0.2,--,--
2018,Roraima,Rural,Privada,--,--,--,--,--,--,--,--,--,--,--,--,100,100,100,100,100,--,--,--,--,--,--,--,--,--,--,--,--,--,0,0,0,0,0,--,--,--,--,--,--,--,--,--,--,--,--,--,0,0,0,0,0,--
2018,Roraima,Total,Pública,90.4,92.7,87.7,97.7,91.4,90.3,90.8,93.3,87.9,87.8,88,86.7,82.4,76.1,83.1,91.3,97.6,97.2,7.5,6.4,8.8,1.2,7.6,8.9,8.3,5.7,9.3,8.3,8.1,9.2,9.3,13,8.9,3.9,2.4,1.9,2.1,0.9,3.5,1.1,1,0.8,0.9,1,2.8,3.9,3.9,4.1,8.3,10.9,8,4.8,0,0.9
2018,Roraima,Urbana,Pública,91.2,93.5,88.7,97.7,91.2,90.4,92.8,95.7,90,89.8,88.2,86.2,82.2,76,83.4,91.6,97.6,100,7.4,5.9,8.9,1.4,8.3,9.2,6.9,3.7,8.2,7.8,9,10.8,10.4,14.1,9.9,4.4,2.4,0,1.4,0.6,2.4,0.9,0.5,0.4,0.3,0.6,1.8,2.4,2.8,3,7.4,9.9,6.7,4,0,0
2018,Roraima,Rural,Pública,88.6,91.1,84.4,97.8,91.8,90.2,87.1,89,80.7,82.6,87.5,88.7,83.2,76.5,82.1,89.9,--,97.2,7.7,7.2,8.5,0.7,6.4,8.4,10.9,9.1,13.1,9.6,5.2,3.8,5.1,7.6,5.3,2.1,--,2,3.7,1.7,7.1,1.5,1.8,1.4,2,1.9,6.2,7.8,7.3,7.5,11.7,15.9,12.6,8,--,0.8
2018,Pará,Total,Total,85.2,87.2,82.5,96.9,96.7,80.9,82.7,82.7,77.8,81.1,86.4,87.2,77.9,70.9,79.3,85.2,93.2,75.1,11.2,10.7,11.9,1,1.8,17.3,15.1,14.4,16.5,13.2,8.4,7.2,9.3,13.6,8.4,4.8,3.4,5,3.6,2.1,5.6,2.1,1.5,1.8,2.2,2.9,5.7,5.7,5.2,5.6,12.8,15.5,12.3,10,3.4,19.9
2018,Pará,Urbana,Total,87.7,90.5,84.1,97.8,97.3,83.9,88.6,87.6,80.3,82.2,87.7,88,77.8,70.7,79.2,85.1,93.1,75.3,9.6,8,11.6,0.7,1.6,14.7,9.9,10.4,15.4,13.3,8.6,7.4,9.4,13.8,8.6,4.8,3.5,5.3,2.7,1.5,4.3,1.5,1.1,1.4,1.5,2,4.3,4.5,3.7,4.6,12.8,15.5,12.2,10.1,3.4,19.4
2018,Pará,Rural,Total,80.6,81.5,79,95.3,95.6,75.7,73.2,74.8,72.6,78.8,83.7,84.9,78.8,72.6,80,85.8,94.6,72,14.3,15.3,12.6,1.5,2.2,21.6,23.4,20.9,18.9,12.8,8,6.9,7.1,10,6,4.4,1.8,0,5.1,3.2,8.4,3.2,2.2,2.7,3.4,4.3,8.5,8.4,8.3,8.2,14.1,17.4,14,9.8,3.6,28
2018,Pará,Total,Federal,93.2,98.3,91.2,100,95.7,97.1,98.4,99.4,96.1,92,93,82,85.4,79.3,87.1,92,94.2,--,6.6,1.7,8.7,0,4.3,2.9,1.6,0.6,3.9,8,7,17.2,11,14.9,10.8,7.2,2.3,--,0.2,0,0.1,0,0,0,0,0,0,0,0,0.8,3.6,5.8,2.1,0.8,3.5,--
2018,Pará,Urbana,Federal,93.2,98.3,91.2,100,95.7,97.1,98.4,99.4,96.1,92,93,82,85.7,79.6,87.1,93.9,94.2,--,6.6,1.7,8.7,0,4.3,2.9,1.6,0.6,3.9,8,7,17.2,10.5,14.4,10.8,5,2.3,--,0.2,0,0.1,0,0,0,0,0,0,0,0,0.8,3.8,6,2.1,1.1,3.5,--
2018,Pará,Rural,Federal,--,--,--,--,--,--,--,--,--,--,--,--,81.3,74.2,--,85.6,--,--,--,--,--,--,--,--,--,--,--,--,--,--,17.5,22.5,--,14.4,--,--,--,--,--,--,--,--,--,--,--,--,--,--,1.2,3.3,--,0,--,--
2018,Pará,Total,Estadual,84.4,89,82.4,96,97.6,77.3,97.7,83.9,78.9,80.4,84.9,85.9,76,68.8,77.4,83.7,92.5,75.3,10.9,8.3,12,0.4,0.3,19.9,0.4,13.2,16.2,13.6,10.1,7.5,9.9,14.3,9,5.1,4.2,5.2,4.7,2.7,5.6,3.6,2.1,2.8,1.9,2.9,4.9,6,5,6.6,14.1,16.9,13.6,11.2,3.3,19.5
2018,Pará,Urbana,Estadual,84.3,89.1,82.1,96,97.5,77.3,97.8,84.2,78.4,80.1,84.8,85.7,75.8,68.5,77.2,83.6,92.3,75.3,11.1,8.3,12.4,0.4,0.3,20,0.4,13,16.8,13.8,10.4,7.8,10.1,14.6,9.2,5.2,4.4,5.3,4.6,2.6,5.5,3.6,2.2,2.7,1.8,2.8,4.8,6.1,4.8,6.5,14.1,16.9,13.6,11.2,3.3,19.4
2018,Pará,Rural,Estadual,85.1,84.7,85.1,96.1,97.6,77.9,95.2,72.7,84.1,83.1,86.1,87.8,78.4,72.1,79.5,85.6,94.6,72.7,8.7,10.4,8.5,0,0,16.1,1.4,21,10.2,10.8,7.2,5,7.1,10,6.1,4.2,1.8,0,6.2,4.9,6.4,3.9,2.4,6,3.4,6.3,5.7,6.1,6.7,7.2,14.5,17.9,14.4,10.2,3.6,27.3
2018,Pará,Total,Municipal,83.9,85.8,80.8,96.7,96.4,79.4,80,81.1,75.5,79.5,85.3,86.2,83.9,69.4,93.5,88.2,--,--,12.3,11.9,13.1,1,2,18.7,17.6,15.8,18.1,14.3,8.8,7.8,13.6,25,6.5,9.8,--,--,3.8,2.3,6.1,2.3,1.6,1.9,2.4,3.1,6.4,6.2,5.9,6,2.5,5.6,0,2,--,--
2018,Pará,Urbana,Municipal,86.5,89.1,82.3,97.8,97,82.2,85.6,86.2,78.1,80.2,86.6,87.3,83.9,69.4,93.5,88.2,--,--,10.8,9.3,13.2,0.7,1.9,16.4,12.7,11.6,17.1,15.2,9.3,8.2,13.6,25,6.5,9.8,--,--,2.7,1.6,4.5,1.5,1.1,1.4,1.7,2.2,4.8,4.6,4.1,4.5,2.5,5.6,0,2,--,--
2018,Pará,Rural,Municipal,80.4,81.5,78.6,95.3,95.6,75.7,73.1,74.7,71.9,78.5,83.5,84.6,--,--,--,--,--,--,14.4,15.3,12.9,1.5,2.2,21.7,23.6,20.9,19.5,13,8.1,7.1,--,--,--,--,--,--,5.2,3.2,8.5,3.2,2.2,2.6,3.3,4.4,8.6,8.5,8.4,8.3,--,--,--,--,--,--
2018,Pará,Total,Privada,98.2,98.7,97.5,98.7,98.9,98.4,98.7,98.8,97.7,97.6,97.9,96.9,97.1,95.3,97.9,98.2,--,71.4,1.6,1.1,2.3,0.7,0.8,1.4,1.1,1.2,2.2,2.2,1.9,2.9,2.4,4,1.8,1.5,--,0,0.2,0.2,0.2,0.6,0.3,0.2,0.2,0,0.1,0.2,0.2,0.2,0.5,0.7,0.3,0.3,--,28.6
2018,Pará,Urbana,Privada,98.3,98.8,97.5,98.7,99,98.6,98.8,98.8,97.7,97.6,97.9,96.9,97.2,95.4,97.9,98.2,--,--,1.5,1,2.3,0.7,0.8,1.2,1,1.1,2.1,2.2,1.9,2.9,2.4,4,1.9,1.5,--,--,0.2,0.2,0.2,0.6,0.2,0.2,0.2,0.1,0.2,0.2,0.2,0.2,0.4,0.6,0.2,0.3,--,--
2018,Pará,Rural,Privada,92.8,92.1,94.8,100,98.6,80.3,89.3,93.5,94.5,90.8,95.9,97.6,94.2,91.8,97,97.1,--,71.4,7,7.6,5.2,0,0.9,18.8,10.7,6.5,5.5,9.2,4.1,2.4,1.1,2.3,0.5,0,--,0,0.2,0.3,0,0,0.5,0.9,0,0,0,0,0,0,4.7,5.9,2.5,2.9,--,28.6
2018,Pará,Total,Pública,84,86,81.2,96.7,96.5,79.2,81.2,81.3,76.3,79.7,85.2,86.1,76.1,68.9,77.5,83.8,93.2,75.3,12.1,11.6,12.8,1,1.9,18.8,16.4,15.5,17.7,14.1,9.1,7.7,9.9,14.3,9.1,5.1,3.4,5.2,3.9,2.4,6,2.3,1.6,2,2.4,3.2,6,6.2,5.7,6.2,14,16.8,13.4,11.1,3.4,19.5
2018,Pará,Urbana,Pública,86,89.1,82.2,97.6,97,81.5,87,86,78.2,80.2,86.1,86.7,75.9,68.7,77.4,83.7,93.1,75.3,10.8,9.1,12.9,0.7,1.7,16.8,11.2,11.8,17,14.7,9.6,8.1,10.1,14.6,9.3,5.2,3.5,5.3,3.2,1.8,4.9,1.7,1.3,1.7,1.8,2.2,4.8,5.1,4.3,5.2,14,16.7,13.3,11.1,3.4,19.4
2018,Pará,Rural,Pública,80.6,81.5,79,95.3,95.6,75.7,73.2,74.7,72.6,78.8,83.6,84.9,78.4,72.1,79.5,85.6,94.6,72.7,14.3,15.3,12.6,1.5,2.2,21.6,23.5,20.9,18.9,12.8,8,6.9,7.2,10.2,6.1,4.5,1.8,0,5.1,3.2,8.4,3.2,2.2,2.7,3.3,4.4,8.5,8.4,8.4,8.2,14.4,17.7,14.4,9.9,3.6,27.3
2018,Amapá,Total,Total,87.2,90.4,82.5,97.7,98.5,83.2,86.9,87.9,76.8,83.3,86.9,85.5,75.6,66.1,80.6,83.4,93.5,92.1,10.4,8.4,13.4,0.9,0.7,15.6,12,10.5,19,12.6,9.4,10.2,14,19.4,11.2,9.4,6,0,2.4,1.2,4.1,1.4,0.8,1.2,1.1,1.6,4.2,4.1,3.7,4.3,10.4,14.5,8.2,7.2,0.5,7.9
2018,Amapá,Urbana,Total,88.2,91.8,83.4,97.8,98.6,85.1,89.4,89.6,77.4,84.1,87.9,86.5,75.8,66.1,81.1,83.6,92.3,80,9.7,7.2,13.2,0.9,0.7,13.9,9.6,8.9,18.7,12.5,9.3,10.1,14.3,19.9,11.3,9.8,7.1,0,2.1,1,3.4,1.3,0.7,1,1,1.5,3.9,3.4,2.8,3.4,9.9,14,7.6,6.6,0.6,20
2018,Amapá,Rural,Total,83.1,85.6,78.3,97.4,98.2,77.2,79,81.9,73.8,79.4,82,80.3,73.5,65.4,76,82.2,100,93.9,13.3,12.8,14.5,0.9,0.7,21.1,19.4,16,20.7,13.3,10,10.8,11.8,16.4,10.2,6.7,0,0,3.6,1.6,7.2,1.7,1.1,1.7,1.6,2.1,5.5,7.3,8,8.9,14.7,18.2,13.8,11.1,0,6.1
2018,Amapá,Total,Federal,--,--,--,--,--,--,--,--,--,--,--,--,85.6,77.9,86.5,92.8,93.8,--,--,--,--,--,--,--,--,--,--,--,--,--,13.7,20.8,12.8,7.2,6.2,--,--,--,--,--,--,--,--,--,--,--,--,--,0.7,1.3,0.7,0,0,--
2018,Amapá,Urbana,Federal,--,--,--,--,--,--,--,--,--,--,--,--,85.6,77.9,86.5,92.8,93.8,--,--,--,--,--,--,--,--,--,--,--,--,--,13.7,20.8,12.8,7.2,6.2,--,--,--,--,--,--,--,--,--,--,--,--,--,0.7,1.3,0.7,0,0,--
2018,Amapá,Total,Estadual,83.9,88.5,81.4,98,98.8,80.2,83.8,85.4,76,81.8,85.9,84,73.1,63.4,78.6,81.4,92.9,80,12.8,10.1,14.2,0.5,0.4,18.5,14.9,12.7,19.6,13.8,10.3,11.2,15.1,20.5,12.1,10.4,5.7,0,3.3,1.4,4.4,1.5,0.8,1.3,1.3,1.9,4.4,4.4,3.8,4.8,11.8,16.1,9.3,8.2,1.4,20
2018,Amapá,Urbana,Estadual,84.6,90.5,82.1,98.3,99.2,82.9,86.9,87.4,76.4,82.4,86.7,84.9,73.1,63.2,79,81.4,88,80,12.4,8.3,14.2,0.3,0.3,15.9,12.1,10.7,19.4,13.9,10.2,11.2,15.5,21,12.3,10.9,9.6,0,3,1.2,3.7,1.4,0.5,1.2,1,1.9,4.2,3.7,3.1,3.9,11.4,15.8,8.7,7.7,2.4,20
2018,Amapá,Rural,Estadual,81.9,85,78.4,97.6,98.1,75.8,79,82,74.4,79.3,82,80,72.8,64.6,75.7,81.6,100,--,13.9,13.3,14.6,0.9,0.7,22.6,19.2,15.8,20.1,13.6,10.5,11.2,12.2,16.9,10.4,7,0,--,4.2,1.7,7,1.5,1.2,1.6,1.8,2.2,5.5,7.1,7.5,8.8,15,18.5,13.9,11.4,0,--
2018,Amapá,Total,Municipal,89.1,89.9,74.7,97.2,98.1,82.6,86.7,87.5,64.8,81.7,82.9,84.7,--,--,--,--,--,--,9.4,8.8,19.7,1.3,1.1,16.2,12.1,10.8,29.9,11.5,11,12.1,--,--,--,--,--,--,1.5,1.3,5.6,1.5,0.8,1.2,1.2,1.7,5.3,6.8,6.1,3.2,--,--,--,--,--,--
2018,Amapá,Urbana,Municipal,89.8,90.8,74.5,97.2,98.1,83.4,88.6,88.8,65.3,81.5,82.7,84.6,--,--,--,--,--,--,8.8,8,20.8,1.4,1.1,15.4,10.3,9.6,29.6,12.3,13.2,13.8,--,--,--,--,--,--,1.4,1.2,4.7,1.4,0.8,1.2,1.1,1.6,5.1,6.2,4.1,1.6,--,--,--,--,--,--
2018,Amapá,Rural,Municipal,85.7,86.2,75.9,97.2,98.3,78.9,79,81.7,61.3,83.3,83.5,84.8,--,--,--,--,--,--,12.3,12.2,14.1,1,0.8,19.5,19.5,16.2,31.6,6,3.3,5.1,--,--,--,--,--,--,2,1.6,10,1.8,0.9,1.6,1.5,2.1,7.1,10.7,13.2,10.1,--,--,--,--,--,--
2018,Amapá,Total,Privada,99.1,99.5,98.6,99.8,100,99.1,99.2,99.3,99,98.7,98.4,98.3,97.5,95.3,98.2,99.4,--,93.9,0.7,0.5,1,0,0,0.8,0.8,0.7,0.9,0.9,1.1,1.2,1.9,3.9,1.2,0.4,--,0,0.2,0,0.4,0.2,0,0.1,0,0,0.1,0.4,0.5,0.5,0.6,0.8,0.6,0.2,--,6.1
2018,Amapá,Urbana,Privada,99.4,99.5,99.2,99.8,100,99.1,99.2,99.3,99.4,99.3,99.2,98.9,98.2,96.1,98.9,99.5,--,--,0.6,0.5,0.8,0,0,0.8,0.8,0.7,0.6,0.7,0.8,1,1.7,3.9,1,0.4,--,--,0,0,0,0.2,0,0.1,0,0,0,0,0,0.1,0.1,0,0.1,0.1,--,--
2018,Amapá,Rural,Privada,79.7,--,79.7,--,--,--,--,--,81.5,72,80.9,82.1,89,84.8,84.4,97.3,--,93.9,9.4,--,9.4,--,--,--,--,--,14.8,12,8.5,5.1,3.3,4.5,6.7,0,--,0,10.9,--,10.9,--,--,--,--,--,3.7,16,10.6,12.8,7.7,10.7,8.9,2.7,--,6.1
2018,Amapá,Total,Pública,86,89.4,81,97.5,98.4,81.7,85.7,86.7,75,81.8,85.7,84,73.7,64.1,78.9,81.8,93.5,80,11.4,9.2,14.6,1,0.8,17,13.1,11.5,20.4,13.7,10.3,11.2,15,20.5,12.1,10.3,6,0,2.6,1.4,4.4,1.5,0.8,1.3,1.2,1.8,4.6,4.5,4,4.8,11.3,15.4,9,7.9,0.5,20
2018,Amapá,Urbana,Pública,86.8,90.7,81.6,97.5,98.4,83.3,88.1,88.4,75.3,82.3,86.6,84.9,73.8,64,79.3,81.9,92.3,80,10.8,8.1,14.6,1.1,0.9,15.5,10.8,9.9,20.4,13.8,10.3,11.3,15.4,21,12.4,10.8,7.1,0,2.4,1.2,3.8,1.4,0.7,1.2,1.1,1.7,4.3,3.9,3.1,3.8,10.8,15,8.3,7.3,0.6,20
2018,Amapá,Rural,Pública,83.1,85.6,78.3,97.4,98.2,77.2,79,81.9,73.7,79.5,82.1,80.2,72.8,64.6,75.7,81.6,100,--,13.4,12.8,14.5,0.9,0.7,21.1,19.4,16,20.7,13.3,10,10.9,12.2,16.9,10.4,7,0,--,3.5,1.6,7.2,1.7,1.1,1.7,1.6,2.1,5.6,7.2,7.9,8.9,15,18.5,13.9,11.4,0,--
2018,Tocantins,Total,Total,91.5,94.3,88,99.3,99.2,90.4,90.6,93.5,87.1,87.1,88,90.1,85.8,80,87.1,93.2,92.5,81.6,7.4,5.4,10,0.4,0.6,9.3,9.1,6,11.3,11,9.8,7.6,9.3,13.9,8,3.7,6.5,2.6,1.1,0.3,2,0.3,0.2,0.3,0.3,0.5,1.6,1.9,2.2,2.3,4.9,6.1,4.9,3.1,1,15.8
2018,Tocantins,Urbana,Total,91.8,94.8,88.3,99.5,99.3,90.7,91.3,94.5,87.8,87.4,88.2,90.2,85.9,80,87.2,93.4,93.3,--,7.2,5.1,9.8,0.4,0.6,9.1,8.5,5.2,10.7,10.9,9.8,7.6,9.3,13.9,7.9,3.6,4.4,--,1,0.1,1.9,0.1,0.1,0.2,0.2,0.3,1.5,1.7,2,2.2,4.8,6.1,4.9,3,2.3,--
2018,Tocantins,Rural,Total,89.1,91.5,85.5,98,98.6,88.7,86.5,87.9,82,84.9,87,89.1,85,79.4,85.9,91.1,91.7,81.6,8.7,7.2,11,0.8,0.5,10.2,12.4,10,14.8,11.6,9.4,7.1,9.4,13.8,8.9,4.4,8.3,2.6,2.2,1.3,3.5,1.2,0.9,1.1,1.1,2.1,3.2,3.5,3.6,3.8,5.6,6.8,5.2,4.5,0,15.8
2018,Tocantins,Total,Federal,--,--,--,--,--,--,--,--,--,--,--,--,82.7,76.2,85.8,89.2,--,--,--,--,--,--,--,--,--,--,--,--,--,--,13.5,21,11.3,4.2,--,--,--,--,--,--,--,--,--,--,--,--,--,--,3.8,2.8,2.9,6.6,--,--
2018,Tocantins,Urbana,Federal,--,--,--,--,--,--,--,--,--,--,--,--,81.8,76.1,84.7,87.3,--,--,--,--,--,--,--,--,--,--,--,--,--,--,13.2,20.5,11.5,3.3,--,--,--,--,--,--,--,--,--,--,--,--,--,--,5,3.4,3.8,9.4,--,--
2018,Tocantins,Rural,Federal,--,--,--,--,--,--,--,--,--,--,--,--,85.4,76.7,88.7,93.7,--,--,--,--,--,--,--,--,--,--,--,--,--,--,14.2,22.7,10.9,6.3,--,--,--,--,--,--,--,--,--,--,--,--,--,--,0.4,0.6,0.4,0,--,--
2018,Tocantins,Total,Estadual,87.8,93,86.7,95.2,98.1,92,91.5,92.8,86.7,85.8,86.4,88.1,85.4,79.5,86.6,93.1,92.5,81.6,10.1,5.7,10.9,0.9,0.4,7,7.6,6,11.4,12,11.1,9.2,9.3,13.8,8,3.8,6.5,2.6,2.1,1.3,2.4,3.9,1.5,1,0.9,1.2,1.9,2.2,2.5,2.7,5.3,6.7,5.4,3.1,1,15.8
2018,Tocantins,Urbana,Estadual,88.1,94.5,87.1,99.7,99.7,92.5,93,95.1,87.2,86.1,86.6,88.4,85.5,79.5,86.8,93.3,93.3,--,10.1,5.4,10.8,0,0.2,7.5,7,4.8,11.1,11.9,11,9.1,9.3,13.9,7.9,3.8,4.4,--,1.8,0.1,2.1,0.3,0.1,0,0,0.1,1.7,2,2.4,2.5,5.2,6.6,5.3,2.9,2.3,--
2018,Tocantins,Rural,Estadual,85,88.5,82.8,92.9,95.4,90.5,86.5,81.8,80.7,82.3,83.6,84.7,84,79,84.5,89.9,91.7,81.6,10.2,6.7,12.5,1.4,0.7,5.6,9.7,11.8,14.5,13.1,12.2,10.2,9,12.5,9,4.4,8.3,2.6,4.8,4.8,4.7,5.7,3.9,3.9,3.8,6.4,4.8,4.6,4.2,5.1,7,8.5,6.5,5.7,0,15.8
2018,Tocantins,Total,Municipal,92.8,93.8,89,99.4,99.2,89.1,89.5,93.2,85.8,88,90.1,94.2,--,--,--,--,--,--,6.7,6,9.3,0.4,0.6,10.6,10.3,6.4,12.8,10.3,7.9,4,--,--,--,--,--,--,0.5,0.2,1.7,0.2,0.2,0.3,0.2,0.4,1.4,1.7,2,1.8,--,--,--,--,--,--
2018,Tocantins,Urbana,Municipal,93.3,94.1,89.7,99.5,99.2,89.3,90.1,93.9,86.9,88.6,90.4,94.7,--,--,--,--,--,--,6.3,5.7,8.9,0.4,0.7,10.5,9.7,5.8,11.8,10,8.1,3.9,--,--,--,--,--,--,0.4,0.2,1.4,0.1,0.1,0.2,0.2,0.3,1.3,1.4,1.5,1.4,--,--,--,--,--,--
2018,Tocantins,Rural,Municipal,90.4,91.9,86.9,99,99.2,88.1,86.2,89.3,82.3,86,89.1,92.7,--,--,--,--,--,--,8.4,7.5,10.3,0.7,0.4,11.2,13.3,9.8,15.6,10.9,7.5,4.5,--,--,--,--,--,--,1.2,0.6,2.8,0.3,0.4,0.7,0.5,0.9,2.1,3.1,3.4,2.8,--,--,--,--,--,--
2018,Tocantins,Total,Privada,98.3,99.2,96.5,99.6,99.6,99.6,99.3,97.9,96.8,96.1,97,96,94.6,91.8,94.6,98.1,--,--,1.7,0.8,3.4,0.3,0.4,0.4,0.7,2.1,3,3.7,2.9,3.9,5.2,7.9,5.2,1.7,--,--,0,0,0.1,0.1,0,0,0,0,0.2,0.2,0.1,0.1,0.2,0.3,0.2,0.2,--,--
2018,Tocantins,Urbana,Privada,98.2,99.2,96.3,99.6,99.6,99.5,99.3,97.8,96.8,96,96.8,95.8,94.3,91.5,94.2,98,--,--,1.7,0.8,3.5,0.3,0.4,0.5,0.7,2.2,3,3.9,3.1,4.1,5.5,8.3,5.5,1.8,--,--,0.1,0,0.2,0.1,0,0,0,0,0.2,0.1,0.1,0.1,0.2,0.2,0.3,0.2,--,--
2018,Tocantins,Rural,Privada,99.4,99.7,99.1,100,100,100,98.9,100,96.7,100,100,100,99.1,97.6,100,100,--,--,0.6,0.3,0.9,0,0,0,1.1,0,3.3,0,0,0,0.9,2.4,0,0,--,--,0,0,0,0,0,0,0,0,0,0,0,0,0,0,0,0,--,--
2018,Tocantins,Total,Pública,90.8,93.7,87.4,99.2,99.1,89.4,89.8,93.1,86.4,86.5,87.4,89.6,85.2,79.3,86.6,92.9,92.5,81.6,8,5.9,10.5,0.4,0.6,10.2,9.9,6.3,11.8,11.5,10.2,7.9,9.5,14.2,8.2,3.8,6.5,2.6,1.2,0.4,2.1,0.4,0.3,0.4,0.3,0.6,1.8,2,2.4,2.5,5.3,6.5,5.2,3.3,1,15.8
2018,Tocantins,Urbana,Pública,91.2,94.2,87.7,99.5,99.3,89.6,90.5,94.2,87.1,86.7,87.5,89.7,85.3,79.4,86.7,93.1,93.3,--,7.8,5.7,10.4,0.4,0.7,10.2,9.4,5.6,11.3,11.4,10.3,8,9.5,14.2,8.1,3.7,4.4,--,1,0.1,1.9,0.1,0,0.2,0.1,0.2,1.6,1.9,2.2,2.3,5.2,6.4,5.2,3.2,2.3,--
2018,Tocantins,Rural,Pública,88.9,91.3,85.1,98,98.6,88.5,86.2,87.7,81.6,84.5,86.7,88.8,84.3,78.6,85.3,90.6,91.7,81.6,8.9,7.4,11.3,0.8,0.5,10.4,12.6,10.2,15.1,11.8,9.6,7.3,9.9,14.4,9.4,4.7,8.3,2.6,2.2,1.3,3.6,1.2,0.9,1.1,1.2,2.1,3.3,3.7,3.7,3.9,5.8,7,5.3,4.7,0,15.8
2018,Nordeste,Total,Total,88.9,92.3,84.5,97.8,97.5,87.5,89.6,90.5,80.4,83.1,86.4,89.9,83.2,76.8,84.9,90.2,78.7,78.1,8.9,6.6,11.8,1.2,1.8,11.3,9.1,8,15.5,13.1,10.1,6.9,10.1,14.3,8.9,5.5,14.7,17,2.2,1.1,3.7,1,0.7,1.2,1.3,1.5,4.1,3.8,3.5,3.2,6.7,8.9,6.2,4.3,6.6,4.9
2018,Nordeste,Urbana,Total,89.3,93.1,84.9,97.8,97.6,88.7,90.8,91.7,81.1,83.4,86.6,89.8,83.1,76.7,84.9,90.2,77.7,77.9,8.6,5.9,11.7,1.2,1.7,10.3,8,7,15,13.1,10.3,7.2,10.2,14.4,8.9,5.6,15.5,17.3,2.1,1,3.4,1,0.7,1,1.2,1.3,3.9,3.5,3.1,3,6.7,8.9,6.2,4.2,6.8,4.8
2018,Nordeste,Rural,Total,87.6,90.2,83.3,97.8,97.2,84.6,86.6,87.5,77.8,82.4,85.6,90.3,83.6,77.8,84.7,90.1,93.9,81.9,9.8,8.4,12.1,1.2,2,14.1,11.8,10.7,17.5,13.1,9.7,5.5,8.7,12.2,8.1,4.6,1.9,11,2.6,1.4,4.6,1,0.8,1.3,1.6,1.8,4.7,4.5,4.7,4.2,7.7,10,7.2,5.3,4.2,7.1
2018,Nordeste,Total,Federal,96,98.9,95.3,100,100,100,98.4,96.9,95.9,96.1,93.4,96.1,84,78.7,85.7,89,90.5,80.7,4,1.1,4.6,0,0,0,1.6,3.1,4.1,3.9,6.4,3.9,13.3,17.9,12.4,8.9,6.3,16.6,0,0,0.1,0,0,0,0,0,0,0,0.2,0,2.7,3.4,1.9,2.1,3.2,2.7
2018,Nordeste,Urbana,Federal,96.2,99.7,95.5,100,100,100,100,99.1,97,96,93.2,96,83.5,78.1,85.1,88.5,90.5,80.7,3.8,0.3,4.5,0,0,0,0,0.9,3,4,6.6,4,13.8,18.4,13.1,9.4,6.5,17.1,0,0,0,0,0,0,0,0,0,0,0.2,0,2.7,3.5,1.8,2.1,3,2.2
2018,Nordeste,Rural,Federal,92.9,94.3,91.1,100,100,100,92.9,80,72.2,100,100,100,87.5,82.9,89.4,92.3,90.9,80.6,7.1,5.7,8.9,0,0,0,7.1,20,27.8,0,0,0,9.8,14.3,8.3,5.9,3.7,9,0,0,0,0,0,0,0,0,0,0,0,0,2.7,2.8,2.3,1.8,5.4,10.4
2018,Nordeste,Total,Estadual,82.3,88.9,81,95.7,96.4,86.1,85,86.3,75.9,79.1,83.1,85.7,81.8,75,83.6,89.2,71.8,77.5,14.1,9.4,15,2.5,2.4,12.2,13.2,11.6,19.6,17.1,13.2,10.6,10.7,15,9.4,6,21.2,17.5,3.6,1.7,4,1.8,1.2,1.7,1.8,2.1,4.5,3.8,3.7,3.7,7.5,10,7,4.8,7,5
2018,Nordeste,Urbana,Estadual,82.3,89.8,81,97.8,98.2,87.1,85.3,87,76,78.9,83,85.7,81.7,74.9,83.6,89.1,71.2,77.3,14.2,8.8,15.1,0.8,0.9,11.5,13.3,11.1,19.6,17.3,13.4,10.7,10.9,15.2,9.5,6,21.7,17.6,3.5,1.4,3.9,1.4,0.9,1.4,1.4,1.9,4.4,3.8,3.6,3.6,7.4,9.9,6.9,4.9,7.1,5.1
2018,Nordeste,Rural,Estadual,82.8,85.1,81.4,89.2,90,82.4,83.2,82.6,75.5,81.2,84.1,85.6,83.1,77.2,84.2,89.8,94.2,83,12.9,11.8,13.7,8.1,7.8,14.8,13.1,13.7,19.8,13.7,10.9,9.4,8.9,12.4,8.2,4.7,2.4,12,4.3,3.1,4.9,2.7,2.2,2.8,3.7,3.7,4.7,5.1,5,5,8,10.4,7.6,5.5,3.4,5
2018,Nordeste,Total,Municipal,87.5,90.8,82.9,97.7,97.2,84.9,87.7,88.9,78.1,81.5,85,89.8,75.4,68.2,76,89.2,63.2,72,9.9,7.9,12.7,1.1,2,13.8,10.8,9.4,17.1,14.1,10.8,6.4,7.7,13.5,6.9,3.5,1.2,4,2.6,1.3,4.4,1.2,0.8,1.3,1.5,1.7,4.8,4.4,4.2,3.8,16.9,18.3,17.1,7.3,35.6,24
2018,Nordeste,Urbana,Municipal,87.4,91,82.8,97.6,97.1,85,88.3,89.7,78.2,81.2,84.7,89.6,70.5,62.6,72,86.8,58.4,--,10,7.6,13,1.2,2,13.7,10.2,8.7,16.9,14.5,11.3,6.9,8.6,16.3,7.7,4.5,1.3,--,2.6,1.4,4.2,1.2,0.9,1.3,1.5,1.6,4.9,4.3,4,3.5,20.9,21.1,20.3,8.7,40.3,--
2018,Nordeste,Rural,Municipal,87.7,90.3,83.3,97.9,97.4,84.6,86.5,87.5,77.7,82.3,85.7,90.5,81.1,73.9,80,91.8,86,72,9.8,8.4,12.1,1,1.9,14.2,11.9,10.7,17.5,13.2,9.7,5.2,6.6,10.6,6.1,2.5,0.9,4,2.5,1.3,4.6,1.1,0.7,1.2,1.6,1.8,4.8,4.5,4.6,4.3,12.3,15.5,13.9,5.7,13.1,24
2018,Nordeste,Total,Privada,97.6,98.4,96.2,98.2,98.6,98.4,98.5,98.4,96.4,95.8,96.4,96,95.4,92.6,95.8,98.1,96.5,88.8,2.2,1.3,3.6,1.4,1.2,1.4,1.4,1.4,3.4,4,3.4,3.8,4,6.7,3.6,1.4,0.5,3,0.2,0.3,0.2,0.4,0.2,0.2,0.1,0.2,0.2,0.2,0.2,0.2,0.6,0.7,0.6,0.5,3,8.2
2018,Nordeste,Urbana,Privada,97.6,98.4,96.2,98.2,98.6,98.4,98.5,98.5,96.4,95.8,96.5,95.9,95.5,92.7,95.8,98.2,93.1,90.1,2.1,1.3,3.6,1.4,1.1,1.4,1.3,1.4,3.3,4,3.3,3.8,4,6.7,3.6,1.4,0.8,3.2,0.3,0.3,0.2,0.4,0.3,0.2,0.2,0.1,0.3,0.2,0.2,0.3,0.5,0.6,0.6,0.4,6.1,6.7
2018,Nordeste,Rural,Privada,95.9,96.7,94.4,96.6,96.9,96.8,96.7,96.2,93.7,93.7,93.5,97,91.4,86.5,92.7,96.2,98.9,64.9,3.4,2.7,4.7,2.5,2.2,2.7,3.1,3.3,5.3,5.2,5.5,2.6,3.5,5.7,3.2,1.4,0.3,0,0.7,0.6,0.9,0.9,0.9,0.5,0.2,0.5,1,1.1,1,0.4,5.1,7.8,4.1,2.4,0.8,35.1
2018,Nordeste,Total,Pública,86.9,90.7,82.6,97.7,97.1,84.9,87.6,88.8,77.7,81,84.6,88.8,81.8,75.1,83.6,89.2,78.1,77.9,10.4,7.9,13.2,1.1,2,13.8,10.9,9.4,17.5,14.7,11.3,7.4,10.8,15.1,9.5,6,15.2,17.3,2.7,1.4,4.2,1.2,0.9,1.3,1.5,1.8,4.8,4.3,4.1,3.8,7.4,9.8,6.9,4.8,6.7,4.8
2018,Nordeste,Urbana,Pública,86.7,91,82.3,97.6,97.1,85.1,88.1,89.5,77.8,80.6,84.3,88.4,81.7,74.9,83.6,89.1,77.5,77.7,10.6,7.7,13.5,1.1,2,13.6,10.3,8.8,17.5,15.1,11.8,8,11,15.3,9.6,6.1,15.8,17.6,2.7,1.3,4.2,1.3,0.9,1.3,1.6,1.7,4.7,4.3,3.9,3.6,7.3,9.8,6.8,4.8,6.7,4.7
2018,Nordeste,Rural,Pública,87.5,90.2,83.2,97.8,97.2,84.5,86.5,87.4,77.6,82.3,85.6,90.2,83.3,77.5,84.4,90,91.4,82.4,9.9,8.5,12.2,1.2,2,14.2,11.9,10.7,17.6,13.2,9.7,5.5,8.9,12.5,8.2,4.7,2.7,11.3,2.6,1.3,4.6,1,0.8,1.3,1.6,1.9,4.8,4.5,4.7,4.3,7.8,10,7.4,5.3,5.9,6.3
2018,Maranhão,Total,Total,90,93.1,85.9,98.3,97.8,91.2,89.7,90,83.2,84.9,86.6,90.1,84.6,80.9,85,88.8,64.5,88.7,7.7,5.7,10.4,0.7,1.3,7.8,9,8.4,13.5,11.4,9.5,6,8.7,10.7,8.5,6.4,1.2,3.4,2.3,1.2,3.7,1,0.9,1,1.3,1.6,3.3,3.7,3.9,3.9,6.7,8.4,6.5,4.8,34.3,7.9
2018,Maranhão,Urbana,Total,90.4,93.7,86.5,98.6,98.1,91.5,90.5,91.2,84.2,85.2,87,90.4,84.9,81.2,85.3,89,61.5,90.2,7.5,5.2,10.4,0.5,1.1,7.5,8.3,7.3,12.9,11.5,9.7,6.4,8.7,10.8,8.5,6.5,1.1,3.6,2.1,1.1,3.1,0.9,0.8,1,1.2,1.5,2.9,3.3,3.3,3.2,6.4,8,6.2,4.5,37.4,6.2
2018,Maranhão,Rural,Total,89.2,92.2,84.9,97.8,97.4,90.8,88.4,88.2,81.5,84.4,85.8,89.5,83.1,79.5,83,88.1,94.5,67.7,8.1,6.4,10.5,0.9,1.7,8.1,10.1,10,14.6,11.2,9,5.3,8.5,10.4,8.8,5.7,1.8,1.6,2.7,1.4,4.6,1.3,0.9,1.1,1.5,1.8,3.9,4.4,5.2,5.2,8.4,10.1,8.2,6.2,3.7,30.7
2018,Maranhão,Total,Federal,92.1,96.9,89.9,100,100,100,92.9,96,90,93.2,84.9,92,88.4,87.5,91.7,84.3,--,95.7,7.7,3.1,9.8,0,0,0,7.1,4,10,6.8,13.7,8,9.7,10.4,6.5,13.8,--,3.2,0.2,0,0.3,0,0,0,0,0,0,0,1.4,0,1.9,2.1,1.8,1.9,--,1.1
2018,Maranhão,Urbana,Federal,91.8,100,89.6,--,--,--,--,100,95.2,91.7,81.4,90.3,88.1,87.1,92.1,83,--,95.7,7.9,0,10,--,--,--,--,0,4.8,8.3,16.9,9.7,9.9,10.3,6.5,14.9,--,3.2,0.3,0,0.4,--,--,--,--,0,0,0,1.7,0,2,2.6,1.4,2.1,--,1.1
2018,Maranhão,Rural,Federal,92.9,94.3,91.1,100,100,100,92.9,80,72.2,100,100,100,89.4,88.8,90.5,88.9,--,--,7.1,5.7,8.9,0,0,0,7.1,20,27.8,0,0,0,9.1,10.5,6.6,9.8,--,--,0,0,0,0,0,0,0,0,0,0,0,0,1.5,0.7,2.9,1.3,--,--
2018,Maranhão,Total,Estadual,87.9,82.8,89.4,84.3,84.1,81.8,81.3,83.3,88.2,88.2,89.9,90.8,83.9,80.1,84.2,88.4,--,80.4,8.6,11.6,7.6,10.5,10.8,13.2,12.9,10.2,8.7,8.6,7.2,6.6,9,11,8.9,6.6,--,5.3,3.5,5.6,3,5.2,5.1,5,5.8,6.5,3.1,3.2,2.9,2.6,7.1,8.9,6.9,5,--,14.3
2018,Maranhão,Urbana,Estadual,91.9,93.5,91.9,100,100,90.5,92.7,92.9,91.3,91.2,92.6,92.3,84.2,80.3,84.5,88.5,--,80.4,6.7,5.1,6.7,0,0,3.2,6.4,5.9,7.2,7.6,6.1,6.3,9,11.1,8.9,6.7,--,5.3,1.4,1.4,1.4,0,0,6.3,0.9,1.2,1.5,1.2,1.3,1.4,6.8,8.6,6.6,4.8,--,14.3
2018,Maranhão,Rural,Estadual,80.8,81.8,79.4,84,83.5,81.4,80.5,80.4,75.7,77.5,79,84.4,82.7,78.9,82.6,88,--,--,11.8,12.2,11.4,10.7,11.2,13.6,13.3,11.5,14.5,12.4,11.6,7.7,8.7,10.6,9.2,5.6,--,--,7.4,6,9.2,5.3,5.3,5,6.2,8.1,9.8,10.1,9.4,7.9,8.6,10.5,8.2,6.4,--,--
2018,Maranhão,Total,Municipal,89.1,92.5,84.7,98.3,97.8,90.3,88.7,89.1,81.8,83.7,85.3,89.4,71.8,81.7,67.6,88,53,72,8.4,6.2,11.2,0.6,1.3,8.6,9.9,9.1,14.6,12.3,10.3,6.3,2.4,2.7,3.8,2,1.4,4,2.5,1.3,4.1,1.1,0.9,1.1,1.4,1.8,3.6,4,4.4,4.3,25.8,15.6,28.6,10,45.6,24
2018,Maranhão,Urbana,Municipal,88.9,92.5,84.6,98.4,97.8,89.8,88.8,89.8,82,83.2,85,89.2,69.8,82.1,76.2,91.1,46.7,--,8.7,6.1,11.7,0.5,1.2,9.1,9.8,8.4,14.6,12.9,11.2,6.9,1.4,0,3.1,1.6,1.4,--,2.4,1.4,3.7,1.1,1,1.1,1.4,1.8,3.4,3.9,3.8,3.9,28.8,17.9,20.7,7.3,51.9,--
2018,Maranhão,Rural,Municipal,89.3,92.4,85,98.2,97.8,90.9,88.5,88.3,81.4,84.5,85.9,89.6,75.5,81.3,60.6,80,94.5,72,8.1,6.4,10.5,0.7,1.4,8.1,10.1,10,14.7,11.3,9,5.2,4.3,5.7,4.4,3.2,1.8,4,2.6,1.2,4.5,1.1,0.8,1,1.4,1.7,3.9,4.2,5.1,5.2,20.2,13,35,16.8,3.7,24
2018,Maranhão,Total,Privada,98,98.7,96.7,99.1,99,98.6,98.5,98.4,96.4,96,97.4,97,94.7,91.3,95.9,97.9,91.7,63.9,1.7,1,3.1,0.6,0.7,1.1,1.3,1.5,3.4,3.7,2.4,2.8,3.4,6.4,2.8,1,0.6,0,0.3,0.3,0.2,0.3,0.3,0.3,0.2,0.1,0.2,0.3,0.2,0.2,1.9,2.3,1.3,1.1,7.7,36.1
2018,Maranhão,Urbana,Privada,98.1,98.8,96.7,99.1,99,98.6,98.5,98.4,96.4,96,97.5,96.9,95.6,92.7,96.4,98.2,91.7,63,1.8,1,3.1,0.6,0.7,1.1,1.4,1.5,3.4,3.8,2.4,2.8,3.4,6.5,2.9,0.9,0.6,0,0.1,0.2,0.2,0.3,0.3,0.3,0.1,0.1,0.2,0.2,0.1,0.3,1,0.8,0.7,0.9,7.7,37
2018,Maranhão,Rural,Privada,97.8,98.3,96.6,98.4,98.2,98.8,98.9,97.1,96.6,96.3,95.2,97.9,86.2,80.6,90.9,93.1,--,64.9,1.4,0.8,2.7,0.3,0.4,0.6,0.8,2.3,2.6,2.6,3.4,2.1,3.3,5.3,1.7,1.8,--,0,0.8,0.9,0.7,1.3,1.4,0.6,0.3,0.6,0.8,1.1,1.4,0,10.5,14.1,7.4,5.1,--,35.1
2018,Maranhão,Total,Pública,89,92.3,85,98.1,97.6,90.2,88.5,89,82.1,84,85.6,89.5,84,80.4,84.4,88.3,53,91.1,8.4,6.3,11,0.7,1.4,8.7,10,9.1,14.4,12.1,10.1,6.3,9,11,8.8,6.8,1.4,3.8,2.6,1.4,4,1.2,1,1.1,1.5,1.9,3.5,3.9,4.3,4.2,7,8.6,6.8,4.9,45.6,5.1
2018,Maranhão,Urbana,Pública,89,92.5,85.1,98.4,97.8,89.8,88.8,89.8,82.6,83.8,85.6,89.5,84.2,80.6,84.7,88.3,46.7,91.7,8.6,6.1,11.3,0.5,1.2,9,9.8,8.4,14.2,12.6,10.7,6.9,9,11.1,8.8,6.9,1.4,3.8,2.4,1.4,3.6,1.1,1,1.2,1.4,1.8,3.2,3.6,3.7,3.6,6.8,8.3,6.5,4.8,51.9,4.5
2018,Maranhão,Rural,Pública,89.1,92.1,84.8,97.8,97.3,90.6,88.3,88,81.3,84.3,85.7,89.4,83,79.4,82.7,88,94.5,72,8.2,6.5,10.5,1,1.7,8.3,10.2,10.1,14.7,11.3,9,5.3,8.7,10.6,9.1,5.8,1.8,4,2.7,1.4,4.7,1.2,1,1.1,1.5,1.9,4,4.4,5.3,5.3,8.3,10,8.2,6.2,3.7,24
2018,Piauí,Total,Total,88.7,91.1,85.4,97.5,96.4,86.5,87,89.9,80.4,84.6,87.2,91.4,82.2,73.7,84.4,90.8,89.4,93.9,9.5,7.9,11.6,1.8,3,12.6,11.9,8.8,16.5,12.6,9.9,5.6,8.8,13.9,7.6,3.6,5.2,3.6,1.8,1,3,0.7,0.6,0.9,1.1,1.3,3.1,2.8,2.9,3,9,12.4,8,5.6,5.4,2.5
2018,Piauí,Urbana,Total,89.2,92,85.8,97.7,96.5,88,88.3,90.8,81.4,84.7,87.2,91.4,82.6,74.1,84.8,91.1,88.8,93.7,9.1,7.2,11.6,1.7,2.9,11.1,10.6,8.1,15.7,12.7,10.3,6,8.8,13.9,7.5,3.5,5.5,3.4,1.7,0.8,2.6,0.6,0.6,0.9,1.1,1.1,2.9,2.6,2.5,2.6,8.6,12,7.7,5.4,5.7,2.9
2018,Piauí,Rural,Total,87.2,89,84.3,97.2,96.1,82.9,83.9,87.8,77.4,84.1,87.3,91.7,76.2,67.6,78.9,84.4,100,95.1,10.6,9.9,11.8,2,3.3,16,14.9,10.4,18.8,12.2,8.7,4,9.1,13.1,8.1,4.8,0,4.9,2.2,1.1,3.9,0.8,0.6,1.1,1.2,1.8,3.8,3.7,4,4.3,14.7,19.3,13,10.8,0,0
2018,Piauí,Total,Federal,--,--,--,--,--,--,--,--,--,--,--,--,80.4,67.7,84.3,95.5,93.2,--,--,--,--,--,--,--,--,--,--,--,--,--,16.7,27.2,13.6,3.7,6.1,--,--,--,--,--,--,--,--,--,--,--,--,--,2.9,5.1,2.1,0.8,0.7,--
2018,Piauí,Urbana,Federal,--,--,--,--,--,--,--,--,--,--,--,--,80.6,68.2,83.9,95.4,93.2,--,--,--,--,--,--,--,--,--,--,--,--,--,16.5,26.9,14,3.8,6.1,--,--,--,--,--,--,--,--,--,--,--,--,--,2.9,4.9,2.1,0.8,0.7,--
2018,Piauí,Rural,Federal,--,--,--,--,--,--,--,--,--,--,--,--,78,63.7,88.3,97.6,--,--,--,--,--,--,--,--,--,--,--,--,--,--,18.5,30.3,9.8,2.4,--,--,--,--,--,--,--,--,--,--,--,--,--,--,3.5,6,1.9,0,--,--
2018,Piauí,Total,Estadual,81.8,88.2,81.4,95.5,92.1,84.6,85.4,89.9,76.1,79.2,82.8,87,80.7,72,83.1,89.5,100,93.9,13.5,10.2,13.8,3.8,7.3,14.6,12.4,8.1,18.4,15.9,12.9,8.3,8.9,13.8,7.6,3.9,0,3.3,4.7,1.6,4.8,0.7,0.6,0.8,2.2,2,5.5,4.9,4.3,4.7,10.4,14.2,9.3,6.6,0,2.8
2018,Piauí,Urbana,Estadual,81.8,88.2,81.4,95.5,92.1,84.6,85.4,89.9,76.1,79.3,82.8,87,81.1,72.3,83.4,89.9,100,93.7,13.5,10.2,13.7,3.8,7.3,14.6,12.4,8.1,18.4,15.9,12.9,8.2,8.9,13.9,7.6,3.8,0,2.9,4.7,1.6,4.9,0.7,0.6,0.8,2.2,2,5.5,4.8,4.3,4.8,10,13.8,9,6.3,0,3.4
2018,Piauí,Rural,Estadual,76.4,--,76.4,--,--,--,--,--,71.4,72.2,77.2,83.7,75.9,67.7,78.2,83.7,100,95.1,15.7,--,15.7,--,--,--,--,--,17.1,20,15.2,10.9,8.6,11.7,8,5,0,4.9,7.9,--,7.9,--,--,--,--,--,11.5,7.8,7.6,5.4,15.5,20.6,13.8,11.3,0,0
2018,Piauí,Total,Municipal,87.8,89.8,84.7,97.4,95.9,84.5,85.1,88.7,78.9,84.1,87,92.2,80.6,78.3,93.8,86.1,32.3,--,10.3,9.1,12.3,1.9,3.4,14.4,13.5,9.9,18,13.1,10,4.8,11.2,21.7,6.2,9.9,0,--,1.9,1.1,3,0.7,0.7,1.1,1.4,1.4,3.1,2.8,3,3,8.2,0,0,4,67.7,--
2018,Piauí,Urbana,Municipal,88.2,90.3,84.9,97.5,95.8,85.3,85.8,89.1,79.6,84,86.8,92.4,80.6,78.3,93.8,86.1,32.3,--,10.2,8.7,12.6,1.8,3.5,13.5,12.8,9.6,17.6,13.5,10.8,5.3,11.2,21.7,6.2,9.9,0,--,1.6,1,2.5,0.7,0.7,1.2,1.4,1.3,2.8,2.5,2.4,2.3,8.2,0,0,4,67.7,--
2018,Piauí,Rural,Municipal,87.2,89,84.4,97.2,96.1,82.9,83.9,87.8,77.4,84.1,87.4,91.8,--,--,--,--,--,--,10.6,9.9,11.8,2,3.3,16,14.9,10.4,18.9,12.2,8.7,3.9,--,--,--,--,--,--,2.2,1.1,3.8,0.8,0.6,1.1,1.2,1.8,3.7,3.7,3.9,4.3,--,--,--,--,--,--
2018,Piauí,Total,Privada,97,98.4,94.8,98.3,98.8,98.3,98.2,98.3,95.6,94.7,94.4,94.5,94.7,91.5,94.5,98.3,--,93.9,2.9,1.5,5,1.6,1.1,1.5,1.8,1.6,4.4,5.1,5.3,5.2,4.9,8.1,5.1,1.1,--,6.1,0.1,0.1,0.2,0.1,0.1,0.2,0,0.1,0,0.2,0.3,0.3,0.4,0.4,0.4,0.6,--,0
2018,Piauí,Urbana,Privada,97,98.4,94.8,98.3,98.8,98.3,98.2,98.3,95.6,94.7,94.4,94.5,94.7,91.5,94.4,98.3,--,93.9,2.9,1.5,5,1.6,1.1,1.5,1.8,1.6,4.4,5.1,5.3,5.2,4.9,8.2,5.1,1.1,--,6.1,0.1,0.1,0.2,0.1,0.1,0.2,0,0.1,0,0.2,0.3,0.3,0.4,0.3,0.5,0.6,--,0
2018,Piauí,Rural,Privada,98.9,--,98.9,--,--,--,--,--,95.8,100,100,100,98.2,95.8,100,100,--,--,1.1,--,1.1,--,--,--,--,--,4.2,0,0,0,1.8,4.2,0,0,--,--,0,--,0,--,--,--,--,--,0,0,0,0,0,0,0,0,--,--
2018,Piauí,Total,Pública,87.3,89.8,84.1,97.4,95.9,84.5,85.1,88.7,78.5,83.2,86.1,90.9,80.7,71.8,83.1,89.7,89.4,93.9,10.6,9.1,12.6,1.9,3.4,14.4,13.5,9.8,18.1,13.6,10.7,5.6,9.3,14.5,7.9,3.9,5.2,3.3,2.1,1.1,3.3,0.7,0.7,1.1,1.4,1.5,3.4,3.2,3.2,3.5,10,13.7,9,6.4,5.4,2.8
2018,Piauí,Urbana,Pública,87.3,90.2,84,97.5,95.8,85.3,85.8,89.1,78.9,82.8,85.6,90.6,81,72.1,83.5,90.1,88.8,93.7,10.6,8.7,12.9,1.8,3.5,13.5,12.8,9.6,17.7,14.1,11.4,6.2,9.3,14.6,7.8,3.8,5.5,2.9,2.1,1.1,3.1,0.7,0.7,1.2,1.4,1.3,3.4,3.1,3,3.2,9.7,13.3,8.7,6.1,5.7,3.4
2018,Piauí,Rural,Pública,87.2,89,84.3,97.2,96.1,82.9,83.9,87.8,77.4,84.1,87.3,91.7,76,67.4,78.8,84.3,100,95.1,10.6,9.9,11.8,2,3.3,16,14.9,10.4,18.9,12.3,8.7,4,9.2,13.2,8.2,4.9,0,4.9,2.2,1.1,3.9,0.8,0.6,1.1,1.2,1.8,3.7,3.6,4,4.3,14.8,19.4,13,10.8,0,0
2018,Ceará,Total,Total,95.4,97.3,93.1,99,99.1,96.6,94.9,97.4,91.5,92.3,92.6,96.5,90.5,86.7,91.1,95,78,78.6,3.7,2.4,5.4,0.6,0.8,3.1,4.7,2.3,7,6.2,5.7,2.3,4.9,6.9,4.4,2.5,12,17.2,0.9,0.3,1.5,0.4,0.1,0.3,0.4,0.3,1.5,1.5,1.7,1.2,4.6,6.4,4.5,2.5,10,4.2
2018,Ceará,Urbana,Total,95.4,97.4,93,98.9,99.1,96.6,95,97.5,91.5,92.2,92.4,96.3,90.5,86.6,91,95,78,78.5,3.7,2.3,5.5,0.7,0.8,3.1,4.5,2.2,6.9,6.3,5.9,2.5,4.9,7,4.5,2.5,12,17.8,0.9,0.3,1.5,0.4,0.1,0.3,0.5,0.3,1.6,1.5,1.7,1.2,4.6,6.4,4.5,2.5,10,3.7
2018,Ceará,Rural,Total,95.6,97.2,93.5,99.2,99.1,96.6,94.5,97,91.3,92.7,93.3,97.3,91.2,87.5,92.2,95.2,--,80.8,3.6,2.5,4.9,0.5,0.8,3.1,5.1,2.8,7.2,5.8,4.8,1.4,4.3,6.4,3.8,2,--,6.7,0.8,0.3,1.6,0.3,0.1,0.3,0.4,0.2,1.5,1.5,1.9,1.3,4.5,6.1,4,2.8,--,12.5
2018,Ceará,Total,Federal,97.1,--,97.1,--,--,--,--,--,98.8,99,92.2,99.1,82,80.6,85.6,94.5,92.3,78.4,2.9,--,2.9,--,--,--,--,--,1.2,1,7.8,0.9,16,17.7,14.2,5.3,0,18.4,0,--,0,--,--,--,--,--,0,0,0,0,2,1.7,0.2,0.2,7.7,3.2
2018,Ceará,Urbana,Federal,97.1,--,97.1,--,--,--,--,--,98.8,99,92.2,99.1,81.4,79.5,84.9,95.2,92.3,78.2,2.9,--,2.9,--,--,--,--,--,1.2,1,7.8,0.9,16.7,18.7,14.9,4.6,0,19.1,0,--,0,--,--,--,--,--,0,0,0,0,1.9,1.8,0.2,0.2,7.7,2.7
2018,Ceará,Rural,Federal,--,--,--,--,--,--,--,--,--,--,--,--,87.4,90.7,89.8,90.3,--,80.8,--,--,--,--,--,--,--,--,--,--,--,--,8.8,9.3,10.2,9.7,--,6.7,--,--,--,--,--,--,--,--,--,--,--,--,3.8,0,0,0,--,12.5
2018,Ceará,Total,Estadual,89.1,94.3,88.1,95.9,98.2,95,91.2,92.2,86,85.2,88.1,89.5,90,86,90.5,94.6,73,--,7.3,4.6,7.8,2.4,1.3,4,7.8,6.1,10.2,10.1,8.2,6.4,4.9,7,4.5,2.7,16.2,--,3.6,1.1,4.1,1.7,0.5,1,1,1.7,3.8,4.7,3.7,4.1,5.1,7,5,2.7,10.8,--
2018,Ceará,Urbana,Estadual,88.7,94.6,88.1,98,98.6,96.9,89.6,92.7,85.6,84.6,88,89.5,90,86,90.4,94.6,73,--,7.7,4.3,8,0.5,1.1,2.5,9.3,5.6,11.2,10.6,8.5,6.5,4.9,7,4.6,2.7,16.2,--,3.6,1.1,3.9,1.5,0.3,0.6,1.1,1.7,3.2,4.8,3.5,4,5.1,7,5,2.7,10.8,--
2018,Ceará,Rural,Estadual,91.6,93.9,88.7,94.7,97.8,93,92.9,91.7,87.4,88.5,89.2,90,91.2,87.4,92.2,95.2,--,--,5,4.8,5.3,3.6,1.5,5.5,6.3,6.7,6.3,6.9,4.7,2.7,4.2,6.4,3.8,1.8,--,--,3.4,1.3,6,1.7,0.7,1.5,0.8,1.6,6.3,4.6,6.1,7.3,4.6,6.2,4,3,--,--
2018,Ceará,Total,Municipal,94.9,96.9,92.5,99.3,99.2,95.9,93.9,97.1,90.2,91.5,91.8,97.1,--,--,--,--,--,--,4.1,2.7,5.8,0.4,0.7,3.7,5.6,2.6,7.9,6.8,6.2,1.7,--,--,--,--,--,--,1,0.4,1.7,0.3,0.1,0.4,0.5,0.3,1.9,1.7,2,1.2,--,--,--,--,--,--
2018,Ceará,Urbana,Municipal,94.6,96.8,92.1,99.2,99.2,95.7,93.7,97.1,89.9,91.1,91.3,97.1,--,--,--,--,--,--,4.4,2.8,6.2,0.3,0.6,3.9,5.8,2.5,8.2,7.2,6.6,1.9,--,--,--,--,--,--,1,0.4,1.7,0.5,0.2,0.4,0.5,0.4,1.9,1.7,2.1,1,--,--,--,--,--,--
2018,Ceará,Rural,Municipal,95.7,97.2,93.6,99.3,99.1,96.6,94.5,97,91.4,92.7,93.3,97.4,--,--,--,--,--,--,3.5,2.5,4.9,0.4,0.8,3.1,5.1,2.7,7.3,5.8,4.8,1.4,--,--,--,--,--,--,0.8,0.3,1.5,0.3,0.1,0.3,0.4,0.3,1.3,1.5,1.9,1.2,--,--,--,--,--,--
2018,Ceará,Total,Privada,98.1,98.7,97.1,98.3,98.7,98.8,98.6,98.7,97.5,97.1,97.1,96.7,96.5,94.1,96.9,98.8,--,82.5,1.7,1.1,2.7,1.3,1.1,1,1.2,1.1,2.3,2.7,2.7,3.1,3.2,5.6,2.8,1.1,--,0,0.2,0.2,0.2,0.4,0.2,0.2,0.2,0.2,0.2,0.2,0.2,0.2,0.3,0.3,0.3,0.1,--,17.5
2018,Ceará,Urbana,Privada,98.1,98.7,97.1,98.3,98.7,98.8,98.6,98.7,97.5,97.1,97.1,96.7,96.5,94.1,96.9,98.8,--,82.5,1.7,1.1,2.7,1.3,1.1,1,1.2,1.1,2.3,2.7,2.7,3.1,3.2,5.6,2.8,1.1,--,0,0.2,0.2,0.2,0.4,0.2,0.2,0.2,0.2,0.2,0.2,0.2,0.2,0.3,0.3,0.3,0.1,--,17.5
2018,Ceará,Rural,Privada,99.6,99.5,100,100,98.8,100,98.5,100,100,100,100,100,98.9,97.6,100,100,--,--,0.4,0.5,0,0,1.2,0,1.5,0,0,0,0,0,0,0,0,0,--,--,0,0,0,0,0,0,0,0,0,0,0,0,1.1,2.4,0,0,--,--
2018,Ceará,Total,Pública,94.8,96.9,92.3,99.2,99.2,95.9,93.9,97.1,90.2,91.3,91.6,96.5,89.9,86,90.5,94.6,78,78.4,4.2,2.7,5.9,0.4,0.7,3.7,5.6,2.6,8,6.9,6.3,2.1,5,7.1,4.6,2.7,12,18.4,1,0.4,1.8,0.4,0.1,0.4,0.5,0.3,1.8,1.8,2.1,1.4,5.1,6.9,4.9,2.7,10,3.2
2018,Ceará,Urbana,Pública,94.5,96.8,91.9,99.2,99.2,95.7,93.7,97.1,89.8,90.9,91.1,96.2,89.9,85.9,90.4,94.6,78,78.2,4.5,2.8,6.2,0.3,0.6,3.9,5.8,2.6,8.2,7.3,6.7,2.4,5.1,7.1,4.6,2.7,12,19.1,1,0.4,1.9,0.5,0.2,0.4,0.5,0.3,2,1.8,2.2,1.4,5,7,5,2.7,10,2.7
2018,Ceará,Rural,Pública,95.6,97.2,93.5,99.2,99.1,96.6,94.5,96.9,91.3,92.7,93.3,97.3,91.2,87.4,92.2,95.2,--,80.8,3.6,2.5,4.9,0.5,0.8,3.1,5.1,2.8,7.2,5.8,4.8,1.4,4.3,6.5,3.9,2,--,6.7,0.8,0.3,1.6,0.3,0.1,0.3,0.4,0.3,1.5,1.5,1.9,1.3,4.5,6.1,3.9,2.8,--,12.5
2018,Rio Grande do Norte,Total,Total,85.5,91,78.6,98.5,98.5,96.1,79.9,85.9,69.5,76.1,85.5,88.5,75.7,67.2,78.8,84.1,92.7,65.1,11.9,7.7,17.2,0.5,0.8,3,18.3,12.3,25.5,19.7,10.8,7.8,15.7,21.4,13.3,10,5,25.6,2.6,1.3,4.2,1,0.7,0.9,1.8,1.8,5,4.2,3.7,3.7,8.6,11.4,7.9,5.9,2.3,9.3
2018,Rio Grande do Norte,Urbana,Total,85.8,91.8,79,98.6,98.6,96.7,81.4,87.2,70.3,76.3,85.7,88.5,75.5,67.1,78.8,83.9,92.9,65.1,11.7,7,17,0.5,0.8,2.5,16.9,11.1,24.9,19.8,10.9,8.1,15.9,21.6,13.5,10.2,5.1,25.6,2.5,1.2,4,0.9,0.6,0.8,1.7,1.7,4.8,3.9,3.4,3.4,8.6,11.3,7.7,5.9,2,9.3
2018,Rio Grande do Norte,Rural,Total,83.9,87.8,75.5,97.9,98.1,94.1,74.1,80.9,64.1,75.2,83.5,88.4,80.1,71.5,80.3,88.8,90,--,12.9,10.4,18.3,0.8,0.9,4.6,23.6,16.6,29.9,19,10,5.3,10,14.3,9.3,6.2,4.5,--,3.2,1.8,6.2,1.3,1,1.3,2.3,2.5,6,5.8,6.5,6.3,9.9,14.2,10.4,5,5.5,--
2018,Rio Grande do Norte,Total,Federal,100,100,--,100,100,100,100,100,--,--,--,--,86.4,83.6,83.7,87.7,92.8,--,0,0,--,0,0,0,0,0,--,--,--,--,11.6,14.2,14.6,10.5,4.9,--,0,0,--,0,0,0,0,0,--,--,--,--,2,2.2,1.7,1.8,2.3,--
2018,Rio Grande do Norte,Urbana,Federal,100,100,--,100,100,100,100,100,--,--,--,--,86,83.2,83,86.8,93,--,0,0,--,0,0,0,0,0,--,--,--,--,12,14.5,15.2,11.3,4.9,--,0,0,--,0,0,0,0,0,--,--,--,--,2,2.3,1.8,1.9,2.1,--
2018,Rio Grande do Norte,Rural,Federal,--,--,--,--,--,--,--,--,--,--,--,--,89.6,86.2,88.7,93.9,90,--,--,--,--,--,--,--,--,--,--,--,--,--,8.4,12.3,9.8,4.7,4.5,--,--,--,--,--,--,--,--,--,--,--,--,--,2,1.5,1.5,1.4,5.5,--
2018,Rio Grande do Norte,Total,Estadual,79.6,89.2,74.1,99.4,99.7,97.1,77,83.6,63,69.2,82.6,84.8,71.4,62.6,75.7,81.4,90.5,66.7,16.9,9.6,21.1,0,0,1.9,21.3,14.6,31.9,26.1,12.9,10.6,17.7,23.8,14.5,11.2,8.3,23.8,3.5,1.2,4.8,0.6,0.3,1,1.7,1.8,5.1,4.7,4.5,4.6,10.9,13.6,9.8,7.4,1.2,9.5
2018,Rio Grande do Norte,Urbana,Estadual,79.5,89.2,74,99.3,99.6,97,77.3,83.6,62.9,69,82.4,84.6,71.3,62.5,75.7,81.2,90.5,66.7,17,9.5,21.2,0,0,1.9,21.2,14.5,31.8,26.3,13,10.8,17.9,24,14.7,11.3,8.3,23.8,3.5,1.3,4.8,0.7,0.4,1.1,1.5,1.9,5.3,4.7,4.6,4.6,10.8,13.5,9.6,7.5,1.2,9.5
2018,Rio Grande do Norte,Rural,Estadual,81.2,87.9,75.9,100,100,97.4,71.5,83.2,63.3,73.8,85.9,88.5,75.2,65.8,76.3,86.5,--,--,15.7,10.4,19.8,0,0,1.7,24.3,15,33.1,22.1,9.4,6.3,10.9,15.2,9.2,6.9,--,--,3.1,1.7,4.3,0,0,0.9,4.2,1.8,3.6,4.1,4.7,5.2,13.9,19,14.5,6.6,--,--
2018,Rio Grande do Norte,Total,Municipal,83.2,88.6,75.1,98.2,98.3,95,75,82.5,65.2,73.5,82.8,88,--,--,--,--,--,--,13.6,9.7,19.5,0.4,0.7,3.7,22.7,15.1,28.6,21.3,12.5,7.3,--,--,--,--,--,--,3.2,1.7,5.4,1.4,1,1.3,2.3,2.4,6.2,5.2,4.7,4.7,--,--,--,--,--,--
2018,Rio Grande do Norte,Urbana,Municipal,82.9,89,75,98.4,98.5,95.5,75.4,83.4,65.5,73,82.7,87.9,--,--,--,--,--,--,13.9,9.3,19.9,0.3,0.6,3.3,22.2,14.3,28.4,21.9,13.1,7.9,--,--,--,--,--,--,3.2,1.7,5.1,1.3,0.9,1.2,2.4,2.3,6.1,5.1,4.2,4.2,--,--,--,--,--,--
2018,Rio Grande do Norte,Rural,Municipal,84,87.7,75.3,97.8,98,93.9,74,80.7,63.9,75.2,83.1,88.3,--,--,--,--,--,--,12.9,10.5,18.3,0.8,0.9,4.8,23.8,16.8,29.7,18.8,10.2,5.2,--,--,--,--,--,--,3.1,1.8,6.4,1.4,1.1,1.3,2.2,2.5,6.4,6,6.7,6.5,--,--,--,--,--,--
2018,Rio Grande do Norte,Total,Privada,97.2,98.3,95.5,98.7,98.5,98.3,97.9,98.1,95.2,95,96.3,95.4,93.4,90.8,94.1,96,--,0,2.6,1.5,4.3,0.9,1.3,1.6,2,1.8,4.6,4.8,3.5,4.4,6.2,8.7,5.6,3.7,--,100,0.2,0.2,0.2,0.4,0.2,0.1,0.1,0.1,0.2,0.2,0.2,0.2,0.4,0.5,0.3,0.3,--,0
2018,Rio Grande do Norte,Urbana,Privada,97.2,98.3,95.5,98.7,98.5,98.3,97.9,98.1,95.2,95.1,96.3,95.4,93.4,90.8,94.1,96,--,0,2.6,1.5,4.3,0.9,1.3,1.6,1.9,1.8,4.6,4.8,3.5,4.4,6.2,8.7,5.6,3.7,--,100,0.2,0.2,0.2,0.4,0.2,0.1,0.2,0.1,0.2,0.1,0.2,0.2,0.4,0.5,0.3,0.3,--,0
2018,Rio Grande do Norte,Rural,Privada,96.5,96.8,95.5,98.7,97.8,94.8,94.8,97.5,94.6,92.6,97.6,100,100,100,100,--,--,--,3.1,3,3.4,1.3,2.2,4.3,5.2,2.5,5.4,5.6,0,0,0,0,0,--,--,--,0.4,0.2,1.1,0,0,0.9,0,0,0,1.8,2.4,0,0,0,0,--,--,--
2018,Rio Grande do Norte,Total,Pública,82.3,88.7,74.7,98.4,98.5,95.4,75.4,82.8,64.5,72,82.7,86.6,73.1,64.2,76.5,82.1,92.7,66.7,14.5,9.7,20.1,0.4,0.6,3.4,22.4,15,29.6,22.9,12.7,8.7,17,23,14.5,11.1,5,23.8,3.2,1.6,5.2,1.2,0.9,1.2,2.2,2.2,5.9,5.1,4.6,4.7,9.9,12.8,9,6.8,2.3,9.5
2018,Rio Grande do Norte,Urbana,Pública,81.8,89.1,74.6,98.6,98.7,95.9,75.9,83.5,64.6,71.5,82.6,86.3,72.8,64,76.3,81.8,92.9,66.7,14.9,9.3,20.4,0.2,0.5,3,21.9,14.4,29.6,23.6,13.1,9.2,17.3,23.3,14.7,11.3,5.1,23.8,3.3,1.6,5,1.2,0.8,1.1,2.2,2.1,5.8,4.9,4.3,4.5,9.9,12.7,9,6.9,2,9.5
2018,Rio Grande do Norte,Rural,Pública,83.8,87.7,75.4,97.8,98.1,94,73.9,80.8,63.8,75,83.4,88.4,80,71.3,80.2,88.8,90,--,13,10.5,18.5,0.7,0.9,4.7,23.8,16.7,30.1,19.1,10.1,5.4,10,14.4,9.4,6.2,4.5,--,3.2,1.8,6.1,1.5,1,1.3,2.3,2.5,6.1,5.9,6.5,6.2,10,14.3,10.4,5,5.5,--
2018,Paraíba,Total,Total,87.2,91.5,81.9,96.7,95.6,87.9,88.7,89.6,76.8,80.8,84.1,87.9,80.2,72,82.1,90.3,93,96.9,9.8,7,13.3,1.9,3.3,10.6,9.6,8.3,17.4,14.5,11.3,8,10.3,15.8,8.7,3.9,3.3,3.1,3,1.5,4.8,1.4,1.1,1.5,1.7,2.1,5.8,4.7,4.6,4.1,9.5,12.2,9.2,5.8,3.7,0
2018,Paraíba,Urbana,Total,87.3,92,82.2,96.6,95.7,88.5,89.8,90.3,77.4,81.1,84.3,88,80.2,71.8,82,90.3,93,96.9,9.6,6.4,13.1,1.8,3,10,8.6,7.6,17,14.4,11.2,8.1,10.3,15.9,8.8,3.9,3.3,3.1,3.1,1.6,4.7,1.6,1.3,1.5,1.6,2.1,5.6,4.5,4.5,3.9,9.5,12.3,9.2,5.8,3.7,0
2018,Paraíba,Rural,Total,86.7,89.6,79,96.8,94.9,86,85.1,86.9,72.6,77.9,82.6,87.4,82.1,78.1,83.9,87.5,--,--,10.6,8.9,15.1,2,4.1,12.8,13,10.9,21.1,16,11.8,7.3,8.5,12.9,6.4,2.7,--,--,2.7,1.5,5.9,1.2,1,1.2,1.9,2.2,6.3,6.1,5.6,5.3,9.4,9,9.7,9.8,--,--
2018,Paraíba,Total,Federal,99.3,99.3,--,100,100,100,100,94.1,--,--,--,--,90.7,87,90.7,95.2,95,--,0.7,0.7,--,0,0,0,0,5.9,--,--,--,--,7.4,10.3,7.8,3.9,3.1,--,0,0,--,0,0,0,0,0,--,--,--,--,1.9,2.7,1.5,0.9,1.9,--
2018,Paraíba,Urbana,Federal,99.3,99.3,--,100,100,100,100,94.1,--,--,--,--,90.7,86.9,90.6,95.2,95,--,0.7,0.7,--,0,0,0,0,5.9,--,--,--,--,7.5,10.5,8,3.9,3.1,--,0,0,--,0,0,0,0,0,--,--,--,--,1.8,2.6,1.4,0.9,1.9,--
2018,Paraíba,Rural,Federal,--,--,--,--,--,--,--,--,--,--,--,--,89.3,87.9,92.5,--,--,--,--,--,--,--,--,--,--,--,--,--,--,--,4.7,6.9,0,--,--,--,--,--,--,--,--,--,--,--,--,--,--,--,6,5.2,7.5,--,--,--
2018,Paraíba,Total,Estadual,80.7,90.2,77.6,94.4,95.9,83.7,95.2,86.7,71.6,76.6,79.1,83.9,77.1,68.4,79.4,88.4,85.2,--,14.2,7.5,16.4,2.5,2.1,14.3,2.8,10.8,21.3,17.5,14.9,10.9,11.6,17.4,9.8,4.5,3.3,--,5.1,2.3,6,3.1,2,2,2,2.5,7.1,5.9,6,5.2,11.3,14.2,10.8,7.1,11.5,--
2018,Paraíba,Urbana,Estadual,80.7,90.5,77.6,94.8,96,83.6,95.9,87.2,71.7,76.4,79.1,83.9,77,68,79.2,88.5,85.2,--,14.1,7.2,16.4,2.1,1.9,14.4,2.3,10.3,21.1,17.7,14.9,11.1,11.7,17.6,9.9,4.5,3.3,--,5.2,2.3,6,3.1,2.1,2,1.8,2.5,7.2,5.9,6,5,11.3,14.4,10.9,7,11.5,--
2018,Paraíba,Rural,Estadual,80,86.9,77.7,89.4,95.3,85.3,87.8,81.3,70.6,78.4,80.2,84.7,81.8,77.5,83.6,87.5,--,--,15.1,10.9,16.6,7.5,4.4,13,8.9,16,23.9,15,14.9,9.2,8.6,13.3,6.6,2.7,--,--,4.9,2.2,5.7,3.1,0.3,1.7,3.3,2.7,5.5,6.6,4.9,6.1,9.6,9.2,9.8,9.8,--,--
2018,Paraíba,Total,Municipal,85.6,89.2,79.9,96.4,94.4,85.1,84.9,87.4,74,78.6,83.2,87.7,62.9,50,61,77.8,91.7,--,11.1,8.9,14.6,1.9,4.2,13.2,13,10.1,19.5,16.1,11.7,7.7,10.2,16.3,7.3,8.5,5.6,--,3.3,1.9,5.5,1.7,1.4,1.7,2.1,2.5,6.5,5.3,5.1,4.6,26.9,33.7,31.7,13.7,2.7,--
2018,Paraíba,Urbana,Municipal,85.1,89,80,96.2,94.2,84.7,84.9,87.4,74.2,78.8,83.2,87.6,62.9,50,61,77.8,91.7,--,11.4,8.9,14.6,1.9,4.2,13.3,13,9.9,19.3,16,11.8,7.8,10.2,16.3,7.3,8.5,5.6,--,3.5,2.1,5.4,1.9,1.6,2,2.1,2.7,6.5,5.2,5,4.6,26.9,33.7,31.7,13.7,2.7,--
2018,Paraíba,Rural,Municipal,87.3,89.6,79.3,97,94.9,86,85,87.1,72.9,77.6,83.3,88.1,--,--,--,--,--,--,10.2,8.9,14.7,1.9,4.1,12.8,13.2,10.8,20.5,16.4,10.9,6.8,--,--,--,--,--,--,2.5,1.5,6,1.1,1,1.2,1.8,2.1,6.6,6,5.8,5.1,--,--,--,--,--,--
2018,Paraíba,Total,Privada,97.5,98.3,96.2,97.6,98.3,98.5,98.6,98.6,96.6,96,96.4,95.8,95.5,92.8,95.7,98.3,--,96.9,2.1,1.3,3.5,1.7,1.2,1.1,1.1,1,3.1,3.7,3.4,3.9,3.7,6.5,3.3,1,--,3.1,0.4,0.4,0.3,0.7,0.5,0.4,0.3,0.4,0.3,0.3,0.2,0.3,0.8,0.7,1,0.7,--,0
2018,Paraíba,Urbana,Privada,97.5,98.3,96.2,97.6,98.3,98.5,98.6,98.6,96.6,96,96.4,95.7,95.5,92.8,95.7,98.3,--,96.9,2,1.2,3.5,1.7,1.2,1.1,1.1,1.1,3.1,3.7,3.4,3.9,3.7,6.5,3.3,1,--,3.1,0.5,0.5,0.3,0.7,0.5,0.4,0.3,0.3,0.3,0.3,0.2,0.4,0.8,0.7,1,0.7,--,0
2018,Paraíba,Rural,Privada,95.5,95.3,95.6,90.6,96.1,94.5,98.1,100,94.4,97.1,92.1,100,--,--,--,--,--,--,3.6,4.3,2.5,9.4,3.9,5.5,0,0,3.7,2.9,2.6,0,--,--,--,--,--,--,0.9,0.4,1.9,0,0,0,1.9,0,1.9,0,5.3,0,--,--,--,--,--,--
2018,Paraíba,Total,Pública,84.5,89.3,79,96.3,94.6,84.9,86,87.3,73.2,77.9,81.6,86.2,77.7,69.1,79.8,88.7,93,--,11.8,8.8,15.2,2,4,13.3,12,10.2,20.1,16.6,12.9,9,11.4,17.1,9.7,4.4,3.3,--,3.7,1.9,5.8,1.7,1.4,1.8,2,2.5,6.7,5.5,5.5,4.8,10.9,13.8,10.5,6.9,3.7,--
2018,Paraíba,Urbana,Pública,83.9,89.2,79.1,96,94.4,84.6,86.4,87.4,73.3,77.9,81.5,86,77.6,68.7,79.6,88.7,93,--,12.1,8.7,15.2,1.9,4,13.5,11.6,10,19.9,16.6,13.1,9.2,11.5,17.2,9.8,4.5,3.3,--,4,2.1,5.7,2.1,1.6,1.9,2,2.6,6.8,5.5,5.4,4.8,10.9,14.1,10.6,6.8,3.7,--
2018,Paraíba,Rural,Pública,86.6,89.6,78.9,96.9,94.9,85.9,85.1,86.9,72.4,77.8,82.5,87.3,82.1,78.1,83.9,87.5,--,--,10.6,8.9,15.1,2,4.1,12.8,13,11,21.3,16.1,11.9,7.4,8.5,12.9,6.4,2.7,--,--,2.8,1.5,6,1.1,1,1.3,1.9,2.1,6.3,6.1,5.6,5.3,9.4,9,9.7,9.8,--,--
2018,Pernambuco,Total,Total,91.9,93.2,90.3,97.3,97.6,86.1,95.4,91.3,87.5,89.7,91.7,93.2,93.9,91.3,94.4,97.4,88.8,87.2,6.8,6.1,7.7,1.9,1.9,13.1,4,7.8,10.2,8.3,6.5,5,4.9,7.1,4.6,2,7.2,8.7,1.3,0.7,2,0.8,0.5,0.8,0.6,0.9,2.3,2,1.8,1.8,1.2,1.6,1,0.6,4,4.1
2018,Pernambuco,Urbana,Total,92.4,93.8,90.8,97.4,97.8,87.4,95.6,92.3,88.3,90,92.1,93.4,94.1,91.7,94.7,97.5,88.3,87.3,6.3,5.5,7.3,1.7,1.7,11.9,3.9,6.8,9.5,8.1,6.3,4.9,4.8,6.9,4.5,2,7.8,8.7,1.3,0.7,1.9,0.9,0.5,0.7,0.5,0.9,2.2,1.9,1.6,1.7,1.1,1.4,0.8,0.5,3.9,4
2018,Pernambuco,Rural,Total,89.8,91,87.6,96.8,97,82,94.5,87.8,83.2,87.7,89.4,92.2,89.8,85.2,90.6,95.1,93.2,86.2,8.6,8.1,9.6,2.3,2.4,17,4.6,11.1,13.9,9.5,7.8,5.3,6.8,10,6.2,3,2.4,8.7,1.6,0.9,2.8,0.9,0.6,1,0.9,1.1,2.9,2.8,2.8,2.5,3.4,4.8,3.2,1.9,4.4,5.1
2018,Pernambuco,Total,Federal,97.9,--,97.9,--,--,--,--,--,98.5,99.4,97.9,96,78.3,73.9,77.7,81.4,82,82.7,2.1,--,2.1,--,--,--,--,--,1.5,0.6,2.1,4,18.3,22.6,19.6,14.7,11.3,16.2,0,--,0,--,--,--,--,--,0,0,0,0,3.4,3.5,2.7,3.9,6.7,1.1
2018,Pernambuco,Urbana,Federal,97.9,--,97.9,--,--,--,--,--,98.5,99.4,97.9,96,76.7,72.4,75.6,78.3,79.9,83,2.1,--,2.1,--,--,--,--,--,1.5,0.6,2.1,4,19.9,24.1,21.3,17.8,13.2,16.6,0,--,0,--,--,--,--,--,0,0,0,0,3.4,3.5,3.1,3.9,6.9,0.4
2018,Pernambuco,Rural,Federal,--,--,--,--,--,--,--,--,--,--,--,--,83.8,78.7,84.1,88.7,92.2,80.2,--,--,--,--,--,--,--,--,--,--,--,--,12.6,17.7,14.4,7.3,2.3,12.1,--,--,--,--,--,--,--,--,--,--,--,--,3.6,3.6,1.5,4,5.5,7.7
2018,Pernambuco,Total,Estadual,93.5,86.4,93.8,87.3,87.7,80.7,89.7,87,93.1,93.6,94.5,94.2,94,91.5,94.5,97.5,93.6,87.5,5.7,12,5.3,10.9,11.3,17.5,8.4,11.5,6.2,5.7,4.9,4.7,4.8,6.8,4.5,2,4.6,8.1,0.8,1.6,0.9,1.8,1,1.8,1.9,1.5,0.7,0.7,0.6,1.1,1.2,1.7,1,0.5,1.8,4.4
2018,Pernambuco,Urbana,Estadual,94.5,98,94.4,100,100,96.2,98.9,96.6,94.1,94.2,94.7,94.5,94.3,91.9,94.7,97.6,93.5,87.5,4.9,2,4.9,0,0,3.8,1.1,3.4,5.3,5.3,4.8,4.4,4.7,6.7,4.5,1.9,4.8,8.1,0.6,0,0.7,0,0,0,0,0,0.6,0.5,0.5,1.1,1,1.4,0.8,0.5,1.7,4.4
2018,Pernambuco,Rural,Estadual,86.5,83.4,87.9,85,85.1,77.3,86.9,83.4,84.3,87.9,91.4,89.1,90.4,85.8,91.2,95.7,94.9,87.2,11.2,14.7,9.5,12.9,13.8,20.6,10.7,14.6,13.4,9.2,6.2,8.4,6.3,9.5,5.6,2.7,2.5,8.1,2.3,1.9,2.6,2.1,1.1,2.1,2.4,2,2.3,2.9,2.4,2.5,3.3,4.7,3.2,1.6,2.6,4.7
2018,Pernambuco,Total,Municipal,89.5,91.4,86.5,97.3,97.6,82.2,94.3,89,82.5,85.7,88.4,91.5,83.7,75,83.3,93.1,87.5,--,8.7,7.7,10.3,1.7,1.8,16.8,4.9,9.8,13.9,11.1,8.6,5.7,4.1,5.6,5.6,2.3,0,--,1.8,0.9,3.2,1,0.6,1,0.8,1.2,3.6,3.2,3,2.8,12.2,19.4,11.1,4.6,12.5,--
2018,Pernambuco,Urbana,Municipal,89.4,91.4,86.2,97.2,97.6,82.3,94.1,89.5,82.4,85.2,88.2,91.1,87.5,--,--,--,87.5,--,8.8,7.6,10.5,1.7,1.8,16.7,5.2,9.3,13.8,11.5,8.8,5.9,0,--,--,--,0,--,1.8,1,3.3,1.1,0.6,1,0.7,1.2,3.8,3.3,3,3,12.5,--,--,--,12.5,--
2018,Pernambuco,Rural,Municipal,90.1,91.2,87.4,97.5,97.5,82,94.9,87.9,82.8,87.6,88.9,92.8,83.2,75,83.3,93.1,--,--,8.4,7.9,9.7,1.7,1.9,17,4.3,11,14.2,9.7,8.2,4.7,4.6,5.6,5.6,2.3,--,--,1.5,0.9,2.9,0.8,0.6,1,0.8,1.1,3,2.7,2.9,2.5,12.2,19.4,11.1,4.6,--,--
2018,Pernambuco,Total,Privada,97.6,98.1,96.7,97.5,98.1,98.1,98.4,98.4,97.2,96.4,97,96,95.9,93.2,96.4,98.5,--,92.7,2.1,1.6,3.1,2,1.6,1.7,1.5,1.4,2.6,3.4,2.8,3.8,3.5,6,3.2,1.1,--,6.7,0.3,0.3,0.2,0.5,0.3,0.2,0.1,0.2,0.2,0.2,0.2,0.2,0.6,0.8,0.4,0.4,--,0.6
2018,Pernambuco,Urbana,Privada,97.7,98.2,96.7,97.6,98.2,98.2,98.4,98.5,97.2,96.4,97,96,95.9,93.2,96.3,98.5,--,92.7,2.1,1.6,3.1,1.9,1.5,1.6,1.4,1.4,2.6,3.4,2.8,3.8,3.5,6.1,3.2,1.1,--,6.7,0.2,0.2,0.2,0.5,0.3,0.2,0.2,0.1,0.2,0.2,0.2,0.2,0.6,0.7,0.5,0.4,--,0.6
2018,Pernambuco,Rural,Privada,93.5,92.1,97.2,87.7,90.6,93.3,93,96.9,96.9,96.9,97.6,97.5,98.7,96.8,100,100,--,--,5.9,7.2,2.7,10.9,8.7,6.1,7,2.6,3.1,3.1,1.9,2.5,0.9,2.2,0,0,--,--,0.6,0.7,0.1,1.4,0.7,0.6,0,0.5,0,0,0.5,0,0.4,1,0,0,--,--
2018,Pernambuco,Total,Pública,90.2,91.3,88.8,97.1,97.4,82.2,94.2,89,85.3,88.1,90.4,92.6,93.6,91.1,94.2,97.2,88.8,87.1,8.2,7.8,8.7,1.8,2,16.8,5,9.8,11.9,9.4,7.4,5.3,5.1,7.2,4.8,2.2,7.2,8.7,1.6,0.9,2.5,1.1,0.6,1,0.8,1.2,2.8,2.5,2.2,2.1,1.3,1.7,1,0.6,4,4.2
2018,Pernambuco,Urbana,Pública,90.3,91.5,89.1,97.2,97.6,82.3,94.1,89.5,85.8,88.3,90.7,92.7,93.9,91.5,94.4,97.4,88.3,87.2,8.1,7.6,8.5,1.7,1.8,16.7,5.1,9.3,11.4,9.4,7.3,5.3,5,7,4.7,2.1,7.8,8.7,1.6,0.9,2.4,1.1,0.6,1,0.8,1.2,2.8,2.3,2,2,1.1,1.5,0.9,0.5,3.9,4.1
2018,Pernambuco,Rural,Pública,89.8,90.9,87.5,96.9,97.1,81.9,94.6,87.7,83,87.6,89.3,92.1,89.7,85.1,90.5,95.1,93.2,86.2,8.7,8.2,9.7,2.2,2.3,17.1,4.6,11.2,14,9.6,7.9,5.3,6.8,10.1,6.3,3.1,2.4,8.7,1.5,0.9,2.8,0.9,0.6,1,0.8,1.1,3,2.8,2.8,2.6,3.5,4.8,3.2,1.8,4.4,5.1
2018,Alagoas,Total,Total,89.4,93.1,84.8,97.2,97.8,85.9,96.1,90.1,81.9,83.6,86.2,89.1,83.2,77.4,84.6,90.5,88.5,66.6,7.7,5.6,10.3,1.5,1.4,12.9,2.8,8.2,12.9,11.3,9.3,6.4,8.6,11.8,7.9,4.5,6.7,27.4,2.9,1.3,4.9,1.3,0.8,1.2,1.1,1.7,5.2,5.1,4.5,4.5,8.2,10.8,7.5,5,4.8,6
2018,Alagoas,Urbana,Total,89.3,93.3,84.9,96.9,97.4,86.7,95.7,91.1,82.2,83.7,86.4,88.8,83.1,77.2,84.4,90.4,88.5,66.6,7.6,5.4,10,1.7,1.6,12,3.2,7.2,12.5,10.9,9,6.7,8.7,12,8,4.6,6.7,27.4,3.1,1.3,5.1,1.4,1,1.3,1.1,1.7,5.3,5.4,4.6,4.5,8.2,10.8,7.6,5,4.8,6
2018,Alagoas,Rural,Total,89.8,92.6,84.3,97.9,98.6,83.9,97.2,87.4,80.9,83,85,90.7,85.9,80.1,89.2,91.9,--,--,8,6.3,11.4,1.1,0.9,14.9,1.9,10.8,14.7,12.8,10.8,5.1,6.3,9.7,5.6,1.5,--,--,2.2,1.1,4.3,1,0.5,1.2,0.9,1.8,4.4,4.2,4.2,4.2,7.8,10.2,5.2,6.6,--,--
2018,Alagoas,Total,Federal,--,--,--,--,--,--,--,--,--,--,--,--,80.5,74.9,80.8,88.6,88.5,43.1,--,--,--,--,--,--,--,--,--,--,--,--,15.8,21.4,16.6,8,6.7,46.7,--,--,--,--,--,--,--,--,--,--,--,--,3.7,3.7,2.6,3.4,4.8,10.2
2018,Alagoas,Urbana,Federal,--,--,--,--,--,--,--,--,--,--,--,--,80.5,74.9,80.8,88.6,88.5,43.1,--,--,--,--,--,--,--,--,--,--,--,--,15.8,21.4,16.6,8,6.7,46.7,--,--,--,--,--,--,--,--,--,--,--,--,3.7,3.7,2.6,3.4,4.8,10.2
2018,Alagoas,Total,Estadual,86.3,92.2,85,94.8,95.5,86.2,96,90.1,82.1,84.2,86.2,87.6,81.2,75.2,82.9,89,--,50,9,6.2,9.6,2.8,3.2,12.3,2.9,8.6,11.6,10.5,9.1,7.2,9,12.2,8.2,4.9,--,0,4.7,1.6,5.4,2.4,1.3,1.5,1.1,1.3,6.3,5.3,4.7,5.2,9.8,12.6,8.9,6.1,--,50
2018,Alagoas,Urbana,Estadual,86.1,92.1,84.8,94.3,95,86.1,95.8,90.5,82.1,84.1,85.9,87.3,80.9,74.8,82.5,88.8,--,50,9.1,6.3,9.7,3.1,3.5,12.4,3,8.2,11.6,10.6,9.2,7.4,9.2,12.3,8.3,5.1,--,0,4.8,1.6,5.5,2.6,1.5,1.5,1.2,1.3,6.3,5.3,4.9,5.3,9.9,12.9,9.2,6.1,--,50
2018,Alagoas,Rural,Estadual,90.9,93.4,89.5,97.9,99,87.3,97.6,85.3,81.7,87.6,91.6,93.1,85.9,80.1,89.2,91.9,--,--,6.6,5.7,7.1,1.1,1,11.7,1.9,12.6,12.7,8.8,6.3,3.5,6.3,9.7,5.6,1.5,--,--,2.5,0.9,3.4,1,0,1,0.5,2.1,5.6,3.6,2.1,3.4,7.8,10.2,5.2,6.6,--,--
2018,Alagoas,Total,Municipal,87.9,91.8,82.2,96.8,97.4,83.2,95.4,88.3,79,80.8,83.7,87.8,--,--,--,--,--,--,8.9,6.8,12,1.8,1.6,15.4,3.3,9.6,15.2,13.1,10.9,6.9,--,--,--,--,--,--,3.2,1.4,5.8,1.4,1,1.4,1.3,2.1,5.8,6.1,5.4,5.3,--,--,--,--,--,--
2018,Alagoas,Urbana,Municipal,87,91.3,81.6,96.1,96.7,82.8,94.3,88.9,78.3,80,83.4,86.9,--,--,--,--,--,--,9.3,7,12.2,2.2,2.1,15.6,4.2,9,15.3,13.1,10.8,7.5,--,--,--,--,--,--,3.7,1.7,6.2,1.7,1.2,1.6,1.5,2.1,6.4,6.9,5.8,5.6,--,--,--,--,--,--
2018,Alagoas,Rural,Municipal,89.8,92.6,84,97.9,98.6,83.7,97.2,87.4,80.8,82.7,84.5,90.4,--,--,--,--,--,--,8.1,6.3,11.6,1.2,0.9,15,1.9,10.8,14.8,13,11.1,5.2,--,--,--,--,--,--,2.1,1.1,4.4,0.9,0.5,1.3,0.9,1.8,4.4,4.3,4.4,4.4,--,--,--,--,--,--
2018,Alagoas,Total,Privada,97.8,98.8,96.2,99.1,99.4,97.9,99.4,98.2,96.2,96.1,96.5,95.9,96,93.6,96.3,98.2,--,97.6,1.9,0.8,3.4,0.3,0.3,1.8,0.4,1.4,3.4,3.6,3.1,3.7,3.6,5.7,3.3,1.5,--,2.4,0.3,0.4,0.4,0.6,0.3,0.3,0.2,0.4,0.4,0.3,0.4,0.4,0.4,0.7,0.4,0.3,--,0
2018,Alagoas,Urbana,Privada,97.8,98.8,96.2,99.1,99.4,98,99.4,98.3,96.2,96.1,96.5,95.9,96,93.6,96.3,98.2,--,97.6,1.8,0.8,3.4,0.3,0.3,1.7,0.4,1.4,3.4,3.6,3.1,3.6,3.6,5.7,3.3,1.5,--,2.4,0.4,0.4,0.4,0.6,0.3,0.3,0.2,0.3,0.4,0.3,0.4,0.5,0.4,0.7,0.4,0.3,--,0
2018,Alagoas,Rural,Privada,97.1,97.4,96.2,99.4,99.4,94.7,99.1,93.3,96.5,93,100,95.2,92.3,92.3,--,--,--,--,2.3,1.9,3.8,0,0,5.3,0.9,4.2,3.5,7,0,4.8,7.7,7.7,--,--,--,--,0.6,0.7,0,0.6,0.6,0,0,2.5,0,0,0,0,0,0,--,--,--,--
2018,Alagoas,Total,Pública,87.7,91.8,82.8,96.7,97.4,83.3,95.4,88.4,79.6,81.5,84.3,87.7,81.2,75.1,82.8,89,88.5,43.2,8.9,6.8,11.5,1.8,1.7,15.2,3.3,9.6,14.5,12.5,10.4,7,9.4,12.7,8.6,5,6.7,46.2,3.4,1.4,5.7,1.5,0.9,1.5,1.3,2,5.9,6,5.3,5.3,9.4,12.2,8.6,6,4.8,10.6
2018,Alagoas,Urbana,Pública,86.9,91.4,82.4,96,96.6,83,94.4,89,79.2,81.1,84.1,87,80.9,74.8,82.4,88.8,88.5,43.2,9.3,7,11.5,2.2,2.2,15.4,4.1,8.9,14.4,12.5,10.3,7.5,9.6,12.9,8.8,5.3,6.7,46.2,3.8,1.6,6.1,1.8,1.2,1.6,1.5,2.1,6.4,6.4,5.6,5.5,9.5,12.3,8.8,5.9,4.8,10.6
2018,Alagoas,Rural,Pública,89.8,92.6,84.3,97.9,98.6,83.8,97.2,87.4,80.8,82.9,84.9,90.6,85.9,80.1,89.2,91.9,--,--,8,6.3,11.4,1.2,0.9,15,1.9,10.8,14.8,12.8,10.8,5.1,6.3,9.7,5.6,1.5,--,--,2.2,1.1,4.3,0.9,0.5,1.2,0.9,1.8,4.4,4.3,4.3,4.3,7.8,10.2,5.2,6.6,--,--
2018,Sergipe,Total,Total,83.7,88.9,77.1,98.9,97.7,82.3,82.4,87.3,70.6,75.5,81,86,80.6,71.6,83.1,90.9,--,--,13.8,9.9,18.7,0.3,1.7,16.6,16.1,10.8,24.7,20.6,15.2,10,10.9,17,9,4.2,--,--,2.5,1.2,4.2,0.8,0.6,1.1,1.5,1.9,4.7,3.9,3.8,4,8.5,11.4,7.9,4.9,--,--
2018,Sergipe,Urbana,Total,84.6,90.4,78.1,98.9,97.6,84,85.2,89.5,72.2,76.4,81.4,86.4,80.7,71.7,83.1,90.8,--,--,13,8.5,18.1,0.3,1.7,14.8,13.5,8.9,23.4,20.1,15.1,10,10.9,17.1,9.1,4.3,--,--,2.4,1.1,3.8,0.8,0.7,1.2,1.3,1.6,4.4,3.5,3.5,3.6,8.4,11.2,7.8,4.9,--,--
2018,Sergipe,Rural,Total,80.7,84.9,72.9,98.8,97.8,77.5,75.3,81.7,64.4,72,79.3,83.9,79.3,68.9,82.7,92.9,--,--,16.3,13.6,21.5,0.4,1.6,21.3,22.6,15.7,29.8,22.4,15.4,10.2,9.8,15.8,7.3,2.4,--,--,3,1.5,5.6,0.8,0.6,1.2,2.1,2.6,5.8,5.6,5.3,5.9,10.9,15.3,10,4.7,--,--
2018,Sergipe,Total,Federal,89.7,--,89.7,--,--,--,--,--,89.7,84.7,93,91.4,84.4,75.5,86.9,94.1,--,--,10.3,--,10.3,--,--,--,--,--,10.3,15.3,7,8.6,10.1,17.6,8.1,1.6,--,--,0,--,0,--,--,--,--,--,0,0,0,0,5.5,6.9,5,4.3,--,--
2018,Sergipe,Urbana,Federal,89.7,--,89.7,--,--,--,--,--,89.7,84.7,93,91.4,85.9,79.8,86.8,93.7,--,--,10.3,--,10.3,--,--,--,--,--,10.3,15.3,7,8.6,9.2,14.2,8.6,2.5,--,--,0,--,0,--,--,--,--,--,0,0,0,0,4.9,6,4.6,3.8,--,--
2018,Sergipe,Rural,Federal,--,--,--,--,--,--,--,--,--,--,--,--,81.9,69.1,87.4,94.7,--,--,--,--,--,--,--,--,--,--,--,--,--,--,11.6,22.7,6.9,0.5,--,--,--,--,--,--,--,--,--,--,--,--,--,--,6.5,8.2,5.7,4.8,--,--
2018,Sergipe,Total,Estadual,79.7,89,73.9,99.1,99.6,80.3,84.6,88.9,67.3,70.7,77.3,82.5,77.5,67.7,80.5,89,--,--,17.2,10,21.7,0,0,18.4,14.5,9.7,28,25.3,18.5,12.7,12.2,18.7,10,4.9,--,--,3.1,1,4.4,0.9,0.4,1.3,0.9,1.4,4.7,4,4.2,4.8,10.3,13.6,9.5,6.1,--,--
2018,Sergipe,Urbana,Estadual,79.5,88.9,73.6,99.1,99.6,80.1,84.6,88.9,67.4,70.2,76.9,82.3,77.5,67.6,80.4,88.9,--,--,17.3,10,21.9,0,0,18.6,14.4,9.6,27.8,25.7,18.9,12.9,12.3,18.9,10.1,5,--,--,3.2,1.1,4.5,0.9,0.4,1.3,1,1.5,4.8,4.1,4.2,4.8,10.2,13.5,9.5,6.1,--,--
2018,Sergipe,Rural,Estadual,83.9,90,79.9,98.8,100,84.6,84.2,88.3,66.3,83.8,85.4,88.9,78.7,68.9,81.9,92.5,--,--,14.1,9.5,17.1,0,0,15.1,15.4,10.9,31.2,13.5,10.6,8.1,9.4,14.5,7.4,2.9,--,--,2,0.5,3,1.2,0,0.3,0.4,0.8,2.5,2.7,4,3,11.9,16.6,10.7,4.6,--,--
2018,Sergipe,Total,Municipal,79.8,84.8,71.8,98.5,96.4,76.5,76.1,82.9,64.4,71.3,76.7,83.6,--,--,--,--,--,--,17,13.5,22.5,0.5,2.7,21.9,21.7,14.5,29.3,23.4,18,10.8,--,--,--,--,--,--,3.2,1.7,5.7,1,0.9,1.6,2.2,2.6,6.3,5.3,5.3,5.6,--,--,--,--,--,--
2018,Sergipe,Urbana,Municipal,79.4,85,71.6,98.4,95.4,76.2,77.1,84,64.7,71.5,75.5,83.7,--,--,--,--,--,--,17.2,13.2,22.8,0.5,3.5,22,20.7,13.4,29,23.6,19.2,11,--,--,--,--,--,--,3.4,1.8,5.6,1.1,1.1,1.8,2.2,2.6,6.3,4.9,5.3,5.3,--,--,--,--,--,--
2018,Sergipe,Rural,Municipal,80.4,84.6,72.2,98.8,97.8,77,74.8,81.4,63.9,71,78.7,83.4,--,--,--,--,--,--,16.6,13.9,21.9,0.5,1.7,21.8,23,16,30,23.1,15.9,10.4,--,--,--,--,--,--,3,1.5,5.9,0.7,0.5,1.2,2.2,2.6,6.1,5.9,5.4,6.2,--,--,--,--,--,--
2018,Sergipe,Total,Privada,97,98.7,94.4,99.5,99.4,98.4,98.3,98,94.2,93.4,95.3,94.8,94.5,91.5,94.6,97.8,--,--,2.8,1.1,5.4,0.2,0.4,1.4,1.5,1.9,5.6,6.4,4.5,4.9,5,8.1,4.7,1.8,--,--,0.2,0.2,0.2,0.3,0.2,0.2,0.2,0.1,0.2,0.2,0.2,0.3,0.5,0.4,0.7,0.4,--,--
2018,Sergipe,Urbana,Privada,97,98.8,94.4,99.5,99.4,98.5,98.3,98.2,94.2,93.4,95.3,94.8,94.5,91.5,94.6,97.8,--,--,2.8,1,5.4,0.2,0.4,1.4,1.5,1.7,5.6,6.3,4.5,4.9,5,8.1,4.7,1.8,--,--,0.2,0.2,0.2,0.3,0.2,0.1,0.2,0.1,0.2,0.3,0.2,0.3,0.5,0.4,0.7,0.4,--,--
2018,Sergipe,Rural,Privada,96.2,97.3,92.2,100,99.4,96.7,98.6,91.5,96.5,85.9,92.3,94.4,--,--,--,--,--,--,3.6,2.4,7.8,0,0,3.3,1.4,7.8,3.5,14.1,7.7,5.6,--,--,--,--,--,--,0.2,0.3,0,0,0.6,0,0,0.7,0,0,0,0,--,--,--,--,--,--
2018,Sergipe,Total,Pública,79.8,85.6,72.6,98.6,97,77.3,77.8,84.2,65.4,71.1,77,83.1,77.7,67.9,80.6,89.2,--,--,17,12.8,22.2,0.4,2.2,21.2,20.3,13.4,28.9,24.1,18.2,11.6,12.1,18.6,9.9,4.8,--,--,3.2,1.6,5.2,1,0.8,1.5,1.9,2.4,5.7,4.8,4.8,5.3,10.2,13.5,9.5,6,--,--
2018,Sergipe,Urbana,Pública,79.4,86.2,72.6,98.5,96.5,77.4,79.4,85.6,65.8,70.9,76.3,82.9,77.6,67.8,80.5,88.9,--,--,17.3,12.2,22.4,0.4,2.6,21,18.8,12.1,28.5,24.6,19,12,12.3,18.9,10.1,5,--,--,3.3,1.6,5,1.1,0.9,1.6,1.8,2.3,5.7,4.5,4.7,5.1,10.1,13.3,9.4,6.1,--,--
2018,Sergipe,Rural,Pública,80.5,84.7,72.7,98.8,97.8,77.2,75,81.6,64.1,71.8,79.2,83.9,79.3,68.9,82.7,92.9,--,--,16.5,13.8,21.6,0.4,1.6,21.6,22.9,15.8,30.1,22.5,15.5,10.3,9.8,15.8,7.3,2.4,--,--,3,1.5,5.7,0.8,0.6,1.2,2.1,2.6,5.8,5.7,5.3,5.8,10.9,15.3,10,4.7,--,--
2018,Bahia,Total,Total,84.3,89.4,78.1,97.3,96.6,81.4,86.2,88.3,73.6,75.9,80.5,84.5,74.4,65,77.4,84.1,72.8,70.3,12.4,9,16.6,1.3,2.3,16.9,11.8,9.6,20.2,18.6,14.7,11.1,16.6,23.1,14.3,9.5,20.4,24.3,3.3,1.6,5.3,1.4,1.1,1.7,2,2.1,6.2,5.5,4.8,4.4,9,11.9,8.3,6.4,6.8,5.4
2018,Bahia,Urbana,Total,84.8,90.7,78.3,97.2,96.7,83.2,88.5,90,74.6,76.1,80.4,83.9,74.1,64.7,77.2,83.8,71.6,70.2,12,7.8,16.7,1.5,2.3,15.3,9.7,8.2,19.6,18.8,15.1,12,16.9,23.3,14.5,9.7,21.5,24.5,3.2,1.5,5,1.3,1,1.5,1.8,1.8,5.8,5.1,4.5,4.1,9,12,8.3,6.5,6.9,5.3
2018,Bahia,Rural,Total,82.8,86.3,77.3,97.6,96.5,77.2,81,84.4,70.4,75.4,80.8,86.8,79,69.6,81,88.4,95.1,75.5,13.4,11.6,16.2,0.9,2.3,20.7,16.4,12.9,22.3,18,13,7.9,12.6,19.1,11,6.3,1,18.6,3.8,2.1,6.5,1.5,1.2,2.1,2.6,2.7,7.3,6.6,6.2,5.3,8.4,11.3,8,5.3,3.9,5.9
2018,Bahia,Total,Federal,96.6,--,96.6,--,--,--,--,--,100,96.4,92.4,98.2,82.9,74.7,86.8,91.1,90.1,--,3.4,--,3.4,--,--,--,--,--,0,3.6,7.6,1.8,14.2,21.1,11.9,6.9,7,--,0,--,0,--,--,--,--,--,0,0,0,0,2.9,4.2,1.3,2,2.9,--
2018,Bahia,Urbana,Federal,96.6,--,96.6,--,--,--,--,--,100,96.4,92.4,98.2,81.7,73.1,85.7,90,90.1,--,3.4,--,3.4,--,--,--,--,--,0,3.6,7.6,1.8,15.2,22.4,13,7.6,7,--,0,--,0,--,--,--,--,--,0,0,0,0,3.1,4.5,1.3,2.4,2.9,--
2018,Bahia,Rural,Federal,--,--,--,--,--,--,--,--,--,--,--,--,91.8,87.1,93.2,96.5,--,--,--,--,--,--,--,--,--,--,--,--,--,--,6.8,10.7,5.2,3.3,--,--,--,--,--,--,--,--,--,--,--,--,--,--,1.4,2.2,1.6,0.2,--,--
2018,Bahia,Total,Estadual,72.4,82.9,72.2,97.8,97.5,71.8,79.5,80.1,67.5,70.5,74.3,76.1,72.1,62,75.3,82.4,69,70.3,22.7,15.4,22.9,1.5,1.7,25.8,18.7,17.8,27,24.7,21,19.2,18,24.8,15.5,10.5,23.5,24.4,4.9,1.7,4.9,0.7,0.8,2.4,1.8,2.1,5.5,4.8,4.7,4.7,9.9,13.2,9.2,7.1,7.5,5.3
2018,Bahia,Urbana,Estadual,72.3,82.8,72.2,96.8,96.6,70.9,81.2,82.6,67.6,70.5,74.3,76.1,71.9,61.7,75.1,82.1,68.5,70.1,22.8,16,22.9,2.6,3.4,27.1,17.9,15.9,26.9,24.7,21.1,19.3,18.2,25,15.6,10.7,23.9,24.5,4.9,1.2,4.9,0.6,0,2,0.9,1.5,5.5,4.8,4.6,4.6,9.9,13.3,9.3,7.2,7.6,5.4
2018,Bahia,Rural,Estadual,74.1,83.1,71.4,98.4,98,72.5,76.1,74.7,63.8,70.1,74.3,76,76.3,66.3,78.7,86.6,93,75.5,20.4,14.6,22.2,1,0.7,24.7,20.5,21.9,29.2,24.3,18.6,18,14.4,21.4,12.4,7.2,2.7,18.6,5.5,2.3,6.4,0.6,1.3,2.8,3.4,3.4,7,5.6,7.1,6,9.3,12.3,8.9,6.2,4.3,5.9
2018,Bahia,Total,Municipal,82.8,87.3,76.5,97.2,96.1,77.8,83.7,86.3,71.1,74.1,79.5,85,77.7,65.7,80.6,91.2,89.6,--,13.4,10.7,17.2,1.2,2.6,20.2,13.9,11.2,21.6,19.4,14.8,9.9,9.6,16.2,8,2.5,0,--,3.8,2,6.3,1.6,1.3,2,2.4,2.5,7.3,6.5,5.7,5.1,12.7,18.1,11.4,6.3,10.4,--
2018,Bahia,Urbana,Municipal,82.8,87.9,76.1,96.9,95.9,78.2,85.3,87.5,71.4,73.5,78.9,84,71.3,57.7,74,87.2,100,--,13.4,10.1,17.7,1.4,2.8,19.8,12.3,10.2,21.3,20.1,15.6,11,12.5,21,9.9,2.7,0,--,3.8,2,6.2,1.7,1.3,2,2.4,2.3,7.3,6.4,5.5,5,16.2,21.3,16.1,10.1,0,--
2018,Bahia,Rural,Municipal,82.9,86.3,77.3,97.6,96.5,77.1,81,84.4,70.3,75.4,80.9,87.2,82.3,72,85.3,93.5,78,--,13.4,11.7,16.1,0.9,2.3,20.8,16.5,12.9,22.3,17.9,12.9,7.5,7.5,12.5,6.7,2.4,0,--,3.7,2,6.6,1.5,1.2,2.1,2.5,2.7,7.4,6.7,6.2,5.3,10.2,15.5,8,4.1,22,--
2018,Bahia,Total,Privada,97.4,98.3,95.7,98,98.5,98.4,98.4,98.4,96,95,95.7,95.9,95.2,92.3,95.7,98.1,98.4,100,2.3,1.4,4.1,1.6,1.2,1.4,1.4,1.4,3.7,4.7,4.1,3.8,4.1,6.8,3.7,1.5,0.4,0,0.3,0.3,0.2,0.4,0.3,0.2,0.2,0.2,0.3,0.3,0.2,0.3,0.7,0.9,0.6,0.4,1.2,0
2018,Bahia,Urbana,Privada,97.4,98.3,95.8,98,98.5,98.4,98.4,98.4,96.1,95.1,95.8,95.9,95.3,92.5,95.8,98.2,96.2,100,2.3,1.4,4,1.6,1.2,1.4,1.4,1.4,3.6,4.6,3.9,3.8,4.1,6.8,3.6,1.5,1.3,0,0.3,0.3,0.2,0.4,0.3,0.2,0.2,0.2,0.3,0.3,0.3,0.3,0.6,0.7,0.6,0.3,2.5,0
2018,Bahia,Rural,Privada,93.8,97,89.6,99.5,97.8,97.1,95.2,95.2,87.6,89.4,88.7,94.6,93.2,88.7,92.6,97.2,98.9,--,5.4,2.8,8.8,0.5,1.7,2.6,4.6,4.8,10.2,8.7,10.6,3.7,4,6.7,4.5,1.4,0.3,--,0.8,0.2,1.6,0,0.5,0.3,0.2,0,2.2,1.9,0.7,1.7,2.8,4.6,2.9,1.4,0.8,--
2018,Bahia,Total,Pública,81.8,87.3,75.6,97.2,96.1,77.8,83.7,86.3,70.5,73.4,78.4,82.8,72.4,62.4,75.6,82.6,71.8,70.3,14.3,10.7,18.4,1.2,2.6,20.2,13.9,11.2,22.5,20.4,16.2,12.2,17.8,24.6,15.3,10.4,21.2,24.4,3.9,2,6,1.6,1.3,2,2.4,2.5,7,6.2,5.4,5,9.8,13,9.1,7,7,5.3
2018,Bahia,Urbana,Pública,81.4,87.9,75.1,96.9,95.9,78.2,85.3,87.4,70.6,72.7,77.6,81.6,72.1,62.1,75.3,82.3,71.4,70.1,14.7,10.1,19.1,1.4,2.8,19.8,12.4,10.2,22.5,21.2,17.2,13.6,18.1,24.9,15.6,10.6,21.6,24.5,3.9,2,5.8,1.7,1.3,2,2.3,2.4,6.9,6.1,5.2,4.8,9.8,13,9.1,7.1,7,5.4
2018,Bahia,Rural,Pública,82.8,86.2,77.2,97.6,96.5,77.1,81,84.3,70.2,75.3,80.7,86.8,77.6,67.9,79.9,87.7,89.4,75.5,13.5,11.7,16.3,0.9,2.3,20.8,16.5,13,22.4,18.1,13.1,7.9,13.5,20.2,11.6,6.6,2,18.6,3.7,2.1,6.5,1.5,1.2,2.1,2.5,2.7,7.4,6.6,6.2,5.3,8.9,11.9,8.5,5.7,8.6,5.9
2018,Sudeste,Total,Total,94.2,96.6,91.1,98.1,98,93.4,96.7,97.2,90.1,90.8,91.8,91.8,85.3,78.2,86.6,92.4,91.7,90.2,5,3,7.4,1.5,1.7,6.3,3,2.5,8.6,7.8,6.7,6.4,10.1,15.4,9.2,4.8,4,8.2,0.8,0.4,1.5,0.4,0.3,0.3,0.3,0.3,1.3,1.4,1.5,1.8,4.6,6.4,4.2,2.8,4.3,1.6
2018,Sudeste,Urbana,Total,94.3,96.7,91.2,98.1,98.1,93.5,96.9,97.3,90.3,90.9,91.9,91.8,85.2,78,86.5,92.4,91.6,90.1,4.9,2.9,7.3,1.4,1.6,6.2,2.8,2.4,8.4,7.7,6.6,6.4,10.2,15.5,9.2,4.8,4.1,8.3,0.8,0.4,1.5,0.5,0.3,0.3,0.3,0.3,1.3,1.4,1.5,1.8,4.6,6.5,4.3,2.8,4.3,1.6
2018,Sudeste,Rural,Total,92.4,94.6,88.3,96.8,96.6,89.8,94.5,95.5,85,87,90,92.3,89.6,84.4,90.2,95.1,95.1,92.5,6.8,5.1,10,2.8,3.1,9.8,5.2,4.1,13.5,11.5,8.2,5.6,7.2,10.9,6.7,3.1,3,6.4,0.8,0.3,1.7,0.4,0.3,0.4,0.3,0.4,1.5,1.5,1.8,2.1,3.2,4.7,3.1,1.8,1.9,1.1
2018,Sudeste,Total,Federal,94,96.3,92.4,95.8,95,97.4,96.3,96.9,91.3,92.8,92.6,93,89.2,84.9,89.6,95.1,91.4,87.9,5.7,3.6,7.2,4.1,5,2.5,3.7,3.1,8.4,7,7.1,6.6,9.7,13.6,9.4,4.2,7.2,10.6,0.3,0.1,0.4,0.1,0,0.1,0,0,0.3,0.2,0.3,0.4,1.1,1.5,1,0.7,1.4,1.5
2018,Sudeste,Urbana,Federal,94,96.3,92.4,95.8,95,97.4,96.3,96.9,91.3,92.8,92.6,93,89.2,85.1,89.4,95.3,91.2,87.9,5.7,3.6,7.2,4.1,5,2.5,3.7,3.1,8.4,7,7.1,6.6,9.6,13.5,9.6,4,7.3,10.6,0.3,0.1,0.4,0.1,0,0.1,0,0,0.3,0.2,0.3,0.4,1.2,1.4,1,0.7,1.5,1.5
2018,Sudeste,Rural,Federal,--,--,--,--,--,--,--,--,--,--,--,--,89,83.8,90.7,94,97.9,--,--,--,--,--,--,--,--,--,--,--,--,--,9.8,14.5,8.5,5.3,2.1,--,--,--,--,--,--,--,--,--,--,--,--,--,1.2,1.7,0.8,0.7,0,--
2018,Sudeste,Total,Estadual,93,98.7,90.4,98.8,99.4,97.2,99.1,99.1,89.7,91.3,91.3,89.2,83.3,75.3,84.7,91.2,92.5,88.2,5.6,0.8,7.7,0.5,0.3,2.4,0.5,0.5,8.7,7.1,6.8,8.3,11.3,17.1,10.2,5.5,3.1,9.7,1.4,0.5,1.9,0.7,0.3,0.4,0.4,0.4,1.6,1.6,1.9,2.5,5.4,7.6,5.1,3.3,4.4,2.1
2018,Sudeste,Urbana,Estadual,93,98.7,90.4,98.8,99.4,97.2,99.1,99.1,89.8,91.3,91.3,89.1,83.1,75.1,84.6,91.1,92.4,86,5.6,0.8,7.7,0.5,0.3,2.4,0.5,0.5,8.7,7,6.8,8.3,11.4,17.2,10.3,5.6,3.1,11.4,1.4,0.5,1.9,0.7,0.3,0.4,0.4,0.4,1.5,1.7,1.9,2.6,5.5,7.7,5.1,3.3,4.5,2.6
2018,Sudeste,Rural,Estadual,92.8,98.4,90.2,99.3,99.2,97,98.6,98,88.5,90.1,91.1,91.3,89.3,83.9,89.7,95.2,93.2,92.5,5.9,1.3,8,0.5,0.6,2.5,1,1.4,10.2,8.5,6.9,6.2,7,10.8,6.7,2.8,3.2,6.4,1.3,0.3,1.8,0.2,0.2,0.5,0.4,0.6,1.3,1.4,2,2.5,3.7,5.3,3.6,2,3.6,1.1
2018,Sudeste,Total,Municipal,93.5,95.3,88.9,97.8,97.3,90.5,95.3,96.1,86.7,86.8,89.8,93.3,90.9,87.7,90.2,95.1,85.1,--,5.8,4.3,9.5,1.8,2.4,9.1,4.3,3.5,11.7,11.5,8.7,5.3,7.2,10.1,7.9,3.7,0,--,0.7,0.4,1.6,0.4,0.3,0.4,0.4,0.4,1.6,1.7,1.5,1.4,1.9,2.2,1.9,1.2,14.9,--
2018,Sudeste,Urbana,Municipal,93.6,95.4,89,97.9,97.4,90.7,95.4,96.2,87,87,89.8,93.3,91,87.7,90.3,95.1,85.1,--,5.7,4.2,9.4,1.7,2.3,9,4.2,3.4,11.4,11.3,8.7,5.3,7.2,10,7.9,3.7,0,--,0.7,0.4,1.6,0.4,0.3,0.3,0.4,0.4,1.6,1.7,1.5,1.4,1.8,2.3,1.8,1.2,14.9,--
2018,Sudeste,Rural,Municipal,92.2,94.1,86.8,96.6,96.3,88.8,93.9,95.1,82.4,84.8,89,92.8,88.7,85.7,85.2,97.9,--,--,7.1,5.5,11.5,3,3.4,10.7,5.8,4.5,15.9,13.6,9.2,5.3,7.7,11.6,8.2,1.1,--,--,0.7,0.4,1.7,0.4,0.3,0.5,0.3,0.4,1.7,1.6,1.8,1.9,3.6,2.7,6.6,1,--,--
2018,Sudeste,Total,Privada,98,98.8,97,98.3,98.9,98.8,98.9,98.9,97.5,96.7,96.8,96.9,96.1,93.5,96.6,98.6,78.1,96.3,1.9,1.1,2.9,1.5,1,1.2,1,1.1,2.5,3.2,3.2,3,3.7,6.2,3.2,1.3,13.2,2.4,0.1,0.1,0.1,0.2,0.1,0,0.1,0,0,0.1,0,0.1,0.2,0.3,0.2,0.1,8.7,1.3
2018,Sudeste,Urbana,Privada,98,98.8,97,98.3,99,98.8,98.9,98.9,97.5,96.8,96.8,96.9,96.1,93.5,96.6,98.7,71.5,96.3,1.9,1.1,2.9,1.5,1,1.2,1,1.1,2.4,3.2,3.1,3,3.7,6.2,3.2,1.2,16.8,2.4,0.1,0.1,0.1,0.2,0,0,0.1,0,0.1,0,0.1,0.1,0.2,0.3,0.2,0.1,11.7,1.3
2018,Sudeste,Rural,Privada,96.3,97.7,94.3,96.5,97.3,98.3,98.6,97.9,94.7,93.7,94,94.8,94,91.1,95.2,96,97.1,--,3.5,2.2,5.3,3.3,2.6,1.6,1.4,2.1,4.8,5.8,5.6,4.9,4.6,6.3,4,3.3,2.9,--,0.2,0.1,0.4,0.2,0.1,0.1,0,0,0.5,0.5,0.4,0.3,1.4,2.6,0.8,0.7,0,--
2018,Sudeste,Total,Pública,93.3,96.1,89.8,98,97.8,92,96.2,96.8,88.5,89.5,90.7,90.6,83.5,75.6,84.9,91.3,92.3,88,5.7,3.5,8.4,1.5,1.9,7.6,3.4,2.8,9.9,8.8,7.5,7.2,11.2,17,10.2,5.5,3.7,10.3,1,0.4,1.8,0.5,0.3,0.4,0.4,0.4,1.6,1.7,1.8,2.2,5.3,7.4,4.9,3.2,4,1.7
2018,Sudeste,Urbana,Pública,93.3,96.2,89.9,98.1,97.8,92.2,96.3,96.9,88.6,89.6,90.7,90.6,83.3,75.4,84.8,91.2,92.2,87.5,5.6,3.4,8.3,1.4,1.8,7.5,3.3,2.7,9.8,8.7,7.5,7.3,11.3,17.1,10.2,5.5,3.7,10.8,1.1,0.4,1.8,0.5,0.4,0.3,0.4,0.4,1.6,1.7,1.8,2.1,5.4,7.5,5,3.3,4.1,1.7
2018,Sudeste,Rural,Pública,92.3,94.5,88,96.9,96.6,89.6,94.3,95.4,84.6,86.7,89.8,92.2,89.3,83.9,89.8,95.1,94,92.5,6.9,5.2,10.2,2.8,3.1,10,5.3,4.2,13.9,11.7,8.3,5.6,7.4,11.3,6.9,3.1,3,6.4,0.8,0.3,1.8,0.3,0.3,0.4,0.4,0.4,1.5,1.6,1.9,2.2,3.3,4.8,3.3,1.8,3,1.1
2018,Minas Gerais,Total,Total,93.2,98,87.3,99.3,99,95.9,98.3,97.5,86,86.4,88.1,89.1,80,70.9,83,88.8,92.5,82.5,5.7,1.8,10.5,0.5,0.9,3.9,1.5,2.2,12.3,11.5,9.6,8.3,12.2,18.5,10,6.5,3,10.8,1.1,0.2,2.2,0.2,0.1,0.2,0.2,0.3,1.7,2.1,2.3,2.6,7.8,10.6,7,4.7,4.5,6.7
2018,Minas Gerais,Urbana,Total,93,98,87.2,99.3,99,95.9,98.3,97.6,86,86.3,87.9,88.9,79.8,70.6,82.8,88.6,92.4,82.5,5.9,1.8,10.6,0.5,0.9,3.9,1.5,2.2,12.3,11.5,9.7,8.5,12.4,18.7,10.1,6.6,3,10.8,1.1,0.2,2.2,0.2,0.1,0.2,0.2,0.2,1.7,2.2,2.4,2.6,7.8,10.7,7.1,4.8,4.6,6.7
2018,Minas Gerais,Rural,Total,94.9,97.8,89.1,99.2,99,96.1,97.9,97,86.2,87.8,90.4,92.5,87.5,81.1,88.9,93.9,93.2,--,4.2,1.9,8.7,0.5,0.8,3.6,1.8,2.7,12.2,10.2,7.1,4.8,7.5,11.6,6.4,3.6,3.2,--,0.9,0.3,2.2,0.3,0.2,0.3,0.3,0.3,1.6,2,2.5,2.7,5,7.3,4.7,2.5,3.6,--
2018,Minas Gerais,Total,Federal,96.6,97.2,96.3,100,96.2,97.6,98.1,94.3,95.1,96.4,96.5,97,89.8,83.8,92,95.6,95.4,88.4,3.3,2.8,3.6,0,3.8,2.4,1.9,5.7,4.9,3.6,3.1,3,9.1,14.6,7.4,3.8,0.6,8,0.1,0,0.1,0,0,0,0,0,0,0,0.4,0,1.1,1.6,0.6,0.6,4,3.6
2018,Minas Gerais,Urbana,Federal,96.6,97.2,96.3,100,96.2,97.6,98.1,94.3,95.1,96.4,96.5,97,89.7,83.6,91.4,96,95.4,88.4,3.3,2.8,3.6,0,3.8,2.4,1.9,5.7,4.9,3.6,3.1,3,9.2,14.9,8,3.3,0.6,8,0.1,0,0.1,0,0,0,0,0,0,0,0.4,0,1.1,1.5,0.6,0.7,4,3.6
2018,Minas Gerais,Rural,Federal,--,--,--,--,--,--,--,--,--,--,--,--,90.3,84.4,93.6,94.3,--,--,--,--,--,--,--,--,--,--,--,--,--,--,8.6,13.6,5.7,5.3,--,--,--,--,--,--,--,--,--,--,--,--,--,--,1.1,2,0.7,0.4,--,--
2018,Minas Gerais,Total,Estadual,90.1,99.5,85.2,99.7,99.6,99.4,99.5,99.2,83.9,84.5,85.9,86.8,78,68.4,81.3,87.4,92.4,38,7.9,0.3,11.9,0.1,0.2,0.3,0.2,0.4,13.8,12.7,11.1,9.7,13.2,19.7,10.7,7.2,3,32.9,2,0.2,2.9,0.2,0.2,0.3,0.3,0.4,2.3,2.8,3,3.5,8.8,11.9,8,5.4,4.6,29.1
2018,Minas Gerais,Urbana,Estadual,90.1,99.5,85.1,99.7,99.6,99.4,99.6,99.3,83.8,84.4,85.8,86.7,77.8,68.2,81.1,87.3,92.4,38,8,0.2,12,0.1,0.2,0.3,0.2,0.4,13.9,12.8,11.2,9.8,13.3,19.9,10.8,7.3,3,32.9,1.9,0.3,2.9,0.2,0.2,0.3,0.2,0.3,2.3,2.8,3,3.5,8.9,11.9,8.1,5.4,4.6,29.1
2018,Minas Gerais,Rural,Estadual,92.5,98.7,88,99.7,98.8,98.5,98.9,98,85.7,87.8,88.6,90.3,86.2,79.2,87,93.7,93.2,--,5.7,0.7,9.2,0,0.9,0.8,0.6,1.2,12.3,9.8,8.1,6.3,7.3,11.4,6.7,3.1,3.2,--,1.8,0.6,2.8,0.3,0.3,0.7,0.5,0.8,2,2.4,3.3,3.4,6.5,9.4,6.3,3.2,3.6,--
2018,Minas Gerais,Total,Municipal,94.7,97,88.4,99,98.6,93.7,97.5,96.4,86.3,86.7,89.8,91.6,89.9,83.9,89.4,96.8,--,--,4.8,2.8,10.1,0.8,1.2,6.1,2.3,3.4,12.4,11.7,8.5,6.9,7.7,12.6,8.3,1.9,--,--,0.5,0.2,1.5,0.2,0.2,0.2,0.2,0.2,1.3,1.6,1.7,1.5,2.4,3.5,2.3,1.3,--,--
2018,Minas Gerais,Urbana,Municipal,94.6,96.9,88.2,99,98.5,93.4,97.4,96.3,86.3,86.6,89.6,91.2,90.2,84.2,89.7,96.7,--,--,4.9,2.9,10.3,0.8,1.3,6.4,2.4,3.4,12.5,11.8,8.9,7.3,7.4,12.1,8,1.9,--,--,0.5,0.2,1.5,0.2,0.2,0.2,0.2,0.3,1.2,1.6,1.5,1.5,2.4,3.7,2.3,1.4,--,--
2018,Minas Gerais,Rural,Municipal,95.6,97.7,89.7,99.1,99,95.8,97.8,96.9,86.4,87.7,91.5,93.9,82.2,77,79,100,--,--,3.8,2.1,8.4,0.6,0.8,4,2,2.9,12.2,10.4,6.3,3.9,14.8,21.6,14.5,0,--,--,0.6,0.2,1.9,0.3,0.2,0.2,0.2,0.2,1.4,1.9,2.2,2.2,3,1.4,6.5,0,--,--
2018,Minas Gerais,Total,Privada,98.1,99.3,96.4,99.6,99.5,99.1,99.1,99.1,97.1,96.3,96.2,95.8,95.2,92.5,95.8,97.8,94,95.8,1.9,0.7,3.5,0.4,0.5,0.9,0.9,0.9,2.9,3.6,3.7,4.1,4.5,7.2,3.9,2,0,4.2,0,0,0.1,0,0,0,0,0,0,0.1,0.1,0.1,0.3,0.3,0.3,0.2,6,0
2018,Minas Gerais,Urbana,Privada,98.1,99.3,96.4,99.6,99.5,99.1,99.1,99.1,97.2,96.3,96.3,95.8,95.3,92.6,95.9,97.8,94,95.8,1.9,0.7,3.5,0.4,0.5,0.9,0.9,0.9,2.8,3.6,3.7,4.1,4.5,7.3,3.9,2,0,4.2,0,0,0.1,0,0,0,0,0,0,0.1,0,0.1,0.2,0.1,0.2,0.2,6,0
2018,Minas Gerais,Rural,Privada,94.3,99.6,91.2,100,100,100,100,97.3,94.7,90.6,88.2,92.1,92.4,89.8,93.5,94.1,--,--,4.4,0.4,6.7,0,0,0,0,2.7,5.3,6.3,8.8,5.8,4.5,4.2,4.9,4.4,--,--,1.3,0,2.1,0,0,0,0,0,0,3.1,3,2.1,3.1,6,1.6,1.5,--,--
2018,Minas Gerais,Total,Pública,92.5,97.8,86.2,99.2,98.9,95.4,98.1,97.3,84.7,85.2,87.1,88.2,78.5,68.9,81.7,87.8,92.5,80.7,6.3,2,11.3,0.6,0.9,4.4,1.6,2.4,13.4,12.4,10.3,8.9,13,19.5,10.6,7,3,11.8,1.2,0.2,2.5,0.2,0.2,0.2,0.3,0.3,1.9,2.4,2.6,2.9,8.5,11.6,7.7,5.2,4.5,7.5
2018,Minas Gerais,Urbana,Pública,92.3,97.8,86,99.2,98.9,95.4,98.2,97.4,84.6,85,86.8,87.9,78.2,68.6,81.5,87.6,92.4,80.7,6.5,2,11.5,0.6,1,4.4,1.6,2.4,13.4,12.5,10.5,9.1,13.2,19.7,10.7,7.1,3,11.8,1.2,0.2,2.5,0.2,0.1,0.2,0.2,0.2,2,2.5,2.7,3,8.6,11.7,7.8,5.3,4.6,7.5
2018,Minas Gerais,Rural,Pública,94.9,97.8,89.1,99.2,99,96.1,97.9,97,86.1,87.8,90.4,92.5,87.1,80.5,88.5,93.9,93.2,--,4.2,1.9,8.7,0.5,0.8,3.6,1.8,2.7,12.2,10.2,7,4.8,7.7,12,6.5,3.6,3.2,--,0.9,0.3,2.2,0.3,0.2,0.3,0.3,0.3,1.7,2,2.6,2.7,5.2,7.5,5,2.5,3.6,--
2018,Espírito Santo,Total,Total,90.7,94.3,86,98.5,97.9,88.8,92.4,94.6,83.1,84.2,86.8,91.8,85.1,77.5,86.3,94.2,93.3,99.1,8.6,5.4,12.8,1.2,2,10.9,7.2,5,15.6,14.7,12.1,7.2,12.1,18.9,11,4,4.5,0,0.7,0.3,1.2,0.3,0.1,0.3,0.4,0.4,1.3,1.1,1.1,1,2.8,3.6,2.7,1.8,2.2,0.9
2018,Espírito Santo,Urbana,Total,90.6,94.3,85.9,98.5,97.8,89.2,92.4,94.5,83.1,84,86.6,91.5,84.9,77.2,86.2,94.2,92.6,99.1,8.7,5.3,12.9,1.2,2.1,10.5,7.2,5,15.6,14.8,12.3,7.4,12.2,19.2,11.1,4,4.8,0,0.7,0.4,1.2,0.3,0.1,0.3,0.4,0.5,1.3,1.2,1.1,1.1,2.9,3.6,2.7,1.8,2.6,0.9
2018,Espírito Santo,Rural,Total,91.4,93.7,87.5,98.4,98.6,85.8,92.4,95,83.3,85.4,89,94.4,89.6,84.9,89.3,95.1,97.3,--,8,6.1,11.3,1.4,1.2,14,7.4,4.8,15.3,13.4,9.8,4.7,8.9,13,9.5,3.7,2.7,--,0.6,0.2,1.2,0.2,0.2,0.2,0.2,0.2,1.4,1.2,1.2,0.9,1.5,2.1,1.2,1.2,0,--
2018,Espírito Santo,Total,Federal,--,--,--,--,--,--,--,--,--,--,--,--,88.4,85.4,85.2,93.2,92.3,99.1,--,--,--,--,--,--,--,--,--,--,--,--,10.2,13.7,13.2,5.4,5,0,--,--,--,--,--,--,--,--,--,--,--,--,1.4,0.9,1.6,1.4,2.7,0.9
2018,Espírito Santo,Urbana,Federal,--,--,--,--,--,--,--,--,--,--,--,--,88.6,85.6,85.5,93.2,92,99.1,--,--,--,--,--,--,--,--,--,--,--,--,9.9,13.5,12.8,5.4,5.1,0,--,--,--,--,--,--,--,--,--,--,--,--,1.5,0.9,1.7,1.4,2.9,0.9
2018,Espírito Santo,Rural,Federal,--,--,--,--,--,--,--,--,--,--,--,--,87.3,84.7,84,93,97.9,--,--,--,--,--,--,--,--,--,--,--,--,--,11.5,14.2,14.9,5.5,2.1,--,--,--,--,--,--,--,--,--,--,--,--,--,1.2,1.1,1.1,1.5,0,--
2018,Espírito Santo,Total,Estadual,88.1,94.6,85,98.3,99,89.8,92.9,95.1,83.3,82.7,85.6,89.2,83.1,74.8,84.9,93.4,94.4,--,10.8,5.2,13.5,1.3,0.9,9.9,6.8,4.6,15.3,15.8,12.8,9.2,13.6,21,11.9,4.5,3.7,--,1.1,0.2,1.5,0.4,0.1,0.3,0.3,0.3,1.4,1.5,1.6,1.6,3.3,4.2,3.2,2.1,1.9,--
2018,Espírito Santo,Urbana,Estadual,87.7,94.3,84.9,98.3,98.9,89.5,92.4,94.9,83.1,82.6,85.4,89,83,74.7,84.8,93.3,94.4,--,11.1,5.4,13.6,1.3,1,10.1,7.3,4.8,15.4,15.9,13,9.3,13.7,21.1,12,4.5,3.7,--,1.2,0.3,1.5,0.4,0.1,0.4,0.3,0.3,1.5,1.5,1.6,1.7,3.3,4.2,3.2,2.2,1.9,--
2018,Espírito Santo,Rural,Estadual,92.1,96.3,87.8,98.6,99.6,91.5,96.3,96.5,85.7,85.2,88.9,92.6,89,81.3,90.4,97,--,--,7.6,3.6,11.7,1.4,0.4,8.3,3.5,3.4,14.1,14.1,10.4,7.2,9.3,16.1,8.3,2,--,--,0.3,0.1,0.5,0,0,0.2,0.2,0.1,0.2,0.7,0.7,0.2,1.7,2.6,1.3,1,--,--
2018,Espírito Santo,Total,Municipal,90,93.3,84.3,98.3,97.3,87,91.1,93.7,80.4,82.3,85.2,92.4,91.7,100,90,84.6,--,--,9.3,6.4,14.5,1.4,2.5,12.7,8.4,5.8,18.1,16.5,13.7,6.7,5.6,0,10,7.7,--,--,0.7,0.3,1.2,0.3,0.2,0.3,0.5,0.5,1.5,1.2,1.1,0.9,2.7,0,0,7.7,--,--
2018,Espírito Santo,Urbana,Municipal,89.8,93.3,83.9,98.3,97.1,87.3,91,93.5,80.2,82,84.7,92.1,--,--,--,--,--,--,9.5,6.3,14.9,1.4,2.7,12.4,8.5,5.9,18.3,16.9,14.2,7.1,--,--,--,--,--,--,0.7,0.4,1.2,0.3,0.2,0.3,0.5,0.6,1.5,1.1,1.1,0.8,--,--,--,--,--,--
2018,Espírito Santo,Rural,Municipal,91.2,93.3,87.1,98.3,98.4,85,91.8,94.8,82.3,85.2,88.8,94.7,91.7,100,90,84.6,--,--,8.1,6.5,11.5,1.4,1.4,14.8,8,5,16.1,13.5,9.8,4.1,5.6,0,10,7.7,--,--,0.7,0.2,1.4,0.3,0.2,0.2,0.2,0.2,1.6,1.3,1.4,1.2,2.7,0,0,7.7,--,--
2018,Espírito Santo,Total,Privada,98.3,99.6,96.6,99.9,99.9,99.2,99.5,99.3,96.9,96.6,96.6,96.3,96,93,96.1,99,97.1,--,1.6,0.4,3.3,0,0.1,0.8,0.5,0.7,3,3.3,3.4,3.7,3.8,6.7,3.7,1,2.9,--,0.1,0,0.1,0.1,0,0,0,0,0.1,0.1,0,0,0.2,0.3,0.2,0,0,--
2018,Espírito Santo,Urbana,Privada,98.4,99.6,96.7,99.9,99.9,99.2,99.5,99.3,97.1,96.8,96.7,96.3,96.2,93.1,96.3,99.3,--,--,1.6,0.4,3.3,0,0.1,0.8,0.5,0.7,2.9,3.2,3.3,3.7,3.7,6.7,3.6,0.7,--,--,0,0,0,0.1,0,0,0,0,0,0,0,0,0.1,0.2,0.1,0,--,--
2018,Espírito Santo,Rural,Privada,92.2,--,92.2,--,--,--,--,--,91,90.4,91.9,96.9,93.8,91.6,94.4,94.1,97.1,--,6.3,--,6.3,--,--,--,--,--,5.9,7.9,7.6,3.1,4.8,5.9,4.2,5.1,2.9,--,1.5,--,1.5,--,--,--,--,--,3.1,1.7,0.5,0,1.4,2.5,1.4,0.8,0,--
2018,Espírito Santo,Total,Pública,89.6,93.5,84.6,98.3,97.5,87.3,91.3,93.9,81.4,82.5,85.3,91.1,83.6,75.6,84.9,93.4,92.8,99.1,9.7,6.2,14.1,1.4,2.3,12.3,8.2,5.6,17.2,16.3,13.3,7.8,13.3,20.5,12,4.5,4.7,0,0.7,0.3,1.3,0.3,0.2,0.4,0.5,0.5,1.4,1.2,1.4,1.1,3.1,3.9,3.1,2.1,2.5,0.9
2018,Espírito Santo,Urbana,Pública,89.3,93.4,84.3,98.3,97.3,87.6,91.2,93.8,81.2,82.2,85,90.7,83.4,75.3,84.8,93.3,92.6,99.1,9.9,6.2,14.4,1.4,2.5,12,8.3,5.7,17.3,16.5,13.7,8.1,13.4,20.6,12.1,4.6,4.8,0,0.8,0.4,1.3,0.3,0.2,0.4,0.5,0.5,1.5,1.3,1.3,1.2,3.2,4.1,3.1,2.1,2.6,0.9
2018,Espírito Santo,Rural,Pública,91.4,93.7,87.2,98.4,98.6,85.8,92.4,95,83,85.2,88.8,94.3,88.3,82.8,87.8,95.3,97.9,--,8.1,6.1,11.6,1.4,1.2,14,7.4,4.8,15.7,13.7,9.9,4.8,10.2,15.2,11,3.4,2.1,--,0.5,0.2,1.2,0.2,0.2,0.2,0.2,0.2,1.3,1.1,1.3,0.9,1.5,2,1.2,1.3,0,--
2018,Rio de Janeiro,Total,Total,89.3,91.6,86.5,93.4,94.7,86.1,91,93.5,84.7,84.4,87.1,90.1,81.6,73.7,83,91.3,82.1,90.7,9.4,7.6,11.7,5.6,4.7,13.1,8.3,5.6,13.2,13.6,11.1,8.2,14.1,20.6,13,6.4,14.2,8,1.3,0.8,1.8,1,0.6,0.8,0.7,0.9,2.1,2,1.8,1.7,4.3,5.7,4,2.3,3.7,1.3
2018,Rio de Janeiro,Urbana,Total,89.6,91.9,86.7,93.6,95,86.6,91.3,93.8,85.2,84.7,87.3,90.2,81.5,73.6,82.9,91.2,82.1,90.7,9.1,7.3,11.4,5.3,4.3,12.5,7.9,5.4,12.7,13.3,11,8.1,14.2,20.7,13,6.4,14.2,8,1.3,0.8,1.9,1.1,0.7,0.9,0.8,0.8,2.1,2,1.7,1.7,4.3,5.7,4.1,2.4,3.7,1.3
2018,Rio de Janeiro,Rural,Total,84.4,86.6,80.2,90.3,89.7,78.2,86.3,90,75.1,78,83.4,87.5,85.5,78.6,86.6,93.5,--,--,14.3,12.5,17.6,9,9.6,20.7,13.1,9.1,22.6,20,14.7,9.8,11,16.4,10.3,4.4,--,--,1.3,0.9,2.2,0.7,0.7,1.1,0.6,0.9,2.3,2,1.9,2.7,3.5,5,3.1,2.1,--,--
2018,Rio de Janeiro,Total,Federal,93.1,95.9,91.2,94.3,94.5,97.2,95.7,97.5,90.2,91.6,91.4,91.8,86.6,81.3,85.7,94.3,88.4,87.3,6.6,4.1,8.3,5.6,5.5,2.7,4.3,2.5,9.3,8,8.3,7.7,12,16.7,12.8,5.1,11.6,11.3,0.3,0,0.5,0.1,0,0.1,0,0,0.5,0.4,0.3,0.5,1.4,2,1.5,0.6,0,1.4
2018,Rio de Janeiro,Urbana,Federal,93.1,95.9,91.2,94.3,94.5,97.2,95.7,97.5,90.2,91.6,91.4,91.8,86.8,81.4,85.9,94.3,88.4,87.3,6.6,4.1,8.3,5.6,5.5,2.7,4.3,2.5,9.3,8,8.3,7.7,11.9,16.4,12.6,5.1,11.6,11.3,0.3,0,0.5,0.1,0,0.1,0,0,0.5,0.4,0.3,0.5,1.3,2.2,1.5,0.6,0,1.4
2018,Rio de Janeiro,Rural,Federal,--,--,--,--,--,--,--,--,--,--,--,--,83.7,77.8,81.6,94,--,--,--,--,--,--,--,--,--,--,--,--,--,--,15.2,21.2,16.8,5,--,--,--,--,--,--,--,--,--,--,--,--,--,--,1.1,1,1.6,1,--,--
2018,Rio de Janeiro,Total,Estadual,79,83,78.9,93.1,81.9,81.1,79.3,83.7,77.1,77.7,79.4,81.2,78,69.4,79.8,89.2,--,86.7,18.6,15.7,18.7,5.6,16.5,17.5,19.5,14.8,20.4,20.2,18.2,16.2,16.6,23.5,15.1,7.7,--,10.7,2.4,1.3,2.4,1.3,1.6,1.4,1.2,1.5,2.5,2.1,2.4,2.6,5.4,7.1,5.1,3.1,--,2.6
2018,Rio de Janeiro,Urbana,Estadual,78.9,83,78.9,93.1,81.9,81.1,79.3,83.7,77.2,77.7,79.2,81.1,77.8,69.1,79.6,89.1,--,86.7,18.7,15.7,18.7,5.6,16.5,17.5,19.5,14.8,20.3,20.1,18.4,16.3,16.7,23.7,15.2,7.8,--,10.7,2.4,1.3,2.4,1.3,1.6,1.4,1.2,1.5,2.5,2.2,2.4,2.6,5.5,7.2,5.2,3.1,--,2.6
2018,Rio de Janeiro,Rural,Estadual,79.5,--,79.5,--,--,--,--,--,74.7,77.2,82.7,83.9,85.1,77.8,86.4,93.2,--,--,18.2,--,18.2,--,--,--,--,--,23,20.9,15.2,12.9,11.1,16.7,10.3,4.5,--,--,2.3,--,2.3,--,--,--,--,--,2.3,1.9,2.1,3.2,3.8,5.5,3.3,2.3,--,--
2018,Rio de Janeiro,Total,Municipal,87.3,89,84.7,92.7,93.2,81.2,87.9,91.6,81.6,81.7,86.2,91.3,83.6,77.2,83,90.8,97.1,--,11,9.9,12.7,6,5.9,17.7,11.1,7.3,15.5,15.5,11.5,6.6,10.9,15.7,11.5,5.4,0,--,1.7,1.1,2.6,1.3,0.9,1.1,1,1.1,2.9,2.8,2.3,2.1,5.5,7.1,5.5,3.8,2.9,--
2018,Rio de Janeiro,Urbana,Municipal,87.6,89.3,85.1,93,93.6,81.6,88.1,91.8,82.1,82,86.5,91.4,83.6,77.2,83,90.8,97.1,--,10.7,9.6,12.3,5.7,5.5,17.3,10.9,7.1,15,15.1,11.2,6.5,10.9,15.7,11.5,5.4,0,--,1.7,1.1,2.6,1.3,0.9,1.1,1,1.1,2.9,2.9,2.3,2.1,5.5,7.1,5.5,3.8,2.9,--
2018,Rio de Janeiro,Rural,Municipal,84.1,86.1,79.4,90,89.2,77.1,85.6,89.6,74,77.3,82.7,88.1,--,--,--,--,--,--,14.6,13.1,18.3,9.2,10.1,21.8,13.7,9.4,23.6,20.6,15.2,9.2,--,--,--,--,--,--,1.3,0.8,2.3,0.8,0.7,1.1,0.7,1,2.4,2.1,2.1,2.7,--,--,--,--,--,--
2018,Rio de Janeiro,Total,Privada,96.4,97.4,94.9,94.8,97.6,98.1,98.3,98.1,95.9,94.6,94.5,94.6,93.8,90.4,94.3,97.5,59.1,96.4,3.4,2.4,4.9,4.6,2.1,1.7,1.6,1.8,3.9,5.2,5.3,5.2,5.8,9.1,5.4,2.3,24.6,2.3,0.2,0.2,0.2,0.6,0.3,0.2,0.1,0.1,0.2,0.2,0.2,0.2,0.4,0.5,0.3,0.2,16.3,1.3
2018,Rio de Janeiro,Urbana,Privada,96.4,97.4,95,94.8,97.7,98.1,98.3,98.1,95.9,94.7,94.5,94.7,93.7,90.3,94.3,97.5,59.1,96.4,3.4,2.4,4.9,4.6,2.1,1.7,1.6,1.8,3.9,5.1,5.3,5.2,5.8,9.1,5.4,2.3,24.6,2.3,0.2,0.2,0.1,0.6,0.2,0.2,0.1,0.1,0.2,0.2,0.2,0.1,0.5,0.6,0.3,0.2,16.3,1.3
2018,Rio de Janeiro,Rural,Privada,95.1,96.4,92.8,94,95.9,97.5,97.4,98,93.1,90.9,93.9,93.2,94.9,92.3,95.7,97.6,--,--,4.7,3.3,7.2,5.7,3.9,2.1,2.6,2,6.9,9.1,6.1,6.6,4.7,7,4.3,1.9,--,--,0.2,0.3,0,0.3,0.2,0.4,0,0,0,0,0,0.2,0.4,0.7,0,0.5,--,--
2018,Rio de Janeiro,Total,Pública,86.4,89,83.4,92.7,93.2,81.3,87.9,91.6,80.8,80.8,84.4,88.4,78.5,69.8,80,89.4,88.7,87.3,11.9,9.9,14.1,6,5.9,17.6,11.1,7.3,16.4,16.5,13.3,9.4,16.3,23.2,15,7.6,11.2,11.3,1.7,1.1,2.5,1.3,0.9,1.1,1,1.1,2.8,2.7,2.3,2.2,5.2,7,5,3,0.1,1.4
2018,Rio de Janeiro,Urbana,Pública,86.6,89.3,83.6,93,93.5,81.7,88.1,91.8,81.2,81,84.5,88.5,78.2,69.6,79.8,89.3,88.7,87.3,11.6,9.6,13.9,5.7,5.5,17.2,10.8,7.1,16,16.3,13.2,9.3,16.5,23.4,15.1,7.7,11.2,11.3,1.8,1.1,2.5,1.3,1,1.1,1.1,1.1,2.8,2.7,2.3,2.2,5.3,7,5.1,3,0.1,1.4
2018,Rio de Janeiro,Rural,Pública,83.7,86.1,79.4,90,89.2,77.1,85.6,89.6,74.1,77.3,82.7,87.1,85,77.8,86.1,93.3,--,--,14.9,13.1,18.2,9.2,10.1,21.8,13.7,9.4,23.5,20.6,15.2,10.1,11.3,16.9,10.6,4.5,--,--,1.4,0.8,2.4,0.8,0.7,1.1,0.7,1,2.4,2.1,2.1,2.8,3.7,5.3,3.3,2.2,--,--
2018,São Paulo,Total,Total,96.8,98.1,95.1,99.1,98.8,95.4,98.6,98.5,95,95.9,95.7,93.8,89.3,84.4,89.3,94.2,95.9,90.9,2.7,1.7,3.9,0.6,1,4.4,1.3,1.3,4.2,3.2,3.3,4.8,7.5,11.2,7.5,3.7,0.2,8.3,0.5,0.2,1,0.3,0.2,0.2,0.1,0.2,0.8,0.9,1,1.4,3.2,4.4,3.2,2.1,3.9,0.8
2018,São Paulo,Urbana,Total,96.8,98.1,95.1,99.1,98.8,95.4,98.6,98.5,95,95.9,95.7,93.8,89.2,84.3,89.3,94.2,95.9,90.1,2.7,1.7,3.9,0.6,1,4.4,1.2,1.2,4.2,3.2,3.3,4.8,7.5,11.2,7.6,3.7,0.2,9.3,0.5,0.2,1,0.3,0.2,0.2,0.2,0.3,0.8,0.9,1,1.4,3.3,4.5,3.1,2.1,3.9,0.6
2018,São Paulo,Rural,Total,97.2,97.6,96.5,99,98.4,94.3,98.4,98.2,96.4,97.1,97,95.4,94.7,92.7,94.3,97.5,--,92.5,2.5,2.3,3,0.9,1.5,5.6,1.5,1.7,3.3,2.6,2.5,3.5,3.9,5.6,4,1.5,--,6.4,0.3,0.1,0.5,0.1,0.1,0.1,0.1,0.1,0.3,0.3,0.5,1.1,1.4,1.7,1.7,1,--,1.1
2018,São Paulo,Total,Federal,99.2,99.2,--,100,100,100,98,97.6,--,--,--,--,94.4,92.6,94.4,97.6,98.8,100,0.4,0.4,--,0,0,0,2,0,--,--,--,--,5.2,6.8,5.4,2.2,0.4,0,0.4,0.4,--,0,0,0,0,2.4,--,--,--,--,0.4,0.6,0.2,0.2,0.8,0
2018,São Paulo,Urbana,Federal,99.2,99.2,--,100,100,100,98,97.6,--,--,--,--,94.4,92.6,94.4,97.6,98.8,100,0.4,0.4,--,0,0,0,2,0,--,--,--,--,5.2,6.8,5.4,2.2,0.4,0,0.4,0.4,--,0,0,0,0,2.4,--,--,--,--,0.4,0.6,0.2,0.2,0.8,0
2018,São Paulo,Total,Estadual,95.9,98.5,94.6,98.4,99.3,96.4,99.3,99.3,94.5,96.7,95.8,91.4,87.7,82.1,87.7,93.2,--,90.6,3,0.9,4,0.7,0.2,3.1,0.3,0.3,4.4,2.2,2.8,6.5,8.5,12.6,8.5,4.3,--,8.5,1.1,0.6,1.4,0.9,0.5,0.5,0.4,0.4,1.1,1.1,1.4,2.1,3.8,5.3,3.8,2.5,--,0.9
2018,São Paulo,Urbana,Estadual,95.8,98.5,94.6,98.4,99.3,96.4,99.3,99.3,94.4,96.7,95.7,91.3,87.6,81.9,87.6,93.1,--,89.5,3,0.9,4,0.7,0.3,3.1,0.3,0.3,4.5,2.2,2.9,6.6,8.5,12.7,8.6,4.3,--,9.8,1.2,0.6,1.4,0.9,0.4,0.5,0.4,0.4,1.1,1.1,1.4,2.1,3.9,5.4,3.8,2.6,--,0.7
2018,São Paulo,Rural,Estadual,97.4,98.9,97.1,98.1,100,97.2,99.7,99.4,97.2,98.5,97.6,94.8,94.6,92.8,94.1,97.5,--,92.5,2,1.1,2.2,1.7,0,2.7,0.3,0.6,2.5,1.2,1.6,3.8,3.9,5.5,4.1,1.5,--,6.4,0.6,0,0.7,0.2,0,0.1,0,0,0.3,0.3,0.8,1.4,1.5,1.7,1.8,1,--,1.1
2018,São Paulo,Total,Municipal,96.6,97.5,93.8,99.2,98.4,93.8,98.1,98,93.5,92.5,93.5,96,92.5,90.4,91.7,95.4,79.1,--,3.1,2.4,5.4,0.6,1.5,6.1,1.8,1.8,5.8,6.7,5.6,3.1,6.5,8.5,7.2,3.8,0,--,0.3,0.1,0.8,0.2,0.1,0.1,0.1,0.2,0.7,0.8,0.9,0.9,1,1.1,1.1,0.8,20.9,--
2018,São Paulo,Urbana,Municipal,96.6,97.5,93.8,99.2,98.4,93.8,98.1,98,93.4,92.4,93.5,96,92.4,90.4,91.7,95.4,79.1,--,3.1,2.4,5.4,0.6,1.5,6.1,1.8,1.8,5.8,6.7,5.6,3.1,6.5,8.6,7.2,3.8,0,--,0.3,0.1,0.8,0.2,0.1,0.1,0.1,0.2,0.8,0.9,0.9,0.9,1.1,1,1.1,0.8,20.9,--
2018,São Paulo,Rural,Municipal,97.1,97.4,95.3,99,98.3,93.7,98.2,98.1,94.7,94.4,95.9,96.3,94.9,93.3,92,100,--,--,2.8,2.5,4.3,0.9,1.6,6.2,1.7,1.8,5,5.3,3.8,2.9,0.6,1.7,0,0,--,--,0.1,0.1,0.4,0.1,0.1,0.1,0.1,0.1,0.3,0.3,0.3,0.8,4.5,5,8,0,--,--
2018,São Paulo,Total,Privada,98.9,99.3,98.2,99.7,99.4,99.1,99.2,99.2,98.4,98,98.1,98.4,97.5,95.4,97.8,99.4,100,92.9,1.1,0.7,1.8,0.3,0.6,0.9,0.8,0.8,1.6,2,1.9,1.6,2.5,4.6,2.1,0.6,0,7.1,0,0,0,0,0,0,0,0,0,0,0,0,0,0,0.1,0,0,0
2018,São Paulo,Urbana,Privada,98.9,99.3,98.2,99.7,99.4,99.1,99.2,99.3,98.4,98,98.1,98.4,97.5,95.4,97.8,99.4,100,92.9,1.1,0.7,1.8,0.3,0.6,0.9,0.8,0.7,1.6,2,1.9,1.6,2.5,4.5,2.1,0.6,0,7.1,0,0,0,0,0,0,0,0,0,0,0,0,0,0.1,0.1,0,0,0
2018,São Paulo,Rural,Privada,98.2,98.9,97.2,99.3,98.6,99,99.7,97.8,97.6,98,96.5,96.3,95.5,91.2,97.6,98.2,--,--,1.8,1.1,2.8,0.7,1.4,1,0.3,2.2,2.4,2,3.5,3.7,4.5,8.8,2.4,1.8,--,--,0,0,0,0,0,0,0,0,0,0,0,0,0,0,0,0,--,--
2018,São Paulo,Total,Pública,96.3,97.7,94.4,99,98.6,94.5,98.4,98.4,94.2,95.5,95.1,92.7,87.8,82.3,87.8,93.2,94.5,90.9,3,2,4.4,0.6,1.2,5.3,1.4,1.4,4.8,3.5,3.6,5.6,8.4,12.5,8.5,4.3,0.3,8.3,0.7,0.3,1.2,0.4,0.2,0.2,0.2,0.2,1,1,1.3,1.7,3.8,5.2,3.7,2.5,5.2,0.8
2018,São Paulo,Urbana,Pública,96.2,97.7,94.3,99,98.6,94.5,98.4,98.4,94.1,95.4,95.1,92.6,87.7,82.1,87.7,93.2,94.5,90,3.1,2,4.4,0.6,1.2,5.3,1.4,1.4,4.9,3.5,3.6,5.6,8.5,12.6,8.5,4.3,0.3,9.4,0.7,0.3,1.3,0.4,0.2,0.2,0.2,0.2,1,1.1,1.3,1.8,3.8,5.3,3.8,2.5,5.2,0.6
2018,São Paulo,Rural,Pública,97.2,97.6,96.4,99,98.4,94,98.3,98.2,96.3,97,97,95.3,94.6,92.8,94.1,97.5,--,92.5,2.6,2.4,3,0.9,1.5,5.9,1.6,1.7,3.4,2.6,2.4,3.5,3.9,5.4,4.1,1.5,--,6.4,0.2,0,0.6,0.1,0.1,0.1,0.1,0.1,0.3,0.4,0.6,1.2,1.5,1.8,1.8,1,--,1.1
2018,Sul,Total,Total,90.8,94.6,86.3,98.6,96.4,89.9,94.1,94.6,85.2,84.5,86.6,89.2,79.2,72.1,81.3,87.1,92.3,85.4,8.4,5.2,12.3,1.2,3.5,9.9,5.7,5.1,13.6,14.1,11.9,9,14.3,20.6,12.5,7.5,4.2,9.3,0.8,0.2,1.4,0.2,0.1,0.2,0.2,0.3,1.2,1.4,1.5,1.8,6.5,7.3,6.2,5.4,3.5,5.3
2018,Sul,Urbana,Total,90.8,94.7,86.2,98.6,96.3,90,94.1,94.7,85.2,84.5,86.5,89.1,79,71.9,81.1,86.9,92.5,85.4,8.4,5.1,12.4,1.2,3.5,9.8,5.6,5,13.6,14.2,12,9.2,14.5,20.7,12.6,7.6,4.2,9.3,0.8,0.2,1.4,0.2,0.2,0.2,0.3,0.3,1.2,1.3,1.5,1.7,6.5,7.4,6.3,5.5,3.3,5.3
2018,Sul,Rural,Total,91.1,94.2,86.9,98.6,96.9,88.9,93.2,94,84.6,84.7,87.7,91,84,77.8,85.2,91.6,87.7,--,8,5.6,11.3,1.2,3,11,6.6,5.7,13.8,13.7,10.2,6.7,11.1,16.5,10,4.9,3.8,--,0.9,0.2,1.8,0.2,0.1,0.1,0.2,0.3,1.6,1.6,2.1,2.3,4.9,5.7,4.8,3.5,8.5,--
2018,Sul,Total,Federal,94.5,97.8,93.7,100,98.9,93.7,98.9,97.9,95,93.9,93.1,93.2,89.5,86.2,90,93.5,91.7,88.8,5.5,2.2,6.3,0,1.1,6.3,1.1,2.1,5,6.1,6.9,6.8,9.1,12.6,9,5.4,6.9,6.7,0,0,0,0,0,0,0,0,0,0,0,0,1.4,1.2,1,1.1,1.4,4.5
2018,Sul,Urbana,Federal,94.5,97.8,93.7,100,98.9,93.7,98.9,97.9,95,93.9,93.1,93.2,89.3,86.1,89.8,93.4,91,88.8,5.5,2.2,6.3,0,1.1,6.3,1.1,2.1,5,6.1,6.9,6.8,9.2,12.5,9.2,5.4,7.4,6.7,0,0,0,0,0,0,0,0,0,0,0,0,1.5,1.4,1,1.2,1.6,4.5
2018,Sul,Rural,Federal,--,--,--,--,--,--,--,--,--,--,--,--,90.7,86.6,90.8,94.4,99.5,--,--,--,--,--,--,--,--,--,--,--,--,--,8.7,12.9,8.1,5.2,0.5,--,--,--,--,--,--,--,--,--,--,--,--,--,0.6,0.5,1.1,0.4,0,--
2018,Sul,Total,Estadual,86.2,92.3,84.2,99,99.1,84.5,91.9,90,83.7,82.6,84.2,86.4,76.5,68.8,78.6,85.3,92.4,89.9,12.4,7.4,14.1,0.8,0.7,15.3,7.9,9.6,14.9,15.9,13.9,11.3,16,22.7,14,8.4,3.5,9.1,1.4,0.3,1.7,0.2,0.2,0.2,0.2,0.4,1.4,1.5,1.9,2.3,7.5,8.5,7.4,6.3,4.1,1
2018,Sul,Urbana,Estadual,86.1,92.4,84,99.1,99.3,84.4,92,90,83.5,82.4,84,86.2,76.3,68.5,78.4,85,92.8,89.9,12.6,7.4,14.3,0.7,0.6,15.4,7.8,9.6,15.1,16.1,14.2,11.6,16.2,22.9,14.2,8.5,3.4,9.1,1.3,0.2,1.7,0.2,0.1,0.2,0.2,0.4,1.4,1.5,1.8,2.2,7.5,8.6,7.4,6.5,3.8,1
2018,Sul,Rural,Estadual,88.3,91.5,87,97.4,97,85.1,90.7,89.4,86,85.2,87.6,89.2,82.8,76.3,84,90.9,81.5,--,10.2,8,11.1,2,2.7,14.6,8.8,9.9,12.4,13.3,10.2,8.2,11.7,17.2,10.5,5.1,5.6,--,1.5,0.5,1.9,0.6,0.3,0.3,0.5,0.7,1.6,1.5,2.2,2.6,5.5,6.5,5.5,4,12.9,--
2018,Sul,Total,Municipal,92.2,94.3,85.9,98.4,95.2,89.6,93.6,95.1,82.8,83.4,87.1,92.3,71.1,62.2,79.6,81.1,83.8,44.8,7.3,5.5,12.6,1.4,4.7,10.2,6.1,4.5,15.7,15.2,11.5,6.3,20.7,29,13.3,12.2,14.4,37.8,0.5,0.2,1.5,0.2,0.1,0.2,0.3,0.4,1.5,1.4,1.4,1.4,8.2,8.8,7.1,6.7,1.8,17.4
2018,Sul,Urbana,Municipal,92.2,94.3,85.8,98.4,95,89.6,93.6,95.1,82.8,83.4,87,92.2,69.8,61,78.4,79.5,83.8,44.8,7.3,5.5,12.8,1.4,4.8,10.2,6.1,4.5,15.7,15.3,11.6,6.5,22.1,30.4,14.3,13.9,14.4,37.8,0.5,0.2,1.4,0.2,0.2,0.2,0.3,0.4,1.5,1.3,1.4,1.3,8.1,8.6,7.3,6.6,1.8,17.4
2018,Sul,Rural,Municipal,92.5,94.7,86.6,98.8,96.8,89.6,93.7,95,82.9,84,87.7,93.4,83.2,72.5,89.7,92.4,--,--,6.9,5.1,11.7,1.1,3.1,10.2,6.1,4.7,15.5,14.3,10.4,4.7,8.3,16.2,4.8,0,--,--,0.6,0.2,1.7,0.1,0.1,0.2,0.2,0.3,1.6,1.7,1.9,1.9,8.5,11.3,5.5,7.6,--,--
2018,Sul,Total,Privada,98.3,99,97.4,99.2,98.9,98.7,99.2,99,98,97.2,97.2,97.2,96.2,94,96.9,98.7,95.3,84.8,1.7,1,2.5,0.7,1.1,1.3,0.8,1,2,2.8,2.7,2.7,3.6,5.8,2.9,1.2,4.4,4.9,0,0,0.1,0.1,0,0,0,0,0,0,0.1,0.1,0.2,0.2,0.2,0.1,0.3,10.3
2018,Sul,Urbana,Privada,98.3,99,97.4,99.2,98.9,98.7,99.2,99,98,97.2,97.2,97.2,96.3,94.1,96.9,98.7,95.3,84.8,1.7,1,2.5,0.7,1.1,1.3,0.8,1,2,2.8,2.7,2.7,3.5,5.7,2.9,1.2,4.4,4.9,0,0,0.1,0.1,0,0,0,0,0,0,0.1,0.1,0.2,0.2,0.2,0.1,0.3,10.3
2018,Sul,Rural,Privada,96,98,94.6,100,99.3,97.8,96.4,96.2,97.4,93.6,92.2,95.8,94,90.4,94.3,98.7,--,--,4,2,5.3,0,0.7,2.2,3.6,3.8,2,6.4,7.8,4.2,4.9,8.3,4.6,0.3,--,--,0,0,0.1,0,0,0,0,0,0.6,0,0,0,1.1,1.3,1.1,1,--,--
2018,Sul,Total,Pública,89.7,93.9,84.7,98.5,95.9,88.5,93.3,94,83.4,82.9,85.1,88.1,77,69.4,79,85.5,92.2,85.4,9.5,5.9,13.6,1.3,3.9,11.3,6.5,5.7,15.2,15.7,13.2,9.9,15.8,22.4,13.9,8.3,4.2,9.6,0.8,0.2,1.7,0.2,0.2,0.2,0.2,0.3,1.4,1.4,1.7,2,7.2,8.2,7.1,6.2,3.6,5
2018,Sul,Urbana,Pública,89.5,93.9,84.5,98.5,95.8,88.5,93.3,94,83.3,82.7,84.8,87.8,76.7,69,78.7,85.3,92.4,85.4,9.6,5.9,13.8,1.3,4,11.3,6.5,5.7,15.3,15.8,13.4,10.2,16,22.7,14,8.5,4.2,9.6,0.9,0.2,1.7,0.2,0.2,0.2,0.2,0.3,1.4,1.5,1.8,2,7.3,8.3,7.3,6.2,3.4,5
2018,Sul,Rural,Pública,91.1,94.2,86.8,98.6,96.9,88.8,93.2,93.9,84.5,84.6,87.7,91,83.7,77.3,84.9,91.3,87.7,--,8,5.6,11.3,1.2,3.1,11,6.6,5.7,13.9,13.7,10.3,6.8,11.3,16.8,10.2,5,3.8,--,0.9,0.2,1.9,0.2,0,0.2,0.2,0.4,1.6,1.7,2,2.2,5,5.9,4.9,3.7,8.5,--
2018,Paraná,Total,Total,92,95.2,88.2,98,93.6,91.6,95.4,97.9,89,87.7,87.3,88.8,82.4,77.3,82.6,88,95.3,85.5,7.2,4.7,10.1,1.9,6.4,8.4,4.5,2,9.6,10.9,10.9,9,11.3,15.7,10.8,6.4,3.2,4.5,0.8,0.1,1.7,0.1,0,0,0.1,0.1,1.4,1.4,1.8,2.2,6.3,7,6.6,5.6,1.5,10
2018,Paraná,Urbana,Total,92,95.3,88.1,98,93.6,91.7,95.5,98.1,88.9,87.6,87.2,88.7,82.2,77.1,82.4,87.8,95.3,85.5,7.2,4.6,10.2,1.9,6.3,8.2,4.4,1.8,9.8,11,11,9.1,11.4,15.9,10.9,6.6,3.2,4.5,0.8,0.1,1.7,0.1,0.1,0.1,0.1,0.1,1.3,1.4,1.8,2.2,6.4,7,6.7,5.6,1.5,10
2018,Paraná,Rural,Total,92.5,93.8,90.5,96.9,92.6,89.2,93.9,96.4,91.6,89.5,90.2,90.8,86.8,82.2,87.3,92.4,91.7,--,6.8,6.1,7.8,3.1,7.4,10.8,5.9,3.4,7.2,9.2,7.8,7.1,8.2,11.9,7.7,3.6,8.3,--,0.7,0.1,1.7,0,0,0,0.2,0.2,1.2,1.3,2,2.1,5,5.9,5,4,0,--
2018,Paraná,Total,Federal,97.9,--,97.9,--,--,--,--,--,99,100,97,96.2,91.9,91.3,92.3,94.1,94.3,85.5,2.1,--,2.1,--,--,--,--,--,1,0,3,3.8,6.7,8.2,7.6,5.3,5,4.5,0,--,0,--,--,--,--,--,0,0,0,0,1.4,0.5,0.1,0.6,0.7,10
2018,Paraná,Urbana,Federal,97.9,--,97.9,--,--,--,--,--,99,100,97,96.2,91.7,91.2,92.1,93.8,94.3,85.5,2.1,--,2.1,--,--,--,--,--,1,0,3,3.8,6.8,8.3,7.8,5.6,5,4.5,0,--,0,--,--,--,--,--,0,0,0,0,1.5,0.5,0.1,0.6,0.7,10
2018,Paraná,Rural,Federal,--,--,--,--,--,--,--,--,--,--,--,--,96.1,94.1,94.9,99,--,--,--,--,--,--,--,--,--,--,--,--,--,--,3.3,5,5.1,0,--,--,--,--,--,--,--,--,--,--,--,--,--,--,0.6,0.9,0,1,--,--
2018,Paraná,Total,Estadual,86.6,86.8,86.6,88.5,85.6,83.8,88.4,87.8,87.5,86.1,85.6,87.2,79.9,74.5,80,86,95.5,--,11.5,12.7,11.4,11.3,14.2,16.2,10.7,11.2,11,12.3,12.3,10.2,12.7,17.5,12.2,7.4,2.9,--,1.9,0.5,2,0.2,0.2,0,0.9,1,1.5,1.6,2.1,2.6,7.4,8,7.8,6.6,1.6,--
2018,Paraná,Urbana,Estadual,86.4,95,86.3,95.5,95.1,92.9,97.2,94.3,87.2,85.9,85.3,86.9,79.5,74.1,79.7,85.7,95.5,--,11.7,4.7,11.7,3.8,4.9,7.1,2.2,5.7,11.2,12.5,12.6,10.4,13,17.8,12.5,7.6,2.9,--,1.9,0.3,2,0.7,0,0,0.6,0,1.6,1.6,2.1,2.7,7.5,8.1,7.8,6.7,1.6,--
2018,Paraná,Rural,Estadual,90,84.2,90.5,86.3,82.7,81.1,85.6,85.3,91.5,89.7,90.2,90.6,86.3,81.8,86.8,92,91.7,--,8.3,15.3,7.8,13.7,17.1,18.9,13.5,13.4,7.2,9,7.7,7.2,8.4,12.1,7.9,3.8,8.3,--,1.7,0.5,1.7,0,0.2,0,0.9,1.3,1.3,1.3,2.1,2.2,5.3,6.1,5.3,4.2,0,--
2018,Paraná,Total,Municipal,94.6,94.7,93.6,97.9,92.8,90.4,94.8,97.8,94,90.9,92.6,97.5,--,--,--,--,--,--,5.3,5.2,5.7,2,7.1,9.5,5.1,2.1,5.1,8.3,7,2,--,--,--,--,--,--,0.1,0.1,0.7,0.1,0.1,0.1,0.1,0.1,0.9,0.8,0.4,0.5,--,--,--,--,--,--
2018,Paraná,Urbana,Municipal,94.7,94.7,94.2,97.9,92.8,90.4,94.8,97.8,94.2,92,93.2,97.7,--,--,--,--,--,--,5.2,5.2,5.1,2,7.2,9.5,5.1,2,4.8,7.1,6.4,1.7,--,--,--,--,--,--,0.1,0.1,0.7,0.1,0,0.1,0.1,0.2,1,0.9,0.4,0.6,--,--,--,--,--,--
2018,Paraná,Rural,Municipal,94.2,94.3,87.3,97.4,93,89.6,94.4,96.9,92.2,78.3,85.5,95,--,--,--,--,--,--,5.8,5.6,12.1,2.6,6.9,10.4,5.5,2.9,7.8,20.3,13.5,5,--,--,--,--,--,--,0,0.1,0.6,0,0.1,0,0.1,0.2,0,1.4,1,0,--,--,--,--,--,--
2018,Paraná,Total,Privada,98.4,98.8,98,98.6,98.1,98.7,99.2,99.2,98.4,97.9,97.8,97.8,97.1,94.9,97.8,99.2,94.3,--,1.6,1.2,2,1.4,1.9,1.3,0.8,0.8,1.6,2.1,2.2,2.2,2.7,4.9,2,0.7,5.7,--,0,0,0,0,0,0,0,0,0,0,0,0,0.2,0.2,0.2,0.1,0,--
2018,Paraná,Urbana,Privada,98.4,98.8,98,98.6,98.1,98.7,99.2,99.2,98.4,97.9,97.8,97.8,97.1,94.9,97.8,99.2,94.3,--,1.6,1.2,2,1.4,1.9,1.3,0.8,0.8,1.6,2.1,2.2,2.2,2.7,4.9,2.1,0.7,5.7,--,0,0,0,0,0,0,0,0,0,0,0,0,0.2,0.2,0.1,0.1,0,--
2018,Paraná,Rural,Privada,98.8,98.2,99.2,100,98.5,98.6,98.7,95.6,100,100,100,97.6,97,92.6,98.6,100,--,--,1.2,1.8,0.8,0,1.5,1.4,1.3,4.4,0,0,0,2.4,2.6,6.8,0.7,0,--,--,0,0,0,0,0,0,0,0,0,0,0,0,0.4,0.6,0.7,0,--,--
2018,Paraná,Total,Pública,91,94.6,86.7,97.9,92.8,90.3,94.7,97.7,87.6,86.2,85.7,87.4,80.1,74.8,80.3,86.2,95.4,85.5,8.1,5.3,11.3,2,7.2,9.6,5.2,2.2,10.9,12.2,12.2,10,12.6,17.3,12.2,7.4,3.1,4.5,0.9,0.1,2,0.1,0,0.1,0.1,0.1,1.5,1.6,2.1,2.6,7.3,7.9,7.5,6.4,1.5,10
2018,Paraná,Urbana,Pública,90.9,94.7,86.5,97.9,92.8,90.4,94.8,97.8,87.4,86,85.5,87.1,79.8,74.4,79.9,85.9,95.4,85.5,8.2,5.2,11.6,2,7.1,9.5,5.1,2,11.1,12.4,12.5,10.2,12.8,17.6,12.4,7.6,3.1,4.5,0.9,0.1,1.9,0.1,0.1,0.1,0.1,0.2,1.5,1.6,2,2.7,7.4,8,7.7,6.5,1.5,10
2018,Paraná,Rural,Pública,92.4,93.8,90.4,96.9,92.5,89.1,93.9,96.4,91.5,89.4,90.1,90.7,86.5,82,87,92.1,91.7,--,6.8,6.1,7.9,3.1,7.4,10.8,5.9,3.4,7.2,9.2,7.9,7.1,8.3,12,7.9,3.7,8.3,--,0.8,0.1,1.7,0,0.1,0.1,0.2,0.2,1.3,1.4,2,2.2,5.2,6,5.1,4.2,0,--
2018,Santa Catarina,Total,Total,93,96.3,89.2,99,97.3,93.1,97.2,95,88.3,87.3,89.6,91.8,83.1,76.4,84.8,89.8,85.3,95.3,6.5,3.6,10,0.9,2.6,6.8,2.7,4.8,11.1,12,9.4,7.1,11.6,17.6,10.2,5.5,5.8,4.1,0.5,0.1,0.8,0.1,0.1,0.1,0.1,0.2,0.6,0.7,1,1.1,5.3,6,5,4.7,8.9,0.6
2018,Santa Catarina,Urbana,Total,93,96.2,89.1,98.9,97.3,93.1,97.1,95,88.3,87.3,89.5,91.8,82.9,76.2,84.7,89.7,85.4,95.3,6.6,3.6,10.1,0.9,2.6,6.8,2.8,4.9,11.2,12,9.5,7.2,11.7,17.7,10.2,5.5,5.6,4.1,0.4,0.2,0.8,0.2,0.1,0.1,0.1,0.1,0.5,0.7,1,1,5.4,6.1,5.1,4.8,9,0.6
2018,Santa Catarina,Rural,Total,94.1,96.7,89.9,99.4,98.2,93,97.4,95.8,89.2,87.2,90.8,92.7,88,83.6,88.2,93.8,72,--,5.5,3.2,9.2,0.5,1.8,6.9,2.5,4.1,10.4,12,8.2,5.8,8.9,12.7,8.5,4.2,28,--,0.4,0.1,0.9,0.1,0,0.1,0.1,0.1,0.4,0.8,1,1.5,3.1,3.7,3.3,2,0,--
2018,Santa Catarina,Total,Federal,93.5,97.5,89.2,100,98.6,92,100,97.3,91.9,87,89.2,89.3,91.7,89.4,91.5,93.6,95.6,95.3,6.5,2.5,10.8,0,1.4,8,0,2.7,8.1,13,10.8,10.7,7.1,9.5,7.6,5.1,1.6,4.1,0,0,0,0,0,0,0,0,0,0,0,0,1.2,1.1,0.9,1.3,2.8,0.6
2018,Santa Catarina,Urbana,Federal,93.5,97.5,89.2,100,98.6,92,100,97.3,91.9,87,89.2,89.3,91.9,89.1,92.2,93.9,95.6,95.3,6.5,2.5,10.8,0,1.4,8,0,2.7,8.1,13,10.8,10.7,6.9,9.8,7,4.7,1.6,4.1,0,0,0,0,0,0,0,0,0,0,0,0,1.2,1.1,0.8,1.4,2.8,0.6
2018,Santa Catarina,Rural,Federal,--,--,--,--,--,--,--,--,--,--,--,--,89.9,93.1,85.8,90.6,--,--,--,--,--,--,--,--,--,--,--,--,--,--,9.3,6.6,12.9,8.6,--,--,--,--,--,--,--,--,--,--,--,--,--,--,0.8,0.3,1.3,0.8,--,--
2018,Santa Catarina,Total,Estadual,88.9,94.7,85.2,98.4,98.8,87.9,99,91,84.3,82.9,85.9,88,80.6,73.4,82.6,88.2,82.3,--,10.4,5.2,13.7,1.4,1.1,11.9,0.9,8.8,15,16.2,12.9,10.6,13,19.6,11.4,6.2,7,--,0.7,0.1,1.1,0.2,0.1,0.2,0.1,0.2,0.7,0.9,1.2,1.4,6.4,7,6,5.6,10.7,--
2018,Santa Catarina,Urbana,Estadual,88.8,94.6,85.1,98.4,98.8,87.9,98.9,91,84.2,82.8,85.7,87.8,80.4,73.2,82.5,88.1,82.4,--,10.5,5.2,13.8,1.4,1.1,11.9,0.9,8.9,15.1,16.3,13.1,10.7,13.2,19.7,11.5,6.2,6.8,--,0.7,0.2,1.1,0.2,0.1,0.2,0.2,0.1,0.7,0.9,1.2,1.5,6.4,7.1,6,5.7,10.8,--
2018,Santa Catarina,Rural,Estadual,90.2,95.2,86.9,99.3,99.1,87.9,99.1,92.2,86.1,84,88.3,89.6,87.2,81.8,88,93.9,72,--,9,4.7,12,0.5,0.8,11.9,0.6,7.5,13.5,15,10.6,8.7,9.1,13.7,8.1,3.8,28,--,0.8,0.1,1.1,0.2,0.1,0.2,0.3,0.3,0.4,1,1.1,1.7,3.7,4.5,3.9,2.3,0,--
2018,Santa Catarina,Total,Municipal,94.4,96.2,91.1,99,96.4,93.7,95.9,96,89.6,89.2,91.7,95,92.1,83.6,94.9,97.3,--,--,5.3,3.7,8.1,0.8,3.5,6.2,4,3.8,9.8,10.1,7.5,4.2,6.9,14.5,5.1,1.8,--,--,0.3,0.1,0.8,0.2,0.1,0.1,0.1,0.2,0.6,0.7,0.8,0.8,1,1.9,0,0.9,--,--
2018,Santa Catarina,Urbana,Municipal,94.2,96.1,91,99,96.2,93.6,95.8,95.9,89.4,89.2,91.6,94.9,92.2,84.9,94.1,96.6,--,--,5.4,3.8,8.3,0.8,3.7,6.3,4.1,3.9,9.9,10.1,7.6,4.3,7.1,13.8,5.9,2.2,--,--,0.4,0.1,0.7,0.2,0.1,0.1,0.1,0.2,0.7,0.7,0.8,0.8,0.7,1.3,0,1.2,--,--
2018,Santa Catarina,Rural,Municipal,95.8,97.1,92.5,99.4,98,94.3,96.9,96.8,91.8,89.9,93,95.6,92,79.2,100,100,--,--,4,2.8,6.8,0.5,2,5.6,3,3.1,7.8,9.4,6.1,3.3,6.4,16.7,0,0,--,--,0.2,0.1,0.7,0.1,0,0.1,0.1,0.1,0.4,0.7,0.9,1.1,1.6,4.1,0,0,--,--
2018,Santa Catarina,Total,Privada,98.8,99.4,98,99.4,99.3,99.3,99.6,99.4,98.7,97.7,97.8,97.6,96.4,94.4,96.7,98.4,--,--,1.1,0.6,1.9,0.5,0.7,0.7,0.4,0.6,1.2,2.2,2.1,2.3,3.4,5.4,3.1,1.4,--,--,0.1,0,0.1,0.1,0,0,0,0,0.1,0.1,0.1,0.1,0.2,0.2,0.2,0.2,--,--
2018,Santa Catarina,Urbana,Privada,98.8,99.4,98,99.4,99.3,99.3,99.6,99.4,98.7,97.7,97.8,97.6,96.5,94.5,96.7,98.4,--,--,1.1,0.6,1.9,0.5,0.7,0.7,0.4,0.6,1.2,2.2,2.1,2.3,3.3,5.3,3.1,1.4,--,--,0.1,0,0.1,0.1,0,0,0,0,0.1,0.1,0.1,0.1,0.2,0.2,0.2,0.2,--,--
2018,Santa Catarina,Rural,Privada,98.4,100,97.1,100,100,100,100,100,100,91.7,95,100,93.9,90.3,94.3,98.8,--,--,1.6,0,2.9,0,0,0,0,0,0,8.3,5,0,5.8,9.7,4.7,1.2,--,--,0,0,0,0,0,0,0,0,0,0,0,0,0.3,0,1,0,--,--
2018,Santa Catarina,Total,Pública,92.2,95.8,88,98.9,97,92.1,96.8,94.4,87,86,88.6,91,81.2,74.2,83.1,88.5,85.3,95.3,7.3,4.1,11.1,0.9,2.9,7.8,3.1,5.4,12.4,13.2,10.4,7.8,12.7,19.1,11.2,6.1,5.8,4.1,0.5,0.1,0.9,0.2,0.1,0.1,0.1,0.2,0.6,0.8,1,1.2,6.1,6.7,5.7,5.4,8.9,0.6
2018,Santa Catarina,Urbana,Pública,92,95.7,87.9,98.8,96.9,92,96.7,94.3,86.8,85.9,88.4,90.9,81,73.9,83,88.3,85.4,95.3,7.5,4.2,11.2,1,3,7.9,3.2,5.5,12.6,13.3,10.6,8,12.8,19.3,11.3,6.2,5.6,4.1,0.5,0.1,0.9,0.2,0.1,0.1,0.1,0.2,0.6,0.8,1,1.1,6.2,6.8,5.7,5.5,9,0.6
2018,Santa Catarina,Rural,Pública,94.1,96.7,89.9,99.4,98.2,93,97.4,95.7,89.1,87.2,90.8,92.7,87.7,83.3,87.9,93.6,72,--,5.5,3.2,9.2,0.5,1.8,6.9,2.5,4.1,10.5,12,8.2,5.9,9.1,12.8,8.7,4.3,28,--,0.4,0.1,0.9,0.1,0,0.1,0.1,0.2,0.4,0.8,1,1.4,3.2,3.9,3.4,2.1,0,--
2018,Rio Grande do Sul,Total,Total,88,92.9,82.2,99.1,99,86.2,90.6,90.7,79.2,79.5,83.6,88,72.5,63.9,77.1,82.9,90.8,81.2,11.1,6.7,16.2,0.6,0.7,13.4,9,8.6,19.3,18.9,14.7,10.3,20.1,27.6,16.2,11.1,5.2,14.1,0.9,0.4,1.6,0.3,0.3,0.4,0.4,0.7,1.5,1.6,1.7,1.7,7.4,8.5,6.7,6,4,4.7
2018,Rio Grande do Sul,Urbana,Total,87.9,92.9,82.1,99.1,99,86.2,90.6,90.7,79.2,79.3,83.5,87.7,72.3,63.7,76.9,82.6,91.1,81.2,11.2,6.7,16.4,0.6,0.7,13.4,9,8.7,19.3,19.2,14.9,10.7,20.3,27.7,16.3,11.3,5.5,14.1,0.9,0.4,1.5,0.3,0.3,0.4,0.4,0.6,1.5,1.5,1.6,1.6,7.4,8.6,6.8,6.1,3.4,4.7
2018,Rio Grande do Sul,Rural,Total,88.7,92.9,83.5,99.2,99.2,86.3,90.3,91.1,79,81,84.8,90.4,78.4,69.6,80.9,89,88.3,--,10.1,6.7,14.2,0.4,0.7,13.4,9.3,8.4,18.7,16.9,12.7,6.9,16,23.9,13.9,7.3,2.7,--,1.2,0.4,2.3,0.4,0.1,0.3,0.4,0.5,2.3,2.1,2.5,2.7,5.6,6.5,5.2,3.7,9,--
2018,Rio Grande do Sul,Total,Federal,93.7,99,93.2,100,100,100,95,100,94.1,94,92.3,92.9,86.3,81.2,87.2,93.1,88.2,86.7,6.3,1,6.8,0,0,0,5,0,5.9,6,7.7,7.1,12.2,17.1,11.2,5.7,10.5,12.1,0,0,0,0,0,0,0,0,0,0,0,0,1.5,1.7,1.6,1.2,1.3,1.2
2018,Rio Grande do Sul,Urbana,Federal,93.7,99,93.2,100,100,100,95,100,94.1,94,92.3,92.9,85.2,80.5,85.7,92.5,86.1,86.7,6.3,1,6.8,0,0,0,5,0,5.9,6,7.7,7.1,13,17.5,12.6,6,12.4,12.1,0,0,0,0,0,0,0,0,0,0,0,0,1.8,2,1.7,1.5,1.5,1.2
2018,Rio Grande do Sul,Rural,Federal,--,--,--,--,--,--,--,--,--,--,--,--,90.3,83.7,92.1,95,99.5,--,--,--,--,--,--,--,--,--,--,--,--,--,9.1,15.7,6.8,4.7,0.5,--,--,--,--,--,--,--,--,--,--,--,--,--,0.6,0.6,1.1,0.3,0,--
2018,Rio Grande do Sul,Total,Estadual,84.2,91.2,78.3,99.4,99.5,82.8,88.3,89.3,75,75.1,80.1,83.7,69.4,60.1,74,81.2,92,89.9,14.7,8.5,20,0.4,0.3,16.9,11.3,10.1,23.5,23.3,18.1,14.3,22.2,30.2,18.2,12.1,2.5,9.1,1.1,0.3,1.7,0.2,0.2,0.3,0.4,0.6,1.5,1.6,1.8,2,8.4,9.7,7.8,6.7,5.5,1
2018,Rio Grande do Sul,Urbana,Estadual,84.1,91.2,78,99.5,99.6,82.7,88.4,89.4,74.8,74.8,79.8,83.4,69.2,59.9,73.9,81,93.4,89.9,14.9,8.5,20.4,0.3,0.2,17,11.3,10,23.9,23.7,18.5,14.8,22.3,30.3,18.2,12.2,2.3,9.1,1,0.3,1.6,0.2,0.2,0.3,0.3,0.6,1.3,1.5,1.7,1.8,8.5,9.8,7.9,6.8,4.3,1
2018,Rio Grande do Sul,Rural,Estadual,85.8,90.8,81.5,98.1,98.3,84.4,87.5,88.5,77.6,78.7,83.3,87,73.9,64.5,76.6,86.5,81.8,--,12.4,8.6,15.7,1.1,1.4,15.1,11.9,10.7,19.7,18.9,13.8,9.6,19,27.4,16.8,8.9,4,--,1.8,0.6,2.8,0.8,0.3,0.5,0.6,0.8,2.7,2.4,2.9,3.4,7.1,8.1,6.6,4.6,14.2,--
2018,Rio Grande do Sul,Total,Municipal,88.2,92.3,82.4,98.8,98.6,85.3,89.9,89.8,78.6,79.7,83.8,90.4,67.8,59.6,76.7,76.9,83.8,44.8,10.7,7.2,15.7,0.8,1.1,14.2,9.6,9.4,19.4,18.5,14.2,7.8,22.9,30.7,14.8,14.9,14.4,37.8,1.1,0.5,1.9,0.4,0.3,0.5,0.5,0.8,2,1.8,2,1.8,9.3,9.7,8.5,8.2,1.8,17.4
2018,Rio Grande do Sul,Urbana,Municipal,88,92.1,82.1,98.7,98.5,85.1,89.7,89.4,78.5,79.3,83.5,90,66.7,58.5,75.6,75.6,83.8,44.8,11,7.4,16.1,0.9,1.2,14.5,9.7,9.8,19.6,18.9,14.6,8.2,24.2,32.1,15.8,16.6,14.4,37.8,1,0.5,1.8,0.4,0.3,0.4,0.6,0.8,1.9,1.8,1.9,1.8,9.1,9.4,8.6,7.8,1.8,17.4
2018,Rio Grande do Sul,Rural,Municipal,89.8,93.6,84.4,99.6,99.4,86.9,91.3,92.1,79.7,82.1,85.7,92.5,80.1,70.5,86.8,88.4,--,--,9.1,6.1,13.4,0.2,0.5,12.8,8.4,7.5,18.3,15.9,12,5.3,9,16,6.1,0,--,--,1.1,0.3,2.2,0.2,0.1,0.3,0.3,0.4,2,2,2.3,2.2,10.9,13.5,7.1,11.6,--,--
2018,Rio Grande do Sul,Total,Privada,97.9,99,96.3,99.8,99.6,98.3,98.8,98.5,97,95.8,96.1,96.2,94.5,92.5,95.8,97.3,98.6,84.8,2.1,1,3.7,0.2,0.3,1.7,1.2,1.5,3,4.2,3.9,3.7,5.1,7.2,3.9,2.5,0,4.9,0,0,0,0,0.1,0,0,0,0,0,0,0.1,0.4,0.3,0.3,0.2,1.4,10.3
2018,Rio Grande do Sul,Urbana,Privada,97.9,99,96.3,99.8,99.6,98.3,98.8,98.5,97,95.9,96.2,96.2,94.6,92.6,95.9,97.3,98.6,84.8,2,1,3.6,0.2,0.3,1.7,1.2,1.5,3,4.1,3.8,3.7,5.1,7.2,3.8,2.5,0,4.9,0.1,0,0.1,0,0.1,0,0,0,0,0,0,0.1,0.3,0.2,0.3,0.2,1.4,10.3
2018,Rio Grande do Sul,Rural,Privada,91.9,96.6,89.8,100,100,95,90.9,95,89.2,89.7,86,93.3,91.9,89.2,91.3,97.4,--,--,7.9,3.4,9.9,0,0,5,9.1,5,8.1,10.3,14,6.7,6,8.6,7.2,0,--,--,0.2,0,0.3,0,0,0,0,0,2.7,0,0,0,2.1,2.2,1.5,2.6,--,--
2018,Rio Grande do Sul,Total,Pública,86.5,91.9,80.4,99,98.9,84.4,89.3,89.6,77,77.5,82,86.8,70.1,60.9,74.5,81.7,90.6,80.8,12.4,7.7,17.8,0.6,0.8,15.2,10.2,9.7,21.3,20.8,16.2,11.3,21.7,29.7,17.8,11.8,5.2,15.3,1.1,0.4,1.8,0.4,0.3,0.4,0.5,0.7,1.7,1.7,1.8,1.9,8.2,9.4,7.7,6.5,4.2,3.9
2018,Rio Grande do Sul,Urbana,Pública,86.3,91.7,80,99,98.9,84.1,89.1,89.4,76.8,77,81.6,86.4,69.8,60.6,74.3,81.4,91,80.8,12.7,7.8,18.2,0.7,0.8,15.5,10.4,9.9,21.6,21.3,16.6,11.8,22,29.9,18,12,5.6,15.3,1,0.5,1.8,0.3,0.3,0.4,0.5,0.7,1.6,1.7,1.8,1.8,8.2,9.5,7.7,6.6,3.4,3.9
2018,Rio Grande do Sul,Rural,Pública,88.6,92.9,83.4,99.2,99.2,86.3,90.3,91.1,79,80.9,84.8,90.3,77.8,68.6,80.3,88.6,88.3,--,10.1,6.7,14.2,0.4,0.7,13.4,9.3,8.4,18.8,17,12.7,6.9,16.5,24.7,14.3,7.7,2.7,--,1.3,0.4,2.4,0.4,0.1,0.3,0.4,0.5,2.2,2.1,2.5,2.8,5.7,6.7,5.4,3.7,9,--
2018,Centro-Oeste,Total,Total,94.4,95.7,92.8,99,96.4,92.5,94.7,96,93.1,92,94,92.1,85,79.4,87.2,91.3,90.2,81.4,4.8,4,5.7,0.7,3.3,7.3,5,3.6,5.7,6.6,4.5,6.1,9.8,13.9,8.4,5.1,5.2,10.7,0.8,0.3,1.5,0.3,0.3,0.2,0.3,0.4,1.2,1.4,1.5,1.8,5.2,6.7,4.4,3.6,4.6,7.9
2018,Centro-Oeste,Urbana,Total,94.6,95.9,92.9,99,96.7,92.7,94.9,96.3,93.4,92.2,94.1,92.1,85.2,79.6,87.3,91.4,89.7,84.9,4.7,3.9,5.7,0.7,3.1,7.1,4.8,3.3,5.5,6.5,4.5,6.2,9.8,13.8,8.4,5.1,5.5,8,0.7,0.2,1.4,0.3,0.2,0.2,0.3,0.4,1.1,1.3,1.4,1.7,5,6.6,4.3,3.5,4.8,7.1
2018,Centro-Oeste,Rural,Total,92.3,93.2,91,98.4,93.7,89.9,92,92.6,89.5,89.9,93,92.2,81.8,76.7,85.6,89.4,100,76.3,6.2,6.1,6.5,1,5.8,9.5,7.4,6.3,8.2,7.8,4.4,5,11.1,14.8,8.1,6,0,14.9,1.5,0.7,2.5,0.6,0.5,0.6,0.6,1.1,2.3,2.3,2.6,2.8,7.1,8.5,6.3,4.6,0,8.8
2018,Centro-Oeste,Total,Federal,96.4,93.8,96.9,94.7,85,95,98.3,93.4,97.6,96.5,96.4,97,89.5,83.7,90.9,94.6,92,91.6,3.5,5.8,3.1,5.3,15,5,1.7,4.9,2.4,3.5,3.6,3,8.7,14.4,8.8,4.4,4,4.4,0.1,0.4,0,0,0,0,0,1.7,0,0,0,0,1.8,1.9,0.3,1,4,4
2018,Centro-Oeste,Urbana,Federal,96.4,93.8,96.9,94.7,85,95,98.3,93.4,97.6,96.5,96.4,97,90.1,84.9,90.5,95.1,92,92.4,3.5,5.8,3.1,5.3,15,5,1.7,4.9,2.4,3.5,3.6,3,8.2,13.5,9.1,3.8,4,3.8,0.1,0.4,0,0,0,0,0,1.7,0,0,0,0,1.7,1.6,0.4,1.1,4,3.8
2018,Centro-Oeste,Rural,Federal,--,--,--,--,--,--,--,--,--,--,--,--,87.3,80.1,92.1,92.9,--,87.8,--,--,--,--,--,--,--,--,--,--,--,--,10.8,17.3,7.7,6.4,--,6.8,--,--,--,--,--,--,--,--,--,--,--,--,1.9,2.6,0.2,0.7,--,5.4
2018,Centro-Oeste,Total,Estadual,93.5,95.4,92.6,98.8,96.8,89.8,97.3,95.3,93.8,91.9,94.2,90.6,82.9,77.2,85.3,89.9,89.4,74.1,5.2,4.3,5.7,0.9,2.9,9.9,2.4,4.3,4.8,6.4,4.1,7.3,10.9,15.1,9.4,5.8,5.8,15.2,1.3,0.3,1.7,0.3,0.3,0.3,0.3,0.4,1.4,1.7,1.7,2.1,6.2,7.7,5.3,4.3,4.8,10.7
2018,Centro-Oeste,Urbana,Estadual,93.5,95.4,92.5,98.8,96.8,89.7,97.3,95.5,93.7,91.8,94.2,90.6,83.1,77.3,85.4,90,88.6,73.9,5.3,4.3,5.7,0.9,2.9,10,2.5,4.2,4.8,6.4,4.2,7.3,10.9,15.1,9.4,5.8,6.2,13.7,1.2,0.3,1.8,0.3,0.3,0.3,0.2,0.3,1.5,1.8,1.6,2.1,6,7.6,5.2,4.2,5.2,12.4
2018,Centro-Oeste,Rural,Estadual,94.3,95.2,93.5,98.9,96,90.4,97.4,93.9,94.7,92.7,95.7,91.2,80,75.2,83.6,88.1,100,74.2,4.5,4.4,4.6,0.7,3.6,9,2.4,5.3,4,5.5,2.4,6.3,11.6,14.9,8.6,6.2,0,16.3,1.2,0.4,1.9,0.4,0.4,0.6,0.2,0.8,1.3,1.8,1.9,2.5,8.4,9.9,7.8,5.7,0,9.5
2018,Centro-Oeste,Total,Municipal,93.5,94.6,90.1,98.9,95.4,91.6,92.1,95.4,89.3,88.8,90.8,93.1,89.3,85.2,90.8,94.1,--,--,5.8,5,8.3,0.7,4.3,8.1,7.4,4.1,9.3,9.7,7.5,4.8,5.7,8.8,5,1.6,--,--,0.7,0.4,1.6,0.4,0.3,0.3,0.5,0.5,1.4,1.5,1.7,2.1,5,6,4.2,4.3,--,--
2018,Centro-Oeste,Urbana,Municipal,93.8,94.9,90.4,99,95.6,91.8,92.4,95.8,89.8,89,90.8,93.2,88.2,84.8,87.7,95.2,--,--,5.6,4.8,8.3,0.7,4.1,7.9,7.2,3.8,9.1,9.7,7.7,5.1,6.7,9.9,7,0.8,--,--,0.6,0.3,1.3,0.3,0.3,0.3,0.4,0.4,1.1,1.3,1.5,1.7,5.1,5.3,5.3,4,--,--
2018,Centro-Oeste,Rural,Municipal,91.2,92.5,88.8,98.2,93,89.6,90.1,92.1,86.1,87.4,90.5,92.8,91.8,86.3,98.6,92.1,--,--,7.2,6.7,8.1,1,6.5,9.7,9.1,6.7,10.8,9.8,6.2,3.9,3.4,6.3,0,3.2,--,--,1.6,0.8,3.1,0.8,0.5,0.7,0.8,1.2,3.1,2.8,3.3,3.3,4.8,7.4,1.4,4.7,--,--
2018,Centro-Oeste,Total,Privada,98.6,99.3,97.7,99.5,99.4,99.3,99.2,99.1,98.2,97.4,97.6,97.4,96.1,94,96.7,98.2,--,97.8,1.3,0.6,2.2,0.4,0.5,0.7,0.8,0.9,1.7,2.5,2.3,2.5,3.6,5.5,3.1,1.6,--,1.8,0.1,0.1,0.1,0.1,0.1,0,0,0,0.1,0.1,0.1,0.1,0.3,0.5,0.2,0.2,--,0.4
2018,Centro-Oeste,Urbana,Privada,98.6,99.3,97.7,99.5,99.5,99.3,99.2,99.1,98.2,97.5,97.6,97.4,96.1,94,96.7,98.2,--,97.8,1.3,0.6,2.2,0.4,0.5,0.7,0.8,0.9,1.7,2.5,2.3,2.5,3.5,5.5,3.1,1.6,--,1.8,0.1,0.1,0.1,0.1,0,0,0,0,0.1,0,0.1,0.1,0.4,0.5,0.2,0.2,--,0.4
2018,Centro-Oeste,Rural,Privada,97.7,98.3,97.3,99,98.6,97.6,97.8,98.8,97.2,95,98.2,99.1,95.2,92.2,96.8,97.9,--,--,2.3,1.7,2.7,1,1.4,2.4,2.2,1.2,2.8,5,1.8,0.9,4.4,7.1,2.9,2.1,--,--,0,0,0,0,0,0,0,0,0,0,0,0,0.4,0.7,0.3,0,--,--
2018,Centro-Oeste,Total,Pública,93.5,94.9,91.9,98.9,95.7,91.1,93.7,95.4,92.1,91,93.4,91.1,83.2,77.4,85.5,90,90.2,80.6,5.5,4.8,6.4,0.8,4,8.6,5.9,4.1,6.5,7.3,4.9,6.8,10.8,15,9.3,5.8,5.2,11.2,1,0.3,1.7,0.3,0.3,0.3,0.4,0.5,1.4,1.7,1.7,2.1,6,7.6,5.2,4.2,4.6,8.2
2018,Centro-Oeste,Urbana,Pública,93.7,95.1,92,98.9,96,91.2,93.9,95.7,92.4,91.1,93.4,91.1,83.4,77.5,85.6,90.1,89.7,83.8,5.4,4.6,6.4,0.7,3.8,8.5,5.7,3.9,6.3,7.3,5,6.9,10.8,15,9.4,5.7,5.5,8.5,0.9,0.3,1.6,0.4,0.2,0.3,0.4,0.4,1.3,1.6,1.6,2,5.8,7.5,5,4.2,4.8,7.7
2018,Centro-Oeste,Rural,Pública,92.2,93.2,90.9,98.4,93.7,89.9,91.9,92.6,89.4,89.7,92.9,92,81.2,76,85,88.9,100,76.3,6.3,6.1,6.5,1,5.8,9.6,7.4,6.3,8.2,7.9,4.4,5.1,11.4,15.2,8.4,6.2,0,14.9,1.5,0.7,2.6,0.6,0.5,0.5,0.7,1.1,2.4,2.4,2.7,2.9,7.4,8.8,6.6,4.9,0,8.8
2018,Mato Grosso do Sul,Total,Total,89.3,91,86.9,98.5,86.6,87.8,89.8,92.9,84.8,86.1,88,89,80.6,74.2,82.5,87.1,88.6,85.7,9.4,8.5,10.7,1.1,13,11.8,9.7,6.3,13.3,11.2,10,8,12,16.5,10.8,7.2,6.2,7.8,1.3,0.5,2.4,0.4,0.4,0.4,0.5,0.8,1.9,2.7,2,3,7.4,9.3,6.7,5.7,5.2,6.5
2018,Mato Grosso do Sul,Urbana,Total,89.8,91.7,87.4,98.7,87.3,88.8,90.5,93.7,85.7,86.9,88.2,88.9,80.6,74.1,82.5,87.1,88.6,86.3,9,7.9,10.5,1,12.4,10.9,9.1,5.7,12.7,10.8,10.1,8.2,12.1,16.8,11,7.2,6.2,6.8,1.2,0.4,2.1,0.3,0.3,0.3,0.4,0.6,1.6,2.3,1.7,2.9,7.3,9.1,6.5,5.7,5.2,6.9
2018,Mato Grosso do Sul,Rural,Total,84.6,85.8,82.9,97.2,81.8,80.6,84.2,86.8,78.2,79.6,86.4,90.2,80.4,74.9,81.4,86.4,--,83,12.7,12.8,12.4,1.5,17.3,18.4,14.5,11,17,15.2,9.1,5.6,9.7,12,8.1,6.5,--,12,2.7,1.4,4.7,1.3,0.9,1,1.3,2.2,4.8,5.2,4.5,4.2,9.9,13.1,10.5,7.1,--,5
2018,Mato Grosso do Sul,Total,Federal,93.6,--,93.6,--,--,--,--,--,93.1,94.9,93,93.2,90.6,87.9,80.5,98.5,--,91,6.4,--,6.4,--,--,--,--,--,6.9,5.1,7,6.8,5.3,9.4,19.5,1.5,--,4.6,0,--,0,--,--,--,--,--,0,0,0,0,4.1,2.7,0,0,--,4.4
2018,Mato Grosso do Sul,Urbana,Federal,93.6,--,93.6,--,--,--,--,--,93.1,94.9,93,93.2,91.2,87.9,80.5,98.5,--,91.7,6.4,--,6.4,--,--,--,--,--,6.9,5.1,7,6.8,5,9.4,19.5,1.5,--,4,0,--,0,--,--,--,--,--,0,0,0,0,3.8,2.7,0,0,--,4.3
2018,Mato Grosso do Sul,Rural,Federal,--,--,--,--,--,--,--,--,--,--,--,--,87.8,--,--,--,--,87.8,--,--,--,--,--,--,--,--,--,--,--,--,6.8,--,--,--,--,6.8,--,--,--,--,--,--,--,--,--,--,--,--,5.4,--,--,--,--,5.4
2018,Mato Grosso do Sul,Total,Estadual,87.4,91,85.4,99.7,85.4,88.7,90.1,93.3,83.1,86.2,86.4,85.8,78.3,72.1,80.7,85.5,88.6,75.2,10.2,8.4,11.2,0,14,10.9,9.2,5.9,14.6,9.9,10.9,9.9,13.3,17.7,11.8,8,6.2,14.2,2.4,0.6,3.4,0.3,0.6,0.4,0.7,0.8,2.3,3.9,2.7,4.3,8.4,10.2,7.5,6.5,5.2,10.6
2018,Mato Grosso do Sul,Urbana,Estadual,87.5,91.1,85.5,99.6,85.8,88.7,90.4,93.3,83.4,86.3,86.4,85.8,78.4,72,80.8,85.5,88.6,76,10.2,8.3,11.2,0,13.6,10.9,9,5.8,14.5,9.9,10.9,10,13.4,18,12,8.1,6.2,12.2,2.3,0.6,3.3,0.4,0.6,0.4,0.6,0.9,2.1,3.8,2.7,4.2,8.2,10,7.2,6.4,5.2,11.8
2018,Mato Grosso do Sul,Rural,Estadual,86.3,89.4,83.7,99.8,81.2,88.9,86.3,92.1,79.5,84.2,86.2,85.1,78.1,73.2,79.9,85.3,--,71.3,10.9,10.1,11.5,0,18.3,10.8,12.8,7.6,16.5,10.1,9.8,9.2,10.7,12.7,8.7,7,--,24.7,2.8,0.5,4.8,0.2,0.5,0.3,0.9,0.3,4,5.7,4,5.7,11.2,14.1,11.4,7.7,--,4
2018,Mato Grosso do Sul,Total,Municipal,88.5,89.6,85.9,98.2,84.8,85.6,88.1,91.7,83.4,83.3,87.6,92.5,94.4,89.8,100,93.5,--,--,10.5,9.8,12.2,1.3,14.7,13.9,11.4,7.5,14.6,14.7,10.7,5.9,4,8.2,0,3.2,--,--,1,0.6,1.9,0.5,0.5,0.5,0.5,0.8,2,2,1.7,1.6,1.6,2,0,3.3,--,--
2018,Mato Grosso do Sul,Urbana,Municipal,89.4,90.4,86.8,98.4,85.3,86.8,88.9,92.8,84.8,84.6,88,92.5,--,--,--,--,--,--,10,9.2,12,1.2,14.3,12.9,10.7,6.7,13.9,14.2,11.1,6.3,--,--,--,--,--,--,0.6,0.4,1.2,0.4,0.4,0.3,0.4,0.5,1.3,1.2,0.9,1.2,--,--,--,--,--,--
2018,Mato Grosso do Sul,Rural,Municipal,84.1,85.1,82.3,96.8,81.8,79.2,83.7,85.7,77.5,77.9,86.2,92.2,94.4,89.8,100,93.5,--,--,13.2,13.4,12.9,1.8,17.3,19.6,14.9,11.7,17.4,17,8.9,4.2,4,8.2,0,3.2,--,--,2.7,1.5,4.8,1.4,0.9,1.2,1.4,2.6,5.1,5.1,4.9,3.6,1.6,2,0,3.3,--,--
2018,Mato Grosso do Sul,Total,Privada,98.5,98.9,97.7,99.1,98.6,98.6,99.1,99.2,98.5,97.7,97.2,97.4,96.8,94.3,98.1,98.7,--,--,1.5,1.1,2.3,0.8,1.4,1.4,0.9,0.8,1.5,2.3,2.7,2.6,3,5.4,1.9,1.3,--,--,0,0,0,0.1,0,0,0,0,0,0,0.1,0,0.2,0.3,0,0,--,--
2018,Mato Grosso do Sul,Urbana,Privada,98.5,98.9,97.8,99.1,98.6,98.7,99.1,99.2,98.5,97.7,97.3,97.4,96.8,94.3,98,98.7,--,--,1.5,1.1,2.2,0.8,1.4,1.3,0.9,0.8,1.5,2.3,2.6,2.6,3.1,5.5,2,1.3,--,--,0,0,0,0.1,0,0,0,0,0,0,0.1,0,0.1,0.2,0,0,--,--
2018,Mato Grosso do Sul,Rural,Privada,97,98,96.3,100,100,96.4,98.5,97.2,95,96.5,95.1,98.8,96.7,93.8,99.1,99,--,--,3,2,3.7,0,0,3.6,1.5,2.8,5,3.5,4.9,1.2,2.2,3.7,0.9,1,--,--,0,0,0,0,0,0,0,0,0,0,0,0,1.1,2.5,0,0,--,--
2018,Mato Grosso do Sul,Total,Pública,88.1,89.9,85.7,98.4,85,86.4,88.6,92.2,83.3,84.8,86.9,88.1,78.9,72.2,80.8,85.6,88.6,85.7,10.4,9.5,11.6,1.1,14.6,13.2,10.8,7,14.6,12.2,10.8,8.6,12.9,17.6,11.8,8,6.2,7.8,1.5,0.6,2.7,0.5,0.4,0.4,0.6,0.8,2.1,3,2.3,3.3,8.2,10.2,7.4,6.4,5.2,6.5
2018,Mato Grosso do Sul,Urbana,Pública,88.6,90.6,86.1,98.6,85.4,87.3,89.3,93,84.1,85.6,87,87.9,78.9,72.1,80.8,85.6,88.6,86.3,10.1,9,11.5,1,14.2,12.4,10.2,6.4,14.2,11.8,11,8.9,13.1,17.9,12.1,8,6.2,6.8,1.3,0.4,2.4,0.4,0.4,0.3,0.5,0.6,1.7,2.6,2,3.2,8,10,7.1,6.4,5.2,6.9
2018,Mato Grosso do Sul,Rural,Pública,84.5,85.7,82.6,97.2,81.7,80.4,84,86.6,77.9,79.3,86.2,90,79.4,73.6,80.4,85.5,--,83,12.8,12.9,12.6,1.6,17.4,18.5,14.6,11.1,17.2,15.4,9.2,5.7,10.2,12.6,8.5,6.9,--,12,2.7,1.4,4.8,1.2,0.9,1.1,1.4,2.3,4.9,5.3,4.6,4.3,10.4,13.8,11.1,7.6,--,5
2018,Mato Grosso,Total,Total,97.2,98.3,95.8,99.5,99.3,96.5,97.8,98.3,96.6,97.5,97.5,91.4,75.8,67.3,79.7,86.7,93.8,74.6,2.2,1.5,3.1,0.3,0.5,3.3,2.1,1.5,2.9,1.6,1.2,6.9,14.8,20.6,12.6,7.3,2.3,15.1,0.6,0.2,1.1,0.2,0.2,0.2,0.1,0.2,0.5,0.9,1.3,1.7,9.4,12.1,7.7,6,3.9,10.3
2018,Mato Grosso,Urbana,Total,97.2,98.3,95.9,99.5,99.4,96.4,97.8,98.4,96.8,97.6,97.7,91.1,75.5,66.7,79.3,86.7,92.1,75.1,2.3,1.5,3.1,0.3,0.4,3.4,2.1,1.4,2.8,1.5,1.2,7.3,15,20.8,12.9,7.3,2.9,13.9,0.5,0.2,1,0.2,0.2,0.2,0.1,0.2,0.4,0.9,1.1,1.6,9.5,12.5,7.8,6,5,11
2018,Mato Grosso,Rural,Total,96.8,97.9,95.3,98.9,98.7,97.1,97.6,97.2,95.4,97,96.1,92.7,78,72,83.2,86.5,100,74.3,2.1,1.6,2.8,0.6,1,2.4,2,1.9,3.3,1.9,1.7,4.4,13.5,18.1,10,7.3,0,15.7,1.1,0.5,1.9,0.5,0.3,0.5,0.4,0.9,1.3,1.1,2.2,2.9,8.5,9.9,6.8,6.2,0,10
2018,Mato Grosso,Total,Federal,--,--,--,--,--,--,--,--,--,--,--,--,90.3,84.9,91.4,95.3,92.1,96.7,--,--,--,--,--,--,--,--,--,--,--,--,8.3,13,8.3,3,2.9,2.9,--,--,--,--,--,--,--,--,--,--,--,--,1.4,2.1,0.3,1.7,5,0.4
2018,Mato Grosso,Urbana,Federal,--,--,--,--,--,--,--,--,--,--,--,--,90.9,85.8,91.6,95.6,92.1,96.7,--,--,--,--,--,--,--,--,--,--,--,--,7.6,12.4,8.1,2.3,2.9,2.9,--,--,--,--,--,--,--,--,--,--,--,--,1.5,1.8,0.3,2.1,5,0.4
2018,Mato Grosso,Rural,Federal,--,--,--,--,--,--,--,--,--,--,--,--,88,82.2,90.7,94.2,--,--,--,--,--,--,--,--,--,--,--,--,--,--,10.6,15.2,8.8,5.5,--,--,--,--,--,--,--,--,--,--,--,--,--,--,1.4,2.6,0.5,0.3,--,--
2018,Mato Grosso,Total,Estadual,97.3,99.4,96.2,99.5,99.6,99.4,99.6,99.1,98.8,98.7,98.3,89.9,73.2,64.3,77.4,84.8,100,72.4,1.8,0.3,2.5,0.2,0.2,0.3,0.3,0.5,0.6,0.2,0.3,8.2,16.2,22.1,13.7,8.2,0,16.3,0.9,0.3,1.3,0.3,0.2,0.3,0.1,0.4,0.6,1.1,1.4,1.9,10.6,13.6,8.9,7,0,11.3
2018,Mato Grosso,Urbana,Estadual,97.2,99.5,96.1,99.6,99.6,99.5,99.5,99.3,98.8,98.7,98.3,89.6,72.6,63.6,76.9,84.7,--,66.5,1.9,0.3,2.6,0.2,0.3,0.3,0.3,0.5,0.7,0.3,0.3,8.6,16.6,22.6,14.1,8.3,--,18.2,0.9,0.2,1.3,0.2,0.1,0.2,0.2,0.2,0.5,1,1.4,1.8,10.8,13.8,9,7,--,15.3
2018,Mato Grosso,Rural,Estadual,97.9,99.1,97.1,99.2,99.6,98.9,99.7,98.2,99,98.9,98.1,92.9,77,70.9,82,85.5,100,74.3,0.9,0.2,1.4,0.2,0.1,0.2,0.2,0.3,0.3,0.1,0.2,4.7,13.8,18.4,10.2,7.6,0,15.7,1.2,0.7,1.5,0.6,0.3,0.9,0.1,1.5,0.7,1,1.7,2.4,9.2,10.7,7.8,6.9,0,10
2018,Mato Grosso,Total,Municipal,96.7,97.6,94,99.5,99.3,95,96.5,97.6,93.5,94.3,94.7,94.1,--,--,--,--,--,--,2.9,2.2,5,0.3,0.5,4.8,3.3,2.2,5.9,5,4.1,3.9,--,--,--,--,--,--,0.4,0.2,1,0.2,0.2,0.2,0.2,0.2,0.6,0.7,1.2,2,--,--,--,--,--,--
2018,Mato Grosso,Urbana,Municipal,96.8,97.6,94.2,99.6,99.5,94.8,96.4,97.7,93.6,94,95,95.1,--,--,--,--,--,--,2.9,2.2,5.3,0.2,0.4,5.1,3.4,2.1,6.1,5.5,4.5,3.8,--,--,--,--,--,--,0.3,0.2,0.5,0.2,0.1,0.1,0.2,0.2,0.3,0.5,0.5,1.1,--,--,--,--,--,--
2018,Mato Grosso,Rural,Municipal,96.1,97.5,93.6,98.8,98.4,96.6,96.9,96.8,93,95.1,93.9,92.5,--,--,--,--,--,--,2.8,2.1,4.2,0.7,1.3,3.2,2.6,2.6,5.4,3.7,3.3,4.1,--,--,--,--,--,--,1.1,0.4,2.2,0.5,0.3,0.2,0.5,0.6,1.6,1.2,2.8,3.4,--,--,--,--,--,--
2018,Mato Grosso,Total,Privada,98.7,99.1,98.1,99.3,99.1,98.9,99.2,98.9,98.5,98.2,98.4,97.4,97,95.8,96.9,98.4,--,--,1.2,0.8,1.7,0.6,0.8,1,0.8,1.1,1.5,1.7,1.5,2.4,2.8,3.8,3,1.4,--,--,0.1,0.1,0.2,0.1,0.1,0.1,0,0,0,0.1,0.1,0.2,0.2,0.4,0.1,0.2,--,--
2018,Mato Grosso,Urbana,Privada,98.7,99.1,98.1,99.3,99.1,98.9,99.2,98.9,98.5,98.2,98.4,97.4,97,96,96.9,98.5,--,--,1.2,0.8,1.7,0.6,0.8,1.1,0.8,1.1,1.5,1.7,1.5,2.4,2.7,3.7,2.9,1.3,--,--,0.1,0.1,0.2,0.1,0.1,0,0,0,0,0.1,0.1,0.2,0.3,0.3,0.2,0.2,--,--
2018,Mato Grosso,Rural,Privada,100,100,100,100,100,100,100,100,100,100,100,100,73.3,40,88.9,90.9,--,--,0,0,0,0,0,0,0,0,0,0,0,0,26.7,60,11.1,9.1,--,--,0,0,0,0,0,0,0,0,0,0,0,0,0,0,0,0,--,--
2018,Mato Grosso,Total,Pública,97,98.1,95.6,99.5,99.4,96.2,97.6,98.2,96.4,97.5,97.4,90.7,74.2,65.4,78.3,85.4,93.8,74.6,2.4,1.6,3.3,0.3,0.5,3.6,2.2,1.5,3,1.6,1.2,7.4,15.8,21.7,13.3,7.9,2.3,15.1,0.6,0.3,1.1,0.2,0.1,0.2,0.2,0.3,0.6,0.9,1.4,1.9,10,12.9,8.4,6.7,3.9,10.3
2018,Mato Grosso,Urbana,Pública,97,98.2,95.6,99.6,99.5,96.1,97.6,98.4,96.6,97.6,97.6,90.3,73.6,64.5,77.7,85.3,92.1,75.1,2.4,1.6,3.3,0.2,0.4,3.8,2.3,1.4,3,1.5,1.1,8,16.1,22.1,13.8,7.9,2.9,13.9,0.6,0.2,1.1,0.2,0.1,0.1,0.1,0.2,0.4,0.9,1.3,1.7,10.3,13.4,8.5,6.8,5,11
2018,Mato Grosso,Rural,Pública,96.8,97.9,95.3,98.9,98.7,97.1,97.6,97.2,95.4,97,96.1,92.7,78,72.1,83.1,86.5,100,74.3,2.1,1.6,2.8,0.6,1,2.4,2,1.9,3.3,1.9,1.7,4.4,13.5,18,10,7.3,0,15.7,1.1,0.5,1.9,0.5,0.3,0.5,0.4,0.9,1.3,1.1,2.2,2.9,8.5,9.9,6.9,6.2,0,10
2018,Goiás,Total,Total,95.3,96.4,94,99.1,98.8,94.2,93.5,96.7,93.9,93.4,93.9,95,91.8,88.4,93.4,94.8,91.9,98.8,3.9,3.3,4.7,0.6,0.9,5.5,6.2,2.9,5.1,5.4,4.8,3.5,5.7,8.4,4.8,2.9,5.2,0.6,0.8,0.3,1.3,0.3,0.3,0.3,0.3,0.4,1,1.2,1.3,1.5,2.5,3.2,1.8,2.3,2.9,0.6
2018,Goiás,Urbana,Total,95.4,96.5,94.1,99.1,98.8,94.3,93.7,96.9,94,93.5,93.9,95,91.7,88.4,93.4,94.8,91.9,98.8,3.9,3.2,4.6,0.6,0.9,5.5,6,2.8,4.9,5.3,4.7,3.5,5.7,8.4,4.8,2.9,5.2,0.6,0.7,0.3,1.3,0.3,0.3,0.2,0.3,0.3,1.1,1.2,1.4,1.5,2.6,3.2,1.8,2.3,2.9,0.6
2018,Goiás,Rural,Total,93.4,94.4,92,98.9,99,93.4,89.1,93.1,90.3,90.9,92.8,94.6,92.7,89.4,94.7,95.5,--,100,5.6,5.3,6.1,0.7,0.8,6.3,10.5,6.3,8,7.3,5.6,3.1,5.5,8,3.9,3.6,--,0,1,0.3,1.9,0.4,0.2,0.3,0.4,0.6,1.7,1.8,1.6,2.3,1.8,2.6,1.4,0.9,--,0
2018,Goiás,Total,Federal,94.8,93.8,95.8,94.7,85,95,98.3,93.4,96.7,93.2,96.6,96.6,89.4,84.5,90.8,94,91.9,--,5,5.8,4.2,5.3,15,5,1.7,4.9,3.3,6.8,3.4,3.4,9.8,14.3,8.9,5.2,5.2,--,0.2,0.4,0,0,0,0,0,1.7,0,0,0,0,0.8,1.2,0.3,0.8,2.9,--
2018,Goiás,Urbana,Federal,94.8,93.8,95.8,94.7,85,95,98.3,93.4,96.7,93.2,96.6,96.6,89.5,85.1,89.6,95,91.9,--,5,5.8,4.2,5.3,15,5,1.7,4.9,3.3,6.8,3.4,3.4,9.7,14,9.9,4.4,5.2,--,0.2,0.4,0,0,0,0,0,1.7,0,0,0,0,0.8,0.9,0.5,0.6,2.9,--
2018,Goiás,Rural,Federal,--,--,--,--,--,--,--,--,--,--,--,--,89,83,93.9,91.7,--,--,--,--,--,--,--,--,--,--,--,--,--,--,9.9,15,6.1,7.2,--,--,--,--,--,--,--,--,--,--,--,--,--,--,1.1,2,0,1.1,--,--
2018,Goiás,Total,Estadual,94.7,98.1,94.4,99.9,99.6,99.1,95.9,97.8,94.9,93.9,93.9,94.8,91.2,87.8,92.9,94.3,--,98.7,4.1,1.8,4.3,0,0.2,0.8,4,2,4.1,4.8,4.7,3.6,5.9,8.6,4.9,3.1,--,0.4,1.2,0.1,1.3,0.1,0.2,0.1,0.1,0.2,1,1.3,1.4,1.6,2.9,3.6,2.2,2.6,--,0.9
2018,Goiás,Urbana,Estadual,94.7,98.1,94.4,99.9,99.5,99,95.9,97.8,94.9,94,93.9,94.8,91.1,87.7,92.9,94.2,--,98.6,4.1,1.8,4.3,0,0.2,0.9,3.9,2,4,4.8,4.7,3.6,6,8.7,4.9,3.1,--,0.5,1.2,0.1,1.3,0.1,0.3,0.1,0.2,0.2,1.1,1.2,1.4,1.6,2.9,3.6,2.2,2.7,--,0.9
2018,Goiás,Rural,Estadual,94.9,98,94.3,100,100,99.5,94.6,97.3,94.9,92.7,94.7,95,94.4,92,94.4,98.1,--,100,3.9,1.9,4.2,0,0,0.5,5.4,2.3,4.5,5.5,4,3,3.1,4.7,2.8,1,--,0,1.2,0.1,1.5,0,0,0,0,0.4,0.6,1.8,1.3,2,2.5,3.3,2.8,0.9,--,0
2018,Goiás,Total,Municipal,94.5,95.5,90.8,98.9,98.6,92.6,92,96.1,90.3,89.8,91,93.1,88.3,84.4,88.8,94.2,--,--,4.8,4.1,7.4,0.6,1.1,7.1,7.6,3.5,8.2,8.5,6.9,4.6,6.1,8.9,6,1.3,--,--,0.7,0.4,1.8,0.5,0.3,0.3,0.4,0.4,1.5,1.7,2.1,2.3,5.6,6.7,5.2,4.5,--,--
2018,Goiás,Urbana,Municipal,94.6,95.6,90.9,98.9,98.5,92.6,92.2,96.3,90.5,89.8,91,93,88.2,84.8,87.7,95.2,--,--,4.7,4,7.4,0.6,1.2,7.1,7.4,3.3,8.1,8.6,6.9,4.8,6.7,9.9,7,0.8,--,--,0.7,0.4,1.7,0.5,0.3,0.3,0.4,0.4,1.4,1.6,2.1,2.2,5.1,5.3,5.3,4,--,--
2018,Goiás,Rural,Municipal,93,94.1,90.5,98.9,99,93,88.7,92.7,88,89.7,91.3,94.1,88.7,82.6,96.4,90.6,--,--,6.1,5.5,7.4,0.7,0.8,6.7,10.9,6.7,9.8,8.4,6.8,3.3,2.8,4.3,0,3.1,--,--,0.9,0.4,2.1,0.4,0.2,0.3,0.4,0.6,2.2,1.9,1.9,2.6,8.5,13.1,3.6,6.3,--,--
2018,Goiás,Total,Privada,98.6,99.3,97.6,99.4,99.6,99.4,98.9,99.1,97.9,97.2,97.6,97.7,95.9,93.6,96.3,98.1,--,98.8,1.3,0.6,2.2,0.4,0.3,0.5,1.1,0.9,1.9,2.7,2.3,2.1,3.7,5.8,3.4,1.5,--,0.7,0.1,0.1,0.2,0.2,0.1,0.1,0,0,0.2,0.1,0.1,0.2,0.4,0.6,0.3,0.4,--,0.5
2018,Goiás,Urbana,Privada,98.6,99.3,97.6,99.4,99.6,99.4,98.9,99.1,97.9,97.2,97.6,97.7,95.9,93.6,96.3,98.2,--,98.8,1.3,0.6,2.2,0.4,0.3,0.5,1.1,0.9,1.9,2.7,2.3,2.1,3.7,5.8,3.4,1.5,--,0.7,0.1,0.1,0.2,0.2,0.1,0.1,0,0,0.2,0.1,0.1,0.2,0.4,0.6,0.3,0.3,--,0.5
2018,Goiás,Rural,Privada,98.5,98.1,98.8,98.4,97,98.7,96.5,100,98.8,99.1,99,98.4,96.9,96.3,97.3,97.4,--,--,1.5,1.9,1.2,1.6,3,1.3,3.5,0,1.2,0.9,1,1.6,2.9,3.7,2.2,2.6,--,--,0,0,0,0,0,0,0,0,0,0,0,0,0.2,0,0.5,0,--,--
2018,Goiás,Total,Pública,94.6,95.6,93.3,99,98.6,93,92.3,96.2,93.1,92.6,93.1,94.4,91.1,87.7,92.8,94.2,91.9,98.7,4.5,4,5.2,0.6,1.1,6.7,7.3,3.4,5.7,6,5.3,3.8,6,8.8,5,3.2,5.2,0.4,0.9,0.4,1.5,0.4,0.3,0.3,0.4,0.4,1.2,1.4,1.6,1.8,2.9,3.5,2.2,2.6,2.9,0.9
2018,Goiás,Urbana,Pública,94.6,95.7,93.4,99,98.6,92.9,92.5,96.4,93.2,92.7,93.1,94.4,91.1,87.7,92.8,94.2,91.9,98.6,4.5,3.9,5.2,0.6,1.1,6.7,7.1,3.2,5.6,5.9,5.2,3.8,6.1,8.8,5,3.1,5.2,0.5,0.9,0.4,1.4,0.4,0.3,0.4,0.4,0.4,1.2,1.4,1.7,1.8,2.8,3.5,2.2,2.7,2.9,0.9
2018,Goiás,Rural,Pública,93.3,94.3,91.8,99,99,93.3,88.9,93,90.1,90.7,92.6,94.4,92.1,88.4,94.2,95.2,--,100,5.7,5.3,6.3,0.7,0.7,6.4,10.6,6.4,8.2,7.4,5.7,3.2,5.9,8.5,4.2,3.7,--,0,1,0.4,1.9,0.3,0.3,0.3,0.5,0.6,1.7,1.9,1.7,2.4,2,3.1,1.6,1.1,--,0
2018,Distrito Federal,Total,Total,94.3,96,92.2,98.8,99.1,89.1,99.1,94.9,95.3,87.9,96.1,89.4,86.2,81,88.6,91.5,--,90.9,5,3.8,6.4,1,0.7,10.8,0.8,4.8,3,10.6,2.6,9.4,10.2,14.4,8.2,6.3,--,9.1,0.7,0.2,1.4,0.2,0.2,0.1,0.1,0.3,1.7,1.5,1.3,1.2,3.6,4.6,3.2,2.2,--,0
2018,Distrito Federal,Urbana,Total,94.3,96.2,92.2,98.8,99.2,89.3,99,95.2,95.2,88,96.1,89.4,86.2,81,88.5,91.4,--,90.9,4.9,3.7,6.4,1,0.7,10.5,0.8,4.5,3,10.5,2.7,9.3,10.2,14.3,8.3,6.3,--,9.1,0.8,0.1,1.4,0.2,0.1,0.2,0.2,0.3,1.8,1.5,1.2,1.3,3.6,4.7,3.2,2.3,--,0
2018,Distrito Federal,Rural,Total,92.9,93.3,92.2,98,98.5,83.7,99.5,89.9,97.3,85.6,97.6,88.6,86.8,80,91.5,94.9,--,--,6.5,6.3,6.8,1.6,1.1,15.9,0.4,9.7,1.7,13.3,1.3,10.6,11.1,17.1,6.3,4.2,--,--,0.6,0.4,1,0.4,0.4,0.4,0.1,0.4,1,1.1,1.1,0.8,2.1,2.9,2.2,0.9,--,--
2018,Distrito Federal,Total,Federal,99.3,--,99.3,--,--,--,--,--,100,99.3,98.9,99.2,86,78.3,92,93.4,--,--,0.7,--,0.7,--,--,--,--,--,0,0.7,1.1,0.8,12.5,18.9,7.7,6.1,--,--,0,--,0,--,--,--,--,--,0,0,0,0,1.5,2.8,0.3,0.5,--,--
2018,Distrito Federal,Urbana,Federal,99.3,--,99.3,--,--,--,--,--,100,99.3,98.9,99.2,88,81.6,92.5,93.1,--,--,0.7,--,0.7,--,--,--,--,--,0,0.7,1.1,0.8,10.8,16.1,7.2,6.4,--,--,0,--,0,--,--,--,--,--,0,0,0,0,1.2,2.3,0.3,0.5,--,--
2018,Distrito Federal,Rural,Federal,--,--,--,--,--,--,--,--,--,--,--,--,75.5,66.8,88.6,96.5,--,--,--,--,--,--,--,--,--,--,--,--,--,--,21.5,28.7,11.4,3.5,--,--,--,--,--,--,--,--,--,--,--,--,--,--,3,4.5,0,0,--,--
2018,Distrito Federal,Total,Estadual,92.7,94.7,90.3,98.3,98.8,85.4,98.9,93.4,94.3,84.6,95.7,86.6,83.1,77.3,85.7,89,--,--,6.3,5.1,7.8,1.4,0.9,14.3,0.9,6.3,3.5,13.4,2.6,11.7,12.3,16.8,10,7.9,--,--,1,0.2,1.9,0.3,0.3,0.3,0.2,0.3,2.2,2,1.7,1.7,4.6,5.9,4.3,3.1,--,--
2018,Distrito Federal,Urbana,Estadual,92.6,94.8,90.2,98.3,98.9,85.6,98.8,93.7,94.1,84.6,95.6,86.6,82.9,77.2,85.6,88.9,--,--,6.3,5,7.8,1.4,0.9,14.2,1,6,3.6,13.3,2.7,11.7,12.4,16.9,10.1,7.9,--,--,1.1,0.2,2,0.3,0.2,0.2,0.2,0.3,2.3,2.1,1.7,1.7,4.7,5.9,4.3,3.2,--,--
2018,Distrito Federal,Rural,Estadual,92.7,93.3,91.8,98,98.4,83.6,99.5,89.8,97.3,84.9,97.4,87.4,88.9,83.7,91.8,94.2,--,--,6.6,6.4,7.1,1.6,1.2,16.1,0.4,9.8,1.7,13.9,1.3,11.7,8.8,13.5,5.4,4.7,--,--,0.7,0.3,1.1,0.4,0.4,0.3,0.1,0.4,1,1.2,1.3,0.9,2.3,2.8,2.8,1.1,--,--
2018,Distrito Federal,Total,Privada,98.7,99.6,97.5,99.9,99.8,99.5,99.6,99.3,98.4,97.3,97.3,96.9,95.9,93.6,96.7,97.9,--,90.9,1.3,0.4,2.5,0.1,0.2,0.5,0.4,0.7,1.6,2.6,2.7,3.1,3.9,5.9,3.3,2.1,--,9.1,0,0,0,0,0,0,0,0,0,0.1,0,0,0.2,0.5,0,0,--,0
2018,Distrito Federal,Urbana,Privada,98.7,99.6,97.5,99.9,99.8,99.5,99.6,99.3,98.4,97.4,97.3,96.8,95.9,93.7,96.7,97.9,--,90.9,1.3,0.4,2.5,0.1,0.2,0.5,0.4,0.7,1.6,2.5,2.7,3.2,3.8,5.8,3.2,2.1,--,9.1,0,0,0,0,0,0,0,0,0,0.1,0,0,0.3,0.5,0.1,0,--,0
2018,Distrito Federal,Rural,Privada,96.8,98.8,96.5,100,100,96,100,100,--,91.9,99,100,90.3,84.8,92.9,100,--,--,3.2,1.2,3.5,0,0,4,0,0,--,8.1,1,0,9.7,15.2,7.1,0,--,--,0,0,0,0,0,0,0,0,--,0,0,0,0,0,0,0,--,--
2018,Distrito Federal,Total,Pública,92.7,94.7,90.3,98.3,98.8,85.4,98.9,93.4,94.3,84.7,95.7,86.7,83.2,77.4,85.9,89.2,--,--,6.3,5.1,7.7,1.4,0.9,14.3,0.9,6.3,3.4,13.3,2.6,11.6,12.3,16.8,9.9,7.8,--,--,1,0.2,2,0.3,0.3,0.3,0.2,0.3,2.3,2,1.7,1.7,4.5,5.8,4.2,3,--,--
2018,Distrito Federal,Urbana,Pública,92.7,94.8,90.3,98.3,98.9,85.6,98.8,93.7,94.1,84.7,95.6,86.7,83.1,77.3,85.7,89,--,--,6.3,5,7.8,1.4,0.9,14.2,1,6,3.5,13.3,2.7,11.6,12.3,16.8,10,7.9,--,--,1,0.2,1.9,0.3,0.2,0.2,0.2,0.3,2.4,2,1.7,1.7,4.6,5.9,4.3,3.1,--,--
2018,Distrito Federal,Rural,Pública,92.7,93.3,91.8,98,98.4,83.6,99.5,89.8,97.3,84.9,97.4,87.4,86.4,79.5,91.4,94.5,--,--,6.6,6.4,7.1,1.6,1.2,16.1,0.4,9.8,1.7,13.9,1.3,11.7,11.2,17.3,6.3,4.6,--,--,0.7,0.3,1.1,0.4,0.4,0.3,0.1,0.4,1,1.2,1.3,0.9,2.4,3.2,2.3,0.9,--,--
2018,Distrito Federal,Rural,Pública,92.7,93.3,91.8,98,98.4,83.6,99.5,89.8,97.3,84.9,97.4,87.4,86.4,79.5,91.4,94.5,--,--,6.6,6.4,7.1,1.6,1.2,16.1,0.4,9.8,1.7,13.9,1.3,11.7,11.2,17.3,6.3,4.6,--,--,0.7,0.3,1.1,0.4,0.4,0.3,0.1,0.4,1,1.2,1.3,0.9,2.4,3.2,2.3,0.9,--,--
Fonte: Censo da Educação Básica 2018/INEP.,Distrito Federal,Rural,Pública,92.7,93.3,91.8,98,98.4,83.6,99.5,89.8,97.3,84.9,97.4,87.4,86.4,79.5,91.4,94.5,--,--,6.6,6.4,7.1,1.6,1.2,16.1,0.4,9.8,1.7,13.9,1.3,11.7,11.2,17.3,6.3,4.6,--,--,0.7,0.3,1.1,0.4,0.4,0.3,0.1,0.4,1,1.2,1.3,0.9,2.4,3.2,2.3,0.9,--,--
