Ano,Unidade Geográfica,Localização,Dependência Administrativa,Total,Anos Iniciais,Anos Finais,1º Ano ,2º Ano,3º Ano,4º Ano,5º Ano,6º Ano,7º Ano,8º Ano,9º Ano,Total,1ª série,2ª série,3ª série,4ª série,Não-Seriado,Total,Anos Iniciais,Anos Finais,1º Ano ,2º Ano,3º Ano,4º Ano,5º Ano,6º Ano,7º Ano,8º Ano,9º Ano,Total,1ª série,2ª série,3ª série,4ª série,Não-Seriado,Total_Abandono_EF2016,Anos Iniciais,Anos Finais,1º Ano ,2º Ano,3º Ano,4º Ano,5º Ano,6º Ano,7º Ano,8º Ano,9º Ano,Total_Abandono_EM2016,1ª série,2ª série,3ª série,4ª série,Não-Seriado
2016,Norte,Rondônia,Total,Total,90.2,92,87.7,98,98.3,85.9,88.8,92.7,84.9,87.6,89.5,90,84.6,77.3,86.5,92.8,92.5,86,7.9,7.1,9,0.9,0.9,13.4,10.3,6.2,11.8,9.4,7.4,6,8.2,13.1,6.5,3.3,5.7,2.4,1.9,0.9,3.3,1.1,0.8,0.7,0.9,1.1,3.3,3,3.1,4,7.2,9.6,7,3.9,1.8,11.6
2016,Norte,Rondônia,Urbana,Pública,90.3,92.3,87.6,98,98.7,86.3,89.2,93.1,85.2,87.8,89.4,89.1,83.7,76,85.9,92.3,91.8,86.9,7.9,7,9.1,1,0.8,13.2,10.1,6,11.5,9.3,7.7,6.8,8.7,14,6.9,3.6,5.8,1.5,1.8,0.7,3.3,1,0.5,0.5,0.7,0.9,3.3,2.9,2.9,4.1,7.6,10,7.2,4.1,2.4,11.6
2016,Norte,Rondônia,Rural,Pública,87.4,88.6,85.4,97,96.7,81.1,84.5,89.5,80.3,84.7,88.1,90.9,86,83.1,85,91.4,88.6,68.4,9.8,9.6,10.2,1,1.3,17.2,13.8,8.4,15.4,11.2,7.2,4.4,4.8,6.4,4.3,2.5,11.4,26.3,2.8,1.8,4.4,2,2,1.7,1.7,2.1,4.3,4.1,4.7,4.7,9.2,10.5,10.7,6.1,0,5.3
2016,Norte,Rondônia,Total,Pública,89.6,91.4,87.1,97.8,98.2,85,88,92.2,84.2,87.1,89.1,89.5,83.9,76.5,85.9,92.2,91.6,86.7,8.3,7.6,9.3,1,1,14.2,11,6.6,12.3,9.7,7.6,6.3,8.4,13.4,6.7,3.5,6.3,1.8,2.1,1,3.6,1.2,0.8,0.8,1,1.2,3.5,3.2,3.3,4.2,7.7,10.1,7.4,4.3,2.1,11.5
2016,Norte,Rondônia,Urbana,Privada,97.9,99.1,95.8,99.8,99.3,98.5,99.3,98.5,95.4,95.5,95.6,96.8,93.9,89.3,94.7,99.3,--,73.6,1.9,0.7,4,0.1,0.1,1.5,0.7,1.4,4.4,4.4,4.2,2.9,5.5,10.3,5.1,0.6,--,12.5,0.2,0.2,0.2,0.1,0.6,0,0,0.1,0.2,0.1,0.2,0.3,0.6,0.4,0.2,0.1,--,13.9
2016,Norte,Rondônia,Rural,Privada,95.4,96.1,94.9,100,100,90.3,92.3,97.4,92.3,94.6,94.8,100,94.7,93.6,95.8,94,96.3,--,4.2,2.6,5.1,0,0,6.5,7.7,0,7.7,5.4,5.2,0,4.4,5.3,2.8,5,3.7,--,0.4,1.3,0,0,0,3.2,0,2.6,0,0,0,0,0.9,1.1,1.4,1,0,--
2016,Norte,Rondônia,Urbana,Municipal,91.1,91.8,82.6,97.9,98.4,85.8,87.3,91.9,76.8,82.8,86.9,90.8,--,--,--,--,--,--,7.9,7.4,13.5,1,0.9,13.7,11.8,7,18.6,13.7,9.3,5.9,--,--,--,--,--,--,1,0.8,3.9,1.1,0.7,0.5,0.9,1.1,4.6,3.5,3.8,3.3,--,--,--,--,--,--
2016,Norte,Rondônia,Rural,Municipal,87.6,88.9,85,97.1,97.1,81.8,84.4,89.7,78.6,84.4,88.5,92.2,--,--,--,--,--,--,10.1,9.6,11.3,1.1,1.5,17,14,8.5,17.8,12,7.6,4.2,--,--,--,--,--,--,2.3,1.5,3.7,1.8,1.4,1.2,1.6,1.8,3.6,3.6,3.9,3.6,--,--,--,--,--,--
2016,Norte,Rondônia,Urbana,Federal,--,--,--,--,--,--,--,--,--,--,--,--,85.6,76.6,89.2,94.3,91.8,--,--,--,--,--,--,--,--,--,--,--,--,--,13.3,22.3,10.6,4.5,5.8,--,--,--,--,--,--,--,--,--,--,--,--,--,1.1,1.1,0.2,1.2,2.4,--
2016,Norte,Rondônia,Rural,Federal,--,--,--,--,--,--,--,--,--,--,--,--,94.1,91,96.5,97,88.6,--,--,--,--,--,--,--,--,--,--,--,--,--,5.2,8.2,2.8,2.3,11.4,--,--,--,--,--,--,--,--,--,--,--,--,--,0.7,0.8,0.7,0.7,0,--
2016,Norte,Rondônia,Urbana,Estadual,89.7,93.4,88.1,98.7,99.2,87.5,92.4,94.9,86.2,88.3,89.6,89,83.6,75.9,85.8,92.2,--,86.9,7.9,6.1,8.7,0.6,0.5,12.1,7,4.4,10.7,8.9,7.6,6.8,8.5,13.5,6.7,3.6,--,1.5,2.4,0.5,3.2,0.7,0.3,0.4,0.6,0.7,3.1,2.8,2.8,4.2,7.9,10.6,7.5,4.2,--,11.6
2016,Norte,Rondônia,Rural,Estadual,86.4,86.5,86.3,96,94.5,76.7,85.3,88.2,84.5,85.6,87.3,88.4,83.7,80.9,81.9,89.8,--,68.4,8.4,9.6,7.7,0.5,0.4,19,12.1,7.8,9.7,9,6.4,4.9,4.7,5.9,4.7,2.6,--,26.3,5.2,3.9,6,3.5,5.1,4.3,2.6,4,5.8,5.4,6.3,6.7,11.6,13.2,13.4,7.6,--,5.3
2016,Norte,Rondônia,Total,Privada,97.9,99.1,95.8,99.8,99.3,98.4,99.2,98.5,95.3,95.5,95.5,96.9,94.1,89.9,94.8,98.4,96.3,73.6,1.9,0.8,4.1,0.1,0.1,1.6,0.8,1.4,4.5,4.5,4.3,2.8,5.4,9.6,4.9,1.3,3.7,12.5,0.2,0.1,0.1,0.1,0.6,0,0,0.1,0.2,0,0.2,0.3,0.5,0.5,0.3,0.3,0,13.9
2016,Norte,Rondônia,Total,Municipal,89.8,91,84.3,97.7,98.1,84.6,86.4,91.2,78,84,88,91.9,--,--,--,--,--,--,8.7,8,12,1,1.1,14.6,12.5,7.5,18,12.5,8.1,4.6,--,--,--,--,--,--,1.5,1,3.7,1.3,0.8,0.8,1.1,1.3,4,3.5,3.9,3.5,--,--,--,--,--,--
2016,Norte,Rondônia,Total,Federal,--,--,--,--,--,--,--,--,--,--,--,--,88,80.7,91.7,95.3,91.6,--,--,--,--,--,--,--,--,--,--,--,--,--,11,18.4,8,3.6,6.3,--,--,--,--,--,--,--,--,--,--,--,--,--,1,0.9,0.3,1.1,2.1,--
2016,Norte,Rondônia,Total,Estadual,89.4,92.6,87.9,98.3,98.6,86.1,91.7,94.2,86,88.1,89.4,88.9,83.6,76.3,85.6,92,--,86.7,8,6.5,8.6,0.6,0.5,13,7.6,4.8,10.6,8.9,7.5,6.7,8.2,13,6.6,3.5,--,1.8,2.6,0.9,3.5,1.1,0.9,0.9,0.7,1,3.4,3,3.1,4.4,8.2,10.7,7.8,4.5,--,11.5
2016,Norte,Rondônia,Urbana,Total,91,93,88.3,98.3,98.7,87.4,90.1,93.6,86,88.4,89.9,89.8,84.4,76.7,86.6,92.9,91.8,86.3,7.3,6.3,8.7,0.8,0.7,12.2,9.2,5.5,10.9,8.9,7.4,6.4,8.5,13.8,6.8,3.4,5.8,2,1.7,0.7,3,0.9,0.6,0.4,0.7,0.9,3.1,2.7,2.7,3.8,7.1,9.5,6.6,3.7,2.4,11.7
2016,Norte,Rondônia,Rural,Total,87.4,88.6,85.5,97,96.8,81.2,84.5,89.6,80.4,84.9,88.2,91,87.2,84.2,86.1,91.8,94.4,68.4,9.8,9.5,10.2,1,1.3,17.2,13.8,8.4,15.3,11.1,7.2,4.4,4.7,6.3,4.2,2.9,5.6,26.3,2.8,1.9,4.3,2,1.9,1.6,1.7,2,4.3,4,4.6,4.6,8.1,9.5,9.7,5.3,0,5.3
2016,Norte,Acre,Total,Total,90.7,90.5,90.9,98,84.1,88.7,90.9,93.5,90.2,90.8,91.8,90.9,81.3,73.3,86.4,86.1,85.9,--,7,7.9,5.6,0.4,14.1,10,7.5,5,6.8,5.4,4.9,5.2,9.7,14.6,7.7,5.7,10.9,--,2.3,1.6,3.5,1.6,1.8,1.3,1.6,1.5,3,3.8,3.3,3.9,9,12.1,5.9,8.2,3.2,--
2016,Norte,Acre,Urbana,Pública,92.9,93.4,92.2,99.4,89,91.1,93.4,95.7,92.3,92.8,92.8,90.9,79.2,70,84.8,84.4,85.9,--,5.9,6,5.8,0,10.2,8.4,6,3.7,6.3,5.7,5.2,5.8,11.2,17.1,8.8,6.5,10.9,--,1.2,0.6,2,0.6,0.8,0.5,0.6,0.6,1.4,1.5,2,3.3,9.6,12.9,6.4,9.1,3.2,--
2016,Norte,Acre,Rural,Pública,85.3,84.5,86.7,94.9,74.5,83.5,85.8,89,84.6,85.6,88.2,89.6,88.7,84.4,91.6,92.7,--,--,10,12.1,6.1,1.1,22,13.7,10.8,7.7,8.8,5.6,4.7,4.1,3.4,4.7,2.9,1.8,--,--,4.7,3.4,7.2,4,3.5,2.8,3.4,3.3,6.6,8.8,7.1,6.3,7.9,10.9,5.5,5.5,--,--
2016,Norte,Acre,Total,Pública,90.2,90.1,90.5,97.9,83.4,88.2,90.5,93.2,89.8,90.4,91.5,90.5,80.7,72.5,85.9,85.5,85.9,--,7.3,8.3,5.9,0.4,14.8,10.4,7.8,5.2,7.1,5.7,5.1,5.4,10,14.9,7.9,5.9,10.9,--,2.5,1.6,3.6,1.7,1.8,1.4,1.7,1.6,3.1,3.9,3.4,4.1,9.3,12.6,6.2,8.6,3.2,--
2016,Norte,Acre,Urbana,Privada,99.4,99.6,99.1,99.7,99.8,99.3,99.4,99.9,99.1,99.1,99,99.1,95.4,91.8,96,98.4,--,--,0.6,0.4,0.8,0.3,0.2,0.7,0.5,0.1,0.6,0.9,1,0.9,4.6,8.2,4,1.6,--,--,0,0,0.1,0,0,0,0.1,0,0.3,0,0,0,0,0,0,0,--,--
2016,Norte,Acre,Urbana,Municipal,91.7,91.8,90.4,99.2,87.2,89.2,92.1,93.7,86.5,89.9,91.8,95.4,--,--,--,--,--,--,7.3,7.3,6.9,0,11.7,10.1,7.2,5.4,11.4,7.9,5,1.2,--,--,--,--,--,--,1,0.9,2.7,0.8,1.1,0.7,0.7,0.9,2.1,2.2,3.2,3.4,--,--,--,--,--,--
2016,Norte,Acre,Rural,Municipal,83.8,83.5,85,96.4,71.9,81.8,84.5,89.9,82.6,82.6,87.4,89.4,--,--,--,--,--,--,11.9,13,7.3,0.4,24.4,15.3,11.5,6.9,10.8,6.9,5.3,4.4,--,--,--,--,--,--,4.3,3.5,7.7,3.2,3.7,2.9,4,3.2,6.6,10.5,7.3,6.2,--,--,--,--,--,--
2016,Norte,Acre,Urbana,Federal,87.8,91.8,85.1,100,96,96.7,77.8,89.7,77.8,93.1,67.9,91.9,83.7,76.8,87,98.7,85.9,--,11.9,8.2,14.4,0,4,3.3,22.2,10.3,22.2,6.9,32.1,6.5,12.1,17.1,9.6,1.3,10.9,--,0.3,0,0.5,0,0,0,0,0,0,0,0,1.6,4.2,6.1,3.4,0,3.2,--
2016,Norte,Acre,Urbana,Estadual,93.4,94.9,92.4,99.6,90.9,93.1,94.8,97.5,92.8,93,92.9,90.6,79,69.7,84.8,84.2,--,--,5.2,4.7,5.6,0,8.6,6.6,4.9,2.2,5.8,5.5,5.1,6.1,11.2,17.1,8.8,6.6,--,--,1.4,0.4,2,0.4,0.5,0.3,0.3,0.3,1.4,1.5,2,3.3,9.8,13.2,6.4,9.2,--,--
2016,Norte,Acre,Rural,Estadual,86.9,86.4,87.5,92.1,79.6,86.6,88,87.7,85.7,86.7,88.7,89.7,88.7,84.4,91.6,92.7,--,--,7.9,10.4,5.5,2.3,17.2,11,9.5,8.9,7.8,5.1,4.4,4.1,3.4,4.7,2.9,1.8,--,--,5.2,3.2,7,5.6,3.2,2.4,2.5,3.4,6.5,8.2,6.9,6.2,7.9,10.9,5.5,5.5,--,--
2016,Norte,Acre,Total,Privada,99.4,99.6,99.1,99.7,99.8,99.3,99.4,99.9,99.1,99.1,99,99.1,95.4,91.8,96,98.4,--,--,0.6,0.4,0.8,0.3,0.2,0.7,0.5,0.1,0.6,0.9,1,0.9,4.6,8.2,4,1.6,--,--,0,0,0.1,0,0,0,0.1,0,0.3,0,0,0,0,0,0,0,--,--
2016,Norte,Acre,Total,Municipal,88,88.2,86.9,98.1,80.3,85.9,88.7,92,83.9,85.3,88.8,91.5,--,--,--,--,--,--,9.4,9.8,7.1,0.2,17.4,12.4,9.1,6,11,7.3,5.2,3.2,--,--,--,--,--,--,2.6,2,6,1.7,2.3,1.7,2.2,2,5.1,7.4,6,5.3,--,--,--,--,--,--
2016,Norte,Acre,Total,Federal,87.8,91.8,85.1,100,96,96.7,77.8,89.7,77.8,93.1,67.9,91.9,83.7,76.8,87,98.7,85.9,--,11.9,8.2,14.4,0,4,3.3,22.2,10.3,22.2,6.9,32.1,6.5,12.1,17.1,9.6,1.3,10.9,--,0.3,0,0.5,0,0,0,0,0,0,0,0,1.6,4.2,6.1,3.4,0,3.2,--
2016,Norte,Acre,Total,Estadual,91.7,92.3,91.2,97.6,87.5,91,92.8,94.5,91,91.3,92,90.4,80.6,72.4,85.9,85.3,--,--,6,6.4,5.6,0.6,11.2,8,6.3,4.2,6.4,5.4,5,5.6,9.9,14.8,7.8,6,--,--,2.3,1.3,3.2,1.8,1.3,1,0.9,1.3,2.6,3.3,3,4,9.5,12.8,6.3,8.7,--,--
2016,Norte,Acre,Urbana,Total,93.3,93.8,92.6,99.4,89.8,91.7,93.8,96,92.7,93.2,93.1,91.4,80,71.1,85.5,85.3,85.9,--,5.6,5.6,5.5,0,9.5,7.9,5.7,3.5,6,5.4,5,5.5,10.8,16.6,8.6,6.2,10.9,--,1.1,0.6,1.9,0.6,0.7,0.4,0.5,0.5,1.3,1.4,1.9,3.1,9.2,12.3,5.9,8.5,3.2,--
2016,Norte,Acre,Rural,Total,85.3,84.5,86.7,94.9,74.5,83.5,85.8,89,84.6,85.6,88.2,89.6,88.7,84.4,91.6,92.7,--,--,10,12.1,6.1,1.1,22,13.7,10.8,7.7,8.8,5.6,4.7,4.1,3.4,4.7,2.9,1.8,--,--,4.7,3.4,7.2,4,3.5,2.8,3.4,3.3,6.6,8.8,7.1,6.3,7.9,10.9,5.5,5.5,--,--
2016,Norte,Amazonas,Total,Total,89.3,90.2,88.1,97.1,96.9,81.7,90.2,87,86.2,87.9,88.9,90,85,81.2,85.1,89.9,100,100,7.4,7.5,7.2,0.7,1.1,16,7.8,10.2,9.2,7.7,6.5,4.9,5.9,7.6,5.8,3.6,0,0,3.3,2.3,4.7,2.2,2,2.3,2,2.8,4.6,4.4,4.6,5.1,9.1,11.2,9.1,6.5,0,0
2016,Norte,Amazonas,Urbana,Pública,90.2,91.4,88.7,98.1,98.1,81.8,91,89.9,87.5,88.5,89.2,90,84.4,80.7,84.3,89.5,--,--,7.2,7,7.4,0.3,0.6,16.5,7.8,8.2,9,8,7,5.3,6.3,8.2,6.4,3.8,--,--,2.6,1.6,3.9,1.6,1.3,1.7,1.2,1.9,3.5,3.5,3.8,4.7,9.3,11.1,9.3,6.7,--,--
2016,Norte,Amazonas,Rural,Pública,84.2,84.5,83.8,93.8,93.3,76.4,85.9,77.5,79.9,83.3,85.6,88.1,84.9,80.6,86,89.9,--,100,9.5,10.8,7.6,1.8,2.4,19.2,9.6,16.8,11.2,7.9,5.7,3.9,3.8,4.9,3.4,2.7,--,0,6.3,4.7,8.6,4.4,4.3,4.4,4.5,5.7,8.9,8.8,8.7,8,11.3,14.5,10.6,7.4,--,0
2016,Norte,Amazonas,Total,Pública,88.6,89.4,87.5,96.9,96.7,80.2,89.5,86.1,85.5,87.3,88.4,89.6,84.5,80.7,84.6,89.5,--,100,7.8,8.1,7.5,0.7,1.1,17.3,8.3,10.8,9.6,8,6.7,5,5.9,7.6,5.9,3.6,--,0,3.6,2.5,5,2.4,2.2,2.5,2.2,3.1,4.9,4.7,4.9,5.4,9.6,11.7,9.5,6.9,--,0
2016,Norte,Amazonas,Urbana,Privada,98,98.6,96.7,98.6,98.9,98.6,98.3,98.6,97,96.5,97,96.3,95.4,92.1,96.5,97.5,100,--,1.8,1.1,3.1,1,0.8,1.1,1.5,1.2,2.8,3.4,2.8,3.6,4.3,7.3,3.2,2.3,0,--,0.2,0.3,0.2,0.4,0.3,0.3,0.2,0.2,0.2,0.1,0.2,0.1,0.3,0.6,0.3,0.2,0,--
2016,Norte,Amazonas,Rural,Privada,99,98.9,99.1,100,100,95,100,100,100,100,100,96.8,98.7,100,96.2,100,--,--,0.5,0,0.9,0,0,0,0,0,0,0,0,3.2,0.6,0,1.9,0,--,--,0.5,1.1,0,0,0,5,0,0,0,0,0,0,0.7,0,1.9,0,--,--
2016,Norte,Amazonas,Urbana,Municipal,88.3,89.6,85,97.7,97.7,78.7,87,88.5,82.9,84.8,85.9,88.2,90.6,86.4,91.4,97.1,--,--,9,8.4,10.5,0.3,0.7,19.2,11.4,9.1,12.8,11.1,9.4,6.4,3.8,5.6,3.2,1.4,--,--,2.7,2,4.5,2,1.6,2.1,1.6,2.4,4.3,4.1,4.7,5.4,5.6,8,5.4,1.5,--,--
2016,Norte,Amazonas,Rural,Municipal,83.7,84.3,82.6,93.7,93.2,76.3,85.3,77,78.4,82.2,85,87.5,--,--,--,--,--,--,10,10.9,8.3,1.8,2.4,19.3,10.1,17.1,12.1,8.6,6,4.2,--,--,--,--,--,--,6.3,4.8,9.1,4.5,4.4,4.4,4.6,5.9,9.5,9.2,9,8.3,--,--,--,--,--,--
2016,Norte,Amazonas,Urbana,Federal,89.9,--,89.9,--,--,--,--,--,94.1,93.2,85.3,88.6,86.4,80.7,91.6,91,--,--,8.7,--,8.7,--,--,--,--,--,5.9,4.7,14.7,7.6,12.5,18,7.4,8.3,--,--,1.4,--,1.4,--,--,--,--,--,0,2.1,0,3.8,1.1,1.3,1,0.7,--,--
2016,Norte,Amazonas,Rural,Federal,--,--,--,--,--,--,--,--,--,--,--,--,87.9,79.3,90.3,100,--,--,--,--,--,--,--,--,--,--,--,--,--,--,7.5,10,9.7,0,--,--,--,--,--,--,--,--,--,--,--,--,--,--,4.6,10.7,0,0,--,--
2016,Norte,Amazonas,Urbana,Estadual,92.4,95.3,90.7,99.3,99,88.9,99.1,92.5,90.7,90.6,90.7,90.7,84.3,80.7,84.1,89.4,--,--,5.1,3.9,5.8,0,0.2,10.2,0.4,6.7,6.3,6.2,5.9,4.9,6.2,7.8,6.3,3.7,--,--,2.5,0.8,3.5,0.7,0.8,0.9,0.5,0.8,3,3.2,3.4,4.4,9.5,11.5,9.6,6.9,--,--
2016,Norte,Amazonas,Rural,Estadual,89.8,90.4,89.6,96.7,97,79.4,97.6,85.8,89.1,89.9,88.8,90.6,84.8,80.6,85.9,89.9,--,100,5.1,7.2,4.2,0.8,1.6,17.7,0.5,11.5,5.3,4.3,4.7,2.7,3.8,4.8,3.3,2.7,--,0,5.1,2.4,6.2,2.5,1.4,2.9,1.9,2.7,5.6,5.8,6.5,6.7,11.4,14.6,10.8,7.4,--,0
2016,Norte,Amazonas,Total,Privada,98,98.6,96.7,98.6,98.9,98.6,98.3,98.6,97.1,96.5,97,96.3,95.4,92.3,96.5,97.6,100,--,1.8,1.1,3.1,1,0.8,1.1,1.5,1.2,2.8,3.3,2.8,3.6,4.3,7.2,3.2,2.3,0,--,0.2,0.3,0.2,0.4,0.3,0.3,0.2,0.2,0.1,0.2,0.2,0.1,0.3,0.5,0.3,0.1,0,--
2016,Norte,Amazonas,Total,Municipal,86.5,87.7,83.9,96.4,96.1,77.8,86.4,83.9,81,83.7,85.5,87.9,90.6,86.4,91.4,97.1,--,--,9.4,9.3,9.5,0.8,1.3,19.3,10.9,12.3,12.5,10,7.8,5.4,3.8,5.6,3.2,1.4,--,--,4.1,3,6.6,2.8,2.6,2.9,2.7,3.8,6.5,6.3,6.7,6.7,5.6,8,5.4,1.5,--,--
2016,Norte,Amazonas,Total,Federal,89.9,--,89.9,--,--,--,--,--,94.1,93.2,85.3,88.6,86.5,80.6,91.5,91.6,--,--,8.7,--,8.7,--,--,--,--,--,5.9,4.7,14.7,7.6,12.2,17.5,7.6,7.7,--,--,1.4,--,1.4,--,--,--,--,--,0,2.1,0,3.8,1.3,1.9,0.9,0.7,--,--
2016,Norte,Amazonas,Total,Estadual,92.2,95.1,90.6,99.2,98.9,88.5,99,92.1,90.6,90.6,90.6,90.6,84.4,80.7,84.4,89.5,--,100,5.1,4.1,5.7,0.1,0.2,10.6,0.4,6.9,6.2,6.1,5.8,4.7,5.8,7.3,5.9,3.6,--,0,2.7,0.8,3.7,0.7,0.9,0.9,0.6,1,3.2,3.3,3.6,4.7,9.8,12,9.7,6.9,--,0
2016,Norte,Amazonas,Urbana,Total,91,92.2,89.4,98.1,98.2,83.6,91.7,90.8,88.2,89.2,89.8,90.5,85,81.2,85,89.9,100,--,6.7,6.3,7.1,0.4,0.6,14.8,7.1,7.5,8.5,7.6,6.7,5.2,6.2,8.2,6.2,3.7,0,--,2.3,1.5,3.5,1.5,1.2,1.6,1.2,1.7,3.3,3.2,3.5,4.3,8.8,10.6,8.8,6.4,0,--
2016,Norte,Amazonas,Rural,Total,84.3,84.6,83.8,93.8,93.3,76.4,85.9,77.5,79.9,83.4,85.7,88.2,84.9,80.7,86,90,--,100,9.5,10.7,7.6,1.8,2.4,19.2,9.6,16.8,11.2,7.9,5.7,3.9,3.8,4.8,3.4,2.7,--,0,6.2,4.7,8.6,4.4,4.3,4.4,4.5,5.7,8.9,8.7,8.6,7.9,11.3,14.5,10.6,7.3,--,0
2016,Norte,Roraima,Total,Total,90.1,93.5,85.6,98.2,93.5,91.2,91.9,92.8,84.9,86.2,85.8,85.5,81.9,74.1,83.3,90.7,94.7,99.5,7.8,5.7,10.7,1,5.7,7.9,7.3,6.2,12.4,10.4,10.3,9.7,10.8,16.4,9.7,4.5,3.3,0.5,2.1,0.8,3.7,0.8,0.8,0.9,0.8,1,2.7,3.4,3.9,4.8,7.3,9.5,7,4.8,2,0
2016,Norte,Roraima,Urbana,Pública,89.9,93.5,85.5,97.7,92.5,89.9,92.9,94.3,86.3,86.5,84.9,84.1,79.6,71.4,81.8,89.3,94.8,100,8.4,5.9,11.4,1.6,6.9,9.5,6.6,5,11.8,10.7,11.8,11.5,12.8,18.7,11.4,5.4,3.4,0,1.7,0.6,3.1,0.7,0.6,0.6,0.5,0.7,1.9,2.8,3.3,4.4,7.6,9.9,6.8,5.3,1.8,0
2016,Norte,Roraima,Rural,Pública,88.6,91.8,83.2,98.6,93.8,91.2,87.4,88.1,78.7,82.3,85.7,87.4,85,78.7,83.4,92.6,--,99.4,8,6.6,10.4,0.2,4.6,7.2,10.9,10.1,15.5,11.3,7.3,5.4,6.2,10.2,5.5,2.6,--,0.6,3.4,1.6,6.4,1.2,1.6,1.6,1.7,1.8,5.8,6.4,7,7.2,8.8,11.1,11.1,4.8,--,0
2016,Norte,Roraima,Total,Pública,89.5,92.9,84.9,98,93,90.4,91.4,92.3,84.2,85.5,85.1,84.9,80.8,72.9,82.1,90,94.8,99.5,8.3,6.2,11.2,1.1,6.2,8.6,7.8,6.6,12.8,10.8,10.8,9.9,11.4,17,10.3,4.8,3.4,0.5,2.2,0.9,3.9,0.9,0.8,1,0.8,1.1,3,3.7,4.1,5.2,7.8,10.1,7.6,5.2,1.8,0
2016,Norte,Roraima,Urbana,Privada,97.4,98.8,95,99.5,98.9,98.8,98.2,98.2,93.8,96.4,95.1,94.7,96.1,92.6,97.1,98.9,--,--,2.5,1.1,5,0.4,0.8,1.2,1.7,1.5,6.2,3.6,4.8,5.3,3.8,7.2,2.9,1.1,--,--,0.1,0.1,0,0.1,0.3,0,0.1,0.3,0,0,0.1,0,0.1,0.2,0,0,--,--
2016,Norte,Roraima,Rural,Privada,--,--,--,--,--,--,--,--,--,--,--,--,90.5,75,92.9,100,91.7,--,--,--,--,--,--,--,--,--,--,--,--,--,0,0,0,0,0,--,--,--,--,--,--,--,--,--,--,--,--,--,9.5,25,7.1,0,8.3,--
2016,Norte,Roraima,Urbana,Municipal,93.3,93.5,80.4,97.7,92.5,89.9,92.9,94.4,77.2,89.4,78.2,86.8,89.3,50,100,90.9,--,--,6.1,5.9,13.4,1.6,7,9.5,6.6,4.9,17.9,3.2,9.1,7.9,0,0,0,0,--,--,0.6,0.6,6.2,0.7,0.5,0.6,0.5,0.7,4.9,7.4,12.7,5.3,10.7,50,0,9.1,--,--
2016,Norte,Roraima,Rural,Municipal,89.5,89.8,86.7,98.1,90,86.4,87,88.7,85,83.8,87.3,92.7,--,--,--,--,--,--,8.6,8.8,7,0.3,8.6,12.2,12,9.9,8.7,9.6,4.9,2.6,--,--,--,--,--,--,1.9,1.4,6.3,1.6,1.4,1.4,1,1.4,6.3,6.6,7.8,4.7,--,--,--,--,--,--
2016,Norte,Roraima,Urbana,Federal,98.8,97.7,99.5,100,100,100,89.7,100,100,100,100,98,89.6,84.1,96.7,93.6,92.2,100,1.2,2.3,0.5,0,0,0,10.3,0,0,0,0,2,9.6,15.3,3.3,5.6,3.9,0,0,0,0,0,0,0,0,0,0,0,0,0,0.8,0.6,0,0.8,3.9,0
2016,Norte,Roraima,Rural,Federal,--,--,--,--,--,--,--,--,--,--,--,--,94.5,72.6,88.9,95,--,99.4,--,--,--,--,--,--,--,--,--,--,--,--,5.5,27.4,11.1,5,--,0.6,--,--,--,--,--,--,--,--,--,--,--,--,0,0,0,0,--,0
2016,Norte,Roraima,Urbana,Estadual,85.6,92.6,85.5,33.3,--,--,--,92.9,86.6,86.4,84.9,83.9,78.8,70.3,81.1,89,96.9,--,11.4,6.2,11.5,66.7,--,--,--,5.9,11.6,10.9,12,11.6,13,19,11.8,5.4,3.1,--,3,1.2,3,0,--,--,--,1.2,1.8,2.7,3.1,4.5,8.2,10.7,7.1,5.6,0,--
2016,Norte,Roraima,Rural,Estadual,88.2,93.9,82.7,99,97.8,97.1,87.9,87.6,77.8,82.1,85.6,86.9,83.8,78.9,83.2,92.5,--,--,7.6,4.4,10.8,0.1,0.5,1.2,9.6,10.3,16.5,11.6,7.6,5.7,6.3,9.4,5.3,2.5,--,--,4.2,1.7,6.5,0.9,1.7,1.7,2.5,2.1,5.7,6.3,6.8,7.4,9.9,11.7,11.5,5,--,--
2016,Norte,Roraima,Total,Privada,97.4,98.8,95,99.5,98.9,98.8,98.2,98.2,93.8,96.4,95.1,94.7,95.9,92.3,96.9,98.9,91.7,--,2.5,1.1,5,0.4,0.8,1.2,1.7,1.5,6.2,3.6,4.8,5.3,3.7,7.1,2.9,1.1,0,--,0.1,0.1,0,0.1,0.3,0,0.1,0.3,0,0,0.1,0,0.4,0.6,0.2,0,8.3,--
2016,Norte,Roraima,Total,Municipal,92.4,92.7,84.6,97.8,92,89,91.9,93.3,81.2,85.3,85.3,91.7,89.3,50,100,90.9,--,--,6.6,6.5,9.1,1.3,7.3,10.2,7.5,5.9,13.3,7.9,5.8,3.5,0,0,0,0,--,--,1,0.8,6.3,0.9,0.7,0.8,0.6,0.8,5.5,6.8,8.9,4.8,10.7,50,0,9.1,--,--
2016,Norte,Roraima,Total,Federal,98.8,97.7,99.5,100,100,100,89.7,100,100,100,100,98,91.1,82.8,95.6,93.8,92.2,99.5,1.2,2.3,0.5,0,0,0,10.3,0,0,0,0,2,8.3,16.7,4.4,5.5,3.9,0.5,0,0,0,0,0,0,0,0,0,0,0,0,0.6,0.5,0,0.7,3.9,0
2016,Norte,Roraima,Total,Estadual,86.6,93.8,84.8,98.9,97.8,97.1,87.9,88.8,84.3,85.4,85,84.6,79.8,72.1,81.5,89.7,96.9,--,10,4.5,11.3,0.2,0.5,1.2,9.6,9.2,12.9,11,11,10.2,11.7,17,10.5,4.8,3.1,--,3.4,1.7,3.9,0.9,1.7,1.7,2.5,2,2.8,3.6,4,5.2,8.5,10.9,8,5.5,0,--
2016,Norte,Roraima,Urbana,Total,90.7,94.1,86.3,98,93.4,91.2,93.4,94.7,87,87.3,85.8,84.9,81.1,73,83.2,90.3,94.8,100,7.8,5.3,10.9,1.4,6.1,8.3,6.1,4.6,11.3,10.1,11.2,11,12,17.9,10.6,4.9,3.4,0,1.5,0.6,2.8,0.6,0.5,0.5,0.5,0.7,1.7,2.6,3,4.1,6.9,9.1,6.2,4.8,1.8,0
2016,Norte,Roraima,Rural,Total,88.6,91.8,83.2,98.6,93.8,91.2,87.4,88.1,78.7,82.3,85.7,87.4,85.1,78.6,83.5,92.7,91.7,99.4,8,6.6,10.4,0.2,4.6,7.2,10.9,10.1,15.5,11.3,7.3,5.4,6.2,10.1,5.4,2.5,0,0.6,3.4,1.6,6.4,1.2,1.6,1.6,1.7,1.8,5.8,6.4,7,7.2,8.7,11.3,11.1,4.8,8.3,0
2016,Norte,Pará,Total,Total,83.7,86.1,80.1,96.6,96.2,79.5,81.1,81.2,75.4,79.2,84,84.5,75.5,70,77.7,80.3,95,85.7,12.3,11.2,13.8,0.8,1.9,18.2,16,15.4,17.8,15,10,10.3,10.9,13.7,9.3,8.8,4,4.9,4,2.7,6.1,2.6,1.9,2.3,2.9,3.4,6.8,5.8,6,5.2,13.6,16.3,13,10.9,1,9.4
2016,Norte,Pará,Urbana,Pública,83.6,87.9,78.3,97.1,96.5,79.9,85.3,84,74.3,76.5,82.3,82.2,73.3,67.7,75.5,78.3,95.1,66.8,12.6,9.9,16,0.5,1.9,18.1,12.3,13.3,19.2,18,11.9,12.8,11.9,14.7,10.3,9.8,4.2,11.6,3.8,2.2,5.7,2.4,1.6,2,2.4,2.7,6.5,5.5,5.8,5,14.8,17.6,14.2,11.9,0.7,21.6
2016,Norte,Pará,Rural,Pública,80.1,80.6,79.1,95.2,95.2,74.9,71.8,73.6,72.5,80,83.2,85.2,73.9,68.4,76.5,77.4,97.5,99.6,14.5,15.6,12.5,1.2,2.2,22,23.9,21.4,18.4,12,8.2,7.1,9.3,11.7,8.3,7.4,0,0,5.4,3.8,8.4,3.6,2.6,3.1,4.3,5,9.1,8,8.6,7.7,16.8,19.9,15.2,15.2,2.5,0.4
2016,Norte,Pará,Total,Pública,82.3,85,78.5,96.4,96,77.9,79.6,79.7,73.7,77.7,82.6,83.1,73.3,67.8,75.5,78.2,95.4,85.7,13.3,12.2,14.9,0.8,2,19.6,17.2,16.6,19,16,10.7,11.1,11.7,14.5,10.1,9.7,3.5,4.9,4.4,2.8,6.6,2.8,2,2.5,3.2,3.7,7.3,6.3,6.7,5.8,15,17.7,14.4,12.1,1.1,9.4
2016,Norte,Pará,Urbana,Privada,97.6,98.4,96.3,98.3,98.6,98.3,98.5,98.5,96.5,96.2,96.9,95.8,96.4,94.3,97.4,97.6,33.3,--,2.1,1.2,3.4,1,1,1.4,1.4,1.4,3.3,3.5,2.9,4,3.2,5.2,2.3,2,66.7,--,0.3,0.4,0.3,0.7,0.4,0.3,0.1,0.1,0.2,0.3,0.2,0.2,0.4,0.5,0.3,0.4,0,--
2016,Norte,Pará,Rural,Privada,88.8,86.8,93.5,98.9,97.6,80,75.3,87.1,93.1,94,96.7,91,90.8,89.6,92.8,89.4,--,--,10.1,12.2,5.1,1.1,2.4,18.8,22.2,11.8,4.9,4,3.3,8,1.5,3.2,0.7,0.5,--,--,1.1,1,1.4,0,0,1.2,2.5,1.1,2,2,0,1,7.7,7.2,6.5,10.1,--,--
2016,Norte,Pará,Urbana,Municipal,85.1,88.1,80.2,97.5,96.5,80.9,83.9,84.6,75.8,78.1,84.8,85.8,70,70.7,65.5,73.1,--,--,11.7,9.9,14.7,0.5,2.1,17.4,13.9,13,18.5,16.6,10.6,9.6,24.6,21.3,31,26.9,--,--,3.2,2,5.1,2,1.4,1.7,2.2,2.4,5.7,5.3,4.6,4.6,5.4,8,3.5,0,--,--
2016,Norte,Pará,Rural,Municipal,80.1,80.6,79.1,95.2,95.2,75,71.7,73.7,72.3,80.2,83.3,86,--,--,--,--,--,--,14.5,15.6,12.4,1.2,2.2,21.9,24,21.4,18.6,11.7,8,6.2,--,--,--,--,--,--,5.4,3.8,8.5,3.6,2.6,3.1,4.3,4.9,9.1,8.1,8.7,7.8,--,--,--,--,--,--
2016,Norte,Pará,Urbana,Federal,91.8,96.4,89.2,100,99.1,96.1,97.2,92.6,95.7,90.7,88.6,80.8,85,76.3,86.1,93.6,94.5,--,8.2,3.6,10.8,0,0.9,3.9,2.8,7.4,4.3,9.3,11.4,19.2,11.4,18.1,10.7,4.4,5,--,0,0,0,0,0,0,0,0,0,0,0,0,3.6,5.6,3.2,2,0.5,--
2016,Norte,Pará,Rural,Federal,--,--,--,--,--,--,--,--,--,--,--,--,100,--,--,--,--,100,--,--,--,--,--,--,--,--,--,--,--,--,0,--,--,--,--,0,--,--,--,--,--,--,--,--,--,--,--,--,0,--,--,--,--,0
2016,Norte,Pará,Urbana,Estadual,78.1,86.3,74.3,93.9,96,73.4,96.2,80.5,70.7,72.8,78.4,75.8,73.2,67.7,75.4,78.2,95.4,66.8,15.7,9.5,18.7,0.2,0.2,22.6,0.7,15,21,21,14.1,18.3,11.9,14.7,10.3,9.9,3.7,11.6,6.2,4.2,7,5.9,3.8,4,3.1,4.5,8.3,6.2,7.5,5.9,14.9,17.6,14.3,11.9,0.9,21.6
2016,Norte,Pará,Rural,Estadual,78.6,80.2,78.4,94.1,96.2,69.3,89.8,71.9,75.1,78.2,82.1,78.8,73.6,68.4,76.5,77.4,97.5,96.3,13.6,13.3,13.7,0.8,0,24.7,2.9,20.6,16.1,14.7,10.1,13.1,9.4,11.7,8.3,7.4,0,0,7.8,6.5,7.9,5.1,3.8,6,7.3,7.5,8.8,7.1,7.8,8.1,17,19.9,15.2,15.2,2.5,3.7
2016,Norte,Pará,Total,Privada,97.5,98.3,96.3,98.3,98.6,98,98.1,98.3,96.5,96.2,96.9,95.7,96.3,94.2,97.2,97.5,33.3,--,2.2,1.4,3.4,1,1,1.7,1.7,1.5,3.3,3.5,2.9,4,3.2,5.2,2.3,2,66.7,--,0.3,0.3,0.3,0.7,0.4,0.3,0.2,0.2,0.2,0.3,0.2,0.3,0.5,0.6,0.5,0.5,0,--
2016,Norte,Pará,Total,Municipal,83,84.8,79.8,96.6,96,78.3,78.4,79.7,74.4,78.9,84.2,85.9,70,70.7,65.5,73.1,--,--,12.9,12.4,13.7,0.8,2.1,19.4,18.5,16.8,18.6,14.7,9.5,8.4,24.6,21.3,31,26.9,--,--,4.1,2.8,6.5,2.6,1.9,2.3,3.1,3.5,7,6.4,6.3,5.7,5.4,8,3.5,0,--,--
2016,Norte,Pará,Total,Federal,91.8,96.4,89.2,100,99.1,96.1,97.2,92.6,95.7,90.7,88.6,80.8,86.6,76.3,86.1,93.6,94.5,100,8.2,3.6,10.8,0,0.9,3.9,2.8,7.4,4.3,9.3,11.4,19.2,10.3,18.1,10.7,4.4,5,0,0,0,0,0,0,0,0,0,0,0,0,0,3.1,5.6,3.2,2,0.5,0
2016,Norte,Pará,Total,Estadual,78.2,86,74.8,93.9,96,73.2,95.9,80,71.3,73.5,78.8,76.2,73.2,67.7,75.5,78.1,95.8,70.5,15.5,9.7,18,0.2,0.2,22.7,0.8,15.3,20.4,20.2,13.6,17.7,11.7,14.4,10.1,9.7,2.8,10.1,6.3,4.3,7.2,5.9,3.8,4.1,3.3,4.7,8.3,6.3,7.6,6.1,15.1,17.9,14.4,12.2,1.4,19.4
2016,Norte,Pará,Urbana,Total,85.5,89.4,80.5,97.3,96.8,82.2,87,85.8,76.8,78.8,84.3,84.2,75.6,70.1,77.8,80.5,94.5,66.8,11.2,8.7,14.4,0.6,1.7,15.9,10.9,11.8,17.5,16.3,10.7,11.5,11,13.8,9.4,8.9,4.7,11.6,3.3,1.9,5.1,2.1,1.5,1.9,2.1,2.4,5.7,4.9,5,4.3,13.4,16.1,12.8,10.6,0.8,21.6
2016,Norte,Pará,Rural,Total,80.1,80.7,79.1,95.2,95.2,74.9,71.8,73.7,72.6,80,83.2,85.2,74.4,68.9,77.1,77.8,97.5,99.6,14.5,15.6,12.5,1.2,2.2,22,23.9,21.4,18.4,12,8.2,7.1,9,11.5,8,7.2,0,0,5.4,3.7,8.4,3.6,2.6,3.1,4.3,4.9,9,8,8.6,7.7,16.6,19.6,14.9,15,2.5,0.4
2016,Norte,Amapá,Total,Total,85.5,88.9,80.5,96.8,97.7,81.4,85.3,85,75.4,79.4,83.6,85.3,75.3,67,80.1,81.7,90.2,77.3,11.6,9.4,14.8,1.2,1.2,17.1,13.1,12.7,19.8,16,11.5,9.8,15.6,20.7,12.6,11.7,8.7,0,2.9,1.7,4.7,2,1.1,1.5,1.6,2.3,4.8,4.6,4.9,4.9,9.1,12.3,7.3,6.6,1.1,22.7
2016,Norte,Amapá,Urbana,Pública,84.7,88.9,78.9,96.5,97.2,81,86.2,85.2,73.7,77.8,82.4,84.1,73.2,64.7,78.4,79.8,90.2,--,12.5,9.4,16.6,1.3,1.3,17.6,12.2,12.8,21.8,18,13.3,11.1,17.6,22.8,14.2,13.6,8.7,--,2.8,1.7,4.5,2.2,1.5,1.4,1.6,2,4.5,4.2,4.3,4.8,9.2,12.5,7.4,6.6,1.1,--
2016,Norte,Amapá,Rural,Pública,82.6,84.7,78.5,96.5,97.9,76.1,78.3,79,73.9,77,81.8,83.9,74.8,68.5,78.3,80.7,--,--,13.1,13,13.3,1.2,1.2,21.6,19.6,17.3,18.6,14.8,9.1,8.3,10.5,14.2,9,6.2,--,--,4.3,2.3,8.2,2.3,0.9,2.3,2.1,3.7,7.5,8.2,9.1,7.8,14.7,17.3,12.7,13.1,--,--
2016,Norte,Amapá,Total,Pública,84.2,87.8,78.9,96.5,97.4,79.8,84.2,83.7,73.7,77.7,82.3,84.1,73.4,65.1,78.4,79.9,90.2,--,12.6,10.3,16,1.3,1.3,18.6,14.1,13.9,21.2,17.4,12.5,10.6,16.8,21.9,13.6,12.8,8.7,--,3.2,1.9,5.1,2.2,1.3,1.6,1.7,2.4,5.1,4.9,5.2,5.3,9.8,13,8,7.3,1.1,--
2016,Norte,Amapá,Urbana,Privada,98.8,99.2,98,99,99.9,99.1,98.3,99.8,98,98.7,97.6,97.8,97.2,94.9,98.1,98.7,--,--,1.1,0.6,1.9,0.3,0.1,0.9,1.7,0.2,2,1.2,2.3,2.1,2.7,5,1.8,1.3,--,--,0.1,0.2,0.1,0.7,0,0,0,0,0,0.1,0.1,0.1,0.1,0.1,0.1,0,--,--
2016,Norte,Amapá,Rural,Privada,73.7,--,73.7,--,--,--,--,--,52.8,79.5,65.9,100,86.7,89.1,85.7,97.9,--,77.3,5.3,--,5.3,--,--,--,--,--,11.1,4.5,4.9,0,0,0,0,0,--,0,21,--,21,--,--,--,--,--,36.1,16,29.2,0,13.3,10.9,14.3,2.1,--,22.7
2016,Norte,Amapá,Urbana,Municipal,88.3,89.2,73.7,96.2,97.2,81.7,86.9,84.5,65.4,72.7,82.3,86.5,--,--,--,--,--,--,9.9,9.2,20.7,1.6,1.5,16.9,11.7,13.5,27.7,21.1,14.7,9.3,--,--,--,--,--,--,1.8,1.6,5.6,2.2,1.3,1.4,1.4,2,6.9,6.2,3,4.2,--,--,--,--,--,--
2016,Norte,Amapá,Rural,Municipal,84.6,84.6,84.5,96.7,97.7,76.5,75.4,77.3,77.1,88.9,83.2,93.9,--,--,--,--,--,--,13,13.3,7.8,0.9,1.3,21.4,22.5,19.2,13.3,8.1,3.2,3,--,--,--,--,--,--,2.4,2.1,7.7,2.4,1,2.1,2.1,3.5,9.6,3,13.6,3.1,--,--,--,--,--,--
2016,Norte,Amapá,Urbana,Federal,--,--,--,--,--,--,--,--,--,--,--,--,87.3,78.9,91.3,92.9,93.4,--,--,--,--,--,--,--,--,--,--,--,--,--,12.4,20.7,8.4,7.1,6.6,--,--,--,--,--,--,--,--,--,--,--,--,--,0.3,0.4,0.3,0,0,--
2016,Norte,Amapá,Urbana,Estadual,81.8,88.1,79.3,97.5,97.3,78.6,84.6,86.4,74.4,78.1,82.4,84,72.6,64.1,78,79.3,85.5,--,14.5,9.9,16.4,0.5,0.9,19.6,13.5,11.5,21.3,17.8,13.2,11.2,17.8,22.9,14.4,13.8,11.8,--,3.7,2,4.3,2,1.8,1.8,1.9,2.1,4.3,4.1,4.4,4.8,9.6,13,7.6,6.9,2.7,--
2016,Norte,Amapá,Rural,Estadual,81.7,84.8,78.2,96.4,98.1,75.9,80.3,80.1,73.7,76.4,81.8,83.4,74.8,68.5,78.3,80.7,--,--,13.2,12.9,13.6,1.6,1.1,21.8,17.5,16,18.9,15.1,9.4,8.6,10.5,14.2,9,6.2,--,--,5.1,2.3,8.2,2,0.8,2.3,2.2,3.9,7.4,8.5,8.8,8,14.7,17.3,12.7,13.1,--,--
2016,Norte,Amapá,Total,Privada,98.4,99.2,97.2,99,99.9,99.1,98.3,99.8,96.7,98,96.4,97.9,96.6,94.7,97.8,98.7,--,77.3,1.2,0.6,2,0.3,0.1,0.9,1.7,0.2,2.3,1.4,2.4,2,2.5,4.8,1.7,1.2,--,0,0.4,0.2,0.8,0.7,0,0,0,0,1,0.6,1.2,0.1,0.9,0.5,0.5,0.1,--,22.7
2016,Norte,Amapá,Total,Municipal,87.6,88.4,75.5,96.3,97.3,80.8,84.9,83.3,67.1,75.1,82.5,88.1,--,--,--,--,--,--,10.4,9.9,18.6,1.5,1.4,17.7,13.5,14.5,25.6,19.1,12.8,7.9,--,--,--,--,--,--,2,1.7,5.9,2.2,1.3,1.5,1.6,2.2,7.3,5.8,4.7,4,--,--,--,--,--,--
2016,Norte,Amapá,Total,Federal,--,--,--,--,--,--,--,--,--,--,--,--,87.3,78.9,91.3,92.9,93.4,--,--,--,--,--,--,--,--,--,--,--,--,--,12.4,20.7,8.4,7.1,6.6,--,--,--,--,--,--,--,--,--,--,--,--,--,0.3,0.4,0.3,0,0,--
2016,Norte,Amapá,Total,Estadual,81.8,86.8,79.1,97.1,97.6,77.4,82.9,84.3,74.2,77.8,82.3,83.9,72.8,64.6,78.1,79.5,85.5,--,14.2,11.1,15.8,0.9,1,20.5,15.1,13.1,20.9,17.3,12.5,10.7,17,21.9,13.7,13,11.8,--,4,2.1,5.1,2,1.4,2.1,2,2.6,4.9,4.9,5.2,5.4,10.2,13.5,8.2,7.5,2.7,--
2016,Norte,Amapá,Urbana,Total,86.2,90.1,80.9,96.8,97.6,83,87.5,86.8,75.8,79.9,84.1,85.6,75.2,66.8,80.3,81.7,90.2,--,11.2,8.4,15.1,1.2,1.2,15.8,11.1,11.4,20.1,16.3,12.1,10.1,16.3,21.6,13,12.4,8.7,--,2.6,1.5,4,2,1.2,1.2,1.4,1.8,4.1,3.8,3.8,4.3,8.5,11.6,6.7,5.9,1.1,--
2016,Norte,Amapá,Rural,Total,82.6,84.7,78.5,96.5,97.9,76.1,78.3,79,73.6,77,81.5,84.2,75.4,69.1,78.4,81.5,--,77.3,13.1,13,13.2,1.2,1.2,21.6,19.6,17.3,18.5,14.6,9,8.2,10,13.8,8.8,5.9,--,0,4.3,2.3,8.3,2.3,0.9,2.3,2.1,3.7,7.9,8.4,9.5,7.6,14.6,17.1,12.8,12.6,--,22.7
2016,Norte,Tocantins,Total,Total,89.4,93.3,84.6,99.2,99,90,87.7,90.6,82.3,84.2,85.1,87.6,82,73.7,84.3,91.4,94.7,68.8,9.1,6.2,12.7,0.4,0.7,9.7,11.6,8.6,15.5,13.1,11.9,9.3,11.6,17.2,9.9,5.4,4.1,9.3,1.5,0.5,2.7,0.4,0.3,0.3,0.7,0.8,2.2,2.7,3,3.1,6.4,9.1,5.8,3.2,1.2,21.9
2016,Norte,Tocantins,Urbana,Pública,88.8,93,83.8,99.4,99.1,89,87.4,90.6,81.9,83.3,84.1,86.7,81,72.3,83.4,90.9,94.6,71,9.8,6.6,13.5,0.3,0.7,10.7,12,8.9,16.2,13.9,12.9,10.1,12.1,17.8,10.2,5.7,3.6,11,1.4,0.4,2.7,0.3,0.2,0.3,0.6,0.5,1.9,2.8,3,3.2,6.9,9.9,6.4,3.4,1.8,18
2016,Norte,Tocantins,Rural,Pública,87.8,90.6,83.3,98,98.2,88.9,83.3,86.2,77.9,82.9,85.2,89.5,84.2,78.4,86.2,91.8,95,63.3,9.6,7.9,12.3,0.7,0.7,10.3,14.9,11.4,17.9,12.9,10.1,6.1,10.6,14.9,9.7,5,5,5,2.6,1.5,4.4,1.3,1.1,0.8,1.8,2.4,4.2,4.2,4.7,4.4,5.2,6.7,4.1,3.2,0,31.7
2016,Norte,Tocantins,Total,Pública,88.6,92.6,83.8,99.2,99,89,86.7,89.9,81.3,83.3,84.2,87,81.2,72.8,83.6,91,94.7,68.8,9.8,6.8,13.3,0.4,0.7,10.7,12.5,9.3,16.4,13.8,12.5,9.6,11.9,17.6,10.2,5.6,4.1,9.3,1.6,0.6,2.9,0.4,0.3,0.3,0.8,0.8,2.3,2.9,3.3,3.4,6.9,9.6,6.2,3.4,1.2,21.9
2016,Norte,Tocantins,Urbana,Privada,98,99.1,95.9,99.5,99.4,99.1,98.4,99.1,96.4,96.2,95.6,95.1,93.2,88.9,93.6,97.9,--,--,1.9,0.8,3.9,0.4,0.6,0.9,1.6,0.9,3.5,3.5,4.3,4.7,6.6,10.8,6.4,1.8,--,--,0.1,0.1,0.2,0.1,0,0,0,0,0.1,0.3,0.1,0.2,0.2,0.3,0,0.3,--,--
2016,Norte,Tocantins,Rural,Privada,96.8,100,93.6,100,100,100,100,100,89.7,93.8,97.4,93.5,92.1,89.4,91.1,97,--,--,3.2,0,6.4,0,0,0,0,0,10.3,6.2,2.6,6.5,7.9,10.6,8.9,3,--,--,0,0,0,0,0,0,0,0,0,0,0,0,0,0,0,0,--,--
2016,Norte,Tocantins,Urbana,Municipal,92.5,93.5,88.1,99.5,99.1,88.9,87.3,90.7,84.2,88.3,89.4,93.1,--,--,--,--,--,--,6.9,6.2,10.4,0.3,0.7,10.9,12,8.7,14.3,10.1,9.2,5.3,--,--,--,--,--,--,0.6,0.3,1.5,0.2,0.2,0.2,0.7,0.6,1.5,1.6,1.4,1.6,--,--,--,--,--,--
2016,Norte,Tocantins,Rural,Municipal,89.5,91.5,85.1,98.9,99,88.3,84.1,88.2,79.1,85.2,87.1,92,--,--,--,--,--,--,9.1,7.8,12,0.6,0.4,11.4,15,11,18.3,12.2,9.1,5,--,--,--,--,--,--,1.4,0.7,2.9,0.5,0.6,0.3,0.9,0.8,2.6,2.6,3.8,3,--,--,--,--,--,--
2016,Norte,Tocantins,Urbana,Federal,--,--,--,--,--,--,--,--,--,--,--,--,82.7,74.4,87.1,93.5,--,--,--,--,--,--,--,--,--,--,--,--,--,--,15.5,22.8,11.9,5.6,--,--,--,--,--,--,--,--,--,--,--,--,--,--,1.8,2.8,1,0.9,--,--
2016,Norte,Tocantins,Rural,Federal,--,--,--,--,--,--,--,--,--,--,--,--,84.6,74,87.5,98.6,--,--,--,--,--,--,--,--,--,--,--,--,--,--,14.6,24.3,12.1,1.4,--,--,--,--,--,--,--,--,--,--,--,--,--,--,0.8,1.7,0.4,0,--,--
2016,Norte,Tocantins,Urbana,Estadual,83.8,90,82.6,97.5,98.9,90.3,87.9,90.3,81,81.8,82.7,85.2,80.9,72.3,83.3,90.8,94.6,71,13.6,9.6,14.4,2.5,0.9,9.5,11.7,9.2,16.8,15.1,13.8,11.3,11.9,17.6,10.2,5.7,3.6,11,2.6,0.4,3,0,0.2,0.2,0.4,0.5,2.2,3.1,3.5,3.5,7.2,10.1,6.5,3.5,1.8,18
2016,Norte,Tocantins,Rural,Estadual,82.9,86.1,80.9,91.7,94.5,91.7,79.6,78.2,75.7,79.7,82.8,86.3,84.1,79.4,85.9,90.2,95,63.3,11,8.2,12.7,1.8,2.2,4.7,14.6,13.2,17.1,13.8,11.4,7.5,9.6,12.7,9.2,5.9,5,5,6.1,5.7,6.4,6.5,3.3,3.6,5.8,8.6,7.2,6.5,5.8,6.2,6.3,7.9,4.9,3.9,0,31.7
2016,Norte,Tocantins,Total,Privada,98,99.2,95.8,99.5,99.4,99.1,98.5,99.1,96.1,96.1,95.7,95.1,93.1,88.9,93.4,97.8,--,--,1.9,0.8,4.1,0.4,0.6,0.9,1.5,0.9,3.8,3.6,4.2,4.8,6.7,10.8,6.5,1.9,--,--,0.1,0,0.1,0.1,0,0,0,0,0.1,0.3,0.1,0.1,0.2,0.3,0.1,0.3,--,--
2016,Norte,Tocantins,Total,Municipal,91.9,93.2,87.3,99.4,99.1,88.8,86.7,90.3,82.8,87.5,88.7,92.8,--,--,--,--,--,--,7.4,6.4,10.9,0.3,0.6,11,12.6,9.1,15.4,10.7,9.2,5.2,--,--,--,--,--,--,0.7,0.4,1.8,0.3,0.3,0.2,0.7,0.6,1.8,1.8,2.1,2,--,--,--,--,--,--
2016,Norte,Tocantins,Total,Federal,--,--,--,--,--,--,--,--,--,--,--,--,83.3,74.3,87.3,95.2,--,--,--,--,--,--,--,--,--,--,--,--,--,--,15.2,23.3,12,4.2,--,--,--,--,--,--,--,--,--,--,--,--,--,--,1.5,2.4,0.7,0.6,--,--
2016,Norte,Tocantins,Total,Estadual,83.7,89.2,82.4,93.3,96.7,90.7,86.7,88.9,80.6,81.7,82.7,85.2,81.1,72.7,83.5,90.8,94.7,68.8,13.3,9.3,14.3,2,1.5,8.1,12.1,9.6,16.8,15,13.7,11,11.8,17.3,10.1,5.7,4.1,9.3,3,1.5,3.3,4.7,1.8,1.2,1.2,1.5,2.6,3.3,3.6,3.8,7.1,10,6.4,3.5,1.2,21.9
2016,Norte,Tocantins,Urbana,Total,89.7,93.7,84.7,99.4,99.2,90.2,88.5,91.4,83,84.3,85,87.3,81.8,73.3,84.1,91.4,94.6,71,9,6,12.8,0.3,0.7,9.6,11,8.1,15.2,13.1,12.2,9.7,11.7,17.4,9.9,5.4,3.6,11,1.3,0.3,2.5,0.3,0.1,0.2,0.5,0.5,1.8,2.6,2.8,3,6.5,9.3,6,3.2,1.8,18
2016,Norte,Tocantins,Rural,Total,87.9,90.8,83.6,98,98.3,89.1,83.6,86.4,78.1,83.2,85.5,89.6,84.6,78.9,86.5,92.1,95,63.3,9.5,7.8,12.2,0.7,0.7,10.1,14.6,11.3,17.7,12.7,9.9,6.1,10.4,14.7,9.6,4.9,5,5,2.6,1.4,4.2,1.3,1,0.8,1.8,2.3,4.2,4.1,4.6,4.3,5,6.4,3.9,3,0,31.7
2016,Nordeste,Maranhão,Total,Total,88.3,91.9,83.7,97.8,97.2,90,88.4,87.7,80.7,82.8,84.6,87.8,80.6,74.4,81.3,88.7,94.5,81.6,8.8,6.5,11.7,0.8,1.6,8.6,10.1,10.2,15.2,12.7,10.6,7.4,11.3,15.3,10.8,6.1,0.6,10,2.9,1.6,4.6,1.4,1.2,1.4,1.5,2.1,4.1,4.5,4.8,4.8,8.1,10.3,7.9,5.2,4.9,8.4
2016,Nordeste,Maranhão,Urbana,Pública,87.3,91.2,82.9,97.8,97.1,88.5,87.7,87.2,80.1,81.6,83.6,87.1,79.3,72.9,80,88,91.9,81.9,9.8,7.2,12.7,0.6,1.6,10,10.6,10.6,15.8,13.9,11.9,8.4,12.4,16.6,11.9,6.7,0.8,10.5,2.9,1.6,4.4,1.6,1.3,1.5,1.7,2.2,4.1,4.5,4.5,4.5,8.3,10.5,8.1,5.3,7.3,7.6
2016,Nordeste,Maranhão,Rural,Pública,87.4,90.8,82.5,97.4,96.8,89.4,86.7,86,78.6,82,83.7,87.1,81.3,76.4,82,88,90,75,9.2,7.4,11.8,1,1.8,9,11.5,11.6,16.6,12.5,9.9,6.6,8.6,11.3,8.2,5,0.6,25,3.4,1.8,5.7,1.6,1.4,1.6,1.8,2.4,4.8,5.5,6.4,6.3,10.1,12.3,9.8,7,9.4,0
2016,Nordeste,Maranhão,Total,Pública,87.3,91,82.8,97.6,97,88.9,87.3,86.7,79.5,81.8,83.7,87.1,79.6,73.5,80.3,88,90.8,81.8,9.5,7.3,12.4,0.8,1.7,9.6,11,11,16.1,13.4,11.1,7.7,11.8,15.8,11.3,6.4,0.7,10.6,3.2,1.7,4.8,1.6,1.3,1.5,1.7,2.3,4.4,4.8,5.2,5.2,8.6,10.7,8.4,5.6,8.5,7.6
2016,Nordeste,Maranhão,Urbana,Privada,97.3,98.4,95.1,98.9,98.9,98.2,98.1,97.8,95.6,94.6,95.2,94.9,95,91.4,96,98.1,99,87.5,2.4,1.3,4.6,0.8,0.8,1.4,1.8,2,4.1,5.1,4.6,4.7,4.3,7.7,3.5,1.5,0.5,0,0.3,0.3,0.3,0.3,0.3,0.4,0.1,0.2,0.3,0.3,0.2,0.4,0.7,0.9,0.5,0.4,0.5,12.5
2016,Nordeste,Maranhão,Rural,Privada,96.7,97.5,94.8,97.4,97.8,97.6,98.1,96.7,93.3,93.7,94.9,97.6,86,77.6,90.1,94,100,63.2,2.4,1.7,3.9,1.2,1.3,2.1,1.6,3,6,4.5,3.7,1.1,2.7,2.3,2.9,3.1,0,5.3,0.9,0.8,1.3,1.4,0.9,0.3,0.3,0.3,0.7,1.8,1.4,1.3,11.3,20.1,7,2.9,0,31.5
2016,Nordeste,Maranhão,Urbana,Municipal,87.3,91.2,82.7,97.8,97.1,88.5,87.8,87.2,79.8,81.4,83.4,87.1,76.1,67,69.7,92.1,91.9,--,9.6,7.1,12.7,0.6,1.6,10,10.5,10.6,15.9,13.9,11.8,8.1,5.4,10.4,4.2,1.8,0.8,--,3.1,1.7,4.6,1.6,1.3,1.5,1.7,2.2,4.3,4.7,4.8,4.8,18.5,22.6,26.1,6.1,7.3,--
2016,Nordeste,Maranhão,Rural,Municipal,87.9,91.3,83,97.9,97.3,89.8,87.2,86.3,79,82.5,84.3,87.9,80.6,76.6,76.6,84.3,93.9,--,9.1,7.2,11.7,0.7,1.6,8.8,11.3,11.6,16.6,12.5,9.7,6.1,5.6,7.3,7.1,4.3,0,--,3,1.5,5.3,1.4,1.1,1.4,1.5,2.1,4.4,5,6,6,13.8,16.1,16.3,11.4,6.1,--
2016,Nordeste,Maranhão,Urbana,Federal,96.9,93.9,97.4,--,--,--,--,93.9,100,94.1,97.2,98.6,89.8,89.8,91.5,84.6,--,94.1,3.1,6.1,2.6,--,--,--,--,6.1,0,5.9,2.8,1.4,7.5,6.9,5.4,12.5,--,5.4,0,0,0,--,--,--,--,0,0,0,0,0,2.7,3.3,3.1,2.9,--,0.5
2016,Nordeste,Maranhão,Rural,Federal,94.7,93.6,95.7,--,100,100,90,86.7,90,91.7,100,100,89,84.9,89.8,93.1,--,--,5.3,6.4,4.3,--,0,0,10,13.3,10,8.3,0,0,8.1,11.4,8.6,3.4,--,--,0,0,0,--,0,0,0,0,0,0,0,0,2.9,3.7,1.6,3.5,--,--
2016,Nordeste,Maranhão,Urbana,Estadual,85.8,87.6,85.5,--,94.3,86.2,86.9,88,83.8,84.3,85.6,87.5,79.1,72.4,79.8,88,--,57.2,12.4,10.6,12.8,--,0,9.1,11.6,10.4,14.5,14.3,13,10.3,12.5,16.9,12.1,6.6,--,20.9,1.8,1.8,1.7,--,5.7,4.7,1.5,1.6,1.7,1.4,1.4,2.2,8.4,10.7,8.1,5.4,--,21.9
2016,Nordeste,Maranhão,Rural,Estadual,75.1,78.6,71.7,83.3,83.5,79,73.3,75.7,65.3,72.3,72.2,75.3,81,76,81.8,87.8,81.8,75,13.3,12.8,13.8,9.5,9.2,13.9,17.5,12.6,17.2,12.5,13.4,12.9,8.7,11.4,8.2,5.1,1.8,25,11.6,8.6,14.5,7.2,7.3,7.1,9.2,11.7,17.5,15.2,14.4,11.8,10.3,12.6,10,7.1,16.4,0
2016,Nordeste,Maranhão,Total,Privada,97.3,98.4,95.1,98.8,98.9,98.2,98.1,97.8,95.5,94.5,95.2,95.1,94.3,90.1,95.4,97.8,99.1,78.4,2.4,1.3,4.6,0.8,0.9,1.5,1.8,2,4.2,5.1,4.5,4.5,4.2,7.2,3.5,1.6,0.4,2,0.3,0.3,0.3,0.4,0.2,0.3,0.1,0.2,0.3,0.4,0.3,0.4,1.5,2.7,1.1,0.6,0.5,19.6
2016,Nordeste,Maranhão,Total,Municipal,87.6,91.2,82.8,97.8,97.2,89.1,87.5,86.8,79.5,81.8,83.8,87.4,77.8,70.7,72.2,89.3,92.9,--,9.4,7.1,12.3,0.7,1.6,9.5,10.9,11,16.2,13.4,10.9,7.3,5.5,9.2,5.2,2.7,0.4,--,3,1.7,4.9,1.5,1.2,1.4,1.6,2.2,4.3,4.8,5.3,5.3,16.7,20.1,22.6,8,6.7,--
2016,Nordeste,Maranhão,Total,Federal,96.4,93.8,97.2,--,100,100,90,92.2,98.6,93.8,97.5,98.8,89.6,88.8,91,87.2,--,94.1,3.6,6.2,2.8,--,0,0,10,7.8,1.4,6.2,2.5,1.2,7.6,7.8,6.3,9.8,--,5.4,0,0,0,--,0,0,0,0,0,0,0,0,2.8,3.4,2.7,3,--,0.5
2016,Nordeste,Maranhão,Total,Estadual,81.8,81.6,81.9,83.3,84.1,79.9,79.6,82.8,79,80.8,82,84.6,79.4,73,80.1,88,81.8,57.7,12.8,12.1,13,9.5,8.7,13.3,14.7,11.3,15.2,13.8,13.1,10.9,11.9,16.1,11.5,6.4,1.8,21,5.4,6.3,5.1,7.2,7.2,6.8,5.7,5.9,5.8,5.4,4.9,4.5,8.7,10.9,8.4,5.6,16.4,21.3
2016,Nordeste,Maranhão,Urbana,Total,88.8,92.5,84.4,98,97.5,90.3,89.4,88.8,82,83.2,85,88.1,80.4,74,81.1,88.8,96.4,82.1,8.6,6,11.7,0.7,1.4,8.4,9.1,9.3,14.4,12.9,11,7.9,11.8,16.1,11.4,6.3,0.6,10,2.6,1.5,3.9,1.3,1.1,1.3,1.5,1.9,3.6,3.9,4,4,7.8,9.9,7.5,4.9,3,7.9
2016,Nordeste,Maranhão,Rural,Total,87.5,91,82.6,97.4,96.8,89.6,86.9,86.1,78.7,82.1,83.8,87.3,81.5,76.4,82.3,88.2,91.3,66,9.1,7.3,11.8,1,1.8,8.9,11.4,11.5,16.5,12.4,9.9,6.5,8.4,11,8,4.9,0.5,10,3.4,1.7,5.6,1.6,1.4,1.5,1.7,2.4,4.8,5.5,6.3,6.2,10.1,12.6,9.7,6.9,8.2,24
2016,Nordeste,Piauí,Total,Total,85.9,88.3,82.9,96.1,94.8,81.6,84.1,87,76.7,81.7,85.6,89.5,81,73.8,82.3,89.1,93.3,31,11.5,10.2,13.3,2.7,4.1,16.8,14,11.1,19,14.4,10.8,7.2,8.8,13.6,7.8,3.5,5.6,0,2.6,1.5,3.8,1.2,1.1,1.6,1.9,1.9,4.3,3.9,3.6,3.3,10.2,12.6,9.9,7.4,1.1,69
2016,Nordeste,Piauí,Urbana,Pública,84.4,87.3,81.2,96.2,94.2,80.1,83.2,85.9,74.8,79.5,84.2,88.2,79.6,72.1,81,88.1,92.4,31,12.8,11,14.8,2.5,4.6,18.1,14.9,11.9,20.7,16.4,12.2,8.2,9.4,14.3,8.2,3.9,6.4,0,2.8,1.7,4,1.3,1.2,1.8,1.9,2.2,4.5,4.1,3.6,3.6,11,13.6,10.8,8,1.2,69
2016,Nordeste,Piauí,Rural,Pública,84.1,85.6,81.6,95,94,78,80.6,84.6,73.7,81.3,84.6,90.6,75.5,68.6,76.3,83.5,100,--,12.7,12.5,13.1,3.4,4.6,20.3,16.9,13.2,20.7,13.7,9.7,4.8,6.9,10.6,6,2.8,0,--,3.2,1.9,5.3,1.6,1.4,1.7,2.5,2.2,5.6,5,5.7,4.6,17.6,20.8,17.7,13.7,0,--
2016,Nordeste,Piauí,Total,Pública,84.3,86.7,81.3,95.7,94.1,79.3,82.2,85.4,74.5,80,84.3,88.9,79.3,71.9,80.8,87.8,93.3,31,12.8,11.5,14.4,2.8,4.6,19,15.7,12.4,20.7,15.6,11.5,7.3,9.2,14.1,8,3.8,5.6,0,2.9,1.8,4.3,1.5,1.3,1.7,2.1,2.2,4.8,4.4,4.2,3.8,11.5,14,11.2,8.4,1.1,69
2016,Nordeste,Piauí,Urbana,Privada,96.3,97.8,93.9,97.6,98.2,97.9,97.7,97.8,94.4,93.9,93.8,93.4,94.1,90.4,94,98.3,--,--,3.6,2,5.9,2.3,1.7,2,2.2,2.2,5.4,5.8,6,6.4,5.6,9.2,5.7,1.3,--,--,0.1,0.2,0.2,0.1,0.1,0.1,0.1,0,0.2,0.3,0.2,0.2,0.3,0.4,0.3,0.4,--,--
2016,Nordeste,Piauí,Rural,Privada,91,63.6,95.5,--,62.5,60,40,100,86.1,100,100,97,96.9,90.5,100,100,--,--,7.7,31.8,3.7,--,37.5,40,40,0,11.1,0,0,3,3.1,9.5,0,0,--,--,1.3,4.6,0.8,--,0,0,20,0,2.8,0,0,0,0,0,0,0,--,--
2016,Nordeste,Piauí,Urbana,Municipal,84.9,87.2,81.3,96.2,94.3,79.9,82.9,85.7,74.4,80.5,84.8,89.3,70.2,66.7,73,88.9,--,--,12.7,11.1,15.4,2.4,4.6,18.3,15.1,12.2,21.8,16.1,12.3,7.7,13.7,19.8,4.8,11.1,--,--,2.4,1.7,3.3,1.4,1.1,1.8,2,2.1,3.8,3.4,2.9,3,16.1,13.5,22.2,0,--,--
2016,Nordeste,Piauí,Rural,Municipal,84.2,85.6,81.7,95,94,78,80.6,84.6,73.8,81.3,84.7,90.7,--,--,--,--,--,--,12.7,12.5,13.2,3.4,4.6,20.3,16.9,13.2,20.7,13.7,9.8,4.8,--,--,--,--,--,--,3.1,1.9,5.1,1.6,1.4,1.7,2.5,2.2,5.5,5,5.5,4.5,--,--,--,--,--,--
2016,Nordeste,Piauí,Urbana,Federal,--,--,--,--,--,--,--,--,--,--,--,--,76.6,58.8,80.4,92,92.1,--,--,--,--,--,--,--,--,--,--,--,--,--,18,30.5,16.7,5.2,6.7,--,--,--,--,--,--,--,--,--,--,--,--,--,5.4,10.7,2.9,2.8,1.2,--
2016,Nordeste,Piauí,Rural,Federal,--,--,--,--,--,--,--,--,--,--,--,--,79.1,65.6,84.1,93,100,--,--,--,--,--,--,--,--,--,--,--,--,--,17.8,30,15,0,0,--,--,--,--,--,--,--,--,--,--,--,--,--,3.1,4.4,0.9,7,0,--
2016,Nordeste,Piauí,Urbana,Estadual,81.7,90.6,81,94.3,87.3,88.3,90.7,91.7,76.3,77.1,83.1,86.4,79.7,72.4,81.1,88.1,97.1,31,13.2,7.6,13.6,5.7,9.3,10.1,8.4,5.9,17.2,17,12.1,9.1,9.2,14,8,3.9,0,0,5.1,1.8,5.4,0,3.4,1.6,0.9,2.4,6.5,5.9,4.8,4.5,11.1,13.6,10.9,8,2.9,69
2016,Nordeste,Piauí,Rural,Estadual,74.7,92.9,74,--,--,--,--,92.9,58.2,77.9,75.7,78.4,75.3,68.7,75.9,83.3,100,--,9.8,0,10.1,--,--,--,--,0,20.9,10.6,5.8,7.2,6.3,9.5,5.5,2.9,0,--,15.5,7.1,15.9,--,--,--,--,7.1,20.9,11.5,18.5,14.4,18.4,21.8,18.6,13.8,0,--
2016,Nordeste,Piauí,Total,Privada,96.3,97.8,93.9,97.6,98.1,97.9,97.7,97.8,94.4,94,93.9,93.4,94.1,90.4,94,98.3,--,--,3.6,2.1,5.9,2.3,1.7,2,2.2,2.2,5.4,5.8,6,6.4,5.6,9.2,5.7,1.3,--,--,0.1,0.1,0.2,0.1,0.2,0.1,0.1,0,0.2,0.2,0.1,0.2,0.3,0.4,0.3,0.4,--,--
2016,Nordeste,Piauí,Total,Municipal,84.7,86.6,81.4,95.8,94.2,79.2,82,85.3,74.2,80.8,84.8,89.8,70.2,66.7,73,88.9,--,--,12.7,11.6,14.6,2.8,4.6,19,15.8,12.6,21.4,15.3,11.3,6.7,13.7,19.8,4.8,11.1,--,--,2.6,1.8,4,1.4,1.2,1.8,2.2,2.1,4.4,3.9,3.9,3.5,16.1,13.5,22.2,0,--,--
2016,Nordeste,Piauí,Total,Federal,--,--,--,--,--,--,--,--,--,--,--,--,77,59.8,81,92.1,92.7,--,--,--,--,--,--,--,--,--,--,--,--,--,17.9,30.5,16.4,4.5,6.2,--,--,--,--,--,--,--,--,--,--,--,--,--,5.1,9.7,2.6,3.4,1.1,--
2016,Nordeste,Piauí,Total,Estadual,81.6,90.6,81,94.3,87.3,88.3,90.7,91.7,76.2,77.1,83,86.3,79.4,72.1,80.8,87.8,98.6,31,13.1,7.5,13.6,5.7,9.3,10.1,8.4,5.9,17.2,17,12,9.1,9,13.7,7.9,3.8,0,0,5.3,1.9,5.4,0,3.4,1.6,0.9,2.4,6.6,5.9,5,4.6,11.6,14.2,11.3,8.4,1.4,69
2016,Nordeste,Piauí,Urbana,Total,86.7,89.5,83.3,96.5,95.1,83.4,85.9,88.1,77.8,81.8,85.9,89.2,81.3,74.1,82.6,89.4,92.4,31,11.1,9.2,13.4,2.4,3.9,15.2,12.5,10.1,18.4,14.7,11.1,7.9,8.9,13.8,7.9,3.6,6.4,0,2.2,1.3,3.3,1.1,1,1.4,1.6,1.8,3.8,3.5,3,2.9,9.8,12.1,9.5,7,1.2,69
2016,Nordeste,Piauí,Rural,Total,84.1,85.6,81.7,95,94,78,80.6,84.6,73.8,81.3,84.6,90.6,75.7,68.7,76.6,83.7,100,--,12.7,12.5,13.1,3.4,4.7,20.3,16.9,13.2,20.7,13.6,9.7,4.8,6.8,10.6,5.9,2.8,0,--,3.2,1.9,5.2,1.6,1.3,1.7,2.5,2.2,5.5,5.1,5.7,4.6,17.5,20.7,17.5,13.5,0,--
2016,Nordeste,Ceará,Total,Total,93.1,95.8,89.9,98.3,98.3,95,92.5,95.2,87.5,89,90,93.7,84.6,79.3,85.6,90.6,83.3,76.5,5.4,3.7,7.6,1,1.4,4.5,6.7,4.2,10,8.5,7.2,4.1,6.8,9.3,6.2,3.7,3.9,16.7,1.5,0.5,2.5,0.7,0.3,0.5,0.8,0.6,2.5,2.5,2.8,2.2,8.6,11.4,8.2,5.7,12.8,6.8
2016,Nordeste,Ceará,Urbana,Pública,91.4,94.8,87.9,98.7,98.6,93.3,90.5,94.4,84.8,86.7,88,92.5,83.3,77.9,84.4,89.6,83.3,76.6,6.6,4.5,8.9,0.5,1.2,6,8.5,5,12,10.1,8.5,4.7,7,9.5,6.5,4.1,3.9,16.4,2,0.7,3.2,0.8,0.2,0.7,1,0.6,3.2,3.2,3.5,2.8,9.7,12.6,9.1,6.3,12.8,7
2016,Nordeste,Ceará,Rural,Pública,93.8,95.7,91.2,98.6,98.1,95.6,92.3,94.6,87.9,90.5,91.3,95.9,85.5,80.7,86.4,91.5,--,71.4,5,3.8,6.6,1,1.7,4,7.1,4.8,10.1,7.4,6.1,2.1,6.7,9.3,6.4,2.9,--,26,1.2,0.5,2.2,0.4,0.2,0.4,0.6,0.6,2,2.1,2.6,2,7.8,10,7.2,5.6,--,2.6
2016,Nordeste,Ceará,Total,Pública,92.1,95.1,88.7,98.6,98.4,94,91,94.5,85.6,87.6,88.8,93.3,83.4,78,84.5,89.7,83.3,76.4,6.2,4.3,8.3,0.6,1.3,5.4,8.1,4.9,11.5,9.5,7.9,4,7,9.5,6.5,4,3.9,16.7,1.7,0.6,3,0.8,0.3,0.6,0.9,0.6,2.9,2.9,3.3,2.7,9.6,12.5,9,6.3,12.8,6.9
2016,Nordeste,Ceará,Urbana,Privada,97.3,98,96,97.3,98.1,98.5,98.2,98.2,96.4,95.7,96.1,95.5,95.2,92.3,95.2,98.4,--,100,2.4,1.6,3.8,2,1.6,1.2,1.6,1.6,3.3,4,3.6,4.2,4.5,7.3,4.5,1.4,--,0,0.3,0.4,0.2,0.7,0.3,0.3,0.2,0.2,0.3,0.3,0.3,0.3,0.3,0.4,0.3,0.2,--,0
2016,Nordeste,Ceará,Rural,Privada,98.6,98.3,100,98.2,99.1,96.6,98.7,100,100,100,100,100,97.5,95.5,94.7,100,--,--,1.3,1.5,0,1.8,0.9,2.5,1.3,0,0,0,0,0,0,0,0,0,--,--,0.1,0.2,0,0,0,0.9,0,0,0,0,0,0,2.5,4.5,5.3,0,--,--
2016,Nordeste,Ceará,Urbana,Municipal,91.8,94.8,88.4,98.7,98.6,93.3,90.5,94.4,84.8,86.9,88.9,94.6,--,--,--,--,--,--,6.5,4.5,8.7,0.5,1.2,6,8.5,5,11.9,10,8.1,3.5,--,--,--,--,--,--,1.7,0.7,2.9,0.8,0.2,0.7,1,0.6,3.3,3.1,3,1.9,--,--,--,--,--,--
2016,Nordeste,Ceará,Rural,Municipal,93.9,95.8,91.3,98.6,98.1,95.7,92.3,94.7,88,90.6,91.4,96,--,--,--,--,--,--,5,3.8,6.5,1,1.6,3.9,7.1,4.8,10.1,7.4,6,2,--,--,--,--,--,--,1.1,0.4,2.2,0.4,0.3,0.4,0.6,0.5,1.9,2,2.6,2,--,--,--,--,--,--
2016,Nordeste,Ceará,Urbana,Federal,94.3,--,94.3,--,--,--,--,--,93.9,97.1,97.5,89.2,76.8,78.8,67.6,88.7,67.7,76.6,5.7,--,5.7,--,--,--,--,--,6.1,2.9,2.5,10.8,17.6,17.9,27.8,9.6,12.9,16.4,0,--,0,--,--,--,--,--,0,0,0,0,5.6,3.3,4.6,1.7,19.4,7
2016,Nordeste,Ceará,Rural,Federal,--,--,--,--,--,--,--,--,--,--,--,--,82.6,74.5,96.1,94.8,--,71.4,--,--,--,--,--,--,--,--,--,--,--,--,16.8,25.5,3.9,5.2,--,26,--,--,--,--,--,--,--,--,--,--,--,--,0.6,0,0,0,--,2.6
2016,Nordeste,Ceará,Urbana,Estadual,83.2,94.3,82.7,97.5,97.3,92,93,93.1,82.3,80,80.8,84.4,83.4,77.9,84.5,89.6,90.1,--,10.2,4.1,10.5,1.7,1,7.1,4.4,5.3,12.6,13.9,11.3,9.1,6.9,9.4,6.4,4,0,--,6.6,1.6,6.8,0.8,1.7,0.9,2.6,1.6,5.1,6.1,7.9,6.5,9.7,12.7,9.1,6.4,9.9,--
2016,Nordeste,Ceará,Rural,Estadual,87.9,91.3,83.7,94.6,93.9,88.5,91,89.2,80.7,81.5,84.8,88.4,85.5,80.9,86.3,91.5,--,--,8.7,7.4,10.2,4,6.1,10.4,7.1,8.7,13.5,12.3,10.2,4.3,6.5,9,6.5,2.9,--,--,3.4,1.3,6.1,1.4,0,1.1,1.9,2.1,5.8,6.2,5,7.3,8,10.1,7.2,5.6,--,--
2016,Nordeste,Ceará,Total,Privada,97.3,98,96,97.3,98.1,98.5,98.2,98.2,96.4,95.7,96.1,95.5,95.2,92.3,95.2,98.4,--,100,2.4,1.6,3.8,2,1.6,1.2,1.6,1.6,3.3,4,3.6,4.2,4.5,7.3,4.5,1.4,--,0,0.3,0.4,0.2,0.7,0.3,0.3,0.2,0.2,0.3,0.3,0.3,0.3,0.3,0.4,0.3,0.2,--,0
2016,Nordeste,Ceará,Total,Municipal,92.4,95.1,89.2,98.7,98.4,94,91,94.5,85.6,87.9,89.6,95,--,--,--,--,--,--,6.1,4.3,8.2,0.6,1.3,5.4,8.1,4.9,11.5,9.3,7.6,3.1,--,--,--,--,--,--,1.5,0.6,2.6,0.7,0.3,0.6,0.9,0.6,2.9,2.8,2.8,1.9,--,--,--,--,--,--
2016,Nordeste,Ceará,Total,Federal,94.3,--,94.3,--,--,--,--,--,93.9,97.1,97.5,89.2,77.3,78.2,71.7,89.7,67.7,76.4,5.7,--,5.7,--,--,--,--,--,6.1,2.9,2.5,10.8,17.5,19.1,24.3,8.9,12.9,16.7,0,--,0,--,--,--,--,--,0,0,0,0,5.2,2.7,4,1.4,19.4,6.9
2016,Nordeste,Ceará,Total,Estadual,83.6,92.7,82.7,95.9,95.5,90.2,92,91.3,82,80.1,80.9,84.4,83.4,78,84.5,89.7,90.1,--,10.1,5.8,10.5,3,3.6,8.8,5.8,6.9,12.7,13.7,11.3,9,6.9,9.4,6.4,4,0,--,6.3,1.5,6.8,1.1,0.9,1,2.2,1.8,5.3,6.2,7.8,6.6,9.7,12.6,9.1,6.3,9.9,--
2016,Nordeste,Ceará,Urbana,Total,92.9,95.8,89.6,98.2,98.4,94.8,92.6,95.4,87.4,88.6,89.7,93.1,84.5,79.2,85.5,90.6,83.3,76.7,5.5,3.6,7.8,1,1.3,4.6,6.6,4.1,10,8.8,7.5,4.6,6.8,9.3,6.2,3.8,3.9,16.3,1.6,0.6,2.6,0.8,0.3,0.6,0.8,0.5,2.6,2.6,2.8,2.3,8.7,11.5,8.3,5.6,12.8,7
2016,Nordeste,Ceará,Rural,Total,93.8,95.7,91.2,98.6,98.1,95.7,92.3,94.6,87.9,90.5,91.3,95.9,85.5,80.8,86.5,91.6,--,71.4,5,3.8,6.6,1,1.7,4,7.1,4.8,10.1,7.4,6.1,2.1,6.7,9.3,6.4,2.9,--,26,1.2,0.5,2.2,0.4,0.2,0.3,0.6,0.6,2,2.1,2.6,2,7.8,9.9,7.1,5.5,--,2.6
2016,Nordeste,Rio Grande do Norte,Total,Total,83.6,89.4,76.3,97.7,97.9,95.9,77,83.7,67.1,74.1,84,86.1,74.7,66.5,77.9,82.5,91.7,100,13.2,8.7,18.8,0.7,1,2.9,20.4,13.8,27.3,20.9,11.8,9.4,16.9,22.7,14.4,11.4,6.9,0,3.2,1.9,4.9,1.6,1.1,1.2,2.6,2.5,5.6,5,4.2,4.5,8.4,10.8,7.7,6.1,1.4,0
2016,Nordeste,Rio Grande do Norte,Urbana,Pública,79.7,87.3,72.1,97.7,98,95.9,72.8,81,62,69.2,81.2,83.5,71.3,63.1,74.9,79.4,91.6,100,16.3,10.4,22.2,0.4,0.7,2.7,24,16.1,31.5,25.1,13.9,11,18.9,24.8,16.2,13.3,7,0,4,2.3,5.7,1.9,1.3,1.4,3.2,2.9,6.5,5.7,4.9,5.5,9.8,12.1,8.9,7.3,1.4,0
2016,Nordeste,Rio Grande do Norte,Rural,Pública,82.2,86.2,73.5,97.5,97.4,93.8,71.2,79.1,61.5,73.5,82.3,87.1,84.7,78.9,87.1,89.8,93.7,--,13.9,11.4,19.3,0.7,1,4.4,25.7,17.6,30.6,19.2,11,6.7,7.6,11.4,5,5.2,5.3,--,3.9,2.4,7.2,1.8,1.6,1.8,3.1,3.3,7.9,7.3,6.7,6.2,7.7,9.7,7.9,5,1,--
2016,Nordeste,Rio Grande do Norte,Total,Pública,80.2,87,72.3,97.6,97.9,95.3,72.4,80.5,62,69.8,81.4,84,71.7,63.5,75.2,79.7,91.7,100,15.8,10.7,21.8,0.5,0.8,3.2,24.5,16.5,31.4,24.3,13.5,10.4,18.6,24.4,15.9,13.1,6.9,0,4,2.3,5.9,1.9,1.3,1.5,3.1,3,6.6,5.9,5.1,5.6,9.7,12.1,8.9,7.2,1.4,0
2016,Nordeste,Rio Grande do Norte,Urbana,Privada,96.5,97.7,94.6,98.1,97.9,97.7,97.4,97.3,95,94.5,94.6,94.4,93.5,89.8,94.1,97,--,--,3.1,1.9,5.1,1.3,1.6,2,2.4,2.4,4.8,5.2,5.1,5.3,5.9,9.5,5.3,2.5,--,--,0.4,0.4,0.3,0.6,0.5,0.3,0.2,0.3,0.2,0.3,0.3,0.3,0.6,0.7,0.6,0.5,--,--
2016,Nordeste,Rio Grande do Norte,Rural,Privada,96.1,96.9,93.3,97.1,97.4,100,96.2,93.7,88.9,93.6,96.4,100,100,--,100,100,--,--,3.4,2.3,6.7,2.2,1.7,0,2.8,5.1,11.1,6.4,3.6,0,0,--,0,0,--,--,0.5,0.8,0,0.7,0.9,0,1,1.2,0,0,0,0,0,--,0,0,--,--
2016,Nordeste,Rio Grande do Norte,Urbana,Municipal,81.2,87.5,72.8,97.4,97.6,95.2,73.3,81.7,63,71,81.3,85.7,--,--,--,--,--,--,14.8,10.1,21.1,0.4,0.9,3.3,23.6,15.3,29.8,23,13.5,8.8,--,--,--,--,--,--,4,2.4,6.1,2.2,1.5,1.5,3.1,3,7.2,6,5.2,5.5,--,--,--,--,--,--
2016,Nordeste,Rio Grande do Norte,Rural,Municipal,82.4,86.2,73.4,97.4,97.4,93.7,71.2,79.1,61.5,73.4,82.1,87.3,--,--,--,--,--,--,13.8,11.4,19.4,0.7,1.1,4.5,25.9,17.7,30.8,19.2,11.2,6.2,--,--,--,--,--,--,3.8,2.4,7.2,1.9,1.5,1.8,2.9,3.2,7.7,7.4,6.7,6.5,--,--,--,--,--,--
2016,Nordeste,Rio Grande do Norte,Urbana,Federal,99.3,99.3,--,100,100,100,97.7,--,--,--,--,--,86.1,81.9,84.2,89.5,94.1,--,0.7,0.7,--,0,0,0,2.3,--,--,--,--,--,12.3,16.3,14.4,8.5,5.2,--,0,0,--,0,0,0,0,--,--,--,--,--,1.6,1.8,1.4,2,0.7,--
2016,Nordeste,Rio Grande do Norte,Rural,Federal,--,--,--,--,--,--,--,--,--,--,--,--,93.3,88.8,97.1,96.2,93.7,--,--,--,--,--,--,--,--,--,--,--,--,--,4.9,8.5,2.1,2.1,5.3,--,--,--,--,--,--,--,--,--,--,--,--,--,1.8,2.7,0.8,1.7,1,--
2016,Nordeste,Rio Grande do Norte,Urbana,Estadual,76.7,86.5,71.1,98.4,99.5,98.1,71.5,79.3,60.6,66.8,81.1,81.3,69.8,61.5,74,78.5,77.9,100,19.2,11.5,23.6,0.3,0,0.8,25.3,18.1,34.1,27.8,14.3,13.1,19.6,25.5,16.4,13.7,16.8,0,4.1,2,5.3,1.3,0.5,1.1,3.2,2.6,5.3,5.4,4.6,5.6,10.6,13,9.6,7.8,5.3,0
2016,Nordeste,Rio Grande do Norte,Rural,Estadual,79.4,85.3,73.9,99.2,98.6,96.9,70.6,79.9,62.1,74,83.7,85.9,80.3,74,82.8,87,--,--,15.2,10.8,19.2,0.5,0,1.2,22.8,15,29,19.6,9.5,10.4,9,12.9,6.2,6.5,--,--,5.4,3.9,6.9,0.3,1.4,1.9,6.6,5.1,8.9,6.4,6.8,3.7,10.7,13.1,11,6.5,--,--
2016,Nordeste,Rio Grande do Norte,Total,Privada,96.5,97.7,94.6,98.1,97.9,97.7,97.4,97.3,95,94.5,94.6,94.4,93.5,89.8,94.1,97,--,--,3.1,1.9,5.1,1.3,1.6,2,2.4,2.4,4.8,5.2,5.1,5.2,5.9,9.5,5.2,2.5,--,--,0.4,0.4,0.3,0.6,0.5,0.3,0.2,0.3,0.2,0.3,0.3,0.4,0.6,0.7,0.7,0.5,--,--
2016,Nordeste,Rio Grande do Norte,Total,Municipal,81.6,87.1,72.9,97.4,97.5,94.7,72.6,80.8,62.7,71.5,81.5,86,--,--,--,--,--,--,14.5,10.6,20.7,0.5,1,3.7,24.3,16.1,30,22.2,13,8.3,--,--,--,--,--,--,3.9,2.3,6.4,2.1,1.5,1.6,3.1,3.1,7.3,6.3,5.5,5.7,--,--,--,--,--,--
2016,Nordeste,Rio Grande do Norte,Total,Federal,99.3,99.3,--,100,100,100,97.7,--,--,--,--,--,86.8,82.6,85.4,90.2,94.1,--,0.7,0.7,--,0,0,0,2.3,--,--,--,--,--,11.6,15.5,13.2,7.9,5.2,--,0,0,--,0,0,0,0,--,--,--,--,--,1.6,1.9,1.4,1.9,0.7,--
2016,Nordeste,Rio Grande do Norte,Total,Estadual,76.8,86.4,71.3,98.4,99.4,98,71.4,79.3,60.7,67.1,81.2,81.5,70.1,61.8,74.2,78.7,77.9,100,19,11.4,23.5,0.3,0,0.8,25.1,17.9,33.9,27.5,14.1,13,19.4,25.3,16.2,13.6,16.8,0,4.2,2.2,5.2,1.3,0.6,1.2,3.5,2.8,5.4,5.4,4.7,5.5,10.5,12.9,9.6,7.7,5.3,0
2016,Nordeste,Rio Grande do Norte,Urbana,Total,83.9,90.3,76.6,97.8,98,96.5,78.6,85,67.9,74.2,84.2,85.9,74.4,66.2,77.7,82.3,91.6,100,13,8,18.7,0.7,1,2.5,18.9,12.7,26.8,21.1,11.9,9.7,17.1,23,14.6,11.5,7,0,3.1,1.7,4.7,1.5,1,1,2.5,2.3,5.3,4.7,3.9,4.4,8.5,10.8,7.7,6.2,1.4,0
2016,Nordeste,Rio Grande do Norte,Rural,Total,82.3,86.3,73.6,97.5,97.4,93.9,71.3,79.2,61.7,73.6,82.3,87.2,84.9,78.9,87.3,90,93.7,--,13.8,11.3,19.3,0.7,1,4.3,25.5,17.5,30.4,19.1,10.9,6.7,7.6,11.4,4.9,5.1,5.3,--,3.9,2.4,7.1,1.8,1.6,1.8,3.2,3.3,7.9,7.3,6.8,6.1,7.5,9.7,7.8,4.9,1,--
2016,Nordeste,Paraíba,Total,Total,84.5,89.4,78.6,95.8,94.5,84.6,86.3,87.2,72.4,77.7,81.8,85.1,78,69.2,81.5,88.1,86.1,81.6,11,8.2,14.4,2.1,3.7,13.2,11.1,9.8,19.3,15.4,11.6,8.9,9.7,14.3,8,4.2,8.2,12.3,4.5,2.4,7,2.1,1.8,2.2,2.6,3,8.3,6.9,6.6,6,12.3,16.5,10.5,7.7,5.7,6.1
2016,Nordeste,Paraíba,Urbana,Pública,80.9,86.8,75.5,94.7,92.8,80.3,83.9,85.1,68.9,74.6,79,82.9,74.9,65.7,78.7,86,86,34.5,13.3,10,16.2,2,4.6,16.8,12.6,11.2,21.6,17.3,13.3,10,10.8,15.4,9,4.7,8.3,41.4,5.8,3.2,8.3,3.3,2.6,2.9,3.5,3.7,9.5,8.1,7.7,7.1,14.3,18.9,12.3,9.3,5.7,24.1
2016,Nordeste,Paraíba,Rural,Pública,84.2,87.3,75.3,96.1,94.2,82.6,82.1,83.7,67.5,75.2,79.4,84.1,77.4,69.1,81.7,85.6,--,--,11.8,10.3,16,2.2,4.2,15.1,15.2,13,22.9,17,11.7,8,7.4,10.9,5.8,3.6,--,--,4,2.4,8.7,1.7,1.6,2.3,2.7,3.3,9.6,7.8,8.9,7.9,15.2,20,12.5,10.8,--,--
2016,Nordeste,Paraíba,Total,Pública,81.6,86.9,75.5,95.1,93.2,81,83.4,84.7,68.7,74.7,79.1,83.1,75,65.8,78.8,86,86,34.5,13,10.1,16.2,2.1,4.5,16.3,13.4,11.7,21.7,17.3,13.1,9.8,10.6,15.3,8.9,4.7,8.3,41.4,5.4,3,8.3,2.8,2.3,2.7,3.2,3.6,9.6,8,7.8,7.1,14.4,18.9,12.3,9.3,5.7,24.1
2016,Nordeste,Paraíba,Urbana,Privada,97,98,95.2,97.5,98.1,98.3,98.1,98.3,95.6,94.7,95.7,94.8,94.8,92,95.4,97.3,90.5,97.6,2.6,1.6,4.5,1.9,1.4,1.5,1.6,1.5,4,5,4,4.9,4.4,7.2,3.7,2.1,4.8,2.4,0.4,0.4,0.3,0.6,0.5,0.2,0.3,0.2,0.4,0.3,0.3,0.3,0.8,0.8,0.9,0.6,4.7,0
2016,Nordeste,Paraíba,Rural,Privada,95.6,100,90.4,100,100,100,100,100,95.2,87.3,90.3,96.2,--,--,--,--,--,--,3.5,0,7.6,0,0,0,0,0,4.8,10.1,6.5,3.8,--,--,--,--,--,--,0.9,0,2,0,0,0,0,0,0,2.6,3.2,0,--,--,--,--,--,--
2016,Nordeste,Paraíba,Urbana,Municipal,82.2,86.5,76.8,95,92.4,80.4,81.5,85.7,70.6,75.9,80.5,84.7,79.2,75.9,85.6,87.3,90.9,34.5,13.1,10.6,16.3,2.2,5.3,16.9,15.3,10.9,21.3,17.3,13.3,9.6,12.3,11.2,10.8,11.2,0,41.4,4.7,2.9,6.9,2.8,2.3,2.7,3.2,3.4,8.1,6.8,6.2,5.7,8.5,12.9,3.6,1.5,9.1,24.1
2016,Nordeste,Paraíba,Rural,Municipal,84.7,87.4,75.1,96.2,94.1,82.8,81.7,84.2,66.7,74.6,79.7,85.3,--,--,--,--,--,--,11.7,10.3,16.9,2.2,4.4,14.8,15.7,12.6,23.7,18.1,12.2,8.2,--,--,--,--,--,--,3.6,2.3,8,1.6,1.5,2.4,2.6,3.2,9.6,7.3,8.1,6.5,--,--,--,--,--,--
2016,Nordeste,Paraíba,Urbana,Federal,97.7,97.7,--,100,100,96,90.9,--,--,--,--,--,87.2,85,90.7,87.6,88.1,--,2.3,2.3,--,0,0,4,9.1,--,--,--,--,--,12.1,13.9,9.1,12.1,11.7,--,0,0,--,0,0,0,0,--,--,--,--,--,0.7,1.1,0.2,0.3,0.2,--
2016,Nordeste,Paraíba,Rural,Federal,--,--,--,--,--,--,--,--,--,--,--,--,0,--,0,--,--,--,--,--,--,--,--,--,--,--,--,--,--,--,0,--,0,--,--,--,--,--,--,--,--,--,--,--,--,--,--,--,100,--,100,--,--,--
2016,Nordeste,Paraíba,Urbana,Estadual,77.9,88,73.8,92.9,95.1,80,94.3,83.3,66.1,72.6,77.1,81,74.4,64.9,78.3,86,81.7,--,13.6,7.5,16.1,1.3,0.9,16.2,1.6,11.9,22,17.3,13.2,10.4,10.7,15.5,9,4.5,2.8,--,8.5,4.5,10.1,5.8,4,3.8,4.1,4.8,11.9,10.1,9.7,8.6,14.9,19.6,12.7,9.5,15.5,--
2016,Nordeste,Paraíba,Rural,Estadual,79.4,85.4,76.1,94,96.2,77.6,89.9,77.8,69.9,77.1,78.4,81,77.4,69.1,81.8,85.6,--,--,12.5,10.7,13.5,2,0.6,19.7,6.1,17.3,20.1,13.3,10.2,7.6,7.4,10.9,5.8,3.6,--,--,8.1,3.9,10.4,4,3.2,2.7,4,4.9,10,9.6,11.4,11.4,15.2,20,12.4,10.8,--,--
2016,Nordeste,Paraíba,Total,Privada,97,98,95.2,97.5,98.1,98.3,98.1,98.3,95.6,94.6,95.6,94.8,94.8,92,95.4,97.3,90.5,97.6,2.6,1.6,4.5,1.9,1.4,1.5,1.6,1.5,4,5,4,4.9,4.4,7.2,3.7,2.1,4.8,2.4,0.4,0.4,0.3,0.6,0.5,0.2,0.3,0.2,0.4,0.4,0.4,0.3,0.8,0.8,0.9,0.6,4.7,0
2016,Nordeste,Paraíba,Total,Municipal,82.9,86.8,76.5,95.4,93,81.2,81.6,85.2,70,75.7,80.4,84.8,79.2,75.9,85.6,87.3,90.9,34.5,12.8,10.5,16.4,2.2,5,16.2,15.4,11.5,21.7,17.5,13.2,9.4,12.3,11.2,10.8,11.2,0,41.4,4.3,2.7,7.1,2.4,2,2.6,3,3.3,8.3,6.8,6.4,5.8,8.5,12.9,3.6,1.5,9.1,24.1
2016,Nordeste,Paraíba,Total,Federal,97.7,97.7,--,100,100,96,90.9,--,--,--,--,--,87.2,85,90.5,87.6,88.1,--,2.3,2.3,--,0,0,4,9.1,--,--,--,--,--,12.1,13.9,9.1,12.1,11.7,--,0,0,--,0,0,0,0,--,--,--,--,--,0.7,1.1,0.4,0.3,0.2,--
2016,Nordeste,Paraíba,Total,Estadual,78.1,87.7,73.9,93,95.2,79.8,93.9,82.7,66.4,73,77.2,81,74.5,65.1,78.5,85.9,81.7,--,13.5,7.9,15.9,1.4,0.9,16.5,2,12.5,21.8,17,13,10.2,10.6,15.4,8.9,4.5,2.8,--,8.4,4.4,10.2,5.6,3.9,3.7,4.1,4.8,11.8,10,9.8,8.8,14.9,19.5,12.6,9.6,15.5,--
2016,Nordeste,Paraíba,Urbana,Total,84.6,90,78.9,95.7,94.5,85.2,87.6,88.2,73,78,82.1,85.2,78,69.2,81.5,88.1,86.1,81.6,10.8,7.6,14.2,2,3.6,12.6,9.8,8.9,18.9,15.2,11.6,9,9.8,14.4,8.1,4.2,8.2,12.3,4.6,2.4,6.9,2.3,1.9,2.2,2.6,2.9,8.1,6.8,6.3,5.8,12.2,16.4,10.4,7.7,5.7,6.1
2016,Nordeste,Paraíba,Rural,Total,84.2,87.3,75.4,96.1,94.2,82.6,82.1,83.7,67.5,75.3,79.4,84.2,77.4,69.1,81.7,85.6,--,--,11.8,10.3,16,2.2,4.2,15,15.2,12.9,22.8,16.9,11.7,8,7.4,10.9,5.8,3.6,--,--,4,2.4,8.6,1.7,1.6,2.4,2.7,3.4,9.7,7.8,8.9,7.8,15.2,20,12.5,10.8,--,--
2016,Nordeste,Pernambuco,Total,Total,88.3,90.8,85.1,96.8,97,81.1,93.7,87.8,81,84.5,87.4,88.8,91.2,87.4,92,95.6,91,85,9.6,8,11.8,2,2.2,17.7,5.3,10.6,15.2,12.5,9.9,8.5,7.2,10.5,6.7,3.4,6.5,8.9,2.1,1.2,3.1,1.2,0.8,1.2,1,1.6,3.8,3,2.7,2.7,1.6,2.1,1.3,1,2.5,6.1
2016,Nordeste,Pernambuco,Urbana,Pública,85.5,88.3,82.8,96.7,96.8,75.7,91.8,85.2,78,81.9,85.4,87.6,90.9,87.3,91.6,95.4,91.1,84.6,11.8,10.1,13.5,1.7,2.1,22.7,6.8,12.8,17.6,14.4,11.5,9.4,7.5,10.8,7.1,3.6,6.8,9.2,2.7,1.6,3.7,1.6,1.1,1.6,1.4,2,4.4,3.7,3.1,3,1.6,1.9,1.3,1,2.1,6.2
2016,Nordeste,Pernambuco,Rural,Pública,86.4,88.5,82,97,96.7,76,93.1,83.9,76.4,82.4,85,87,87.3,81.4,88.9,94,89.8,86,11.2,10.1,13.5,1.8,2.3,22.5,5.6,14.1,18.5,14,10.8,8.2,8,12.4,6.7,3.3,2.4,8,2.4,1.4,4.5,1.2,1,1.5,1.3,2,5.1,3.6,4.2,4.8,4.7,6.2,4.4,2.7,7.8,6
2016,Nordeste,Pernambuco,Total,Pública,85.8,88.4,82.7,96.8,96.8,75.8,92.2,84.8,77.7,82,85.3,87.5,90.7,86.9,91.5,95.3,91,84.7,11.7,10.1,13.5,1.7,2.2,22.7,6.4,13.2,17.7,14.3,11.4,9.2,7.6,10.9,7.1,3.6,6.5,9.1,2.5,1.5,3.8,1.5,1,1.5,1.4,2,4.6,3.7,3.3,3.3,1.7,2.2,1.4,1.1,2.5,6.2
2016,Nordeste,Pernambuco,Urbana,Privada,96.8,97.5,95.5,96.9,97.5,97.4,97.9,97.7,96.1,95.5,95.7,94.5,94.9,92,95.4,97.5,80,95.3,2.9,2.2,4.2,2.5,2,2.3,1.9,2,3.6,4.2,4,5.1,4.5,7.4,3.9,2.1,0,4.5,0.3,0.3,0.3,0.6,0.5,0.3,0.2,0.3,0.3,0.3,0.3,0.4,0.6,0.6,0.7,0.4,20,0.2
2016,Nordeste,Pernambuco,Rural,Privada,91.7,90.4,95.6,87,88.3,90.9,89.9,96.5,93.1,95.4,98.2,96.2,95.6,92.5,95.3,100,--,--,8.1,9.3,4.3,12.8,11.4,9.1,9.7,3,6.9,4.6,1.2,3.8,4.4,7.5,4.7,0,--,--,0.2,0.3,0.1,0.2,0.3,0,0.4,0.5,0,0,0.6,0,0,0,0,0,--,--
2016,Nordeste,Pernambuco,Urbana,Municipal,84.4,88.3,78.3,96.7,96.8,75.6,91.8,85.2,73.4,77.7,81.9,83.6,75.7,49.2,59.1,92.4,88.1,--,12.6,10.2,16.3,1.7,2.1,22.8,6.9,12.8,20.5,16.9,13.3,11.2,5.8,6.2,11.4,1.1,5.2,--,3,1.5,5.4,1.6,1.1,1.6,1.3,2,6.1,5.4,4.8,5.2,18.5,44.6,29.5,6.5,6.7,--
2016,Nordeste,Pernambuco,Rural,Municipal,86.7,88.6,81.7,97.3,97,76,93.2,84,75.9,82,84.7,87.2,78.5,80,85.3,96.7,--,25,11,9.9,13.6,1.5,2,22.5,5.5,14,18.8,14.2,10.8,7.8,5.4,2.4,4.2,0,--,27.8,2.3,1.5,4.7,1.2,1,1.5,1.3,2,5.3,3.8,4.5,5,16.1,17.6,10.5,3.3,--,47.2
2016,Nordeste,Pernambuco,Urbana,Federal,98.1,--,98.1,--,--,--,--,--,100,100,97.1,97.8,75.1,61.7,79.5,84.7,85.1,78.6,1.9,--,1.9,--,--,--,--,--,0,0,2.9,2.2,20.8,32.2,17.1,14.7,12.4,15.9,0,--,0,--,--,--,--,--,0,0,0,0,4.1,6.1,3.4,0.6,2.5,5.5
2016,Nordeste,Pernambuco,Rural,Federal,--,--,--,--,--,--,--,--,--,--,--,--,81.3,78.9,77.1,89.9,50,86.3,--,--,--,--,--,--,--,--,--,--,--,--,16.6,19.1,20.5,9,0,13.7,--,--,--,--,--,--,--,--,--,--,--,--,2.1,2,2.4,1.1,50,0
2016,Nordeste,Pernambuco,Urbana,Estadual,90.2,95.1,90.1,98.9,99,93.7,99.1,91.5,88.6,89.6,90.5,91.4,91.1,87.6,91.8,95.5,92.5,85.1,9,4.7,9.1,1.1,1,6.3,0.9,8,10.6,9.7,8.8,7.7,7.4,10.6,7,3.5,5.8,8.6,0.8,0.2,0.8,0,0,0,0,0.5,0.8,0.7,0.7,0.9,1.5,1.8,1.2,1,1.7,6.3
2016,Nordeste,Pernambuco,Rural,Estadual,83.8,83.9,83.7,86.8,88.9,75.9,90.7,80.6,79.2,84.2,86.4,86.3,87.8,81.5,89.5,94.2,92.3,91.1,13.4,14.1,13,10.8,9.4,22.3,7.8,16.9,17.3,12.9,10.4,10.1,7.5,12.2,6,3.1,2.6,4.4,2.8,2,3.3,2.4,1.7,1.8,1.5,2.5,3.5,2.9,3.2,3.6,4.7,6.3,4.5,2.7,5.1,4.5
2016,Nordeste,Pernambuco,Total,Privada,96.7,97.4,95.5,96.8,97.4,97.3,97.8,97.7,96.1,95.5,95.7,94.5,94.9,92,95.4,97.5,80,95.3,2.9,2.3,4.2,2.7,2.2,2.4,2,2.1,3.6,4.2,4,5.1,4.5,7.4,3.9,2.1,0,4.5,0.4,0.3,0.3,0.5,0.4,0.3,0.2,0.2,0.3,0.3,0.3,0.4,0.6,0.6,0.7,0.4,20,0.2
2016,Nordeste,Pernambuco,Total,Municipal,85,88.4,79,96.9,96.9,75.7,92.2,84.8,73.9,78.7,82.5,84.4,77,69.5,72.7,94.1,88.1,25,12.1,10.1,15.7,1.6,2.1,22.7,6.5,13.2,20.2,16.3,12.8,10.4,5.6,3.7,7.7,0.7,5.2,27.8,2.9,1.5,5.3,1.5,1,1.6,1.3,2,5.9,5,4.7,5.2,17.4,26.8,19.6,5.2,6.7,47.2
2016,Nordeste,Pernambuco,Total,Federal,98.1,--,98.1,--,--,--,--,--,100,100,97.1,97.8,76.4,66.1,78.9,85.8,84.2,79.9,1.9,--,1.9,--,--,--,--,--,0,0,2.9,2.2,19.9,28.9,18,13.5,12.1,15.5,0,--,0,--,--,--,--,--,0,0,0,0,3.7,5,3.1,0.7,3.7,4.6
2016,Nordeste,Pernambuco,Total,Estadual,89.5,87,89.6,88.6,91.2,79.6,93.2,85.2,87.7,89.1,90.2,91,90.9,87.2,91.7,95.4,92.5,85.4,9.5,11.5,9.4,9.3,7.5,19,5.8,13.1,11.3,10,8.9,7.9,7.4,10.7,7,3.5,5.6,8.4,1,1.5,1,2.1,1.3,1.4,1,1.7,1,0.9,0.9,1.1,1.7,2.1,1.3,1.1,1.9,6.2
2016,Nordeste,Pernambuco,Urbana,Total,88.8,91.5,85.6,96.8,97.1,82.6,93.9,89,81.8,84.8,87.8,89,91.4,87.8,92.2,95.7,91.1,84.9,9.3,7.4,11.5,2,2.1,16.2,5.2,9.6,14.6,12.2,9.7,8.5,7.2,10.4,6.7,3.4,6.8,9,1.9,1.1,2.9,1.2,0.8,1.2,0.9,1.4,3.6,3,2.5,2.5,1.4,1.8,1.1,0.9,2.1,6.1
2016,Nordeste,Pernambuco,Rural,Total,86.5,88.5,82.1,96.8,96.5,76.2,93.1,84,76.6,82.5,85.1,87.1,87.3,81.5,88.9,94.1,89.8,86,11.1,10.1,13.5,2,2.4,22.4,5.6,14,18.4,13.9,10.7,8.2,8,12.3,6.7,3.3,2.4,8,2.4,1.4,4.4,1.2,1.1,1.4,1.3,2,5,3.6,4.2,4.7,4.7,6.2,4.4,2.6,7.8,6
2016,Nordeste,Alagoas,Total,Total,83.8,89.2,77,95.7,96.8,79,94.7,83.4,72.1,75.7,79.6,83.2,77,68.9,80,85.8,90.3,50,11.6,8.6,15.4,2,1.9,18.6,3.5,13.7,19.9,16.5,13.3,9.7,10.2,14.5,8.1,5.8,6,50,4.6,2.2,7.6,2.3,1.3,2.4,1.8,2.9,8,7.8,7.1,7.1,12.8,16.6,11.9,8.4,3.7,0
2016,Nordeste,Alagoas,Urbana,Pública,80.1,86.9,73.6,93.6,95.2,76.1,92.5,81.7,68.4,71.9,76.6,80.2,73.7,65.2,77.1,83.1,90.3,50,13.8,10.2,17.3,3.1,2.9,20.8,5.2,14.7,22.1,18.5,15,11.2,11.3,15.7,8.9,6.9,6,50,6.1,2.9,9.1,3.3,1.9,3.1,2.3,3.6,9.5,9.6,8.4,8.6,15,19.1,14,10,3.7,0
2016,Nordeste,Alagoas,Rural,Pública,84,87.7,76,97,97.6,74.5,96,79.2,69.4,76,78.5,84.1,76.9,72.3,78.9,81.5,--,--,12.2,10.3,16.6,1.3,1.2,23.2,2.4,17.7,22.7,17.5,13.8,8.3,7.5,10.8,6.2,3.8,--,--,3.8,2,7.4,1.7,1.2,2.3,1.6,3.1,7.9,6.5,7.7,7.6,15.6,16.9,14.9,14.7,--,--
2016,Nordeste,Alagoas,Total,Pública,81.3,87.2,74.1,94.9,96.1,75.5,93.8,80.8,68.6,72.7,77,80.9,73.8,65.5,77.2,83,90.3,50,13.4,10.3,17.2,2.4,2.3,21.7,4.2,15.8,22.2,18.3,14.8,10.6,11.1,15.5,8.7,6.7,6,50,5.3,2.5,8.7,2.7,1.6,2.8,2,3.4,9.2,9,8.2,8.5,15.1,19,14.1,10.3,3.7,0
2016,Nordeste,Alagoas,Urbana,Privada,96.8,98.5,94.2,99,99.4,97.4,99.1,97.5,94.6,93.8,94,94.6,94.1,90.6,94.2,97.9,--,--,2.8,1.2,5.2,0.4,0.3,2.2,0.6,2.3,4.9,5.6,5.5,4.9,5.2,8.3,5.1,1.7,--,--,0.4,0.3,0.6,0.6,0.3,0.4,0.3,0.2,0.5,0.6,0.5,0.5,0.7,1.1,0.7,0.4,--,--
2016,Nordeste,Alagoas,Rural,Privada,96.1,97.1,92.4,100,100,90.8,99.3,95.4,98.3,90.5,80,100,--,--,--,--,--,--,3.6,2.5,7.6,0,0,8.5,0,4.6,1.7,9.5,20,0,--,--,--,--,--,--,0.3,0.4,0,0,0,0.7,0.7,0,0,0,0,0,--,--,--,--,--,--
2016,Nordeste,Alagoas,Urbana,Municipal,81.1,87,73.8,94,95.4,76.2,92.5,81.5,68.4,72.8,76.7,80.9,--,--,--,--,--,--,13.6,10.2,17.9,2.9,2.8,20.8,5.3,14.8,23,18.6,15.5,11,--,--,--,--,--,--,5.3,2.8,8.3,3.1,1.8,3,2.2,3.7,8.6,8.6,7.8,8.1,--,--,--,--,--,--
2016,Nordeste,Alagoas,Rural,Municipal,84.1,87.6,75.9,97,97.6,74.5,96,79.2,69.2,75.9,78.5,85,--,--,--,--,--,--,12.3,10.3,16.9,1.3,1.2,23.2,2.5,17.6,22.9,17.7,14,8.3,--,--,--,--,--,--,3.6,2.1,7.2,1.7,1.2,2.3,1.5,3.2,7.9,6.4,7.5,6.7,--,--,--,--,--,--
2016,Nordeste,Alagoas,Urbana,Federal,--,--,--,--,--,--,--,--,--,--,--,--,74.1,61.4,83.2,75.4,90.8,--,--,--,--,--,--,--,--,--,--,--,--,--,18.9,27.8,13.5,18.3,6.4,--,--,--,--,--,--,--,--,--,--,--,--,--,7,10.8,3.3,6.3,2.8,--
2016,Nordeste,Alagoas,Urbana,Estadual,75.3,85.6,73.1,87.4,91.7,74.6,93.3,83.7,68.5,69.5,76.2,78.7,73.6,65.3,77,83.3,89.6,50,14.8,10.3,15.8,6.2,5,20.3,4.1,12.7,19.1,18.3,13.9,11.5,11,15.2,8.8,6.6,5.6,50,9.9,4.1,11.1,6.4,3.3,5.1,2.6,3.6,12.4,12.2,9.9,9.8,15.4,19.5,14.2,10.1,4.8,0
2016,Nordeste,Alagoas,Rural,Estadual,80.4,88.7,77,97.4,98.3,75.4,98.5,78.4,75.3,78.8,78.2,75.6,76.9,72.3,78.9,81.5,--,--,11.7,9.9,12.4,0.6,0.6,22.7,0.5,20.7,18.2,14,11.4,8,7.5,10.8,6.2,3.8,--,--,7.9,1.4,10.6,2,1.1,1.9,1,0.9,6.5,7.2,10.4,16.4,15.6,16.9,14.9,14.7,--,--
2016,Nordeste,Alagoas,Total,Privada,96.8,98.5,94.2,99.1,99.4,97.3,99.1,97.5,94.7,93.8,93.9,94.6,94.1,90.6,94.2,97.9,--,--,2.8,1.2,5.3,0.4,0.3,2.3,0.6,2.3,4.9,5.6,5.6,4.9,5.2,8.3,5.1,1.7,--,--,0.4,0.3,0.5,0.5,0.3,0.4,0.3,0.2,0.4,0.6,0.5,0.5,0.7,1.1,0.7,0.4,--,--
2016,Nordeste,Alagoas,Total,Municipal,82.1,87.2,74.3,95.1,96.2,75.6,93.8,80.6,68.6,73.5,77.2,81.9,--,--,--,--,--,--,13.2,10.3,17.6,2.3,2.2,21.7,4.2,15.9,23,18.4,15.1,10.4,--,--,--,--,--,--,4.7,2.5,8.1,2.6,1.6,2.7,2,3.5,8.4,8.1,7.7,7.7,--,--,--,--,--,--
2016,Nordeste,Alagoas,Total,Federal,--,--,--,--,--,--,--,--,--,--,--,--,74.1,61.4,83.2,75.4,90.8,--,--,--,--,--,--,--,--,--,--,--,--,--,18.9,27.8,13.5,18.3,6.4,--,--,--,--,--,--,--,--,--,--,--,--,--,7,10.8,3.3,6.3,2.8,--
2016,Nordeste,Alagoas,Total,Estadual,75.6,85.9,73.3,88.4,92.4,74.7,93.8,83.2,68.8,69.9,76.4,78.5,73.8,65.7,77.1,83.2,89.6,50,14.6,10.3,15.7,5.6,4.6,20.6,3.8,13.4,19.1,18.1,13.8,11.3,10.8,14.9,8.6,6.5,5.6,50,9.8,3.8,11,6,3,4.7,2.4,3.4,12.1,12,9.8,10.2,15.4,19.4,14.3,10.3,4.8,0
2016,Nordeste,Alagoas,Urbana,Total,83.8,89.8,77.2,95.2,96.4,80.9,94.2,85.2,72.6,75.7,79.9,83,77,68.7,80.1,86,90.3,50,11.4,7.9,15.2,2.3,2.2,16.6,4,11.9,19.3,16.3,13.3,10,10.3,14.7,8.2,5.9,6,50,4.8,2.3,7.6,2.5,1.4,2.5,1.8,2.9,8.1,8,6.8,7,12.7,16.6,11.7,8.1,3.7,0
2016,Nordeste,Alagoas,Rural,Total,84.1,87.7,76.1,97,97.7,74.6,96,79.3,69.6,76.1,78.5,84.2,76.9,72.3,78.9,81.5,--,--,12.2,10.2,16.5,1.3,1.2,23.1,2.4,17.6,22.6,17.4,13.8,8.2,7.5,10.8,6.2,3.8,--,--,3.7,2.1,7.4,1.7,1.1,2.3,1.6,3.1,7.8,6.5,7.7,7.6,15.6,16.9,14.9,14.7,--,--
2016,Nordeste,Sergipe,Total,Total,79.2,86.2,69.9,98.2,95.7,78.9,79,84.2,62.2,68.6,74.2,80,73.5,62.9,76.7,87.2,81.3,95.2,16.9,11.8,23.5,0.4,3,19.1,18.6,13.1,30.5,25.1,19.7,14.1,14.7,21.3,12.5,6.4,0,3.2,3.9,2,6.6,1.4,1.3,2,2.4,2.7,7.3,6.3,6.1,5.9,11.8,15.8,10.8,6.4,18.7,1.6
2016,Nordeste,Sergipe,Urbana,Pública,72.9,82.2,63.5,97.4,93.6,72.4,75.1,80.6,55.3,61.4,67.9,75.5,69,57.9,72.5,84.2,81.3,--,21.7,14.9,28.6,0.4,4.3,24.7,21.7,15.8,36.1,30.8,24.5,17.2,16.8,23.6,14.4,7.8,0,--,5.4,2.9,7.9,2.2,2.1,2.9,3.2,3.6,8.6,7.8,7.6,7.3,14.2,18.5,13.1,8,18.7,--
2016,Nordeste,Sergipe,Rural,Pública,77.5,82.8,67.1,98.2,95.9,75.3,72.5,80.7,58,67.2,72,79.5,72.1,58,77.9,88.4,--,--,18.4,15.1,24.6,0.5,3.1,22.8,24.7,16.4,33,24.9,20,12.7,11.9,19.8,7.2,4.3,--,--,4.1,2.1,8.3,1.3,1,1.9,2.8,2.9,9,7.9,8,7.8,16,22.2,14.9,7.3,--,--
2016,Nordeste,Sergipe,Total,Pública,74.3,82.4,64.3,97.7,94.5,73.5,74.1,80.7,55.9,62.8,68.8,76.4,69.1,57.9,72.8,84.5,81.3,--,20.6,15,27.6,0.4,3.8,24,22.8,16,35.3,29.4,23.5,16.2,16.6,23.4,14,7.6,0,--,5.1,2.6,8.1,1.9,1.7,2.5,3.1,3.3,8.8,7.8,7.7,7.4,14.3,18.7,13.2,7.9,18.7,--
2016,Nordeste,Sergipe,Urbana,Privada,96.3,98.4,92.9,99.1,99.1,97.9,97.8,98,93,92.3,93.5,93,92.8,89,93,97,--,95.2,3.5,1.4,6.8,0.5,0.6,1.9,2.1,1.8,6.7,7.5,6.3,6.8,6.4,10.3,6.1,2,--,3.2,0.2,0.2,0.3,0.4,0.3,0.2,0.1,0.2,0.3,0.2,0.2,0.2,0.8,0.7,0.9,1,--,1.6
2016,Nordeste,Sergipe,Rural,Privada,97.8,98.1,96.7,100,99.4,96.2,97.3,96.9,94.6,94.6,100,100,--,--,--,--,--,--,2.1,1.8,3.3,0,0,3.8,2.7,3.1,5.4,5.4,0,0,--,--,--,--,--,--,0.1,0.1,0,0,0.6,0,0,0,0,0,0,0,--,--,--,--,--,--
2016,Nordeste,Sergipe,Urbana,Municipal,74.7,81.6,64.9,97.2,92,72.9,73.6,78.7,56.5,64,70,78.8,--,--,--,--,--,--,20.4,15.3,27.7,0.5,5.7,24,22.6,17.3,35.2,29,22.9,14.6,--,--,--,--,--,--,4.9,3.1,7.4,2.3,2.3,3.1,3.8,4,8.3,7,7.1,6.6,--,--,--,--,--,--
2016,Nordeste,Sergipe,Rural,Municipal,77.5,82.8,67,98.2,95.8,75.4,72.3,80.6,57.9,67.1,72,79.4,--,--,--,--,--,--,18.3,15.2,24.5,0.5,3.2,22.7,24.9,16.5,32.9,24.9,19.7,12.4,--,--,--,--,--,--,4.2,2,8.5,1.3,1,1.9,2.8,2.9,9.2,8,8.3,8.2,--,--,--,--,--,--
2016,Nordeste,Sergipe,Urbana,Federal,--,--,--,--,--,--,--,--,--,--,--,--,90,85.7,79.5,100,81.3,--,--,--,--,--,--,--,--,--,--,--,--,--,4.1,5.2,12.8,0,0,--,--,--,--,--,--,--,--,--,--,--,--,--,5.9,9.1,7.7,0,18.7,--
2016,Nordeste,Sergipe,Rural,Federal,--,--,--,--,--,--,--,--,--,--,--,--,0,0,--,--,--,--,--,--,--,--,--,--,--,--,--,--,--,--,0,0,--,--,--,--,--,--,--,--,--,--,--,--,--,--,--,--,100,100,--,--,--,--
2016,Nordeste,Sergipe,Urbana,Estadual,70.3,83.6,62,98,97.9,71.4,78.4,84.4,53.8,58.5,66.1,72.9,68.9,57.8,72.5,84.1,--,--,23.6,14.2,29.5,0,0.6,26.2,19.6,12.8,37.1,32.7,25.9,19.2,16.9,23.7,14.4,7.9,--,--,6.1,2.2,8.5,2,1.5,2.4,2,2.8,9.1,8.8,8,7.9,14.2,18.5,13.1,8,--,--
2016,Nordeste,Sergipe,Rural,Estadual,75.7,83.9,68.5,99.5,98.6,73.9,77.4,83.6,58.8,69.3,70.9,80.7,72.3,58.5,77.9,88.4,--,--,20.4,14.2,25.9,0,0,24.1,20.5,14.3,34,24.5,24,16.2,11.9,20,7.2,4.3,--,--,3.9,1.9,5.6,0.5,1.4,2,2.1,2.1,7.2,6.2,5.1,3.1,15.8,21.5,14.9,7.3,--,--
2016,Nordeste,Sergipe,Total,Privada,96.3,98.4,92.9,99.2,99.1,97.9,97.8,98,93,92.3,93.5,93,92.8,89,93,97,--,95.2,3.5,1.4,6.8,0.5,0.6,1.9,2.1,1.8,6.7,7.5,6.3,6.7,6.4,10.3,6.1,2,--,3.2,0.2,0.2,0.3,0.3,0.3,0.2,0.1,0.2,0.3,0.2,0.2,0.3,0.8,0.7,0.9,1,--,1.6
2016,Nordeste,Sergipe,Total,Municipal,75.9,82.1,65.7,97.7,93.7,74,73,79.5,57,65.2,70.7,79,--,--,--,--,--,--,19.5,15.2,26.5,0.5,4.6,23.4,23.7,16.9,34.4,27.5,21.7,13.8,--,--,--,--,--,--,4.6,2.7,7.8,1.8,1.7,2.6,3.3,3.6,8.6,7.3,7.6,7.2,--,--,--,--,--,--
2016,Nordeste,Sergipe,Total,Federal,--,--,--,--,--,--,--,--,--,--,--,--,85.3,74.2,79.5,100,81.3,--,--,--,--,--,--,--,--,--,--,--,--,--,3.9,4.5,12.8,0,0,--,--,--,--,--,--,--,--,--,--,--,--,--,10.8,21.3,7.7,0,18.7,--
2016,Nordeste,Sergipe,Total,Estadual,70.5,83.6,62.3,98.1,97.9,71.5,78.3,84.3,54,59,66.2,73.2,69.1,57.9,72.7,84.4,--,--,23.5,14.2,29.3,0,0.5,26.1,19.6,12.9,37,32.3,25.8,19.1,16.6,23.5,14,7.7,--,--,6,2.2,8.4,1.9,1.6,2.4,2.1,2.8,9,8.7,8,7.7,14.3,18.6,13.3,7.9,--,--
2016,Nordeste,Sergipe,Urbana,Total,79.6,87.5,70.6,98.1,95.6,80.2,81.7,85.6,63.2,68.9,74.6,80.1,73.6,63.1,76.6,87.1,81.3,95.2,16.5,10.5,23.3,0.4,2.9,17.8,16,11.8,29.9,25.1,19.7,14.5,14.8,21.4,12.7,6.5,0,3.2,3.9,2,6.1,1.5,1.5,2,2.3,2.6,6.9,6,5.7,5.4,11.6,15.5,10.7,6.4,18.7,1.6
2016,Nordeste,Sergipe,Rural,Total,77.7,83,67.3,98.3,95.9,75.7,72.8,80.9,58.3,67.4,72.1,79.6,72.1,58,77.9,88.4,--,--,18.1,14.9,24.5,0.4,3.1,22.5,24.5,16.3,32.8,24.8,19.9,12.6,11.9,19.8,7.2,4.3,--,--,4.2,2.1,8.2,1.3,1,1.8,2.7,2.8,8.9,7.8,8,7.8,16,22.2,14.9,7.3,--,--
2016,Nordeste,Bahia,Total,Total,81.9,87.3,75.4,96.6,95.6,78.7,83.8,85.6,70.1,73.6,77.9,82.6,75.1,66.1,78.2,84.8,80.5,97.1,14,10.3,18.5,1.5,2.8,18.9,13.4,11.6,22.5,20.2,16.5,12.6,17.5,24.2,15.1,10.3,16,2.4,4.1,2.4,6.1,1.9,1.6,2.4,2.8,2.8,7.4,6.2,5.6,4.8,7.4,9.7,6.7,4.9,3.5,0.5
2016,Nordeste,Bahia,Urbana,Pública,78.7,85.6,72.1,96.1,94.8,75,82.8,84.5,67.2,70,74.5,79.4,72.9,63.7,76.2,83.1,79.8,100,16.5,11.6,21.2,1.5,3.2,22.1,13.9,12.3,24.8,23.2,19.5,15.3,19,25.9,16.5,11.5,16.6,0,4.8,2.8,6.7,2.4,2,2.9,3.3,3.2,8,6.8,6,5.3,8.1,10.4,7.3,5.4,3.6,0
2016,Nordeste,Bahia,Rural,Pública,80.9,84.3,75.2,97,95.2,75.2,78.4,81.8,67.1,73.9,79.1,85.8,79.1,70,81.6,89.6,82.2,--,14.5,12.9,17.3,1,3,21.9,18,14.8,24.1,18.6,13.8,8.3,12.5,18.6,10.7,5.7,10,--,4.6,2.8,7.5,2,1.8,2.9,3.6,3.4,8.8,7.5,7.1,5.9,8.4,11.4,7.7,4.7,7.8,--
2016,Nordeste,Bahia,Total,Pública,79.4,85.1,72.9,96.4,94.9,75.1,81.1,83.5,67.2,71,75.6,80.9,73.3,64,76.5,83.4,79.9,100,15.9,12.1,20.2,1.3,3.2,22,15.5,13.2,24.6,22,18.1,13.6,18.7,25.5,16.2,11.1,16.5,0,4.7,2.8,6.9,2.3,1.9,2.9,3.4,3.3,8.2,7,6.3,5.5,8,10.5,7.3,5.5,3.6,0
2016,Nordeste,Bahia,Urbana,Privada,96.6,97.9,94.4,97.3,98.2,98.2,97.9,97.8,94.4,93.9,94.5,94.8,94,90.8,94.5,97.2,97.6,95.8,3.1,1.8,5.3,2.2,1.5,1.6,1.9,2,5.2,5.8,5.3,4.9,5.6,8.7,5.1,2.6,0,3.4,0.3,0.3,0.3,0.5,0.3,0.2,0.2,0.2,0.4,0.3,0.2,0.3,0.4,0.5,0.4,0.2,2.4,0.8
2016,Nordeste,Bahia,Rural,Privada,94.4,97.5,90.3,98.2,98.6,98.8,95.3,96.1,88.6,88.1,88.7,95.8,91.4,85.4,93.7,95,95.1,--,4.2,1.7,7.4,0.2,0.9,1,4.1,3,8.8,8,10,2.8,5.4,8.3,4.8,2.8,4.3,--,1.4,0.8,2.3,1.6,0.5,0.2,0.6,0.9,2.6,3.9,1.3,1.4,3.2,6.3,1.5,2.2,0.6,--
2016,Nordeste,Bahia,Urbana,Municipal,80.6,85.7,73.7,96.1,94.8,75.1,82.9,84.5,68.6,71.5,76.8,82.1,77.1,64.1,82.8,86.7,93.5,--,14.6,11.5,18.8,1.5,3.2,22.1,13.9,12.3,22.7,20.9,16.5,11.8,9.2,17.1,5.8,3.1,0,--,4.8,2.8,7.5,2.4,2,2.8,3.2,3.2,8.7,7.6,6.7,6.1,13.7,18.8,11.4,10.2,6.5,--
2016,Nordeste,Bahia,Rural,Municipal,81.1,84.4,75.4,97.1,95.2,75.3,78.5,81.9,67.2,73.9,79.4,86.2,81.7,69.4,83,94.9,85.2,--,14.4,12.9,17.1,1,3.1,21.8,18,14.7,24,18.6,13.4,7.9,7.7,14.5,6.1,1.5,3.3,--,4.5,2.7,7.5,1.9,1.7,2.9,3.5,3.4,8.8,7.5,7.2,5.9,10.6,16.1,10.9,3.6,11.5,--
2016,Nordeste,Bahia,Urbana,Federal,93.7,--,93.7,--,--,--,--,--,95.5,93.8,89.7,96.6,85.7,78.3,88.6,91.8,95.3,100,6.3,--,6.3,--,--,--,--,--,4.5,6.2,10.3,3.4,10.2,15.9,9,4.9,1.7,0,0,--,0,--,--,--,--,--,0,0,0,0,4.1,5.8,2.4,3.3,3,0
2016,Nordeste,Bahia,Rural,Federal,--,--,--,--,--,--,--,--,--,--,--,--,90.8,89.2,89.7,95.9,--,--,--,--,--,--,--,--,--,--,--,--,--,--,8,10.2,10.3,0,--,--,--,--,--,--,--,--,--,--,--,--,--,--,1.2,0.6,0,4.1,--,--
2016,Nordeste,Bahia,Urbana,Estadual,68.7,79.9,68.4,93.9,92.8,67.6,77.8,82.6,63.5,66.4,69.7,74.6,72.7,63.4,76,83,77.3,--,26.4,17.6,26.6,1.7,5.9,29.3,19.6,15.2,30.4,28.8,25.5,21.5,19.2,26.1,16.6,11.6,19.2,--,4.9,2.5,5,4.4,1.3,3.1,2.6,2.2,6.1,4.8,4.8,3.9,8.1,10.5,7.4,5.4,3.5,--
2016,Nordeste,Bahia,Rural,Estadual,71.7,76.8,70.2,93.9,97,62.3,69.3,72.7,63.7,73.2,69.5,75.2,78.6,69.7,81.3,88.8,81.3,--,21.1,15.3,22.8,2.7,0,27.4,20.2,17.7,27.9,20.4,23.9,18.2,13.2,19.1,11.3,6.4,12,--,7.2,7.9,7,3.4,3,10.3,10.5,9.6,8.4,6.4,6.6,6.6,8.2,11.2,7.4,4.8,6.7,--
2016,Nordeste,Bahia,Total,Privada,96.6,97.9,94.3,97.3,98.2,98.2,97.9,97.8,94.3,93.9,94.4,94.9,93.8,90.6,94.5,97.1,95.4,95.8,3.1,1.8,5.4,2.2,1.5,1.6,1.9,2,5.3,5.8,5.3,4.9,5.6,8.6,5.1,2.6,3.8,3.4,0.3,0.3,0.3,0.5,0.3,0.2,0.2,0.2,0.4,0.3,0.3,0.2,0.6,0.8,0.4,0.3,0.8,0.8
2016,Nordeste,Bahia,Total,Municipal,80.8,85.2,74.3,96.5,94.9,75.1,81.2,83.5,68.1,72.2,77.7,83.4,79.9,67.3,82.9,92.2,90.5,--,14.6,12,18.3,1.3,3.2,22,15.5,13.2,23.1,20.2,15.5,10.6,8.3,15.6,6,2.1,1.2,--,4.6,2.8,7.4,2.2,1.9,2.9,3.3,3.3,8.8,7.6,6.8,6,11.8,17.1,11.1,5.7,8.3,--
2016,Nordeste,Bahia,Total,Federal,93.7,--,93.7,--,--,--,--,--,95.5,93.8,89.7,96.6,85.8,78.8,88.7,92,95.3,100,6.3,--,6.3,--,--,--,--,--,4.5,6.2,10.3,3.4,10.2,15.7,9.1,4.7,1.7,0,0,--,0,--,--,--,--,--,0,0,0,0,4,5.5,2.2,3.3,3,0
2016,Nordeste,Bahia,Total,Estadual,68.8,79,68.5,93.9,94.2,66,75.5,80.6,63.5,66.7,69.7,74.6,73,63.7,76.3,83.2,77.4,--,26.2,16.9,26.5,2.3,3.9,28.7,19.8,15.7,30.3,28.5,25.5,21.4,18.9,25.8,16.4,11.3,19,--,5,4.1,5,3.8,1.9,5.3,4.7,3.7,6.2,4.8,4.8,4,8.1,10.5,7.3,5.5,3.6,--
2016,Nordeste,Bahia,Urbana,Total,82.3,88.7,75.4,96.5,95.7,80.2,86.3,87.4,71,73.5,77.6,81.7,74.8,65.9,77.9,84.5,79.9,97.1,13.8,9.1,18.9,1.8,2.7,17.5,11.1,10.1,22.1,20.6,17.3,13.7,17.8,24.5,15.4,10.6,16.6,2.4,3.9,2.2,5.7,1.7,1.6,2.3,2.6,2.5,6.9,5.9,5.1,4.6,7.4,9.6,6.7,4.9,3.5,0.5
2016,Nordeste,Bahia,Rural,Total,81,84.4,75.3,97,95.2,75.3,78.5,81.9,67.2,74,79.2,85.9,80.1,71.1,82.4,90,89.3,--,14.5,12.8,17.2,1,3,21.8,18,14.7,24.1,18.6,13.8,8.3,11.9,17.8,10.3,5.5,6.9,--,4.5,2.8,7.5,2,1.8,2.9,3.5,3.4,8.7,7.4,7,5.8,8,11.1,7.3,4.5,3.8,--
2016,Sudeste,Minas Gerais,Total,Total,92.6,97.8,86.6,99.3,99.1,95.8,98.2,97,85.2,86.3,86.8,88.1,81,73.7,83.9,89.1,83.6,86.1,6.2,2,11.1,0.5,0.7,4.1,1.6,2.7,12.9,11.6,10.7,9.2,12.6,18.4,10.1,7.1,5.8,12.9,1.2,0.2,2.3,0.2,0.2,0.1,0.2,0.3,1.9,2.1,2.5,2.7,6.4,7.9,6,3.8,10.6,1
2016,Sudeste,Minas Gerais,Urbana,Pública,91.6,97.6,85.3,99.2,99.1,95.3,98.1,96.7,83.7,85,85.6,86.9,79.4,71.8,82.5,87.9,83.6,83.4,7,2.1,12.1,0.5,0.7,4.5,1.6,2.9,14.2,12.7,11.6,10,13.5,19.5,10.9,7.8,5.8,15.4,1.4,0.3,2.6,0.3,0.2,0.2,0.3,0.4,2.1,2.3,2.8,3.1,7.1,8.7,6.6,4.3,10.6,1.2
2016,Sudeste,Minas Gerais,Rural,Pública,94.9,97.6,89.5,99.2,98.7,96,97.8,96.9,86.2,88.6,90,93.4,88.4,83.9,89.4,94,99,84.6,4.2,2.1,8.1,0.5,1,3.8,1.9,2.7,11.8,9.3,7.4,4,7.1,9.9,6.5,3.7,0,13.5,0.9,0.3,2.4,0.3,0.3,0.2,0.3,0.4,2,2.1,2.6,2.6,4.5,6.2,4.1,2.3,1,1.9
2016,Sudeste,Minas Gerais,Total,Pública,91.9,97.6,85.6,99.2,99.1,95.3,98.1,96.8,83.9,85.2,85.9,87.3,79.7,72.2,82.7,88.1,83.6,83.4,6.7,2.1,11.9,0.5,0.7,4.4,1.7,2.9,14,12.5,11.3,9.7,13.3,19.3,10.7,7.7,5.8,15.3,1.4,0.3,2.5,0.3,0.2,0.3,0.2,0.3,2.1,2.3,2.8,3,7,8.5,6.6,4.2,10.6,1.3
2016,Sudeste,Minas Gerais,Urbana,Privada,97.7,99.1,95.6,99.5,99.4,99,99,98.7,96.3,95.5,95.2,95.4,94.3,90.9,95.2,97.2,87.2,94,2.3,0.9,4.3,0.4,0.5,1,1,1.3,3.6,4.4,4.7,4.5,5.4,8.8,4.6,2.5,0,6,0,0,0.1,0.1,0.1,0,0,0,0.1,0.1,0.1,0.1,0.3,0.3,0.2,0.3,12.8,0
2016,Sudeste,Minas Gerais,Rural,Privada,92.3,94.8,90.8,100,98.5,90.4,91.8,91.4,90.1,88.9,93.4,91.4,94.1,91.2,95.8,96.6,--,--,6.1,5.2,6.6,0,1.5,9.6,8.2,8.6,7.9,8.7,5.7,3.2,3,4,2.5,2,--,--,1.6,0,2.6,0,0,0,0,0,2,2.4,0.9,5.4,2.9,4.8,1.7,1.4,--,--
2016,Sudeste,Minas Gerais,Urbana,Municipal,94,96.7,87,99.1,98.9,93.3,97.3,95.6,83.9,86.4,88.8,89.6,86.4,79.8,87.5,95.3,97,82,5.3,3,11.2,0.6,0.9,6.5,2.4,4,14.4,11.7,9.5,8.8,10.5,14.8,10.2,3.1,3,17.5,0.7,0.3,1.8,0.3,0.2,0.2,0.3,0.4,1.7,1.9,1.7,1.6,3.1,5.4,2.3,1.6,0,0.5
2016,Sudeste,Minas Gerais,Rural,Municipal,95.4,97.5,89.8,99.1,98.8,95.6,97.6,96.6,85.9,88.4,90.3,94.9,87.3,80.3,87.6,97.2,--,--,3.9,2.3,8.3,0.5,0.9,4.2,2.1,3,12.4,9.9,7.6,3.2,6.7,9.9,8,0.9,--,--,0.7,0.2,1.9,0.4,0.3,0.2,0.3,0.4,1.7,1.7,2.1,1.9,6,9.8,4.4,1.9,--,--
2016,Sudeste,Minas Gerais,Urbana,Federal,95.7,97,94.9,99.5,96.2,96.6,98.6,94.7,93.9,95.8,95.9,94.1,89.3,83.5,90.8,96.5,98.7,84.8,4.3,3,5.1,0.5,3.8,3.4,1.4,5.3,6.1,4.2,4.1,5.9,10.2,15.7,8.7,3.4,1.3,15.2,0,0,0,0,0,0,0,0,0,0,0,0,0.5,0.8,0.5,0.1,0,0
2016,Sudeste,Minas Gerais,Rural,Federal,--,--,--,--,--,--,--,--,--,--,--,--,85.5,79.7,87.7,91.7,--,--,--,--,--,--,--,--,--,--,--,--,--,--,13.3,18.2,11.8,7.7,--,--,--,--,--,--,--,--,--,--,--,--,--,--,1.2,2.1,0.5,0.6,--,--
2016,Sudeste,Minas Gerais,Urbana,Estadual,89.5,99.3,84.6,99.5,99.5,99.2,99.4,98.7,83.6,84.4,84.4,86,79.2,71.6,82.3,87.6,83.4,83.3,8.5,0.5,12.5,0.2,0.3,0.6,0.3,1,14,13.1,12.4,10.5,13.6,19.6,10.9,8,5.9,8.7,2,0.2,2.9,0.3,0.2,0.2,0.3,0.3,2.4,2.5,3.2,3.5,7.2,8.8,6.8,4.4,10.7,8
2016,Sudeste,Minas Gerais,Rural,Estadual,93,98.6,89.1,99.5,98.3,98.6,98.7,98.2,86.7,88.8,89.6,91.3,89.3,85.2,89.9,94.7,99,84.6,5.1,1,7.9,0.2,1.7,1.2,0.8,1.2,10.9,8.3,7.2,5.3,5.4,7.6,4.9,2.6,0,13.5,1.9,0.4,3,0.3,0,0.2,0.5,0.6,2.4,2.9,3.2,3.4,5.3,7.2,5.2,2.7,1,1.9
2016,Sudeste,Minas Gerais,Total,Privada,97.7,99.1,95.6,99.5,99.4,99,99,98.7,96.3,95.5,95.2,95.4,94.3,90.9,95.2,97.2,87.2,94,2.3,0.9,4.3,0.4,0.6,1,1,1.3,3.6,4.4,4.7,4.5,5.4,8.7,4.5,2.4,0,6,0,0,0.1,0.1,0,0,0,0,0.1,0.1,0.1,0.1,0.3,0.4,0.3,0.4,12.8,0
2016,Sudeste,Minas Gerais,Total,Municipal,94.2,96.8,87.4,99.1,98.9,93.6,97.4,95.8,84.1,86.7,89,90.3,86.5,79.8,87.5,95.4,97,82,5.1,2.9,10.9,0.6,0.9,6.2,2.4,3.8,14.2,11.5,9.2,8,10.3,14.5,10,2.9,3,17.5,0.7,0.3,1.7,0.3,0.2,0.2,0.2,0.4,1.7,1.8,1.8,1.7,3.2,5.7,2.5,1.7,0,0.5
2016,Sudeste,Minas Gerais,Total,Federal,95.7,97,94.9,99.5,96.2,96.6,98.6,94.7,93.9,95.8,95.9,94.1,88.4,82.6,90,95.2,98.7,84.8,4.3,3,5.1,0.5,3.8,3.4,1.4,5.3,6.1,4.2,4.1,5.9,10.9,16.3,9.5,4.5,1.3,15.2,0,0,0,0,0,0,0,0,0,0,0,0,0.7,1.1,0.5,0.3,0,0
2016,Sudeste,Minas Gerais,Total,Estadual,89.6,99.2,84.8,99.5,99.4,99.2,99.4,98.7,83.7,84.5,84.6,86.2,79.4,71.9,82.5,87.8,83.5,83.7,8.3,0.5,12.3,0.2,0.4,0.6,0.3,1,13.9,12.9,12.2,10.3,13.4,19.4,10.8,7.8,5.8,10.1,2.1,0.3,2.9,0.3,0.2,0.2,0.3,0.3,2.4,2.6,3.2,3.5,7.2,8.7,6.7,4.4,10.7,6.2
2016,Sudeste,Minas Gerais,Urbana,Total,92.4,97.8,86.4,99.3,99.2,95.7,98.2,97,85.1,86.2,86.6,87.8,80.8,73.4,83.8,89,83.6,86.1,6.4,1.9,11.3,0.5,0.7,4.1,1.5,2.7,13,11.7,10.9,9.5,12.7,18.6,10.2,7.2,5.8,12.9,1.2,0.3,2.3,0.2,0.1,0.2,0.3,0.3,1.9,2.1,2.5,2.7,6.5,8,6,3.8,10.6,1
2016,Sudeste,Minas Gerais,Rural,Total,94.9,97.6,89.6,99.2,98.7,96,97.8,96.9,86.2,88.6,90,93.4,88.8,84.4,89.8,94.2,99,84.6,4.2,2.1,8.1,0.5,1,3.8,2,2.7,11.8,9.3,7.4,4,6.9,9.6,6.2,3.6,0,13.5,0.9,0.3,2.3,0.3,0.3,0.2,0.2,0.4,2,2.1,2.6,2.6,4.3,6,4,2.2,1,1.9
2016,Sudeste,Espírito Santo,Total,Total,88.4,93.3,81.9,98.5,97.6,87.2,90.9,93.1,79,80.1,82.8,87.8,81.1,71,84.2,93.5,92.1,96.9,10.7,6.4,16.5,1.2,2.2,12.5,8.7,6.4,19.5,18.3,15.5,10.8,15.1,23.9,12.2,4.4,5.4,1,0.9,0.3,1.6,0.3,0.2,0.3,0.4,0.5,1.5,1.6,1.7,1.4,3.8,5.1,3.6,2.1,2.5,2.1
2016,Sudeste,Espírito Santo,Urbana,Pública,86.6,92.3,79.5,98.3,97.1,85.9,89.6,92,76.6,77.5,80.2,86,78.8,68.4,82.2,92.4,91.3,98.8,12.3,7.3,18.7,1.4,2.7,13.7,9.9,7.4,21.7,20.7,17.8,12.4,16.8,25.9,13.6,5.1,5.8,1.2,1.1,0.4,1.8,0.3,0.2,0.4,0.5,0.6,1.7,1.8,2,1.6,4.4,5.7,4.2,2.5,2.9,0
2016,Sudeste,Espírito Santo,Rural,Pública,89.9,92.7,84.2,98.4,98.2,84,90.9,93.6,78.3,83.1,86.7,92.7,86.4,80.2,87.1,93.4,98.5,100,9.3,7,14,1.3,1.6,15.8,8.8,6.1,19.8,15.1,11.3,5.8,11,16.6,10.3,4.9,1.5,0,0.8,0.3,1.8,0.3,0.2,0.2,0.3,0.3,1.9,1.8,2,1.5,2.6,3.2,2.6,1.7,0,0
2016,Sudeste,Espírito Santo,Total,Pública,87,92.4,80,98.3,97.3,85.6,89.8,92.2,76.8,78,80.8,86.6,79.1,68.8,82.4,92.4,91.7,98.8,12,7.2,18.3,1.3,2.5,14,9.8,7.2,21.5,20.1,17.2,11.8,16.6,25.6,13.5,5.1,5.6,1.2,1,0.4,1.7,0.4,0.2,0.4,0.4,0.6,1.7,1.9,2,1.6,4.3,5.6,4.1,2.5,2.7,0
2016,Sudeste,Espírito Santo,Urbana,Privada,98,99.3,96.1,99.8,99.9,98.8,99,99.1,97,96.2,96.1,95.2,94.7,90,95.2,99.2,--,83.3,2,0.7,3.9,0.1,0,1.2,1,0.9,3,3.8,3.9,4.7,5.2,9.9,4.7,0.7,--,0,0,0,0,0.1,0.1,0,0,0,0,0,0,0.1,0.1,0.1,0.1,0.1,--,16.7
2016,Sudeste,Espírito Santo,Rural,Privada,91.3,--,91.3,--,--,--,--,--,93.7,88.7,91.6,91,93.4,90.3,94.2,96.2,95.6,--,7.7,--,7.7,--,--,--,--,--,5.7,10.2,7.8,6.7,3.4,5.3,1.8,1.4,4.4,--,1,--,1,--,--,--,--,--,0.6,1.1,0.6,2.3,3.2,4.4,4,2.4,0,--
2016,Sudeste,Espírito Santo,Urbana,Municipal,87.6,92.1,80,98.2,96.8,85.6,89.3,91.6,76.2,77.9,81.2,88.7,--,--,--,--,--,--,11.6,7.5,18.5,1.4,2.9,14,10.2,7.8,22.2,20.4,17.4,10.2,--,--,--,--,--,--,0.8,0.4,1.5,0.4,0.3,0.4,0.5,0.6,1.6,1.7,1.4,1.1,--,--,--,--,--,--
2016,Sudeste,Espírito Santo,Rural,Municipal,89.7,92.4,83.7,98.3,98.1,83.5,90.5,93.3,77.1,82.6,86.2,93.5,98.8,97.1,100,100,100,--,9.5,7.3,14.5,1.3,1.8,16.3,9.1,6.4,21,15.6,11.8,5,0,0,0,0,0,--,0.8,0.3,1.8,0.4,0.1,0.2,0.4,0.3,1.9,1.8,2,1.5,1.2,2.9,0,0,0,--
2016,Sudeste,Espírito Santo,Urbana,Federal,--,--,--,--,--,--,--,--,--,--,--,--,87.4,82,87.7,92.9,91.2,98.8,--,--,--,--,--,--,--,--,--,--,--,--,11,16.6,11.1,5.2,6.2,1.2,--,--,--,--,--,--,--,--,--,--,--,--,1.6,1.4,1.2,1.9,2.6,0
2016,Sudeste,Espírito Santo,Rural,Federal,--,--,--,--,--,--,--,--,--,--,--,--,83,76.4,82.9,89.4,98,100,--,--,--,--,--,--,--,--,--,--,--,--,15.6,21.3,15.9,9.9,2,0,--,--,--,--,--,--,--,--,--,--,--,--,1.4,2.3,1.2,0.7,0,0
2016,Sudeste,Espírito Santo,Urbana,Estadual,83.9,93.4,78.7,98.6,98.7,87.4,91.1,93.8,77.5,76.7,78.8,82.5,78.3,67.7,82,92.4,91.5,100,14.5,6.2,19.1,1.1,1.1,12.4,8.5,5.7,20.8,21.1,18.5,15.4,17.1,26.3,13.7,5.1,5,0,1.6,0.4,2.2,0.3,0.2,0.2,0.4,0.5,1.7,2.2,2.7,2.1,4.6,6,4.3,2.5,3.5,0
2016,Sudeste,Espírito Santo,Rural,Estadual,90.8,94.6,86.1,98.9,99.2,87.4,93.5,95.2,82.9,85.3,88.2,89.7,87.9,81.4,89.2,95.4,--,--,8.2,5.1,12,1.1,0.5,12.3,6.4,4.3,14.9,13.1,9.7,8.5,8.9,14.9,7.3,2.3,--,--,1,0.3,1.9,0,0.3,0.3,0.1,0.5,2.2,1.6,2.1,1.8,3.2,3.7,3.5,2.3,--,--
2016,Sudeste,Espírito Santo,Total,Privada,98,99.3,96,99.8,99.9,98.8,99,99.1,96.9,96,95.9,95.1,94.6,90,95.1,99.1,95.6,83.3,2,0.7,3.9,0.1,0,1.2,1,0.9,3.1,4,4,4.8,5.1,9.6,4.6,0.8,4.4,0,0,0,0.1,0.1,0.1,0,0,0,0,0,0.1,0.1,0.3,0.4,0.3,0.1,0,16.7
2016,Sudeste,Espírito Santo,Total,Municipal,87.9,92.1,80.4,98.3,97,85.3,89.5,91.9,76.3,78.4,81.7,89.3,98.8,97.1,100,100,100,--,11.3,7.4,18,1.4,2.8,14.3,10.1,7.6,22.1,19.9,16.8,9.6,0,0,0,0,0,--,0.8,0.5,1.6,0.3,0.2,0.4,0.4,0.5,1.6,1.7,1.5,1.1,1.2,2.9,0,0,0,--
2016,Sudeste,Espírito Santo,Total,Federal,--,--,--,--,--,--,--,--,--,--,--,--,86.6,81,86.7,92.1,91.6,98.8,--,--,--,--,--,--,--,--,--,--,--,--,11.9,17.4,12.2,6.3,6,1.2,--,--,--,--,--,--,--,--,--,--,--,--,1.5,1.6,1.1,1.6,2.4,0
2016,Sudeste,Espírito Santo,Total,Estadual,84.5,93.5,79.1,98.6,98.7,87.4,91.4,93.9,77.8,77.2,79.3,82.8,78.5,68,82.1,92.5,91.5,100,14,6.1,18.7,1.1,1,12.4,8.3,5.6,20.4,20.6,18.1,15.1,16.9,26.1,13.6,5,5,0,1.5,0.4,2.2,0.3,0.3,0.2,0.3,0.5,1.8,2.2,2.6,2.1,4.6,5.9,4.3,2.5,3.5,0
2016,Sudeste,Espírito Santo,Urbana,Total,88.2,93.3,81.7,98.5,97.5,87.6,90.9,93,79,79.8,82.5,87.4,80.8,70.6,84,93.5,91.3,96.9,10.9,6.3,16.8,1.2,2.2,12,8.7,6.5,19.5,18.6,15.9,11.3,15.3,24.2,12.4,4.4,5.8,1,0.9,0.4,1.5,0.3,0.3,0.4,0.4,0.5,1.5,1.6,1.6,1.3,3.9,5.2,3.6,2.1,2.9,2.1
2016,Sudeste,Espírito Santo,Rural,Total,89.9,92.7,84.5,98.4,98.2,84,90.9,93.6,78.8,83.3,86.9,92.6,87.8,82.1,88.5,93.8,96.5,100,9.3,7,13.7,1.3,1.6,15.8,8.8,6.1,19.3,14.9,11.2,5.8,9.5,14.5,8.7,4.3,3.5,0,0.8,0.3,1.8,0.3,0.2,0.2,0.3,0.3,1.9,1.8,1.9,1.6,2.7,3.4,2.8,1.9,0,0
2016,Sudeste,Rio de Janeiro,Total,Total,87.8,90.9,83.9,92.9,94.5,84.7,90.3,92.7,82.1,82.6,84.4,87.6,78.2,70.2,79.7,88.9,96.1,88.8,10.6,8.1,13.6,5.9,4.7,14.4,8.8,6.3,15.3,14.9,13.2,10.1,14.9,20.9,14,6.7,1.1,6.7,1.6,1,2.5,1.2,0.8,0.9,0.9,1,2.6,2.5,2.4,2.3,6.9,8.9,6.3,4.4,2.8,4.5
2016,Sudeste,Rio de Janeiro,Urbana,Pública,84.9,88.6,80.7,92.5,93.3,79.8,87.5,91,78.2,79.2,81.3,85.5,74.2,66,75.8,86,97.8,86,12.9,10.1,16,5.9,5.7,18.9,11.2,7.7,18.4,17.5,15.5,11.5,17.1,23.1,16.2,8.2,2,8.5,2.2,1.3,3.3,1.6,1,1.3,1.3,1.3,3.4,3.3,3.2,3,8.7,10.9,8,5.8,0.2,5.5
2016,Sudeste,Rio de Janeiro,Rural,Pública,83.7,86.6,78.2,90.5,92.7,77.3,85.6,89.2,72.9,76.6,80.4,86.5,82.1,75,83.6,92.2,--,--,14.8,12.5,19.2,8.5,6.7,22,13.6,9.9,24,20.8,17,11.4,12.1,17.9,10.5,4.4,--,--,1.5,0.9,2.6,1,0.6,0.7,0.8,0.9,3.1,2.6,2.6,2.1,5.8,7.1,5.9,3.4,--,--
2016,Sudeste,Rio de Janeiro,Total,Pública,84.8,88.4,80.6,92.3,93.2,79.6,87.4,90.8,77.9,79,81.2,85.5,74.5,66.2,76.1,86.2,97.8,86,13.1,10.4,16.2,6.2,5.8,19.2,11.4,7.9,18.7,17.7,15.6,11.5,17,22.9,16,8.1,2,8.5,2.1,1.2,3.2,1.5,1,1.2,1.2,1.3,3.4,3.3,3.2,3,8.5,10.9,7.9,5.7,0.2,5.5
2016,Sudeste,Rio de Janeiro,Urbana,Privada,95.4,96.7,93.6,93.9,97.2,97.5,97.6,97.4,94.7,93.1,93.4,93.1,92.2,87.4,93.1,97,94,94.1,4.3,3,6.1,5.4,2.5,2.3,2.2,2.5,5.1,6.7,6.4,6.5,7.2,11.7,6.6,2.6,0,3.2,0.3,0.3,0.3,0.7,0.3,0.2,0.2,0.1,0.2,0.2,0.2,0.4,0.6,0.9,0.3,0.4,6,2.7
2016,Sudeste,Rio de Janeiro,Rural,Privada,95.5,97,92.8,94.2,96.8,97.7,98.6,98.2,92.2,94.8,91.3,93,90.5,82.1,95,98.9,--,--,4.4,2.9,7.1,5.6,3.1,2.3,1.3,1.8,7.6,5,8.7,7,9.5,17.9,5,1.1,--,--,0.1,0.1,0.1,0.2,0.1,0,0.1,0,0.2,0.2,0,0,0,0,0,0,--,--
2016,Sudeste,Rio de Janeiro,Urbana,Municipal,86.2,88.6,82.5,92.5,93.3,79.8,87.5,90.9,79.2,80.7,83.6,89.5,81,71.3,83.3,90.4,100,89.9,11.9,10.2,14.6,5.9,5.7,19,11.3,7.7,17.5,16.3,13.8,8.4,13.6,20.9,12,7.2,0,0,1.9,1.2,2.9,1.6,1,1.2,1.2,1.4,3.3,3,2.6,2.1,5.4,7.8,4.7,2.4,0,10.1
2016,Sudeste,Rio de Janeiro,Rural,Municipal,84.4,86.6,79,90.4,92.7,77.2,85.6,89.1,72.3,78.1,82,89,--,--,--,--,--,--,14.4,12.6,18.8,8.5,6.7,22,13.6,9.9,24.9,19.8,16.1,9.2,--,--,--,--,--,--,1.2,0.8,2.2,1.1,0.6,0.8,0.8,1,2.8,2.1,1.9,1.8,--,--,--,--,--,--
2016,Sudeste,Rio de Janeiro,Urbana,Federal,93,96.4,90.3,94.2,95.9,95.9,98.6,97.5,90,88.9,91.5,91.3,86.8,80.1,87.6,96.3,96.9,85.8,6.8,3.4,9.4,5.6,3.9,4,1.4,2.5,9.4,11,8.3,8.5,11,18.4,10.5,3,2.7,9,0.2,0.2,0.3,0.2,0.2,0.1,0,0,0.6,0.1,0.2,0.2,2.2,1.5,1.9,0.7,0.4,5.2
2016,Sudeste,Rio de Janeiro,Rural,Federal,--,--,--,--,--,--,--,--,--,--,--,--,73.3,60.9,81.7,100,--,--,--,--,--,--,--,--,--,--,--,--,--,--,24.2,35.9,15.9,0,--,--,--,--,--,--,--,--,--,--,--,--,--,--,2.5,3.2,2.4,0,--,--
2016,Sudeste,Rio de Janeiro,Urbana,Estadual,76,87.4,75.9,88,83.9,86.5,84.7,93.8,74.7,74.6,75.7,78.4,73.7,65.5,75.4,85.7,--,91.5,19.8,11.8,19.8,10,16.1,13.5,14,5.6,21.5,21.3,19.6,17.1,17.4,23.3,16.4,8.4,--,6.4,4.2,0.8,4.3,2,0,0,1.3,0.6,3.8,4.1,4.7,4.5,8.9,11.2,8.2,5.9,--,2.1
2016,Sudeste,Rio de Janeiro,Rural,Estadual,75.8,100,75.5,100,100,100,100,100,75,71.2,75.3,80.5,82.3,75.4,83.6,92.1,--,--,20.1,0,20.3,0,0,0,0,0,20.5,24.3,20,16.4,11.8,17.4,10.4,4.5,--,--,4.1,0,4.2,0,0,0,0,0,4.5,4.5,4.7,3.1,5.9,7.2,6,3.4,--,--
2016,Sudeste,Rio de Janeiro,Total,Privada,95.4,96.7,93.6,93.9,97.2,97.5,97.6,97.4,94.6,93.1,93.3,93.1,92.2,87.3,93.1,97.1,94,94.1,4.3,3,6.1,5.4,2.5,2.3,2.2,2.5,5.1,6.6,6.4,6.5,7.2,11.8,6.6,2.6,0,3.2,0.3,0.3,0.3,0.7,0.3,0.2,0.2,0.1,0.3,0.3,0.3,0.4,0.6,0.9,0.3,0.3,6,2.7
2016,Sudeste,Rio de Janeiro,Total,Municipal,86,88.4,82.3,92.3,93.2,79.5,87.3,90.8,78.8,80.5,83.5,89.5,81,71.3,83.3,90.4,100,89.9,12.1,10.4,14.9,6.2,5.8,19.3,11.5,7.9,17.9,16.5,13.9,8.4,13.6,20.9,12,7.2,0,0,1.9,1.2,2.8,1.5,1,1.2,1.2,1.3,3.3,3,2.6,2.1,5.4,7.8,4.7,2.4,0,10.1
2016,Sudeste,Rio de Janeiro,Total,Federal,93,96.4,90.3,94.2,95.9,95.9,98.6,97.5,90,88.9,91.5,91.3,86.6,79.5,87.5,96.4,96.9,85.8,6.8,3.4,9.4,5.6,3.9,4,1.4,2.5,9.4,11,8.3,8.5,11.2,19,10.7,2.9,2.7,9,0.2,0.2,0.3,0.2,0.2,0.1,0,0,0.6,0.1,0.2,0.2,2.2,1.5,1.8,0.7,0.4,5.2
2016,Sudeste,Rio de Janeiro,Total,Estadual,75.9,88.8,75.9,90.1,87.2,88.8,84.7,94.2,74.7,74.4,75.7,78.5,73.9,65.8,75.7,85.9,--,91.5,19.8,10.5,19.8,8.3,12.8,11.2,14,5.2,21.5,21.4,19.7,17,17.2,23.1,16.2,8.3,--,6.4,4.3,0.7,4.3,1.6,0,0,1.3,0.6,3.8,4.2,4.6,4.5,8.9,11.1,8.1,5.8,--,2.1
2016,Sudeste,Rio de Janeiro,Urbana,Total,88,91.2,84.2,93,94.6,85.2,90.6,92.9,82.5,82.8,84.5,87.7,78.1,70,79.6,88.8,96.1,88.8,10.4,7.9,13.4,5.8,4.6,13.9,8.5,6.1,14.9,14.7,13.1,10.1,15,21,14.1,6.8,1.1,6.7,1.6,0.9,2.4,1.2,0.8,0.9,0.9,1,2.6,2.5,2.4,2.2,6.9,9,6.3,4.4,2.8,4.5
2016,Sudeste,Rio de Janeiro,Rural,Total,84.2,87.1,78.9,90.7,93,78.1,86.2,89.5,73.7,77.4,81,86.8,82.5,75.4,84.1,92.6,--,--,14.3,12.1,18.6,8.3,6.5,21.2,13,9.5,23.3,20,16.6,11.1,12,17.9,10.3,4.3,--,--,1.5,0.8,2.5,1,0.5,0.7,0.8,1,3,2.6,2.4,2.1,5.5,6.7,5.6,3.1,--,--
2016,Sudeste,São Paulo,Total,Total,95.6,97.6,93.1,99.1,98.4,94.3,98.3,98.1,93.3,94.8,93.9,90.7,86.5,80.9,86.7,92.9,97.3,91.8,3.7,2.2,5.5,0.7,1.5,5.6,1.5,1.7,5.8,4.2,4.6,7.2,9.8,14.3,9.6,4.6,1.7,7.4,0.7,0.2,1.4,0.2,0.1,0.1,0.2,0.2,0.9,1,1.5,2.1,3.7,4.8,3.7,2.5,1,0.8
2016,Sudeste,São Paulo,Urbana,Pública,95,97.3,92,99,98.2,93.2,98.2,98,92.2,94.2,92.9,89.2,84.6,78.6,84.7,91.8,97.3,91.9,4.2,2.5,6.3,0.7,1.6,6.6,1.6,1.8,6.7,4.6,5.1,8.2,11,15.7,10.9,5.3,1,6.8,0.8,0.2,1.7,0.3,0.2,0.2,0.2,0.2,1.1,1.2,2,2.6,4.4,5.7,4.4,2.9,1.7,1.3
2016,Sudeste,São Paulo,Rural,Pública,96.2,96.6,95.4,99.2,97.3,91.9,97.6,97.3,95.3,96.3,96.7,93.6,93.5,91.9,93.3,96.3,--,86.6,3.5,3.3,3.9,0.8,2.7,8,2.3,2.6,4.3,3.2,2.7,5.3,4.6,6,4.7,2.2,--,13.2,0.3,0.1,0.7,0,0,0.1,0.1,0.1,0.4,0.5,0.6,1.1,1.9,2.1,2,1.5,--,0.2
2016,Sudeste,São Paulo,Total,Pública,95,97.3,92.1,99,98.2,93.2,98.2,97.9,92.3,94.2,93,89.3,84.7,78.8,84.9,91.8,97.3,89.9,4.1,2.5,6.2,0.7,1.6,6.6,1.6,1.8,6.6,4.5,5,8.2,10.9,15.5,10.8,5.3,1,9.2,0.9,0.2,1.7,0.3,0.2,0.2,0.2,0.3,1.1,1.3,2,2.5,4.4,5.7,4.3,2.9,1.7,0.9
2016,Sudeste,São Paulo,Urbana,Privada,98.3,99,97.3,99.4,98.9,98.8,98.9,98.9,97.6,97,97.2,97.6,96.5,93.6,97,98.9,97.2,97.6,1.7,1,2.7,0.6,1.1,1.2,1.1,1.1,2.4,3,2.8,2.4,3.5,6.3,2.9,1.1,2.8,2.2,0,0,0,0,0,0,0,0,0,0,0,0,0,0.1,0.1,0,0,0.2
2016,Sudeste,São Paulo,Rural,Privada,97.2,97.4,96.9,98.6,98.1,95.9,97.3,97,96.5,96.5,97.1,97.6,95.2,89.3,98.4,98.4,--,--,2.8,2.6,3.1,1.4,1.9,4.1,2.7,3,3.5,3.5,2.9,2.4,4.8,10.7,1.6,1.6,--,--,0,0,0,0,0,0,0,0,0,0,0,0,0,0,0,0,--,--
2016,Sudeste,São Paulo,Urbana,Municipal,95.7,96.9,91.6,99.1,97.9,92.6,97.8,97.5,91.1,90.8,90.7,93.7,90.6,86.8,89.9,95.4,98.2,--,3.8,2.9,7.2,0.7,2,7.2,2,2.3,8,8.2,7.7,4.8,7.9,11.3,8.7,3.5,1.1,--,0.5,0.2,1.2,0.2,0.1,0.2,0.2,0.2,0.9,1,1.6,1.5,1.5,1.9,1.4,1.1,0.7,--
2016,Sudeste,São Paulo,Rural,Municipal,96,96.4,94.3,99.1,97,91.6,97.4,97.1,93.5,93.8,94.3,95.8,92.5,85.1,96.9,96.4,--,--,3.8,3.5,5.2,0.8,2.9,8.3,2.5,2.8,6.2,6,5.1,3.4,3.2,6,1.5,1.8,--,--,0.2,0.1,0.5,0.1,0.1,0.1,0.1,0.1,0.3,0.2,0.6,0.8,4.3,8.9,1.6,1.8,--,--
2016,Sudeste,São Paulo,Urbana,Federal,99.6,99.6,--,100,100,97.7,100,100,--,--,--,--,88,83,89.2,98.3,95.8,--,0.4,0.4,--,0,0,2.3,0,0,--,--,--,--,11.6,16.8,10.4,1.3,0.9,--,0,0,--,0,0,0,0,0,--,--,--,--,0.4,0.2,0.4,0.4,3.3,--
2016,Sudeste,São Paulo,Urbana,Estadual,94.1,98.2,92.1,98.9,99.2,94.7,99.2,99.2,92.7,95.6,93.6,87.7,84.5,78.5,84.7,91.7,100,91.9,4.5,1.4,5.9,0.6,0.4,5,0.5,0.5,6.2,3,4.2,9.4,11,15.7,10.9,5.3,0,6.8,1.4,0.4,2,0.5,0.4,0.3,0.3,0.3,1.1,1.4,2.2,2.9,4.5,5.8,4.4,3,0,1.3
2016,Sudeste,São Paulo,Rural,Estadual,96.6,98.5,96,99.7,99.7,95.6,99.3,99.1,96.5,97.7,97.9,92.5,93.5,91.9,93.3,96.3,--,86.6,2.8,1.3,3.2,0.2,0.3,4.2,0.5,0.7,3.2,1.6,1.5,6.2,4.6,6,4.7,2.2,--,13.2,0.6,0.2,0.8,0.1,0,0.2,0.2,0.2,0.3,0.7,0.6,1.3,1.9,2.1,2,1.5,--,0.2
2016,Sudeste,São Paulo,Total,Privada,98.3,99,97.3,99.4,98.9,98.8,98.9,98.9,97.6,97,97.2,97.6,96.5,93.6,97,98.9,97.2,97.6,1.7,1,2.7,0.6,1.1,1.2,1.1,1.1,2.4,3,2.8,2.4,3.5,6.3,2.9,1.1,2.8,2.2,0,0,0,0,0,0,0,0,0,0,0,0,0,0.1,0.1,0,0,0.2
2016,Sudeste,São Paulo,Total,Municipal,95.7,96.9,91.7,99.1,97.9,92.6,97.8,97.5,91.2,90.8,90.8,93.7,90.7,86.7,90,95.5,98.2,--,3.8,2.9,7.1,0.7,2,7.2,2,2.3,7.9,8.2,7.7,4.8,7.9,11.3,8.6,3.5,1.1,--,0.5,0.2,1.2,0.2,0.1,0.2,0.2,0.2,0.9,1,1.5,1.5,1.4,2,1.4,1,0.7,--
2016,Sudeste,São Paulo,Total,Federal,99.6,99.6,--,100,100,97.7,100,100,--,--,--,--,88,83,89.2,98.3,95.8,--,0.4,0.4,--,0,0,2.3,0,0,--,--,--,--,11.6,16.8,10.4,1.3,0.9,--,0,0,--,0,0,0,0,0,--,--,--,--,0.4,0.2,0.4,0.4,3.3,--
2016,Sudeste,São Paulo,Total,Estadual,94.1,98.2,92.2,98.9,99.2,94.7,99.2,99.2,92.7,95.7,93.7,87.8,84.6,78.7,84.8,91.8,100,89.9,4.5,1.4,5.9,0.6,0.4,5,0.5,0.5,6.1,3,4.2,9.3,10.9,15.6,10.8,5.3,0,9.2,1.4,0.4,1.9,0.5,0.4,0.3,0.3,0.3,1.2,1.3,2.1,2.9,4.5,5.7,4.4,2.9,0,0.9
2016,Sudeste,São Paulo,Urbana,Total,95.6,97.6,93.1,99.1,98.4,94.3,98.3,98.1,93.3,94.7,93.8,90.7,86.4,80.7,86.6,92.9,97.3,93.9,3.7,2.2,5.5,0.7,1.5,5.5,1.5,1.7,5.9,4.2,4.6,7.2,9.8,14.4,9.7,4.6,1.7,5.2,0.7,0.2,1.4,0.2,0.1,0.2,0.2,0.2,0.8,1.1,1.6,2.1,3.8,4.9,3.7,2.5,1,0.9
2016,Sudeste,São Paulo,Rural,Total,96.2,96.6,95.5,99.1,97.3,92.1,97.6,97.3,95.4,96.3,96.7,93.7,93.6,91.8,93.5,96.4,--,86.6,3.5,3.3,3.9,0.8,2.7,7.8,2.3,2.6,4.3,3.2,2.7,5.2,4.6,6.2,4.6,2.2,--,13.2,0.3,0.1,0.6,0.1,0,0.1,0.1,0.1,0.3,0.5,0.6,1.1,1.8,2,1.9,1.4,--,0.2
2016,Sul,Paraná,Total,Total,91,94.9,86.3,98.1,93.1,90.9,95.1,97.7,87.5,85.6,85.4,86.6,81.3,72.8,82.4,89.1,94.9,92.7,8.1,5,11.7,1.8,6.8,9.1,4.8,2.2,10.9,12.8,12.5,10.6,12.6,19.2,11.8,6.4,3.3,0.2,0.9,0.1,2,0.1,0.1,0,0.1,0.1,1.6,1.6,2.1,2.8,6.1,8,5.8,4.5,1.8,7.1
2016,Sul,Paraná,Urbana,Pública,89.7,94.3,84.3,98,92.3,89.6,94.6,97.6,85.7,83.6,83.3,84.7,78.5,69.6,79.7,87,94.9,92.4,9.2,5.6,13.4,1.9,7.6,10.3,5.3,2.3,12.5,14.5,14.2,12,14.3,21.3,13.5,7.6,3.3,0,1.1,0.1,2.3,0.1,0.1,0.1,0.1,0.1,1.8,1.9,2.5,3.3,7.2,9.1,6.8,5.4,1.8,7.6
2016,Sul,Paraná,Rural,Pública,91.6,93.2,89,96.8,91.6,88.9,93.4,96.3,89.8,88.5,88.4,89.3,85,79,85.4,92.1,63.6,--,7.4,6.6,8.8,3,8.3,11,6.3,3.5,8.6,9.4,9.3,7.7,9.1,13.9,8.4,3.7,9.1,--,1,0.2,2.2,0.2,0.1,0.1,0.3,0.2,1.6,2.1,2.3,3,5.9,7.1,6.2,4.2,27.3,--
2016,Sul,Paraná,Total,Pública,89.8,94.2,84.6,97.9,92.3,89.6,94.5,97.4,85.9,83.9,83.6,85,78.9,70,80,87.3,94.8,92.4,9.1,5.7,13.1,2,7.6,10.4,5.4,2.4,12.3,14.2,13.9,11.7,14.1,21,13.3,7.4,3.3,0,1.1,0.1,2.3,0.1,0.1,0,0.1,0.2,1.8,1.9,2.5,3.3,7,9,6.7,5.3,1.9,7.6
2016,Sul,Paraná,Urbana,Privada,98.1,98.7,97.3,98.8,97.9,98.6,99.1,99.1,97.9,96.9,97.3,97.2,96.7,93.4,97.4,99.2,97.7,96.9,1.9,1.3,2.7,1.1,2.1,1.4,0.9,0.9,2.1,3.1,2.7,2.8,3.1,6.3,2.5,0.6,1.3,3.1,0,0,0,0.1,0,0,0,0,0,0,0,0,0.2,0.3,0.1,0.2,1,0
2016,Sul,Paraná,Rural,Privada,94.7,96.6,92.9,100,95.5,91.8,94.9,100,95.1,96.3,86.7,93.5,96.3,91.4,97.4,99.4,--,--,5.3,3.4,7.1,0,4.5,8.2,5.1,0,4.9,3.7,13.3,6.5,3.7,8.6,2.6,0.6,--,--,0,0,0,0,0,0,0,0,0,0,0,0,0,0,0,0,--,--
2016,Sul,Paraná,Urbana,Municipal,94.2,94.3,90.1,98,92.3,89.6,94.6,97.6,87.1,86.8,89.7,94.1,--,--,--,--,--,--,5.7,5.6,8.7,1.9,7.6,10.3,5.3,2.3,12,12.1,8.7,4.7,--,--,--,--,--,--,0.1,0.1,1.2,0.1,0.1,0.1,0.1,0.1,0.9,1.1,1.6,1.2,--,--,--,--,--,--
2016,Sul,Paraná,Rural,Municipal,93.4,93.6,84.9,97.4,91.7,89.1,93.7,96.9,84.9,80.5,84,91.2,--,--,--,--,--,--,6.4,6.3,13.3,2.5,8.2,10.8,6.1,3,13.8,17.9,13.4,6.9,--,--,--,--,--,--,0.2,0.1,1.8,0.1,0.1,0.1,0.2,0.1,1.3,1.6,2.6,1.9,--,--,--,--,--,--
2016,Sul,Paraná,Urbana,Federal,96.7,--,96.7,--,--,--,--,--,98.9,97.2,98.4,93.3,89.9,88.4,90.6,90.1,88.6,92.4,3.3,--,3.3,--,--,--,--,--,1.1,2.8,1.6,6.7,7.4,11,8.3,5.4,7.5,0,0,--,0,--,--,--,--,--,0,0,0,0,2.7,0.6,1.1,4.5,3.9,7.6
2016,Sul,Paraná,Rural,Federal,--,--,--,--,--,--,--,--,--,--,--,--,93.2,91.3,100,--,--,--,--,--,--,--,--,--,--,--,--,--,--,--,2.8,3.6,0,--,--,--,--,--,--,--,--,--,--,--,--,--,--,--,4,5.1,0,--,--,--
2016,Sul,Paraná,Urbana,Estadual,84.2,95.2,84.2,98.4,93.6,91.2,98.1,94.3,85.6,83.5,83.1,84.4,78.4,69.3,79.6,87,95.1,--,13.5,4.8,13.5,1.6,6.4,8.8,1.9,5.7,12.5,14.6,14.4,12.3,14.5,21.5,13.6,7.6,3.1,--,2.3,0,2.3,0,0,0,0,0,1.9,1.9,2.5,3.3,7.1,9.2,6.8,5.4,1.8,--
2016,Sul,Paraná,Rural,Estadual,89,87,89.1,87.4,89.4,84.8,87.7,85.7,90,88.8,88.5,89.2,84.9,78.8,85.3,92.1,63.6,--,8.9,12,8.6,11.1,10.4,14.6,11,12.9,8.4,9.2,9.1,7.8,9.1,14.1,8.4,3.7,9.1,--,2.1,1,2.3,1.5,0.2,0.6,1.3,1.4,1.6,2,2.4,3,6,7.1,6.3,4.2,27.3,--
2016,Sul,Paraná,Total,Privada,98.1,98.7,97.3,98.8,97.9,98.6,99.1,99.1,97.9,96.9,97.3,97.1,96.7,93.3,97.4,99.2,97.7,96.9,1.9,1.3,2.7,1.1,2.1,1.4,0.9,0.9,2.1,3.1,2.7,2.8,3.1,6.3,2.5,0.6,1.3,3.1,0,0,0,0.1,0,0,0,0,0,0,0,0.1,0.2,0.4,0.1,0.2,1,0
2016,Sul,Paraná,Total,Municipal,94.1,94.2,89.7,98,92.3,89.6,94.5,97.5,86.8,86.3,89.3,94,--,--,--,--,--,--,5.7,5.7,9.1,1.9,7.6,10.3,5.4,2.4,12.2,12.5,9,4.8,--,--,--,--,--,--,0.2,0.1,1.2,0.1,0.1,0.1,0.1,0.1,1,1.2,1.7,1.2,--,--,--,--,--,--
2016,Sul,Paraná,Total,Federal,96.7,--,96.7,--,--,--,--,--,98.9,97.2,98.4,93.3,90,88.6,90.8,90.1,88.6,92.4,3.3,--,3.3,--,--,--,--,--,1.1,2.8,1.6,6.7,7.2,10.5,8.1,5.4,7.5,0,0,--,0,--,--,--,--,--,0,0,0,0,2.8,0.9,1.1,4.5,3.9,7.6
2016,Sul,Paraná,Total,Estadual,84.5,88.7,84.5,89.8,90.3,86.1,90,87.6,85.9,83.8,83.5,84.7,78.7,69.7,79.9,87.2,95.1,--,13.2,10.5,13.2,9.1,9.6,13.4,9,11.3,12.3,14.3,14,12,14.2,21.1,13.4,7.4,3.2,--,2.3,0.8,2.3,1.1,0.1,0.5,1,1.1,1.8,1.9,2.5,3.3,7.1,9.2,6.7,5.4,1.7,--
2016,Sul,Paraná,Urbana,Total,90.9,95,86.1,98.2,93.2,91,95.2,97.8,87.4,85.4,85.2,86.4,81.1,72.5,82.3,88.9,95,92.7,8.1,4.9,11.9,1.7,6.7,8.9,4.7,2.1,11,13,12.7,10.8,12.8,19.5,11.9,6.5,3.2,0.2,1,0.1,2,0.1,0.1,0.1,0.1,0.1,1.6,1.6,2.1,2.8,6.1,8,5.8,4.6,1.8,7.1
2016,Sul,Paraná,Rural,Total,91.6,93.3,89,96.8,91.6,88.9,93.4,96.3,89.9,88.6,88.4,89.3,85.3,79.3,85.7,92.3,63.6,--,7.4,6.6,8.8,3,8.3,11,6.3,3.4,8.6,9.4,9.3,7.7,8.9,13.8,8.2,3.6,9.1,--,1,0.1,2.2,0.2,0.1,0.1,0.3,0.3,1.5,2,2.3,3,5.8,6.9,6.1,4.1,27.3,--
2016,Sul,Santa Catarina,Total,Total,92.9,96.2,88.9,99.1,97.5,92.7,97.1,94.8,87.5,87,89.2,92.7,81.7,74.4,79.5,91.4,88.3,96.8,6.7,3.7,10.2,0.7,2.4,7.1,2.8,4.9,11.8,12.2,9.9,6.5,12.3,18.2,13.6,5,3.7,2.6,0.4,0.1,0.9,0.2,0.1,0.2,0.1,0.3,0.7,0.8,0.9,0.8,6,7.4,6.9,3.6,8,0.6
2016,Sul,Santa Catarina,Urbana,Pública,91.9,95.6,87.7,99,97,91.7,96.6,94.2,86.2,85.6,88.1,91.9,79.2,71.6,75.6,90.1,88.3,96.1,7.6,4.3,11.4,0.8,2.9,8.2,3.2,5.6,13.1,13.6,10.9,7.2,13.8,20,15.9,5.6,3.7,3.1,0.5,0.1,0.9,0.2,0.1,0.1,0.2,0.2,0.7,0.8,1,0.9,7,8.4,8.5,4.3,8,0.8
2016,Sul,Santa Catarina,Rural,Pública,94,96.5,89.9,99.3,98.6,92.8,97.2,95.2,87.6,88.6,90.1,94.4,87.9,84.5,80.2,95,--,--,5.6,3.4,9.1,0.5,1.3,7.1,2.7,4.6,11.5,10.4,8.8,4.6,7.5,10.3,10.6,3.2,--,--,0.4,0.1,1,0.2,0.1,0.1,0.1,0.2,0.9,1,1.1,1,4.6,5.2,9.2,1.8,--,--
2016,Sul,Santa Catarina,Total,Pública,92.1,95.7,87.9,99.1,97.2,91.8,96.7,94.3,86.3,85.8,88.2,92.1,79.5,72,75.7,90.2,88.3,96.1,7.4,4.2,11.2,0.8,2.7,8.1,3.2,5.5,13,13.3,10.7,7,13.6,19.7,15.8,5.5,3.7,3.1,0.5,0.1,0.9,0.1,0.1,0.1,0.1,0.2,0.7,0.9,1.1,0.9,6.9,8.3,8.5,4.3,8,0.8
2016,Sul,Santa Catarina,Urbana,Privada,98.6,99.3,97.5,99.4,99.3,99.2,99.5,99.2,98.1,97.3,97.1,97.2,96,93.8,95.7,98.1,--,99,1.4,0.6,2.4,0.5,0.6,0.8,0.5,0.8,1.7,2.6,2.7,2.6,3.7,5.9,3.9,1.6,--,1,0,0.1,0.1,0.1,0.1,0,0,0,0.2,0.1,0.2,0.2,0.3,0.3,0.4,0.3,--,0
2016,Sul,Santa Catarina,Rural,Privada,98.2,--,98.2,--,--,--,--,--,100,--,100,96.6,97.2,96.4,94.1,100,--,--,1.8,--,1.8,--,--,--,--,--,0,--,0,3.4,2.8,3.6,5.9,0,--,--,0,--,0,--,--,--,--,--,0,--,0,0,0,0,0,0,--,--
2016,Sul,Santa Catarina,Urbana,Municipal,93.7,95.8,90.1,99.2,96.1,93.2,95.5,95.5,88.6,88.2,90.2,94.6,90.3,85.1,89.7,95.4,--,--,5.9,4,9.1,0.7,3.7,6.7,4.3,4.3,10.7,11,8.9,4.6,6.3,11.2,6.1,2.1,--,--,0.4,0.2,0.8,0.1,0.2,0.1,0.2,0.2,0.7,0.8,0.9,0.8,3.4,3.7,4.2,2.5,--,--
2016,Sul,Santa Catarina,Rural,Municipal,95.1,96.7,91.2,99.3,98.5,93.5,96.6,96.1,88.9,90.1,91.2,95.6,90.3,86.7,77.6,100,--,--,4.6,3.2,8.1,0.6,1.5,6.5,3.3,3.7,10.4,9.3,8.1,3.7,3.8,5.3,8.6,0,--,--,0.3,0.1,0.7,0.1,0,0,0.1,0.2,0.7,0.6,0.7,0.7,5.9,8,13.8,0,--,--
2016,Sul,Santa Catarina,Urbana,Federal,96,96.7,95.1,100,98.7,94.6,91.1,100,98.7,100,90.5,91.1,89.1,84.9,90.5,93.9,84.5,96.1,4,3.3,4.9,0,1.3,5.4,8.9,0,1.3,0,9.5,8.9,8.7,13.1,7.9,4.9,6.1,3.1,0,0,0,0,0,0,0,0,0,0,0,0,2.2,2,1.6,1.2,9.4,0.8
2016,Sul,Santa Catarina,Rural,Federal,--,--,--,--,--,--,--,--,--,--,--,--,88.1,93.2,81.7,88,--,--,--,--,--,--,--,--,--,--,--,--,--,--,11.3,6.5,17,11.6,--,--,--,--,--,--,--,--,--,--,--,--,--,--,0.6,0.3,1.3,0.4,--,--
2016,Sul,Santa Catarina,Urbana,Estadual,89.2,94.9,85.7,98.7,99.2,88.5,99.2,91.4,83.9,83.2,86.4,89.8,78.8,71.1,74.8,90,89.5,--,10.1,4.9,13.3,1.1,0.7,11.4,0.7,8.4,15.3,15.9,12.5,9,14.1,20.3,16.4,5.6,3,--,0.7,0.2,1,0.2,0.1,0.1,0.1,0.2,0.8,0.9,1.1,1.2,7.1,8.6,8.8,4.4,7.5,--
2016,Sul,Santa Catarina,Rural,Estadual,91.4,95.7,88.5,99.3,99.4,90.3,99.5,92.2,86.2,86.9,89,93,87.7,83.3,79.9,95.5,--,--,7.7,4.1,10.1,0.5,0.5,9.6,0.3,7.4,12.6,11.6,9.6,5.5,7.2,11,8.7,2.4,--,--,0.9,0.2,1.4,0.2,0.1,0.1,0.2,0.4,1.2,1.5,1.4,1.5,5.1,5.7,11.4,2.1,--,--
2016,Sul,Santa Catarina,Total,Privada,98.6,99.3,97.5,99.4,99.3,99.2,99.5,99.2,98.1,97.3,97.1,97.2,96,93.8,95.7,98.1,--,99,1.4,0.6,2.4,0.5,0.6,0.8,0.5,0.8,1.7,2.6,2.7,2.6,3.7,5.9,4,1.6,--,1,0,0.1,0.1,0.1,0.1,0,0,0,0.2,0.1,0.2,0.2,0.3,0.3,0.3,0.3,--,0
2016,Sul,Santa Catarina,Total,Municipal,93.9,95.9,90.2,99.2,96.4,93.2,95.7,95.6,88.6,88.4,90.3,94.7,90.3,85.6,87.1,96.8,--,--,5.7,3.9,9,0.7,3.5,6.7,4.2,4.2,10.7,10.8,8.8,4.5,5.6,9.4,6.6,1.5,--,--,0.4,0.2,0.8,0.1,0.1,0.1,0.1,0.2,0.7,0.8,0.9,0.8,4.1,5,6.3,1.7,--,--
2016,Sul,Santa Catarina,Total,Federal,96,96.7,95.1,100,98.7,94.6,91.1,100,98.7,100,90.5,91.1,89,85.7,89.5,93.1,84.5,96.1,4,3.3,4.9,0,1.3,5.4,8.9,0,1.3,0,9.5,8.9,8.9,12.5,8.8,5.8,6.1,3.1,0,0,0,0,0,0,0,0,0,0,0,0,2.1,1.8,1.7,1.1,9.4,0.8
2016,Sul,Santa Catarina,Total,Estadual,89.4,95,85.9,98.7,99.2,88.7,99.3,91.5,84.1,83.4,86.6,90,79,71.4,74.9,90.1,89.5,--,9.9,4.9,13.1,1.1,0.7,11.2,0.6,8.3,15.1,15.6,12.3,8.8,13.9,20,16.2,5.6,3,--,0.7,0.1,1,0.2,0.1,0.1,0.1,0.2,0.8,1,1.1,1.2,7.1,8.6,8.9,4.3,7.5,--
2016,Sul,Santa Catarina,Urbana,Total,92.8,96.1,88.9,99.1,97.4,92.7,97,94.8,87.5,86.9,89.1,92.5,81.6,74.1,79.4,91.2,88.3,96.8,6.8,3.7,10.3,0.8,2.5,7.1,2.8,5,11.8,12.3,9.9,6.6,12.4,18.4,13.6,5,3.7,2.6,0.4,0.2,0.8,0.1,0.1,0.2,0.2,0.2,0.7,0.8,1,0.9,6,7.5,7,3.8,8,0.6
2016,Sul,Santa Catarina,Rural,Total,94,96.5,89.9,99.3,98.6,92.8,97.2,95.2,87.7,88.6,90.1,94.4,88.2,84.8,80.9,95.1,--,--,5.6,3.4,9,0.5,1.3,7.1,2.7,4.6,11.5,10.4,8.8,4.5,7.4,10.1,10.4,3.1,--,--,0.4,0.1,1.1,0.2,0.1,0.1,0.1,0.2,0.8,1,1.1,1.1,4.4,5.1,8.7,1.8,--,--
2016,Sul,Rio Grande do Sul,Total,Total,87.8,92.8,81.8,99.3,99.2,86.5,90.3,90.5,78.5,79.5,82.9,88.3,74.1,59.7,77.8,88.3,85.5,87.2,11.3,6.8,16.6,0.4,0.6,13.1,9.3,8.8,20,18.8,15.4,10.2,19.3,30.8,16.3,8.1,7.9,9,0.9,0.4,1.6,0.3,0.2,0.4,0.4,0.7,1.5,1.7,1.7,1.5,6.6,9.5,5.9,3.6,6.6,3.8
2016,Sul,Rio Grande do Sul,Urbana,Pública,86.1,91.8,79.6,99.2,99.2,84.5,89,89.3,76,77.1,80.8,86.7,71.6,57.9,75.3,86.8,84.2,86.7,12.8,7.8,18.6,0.5,0.6,15,10.5,10,22.3,21,17.3,11.6,21.1,32.1,17.9,9.1,8.6,11.7,1.1,0.4,1.8,0.3,0.2,0.5,0.5,0.7,1.7,1.9,1.9,1.7,7.3,10,6.8,4.1,7.2,1.6
2016,Sul,Rio Grande do Sul,Rural,Pública,89,92.8,84.4,99.5,99.1,86.8,89.8,91,80.2,82.3,85.6,91.3,79.6,68.3,81.8,91,94.5,90.2,9.8,6.9,13.5,0.2,0.6,12.8,9.8,8.5,18,15.5,12,6.5,14.6,22.5,13.5,6.4,3.5,4.7,1.2,0.3,2.1,0.3,0.3,0.4,0.4,0.5,1.8,2.2,2.4,2.2,5.8,9.2,4.7,2.6,2,5.1
2016,Sul,Rio Grande do Sul,Total,Pública,86.4,91.9,80.1,99.2,99.2,84.8,89.1,89.5,76.5,77.7,81.3,87.3,71.9,58.3,75.6,86.9,85.1,87.2,12.5,7.7,18,0.4,0.6,14.7,10.4,9.8,21.8,20.4,16.7,11,20.8,31.7,17.7,9,8.1,10.7,1.1,0.4,1.9,0.4,0.2,0.5,0.5,0.7,1.7,1.9,2,1.7,7.3,10,6.7,4.1,6.8,2.1
2016,Sul,Rio Grande do Sul,Urbana,Privada,97.6,98.9,95.6,99.8,99.3,98.4,98.7,98.4,96.1,95.1,95.5,95.7,93.8,87.3,93.5,97.4,99.2,87.2,2.4,1,4.3,0.2,0.7,1.6,1.3,1.6,3.9,4.8,4.5,4.3,5.7,11.7,6.2,2.5,0,1,0,0.1,0.1,0,0,0,0,0,0,0.1,0,0,0.5,1,0.3,0.1,0.8,11.8
2016,Sul,Rio Grande do Sul,Rural,Privada,90.5,93.2,89.2,100,100,95,90,77.1,92.3,90.8,83.5,91,92.9,92.3,90.3,96.5,--,--,9.1,5.7,10.8,0,0,5,10,17.1,7.7,9.2,16.5,9,4.9,5.7,7.6,1.2,--,--,0.4,1.1,0,0,0,0,0,5.8,0,0,0,0,2.2,2,2.1,2.3,--,--
2016,Sul,Rio Grande do Sul,Urbana,Municipal,87.6,91.8,81.6,98.9,98.9,84.8,89.3,88.8,78,79.3,82.8,89.8,69,57.6,68,84.1,88.5,91.8,11.3,7.7,16.4,0.7,0.8,14.7,10.1,10.3,20,18.6,15.1,8.5,19.3,27.9,17.3,9.8,9.8,4.1,1.1,0.5,2,0.4,0.3,0.5,0.6,0.9,2,2.1,2.1,1.7,11.7,14.5,14.7,6.1,1.7,4.1
2016,Sul,Rio Grande do Sul,Rural,Municipal,89.6,93,84.7,99.7,99.3,86.8,89.9,91.5,79.8,82.4,86.3,92.8,83,74.4,84.2,97.7,--,--,9.4,6.7,13.4,0.1,0.6,12.9,9.8,8.1,18.4,15.6,11.5,5.3,10.6,16.1,10.1,1.1,--,--,1,0.3,1.9,0.2,0.1,0.3,0.3,0.4,1.8,2,2.2,1.9,6.4,9.5,5.7,1.2,--,--
2016,Sul,Rio Grande do Sul,Urbana,Federal,96.3,98.5,96.1,100,100,95.2,100,97.9,97.8,95.9,96.1,95.1,86.5,78.5,88.7,95.2,89.4,90.1,3.6,1.5,3.8,0,0,4.8,0,2.1,2.2,3.7,3.9,4.9,11.8,19.2,10.1,3.9,8.4,8.6,0.1,0,0.1,0,0,0,0,0,0,0.4,0,0,1.7,2.3,1.2,0.9,2.2,1.3
2016,Sul,Rio Grande do Sul,Rural,Federal,--,--,--,--,--,--,--,--,--,--,--,--,87,75.1,92.5,95.6,98,100,--,--,--,--,--,--,--,--,--,--,--,--,11.2,21.3,6.7,3.8,2,0,--,--,--,--,--,--,--,--,--,--,--,--,1.8,3.6,0.8,0.6,0,0
2016,Sul,Rio Grande do Sul,Urbana,Estadual,84.3,91.7,77.8,99.6,99.6,84.2,88.7,89.9,73.9,75.1,79.1,84.5,71.1,57.3,75.1,86.6,82.2,83.5,14.7,7.9,20.6,0.2,0.2,15.4,10.9,9.6,24.7,23.3,19.2,13.8,21.4,32.6,18.1,9.2,8.6,15,1,0.4,1.6,0.2,0.2,0.4,0.4,0.5,1.4,1.6,1.7,1.7,7.5,10.1,6.8,4.2,9.2,1.5
2016,Sul,Rio Grande do Sul,Rural,Estadual,87.8,92.1,83.8,99,98.6,86.9,89.5,89.6,80.8,82.2,84.6,88.9,77.5,66.2,79.1,89.7,91,86.8,10.7,7.2,13.8,0.4,0.5,12.6,9.9,9.6,17.3,15.3,12.9,8.5,15.7,23.1,15.3,7.2,5,6.3,1.5,0.7,2.4,0.6,0.9,0.5,0.6,0.8,1.9,2.5,2.5,2.6,6.8,10.7,5.6,3.1,4,6.9
2016,Sul,Rio Grande do Sul,Total,Privada,97.5,98.9,95.6,99.8,99.3,98.4,98.7,98.4,96.1,95.1,95.4,95.7,93.8,87.4,93.5,97.4,99.2,87.2,2.4,1,4.4,0.2,0.7,1.6,1.3,1.6,3.9,4.8,4.5,4.3,5.7,11.6,6.2,2.4,0,1,0.1,0.1,0,0,0,0,0,0,0,0.1,0.1,0,0.5,1,0.3,0.2,0.8,11.8
2016,Sul,Rio Grande do Sul,Total,Municipal,87.9,92,82,99.1,99,85.1,89.4,89.3,78.3,79.7,83.3,90.3,70.2,59.1,69.8,85.1,88.5,91.8,11,7.5,15.9,0.6,0.8,14.4,10.1,9.9,19.7,18.1,14.5,8,18.5,26.9,16.5,9.1,9.8,4.1,1.1,0.5,2.1,0.3,0.2,0.5,0.5,0.8,2,2.2,2.2,1.7,11.3,14,13.7,5.8,1.7,4.1
2016,Sul,Rio Grande do Sul,Total,Federal,96.3,98.5,96.1,100,100,95.2,100,97.9,97.8,95.9,96.1,95.1,86.6,77.8,89.6,95.3,90.8,91,3.6,1.5,3.8,0,0,4.8,0,2.1,2.2,3.7,3.9,4.9,11.7,19.6,9.3,3.9,7.3,7.8,0.1,0,0.1,0,0,0,0,0,0,0.4,0,0,1.7,2.6,1.1,0.8,1.9,1.2
2016,Sul,Rio Grande do Sul,Total,Estadual,84.6,91.7,78.3,99.5,99.5,84.4,88.8,89.9,74.5,75.7,79.5,84.8,71.3,57.6,75.2,86.7,82.7,84.1,14.3,7.9,20.1,0.2,0.2,15.2,10.8,9.6,24.1,22.7,18.7,13.4,21.2,32.3,18,9.1,8.4,13.4,1.1,0.4,1.6,0.3,0.3,0.4,0.4,0.5,1.4,1.6,1.8,1.8,7.5,10.1,6.8,4.2,8.9,2.5
2016,Sul,Rio Grande do Sul,Urbana,Total,87.6,92.8,81.5,99.3,99.2,86.5,90.3,90.5,78.3,79.2,82.5,87.9,73.8,59.3,77.7,88.2,84.6,86.8,11.4,6.8,16.9,0.4,0.6,13.1,9.2,8.9,20.2,19.1,15.8,10.6,19.5,31.1,16.4,8.1,8.3,9.5,1,0.4,1.6,0.3,0.2,0.4,0.5,0.6,1.5,1.7,1.7,1.5,6.7,9.6,5.9,3.7,7.1,3.7
2016,Sul,Rio Grande do Sul,Rural,Total,89,92.8,84.4,99.5,99.1,86.9,89.8,90.9,80.2,82.4,85.6,91.3,80.1,69.2,82.2,91.2,94.5,90.2,9.8,6.9,13.5,0.2,0.6,12.8,9.8,8.5,18,15.4,12.1,6.5,14.2,21.8,13.2,6.2,3.5,4.7,1.2,0.3,2.1,0.3,0.3,0.3,0.4,0.6,1.8,2.2,2.3,2.2,5.7,9,4.6,2.6,2,5.1
2016,Centro-Oeste,Mato Grosso do Sul,Total,Total,87.1,89.6,83.9,98.5,84.7,86.5,88.5,91.1,82.3,81.9,85.4,86.9,78.3,70.1,79,89,70.5,87.6,11.3,9.8,13.2,1,14.8,12.9,10.9,7.9,15.5,15.1,12.1,9.5,13.6,19.3,13.1,6.2,19.4,7.7,1.6,0.6,2.9,0.5,0.5,0.6,0.6,1,2.2,3,2.5,3.6,8.1,10.6,7.9,4.8,10.1,4.7
2016,Centro-Oeste,Mato Grosso do Sul,Urbana,Pública,86.3,89.1,83,98.6,83.7,86,87.9,91.1,81.5,80.8,84.5,85.7,76.2,67.6,76.9,87.6,70.5,87.4,12,10.4,14.1,1,16,13.5,11.6,8,16.4,16,12.9,10.3,14.8,20.7,14.3,6.9,19.4,8.4,1.7,0.5,2.9,0.4,0.3,0.5,0.5,0.9,2.1,3.2,2.6,4,9,11.7,8.8,5.5,10.1,4.2
2016,Centro-Oeste,Mato Grosso do Sul,Rural,Pública,82.5,84.2,80.1,96.8,79.1,79.4,83.4,85.2,75.5,78,81.9,87.8,78.9,71.5,76.9,88.4,--,87.5,14.7,14.3,15.4,1.8,19.5,19.2,15.2,12.5,19.8,17.6,13.6,8,12.3,18.1,12.6,6.6,--,5.1,2.8,1.5,4.5,1.4,1.4,1.4,1.4,2.3,4.7,4.4,4.5,4.2,8.8,10.4,10.5,5,--,7.4
2016,Centro-Oeste,Mato Grosso do Sul,Total,Pública,85.8,88.4,82.6,98.4,83,85.1,87.2,90.3,80.7,80.5,84.2,85.9,76.4,67.8,76.9,87.6,70.5,87.4,12.4,10.9,14.2,1.1,16.5,14.3,12.1,8.6,16.8,16.2,13,10.1,14.6,20.6,14.2,6.8,19.4,7.8,1.8,0.7,3.2,0.5,0.5,0.6,0.7,1.1,2.5,3.3,2.8,4,9,11.6,8.9,5.6,10.1,4.8
2016,Centro-Oeste,Mato Grosso do Sul,Urbana,Privada,97.9,98.6,96.9,99.4,97.8,98.3,98.9,98.6,97.9,96.5,96.3,96.6,95.9,93.3,96,98.3,--,100,2.1,1.3,3.1,0.4,2.2,1.7,1.1,1.3,2.1,3.5,3.7,3.4,4,6.6,3.8,1.6,--,0,0,0.1,0,0.2,0,0,0,0.1,0,0,0,0,0.1,0.1,0.2,0.1,--,0
2016,Centro-Oeste,Mato Grosso do Sul,Rural,Privada,96.2,97.5,95.2,100,100,98.3,97,95.6,97.8,95.9,94.2,92.9,91.1,88.3,87.5,100,--,--,3.8,2.5,4.8,0,0,1.7,3,4.4,2.2,4.1,5.8,7.1,8,10.4,11.5,0,--,--,0,0,0,0,0,0,0,0,0,0,0,0,0.9,1.3,1,0,--,--
2016,Centro-Oeste,Mato Grosso do Sul,Urbana,Municipal,87.6,88.9,85,98.4,83.9,85.4,87.1,90.9,82.5,82.9,86.7,90.5,--,--,--,--,--,--,11.6,10.6,13.6,1.2,15.8,14,12.4,8.3,16.3,15.5,12,7.8,--,--,--,--,--,--,0.8,0.5,1.4,0.4,0.3,0.6,0.5,0.8,1.2,1.6,1.3,1.7,--,--,--,--,--,--
2016,Centro-Oeste,Mato Grosso do Sul,Rural,Municipal,82,83.3,79.8,96.4,79,78.1,82.3,83.9,74.5,77.8,82.2,88.9,88.6,86.4,82.4,100,--,--,15.3,14.9,15.9,2.1,19.4,20.4,16,13.5,20.6,18.4,13.5,7.5,9.5,13.6,11.8,0,--,--,2.7,1.8,4.3,1.5,1.6,1.5,1.7,2.6,4.9,3.8,4.3,3.6,1.9,0,5.8,0,--,--
2016,Centro-Oeste,Mato Grosso do Sul,Urbana,Federal,93,--,93,--,--,--,--,--,92.4,92.2,91.2,96.1,91.2,85.8,80.3,99.3,--,92.1,7,--,7,--,--,--,--,--,7.6,7.8,8.8,3.9,6.3,14.2,19.7,0.7,--,4.6,0,--,0,--,--,--,--,--,0,0,0,0,2.5,0,0,0,--,3.3
2016,Centro-Oeste,Mato Grosso do Sul,Rural,Federal,--,--,--,--,--,--,--,--,--,--,--,--,87.5,--,--,--,--,87.5,--,--,--,--,--,--,--,--,--,--,--,--,5.1,--,--,--,--,5.1,--,--,--,--,--,--,--,--,--,--,--,--,7.4,--,--,--,--,7.4
2016,Centro-Oeste,Mato Grosso do Sul,Urbana,Estadual,84.4,89.7,81.5,99.4,82.9,87.7,89.7,91.3,80.4,79.1,83,83.3,75.8,67.5,76.9,87.5,70.5,79.3,12.7,9.6,14.5,0,16.5,11.9,9.7,7.5,16.5,16.4,13.5,11.6,15,20.8,14.3,6.9,19.4,14.8,2.9,0.7,4,0.6,0.6,0.4,0.6,1.2,3.1,4.5,3.5,5.1,9.2,11.7,8.8,5.6,10.1,5.9
2016,Centro-Oeste,Mato Grosso do Sul,Rural,Estadual,84.8,89.8,80.8,100,79.9,88.5,90.6,93,79.1,78.5,80.8,85.3,77.8,71.1,76.8,88.2,--,--,12.1,10,13.8,0,19.9,11.3,9.2,6.6,16.6,15.2,13.9,9.2,13.2,18.2,12.6,6.7,--,--,3.1,0.2,5.4,0,0.2,0.2,0.2,0.4,4.3,6.3,5.3,5.5,9,10.7,10.6,5.1,--,--
2016,Centro-Oeste,Mato Grosso do Sul,Total,Privada,97.9,98.6,96.8,99.4,97.8,98.3,98.9,98.6,97.9,96.5,96.2,96.6,95.7,93,95.7,98.3,--,100,2.1,1.3,3.2,0.4,2.1,1.7,1.1,1.4,2.1,3.5,3.7,3.4,4.1,6.7,4.1,1.5,--,0,0,0.1,0,0.2,0.1,0,0,0,0,0,0.1,0,0.2,0.3,0.2,0.2,--,0
2016,Centro-Oeste,Mato Grosso do Sul,Total,Municipal,86.7,88,84,98.1,83.1,84.3,86.3,89.7,81,81.9,85.9,90.2,88.6,86.4,82.4,100,--,--,12.2,11.3,14.1,1.4,16.4,15,13,9.2,17.1,16,12.3,7.8,9.5,13.6,11.8,0,--,--,1.1,0.7,1.9,0.5,0.5,0.7,0.7,1.1,1.9,2.1,1.8,2,1.9,0,5.8,0,--,--
2016,Centro-Oeste,Mato Grosso do Sul,Total,Federal,93,--,93,--,--,--,--,--,92.4,92.2,91.2,96.1,90.4,85.8,80.3,99.3,--,90.9,7,--,7,--,--,--,--,--,7.6,7.8,8.8,3.9,6,14.2,19.7,0.7,--,4.7,0,--,0,--,--,--,--,--,0,0,0,0,3.6,0,0,0,--,4.4
2016,Centro-Oeste,Mato Grosso do Sul,Total,Estadual,84.4,89.7,81.4,99.4,82.7,87.7,89.7,91.4,80.4,79.1,82.9,83.4,75.9,67.7,76.9,87.5,70.5,79.3,12.7,9.6,14.4,0,16.8,11.8,9.6,7.5,16.5,16.4,13.5,11.5,14.9,20.6,14.2,6.9,19.4,14.8,2.9,0.7,4.2,0.6,0.5,0.5,0.7,1.1,3.1,4.5,3.6,5.1,9.2,11.7,8.9,5.6,10.1,5.9
2016,Centro-Oeste,Mato Grosso do Sul,Urbana,Total,87.7,90.3,84.4,98.7,85.5,87.5,89.2,91.9,83.1,82.3,85.8,86.8,78.3,69.9,79.1,88.9,70.5,87.7,10.9,9.2,13,0.9,14.2,12,10.3,7.3,15,14.8,11.9,9.6,13.7,19.4,13.1,6.2,19.4,8.2,1.4,0.5,2.6,0.4,0.3,0.5,0.5,0.8,1.9,2.9,2.3,3.6,8,10.7,7.8,4.9,10.1,4.1
2016,Centro-Oeste,Mato Grosso do Sul,Rural,Total,82.7,84.3,80.4,96.8,79.3,79.6,83.5,85.4,75.8,78.2,82.1,87.9,79.7,72.7,77.6,89.1,--,87.5,14.6,14.2,15.2,1.8,19.3,19.1,15,12.4,19.5,17.4,13.4,8,12.1,17.6,12.6,6.2,--,5.1,2.7,1.5,4.4,1.4,1.4,1.3,1.5,2.2,4.7,4.4,4.5,4.1,8.2,9.7,9.8,4.7,--,7.4
2016,Centro-Oeste,Mato Grosso,Total,Total,95,97.4,92,98.9,98.8,95.5,96.8,97.1,94.6,94.5,92.9,86,69.5,57.4,75.4,83.9,91.8,70.7,4.3,2.3,6.8,0.8,1,4.3,2.9,2.6,4.9,4.8,6,11.8,20,28.5,16.4,9.6,6.1,16.3,0.7,0.3,1.2,0.3,0.2,0.2,0.3,0.3,0.5,0.7,1.1,2.2,10.5,14.1,8.2,6.5,2.1,13
2016,Centro-Oeste,Mato Grosso,Urbana,Pública,94.4,97.1,90.9,99,98.7,95,96.4,96.8,94.2,93.8,91.9,83.8,66.1,53.6,72.5,81.7,90.4,67.8,5.1,2.7,8,0.8,1.1,4.8,3.4,2.9,5.4,5.7,7.1,14,22.2,30.8,18.4,10.8,7.4,19.6,0.5,0.2,1.1,0.2,0.2,0.2,0.2,0.3,0.4,0.5,1,2.2,11.7,15.6,9.1,7.5,2.2,12.6
2016,Centro-Oeste,Mato Grosso,Rural,Pública,96.1,97.4,94.4,98.2,98.6,95.9,97.3,97.2,94.3,96.6,95,91.7,75.1,67.2,79.9,87.2,98.2,71.7,2.4,1.8,3.1,0.9,1,3.6,1.9,1.6,4,1.6,2.1,4.7,15.6,22.4,12.3,7.3,0,15.1,1.5,0.8,2.5,0.9,0.4,0.5,0.8,1.2,1.7,1.8,2.9,3.6,9.3,10.4,7.8,5.5,1.8,13.2
2016,Centro-Oeste,Mato Grosso,Total,Pública,94.7,97.2,91.5,98.9,98.7,95.1,96.5,96.9,94.2,94.2,92.4,85,67.3,55.1,73.2,82.3,91.8,70.6,4.6,2.5,7.2,0.8,1.1,4.6,3.2,2.7,5.2,5,6.3,12.5,21.4,29.9,17.8,10.4,6.1,16.4,0.7,0.3,1.3,0.3,0.2,0.3,0.3,0.4,0.6,0.8,1.3,2.5,11.3,15,9,7.3,2.1,13
2016,Centro-Oeste,Mato Grosso,Urbana,Privada,98.1,98.9,96.9,99.2,99.2,98.4,98.8,98.8,97.6,97,97,95.6,95.3,92.4,96.1,97.4,--,100,1.9,1.1,3.1,0.7,0.8,1.6,1.2,1.2,2.4,3,3,4.2,4.3,7.3,3.3,2.3,--,0,0,0,0,0.1,0,0,0,0,0,0,0,0.2,0.4,0.3,0.6,0.3,--,0
2016,Centro-Oeste,Mato Grosso,Rural,Privada,98.3,98.8,97.2,100,100,100,100,94.1,100,90,100,100,97.1,95.5,100,--,--,--,1.7,1.2,2.8,0,0,0,0,5.9,0,10,0,0,2.9,4.5,0,--,--,--,0,0,0,0,0,0,0,0,0,0,0,0,0,0,0,--,--,--
2016,Centro-Oeste,Mato Grosso,Urbana,Municipal,96,97.1,92.7,99.5,99.2,94,95.8,96.7,92,93.1,93.5,92.9,--,--,--,--,--,--,3.6,2.7,6.5,0.3,0.6,5.9,4,3.1,7.5,6.1,5.5,5.5,--,--,--,--,--,--,0.4,0.2,0.8,0.2,0.2,0.1,0.2,0.2,0.5,0.8,1,1.6,--,--,--,--,--,--
2016,Centro-Oeste,Mato Grosso,Rural,Municipal,95.5,96.8,93.2,98.1,98.2,94.6,96.4,96.8,91.9,95.2,92.7,93.4,88.7,94.6,85.7,85.2,--,--,3.1,2.4,4.2,1.2,1.3,4.8,2.5,2.2,6.2,2.9,3.9,3.1,11.3,5.4,14.3,14.8,--,--,1.4,0.8,2.6,0.7,0.5,0.6,1.1,1,1.9,1.9,3.4,3.5,0,0,0,0,--,--
2016,Centro-Oeste,Mato Grosso,Urbana,Federal,--,--,--,--,--,--,--,--,--,--,--,--,88,84,91.2,91.9,92.1,--,--,--,--,--,--,--,--,--,--,--,--,--,11.3,14.9,8.3,7.8,7.9,--,--,--,--,--,--,--,--,--,--,--,--,--,0.7,1.1,0.5,0.3,0,--
2016,Centro-Oeste,Mato Grosso,Rural,Federal,--,--,--,--,--,--,--,--,--,--,--,--,82.2,76,90.5,91.9,--,--,--,--,--,--,--,--,--,--,--,--,--,--,15.9,20.9,9,8.1,--,--,--,--,--,--,--,--,--,--,--,--,--,--,1.9,3.1,0.5,0,--,--
2016,Centro-Oeste,Mato Grosso,Urbana,Estadual,92.8,97.3,90.3,97.6,97.4,97.5,97.3,97,95.8,94,91.5,82.3,65.4,52.5,71.8,81.4,86.4,67.8,6.4,2.5,8.5,2.1,2.4,2.4,2.5,2.8,4,5.5,7.5,15.4,22.6,31.4,18.8,10.8,6.2,19.6,0.8,0.2,1.2,0.3,0.2,0.1,0.2,0.2,0.2,0.5,1,2.3,12,16.1,9.4,7.8,7.4,12.6
2016,Centro-Oeste,Mato Grosso,Rural,Estadual,97.3,99.2,95.9,98.6,99.6,99.6,99.7,98.5,98.5,98.4,97.6,90.2,74.6,66.2,79.3,86.9,98.2,71.7,1.1,0.1,1.8,0.2,0,0,0.1,0.1,0,0.1,0.1,6.2,15.6,22.7,12.4,7.1,0,15.1,1.6,0.7,2.3,1.2,0.4,0.4,0.2,1.4,1.5,1.5,2.3,3.6,9.8,11.1,8.3,6,1.8,13.2
2016,Centro-Oeste,Mato Grosso,Total,Privada,98.1,98.9,96.9,99.2,99.2,98.4,98.8,98.8,97.6,97,97,95.6,95.3,92.4,96.2,97.4,--,100,1.9,1.1,3.1,0.7,0.8,1.6,1.2,1.2,2.4,3,3,4.2,4.3,7.3,3.3,2.3,--,0,0,0,0,0.1,0,0,0,0,0,0,0,0.2,0.4,0.3,0.5,0.3,--,0
2016,Centro-Oeste,Mato Grosso,Total,Municipal,95.9,97,92.8,99.2,99.1,94.1,95.9,96.7,92,93.7,93.2,93.1,88.7,94.6,85.7,85.2,--,--,3.5,2.7,5.8,0.5,0.7,5.7,3.7,2.9,7.2,5.2,5,4.5,11.3,5.4,14.3,14.8,--,--,0.6,0.3,1.4,0.3,0.2,0.2,0.4,0.4,0.8,1.1,1.8,2.4,0,0,0,0,--,--
2016,Centro-Oeste,Mato Grosso,Total,Federal,--,--,--,--,--,--,--,--,--,--,--,--,87,82.3,91.1,91.9,92.1,--,--,--,--,--,--,--,--,--,--,--,--,--,12.1,16.2,8.4,7.9,7.9,--,--,--,--,--,--,--,--,--,--,--,--,--,0.9,1.5,0.5,0.2,0,--
2016,Centro-Oeste,Mato Grosso,Total,Estadual,93.3,97.6,90.9,97.8,97.7,97.8,97.6,97.2,96.1,94.4,92.1,83.1,66.5,53.9,72.5,82,91.3,70.6,5.8,2.2,7.8,1.8,2.1,2,2.2,2.5,3.5,4.9,6.7,14.5,21.7,30.5,18.1,10.5,3.6,16.4,0.9,0.2,1.3,0.4,0.2,0.2,0.2,0.3,0.4,0.7,1.2,2.4,11.8,15.6,9.4,7.5,5.1,13
2016,Centro-Oeste,Mato Grosso,Urbana,Total,94.9,97.4,91.6,99,98.8,95.4,96.7,97.1,94.7,94.2,92.5,85,68.7,56.3,74.9,83.5,90.4,68,4.6,2.4,7.5,0.8,1.1,4.4,3.1,2.7,5,5.3,6.6,13,20.6,29.2,16.9,9.8,7.4,19.5,0.5,0.2,0.9,0.2,0.1,0.2,0.2,0.2,0.3,0.5,0.9,2,10.7,14.5,8.2,6.7,2.2,12.5
2016,Centro-Oeste,Mato Grosso,Rural,Total,96.1,97.4,94.4,98.2,98.6,95.9,97.3,97.2,94.3,96.6,95.1,91.7,75.2,67.3,79.9,87.2,98.2,71.7,2.4,1.8,3.1,0.9,1,3.6,1.9,1.6,4,1.6,2.1,4.7,15.6,22.3,12.3,7.3,0,15.1,1.5,0.8,2.5,0.9,0.4,0.5,0.8,1.2,1.7,1.8,2.8,3.6,9.2,10.4,7.8,5.5,1.8,13.2
2016,Centro-Oeste,Goiás,Total,Total,93.6,95.7,91,98.8,98.5,93.6,92.5,95.6,90.5,90.7,90.9,92,86.6,81.2,87.6,92.2,82.8,89.3,5.3,3.8,7,0.6,1.1,6,7,3.9,7.9,7.3,6.8,5.6,8,11.8,7.3,4,15.6,3.3,1.1,0.5,2,0.6,0.4,0.4,0.5,0.5,1.6,2,2.3,2.4,5.4,7,5.1,3.8,1.6,7.4
2016,Centro-Oeste,Goiás,Urbana,Pública,92.6,95,89.8,98.7,98.3,92.2,91.3,95.1,89.3,89.5,89.7,90.9,85,79.2,86,91.1,82.8,--,6,4.5,7.8,0.7,1.3,7.4,8.1,4.2,8.9,8.2,7.7,6.2,8.8,12.8,8.1,4.6,15.6,--,1.4,0.5,2.4,0.6,0.4,0.4,0.6,0.7,1.8,2.3,2.6,2.9,6.2,8,5.9,4.3,1.6,--
2016,Centro-Oeste,Goiás,Rural,Pública,91.9,93.6,89.5,98.6,98.1,93.2,87.8,91.6,86.1,88.8,91.3,93.2,88.5,83.3,90.1,95.1,--,--,6.6,5.8,7.8,0.5,1.5,6.3,11.5,7.5,11.6,8.6,5.9,3.9,7.9,12.3,6,2.8,--,--,1.5,0.6,2.7,0.9,0.4,0.5,0.7,0.9,2.3,2.6,2.8,2.9,3.6,4.4,3.9,2.1,--,--
2016,Centro-Oeste,Goiás,Total,Pública,92.5,94.9,89.8,98.7,98.3,92.2,91.1,94.9,89.1,89.5,89.7,91,85.1,79.3,86.1,91.2,82.8,--,6.1,4.6,7.8,0.7,1.3,7.3,8.3,4.4,9,8.2,7.6,6.1,8.8,12.7,8,4.5,15.6,--,1.4,0.5,2.4,0.6,0.4,0.5,0.6,0.7,1.9,2.3,2.7,2.9,6.1,8,5.9,4.3,1.6,--
2016,Centro-Oeste,Goiás,Urbana,Privada,98.1,99.1,96.8,99.3,99.5,99.3,98.7,98.6,97.1,96.7,96.7,96.7,96,93.7,96.5,98,--,89.3,1.7,0.8,3,0.5,0.3,0.6,1.2,1.3,2.8,3.1,3.1,3.1,3.6,5.9,3.2,1.5,--,3.3,0.2,0.1,0.2,0.2,0.2,0.1,0.1,0.1,0.1,0.2,0.2,0.2,0.4,0.4,0.3,0.5,--,7.4
2016,Centro-Oeste,Goiás,Rural,Privada,96.5,96,97,97.6,93.8,98.8,94.3,95.7,97.8,98.1,93.7,98.2,96.6,94.3,97.7,98.2,--,--,2.7,2.4,3,0,0,1.2,4.6,4.3,2.2,1.9,6.3,1.8,2.5,4.3,1.9,0.9,--,--,0.8,1.6,0,2.4,6.2,0,1.1,0,0,0,0,0,0.9,1.4,0.4,0.9,--,--
2016,Centro-Oeste,Goiás,Urbana,Municipal,93.4,94.8,88.4,98.7,98.2,91.7,91,95,87.2,88,89.3,90.3,85.5,75,88.8,95.8,--,--,5.7,4.7,9.6,0.7,1.4,7.8,8.4,4.3,11.2,9.9,8.4,7.3,7.9,15.3,5.6,0.6,--,--,0.9,0.5,2,0.6,0.4,0.5,0.6,0.7,1.6,2.1,2.3,2.4,6.6,9.7,5.6,3.6,--,--
2016,Centro-Oeste,Goiás,Rural,Municipal,91.9,93.4,88.9,98.6,98.1,92.8,87.5,91.5,84.7,87.5,91,94.2,82.4,85.3,66.7,100,--,--,6.7,6,8.3,0.6,1.6,6.7,11.9,7.6,12.6,9.5,6.2,3.1,8.2,5.9,16.7,0,--,--,1.4,0.6,2.8,0.8,0.3,0.5,0.6,0.9,2.7,3,2.8,2.7,9.4,8.8,16.6,0,--,--
2016,Centro-Oeste,Goiás,Urbana,Federal,94,93,95.1,94.9,95.2,93.3,94.7,88.3,92.3,93.2,98.3,96.8,86.5,81.4,90.1,93.1,82.9,--,5.8,6.6,4.9,5.1,4.8,6.7,5.3,10,7.7,6.8,1.7,3.2,12.7,17.6,9.4,6.2,14.3,--,0.2,0.4,0,0,0,0,0,1.7,0,0,0,0,0.8,1,0.5,0.7,2.8,--
2016,Centro-Oeste,Goiás,Rural,Federal,--,--,--,--,--,--,--,--,--,--,--,--,85.3,78.2,89.6,94.7,--,--,--,--,--,--,--,--,--,--,--,--,--,--,13,19.3,9.3,4.7,--,--,--,--,--,--,--,--,--,--,--,--,--,--,1.7,2.5,1.1,0.6,--,--
2016,Centro-Oeste,Goiás,Urbana,Estadual,91.1,97.7,90.4,99.6,99.5,99.5,95.3,96.6,90.6,90.2,89.8,91.1,84.9,79.2,86,91.1,82.8,--,6.6,1.9,7.1,0.1,0.2,0.3,4.5,2.9,7.4,7.5,7.4,5.9,8.7,12.7,8.1,4.5,17.2,--,2.3,0.4,2.5,0.3,0.3,0.2,0.2,0.5,2,2.3,2.8,3,6.4,8.1,5.9,4.4,0,--
2016,Centro-Oeste,Goiás,Rural,Estadual,92,97,90.9,100,98.1,100,93.9,94.6,89.1,91.3,91.8,91.4,90.2,86.3,91,95.2,--,--,6.1,2.6,6.9,0,0,0,5.7,5.1,9.3,6.9,5.4,5.5,5.3,8.3,4.1,2.1,--,--,1.9,0.4,2.2,0,1.9,0,0.4,0.3,1.6,1.8,2.8,3.1,4.5,5.4,4.9,2.7,--,--
2016,Centro-Oeste,Goiás,Total,Privada,98.1,99.1,96.8,99.3,99.5,99.3,98.7,98.6,97.1,96.7,96.7,96.7,96,93.7,96.5,98,--,89.3,1.7,0.8,3,0.5,0.3,0.6,1.2,1.3,2.8,3.1,3.1,3.1,3.5,5.8,3.1,1.5,--,3.3,0.2,0.1,0.2,0.2,0.2,0.1,0.1,0.1,0.1,0.2,0.2,0.2,0.5,0.5,0.4,0.5,--,7.4
2016,Centro-Oeste,Goiás,Total,Municipal,93.3,94.7,88.5,98.7,98.2,91.7,90.8,94.8,86.9,88,89.5,90.8,85.1,76.4,85.6,96.2,--,--,5.8,4.7,9.4,0.7,1.4,7.8,8.6,4.5,11.3,9.9,8.1,6.9,7.9,14,7.2,0.5,--,--,0.9,0.6,2.1,0.6,0.4,0.5,0.6,0.7,1.8,2.1,2.4,2.3,7,9.6,7.2,3.3,--,--
2016,Centro-Oeste,Goiás,Total,Federal,94,93,95.1,94.9,95.2,93.3,94.7,88.3,92.3,93.2,98.3,96.8,86.1,80.3,89.9,93.7,82.9,--,5.8,6.6,4.9,5.1,4.8,6.7,5.3,10,7.7,6.8,1.7,3.2,12.8,18.2,9.4,5.6,14.3,--,0.2,0.4,0,0,0,0,0,1.7,0,0,0,0,1.1,1.5,0.7,0.7,2.8,--
2016,Centro-Oeste,Goiás,Total,Estadual,91.1,97.7,90.4,99.7,99.4,99.5,95.2,96.6,90.6,90.2,89.8,91.1,85,79.3,86,91.1,82.8,--,6.6,2,7.1,0.1,0.2,0.3,4.5,2.9,7.5,7.5,7.4,5.9,8.7,12.6,8,4.5,17.2,--,2.3,0.3,2.5,0.2,0.4,0.2,0.3,0.5,1.9,2.3,2.8,3,6.3,8.1,6,4.4,0,--
2016,Centro-Oeste,Goiás,Urbana,Total,93.6,95.8,91,98.8,98.6,93.6,92.7,95.8,90.7,90.8,90.9,92,86.6,81.2,87.5,92.2,82.8,89.3,5.2,3.7,7,0.6,1.1,6,6.8,3.7,7.8,7.3,6.9,5.6,8,11.8,7.4,4.1,15.6,3.3,1.2,0.5,2,0.6,0.3,0.4,0.5,0.5,1.5,1.9,2.2,2.4,5.4,7,5.1,3.7,1.6,7.4
2016,Centro-Oeste,Goiás,Rural,Total,92,93.6,89.7,98.6,98,93.3,87.9,91.7,86.3,89,91.3,93.4,89.6,84.7,91.2,95.6,--,--,6.5,5.7,7.7,0.5,1.5,6.2,11.4,7.4,11.4,8.5,5.9,3.9,7.2,11.3,5.4,2.5,--,--,1.5,0.7,2.6,0.9,0.5,0.5,0.7,0.9,2.3,2.5,2.8,2.7,3.2,4,3.4,1.9,--,--
2016,Centro-Oeste,Distrito Federal,Total,Total,90.3,94.8,85,98.6,99.1,87,96.4,94,82.2,84.1,87.9,86.5,83,76.1,85.9,89.8,100,82.6,8.6,5,12.7,1.2,0.8,12.8,3.4,5.7,14.9,13.7,10.3,11.5,13.4,18.6,11,8.3,0,17.4,1.1,0.2,2.3,0.2,0.1,0.2,0.2,0.3,2.9,2.2,1.8,2,3.6,5.3,3.1,1.9,0,0
2016,Centro-Oeste,Distrito Federal,Urbana,Pública,87.4,93.1,81,98.1,98.8,83.1,95.4,92.4,77.6,80,84.7,82.8,78.6,70.9,82.1,86.3,--,82.6,11.1,6.6,16,1.6,1.1,16.7,4.4,7.2,18.7,17.1,12.8,14.5,16.6,22.2,13.7,11,--,17.4,1.5,0.3,3,0.3,0.1,0.2,0.2,0.4,3.7,2.9,2.5,2.7,4.8,6.9,4.2,2.7,--,0
2016,Centro-Oeste,Distrito Federal,Rural,Pública,86.9,91.3,79.6,97.3,98.7,80,94.6,88.5,74.2,79.4,84.7,81.5,81.3,73.6,85,91.5,--,--,11.9,8.3,18,2,1.1,19.7,5.1,11.1,22.6,18.7,12.9,16.5,13.9,21.3,9.9,4.7,--,--,1.2,0.4,2.4,0.7,0.2,0.3,0.3,0.4,3.2,1.9,2.4,2,4.8,5.1,5.1,3.8,--,--
2016,Centro-Oeste,Distrito Federal,Total,Pública,87.4,93,81,98.1,98.8,82.9,95.4,92.1,77.4,80,84.7,82.7,78.6,71,82.2,86.4,--,82.6,11.1,6.7,16,1.6,1.1,16.9,4.4,7.5,18.8,17.1,12.8,14.5,16.5,22.1,13.7,10.9,--,17.4,1.5,0.3,3,0.3,0.1,0.2,0.2,0.4,3.8,2.9,2.5,2.8,4.9,6.9,4.1,2.7,--,0
2016,Centro-Oeste,Distrito Federal,Urbana,Privada,98.2,99.4,96.7,99.8,99.8,99.2,99.2,99.2,97.6,96.4,96.5,96.3,95.4,92.8,95.8,97.7,100,--,1.8,0.6,3.3,0.2,0.2,0.8,0.8,0.8,2.4,3.6,3.5,3.7,4.5,7,4,2.2,0,--,0,0,0,0,0,0,0,0,0,0,0,0,0.1,0.2,0.2,0.1,0,--
2016,Centro-Oeste,Distrito Federal,Rural,Privada,98.9,97.2,99.1,100,100,85.7,100,100,--,97.7,100,100,99.6,98.7,100,100,--,--,1.1,2.8,0.9,0,0,14.3,0,0,--,2.3,0,0,0.4,1.3,0,0,--,--,0,0,0,0,0,0,0,0,--,0,0,0,0,0,0,0,--,--
2016,Centro-Oeste,Distrito Federal,Urbana,Federal,98.6,--,98.6,--,--,--,--,--,97.9,99.4,99.6,97.5,87.8,81.5,93.4,97.1,--,--,1.2,--,1.2,--,--,--,--,--,1,0,0.4,2.5,11,17,6.3,2,--,--,0.2,--,0.2,--,--,--,--,--,1.1,0.6,0,0,1.2,1.5,0.3,0.9,--,--
2016,Centro-Oeste,Distrito Federal,Rural,Federal,--,--,--,--,--,--,--,--,--,--,--,--,69.4,53.8,84.2,87.5,--,--,--,--,--,--,--,--,--,--,--,--,--,--,25.9,40.3,14,7.1,--,--,--,--,--,--,--,--,--,--,--,--,--,--,4.7,5.9,1.8,5.4,--,--
2016,Centro-Oeste,Distrito Federal,Urbana,Estadual,87.3,93.1,80.9,98.1,98.8,83.1,95.4,92.4,77.5,79.9,84.5,82.6,78.4,70.7,82,86.1,--,82.6,11.1,6.6,16,1.6,1.1,16.7,4.4,7.2,18.7,17.2,12.9,14.6,16.7,22.3,13.8,11.2,--,17.4,1.6,0.3,3.1,0.3,0.1,0.2,0.2,0.4,3.8,2.9,2.6,2.8,4.9,7,4.2,2.7,--,0
2016,Centro-Oeste,Distrito Federal,Rural,Estadual,86.9,91.3,79.6,97.3,98.7,80,94.6,88.5,74.2,79.4,84.7,81.5,82.8,76.5,85.1,92,--,--,11.9,8.3,18,2,1.1,19.7,5.1,11.1,22.6,18.7,12.9,16.5,12.4,18.5,9.5,4.3,--,--,1.2,0.4,2.4,0.7,0.2,0.3,0.3,0.4,3.2,1.9,2.4,2,4.8,5,5.4,3.7,--,--
2016,Centro-Oeste,Distrito Federal,Total,Privada,98.2,99.4,96.7,99.8,99.8,99.2,99.2,99.2,97.6,96.4,96.5,96.4,95.4,92.9,95.9,97.8,100,--,1.8,0.6,3.3,0.2,0.2,0.8,0.8,0.8,2.4,3.5,3.5,3.6,4.5,7,4,2.1,0,--,0,0,0,0,0,0,0,0,0,0.1,0,0,0.1,0.1,0.1,0.1,0,--
2016,Centro-Oeste,Distrito Federal,Total,Federal,98.6,--,98.6,--,--,--,--,--,97.9,99.4,99.6,97.5,85.2,77.8,91.9,95.8,--,--,1.2,--,1.2,--,--,--,--,--,1,0,0.4,2.5,13.1,20.1,7.5,2.7,--,--,0.2,--,0.2,--,--,--,--,--,1.1,0.6,0,0,1.7,2.1,0.6,1.5,--,--
2016,Centro-Oeste,Distrito Federal,Total,Estadual,87.3,93,80.8,98.1,98.8,82.9,95.4,92.1,77.4,79.9,84.6,82.6,78.5,70.8,82,86.2,--,82.6,11.1,6.7,16.1,1.6,1.1,16.9,4.4,7.5,18.9,17.2,12.9,14.7,16.6,22.2,13.7,11,--,17.4,1.6,0.3,3.1,0.3,0.1,0.2,0.2,0.4,3.7,2.9,2.5,2.7,4.9,7,4.3,2.8,--,0
2016,Centro-Oeste,Distrito Federal,Urbana,Total,90.4,95,85.2,98.7,99.1,87.4,96.5,94.3,82.5,84.2,87.9,86.6,83,76.1,85.9,89.7,100,82.6,8.4,4.8,12.6,1.1,0.8,12.4,3.3,5.4,14.6,13.6,10.2,11.4,13.4,18.6,11.1,8.4,0,17.4,1.2,0.2,2.2,0.2,0.1,0.2,0.2,0.3,2.9,2.2,1.9,2,3.6,5.3,3,1.9,0,0
2016,Centro-Oeste,Distrito Federal,Rural,Total,87.3,91.3,81,97.3,98.7,80,94.6,88.6,74.2,81.4,86.3,83.4,83.5,75.5,86.9,93.1,--,--,11.6,8.3,16.8,2,1.1,19.7,5,11,22.6,17,11.6,14.8,12.3,19.8,8.7,3.8,--,--,1.1,0.4,2.2,0.7,0.2,0.3,0.4,0.4,3.2,1.6,2.1,1.8,4.2,4.7,4.4,3.1,--,--
2016,Centro-Oeste,Distrito Federal,Rural,Total,87.3,91.3,81,97.3,98.7,80,94.6,88.6,74.2,81.4,86.3,83.4,83.5,75.5,86.9,93.1,--,--,11.6,8.3,16.8,2,1.1,19.7,5,11,22.6,17,11.6,14.8,12.3,19.8,8.7,3.8,--,--,1.1,0.4,2.2,0.7,0.2,0.3,0.4,0.4,3.2,1.6,2.1,1.8,4.2,4.7,4.4,3.1,--,--
Fonte: Censo da Educação Básica 2016/INEP.,Centro-Oeste,Distrito Federal,Rural,Total,87.3,91.3,81,97.3,98.7,80,94.6,88.6,74.2,81.4,86.3,83.4,83.5,75.5,86.9,93.1,--,--,11.6,8.3,16.8,2,1.1,19.7,5,11,22.6,17,11.6,14.8,12.3,19.8,8.7,3.8,--,--,1.1,0.4,2.2,0.7,0.2,0.3,0.4,0.4,3.2,1.6,2.1,1.8,4.2,4.7,4.4,3.1,--,--
