Ano,Unidade Geográfica,Localização,Dependência Administrativa,Total,Anos Iniciais,Anos Finais,1º Ano ,2º Ano,3º Ano,4º Ano,5º Ano,6º Ano,7º Ano,8º Ano,9º Ano,Total,1ª série,2ª série,3ª série,4ª série,Não-Seriado,Total,Anos Iniciais,Anos Finais,1º Ano ,2º Ano,3º Ano,4º Ano,5º Ano,6º Ano,7º Ano,8º Ano,9º Ano,Total,1ª série,2ª série,3ª série,4ª série,Não-Seriado,Total_Abandono_EF2023,Anos Iniciais,Anos Finais,1º Ano ,2º Ano,3º Ano,4º Ano,5º Ano,6º Ano,7º Ano,8º Ano,9º Ano,Total_Abandono_EM2023,1ª série,2ª série,3ª série,4ª série,Não-Seriado
2023,Brasil,Total,Total,95.8,97.2,94,99,98.4,95.8,96.8,96.3,93.4,93.7,93.9,95,91.3,88.9,91.6,94.5,93.1,90.1,3.5,2.5,4.8,0.6,1.4,4,2.9,3.3,5.7,5.2,4.7,3.6,5.3,7.5,5,2.8,4.4,3.7,0.7,0.3,1.2,0.4,0.2,0.2,0.3,0.4,0.9,1.1,1.4,1.4,3.4,3.6,3.4,2.7,2.5,6.2
2023,Brasil,Urbana,Total,96.2,97.6,94.5,99.1,98.4,96.2,97.3,97.1,94.1,94.2,94.4,95.2,91.3,88.8,91.5,94.5,93.3,90,3.2,2.2,4.5,0.6,1.4,3.6,2.5,2.6,5.2,4.9,4.5,3.6,5.4,7.6,5.1,2.8,4.3,3.8,0.6,0.2,1,0.3,0.2,0.2,0.2,0.3,0.7,0.9,1.1,1.2,3.3,3.6,3.4,2.7,2.4,6.2
2023,Brasil,Rural,Total,93.1,95,90.3,98.9,98.1,92.8,93.7,91.7,88.2,89.6,90.6,93.5,92.5,91,93.3,93.9,90.9,90.8,5.5,4.5,7,0.6,1.5,6.7,5.7,7.5,9.7,7.8,6.2,3.7,3.9,5.1,3.3,2.9,4.8,2.2,1.4,0.5,2.7,0.5,0.4,0.5,0.6,0.8,2.1,2.6,3.2,2.8,3.6,3.9,3.4,3.2,4.3,7
2023,Brasil,Total,Federal,96.5,98.2,95.9,98.6,97.6,97.8,98.3,98.7,97,96.1,95.4,95.1,90.3,87.3,90.9,93.8,91.2,89.3,3.4,1.7,4,1.1,2.4,2.2,1.6,1.3,3,3.8,4.5,4.8,8.3,11.3,8.1,5,6.8,7.5,0.1,0.1,0.1,0.3,0,0,0.1,0,0,0.1,0.1,0.1,1.4,1.4,1,1.2,2,3.2
2023,Brasil,Urbana,Federal,96.5,98.2,95.9,98.6,97.6,97.8,98.3,98.7,97,96.1,95.4,95.1,90.1,87.3,90.6,93.6,91.5,88.6,3.4,1.7,4,1.1,2.4,2.2,1.6,1.3,3,3.8,4.5,4.8,8.4,11.3,8.3,5.2,6.4,8,0.1,0.1,0.1,0.3,0,0,0.1,0,0,0.1,0.1,0.1,1.5,1.4,1.1,1.2,2.1,3.4
2023,Brasil,Rural,Federal,--,--,--,--,--,--,--,--,--,--,--,--,91.3,87.5,92.3,95.3,87,94,--,--,--,--,--,--,--,--,--,--,--,--,7.7,11.3,6.9,4,12.2,4.3,--,--,--,--,--,--,--,--,--,--,--,--,1,1.2,0.8,0.7,0.8,1.7
2023,Brasil,Total,Estadual,95.4,97.5,94.7,99,98.4,96.1,97.8,96.5,95.1,95,94.5,94.1,90.5,88,90.7,93.7,94.6,91.5,3.6,2.1,4.2,0.5,1.2,3.5,1.8,3,4.2,4.1,4.2,4.3,5.7,7.9,5.4,3.1,2.7,3.5,1,0.4,1.1,0.5,0.4,0.4,0.4,0.5,0.7,0.9,1.3,1.6,3.8,4.1,3.9,3.2,2.7,5
2023,Brasil,Urbana,Estadual,95.5,97.8,94.8,99.1,98.6,96.4,98.2,96.9,95.2,95.1,94.6,94.2,90.4,87.7,90.5,93.7,95,91.6,3.6,1.9,4.2,0.4,1.1,3.2,1.5,2.7,4.1,4.1,4.2,4.3,5.8,8.1,5.5,3.1,2.7,3.6,0.9,0.3,1,0.5,0.3,0.4,0.3,0.4,0.7,0.8,1.2,1.5,3.8,4.2,4,3.2,2.3,4.8
2023,Brasil,Rural,Estadual,93.5,94.1,93.2,97.4,96.8,92.5,93.7,90.9,93,93.4,93.5,93,92.6,91.3,93.3,93.8,87.4,89.5,4.6,4.6,4.5,1.2,2.2,6.4,4.9,7.5,5.3,4.5,4.1,4.2,3.6,4.7,3.1,2.9,2.7,1.5,1.9,1.3,2.3,1.4,1,1.1,1.4,1.6,1.7,2.1,2.4,2.8,3.8,4,3.6,3.3,9.9,9
2023,Brasil,Total,Municipal,95,96.6,91.8,99,98.1,94.8,95.9,95.6,90.2,90.9,91.8,94.8,93.7,91.7,94.3,96.1,96.8,66.1,4.2,3,6.6,0.7,1.7,4.9,3.7,4,8.5,7.5,6.3,3.5,4.2,5.7,3.6,2.3,1,33.9,0.8,0.4,1.6,0.3,0.2,0.3,0.4,0.4,1.3,1.6,1.9,1.7,2.1,2.6,2.1,1.6,2.2,0
2023,Brasil,Urbana,Municipal,95.5,97,92.3,99,98.1,95.2,96.4,96.4,91,91.5,92.2,95.1,93.6,91.3,94.2,96.2,96.2,56.4,3.9,2.7,6.3,0.7,1.7,4.5,3.3,3.2,7.9,7.2,6.2,3.5,4.4,6.2,3.8,2.3,1.2,43.6,0.6,0.3,1.4,0.3,0.2,0.3,0.3,0.4,1.1,1.3,1.6,1.4,2,2.5,2,1.5,2.6,0
2023,Brasil,Rural,Municipal,93,95,89.6,99,98.2,92.8,93.6,91.7,87.1,88.7,89.9,93.5,94.8,94,95.1,95,99.3,100,5.7,4.5,7.6,0.5,1.5,6.8,5.8,7.5,10.7,8.5,6.7,3.5,2.4,3,1.9,2.3,0,0,1.3,0.5,2.8,0.5,0.3,0.4,0.6,0.8,2.2,2.8,3.4,3,2.8,3,3,2.7,0.7,0
2023,Brasil,Total,Privada,98.9,99.3,98.4,99.2,99.4,99.2,99.4,99.3,98.6,98.4,98.4,98.2,97.1,96.1,97.7,98.9,91.2,81.3,1,0.6,1.5,0.6,0.5,0.7,0.6,0.7,1.3,1.5,1.6,1.7,2.3,3.7,2.1,0.9,4.8,1.9,0.1,0.1,0.1,0.2,0.1,0.1,0,0,0.1,0.1,0,0.1,0.6,0.2,0.2,0.2,4,16.8
2023,Brasil,Urbana,Privada,99,99.3,98.4,99.2,99.4,99.3,99.4,99.3,98.6,98.5,98.4,98.2,97.2,96.1,97.7,99,86.9,81.2,1,0.6,1.5,0.6,0.5,0.7,0.6,0.7,1.3,1.5,1.6,1.7,2.3,3.7,2.1,0.9,7.2,1.9,0,0.1,0.1,0.2,0.1,0,0,0,0.1,0,0,0.1,0.5,0.2,0.2,0.1,5.9,16.9
2023,Brasil,Rural,Privada,97.4,98.2,96.4,98.2,98.9,97.6,98.4,97.7,96.4,95.9,96.7,96.5,93.7,92,94.7,94.7,95.8,98.9,2.3,1.7,3.1,1.5,1.1,2.3,1.5,2.3,3.2,3.7,2.8,2.7,3.2,4,3,2.2,2.1,0,0.3,0.1,0.5,0.3,0,0.1,0.1,0,0.4,0.4,0.5,0.8,3.1,4,2.3,3.1,2.1,1.1
2023,Brasil,Total,Pública,95.1,96.8,93.2,99,98.1,95,96.2,95.7,92.4,92.8,93.1,94.4,90.5,88,90.7,93.8,93.2,91.2,4.1,2.9,5.4,0.6,1.6,4.7,3.5,3.9,6.6,5.9,5.3,3.9,5.7,8,5.4,3.2,4.3,4,0.8,0.3,1.4,0.4,0.3,0.3,0.3,0.4,1,1.3,1.6,1.7,3.8,4,3.9,3,2.5,4.8
2023,Brasil,Urbana,Pública,95.5,97.1,93.6,99,98.1,95.4,96.7,96.5,93.1,93.3,93.5,94.6,90.4,87.8,90.5,93.8,93.5,91.3,3.8,2.6,5.2,0.7,1.6,4.3,3,3.1,6,5.6,5.1,3.9,5.9,8.2,5.6,3.2,4.2,4.1,0.7,0.3,1.2,0.3,0.3,0.3,0.3,0.4,0.9,1.1,1.4,1.5,3.7,4,3.9,3,2.3,4.6
2023,Brasil,Rural,Pública,93.1,94.9,90.3,98.9,98.1,92.8,93.6,91.7,88.1,89.5,90.5,93.4,92.5,91,93.3,93.9,88.3,90.8,5.5,4.5,7,0.6,1.5,6.8,5.8,7.5,9.8,7.9,6.2,3.7,3.9,5.2,3.3,3,6.2,2.2,1.4,0.6,2.7,0.5,0.4,0.4,0.6,0.8,2.1,2.6,3.3,2.9,3.6,3.8,3.4,3.1,5.5,7
2023,Norte,Total,Total,93.4,94.8,91.7,98.9,98.1,92.5,93.4,91.6,90.1,91,92.2,93.7,93.9,92.6,94.6,94.8,99.5,82.5,5.1,4.5,5.9,0.4,1.4,6.9,5.9,7.4,8,6.6,5.1,3.7,3.7,4.6,3.3,3,0.4,1.4,1.5,0.7,2.4,0.7,0.5,0.6,0.7,1,1.9,2.4,2.7,2.6,2.4,2.8,2.1,2.2,0.1,16.1
2023,Norte,Urbana,Total,95.3,96.5,93.9,99.2,98.4,94.5,95.5,94.9,93,93.4,94.2,95.2,94.1,92.6,94.7,95.5,99.9,86.7,3.8,3.1,4.7,0.3,1.2,5.2,4.1,4.6,5.9,5.2,4.2,3.3,3.9,5,3.5,2.7,0.1,2,0.9,0.4,1.4,0.5,0.4,0.3,0.4,0.5,1.1,1.4,1.6,1.5,2,2.4,1.8,1.8,0,11.3
2023,Norte,Rural,Total,88.4,90.7,85.3,98.2,97.1,87.7,88.1,83.8,82.3,84.4,86.4,89,92.7,92.9,94.3,91.2,95.3,81.4,8.6,8,9.4,0.6,2,11.2,10.5,14.2,13.5,10.3,7.5,5.1,2.9,2.7,2.1,4.4,3.7,1.3,3,1.3,5.3,1.2,0.9,1.1,1.4,2,4.2,5.3,6.1,5.9,4.4,4.4,3.6,4.4,1,17.3
2023,Norte,Total,Federal,96.7,99.1,95.9,99.2,100,100,98.8,98,97.6,96.9,95.2,94.2,92.5,89.7,93.2,95.3,89.9,--,3.2,0.7,4.1,0,0,0,1.2,2,2.4,3.1,4.8,5.7,6.5,8.7,6.2,4,9,--,0.1,0.2,0,0.8,0,0,0,0,0,0,0,0.1,1,1.6,0.6,0.7,1.1,--
2023,Norte,Urbana,Federal,96.7,99.1,95.9,99.2,100,100,98.8,98,97.6,96.9,95.2,94.2,92.3,89.4,92.9,95.1,98.5,--,3.2,0.7,4.1,0,0,0,1.2,2,2.4,3.1,4.8,5.7,6.7,9,6.4,4.2,1.5,--,0.1,0.2,0,0.8,0,0,0,0,0,0,0,0.1,1,1.6,0.7,0.7,0,--
2023,Norte,Rural,Federal,--,--,--,--,--,--,--,--,--,--,--,--,93.7,91.5,94.6,96.9,65.2,--,--,--,--,--,--,--,--,--,--,--,--,--,5.4,7.1,4.9,2.6,30.4,--,--,--,--,--,--,--,--,--,--,--,--,--,0.9,1.4,0.5,0.5,4.4,--
2023,Norte,Total,Estadual,95.4,96.6,95,99.1,98.3,94.7,96.7,95.1,94.8,94.9,95.2,95.1,93.6,92.5,94.4,94.5,100,82,3.4,2.7,3.6,0.2,1.2,4.7,2.7,4.2,4.1,3.8,3.3,3.2,3.7,4.5,3.3,3.2,0,1.7,1.2,0.7,1.4,0.7,0.5,0.6,0.6,0.7,1.1,1.3,1.5,1.7,2.7,3,2.3,2.3,0,16.3
2023,Norte,Urbana,Estadual,96.2,97.8,95.6,99.8,99,95.6,98.2,96.9,95.5,95.5,95.8,95.7,93.8,92.4,94.5,95.2,100,90.2,3.1,2,3.5,0,0.9,4.1,1.7,2.9,3.9,3.7,3.2,3.1,3.9,5,3.5,2.9,0,3.9,0.7,0.2,0.9,0.2,0.1,0.3,0.1,0.2,0.6,0.8,1,1.2,2.3,2.6,2,1.9,0,5.9
2023,Norte,Rural,Estadual,90.8,91.3,90.6,96.1,95.2,90.4,89.3,86.4,90.2,90.7,91.2,90.3,92.8,93,94.4,91.1,100,80.7,5.1,6,4.7,0.7,2.5,7.4,7.7,10.4,5.9,4.8,3.8,4.1,2.8,2.6,2,4.5,0,1.3,4.1,2.7,4.7,3.2,2.3,2.2,3,3.2,3.9,4.5,5,5.6,4.4,4.4,3.6,4.4,0,18
2023,Norte,Total,Municipal,91.9,94,88,98.9,97.8,91.4,92.2,90.2,85.7,86.9,88.7,91.5,100,100,100,100,--,--,6.4,5.2,8.5,0.4,1.6,8,7.1,8.8,11.5,9.4,7.2,4.6,0,0,0,0,--,--,1.7,0.8,3.5,0.7,0.6,0.6,0.7,1,2.8,3.7,4.1,3.9,0,0,0,0,--,--
2023,Norte,Urbana,Municipal,94.1,95.7,90.8,99.1,98.1,93.4,94.3,93.8,89.3,89.8,91.1,93.5,100,100,100,100,--,--,4.8,3.8,7,0.4,1.5,6.1,5.2,5.6,9,7.9,6.3,4.1,0,0,0,0,--,--,1.1,0.5,2.2,0.5,0.4,0.5,0.5,0.6,1.7,2.3,2.6,2.4,0,0,0,0,--,--
2023,Norte,Rural,Municipal,88,90.6,84,98.3,97.2,87.4,88,83.6,80.5,82.8,85.1,88.6,--,--,--,--,--,--,9.1,8.2,10.5,0.6,1.9,11.6,10.7,14.6,15.2,11.6,8.5,5.3,--,--,--,--,--,--,2.9,1.2,5.5,1.1,0.9,1,1.3,1.8,4.3,5.6,6.4,6.1,--,--,--,--,--,--
2023,Norte,Total,Privada,99,99.3,98.5,99.4,99.5,99.2,99.3,99.2,98.6,98.6,98.5,98.5,97.3,96.3,97.7,98.5,97.6,86.3,0.9,0.5,1.4,0.3,0.4,0.7,0.6,0.8,1.3,1.3,1.4,1.4,2,3.1,1.8,0.9,1.2,0,0.1,0.2,0.1,0.3,0.1,0.1,0.1,0,0.1,0.1,0.1,0.1,0.7,0.6,0.5,0.6,1.2,13.7
2023,Norte,Urbana,Privada,99,99.3,98.6,99.4,99.5,99.2,99.3,99.2,98.6,98.7,98.6,98.6,97.7,96.7,97.9,99,--,82.9,0.8,0.5,1.3,0.3,0.4,0.7,0.6,0.7,1.2,1.2,1.4,1.3,1.9,3.1,1.8,0.8,--,0,0.2,0.2,0.1,0.3,0.1,0.1,0.1,0.1,0.2,0.1,0,0.1,0.4,0.2,0.3,0.2,--,17.1
2023,Norte,Rural,Privada,95.7,98.6,93.3,100,99.7,97.7,99.3,96.2,93.4,91.8,95,92.9,88.9,88.7,90.8,83.9,97.6,98.9,3.6,1.4,5.5,0,0.3,2.3,0.7,3.8,5.8,6.7,3.9,5.6,3.5,3.5,4.2,3.7,1.2,0,0.7,0,1.2,0,0,0,0,0,0.8,1.5,1.1,1.5,7.6,7.8,5,12.4,1.2,1.1
2023,Norte,Total,Pública,92.9,94.4,91.1,98.9,97.9,91.9,92.8,90.9,89.4,90.4,91.7,93.3,93.6,92.4,94.4,94.5,99.6,82,5.5,4.9,6.3,0.4,1.6,7.5,6.4,8.1,8.5,7,5.4,3.9,3.8,4.7,3.4,3.2,0.4,1.7,1.6,0.7,2.6,0.7,0.5,0.6,0.8,1,2.1,2.6,2.9,2.8,2.6,2.9,2.2,2.3,0,16.3
2023,Norte,Urbana,Pública,94.8,96.1,93.4,99.2,98.3,93.8,95,94.3,92.4,92.8,93.7,94.8,93.8,92.3,94.4,95.2,99.9,90.2,4.2,3.5,5.1,0.3,1.4,5.8,4.6,5.1,6.5,5.7,4.6,3.5,4,5.1,3.6,2.9,0.1,3.9,1,0.4,1.5,0.5,0.3,0.4,0.4,0.6,1.1,1.5,1.7,1.7,2.2,2.6,2,1.9,0,5.9
2023,Norte,Rural,Pública,88.3,90.7,85.3,98.2,97.1,87.6,88.1,83.8,82.2,84.4,86.3,89,92.8,93,94.4,91.3,93.9,80.7,8.6,8,9.4,0.6,2,11.3,10.5,14.2,13.5,10.3,7.5,5.1,2.9,2.7,2.1,4.4,5.3,1.3,3.1,1.3,5.3,1.2,0.9,1.1,1.4,2,4.3,5.3,6.2,5.9,4.3,4.3,3.5,4.3,0.8,18
2023,Nordeste,Total,Total,94.8,96.9,92.3,99.2,99,95.5,95.9,95.2,90.9,91.6,92.3,94.7,92.5,91.1,93.1,94.2,91.1,83.7,4.2,2.7,6.1,0.4,0.7,4.2,3.7,4.3,7.7,6.8,5.8,3.7,4.1,5.4,3.4,2.8,6.4,8.4,1,0.4,1.6,0.4,0.3,0.3,0.4,0.5,1.4,1.6,1.9,1.6,3.4,3.5,3.5,3,2.5,7.9
2023,Nordeste,Urbana,Total,95,97.2,92.6,99.2,99,96,96.3,95.9,91.4,92,92.6,94.7,92.5,91.1,93.1,94.2,90.9,83.3,4.1,2.4,5.9,0.4,0.7,3.7,3.4,3.6,7.3,6.6,5.7,3.8,4.1,5.4,3.5,2.8,6.5,8.5,0.9,0.4,1.5,0.4,0.3,0.3,0.3,0.5,1.3,1.4,1.7,1.5,3.4,3.5,3.4,3,2.6,8.2
2023,Nordeste,Rural,Total,94,96,91.2,99.3,99,94,94.8,93.1,89.1,90.4,91.3,94.6,92.2,90.4,92.8,94.4,92.6,89.9,4.9,3.6,6.6,0.3,0.8,5.6,4.8,6.3,9.2,7.5,6.1,3.2,3.8,5.2,3.3,2.2,5.9,6.9,1.1,0.4,2.2,0.4,0.2,0.4,0.4,0.6,1.7,2.1,2.6,2.2,4,4.4,3.9,3.4,1.5,3.2
2023,Nordeste,Total,Federal,98,99.4,97.6,100,100,98.9,98.9,99.3,99.1,97.1,96.7,97.7,88.9,86.5,89.1,91.3,89.7,89.5,2,0.6,2.4,0,0,1.1,1.1,0.7,0.9,2.7,3.3,2.3,9.5,11.9,9.6,7.2,8.1,8.8,0,0,0,0,0,0,0,0,0,0.2,0,0,1.6,1.6,1.3,1.5,2.2,1.7
2023,Nordeste,Urbana,Federal,98,99.4,97.6,100,100,98.9,98.9,99.3,99.1,97.1,96.7,97.7,88.7,86.4,88.9,90.8,90.1,89.3,2,0.6,2.4,0,0,1.1,1.1,0.7,0.9,2.7,3.3,2.3,9.7,11.9,9.9,7.6,7.5,8.9,0,0,0,0,0,0,0,0,0,0.2,0,0,1.6,1.7,1.2,1.6,2.4,1.8
2023,Nordeste,Rural,Federal,--,--,--,--,--,--,--,--,--,--,--,--,90.3,87.1,91.1,94.2,83.7,90.8,--,--,--,--,--,--,--,--,--,--,--,--,8.5,11.6,8,4.4,16.3,7.7,--,--,--,--,--,--,--,--,--,--,--,--,1.2,1.3,0.9,1.4,0,1.5
2023,Nordeste,Total,Estadual,91.8,94.3,91.3,97.7,97.2,95.8,91.7,91.4,90.8,91.7,91.9,90.9,92.1,90.7,92.7,93.7,98.2,74.7,6.3,4.7,6.6,1.3,2,3.3,7.4,7.4,7.7,6.7,6,6.3,4.1,5.4,3.4,2.9,0.8,13.2,1.9,1,2.1,1,0.8,0.9,0.9,1.2,1.5,1.6,2.1,2.8,3.8,3.9,3.9,3.4,1,12.1
2023,Nordeste,Urbana,Estadual,92.1,95.8,91.5,99.2,98,98.1,92.5,93.6,91,91.9,92.1,91,92.1,90.7,92.7,93.7,98.2,74.3,6.2,3.6,6.6,0.1,1.3,1.4,6.9,5.8,7.6,6.6,6,6.3,4.1,5.4,3.4,2.9,1,13.5,1.7,0.6,1.9,0.7,0.7,0.5,0.6,0.6,1.4,1.5,1.9,2.7,3.8,3.9,3.9,3.4,0.8,12.2
2023,Nordeste,Rural,Estadual,89.2,89,89.2,93.5,94.4,87.9,88.5,83.3,88.6,89.5,89.7,89.2,92.4,90.5,92.8,94.5,98.2,86.1,7.8,8.6,7.3,4.5,4.1,9.7,9.2,13.4,8.4,7.5,6.7,6.6,3.5,4.9,3,2,0,5.4,3,2.4,3.5,2,1.5,2.4,2.3,3.3,3,3,3.6,4.2,4.1,4.6,4.2,3.5,1.8,8.5
2023,Nordeste,Total,Municipal,94.1,96.4,91.2,99.3,98.9,94.5,95.1,94.4,89.3,90.2,91.2,94.8,93.4,93.1,93,93.6,96.4,100,4.8,3.2,6.9,0.3,0.8,5.2,4.4,5,9.1,7.9,6.6,3.5,2.3,2.8,2.1,1.8,0.7,0,1.1,0.4,1.9,0.4,0.3,0.3,0.5,0.6,1.6,1.9,2.2,1.7,4.3,4.1,4.9,4.6,2.9,0
2023,Nordeste,Urbana,Municipal,94.1,96.5,91.2,99.2,98.9,94.6,95.3,94.9,89.4,90.1,91.1,94.7,89.7,89.7,86.4,91.9,93.3,100,4.9,3.1,7,0.4,0.8,5,4.3,4.5,9,8,6.9,3.6,3.3,4.2,3.5,1,1.5,0,1,0.4,1.8,0.4,0.3,0.4,0.4,0.6,1.6,1.9,2,1.7,7,6.1,10.1,7.1,5.2,0
2023,Nordeste,Rural,Municipal,94.2,96.1,91.3,99.5,99.1,94.1,94.9,93.3,89.1,90.4,91.4,94.9,95.5,95.2,95.5,94.9,99.3,100,4.8,3.6,6.6,0.2,0.7,5.6,4.7,6.1,9.3,7.5,6,3,1.7,1.9,1.5,2.3,0,0,1,0.3,2.1,0.3,0.2,0.3,0.4,0.6,1.6,2.1,2.6,2.1,2.8,2.9,3,2.8,0.7,0
2023,Nordeste,Total,Privada,98.8,99.2,98.2,99.1,99.4,99.2,99.3,99.2,98.4,98.2,98.1,98,97.1,95.9,97.4,98.8,93,91.4,1,0.6,1.7,0.6,0.5,0.7,0.6,0.7,1.5,1.7,1.7,1.9,2.3,3.6,2.2,0.9,2,0.2,0.2,0.2,0.1,0.3,0.1,0.1,0.1,0.1,0.1,0.1,0.2,0.1,0.6,0.5,0.4,0.3,5,8.4
2023,Nordeste,Urbana,Privada,98.9,99.3,98.2,99.2,99.4,99.2,99.3,99.2,98.4,98.2,98.2,98,97.2,96.2,97.5,98.9,87.2,91.4,1,0.6,1.7,0.5,0.5,0.7,0.6,0.7,1.5,1.7,1.7,1.9,2.2,3.6,2.2,0.8,0.5,0.2,0.1,0.1,0.1,0.3,0.1,0.1,0.1,0.1,0.1,0.1,0.1,0.1,0.6,0.2,0.3,0.3,12.3,8.4
2023,Nordeste,Rural,Privada,96.8,97.6,95.1,97.8,98.9,96.8,97.5,96.6,95.4,94.1,95.1,96,91,88.4,92.5,92.2,94.9,--,2.8,2.2,4,1.7,1.1,3.1,2.2,3.3,3.9,5.3,4.1,2.5,4.1,4.6,4.2,3.7,2.4,--,0.4,0.2,0.9,0.5,0,0.1,0.3,0.1,0.7,0.6,0.8,1.5,4.9,7,3.3,4.1,2.7,--
2023,Nordeste,Total,Pública,93.9,96.3,91.2,99.2,98.9,94.5,95,94.3,89.5,90.4,91.3,94.1,92,90.6,92.6,93.6,90.9,81,5,3.3,6.9,0.3,0.8,5.1,4.5,5.1,8.9,7.7,6.5,4,4.3,5.6,3.6,3,6.9,11.3,1.1,0.4,1.9,0.5,0.3,0.4,0.5,0.6,1.6,1.9,2.2,1.9,3.7,3.8,3.8,3.4,2.2,7.7
2023,Nordeste,Urbana,Pública,93.9,96.5,91.3,99.2,98.9,94.7,95.2,94.8,89.6,90.5,91.3,93.9,91.9,90.6,92.6,93.6,91,80.3,5,3.1,6.9,0.3,0.8,4.9,4.3,4.6,8.8,7.8,6.7,4.2,4.3,5.6,3.6,3.1,6.7,11.6,1.1,0.4,1.8,0.5,0.3,0.4,0.5,0.6,1.6,1.7,2,1.9,3.8,3.8,3.8,3.3,2.3,8.1
2023,Nordeste,Rural,Pública,94,95.9,91.2,99.4,99,94,94.7,93.1,89,90.4,91.3,94.6,92.3,90.4,92.8,94.5,90.3,89.9,4.9,3.7,6.7,0.3,0.8,5.7,4.8,6.3,9.3,7.5,6.1,3.2,3.8,5.2,3.2,2.2,9.2,6.9,1.1,0.4,2.1,0.3,0.2,0.3,0.5,0.6,1.7,2.1,2.6,2.2,3.9,4.4,4,3.3,0.5,3.2
2023,Sudeste,Total,Total,96.9,98.2,95.4,98.8,98.5,97.1,98.3,98.3,95.4,95.6,95.1,95.3,90.6,87.6,90.5,94.5,92.9,92.9,2.6,1.6,3.8,0.9,1.4,2.7,1.6,1.5,4,3.7,3.9,3.5,5.9,8.6,5.9,2.8,4.8,2.5,0.5,0.2,0.8,0.3,0.1,0.2,0.1,0.2,0.6,0.7,1,1.2,3.5,3.8,3.6,2.7,2.3,4.6
2023,Sudeste,Urbana,Total,97,98.2,95.4,98.8,98.5,97.2,98.3,98.3,95.5,95.7,95.2,95.3,90.5,87.5,90.4,94.5,92.4,92.8,2.6,1.6,3.8,0.9,1.3,2.6,1.5,1.5,4,3.7,3.9,3.5,6,8.6,5.9,2.8,5.1,2.5,0.4,0.2,0.8,0.3,0.2,0.2,0.2,0.2,0.5,0.6,0.9,1.2,3.5,3.9,3.7,2.7,2.5,4.7
2023,Sudeste,Rural,Total,96.1,97.1,94.4,98.3,97.3,95.8,97,97.2,93,94.3,94.2,96,93.2,90.6,93.7,96.1,97.9,95.8,3.5,2.7,4.9,1.5,2.6,4.2,2.8,2.6,6.5,5.2,4.8,3,4.6,6.9,4.1,2.2,1.3,1.1,0.4,0.2,0.7,0.2,0.1,0,0.2,0.2,0.5,0.5,1,1,2.2,2.5,2.2,1.7,0.8,3.1
2023,Sudeste,Total,Federal,95.9,97.7,94.8,98.3,96.8,97,98,98.6,96,95.5,94.2,93.5,91,86.7,91.6,96.1,93.6,89.2,4,2.2,5.1,1.5,3.2,2.8,1.9,1.4,3.9,4.4,5.6,6.4,7.9,12.3,7.6,3.2,4.2,7.4,0.1,0.1,0.1,0.2,0,0.2,0.1,0,0.1,0.1,0.2,0.1,1.1,1,0.8,0.7,2.2,3.4
2023,Sudeste,Urbana,Federal,95.9,97.7,94.8,98.3,96.8,97,98,98.6,96,95.5,94.2,93.5,91,86.6,91.5,96.3,93.5,88.6,4,2.2,5.1,1.5,3.2,2.8,1.9,1.4,3.9,4.4,5.6,6.4,7.9,12.3,7.7,2.9,4.3,7.9,0.1,0.1,0.1,0.2,0,0.2,0.1,0,0.1,0.1,0.2,0.1,1.1,1.1,0.8,0.8,2.2,3.5
2023,Sudeste,Rural,Federal,--,--,--,--,--,--,--,--,--,--,--,--,91.3,87.2,92.2,94.7,98.2,98.8,--,--,--,--,--,--,--,--,--,--,--,--,8.1,12.4,7.2,4.8,0,0,--,--,--,--,--,--,--,--,--,--,--,--,0.6,0.4,0.6,0.5,1.8,1.2
2023,Sudeste,Total,Estadual,96.1,99.2,94.8,99.1,99.4,98.9,99.4,99.3,95.6,95.7,94.4,93.7,89.3,86,89.1,93.5,100,93.7,2.9,0.3,3.9,0.2,0.2,0.7,0.2,0.3,3.7,3.4,4.1,4.5,6.6,9.4,6.6,3.2,0,2.3,1,0.5,1.3,0.7,0.4,0.4,0.4,0.4,0.7,0.9,1.5,1.8,4.1,4.6,4.3,3.3,0,4
2023,Sudeste,Urbana,Estadual,96,99.2,94.8,99.1,99.4,98.9,99.4,99.3,95.6,95.7,94.4,93.7,89.2,85.9,89,93.4,100,93.7,2.9,0.3,3.9,0.2,0.2,0.7,0.2,0.3,3.7,3.4,4.2,4.5,6.6,9.4,6.6,3.3,0,2.3,1.1,0.5,1.3,0.7,0.4,0.4,0.4,0.4,0.7,0.9,1.4,1.8,4.2,4.7,4.4,3.3,0,4
2023,Sudeste,Rural,Estadual,96.4,99.5,95.2,99.7,99.8,99.4,99.3,99.4,94.8,96.2,95.2,94.8,93.2,90.7,93.6,96.1,--,95.3,3,0.3,4,0,0.1,0.5,0.4,0.5,4.9,3.4,3.7,3.9,4.2,6.4,3.8,1.9,--,1.3,0.6,0.2,0.8,0.3,0.1,0.1,0.3,0.1,0.3,0.4,1.1,1.3,2.6,2.9,2.6,2,--,3.4
2023,Sudeste,Total,Municipal,96.6,97.6,94.2,98.7,98,96,97.6,97.6,93.2,93.7,94.2,96.1,95.4,93.6,95.3,97.3,99.3,--,3,2.2,5,1.1,1.9,3.8,2.2,2.2,6.2,5.6,4.9,3,3.4,5.1,3.5,1.6,0.3,--,0.4,0.2,0.8,0.2,0.1,0.2,0.2,0.2,0.6,0.7,0.9,0.9,1.2,1.3,1.2,1.1,0.4,--
2023,Sudeste,Urbana,Municipal,96.7,97.6,94.3,98.7,98,96.1,97.7,97.7,93.3,93.8,94.2,96.1,95.4,93.6,95.2,97.3,99.3,--,3,2.2,5,1,1.8,3.8,2.1,2.1,6.1,5.5,4.9,3,3.5,5.1,3.5,1.6,0.3,--,0.3,0.2,0.7,0.3,0.2,0.1,0.2,0.2,0.6,0.7,0.9,0.9,1.1,1.3,1.3,1.1,0.4,--
2023,Sudeste,Rural,Municipal,96,96.9,93.5,98.2,97.1,95.4,96.8,97,91.7,92.8,93.3,96.7,95.4,94.4,95.8,95.8,--,--,3.7,3,5.8,1.6,2.8,4.5,3.1,2.9,7.7,6.6,5.7,2.5,2.2,2.8,2.8,0.8,--,--,0.3,0.1,0.7,0.2,0.1,0.1,0.1,0.1,0.6,0.6,1,0.8,2.4,2.8,1.4,3.4,--,--
2023,Sudeste,Total,Privada,99,99.3,98.5,99.1,99.4,99.3,99.4,99.4,98.7,98.5,98.4,98.3,97.3,96.1,97.9,99,87.5,80.4,1,0.7,1.5,0.8,0.5,0.7,0.6,0.6,1.3,1.5,1.6,1.7,2.4,3.8,2.1,0.9,8.7,2.1,0,0,0,0.1,0.1,0,0,0,0,0,0,0,0.3,0.1,0,0.1,3.8,17.5
2023,Sudeste,Urbana,Privada,99,99.3,98.5,99.1,99.4,99.3,99.4,99.4,98.7,98.5,98.4,98.3,97.3,96.1,97.9,99,84.4,80.4,1,0.7,1.5,0.8,0.5,0.7,0.6,0.6,1.3,1.5,1.6,1.7,2.3,3.8,2.1,0.9,10.9,2.1,0,0,0,0.1,0.1,0,0,0,0,0,0,0,0.4,0.1,0,0.1,4.7,17.5
2023,Sudeste,Rural,Privada,98.4,98.7,97.9,98.2,98.4,98.5,99.2,99.2,97.8,97.9,98.2,97.7,96.3,95,96.7,97.8,97.8,--,1.5,1.3,1.9,1.7,1.6,1.5,0.8,0.8,2.1,1.9,1.6,2,2.5,3.5,2,1.7,1.6,--,0.1,0,0.2,0.1,0,0,0,0,0.1,0.2,0.2,0.3,1.2,1.5,1.3,0.5,0.6,--
2023,Sudeste,Total,Pública,96.4,97.9,94.6,98.7,98.2,96.6,98,98,94.6,94.9,94.3,94.6,89.4,86.1,89.2,93.6,94.6,93.5,3,1.9,4.4,0.9,1.6,3.2,1.8,1.8,4.7,4.3,4.5,4,6.6,9.4,6.6,3.2,3.6,2.5,0.6,0.2,1,0.4,0.2,0.2,0.2,0.2,0.7,0.8,1.2,1.4,4,4.5,4.2,3.2,1.8,4
2023,Sudeste,Urbana,Pública,96.4,97.9,94.6,98.8,98.3,96.6,98,98,94.7,94.9,94.3,94.6,89.3,86,89.1,93.5,94.5,93.5,3,1.8,4.3,0.9,1.5,3.2,1.8,1.7,4.7,4.3,4.4,4,6.6,9.5,6.6,3.2,3.7,2.5,0.6,0.3,1.1,0.3,0.2,0.2,0.2,0.3,0.6,0.8,1.3,1.4,4.1,4.5,4.3,3.3,1.8,4
2023,Sudeste,Rural,Pública,96.1,97.1,94.2,98.3,97.3,95.7,97,97.2,92.8,94.1,94,95.9,93,90.2,93.4,95.9,98.2,95.8,3.6,2.8,5.1,1.5,2.6,4.3,2.9,2.7,6.7,5.4,5,3.1,4.7,7.2,4.2,2.3,0,1.1,0.3,0.1,0.7,0.2,0.1,0,0.1,0.1,0.5,0.5,1,1,2.3,2.6,2.4,1.8,1.8,3.1
2023,Sul,Total,Total,95.8,97.1,94.1,99.2,97.5,95.3,96.7,96.5,93.9,93.7,93.6,95.3,88.4,83.7,88.8,94.1,94.1,75.8,3.9,2.8,5.3,0.6,2.4,4.6,3.1,3.3,5.7,5.8,5.6,3.8,7.6,11.9,6.9,2.8,3,7,0.3,0.1,0.6,0.2,0.1,0.1,0.2,0.2,0.4,0.5,0.8,0.9,4,4.4,4.3,3.1,2.9,17.2
2023,Sul,Urbana,Total,95.8,97.1,94.1,99.2,97.5,95.3,96.8,96.6,94,93.7,93.6,95.2,88.2,83.5,88.7,94.1,94.5,74.7,3.9,2.8,5.2,0.6,2.4,4.5,3.1,3.2,5.6,5.8,5.6,3.9,7.7,12.1,7,2.8,2.9,7.4,0.3,0.1,0.7,0.2,0.1,0.2,0.1,0.2,0.4,0.5,0.8,0.9,4.1,4.4,4.3,3.1,2.6,17.9
2023,Sul,Rural,Total,95.6,96.8,93.6,99.3,97.7,94.7,96.1,96.1,92.8,93.1,92.9,95.5,91.2,88,91.7,95.4,83.8,97.7,4,3.1,5.5,0.6,2.2,5.3,3.8,3.8,6.7,6.1,5.8,3.2,5.6,8.5,5,2.5,4.8,0,0.4,0.1,0.9,0.1,0.1,0,0.1,0.1,0.5,0.8,1.3,1.3,3.2,3.5,3.3,2.1,11.4,2.3
2023,Sul,Total,Federal,97,100,96.3,100,100,100,100,100,96.9,95.1,96,96.9,90.1,87.9,89.7,93.3,92.3,86.6,3,0,3.7,0,0,0,0,0,3.1,4.9,4,3.1,8.3,10.5,8.7,5.3,6,12.3,0,0,0,0,0,0,0,0,0,0,0,0,1.6,1.6,1.6,1.4,1.7,1.1
2023,Sul,Urbana,Federal,97,100,96.3,100,100,100,100,100,96.9,95.1,96,96.9,89.9,87.9,89.2,93,92.3,80.5,3,0,3.7,0,0,0,0,0,3.1,4.9,4,3.1,8.5,10.5,9,5.5,5.9,19.5,0,0,0,0,0,0,0,0,0,0,0,0,1.6,1.6,1.8,1.5,1.8,0
2023,Sul,Rural,Federal,--,--,--,--,--,--,--,--,--,--,--,--,91.7,87.9,92.6,95.6,91.6,96.9,--,--,--,--,--,--,--,--,--,--,--,--,7.1,10.5,6.6,3.8,7,0,--,--,--,--,--,--,--,--,--,--,--,--,1.2,1.6,0.8,0.6,1.4,3.1
2023,Sul,Total,Estadual,94.5,95.3,94.2,99.1,96.1,93.9,95.6,92.5,94.5,94.1,93.6,94.7,86.9,81.7,87.4,93.3,94.6,98.9,5,4.4,5.1,0.6,3.6,5.8,4.2,7.2,5.1,5.5,5.6,4.3,8.4,13.2,7.6,3.1,2.1,0.2,0.5,0.3,0.7,0.3,0.3,0.3,0.2,0.3,0.4,0.4,0.8,1,4.7,5.1,5,3.6,3.3,0.9
2023,Sul,Urbana,Estadual,94.5,95.2,94.2,99.1,96.1,93.8,95.6,92.4,94.5,94,93.6,94.6,86.8,81.4,87.2,93.2,95.2,98.8,5,4.5,5.2,0.6,3.7,5.9,4.1,7.3,5.2,5.5,5.7,4.4,8.5,13.4,7.8,3.1,2,0.2,0.5,0.3,0.6,0.3,0.2,0.3,0.3,0.3,0.3,0.5,0.7,1,4.7,5.2,5,3.7,2.8,1
2023,Sul,Rural,Estadual,95.2,95.8,94.9,99,97,95.1,95.3,93.3,94.9,94.7,94.4,95.6,90.9,87.7,91.4,95.3,79.8,100,4.1,3.9,4.2,0.7,2.9,4.7,4.5,6.4,4.7,4.6,4.6,3.1,5.5,8.4,4.9,2.4,3.6,0,0.7,0.3,0.9,0.3,0.1,0.2,0.2,0.3,0.4,0.7,1,1.3,3.6,3.9,3.7,2.3,16.6,0
2023,Sul,Total,Municipal,95.7,96.9,91.7,99.2,97.4,94.8,96.5,97,90.7,90.8,91.1,95,78.8,69.8,85.8,86,92.7,44.8,4,2.9,7.3,0.7,2.5,5.1,3.4,2.8,8.8,8.4,7.6,3.8,14.7,19.6,7.9,10.5,2.7,55.2,0.3,0.2,1,0.1,0.1,0.1,0.1,0.2,0.5,0.8,1.3,1.2,6.5,10.6,6.3,3.5,4.6,0
2023,Sul,Urbana,Municipal,95.7,97,91.7,99.1,97.3,94.8,96.5,97,90.7,90.7,91.1,94.9,76.9,66.1,84.9,85.1,92.6,44.8,4,2.9,7.4,0.7,2.6,5.1,3.4,2.8,8.8,8.5,7.7,3.9,16.2,21.9,8.7,11.4,2.7,55.2,0.3,0.1,0.9,0.2,0.1,0.1,0.1,0.2,0.5,0.8,1.2,1.2,6.9,12,6.4,3.5,4.7,0
2023,Sul,Rural,Municipal,95.7,96.9,92.1,99.3,97.8,94.6,96.3,96.7,90.6,91.4,91.2,95.5,89.7,87.7,89.7,92.6,100,--,4,3,6.9,0.6,2.2,5.4,3.7,3.2,8.9,7.9,7.2,3.3,6,8.2,4.5,4.6,0,--,0.3,0.1,1,0.1,0,0,0,0.1,0.5,0.7,1.6,1.2,4.3,4.1,5.8,2.8,0,--
2023,Sul,Total,Privada,99.1,99.4,98.6,99.6,99.5,99.2,99.4,99.4,98.9,98.6,98.5,98.3,96.7,95.9,97.7,99.1,98.4,73.1,0.9,0.6,1.4,0.4,0.5,0.8,0.6,0.6,1.1,1.4,1.5,1.7,2.5,4,2.2,0.8,0,5.4,0,0,0,0,0,0,0,0,0,0,0,0,0.8,0.1,0.1,0.1,1.6,21.5
2023,Sul,Urbana,Privada,99.1,99.4,98.6,99.6,99.5,99.2,99.4,99.4,98.9,98.6,98.5,98.3,96.7,95.9,97.7,99.1,98.4,73.1,0.9,0.6,1.4,0.4,0.5,0.8,0.6,0.6,1.1,1.4,1.5,1.7,2.5,4,2.2,0.8,0,5.4,0,0,0,0,0,0,0,0,0,0,0,0,0.8,0.1,0.1,0.1,1.6,21.5
2023,Sul,Rural,Privada,98.5,99.1,97.6,100,100,98.3,98.2,98.7,97.5,97.9,98.1,97.1,96.5,94.9,96.2,99.1,--,--,1.5,0.8,2.4,0,0,1.7,1.2,1.3,2.5,2.1,1.9,2.9,3.1,5,3.3,0.5,--,--,0,0.1,0,0,0,0,0.6,0,0,0,0,0,0.4,0.1,0.5,0.4,--,--
2023,Sul,Total,Pública,95.2,96.6,93.4,99.1,97.1,94.6,96.3,96.1,93.1,92.9,92.8,94.8,87,81.9,87.4,93.3,94.1,86,4.4,3.2,5.9,0.7,2.7,5.3,3.6,3.7,6.5,6.5,6.3,4.2,8.4,13.1,7.7,3.2,3,13.2,0.4,0.2,0.7,0.2,0.2,0.1,0.1,0.2,0.4,0.6,0.9,1,4.6,5,4.9,3.5,2.9,0.8
2023,Sul,Urbana,Pública,95.2,96.6,93.4,99.1,97.1,94.6,96.3,96.1,93.2,92.9,92.8,94.7,86.8,81.6,87.3,93.2,94.5,82.6,4.4,3.2,5.9,0.7,2.8,5.2,3.5,3.7,6.4,6.5,6.3,4.3,8.6,13.3,7.8,3.2,3,16.9,0.4,0.2,0.7,0.2,0.1,0.2,0.2,0.2,0.4,0.6,0.9,1,4.6,5.1,4.9,3.6,2.5,0.5
2023,Sul,Rural,Pública,95.5,96.8,93.6,99.3,97.7,94.6,96.1,96.1,92.8,93.1,92.9,95.5,91,87.7,91.5,95.3,83.8,97.7,4.1,3.2,5.5,0.6,2.2,5.3,3.8,3.8,6.8,6.2,5.8,3.2,5.7,8.6,5.1,2.6,4.8,0,0.4,0,0.9,0.1,0.1,0.1,0.1,0.1,0.4,0.7,1.3,1.3,3.3,3.7,3.4,2.1,11.4,2.3
2023,Centro-Oeste,Total,Total,97,97.4,96.4,99.3,97.8,95.5,97.2,97.4,96.5,95.9,97,96.4,93.5,93,93.1,95.6,82.7,80.2,2.7,2.5,3,0.5,2.1,4.4,2.7,2.5,3,3.5,2.4,2.8,4.4,4.9,4.9,2.9,13.7,6.7,0.3,0.1,0.6,0.2,0.1,0.1,0.1,0.1,0.5,0.6,0.6,0.8,2.1,2.1,2,1.5,3.6,13.1
2023,Centro-Oeste,Urbana,Total,97.1,97.5,96.6,99.3,97.9,95.6,97.3,97.5,96.8,96.1,97.1,96.5,93.5,93.1,93.1,95.6,81.4,74.5,2.6,2.4,2.8,0.5,2,4.3,2.5,2.3,2.8,3.4,2.2,2.8,4.4,4.8,4.9,2.9,15.2,8.7,0.3,0.1,0.6,0.2,0.1,0.1,0.2,0.2,0.4,0.5,0.7,0.7,2.1,2.1,2,1.5,3.4,16.8
2023,Centro-Oeste,Rural,Total,95.1,96,93.8,98.9,96.5,94.1,95.5,95.2,92.8,93.4,94.2,94.9,93.4,91.3,93.1,95.8,90.8,97.1,4.3,3.7,5.2,0.8,3.3,5.6,4.2,4.4,6.2,5.6,4.6,4.1,4.8,6.7,4.8,3,4,0.9,0.6,0.3,1,0.3,0.2,0.3,0.3,0.4,1,1,1.2,1,1.8,2,2.1,1.2,5.2,2
2023,Centro-Oeste,Total,Federal,98,--,98,--,--,--,--,--,98.6,97.6,98.2,97.9,90.9,87.5,92.8,94.4,91.5,89.2,2,--,2,--,--,--,--,--,1.4,2.4,1.8,2.1,7,11,6.4,4.2,7.7,1.5,0,--,0,--,--,--,--,--,0,0,0,0,2.1,1.5,0.8,1.4,0.8,9.3
2023,Centro-Oeste,Urbana,Federal,98,--,98,--,--,--,--,--,98.6,97.6,98.2,97.9,90.9,88.2,92.9,93.8,91.5,86.9,2,--,2,--,--,--,--,--,1.4,2.4,1.8,2.1,6.9,10.4,6.4,4.6,7.7,1.9,0,--,0,--,--,--,--,--,0,0,0,0,2.2,1.4,0.7,1.6,0.8,11.2
2023,Centro-Oeste,Rural,Federal,--,--,--,--,--,--,--,--,--,--,--,--,91.2,85.3,92.6,97.3,--,97.7,--,--,--,--,--,--,--,--,--,--,--,--,7.6,12.9,6.5,2.4,--,0,--,--,--,--,--,--,--,--,--,--,--,--,1.2,1.8,0.9,0.3,--,2.3
2023,Centro-Oeste,Total,Estadual,96.7,95.9,96.9,98.3,98.8,89.5,99,95.1,97.7,96.3,97.7,96.2,93.1,92.8,92.3,95.1,80.6,83.1,2.8,4,2.4,1.4,1.1,10.3,0.9,4.7,1.9,3.1,1.7,2.9,4.6,4.8,5.2,3.2,15.1,12,0.5,0.1,0.7,0.3,0.1,0.2,0.1,0.2,0.4,0.6,0.6,0.9,2.3,2.4,2.5,1.7,4.3,4.9
2023,Centro-Oeste,Urbana,Estadual,96.7,95.8,96.9,98.2,98.8,89.3,98.9,95,97.6,96.3,97.6,96.3,93.1,92.8,92.3,95.1,78.7,74.7,2.8,4.1,2.4,1.5,1.1,10.6,0.9,4.8,1.9,3.1,1.7,2.9,4.7,4.8,5.3,3.2,17.2,18.6,0.5,0.1,0.7,0.3,0.1,0.1,0.2,0.2,0.5,0.6,0.7,0.8,2.2,2.4,2.4,1.7,4.1,6.7
2023,Centro-Oeste,Rural,Estadual,96.9,96.7,97.1,99,98.8,91.5,99.1,95.9,97.9,97.1,97.9,95.5,93.5,92.6,92.8,95.1,90.8,97,2.8,3.2,2.6,0.7,1.1,8.3,0.8,4,1.9,2.5,1.7,4.2,4.3,5.2,4.8,3.5,4,1.1,0.3,0.1,0.3,0.3,0.1,0.2,0.1,0.1,0.2,0.4,0.4,0.3,2.2,2.2,2.4,1.4,5.2,1.9
2023,Centro-Oeste,Total,Municipal,96.4,97.2,93.3,99.4,97.1,95.9,96.2,97.4,93,92.7,93.1,95.2,92.8,88.5,95.7,96.7,--,--,3.3,2.6,5.8,0.5,2.8,3.9,3.6,2.4,6.3,6.5,5.9,3.5,5.6,9.8,2.7,1.6,--,--,0.3,0.2,0.9,0.1,0.1,0.2,0.2,0.2,0.7,0.8,1,1.3,1.6,1.7,1.6,1.7,--,--
2023,Centro-Oeste,Urbana,Municipal,96.7,97.3,93.8,99.4,97.2,96,96.4,97.7,93.7,93.3,93.7,95.5,93.4,91.2,94.7,95.7,--,--,3.1,2.5,5.4,0.4,2.7,3.8,3.5,2.2,5.8,6.1,5.5,3.3,4.3,6.5,3.1,2.2,--,--,0.2,0.2,0.8,0.2,0.1,0.2,0.1,0.1,0.5,0.6,0.8,1.2,2.3,2.3,2.2,2.1,--,--
2023,Centro-Oeste,Rural,Municipal,94.1,95.8,90.5,98.9,95.8,94.9,94.3,95,88.8,89.7,90.3,94,91,80.8,98.2,100,--,--,5.1,3.9,7.7,0.8,4,4.8,5.2,4.5,9.6,8.7,7.6,4.1,9,19.2,1.8,0,--,--,0.8,0.3,1.8,0.3,0.2,0.3,0.5,0.5,1.6,1.6,2.1,1.9,0,0,0,0,--,--
2023,Centro-Oeste,Total,Privada,99.1,99.5,98.5,99.7,99.6,99.4,99.4,99.5,98.8,98.6,98.5,98.1,96.6,96.4,97.6,98.7,--,62.8,0.9,0.4,1.5,0.2,0.3,0.6,0.6,0.5,1.2,1.4,1.4,1.8,2.3,3.5,2.3,1.2,--,0.1,0,0.1,0,0.1,0.1,0,0,0,0,0,0.1,0.1,1.1,0.1,0.1,0.1,--,37.1
2023,Centro-Oeste,Urbana,Privada,99.1,99.5,98.5,99.7,99.6,99.4,99.4,99.5,98.8,98.6,98.5,98.2,96.6,96.4,97.6,98.7,--,62.8,0.9,0.4,1.5,0.2,0.3,0.6,0.6,0.5,1.2,1.4,1.4,1.8,2.3,3.5,2.3,1.2,--,0.1,0,0.1,0,0.1,0.1,0,0,0,0,0,0.1,0,1.1,0.1,0.1,0.1,--,37.1
2023,Centro-Oeste,Rural,Privada,98.5,99.3,98,100,100,100,99.4,97.2,98.2,97.5,98.4,97.9,98.2,96.4,98.4,100,--,--,1.5,0.7,2,0,0,0,0.6,2.8,1.2,2.5,1.6,2.1,1.6,3.2,1.4,0,--,--,0,0,0,0,0,0,0,0,0.6,0,0,0,0.2,0.4,0.2,0,--,--
2023,Centro-Oeste,Total,Pública,96.5,96.9,96.1,99.2,97.4,94.7,96.7,96.9,96.1,95.4,96.7,96.1,93,92.5,92.3,95,82.7,85.1,3,2.9,3.2,0.6,2.5,5.2,3.1,2.9,3.4,3.9,2.6,3,4.8,5.1,5.3,3.3,13.7,8.5,0.5,0.2,0.7,0.2,0.1,0.1,0.2,0.2,0.5,0.7,0.7,0.9,2.2,2.4,2.4,1.7,3.6,6.4
2023,Centro-Oeste,Urbana,Pública,96.7,97,96.2,99.2,97.5,94.7,96.9,97.1,96.4,95.6,96.9,96.2,93,92.6,92.3,95,81.4,79.4,2.9,2.8,3.1,0.6,2.4,5.1,3,2.8,3.1,3.8,2.4,2.9,4.8,5,5.3,3.3,15.2,12.2,0.4,0.2,0.7,0.2,0.1,0.2,0.1,0.1,0.5,0.6,0.7,0.9,2.2,2.4,2.4,1.7,3.4,8.4
2023,Centro-Oeste,Rural,Pública,95.1,96,93.7,98.9,96.4,94,95.4,95.2,92.8,93.3,94.1,94.8,93.1,91,92.8,95.5,90.8,97.1,4.3,3.7,5.2,0.8,3.3,5.6,4.2,4.4,6.3,5.7,4.6,4.1,4.9,6.9,5,3.3,4,0.9,0.6,0.3,1.1,0.3,0.3,0.4,0.4,0.4,0.9,1,1.3,1.1,2,2.1,2.2,1.2,5.2,2
2023,Rondônia,Total,Total,96.1,96.7,95.5,99.3,97.8,94.4,95.2,96.2,95,95.6,95.3,96,91,89.1,91.3,93.9,97.5,94.5,3.2,3.1,3.2,0.5,2,5.4,4.6,3.5,4,3.4,3.1,2.2,5.1,6.5,4.9,2.8,1.3,0,0.7,0.2,1.3,0.2,0.2,0.2,0.2,0.3,1,1,1.6,1.8,3.9,4.4,3.8,3.3,1.2,5.5
2023,Rondônia,Urbana,Total,96.5,96.9,96,99.3,97.9,94.8,95.7,96.8,95.9,96.3,95.9,96.1,91,89.1,91.3,93.9,--,94.5,2.8,2.9,2.8,0.6,2,5.1,4.1,3.1,3.3,2.9,2.7,2.2,5.1,6.6,5,2.9,--,0,0.7,0.2,1.2,0.1,0.1,0.1,0.2,0.1,0.8,0.8,1.4,1.7,3.9,4.3,3.7,3.2,--,5.5
2023,Rondônia,Rural,Total,93.8,95.2,91.7,99.5,97.8,92.6,92.2,93.2,89.5,91.3,91.7,94.9,91.1,89.4,91.1,94,97.5,--,5.1,4.3,6.1,0.3,1.9,7,7.2,5.8,8.8,6.7,5.9,2.5,3.8,5.4,3,1.7,1.3,--,1.1,0.5,2.2,0.2,0.3,0.4,0.6,1,1.7,2,2.4,2.6,5.1,5.2,5.9,4.3,1.2,--
2023,Rondônia,Total,Federal,--,--,--,--,--,--,--,--,--,--,--,--,94.8,93.8,93.6,97.5,--,--,--,--,--,--,--,--,--,--,--,--,--,--,5,5.9,6.3,2.4,--,--,--,--,--,--,--,--,--,--,--,--,--,--,0.2,0.3,0.1,0.1,--,--
2023,Rondônia,Urbana,Federal,--,--,--,--,--,--,--,--,--,--,--,--,94.5,94.2,92.4,97.3,--,--,--,--,--,--,--,--,--,--,--,--,--,--,5.3,5.6,7.5,2.6,--,--,--,--,--,--,--,--,--,--,--,--,--,--,0.2,0.2,0.1,0.1,--,--
2023,Rondônia,Rural,Federal,--,--,--,--,--,--,--,--,--,--,--,--,95.7,92.7,97.4,98.4,--,--,--,--,--,--,--,--,--,--,--,--,--,--,4,6.8,2.3,1.6,--,--,--,--,--,--,--,--,--,--,--,--,--,--,0.3,0.5,0.3,0,--,--
2023,Rondônia,Total,Estadual,96,96.9,95.9,99.6,97.7,95.2,96.8,96.1,95.9,96.1,95.8,95.8,90.4,88.5,90.7,93.3,--,92.6,2.6,2.7,2.6,0.2,2.2,4.5,3,3.1,3,2.7,2.5,2.1,5.1,6.5,4.9,2.9,--,0,1.4,0.4,1.5,0.2,0.1,0.3,0.2,0.8,1.1,1.2,1.7,2.1,4.5,5,4.4,3.8,--,7.4
2023,Rondônia,Urbana,Estadual,96.3,97.6,96.1,99.9,97.5,96.7,97.4,97.3,96.1,96.4,96.1,96,90.5,88.6,90.8,93.4,--,92.6,2.5,2.3,2.5,0.1,2.3,3.1,2.6,2.5,3,2.6,2.4,2.2,5.2,6.6,5,3,--,0,1.2,0.1,1.4,0,0.2,0.2,0,0.2,0.9,1,1.5,1.8,4.3,4.8,4.2,3.6,--,7.4
2023,Rondônia,Rural,Estadual,91.9,93,91.5,98.5,98.4,90.6,91.3,89.7,92.3,90.4,90.9,92.4,87.8,86.1,87.7,91.6,--,--,4,5.2,3.4,0.4,1.3,8.7,6.5,6,4,4.7,3.3,1.2,3.5,5.4,2.8,0.2,--,--,4.1,1.8,5.1,1.1,0.3,0.7,2.2,4.3,3.7,4.9,5.8,6.4,8.7,8.5,9.5,8.2,--,--
2023,Rondônia,Total,Municipal,95.6,96.3,91.5,99.2,97.6,93.7,94.3,95.8,89.5,90.9,90.9,95.9,--,--,--,--,--,--,4.1,3.5,7.6,0.6,2.1,6.1,5.4,4,9.9,8.5,7.9,2.7,--,--,--,--,--,--,0.3,0.2,0.9,0.2,0.3,0.2,0.3,0.2,0.6,0.6,1.2,1.4,--,--,--,--,--,--
2023,Rondônia,Urbana,Municipal,96.1,96.5,91.3,99.1,97.6,93.9,94.8,96.2,91.3,90.1,89.5,95.4,--,--,--,--,--,--,3.7,3.3,7.7,0.7,2.1,5.9,5,3.6,8.4,9.2,8.8,2.6,--,--,--,--,--,--,0.2,0.2,1,0.2,0.3,0.2,0.2,0.2,0.3,0.7,1.7,2,--,--,--,--,--,--
2023,Rondônia,Rural,Municipal,94,95.3,91.6,99.6,97.6,92.7,91.9,93.5,87.8,91.3,91.6,96.1,--,--,--,--,--,--,5.5,4.4,7.6,0.3,2.1,7,7.6,6,11.4,8,7.3,2.8,--,--,--,--,--,--,0.5,0.3,0.8,0.1,0.3,0.3,0.5,0.5,0.8,0.7,1.1,1.1,--,--,--,--,--,--
2023,Rondônia,Total,Privada,98.6,99.1,98,99.9,99.3,98.3,99,99.1,98.4,98.3,97.4,97.7,95.1,92.8,96.4,97.2,97.5,100,1.4,0.9,2,0.1,0.7,1.7,1,0.9,1.6,1.7,2.4,2.2,4.4,6.7,3.1,2.3,1.3,0,0,0,0,0,0,0,0,0,0,0,0.2,0.1,0.5,0.5,0.5,0.5,1.2,0
2023,Rondônia,Urbana,Privada,98.8,99.1,98.2,99.9,99.3,98.3,98.9,99.1,98.6,98.4,97.6,98,95.4,92.5,97.1,98.1,--,100,1.2,0.9,1.7,0.1,0.7,1.7,1.1,0.9,1.4,1.6,2.2,1.8,4.4,7.3,2.8,1.7,--,0,0,0,0.1,0,0,0,0,0,0,0,0.2,0.2,0.2,0.2,0.1,0.2,--,0
2023,Rondônia,Rural,Privada,97.2,99.3,95.2,100,99.4,99.3,100,98,94.8,96.3,95.5,94.4,93.7,94.5,92.3,92.3,97.5,--,2.8,0.7,4.8,0,0.6,0.7,0,2,5.2,3.7,4.5,5.6,4.1,3.6,4.5,6,1.3,--,0,0,0,0,0,0,0,0,0,0,0,0,2.2,1.9,3.2,1.7,1.2,--
2023,Rondônia,Total,Pública,95.8,96.3,95.2,99.2,97.6,93.9,94.6,95.8,94.7,95.4,95.1,95.8,90.7,88.8,90.9,93.7,--,92.6,3.4,3.4,3.3,0.6,2.1,5.9,5.1,3.9,4.3,3.5,3.2,2.2,5.1,6.5,5,2.8,--,0,0.8,0.3,1.5,0.2,0.3,0.2,0.3,0.3,1,1.1,1.7,2,4.2,4.7,4.1,3.5,--,7.4
2023,Rondônia,Urbana,Pública,96.2,96.6,95.8,99.2,97.6,94.2,95.1,96.4,95.6,96,95.7,96,90.7,88.9,90.9,93.6,--,92.6,3.1,3.2,2.9,0.6,2.2,5.6,4.7,3.5,3.5,3,2.8,2.2,5.2,6.5,5.2,2.9,--,0,0.7,0.2,1.3,0.2,0.2,0.2,0.2,0.1,0.9,1,1.5,1.8,4.1,4.6,3.9,3.5,--,7.4
2023,Rondônia,Rural,Pública,93.6,95.1,91.5,99.5,97.7,92.4,91.8,93,89.2,91,91.4,95,90.4,88.1,90.8,94.3,--,--,5.2,4.4,6.2,0.3,2,7.3,7.5,6,9,6.9,6,2.3,3.7,5.8,2.6,0.8,--,--,1.2,0.5,2.3,0.2,0.3,0.3,0.7,1,1.8,2.1,2.6,2.7,5.9,6.1,6.6,4.9,--,--
2023,Acre,Total,Total,93.6,94.9,91.8,98.5,93.7,94,93.8,94.9,91.5,92.1,91,92.8,87.7,83.1,89.9,94,--,80.4,3.9,3.6,4.3,0,5.1,4.7,4.6,3.5,5.1,4.3,4.4,3.2,6.2,9.8,5.5,2.5,--,1.3,2.5,1.5,3.9,1.5,1.2,1.3,1.6,1.6,3.4,3.6,4.6,4,6.1,7.1,4.6,3.5,--,18.3
2023,Acre,Urbana,Total,96,97.2,94.5,99.7,95.7,96.5,96.6,97.6,94,94.9,93.6,95.6,89.3,83.9,90.7,95.4,--,88.6,3.3,2.6,4.2,0,4.1,3.3,3.2,2.3,4.9,4.2,4.7,3.1,7.4,11.7,6.1,2.8,--,0,0.7,0.2,1.3,0.3,0.2,0.2,0.2,0.1,1.1,0.9,1.7,1.3,3.3,4.4,3.2,1.8,--,11.4
2023,Acre,Rural,Total,88.7,90.5,86.2,96,89.6,89,88.2,90.1,86.4,86.6,85.6,86.2,83.2,80.4,86.8,87.5,--,80.3,5.1,5.6,4.4,0.1,7.1,7.6,7.5,5.6,5.5,4.4,3.9,3.4,2.6,3.7,3,1.4,--,1.3,6.2,3.9,9.4,3.9,3.3,3.4,4.3,4.3,8.1,9,10.5,10.4,14.2,15.9,10.2,11.1,--,18.4
2023,Acre,Total,Federal,88,100,80.8,100,100,100,100,100,85.7,82,73.6,83.3,94.3,92.3,94.7,97.4,--,--,12,0,19.2,0,0,0,0,0,14.3,18,26.4,16.7,4.3,5.8,3.8,2.4,--,--,0,0,0,0,0,0,0,0,0,0,0,0,1.4,1.9,1.5,0.2,--,--
2023,Acre,Urbana,Federal,88,100,80.8,100,100,100,100,100,85.7,82,73.6,83.3,93.2,90.1,93.7,97.4,--,--,12,0,19.2,0,0,0,0,0,14.3,18,26.4,16.7,5.1,7.5,4.5,2.3,--,--,0,0,0,0,0,0,0,0,0,0,0,0,1.7,2.4,1.8,0.3,--,--
2023,Acre,Rural,Federal,--,--,--,--,--,--,--,--,--,--,--,--,98.1,98.5,97.8,97.1,--,--,--,--,--,--,--,--,--,--,--,--,--,--,1.5,1,1.4,2.9,--,--,--,--,--,--,--,--,--,--,--,--,--,--,0.4,0.5,0.8,0,--,--
2023,Acre,Total,Estadual,93,94.9,91.8,97.5,93.9,94.5,94.1,94.8,91.7,91.9,90.8,92.6,86.8,81.7,89.2,93.4,--,80.3,3.8,3,4.2,0.1,4.4,3.9,3.4,2.9,4.7,4.2,4.6,3.3,6.6,10.5,5.8,2.7,--,1.3,3.2,2.1,4,2.4,1.7,1.6,2.5,2.3,3.6,3.9,4.6,4.1,6.6,7.8,5,3.9,--,18.4
2023,Acre,Urbana,Estadual,95.7,97.3,94.7,99.7,95.5,96.4,97.1,98.2,94.5,95,93.6,95.7,88.4,82.5,90.1,94.9,--,100,3.5,2.5,4.1,0,4.3,3.4,2.7,1.6,4.6,4.1,4.8,3,8,12.7,6.5,3,--,0,0.8,0.2,1.2,0.3,0.2,0.2,0.2,0.2,0.9,0.9,1.6,1.3,3.6,4.8,3.4,2.1,--,0
2023,Acre,Rural,Estadual,86.3,89,84.7,92.1,89.6,89.3,86.8,87.5,85.2,85.1,83.9,84.2,82.5,79.3,86.1,87.1,--,80.3,4.5,4.3,4.6,0.2,4.7,5.3,5.3,5.5,5.1,4.5,4.3,4.3,2.6,3.8,3.1,1.3,--,1.3,9.2,6.7,10.7,7.7,5.7,5.4,7.9,7,9.7,10.4,11.8,11.5,14.9,16.9,10.8,11.6,--,18.4
2023,Acre,Total,Municipal,93.7,94.4,89.8,98.9,93,93.1,92.8,94.4,87.8,90.5,89.7,91.6,--,--,--,--,--,--,4.6,4.5,5.4,0,6,5.7,6,4.2,8.6,5.6,3.9,2.4,--,--,--,--,--,--,1.7,1.1,4.8,1.1,1,1.2,1.2,1.4,3.6,3.9,6.4,6,--,--,--,--,--,--
2023,Acre,Urbana,Municipal,95.7,96.6,87.8,99.7,95.2,96,95.6,96.7,84.5,89.4,87.9,90.9,--,--,--,--,--,--,3.7,3.1,8.4,0,4.6,3.7,4.1,3.2,11.6,8.2,6.9,5.4,--,--,--,--,--,--,0.6,0.3,3.8,0.3,0.2,0.3,0.3,0.1,3.9,2.4,5.2,3.7,--,--,--,--,--,--
2023,Acre,Rural,Municipal,91.2,91.3,90.9,97.9,89.6,88.9,88.9,91.5,89.9,91.1,90.6,92.1,--,--,--,--,--,--,5.8,6.4,3.8,0.1,8.3,8.8,8.7,5.6,6.8,4.1,2.4,0.8,--,--,--,--,--,--,3,2.3,5.3,2,2.1,2.3,2.4,2.9,3.3,4.8,7,7.1,--,--,--,--,--,--
2023,Acre,Total,Privada,99.6,99.8,99.3,100,99.8,99.8,99.8,99.7,99.4,99.6,99.1,99.1,96.8,97,95.7,98.1,--,87.5,0.4,0.2,0.7,0,0.1,0.2,0.2,0.3,0.6,0.4,0.9,0.9,1.6,2.2,2,0.7,--,0,0,0,0,0,0.1,0,0,0,0,0,0,0,1.6,0.8,2.3,1.2,--,12.5
2023,Acre,Urbana,Privada,99.6,99.8,99.3,100,99.8,99.8,99.8,99.7,99.4,99.6,99.1,99.1,96.8,97,95.7,98.1,--,87.5,0.4,0.2,0.7,0,0.1,0.2,0.2,0.3,0.6,0.4,0.9,0.9,1.6,2.2,2,0.7,--,0,0,0,0,0,0.1,0,0,0,0,0,0,0,1.6,0.8,2.3,1.2,--,12.5
2023,Acre,Total,Pública,93.3,94.6,91.4,98.4,93.4,93.7,93.4,94.6,91.1,91.6,90.6,92.4,87.2,82.3,89.5,93.6,--,80.3,4.1,3.8,4.5,0,5.3,5,4.9,3.6,5.3,4.5,4.6,3.3,6.5,10.2,5.7,2.7,--,1.3,2.6,1.6,4.1,1.6,1.3,1.3,1.7,1.8,3.6,3.9,4.8,4.3,6.3,7.5,4.8,3.7,--,18.4
2023,Acre,Urbana,Pública,95.7,96.9,94.1,99.7,95.4,96.2,96.3,97.4,93.6,94.5,93.1,95.3,88.6,83,90.2,95.1,--,100,3.6,2.8,4.5,0,4.4,3.5,3.4,2.4,5.2,4.5,5,3.2,7.9,12.4,6.4,3,--,0,0.7,0.3,1.4,0.3,0.2,0.3,0.3,0.2,1.2,1,1.9,1.5,3.5,4.6,3.4,1.9,--,0
2023,Acre,Rural,Pública,88.7,90.5,86.2,96,89.6,89,88.2,90.1,86.4,86.6,85.6,86.2,83.2,80.4,86.8,87.5,--,80.3,5.1,5.6,4.4,0.1,7.1,7.6,7.5,5.6,5.5,4.4,3.9,3.4,2.6,3.7,3,1.4,--,1.3,6.2,3.9,9.4,3.9,3.3,3.4,4.3,4.3,8.1,9,10.5,10.4,14.2,15.9,10.2,11.1,--,18.4
2023,Amazonas,Total,Total,95.6,97,93.8,99,99,94.7,98.2,94.2,93.3,93.8,93.8,94.5,89.6,87.2,89.3,93.3,--,77.2,3.1,2.3,4.1,0.2,0.3,4.6,1.2,4.9,5.1,4.2,4,3.1,6.2,7.8,6.5,3.6,--,0,1.3,0.7,2.1,0.8,0.7,0.7,0.6,0.9,1.6,2,2.2,2.4,4.2,5,4.2,3.1,--,22.8
2023,Amazonas,Urbana,Total,96.9,98.1,95.3,99.5,99.4,96.2,99.1,96.3,95.2,95.3,95.1,95.8,89.8,87.2,89.5,93.7,--,77.2,2.5,1.5,3.6,0.1,0.2,3.4,0.6,3.3,4.1,3.7,3.7,3,6.5,8.4,7,3.6,--,0,0.6,0.4,1.1,0.4,0.4,0.4,0.3,0.4,0.7,1,1.2,1.2,3.7,4.4,3.5,2.7,--,22.8
2023,Amazonas,Rural,Total,91.8,93.7,89.3,97.6,97.5,90.4,95.3,88.2,87.8,89.2,89.8,90.6,89,87.4,88.8,91.4,--,--,5,4.4,5.7,0.4,0.8,7.9,2.9,9.4,8.1,5.9,5,3.4,4.5,5.3,4.5,3.6,--,--,3.2,1.9,5,2,1.7,1.7,1.8,2.4,4.1,4.9,5.2,6,6.5,7.3,6.7,5,--,--
2023,Amazonas,Total,Federal,98.4,--,98.4,--,--,--,--,--,98.7,98.9,98.8,97.3,91.8,88.3,93.9,93.5,--,--,1.6,--,1.6,--,--,--,--,--,1.3,1.1,1.2,2.7,7.7,10.9,5.8,5.9,--,--,0,--,0,--,--,--,--,--,0,0,0,0,0.5,0.8,0.3,0.6,--,--
2023,Amazonas,Urbana,Federal,98.4,--,98.4,--,--,--,--,--,98.7,98.9,98.8,97.3,91.4,87.7,93.7,93.2,--,--,1.6,--,1.6,--,--,--,--,--,1.3,1.1,1.2,2.7,8,11.4,6,6.2,--,--,0,--,0,--,--,--,--,--,0,0,0,0,0.6,0.9,0.3,0.6,--,--
2023,Amazonas,Rural,Federal,--,--,--,--,--,--,--,--,--,--,--,--,94.6,92.9,95.2,96.4,--,--,--,--,--,--,--,--,--,--,--,--,--,--,5.1,6.8,4.8,3,--,--,--,--,--,--,--,--,--,--,--,--,--,--,0.3,0.3,0,0.6,--,--
2023,Amazonas,Total,Estadual,95.8,97.7,94.7,99.7,99.8,94.7,99.8,95.4,94.8,94.6,94.5,94.9,89.2,86.7,88.8,92.9,--,--,3.5,2.1,4.3,0,0,5.1,0.1,4.3,4.6,4.5,4.4,3.7,6.3,7.9,6.7,3.6,--,--,0.7,0.2,1,0.3,0.2,0.2,0.1,0.3,0.6,0.9,1.1,1.4,4.5,5.4,4.5,3.5,--,--
2023,Amazonas,Urbana,Estadual,96,97.9,94.9,99.8,99.9,94.8,99.8,96,95.1,94.8,94.7,95.2,89.3,86.6,88.8,93.3,--,--,3.3,1.9,4.2,0,0,5,0,3.8,4.4,4.3,4.4,3.7,6.7,8.5,7.3,3.6,--,--,0.7,0.2,0.9,0.2,0.1,0.2,0.2,0.2,0.5,0.9,0.9,1.1,4,4.9,3.9,3.1,--,--
2023,Amazonas,Rural,Estadual,91.9,93.6,91.2,98.2,99.1,91.8,99.3,83.9,90.5,91.4,91.7,91.3,88.8,87.2,88.6,91.3,--,--,5.7,5.8,5.7,0.4,0.2,8.2,0.3,15.4,7.2,5.9,5.5,4.4,4.5,5.2,4.5,3.6,--,--,2.4,0.6,3.1,1.4,0.7,0,0.4,0.7,2.3,2.7,2.8,4.3,6.7,7.6,6.9,5.1,--,--
2023,Amazonas,Total,Municipal,95.1,96.5,92.6,98.9,98.7,94.3,97.5,93.3,91.7,92.6,92.7,93.6,--,--,--,--,--,--,3.2,2.5,4.4,0.2,0.4,4.8,1.6,5.5,5.9,4.4,3.9,2.6,--,--,--,--,--,--,1.7,1,3,0.9,0.9,0.9,0.9,1.2,2.4,3,3.4,3.8,--,--,--,--,--,--
2023,Amazonas,Urbana,Municipal,97,97.9,95.1,99.4,99.3,96.3,98.7,96,94.6,95,95.1,96.1,--,--,--,--,--,--,2.2,1.6,3.4,0.1,0.2,3.3,0.9,3.5,4.4,3.4,3.2,2.1,--,--,--,--,--,--,0.8,0.5,1.5,0.5,0.5,0.4,0.4,0.5,1,1.6,1.7,1.8,--,--,--,--,--,--
2023,Amazonas,Rural,Municipal,91.7,93.7,89,97.6,97.5,90.3,95.2,88.4,87.5,88.9,89.5,90.4,--,--,--,--,--,--,4.9,4.4,5.7,0.4,0.8,7.9,3,9.1,8.2,5.9,4.9,3.2,--,--,--,--,--,--,3.4,1.9,5.3,2,1.7,1.8,1.8,2.5,4.3,5.2,5.6,6.4,--,--,--,--,--,--
2023,Amazonas,Total,Privada,99.1,99.3,98.6,99.4,99.4,99.1,99.4,99.3,99.1,98.8,98.1,98.5,96.9,96.3,96.2,99,--,77.2,0.8,0.6,1.3,0.4,0.4,0.8,0.6,0.7,0.8,1.1,1.8,1.5,2.7,3.5,3.4,0.8,--,0,0.1,0.1,0.1,0.2,0.2,0.1,0,0,0.1,0.1,0.1,0,0.4,0.2,0.4,0.2,--,22.8
2023,Amazonas,Urbana,Privada,99.1,99.3,98.7,99.4,99.4,99.1,99.4,99.3,99.1,98.8,98.1,98.5,96.8,96.2,96.2,98.9,--,77.2,0.8,0.6,1.3,0.4,0.4,0.8,0.6,0.7,0.8,1.1,1.8,1.5,2.7,3.6,3.4,0.8,--,0,0.1,0.1,0,0.2,0.2,0.1,0,0,0.1,0.1,0.1,0,0.5,0.2,0.4,0.3,--,22.8
2023,Amazonas,Rural,Privada,97.2,97.2,97.2,100,100,100,100,88.2,95.8,95.2,96.8,100,100,100,100,100,--,--,2.8,2.8,2.8,0,0,0,0,11.8,4.2,4.8,3.2,0,0,0,0,0,--,--,0,0,0,0,0,0,0,0,0,0,0,0,0,0,0,0,--,--
2023,Amazonas,Total,Pública,95.3,96.8,93.5,99,98.9,94.4,98.1,93.8,93,93.5,93.5,94.2,89.3,86.8,89,93,--,--,3.3,2.4,4.3,0.2,0.3,4.9,1.2,5.2,5.4,4.4,4.2,3.2,6.3,8,6.7,3.7,--,--,1.4,0.8,2.2,0.8,0.8,0.7,0.7,1,1.6,2.1,2.3,2.6,4.4,5.2,4.3,3.3,--,--
2023,Amazonas,Urbana,Pública,96.6,97.9,95,99.5,99.5,95.9,99,96,94.8,94.9,94.8,95.5,89.4,86.7,89,93.3,--,--,2.6,1.7,3.8,0.1,0.2,3.7,0.6,3.6,4.4,3.9,3.9,3.1,6.8,8.6,7.2,3.8,--,--,0.8,0.4,1.2,0.4,0.3,0.4,0.4,0.4,0.8,1.2,1.3,1.4,3.8,4.7,3.8,2.9,--,--
2023,Amazonas,Rural,Pública,91.8,93.7,89.3,97.6,97.5,90.4,95.3,88.2,87.8,89.2,89.8,90.5,88.9,87.3,88.7,91.4,--,--,5,4.4,5.7,0.4,0.8,7.9,2.9,9.4,8.1,5.9,5,3.4,4.5,5.3,4.5,3.6,--,--,3.2,1.9,5,2,1.7,1.7,1.8,2.4,4.1,4.9,5.2,6.1,6.6,7.4,6.8,5,--,--
2023,Roraima,Total,Total,94.6,96.3,92.2,97.9,96.7,95.6,95.4,95.6,93,92.9,92.5,90.1,88,83.4,90.4,91.5,70.4,74.3,4.1,3.1,5.7,1.3,2.6,3.9,4.1,3.7,5.7,5.5,4.8,6.6,7.7,11,6.2,5.1,25.9,13.3,1.3,0.6,2.1,0.8,0.7,0.5,0.5,0.7,1.3,1.6,2.7,3.3,4.3,5.6,3.4,3.4,3.7,12.4
2023,Roraima,Urbana,Total,95,96.7,92.6,97.8,96.8,95.6,95.9,96.9,93.7,93,93.2,90.2,88.1,82.5,91.1,91.7,--,74.3,4.1,2.8,5.9,1.5,2.6,3.9,3.6,2.6,5.4,5.7,5.1,7.4,8.8,13.1,6.8,5.8,--,13.3,0.9,0.5,1.5,0.7,0.6,0.5,0.5,0.5,0.9,1.3,1.7,2.4,3.1,4.4,2.1,2.5,--,12.4
2023,Roraima,Rural,Total,93.6,95.2,91,98.1,96.3,95.4,94,92.1,91.1,92.7,90.5,89.6,87.6,86.2,87.5,90.7,70.4,--,4.3,3.8,5,0.6,2.8,3.7,5.4,6.8,6.7,4.8,4,4.2,3.7,4.5,3.6,2.2,25.9,--,2.1,1,4,1.3,0.9,0.9,0.6,1.1,2.2,2.5,5.5,6.2,8.7,9.3,8.9,7.1,3.7,--
2023,Roraima,Total,Federal,98.4,99.2,97.9,100,100,100,100,96.2,97.8,95.7,100,98,92.1,88.7,92.8,96.4,65.2,--,1.6,0.8,2.1,0,0,0,0,3.8,2.2,4.3,0,2,5.3,6.3,5.7,2.6,30.4,--,0,0,0,0,0,0,0,0,0,0,0,0,2.6,5,1.5,1,4.4,--
2023,Roraima,Urbana,Federal,98.4,99.2,97.9,100,100,100,100,96.2,97.8,95.7,100,98,92.1,86.9,92.1,98.1,--,--,1.6,0.8,2.1,0,0,0,0,3.8,2.2,4.3,0,2,4.8,6.9,6.2,0.8,--,--,0,0,0,0,0,0,0,0,0,0,0,0,3.1,6.2,1.7,1.1,--,--
2023,Roraima,Rural,Federal,--,--,--,--,--,--,--,--,--,--,--,--,92.1,92.6,94.7,92.8,65.2,--,--,--,--,--,--,--,--,--,--,--,--,--,6.4,4.8,4.6,6.6,30.4,--,--,--,--,--,--,--,--,--,--,--,--,--,1.5,2.6,0.7,0.6,4.4,--
2023,Roraima,Total,Estadual,92.1,93.9,91.7,96.5,96.2,95.4,92.7,88.5,92.8,92.5,92.1,89.5,87.2,82.4,90,90.6,--,74.3,5.7,4.5,6,1.3,2.4,3.1,6.2,9.7,5.9,5.8,5.1,7,8.1,11.7,6.3,5.5,--,13.3,2.2,1.6,2.3,2.2,1.4,1.5,1.1,1.8,1.3,1.7,2.8,3.5,4.7,5.9,3.7,3.9,--,12.4
2023,Roraima,Urbana,Estadual,92.1,100,92.1,100,--,--,--,100,93.5,92.5,92.6,89.7,87.3,81.4,90.7,90.6,--,74.3,6.3,0,6.3,0,--,--,--,0,5.7,6.1,5.5,7.8,9.4,14,7,6.6,--,13.3,1.6,0,1.6,0,--,--,--,0,0.8,1.4,1.9,2.5,3.3,4.6,2.3,2.8,--,12.4
2023,Roraima,Rural,Estadual,92.2,93.9,90.8,96.5,96.2,95.4,92.7,88.5,91.1,92.4,90.4,89,87.1,85.6,86.8,90.3,--,--,4.8,4.5,5,1.3,2.4,3.1,6.2,9.7,6.5,4.9,4,4.4,3.5,4.5,3.5,1.6,--,--,3,1.6,4.2,2.2,1.4,1.5,1.1,1.8,2.4,2.7,5.6,6.6,9.4,9.9,9.7,8.1,--,--
2023,Roraima,Total,Municipal,96.2,96.4,92.9,97.9,96.5,95.3,95.5,96.5,91.6,94.2,94.5,93,--,--,--,--,--,--,3.2,3.1,5,1.4,2.9,4.3,4.1,3,6.2,4.6,3,3.7,--,--,--,--,--,--,0.6,0.5,2.1,0.7,0.6,0.4,0.4,0.5,2.2,1.2,2.5,3.3,--,--,--,--,--,--
2023,Roraima,Urbana,Municipal,96.2,96.3,92.1,97.6,96.5,95.2,95.6,96.7,91.9,92.6,95.8,87.8,--,--,--,--,--,--,3.2,3.1,5.4,1.7,2.8,4.3,4,2.8,5.6,5.7,2.4,7.5,--,--,--,--,--,--,0.6,0.6,2.5,0.7,0.7,0.5,0.4,0.5,2.5,1.7,1.8,4.7,--,--,--,--,--,--
2023,Roraima,Rural,Municipal,96.2,96.4,94.3,99.4,96.4,95.4,95.1,95.4,90.7,96.3,93.2,98,--,--,--,--,--,--,3.3,3.2,4.2,0.1,3.2,4.3,4.6,4,8.3,3.2,3.7,0,--,--,--,--,--,--,0.5,0.4,1.5,0.5,0.4,0.3,0.3,0.6,1,0.5,3.1,2,--,--,--,--,--,--
2023,Roraima,Total,Privada,98.8,99.6,97.6,99.3,100,99.5,99.8,99.4,97.4,98.3,98.3,96.2,96,94.7,95.5,98.2,100,--,1.1,0.3,2.4,0.1,0,0.5,0.2,0.6,2.6,1.6,1.7,3.6,3.9,5.3,4.5,1.3,0,--,0.1,0.1,0,0.6,0,0,0,0,0,0.1,0,0.2,0.1,0,0,0.5,0,--
2023,Roraima,Urbana,Privada,98.8,99.6,97.6,99.3,100,99.5,99.8,99.4,97.4,98.3,98.3,96.2,95.9,94.6,95.5,98.2,--,--,1.1,0.3,2.4,0.1,0,0.5,0.2,0.6,2.6,1.6,1.7,3.6,3.9,5.4,4.5,1.3,--,--,0.1,0.1,0,0.6,0,0,0,0,0,0.1,0,0.2,0.2,0,0,0.5,--,--
2023,Roraima,Rural,Privada,--,--,--,--,--,--,--,--,--,--,--,--,100,100,100,100,100,--,--,--,--,--,--,--,--,--,--,--,--,--,0,0,0,0,0,--,--,--,--,--,--,--,--,--,--,--,--,--,0,0,0,0,0,--
2023,Roraima,Total,Pública,94.3,96,91.8,97.8,96.4,95.3,95.1,95.4,92.7,92.6,92.2,89.7,87.6,82.8,90.2,91,65.2,74.3,4.3,3.3,5.9,1.4,2.8,4.1,4.4,3.9,5.9,5.8,5,6.8,7.9,11.3,6.3,5.3,30.4,13.3,1.4,0.7,2.3,0.8,0.8,0.6,0.5,0.7,1.4,1.6,2.8,3.5,4.5,5.9,3.5,3.7,4.4,12.4
2023,Roraima,Urbana,Pública,94.6,96.4,92.1,97.6,96.5,95.2,95.6,96.7,93.3,92.5,92.8,89.7,87.6,81.7,90.8,91.2,--,74.3,4.4,3.1,6.2,1.7,2.8,4.3,3.9,2.8,5.6,6.1,5.4,7.7,9.1,13.6,6.9,6.1,--,13.3,1,0.5,1.7,0.7,0.7,0.5,0.5,0.5,1.1,1.4,1.8,2.6,3.3,4.7,2.3,2.7,--,12.4
2023,Roraima,Rural,Pública,93.6,95.2,91,98.1,96.3,95.4,94,92.1,91.1,92.7,90.5,89.6,87.6,86.2,87.4,90.6,65.2,--,4.3,3.8,5,0.6,2.8,3.7,5.4,6.8,6.7,4.8,4,4.2,3.7,4.5,3.6,2.2,30.4,--,2.1,1,4,1.3,0.9,0.9,0.6,1.1,2.2,2.5,5.5,6.2,8.7,9.3,9,7.2,4.4,--
2023,Pará,Total,Total,91.3,92.9,89.2,98.9,98,90.4,90.2,88.3,86.7,87.9,90.3,92.6,98.7,99.4,99.7,96.2,100,91.8,7,6.4,7.7,0.4,1.6,9.1,9,10.6,10.8,8.9,6.3,4.3,0.9,0.4,0.3,2.6,0,0,1.7,0.7,3.1,0.7,0.4,0.5,0.8,1.1,2.5,3.2,3.4,3.1,0.4,0.2,0,1.2,0,8.2
2023,Pará,Urbana,Total,94,95.2,92.5,99.1,98.2,93,93.2,93,91,91.4,93.3,94.7,99,99.4,99.7,97.4,99.9,89.3,4.9,4.3,5.7,0.3,1.4,6.5,6.2,6.3,7.6,6.7,4.8,3.4,0.8,0.5,0.3,1.9,0.1,0,1.1,0.5,1.8,0.6,0.4,0.5,0.6,0.7,1.4,1.9,1.9,1.9,0.2,0.1,0,0.7,0,10.7
2023,Pará,Rural,Total,85.9,88.7,82.3,98.5,97.6,85.4,84.8,80,78.2,80.8,83.9,87.8,97.6,99.7,99.8,91,100,100,11.1,10.3,12.1,0.7,1.9,13.9,14.1,18.2,17.4,13.4,9.4,6.3,1.5,0.1,0.1,5.9,0,0,3,1,5.6,0.8,0.5,0.7,1.1,1.8,4.4,5.8,6.7,5.9,0.9,0.2,0.1,3.1,0,0
2023,Pará,Total,Federal,97.3,98.9,96.6,98.6,100,100,98.3,98,98.1,98.7,96,94,91.1,88,92.7,93.4,98.5,--,2.6,0.9,3.3,0,0,0,1.7,2,1.9,1.3,4,5.7,7.1,9.5,6.2,5,1.5,--,0.1,0.2,0.1,1.4,0,0,0,0,0,0,0,0.3,1.8,2.5,1.1,1.6,0,--
2023,Pará,Urbana,Federal,97.3,98.9,96.6,98.6,100,100,98.3,98,98.1,98.7,96,94,91.1,87.9,92.8,93.3,98.5,--,2.6,0.9,3.3,0,0,0,1.7,2,1.9,1.3,4,5.7,7.3,9.9,6.1,5.1,1.5,--,0.1,0.2,0.1,1.4,0,0,0,0,0,0,0,0.3,1.6,2.2,1.1,1.6,0,--
2023,Pará,Rural,Federal,--,--,--,--,--,--,--,--,--,--,--,--,91.2,89.9,90.1,95.6,--,--,--,--,--,--,--,--,--,--,--,--,--,--,3.7,2.5,6.9,1.5,--,--,--,--,--,--,--,--,--,--,--,--,--,--,5.1,7.6,3,2.9,--,--
2023,Pará,Total,Estadual,99.2,99.6,99.1,100,100,99.1,100,99.2,100,98.3,100,98.1,99,100,100,96,100,100,0.6,0.3,0.7,0,0,0.7,0,0.7,0,1.2,0,1.3,0.7,0,0,2.8,0,0,0.2,0.1,0.2,0,0,0.2,0,0.1,0,0.5,0,0.6,0.3,0,0,1.2,0,0
2023,Pará,Urbana,Estadual,99.3,99.7,99.2,100,100,99.2,100,99.3,100,98.5,100,98.3,99.3,100,100,97.3,100,100,0.5,0.3,0.6,0,0,0.6,0,0.6,0,1.1,0,1.2,0.5,0,0,1.9,0,0,0.2,0,0.2,0,0,0.2,0,0.1,0,0.4,0,0.5,0.2,0,0,0.8,0,0
2023,Pará,Rural,Estadual,98.2,97,98.3,100,100,93.8,100,93.9,100,97,100,96.4,97.9,100,100,91.3,100,100,1.3,2.8,1.2,0,0,6.2,0,5.6,0,2,0,2.9,1.5,0,0,6,0,0,0.5,0.2,0.5,0,0,0,0,0.5,0,1,0,0.7,0.6,0,0,2.7,0,0
2023,Pará,Total,Municipal,89.3,91.8,85.8,98.8,97.7,88.8,88.6,86.3,82.8,84.4,86.7,90.3,100,100,100,100,--,--,8.6,7.4,10.2,0.5,1.8,10.6,10.5,12.4,14,11.5,8.5,5.5,0,0,0,0,--,--,2.1,0.8,4,0.7,0.5,0.6,0.9,1.3,3.2,4.1,4.8,4.2,0,0,0,0,--,--
2023,Pará,Urbana,Municipal,91.8,93.9,88.9,99,97.7,91.1,91.3,91.1,86.9,87.6,89.5,92.4,100,100,100,100,--,--,6.7,5.4,8.4,0.3,1.8,8.3,8,8,11,9.6,7.4,4.9,0,0,0,0,--,--,1.5,0.7,2.7,0.7,0.5,0.6,0.7,0.9,2.1,2.8,3.1,2.7,0,0,0,0,--,--
2023,Pará,Rural,Municipal,85.5,88.6,81.2,98.5,97.6,85.4,84.7,80,77,79.8,82.7,87.1,--,--,--,--,--,--,11.3,10.3,12.8,0.7,1.9,13.9,14.2,18.3,18.3,14.2,10.1,6.5,--,--,--,--,--,--,3.2,1.1,6,0.8,0.5,0.7,1.1,1.7,4.7,6,7.2,6.4,--,--,--,--,--,--
2023,Pará,Total,Privada,99,99.2,98.6,99.1,99.5,99.2,99.3,99.1,98.4,98.4,98.8,98.7,97.8,97.2,98.4,98.3,--,85.9,0.9,0.6,1.3,0.4,0.4,0.7,0.6,0.8,1.5,1.4,1.1,1.2,1.4,2.1,1.2,0.8,--,0,0.1,0.2,0.1,0.5,0.1,0.1,0.1,0.1,0.1,0.2,0.1,0.1,0.8,0.7,0.4,0.9,--,14.1
2023,Pará,Urbana,Privada,99,99.2,98.6,99.1,99.5,99.2,99.3,99.1,98.4,98.5,98.8,98.8,98.3,97.7,98.7,99,--,81.1,0.9,0.6,1.3,0.4,0.4,0.7,0.6,0.8,1.5,1.4,1.1,1.1,1.3,2.1,1.1,0.7,--,0,0.1,0.2,0.1,0.5,0.1,0.1,0.1,0.1,0.1,0.1,0.1,0.1,0.4,0.2,0.2,0.3,--,18.9
2023,Pará,Rural,Privada,94.6,97.2,92.1,100,100,92.5,100,93.7,95.4,91.8,92.3,87.5,83.3,84.9,88.2,69.9,--,100,4.4,2.8,5.8,0,0,7.5,0,6.3,3.8,6.2,5.1,9.1,2.7,1.8,4.6,2.7,--,0,1,0,2.1,0,0,0,0,0,0.8,2,2.6,3.4,14,13.3,7.2,27.4,--,0
2023,Pará,Total,Pública,90.5,92.3,88.4,98.9,97.8,89.4,89.3,87.2,85.7,87,89.4,92,98.8,99.6,99.8,96,100,100,7.6,7,8.3,0.4,1.7,10,9.9,11.6,11.7,9.6,6.8,4.6,0.9,0.3,0.2,2.8,0,0,1.9,0.7,3.3,0.7,0.5,0.6,0.8,1.2,2.6,3.4,3.8,3.4,0.3,0.1,0,1.2,0,0
2023,Pará,Urbana,Pública,93.2,94.5,91.7,99.1,98,92,92.2,92,90,90.4,92.4,94.2,99,99.6,99.8,97.1,99.9,100,5.6,4.9,6.3,0.3,1.6,7.5,7.2,7.2,8.4,7.4,5.3,3.8,0.7,0.3,0.2,2,0.1,0,1.2,0.6,2,0.6,0.4,0.5,0.6,0.8,1.6,2.2,2.3,2,0.3,0.1,0,0.9,0,0
2023,Pará,Rural,Pública,85.9,88.7,82.3,98.5,97.6,85.4,84.7,80,78.1,80.8,83.8,87.8,97.8,99.9,100,91.4,100,100,11.1,10.3,12.1,0.7,1.9,13.9,14.1,18.2,17.4,13.4,9.4,6.3,1.5,0,0,5.9,0,0,3,1,5.6,0.8,0.5,0.7,1.2,1.8,4.5,5.8,6.8,5.9,0.7,0.1,0,2.7,0,0
2023,Amapá,Total,Total,91.4,93.3,88.8,98.7,98.9,89.6,89.9,89.8,85.1,88.6,90.6,91.9,86.6,82.2,88.6,90.6,--,97.1,7.5,6.1,9.4,0.7,0.8,9.8,9.4,9.5,13.1,9.8,7.5,6.3,8.6,11.9,6.7,5.9,--,0,1.1,0.6,1.8,0.6,0.3,0.6,0.7,0.7,1.8,1.6,1.9,1.8,4.8,5.9,4.7,3.5,--,2.9
2023,Amapá,Urbana,Total,92.1,94.5,89.1,98.9,99.1,90.7,91.8,92.1,85.3,88.8,90.8,92.3,87.3,83.1,89.5,90.9,--,--,7,5,9.6,0.4,0.5,8.8,7.7,7.2,13.2,10.1,7.8,6.3,8.8,12.1,6.8,6.2,--,--,0.9,0.5,1.3,0.7,0.4,0.5,0.5,0.7,1.5,1.1,1.4,1.4,3.9,4.8,3.7,2.9,--,--
2023,Amapá,Rural,Total,88.6,89.3,87.4,97.7,98,86.1,84.1,82.6,84,87.7,89.6,89.7,82,76.9,82.8,88.9,--,97.1,9.5,10,8.7,1.5,1.7,13.4,14.8,16.4,12.9,8.3,6,6,7.5,10.9,5.9,4,--,0,1.9,0.7,3.9,0.8,0.3,0.5,1.1,1,3.1,4,4.4,4.3,10.5,12.2,11.3,7.1,--,2.9
2023,Amapá,Total,Federal,--,--,--,--,--,--,--,--,--,--,--,--,96.4,95.9,95.8,97.1,--,--,--,--,--,--,--,--,--,--,--,--,--,--,3.4,3.9,4.2,2.6,--,--,--,--,--,--,--,--,--,--,--,--,--,--,0.2,0.2,0,0.3,--,--
2023,Amapá,Urbana,Federal,--,--,--,--,--,--,--,--,--,--,--,--,96.4,95.9,95.8,97.1,--,--,--,--,--,--,--,--,--,--,--,--,--,--,3.4,3.9,4.2,2.6,--,--,--,--,--,--,--,--,--,--,--,--,--,--,0.2,0.2,0,0.3,--,--
2023,Amapá,Total,Estadual,89.2,90.7,88.5,98.8,98.9,86.4,85.2,86.8,85,88.5,90.1,91.3,84.9,80.3,87.3,89,--,100,9.3,8.7,9.6,0.5,0.7,13.1,14.1,12.4,13.2,9.7,7.8,6.7,9.6,13.2,7.4,6.8,--,0,1.5,0.6,1.9,0.7,0.4,0.5,0.7,0.8,1.8,1.8,2.1,2,5.5,6.5,5.3,4.2,--,0
2023,Amapá,Urbana,Estadual,89.7,92.3,88.7,99.3,99.5,86.7,87.2,90.5,85.1,88.5,90.2,91.7,85.4,80.9,88.1,89,--,--,9.1,7.2,9.8,0.1,0,12.8,12.4,9,13.4,10.2,8.2,6.9,10,13.6,7.7,7.3,--,--,1.2,0.5,1.5,0.6,0.5,0.5,0.4,0.5,1.5,1.3,1.6,1.4,4.6,5.5,4.2,3.7,--,--
2023,Amapá,Rural,Estadual,87.9,88,87.8,98,97.8,85.9,81.8,80.9,84.5,88.4,89.8,89.8,82,76.9,82.7,89,--,100,9.7,11.2,8.5,1.2,2.1,13.7,17.1,17.8,12.6,8,6,6,7.6,11.2,6,3.8,--,0,2.4,0.8,3.7,0.8,0.1,0.4,1.1,1.3,2.9,3.6,4.2,4.2,10.4,11.9,11.3,7.2,--,0
2023,Amapá,Total,Municipal,92.4,93.4,79.8,98.4,98.6,89.7,90.8,89.9,73,78.3,85.8,88.2,--,--,--,--,--,--,6.8,5.9,17.9,0.9,0.9,9.7,8.5,9.3,24.2,19.7,12.4,9.4,--,--,--,--,--,--,0.8,0.7,2.3,0.7,0.5,0.6,0.7,0.8,2.8,2,1.8,2.4,--,--,--,--,--,--
2023,Amapá,Urbana,Municipal,93,94.2,79.4,98.6,98.8,90.6,92,91.4,72.9,78,85.4,87.4,--,--,--,--,--,--,6.3,5.1,18.7,0.6,0.8,8.8,7.4,7.8,24.8,20.7,13.2,10.1,--,--,--,--,--,--,0.7,0.7,1.9,0.8,0.4,0.6,0.6,0.8,2.3,1.3,1.4,2.5,--,--,--,--,--,--
2023,Amapá,Rural,Municipal,90,90.4,82.7,97.5,98.2,86.2,86.3,84.2,74.2,80.3,88.3,94.8,--,--,--,--,--,--,9.1,8.9,11.7,1.7,1.4,13.1,12.7,15.2,18.8,12.9,6.4,3.9,--,--,--,--,--,--,0.9,0.7,5.6,0.8,0.4,0.7,1,0.6,7,6.8,5.3,1.3,--,--,--,--,--,--
2023,Amapá,Total,Privada,99.5,99.8,99,100,99.9,100,99.9,99.2,99.1,99.1,98.9,98.8,98.2,97.1,98.7,99.2,--,96.3,0.3,0.2,0.6,0,0,0,0.1,0.7,0.4,0.6,0.8,0.7,0.9,1.2,0.7,0.7,--,0,0.2,0,0.4,0,0.1,0,0,0.1,0.5,0.3,0.3,0.5,0.9,1.7,0.6,0.1,--,3.7
2023,Amapá,Urbana,Privada,99.7,99.8,99.6,100,99.9,100,99.9,99.2,99.7,99.7,99.3,99.6,99.5,99.2,99.5,99.9,--,--,0.2,0.2,0.3,0,0,0,0.1,0.7,0.2,0.3,0.7,0.3,0.5,0.8,0.5,0.1,--,--,0.1,0,0.1,0,0.1,0,0,0.1,0.1,0,0,0.1,0,0,0,0,--,--
2023,Amapá,Rural,Privada,75.7,--,75.7,--,--,--,--,--,76,73.3,78.3,75.7,82.1,75.6,84.8,83.9,--,96.3,12.2,--,12.2,--,--,--,--,--,12,13.3,8.7,13.5,5.8,5.8,4.3,12.9,--,0,12.1,--,12.1,--,--,--,--,--,12,13.4,13,10.8,12.1,18.6,10.9,3.2,--,3.7
2023,Amapá,Total,Pública,90.6,92.6,87.8,98.5,98.7,88.6,88.9,88.9,83.9,87.6,89.8,91.1,85.5,80.9,87.7,89.8,--,100,8.2,6.8,10.2,0.8,0.8,10.8,10.4,10.3,14.2,10.6,8.1,6.9,9.3,12.8,7.2,6.4,--,0,1.2,0.6,2,0.7,0.5,0.6,0.7,0.8,1.9,1.8,2.1,2,5.2,6.3,5.1,3.8,--,0
2023,Amapá,Urbana,Pública,91.1,93.7,87.9,98.8,99,89.5,90.6,91.2,83.9,87.5,89.9,91.4,86.2,81.7,88.5,89.9,--,--,7.9,5.7,10.6,0.5,0.6,9.9,8.8,8.1,14.5,11.2,8.6,7.1,9.5,13.1,7.5,6.8,--,--,1,0.6,1.5,0.7,0.4,0.6,0.6,0.7,1.6,1.3,1.5,1.5,4.3,5.2,4,3.3,--,--
2023,Amapá,Rural,Pública,88.7,89.3,87.6,97.7,98,86.1,84.1,82.6,84,87.9,89.7,90,82,76.9,82.7,89,--,100,9.5,10,8.6,1.5,1.7,13.4,14.8,16.4,12.9,8.3,6,5.9,7.6,11.2,6,3.8,--,0,1.8,0.7,3.8,0.8,0.3,0.5,1.1,1,3.1,3.8,4.3,4.1,10.4,11.9,11.3,7.2,--,0
2023,Tocantins,Total,Total,97.2,97.9,96.5,99.8,99.2,96.4,97,97.3,96.2,96.2,96.3,97.1,94.7,92.3,94.8,97.6,100,--,2.4,1.9,2.9,0.1,0.7,3.4,2.9,2.6,3.4,3.2,2.9,2,3.5,5.1,3.4,1.4,0,--,0.4,0.2,0.6,0.1,0.1,0.2,0.1,0.1,0.4,0.6,0.8,0.9,1.8,2.6,1.8,1,0,--
2023,Tocantins,Urbana,Total,97.6,98.2,97,99.8,99.2,96.7,97.3,97.7,96.8,96.7,96.7,97.5,94.9,92.6,94.9,97.7,100,--,2.1,1.8,2.5,0.1,0.8,3.2,2.6,2.3,2.8,2.8,2.6,1.8,3.3,4.9,3.3,1.4,0,--,0.3,0,0.5,0.1,0,0.1,0.1,0,0.4,0.5,0.7,0.7,1.8,2.5,1.8,0.9,0,--
2023,Tocantins,Rural,Total,94.8,96.4,93,99.5,98.9,94.2,94.9,94.3,91.6,92.6,93.6,94.2,92.6,89.2,93.6,96.1,--,--,4.2,3.1,5.4,0.3,0.8,5,4.8,4.9,7.6,6,4.8,3.5,4.9,7.4,4,2.3,--,--,1,0.5,1.6,0.2,0.3,0.8,0.3,0.8,0.8,1.4,1.6,2.3,2.5,3.4,2.4,1.6,--,--
2023,Tocantins,Total,Federal,--,--,--,--,--,--,--,--,--,--,--,--,91.2,87.7,90.3,97.6,--,--,--,--,--,--,--,--,--,--,--,--,--,--,8.4,12,9.4,1.9,--,--,--,--,--,--,--,--,--,--,--,--,--,--,0.4,0.3,0.3,0.5,--,--
2023,Tocantins,Urbana,Federal,--,--,--,--,--,--,--,--,--,--,--,--,91.6,88.9,90.1,97.2,--,--,--,--,--,--,--,--,--,--,--,--,--,--,8,10.7,9.4,2.3,--,--,--,--,--,--,--,--,--,--,--,--,--,--,0.4,0.4,0.5,0.5,--,--
2023,Tocantins,Rural,Federal,--,--,--,--,--,--,--,--,--,--,--,--,90.1,84.3,90.6,98.6,--,--,--,--,--,--,--,--,--,--,--,--,--,--,9.6,15.4,9.4,0.9,--,--,--,--,--,--,--,--,--,--,--,--,--,--,0.3,0.3,0,0.5,--,--
2023,Tocantins,Total,Estadual,96.9,96.8,96.9,99.1,98.9,94.2,97.3,96.4,97.4,96.8,96.5,96.8,94.6,92.3,94.7,97.5,100,--,2.3,2,2.4,0,0.2,3.9,1.9,2.5,2.1,2.5,2.6,2.2,3.3,4.8,3.3,1.5,0,--,0.8,1.2,0.7,0.9,0.9,1.9,0.8,1.1,0.5,0.7,0.9,1,2.1,2.9,2,1,0,--
2023,Tocantins,Urbana,Estadual,97.3,99.6,97.2,100,100,99.1,99.8,99.7,97.6,97.1,96.7,97.3,94.8,92.5,94.8,97.6,100,--,2.1,0.4,2.2,0,0,0.9,0.2,0.3,2,2.3,2.5,2,3.2,4.7,3.3,1.4,0,--,0.6,0,0.6,0,0,0,0,0,0.4,0.6,0.8,0.7,2,2.8,1.9,1,0,--
2023,Tocantins,Rural,Estadual,93.8,94.5,93.5,99,98.4,90.8,94.1,90.8,95.3,93.7,93.8,91.9,92.9,90.2,93.9,95.4,--,--,3.8,3.4,4,0,0.4,6,4.2,6.2,3.3,4.2,4.1,4.2,4,5.8,3.2,2.7,--,--,2.4,2.1,2.5,1,1.2,3.2,1.7,3,1.4,2.1,2.1,3.9,3.1,4,2.9,1.9,--,--
2023,Tocantins,Total,Municipal,97.1,97.8,95.1,99.8,99.1,96.1,96.7,97.1,93.6,94.4,95.4,97.7,--,--,--,--,--,--,2.7,2.2,4.4,0.1,0.8,3.8,3.2,2.8,6,5.1,4,1.7,--,--,--,--,--,--,0.2,0,0.5,0.1,0.1,0.1,0.1,0.1,0.4,0.5,0.6,0.6,--,--,--,--,--,--
2023,Tocantins,Urbana,Municipal,97.4,97.9,95.8,99.8,99.2,96.2,96.9,97.3,94.7,95.1,96,98.1,--,--,--,--,--,--,2.4,2,3.7,0.1,0.8,3.7,3,2.7,4.9,4.5,3.5,1.4,--,--,--,--,--,--,0.2,0.1,0.5,0.1,0,0.1,0.1,0,0.4,0.4,0.5,0.5,--,--,--,--,--,--
2023,Tocantins,Rural,Municipal,95.2,96.9,92.4,99.6,99,95.2,95,95.1,89,91.8,93,96.6,--,--,--,--,--,--,4.4,3,6.7,0.4,0.9,4.8,5,4.6,10.5,7.1,5.7,2.8,--,--,--,--,--,--,0.4,0.1,0.9,0,0.1,0,0,0.3,0.5,1.1,1.3,0.6,--,--,--,--,--,--
2023,Tocantins,Total,Privada,99.1,99.5,98.4,99.6,99.7,99.6,99.5,99.2,98.5,98.6,98.4,98.2,97.7,95.2,98.5,99.5,--,--,0.9,0.5,1.6,0.3,0.3,0.4,0.5,0.8,1.4,1.4,1.6,1.7,2.2,4.7,1.2,0.4,--,--,0,0,0,0.1,0,0,0,0,0.1,0,0,0.1,0.1,0.1,0.3,0.1,--,--
2023,Tocantins,Urbana,Privada,99.2,99.6,98.6,99.6,99.7,99.6,99.6,99.3,98.8,99,98.3,98.2,97.8,95.5,98.6,99.4,--,--,0.8,0.4,1.4,0.3,0.3,0.4,0.4,0.7,1.1,1,1.7,1.8,2.1,4.4,1.2,0.4,--,--,0,0,0,0.1,0,0,0,0,0.1,0,0,0,0.1,0.1,0.2,0.2,--,--
2023,Tocantins,Rural,Privada,96.6,98.6,94.7,100,100,100,97,96.9,91.3,87.2,100,100,95.2,89.3,96.7,100,--,--,3.4,1.4,5.3,0,0,0,3,3.1,8.7,12.8,0,0,4.8,10.7,3.3,0,--,--,0,0,0,0,0,0,0,0,0,0,0,0,0,0,0,0,--,--
2023,Tocantins,Total,Pública,97,97.7,96.3,99.8,99.1,96,96.7,97,96,96,96.2,97.1,94.5,92.1,94.5,97.5,100,--,2.6,2.2,3,0.1,0.8,3.9,3.2,2.8,3.6,3.3,3,2.1,3.6,5.2,3.5,1.5,0,--,0.4,0.1,0.7,0.1,0.1,0.1,0.1,0.2,0.4,0.7,0.8,0.8,1.9,2.7,2,1,0,--
2023,Tocantins,Urbana,Pública,97.4,97.9,96.8,99.8,99.2,96.3,97,97.5,96.6,96.5,96.5,97.5,94.6,92.4,94.6,97.6,100,--,2.3,2,2.6,0.1,0.8,3.7,2.9,2.5,3,3,2.7,1.8,3.4,4.9,3.5,1.4,0,--,0.3,0.1,0.6,0.1,0,0,0.1,0,0.4,0.5,0.8,0.7,2,2.7,1.9,1,0,--
2023,Tocantins,Rural,Pública,94.7,96.4,93,99.5,98.8,94.1,94.8,94.3,91.6,92.7,93.4,94.1,92.5,89.2,93.5,95.9,--,--,4.2,3.1,5.4,0.3,0.8,5.1,4.8,4.9,7.5,5.8,4.9,3.5,4.9,7.3,4,2.4,--,--,1.1,0.5,1.6,0.2,0.4,0.8,0.4,0.8,0.9,1.5,1.7,2.4,2.6,3.5,2.5,1.7,--,--
2023,Maranhão,Total,Total,95.7,97.6,93.4,99.4,99.3,97.2,96.5,95.8,92.7,92.9,92.8,95.5,92.5,90.7,92.8,94.7,91.9,97.1,3.3,2,4.8,0.2,0.4,2.5,3.1,3.7,6.1,5.5,5.1,2.4,4.1,5.3,3.9,2.9,0,2.2,1,0.4,1.8,0.4,0.3,0.3,0.4,0.5,1.2,1.6,2.1,2.1,3.4,4,3.3,2.4,8.1,0.7
2023,Maranhão,Urbana,Total,96.1,97.9,94.1,99.5,99.4,97.4,96.9,96.7,93.4,93.3,93.4,96.3,92.9,91.2,93.2,95,88.3,97.1,3,1.7,4.5,0.2,0.3,2.3,2.8,2.9,5.5,5.3,4.8,2.2,4.1,5.2,3.9,2.8,0,2.3,0.9,0.4,1.4,0.3,0.3,0.3,0.3,0.4,1.1,1.4,1.8,1.5,3,3.6,2.9,2.2,11.7,0.6
2023,Maranhão,Rural,Total,95,97.1,92.3,99.4,99.2,96.9,95.9,94.3,91.3,92.1,91.7,94.1,90.2,88,90.9,92.8,97.1,97.1,3.8,2.5,5.5,0.3,0.4,2.7,3.6,5,7.2,6,5.5,2.9,4.5,5.8,4.2,3,0,1.4,1.2,0.4,2.2,0.3,0.4,0.4,0.5,0.7,1.5,1.9,2.8,3,5.3,6.2,4.9,4.2,2.9,1.5
2023,Maranhão,Total,Federal,97.1,97.9,96.8,100,100,95,90,98.8,100,92.6,94.4,100,90.1,89.3,90.4,90.1,100,95.4,2.6,2.1,2.9,0,0,5,10,1.2,0,6.2,5.6,0,8.6,9.4,8.6,8.1,0,3.5,0.3,0,0.3,0,0,0,0,0,0,1.2,0,0,1.3,1.3,1,1.8,0,1.1
2023,Maranhão,Urbana,Federal,97.1,97.9,96.8,100,100,95,90,98.8,100,92.6,94.4,100,90,90.5,89.9,88.1,100,95.7,2.6,2.1,2.9,0,0,5,10,1.2,0,6.2,5.6,0,8.7,8.2,8.9,10,0,3.4,0.3,0,0.3,0,0,0,0,0,0,1.2,0,0,1.3,1.3,1.2,1.9,0,0.9
2023,Maranhão,Rural,Federal,--,--,--,--,--,--,--,--,--,--,--,--,90.6,85.7,91.7,95.9,--,85.7,--,--,--,--,--,--,--,--,--,--,--,--,8.3,13.1,7.4,2.9,--,7.1,--,--,--,--,--,--,--,--,--,--,--,--,1.1,1.2,0.9,1.2,--,7.2
2023,Maranhão,Total,Estadual,90.8,84.4,93.1,91.1,93.2,84.1,83.7,75.2,92,92.8,94,93.3,92.3,90.3,92.6,94.6,--,--,5.5,10.9,3.5,5.6,4.2,11.6,10.9,18.1,3.6,3.8,3.2,3.4,4.1,5.3,3.9,2.8,--,--,3.7,4.7,3.4,3.3,2.6,4.3,5.4,6.7,4.4,3.4,2.8,3.3,3.6,4.4,3.5,2.6,--,--
2023,Maranhão,Urbana,Estadual,97.7,96.1,97.8,100,99.3,96.2,88.1,96,98.3,98,97.9,97.3,92.7,90.8,93,94.9,--,--,1.6,3.9,1.5,0,0.7,3.8,11.9,4,1.1,1.3,1.5,1.9,4.1,5.2,3.9,2.7,--,--,0.7,0,0.7,0,0,0,0,0,0.6,0.7,0.6,0.8,3.2,4,3.1,2.4,--,--
2023,Maranhão,Rural,Estadual,83.4,83.3,83.6,90,92.3,83.2,83.2,74.2,83.4,82.4,85.4,82.9,89.8,87.5,90.3,92.8,--,--,9.5,11.5,7.5,6.3,4.7,12.2,10.8,18.8,7,8.9,6.7,7.3,4.5,5.9,4.2,2.9,--,--,7.1,5.2,8.9,3.7,3,4.6,6,7,9.6,8.7,7.9,9.8,5.7,6.6,5.5,4.3,--,--
2023,Maranhão,Total,Municipal,95.4,97.5,93,99.5,99.3,97,96.2,95.7,92.1,92.3,92.2,95.4,99,98.7,99.3,99.3,100,100,3.6,2.1,5.2,0.1,0.3,2.6,3.4,3.9,6.6,6,5.5,2.5,0.1,0.2,0.1,0,0,0,1,0.4,1.8,0.4,0.4,0.4,0.4,0.4,1.3,1.7,2.3,2.1,0.9,1.1,0.6,0.7,0,0
2023,Maranhão,Urbana,Municipal,95.4,97.5,93.2,99.5,99.3,96.9,96.2,96.1,92.5,92.3,92.4,95.9,98.3,97.9,99.4,100,100,--,3.5,2.1,5.1,0.1,0.4,2.8,3.3,3.4,6.3,6,5.5,2.4,0.4,0.5,0,0,0,--,1.1,0.4,1.7,0.4,0.3,0.3,0.5,0.5,1.2,1.7,2.1,1.7,1.3,1.6,0.6,0,0,--
2023,Maranhão,Rural,Municipal,95.3,97.4,92.5,99.6,99.4,97.3,96.2,95,91.5,92.4,91.9,94.5,99.3,99.1,99.3,98.8,100,100,3.6,2.3,5.4,0.2,0.3,2.4,3.5,4.6,7.2,5.9,5.4,2.7,0,0,0.1,0,0,0,1.1,0.3,2.1,0.2,0.3,0.3,0.3,0.4,1.3,1.7,2.7,2.8,0.7,0.9,0.6,1.2,0,0
2023,Maranhão,Total,Privada,98.9,99.4,98.1,99.5,99.7,99.3,99.3,99,98,97.9,98.1,98.5,96.6,94.8,97.7,98.1,81.6,100,0.9,0.5,1.7,0.3,0.2,0.6,0.6,0.9,1.8,2,1.7,1.4,1.9,3.1,1.5,0.9,0,0,0.2,0.1,0.2,0.2,0.1,0.1,0.1,0.1,0.2,0.1,0.2,0.1,1.5,2.1,0.8,1,18.4,0
2023,Maranhão,Urbana,Privada,99,99.4,98.2,99.5,99.7,99.4,99.3,99.1,98.1,98,98.3,98.5,97.9,96.7,98.5,99.2,83.2,100,0.9,0.5,1.7,0.3,0.2,0.6,0.5,0.9,1.8,2,1.6,1.4,1.6,3.1,1.2,0.4,0,0,0.1,0.1,0.1,0.2,0.1,0,0.2,0,0.1,0,0.1,0.1,0.5,0.2,0.3,0.4,16.8,0
2023,Maranhão,Rural,Privada,98.2,99,96.2,99.4,99.9,98.3,98.8,98.3,97.4,95.6,94.4,97.3,82.2,79.1,87.4,83.1,60,--,1.2,0.8,2.3,0.1,0.1,1.5,0.9,1.5,1.9,3,3.4,0.9,4.9,3.2,5.2,8.3,0,--,0.6,0.2,1.5,0.5,0,0.2,0.3,0.2,0.7,1.4,2.2,1.8,12.9,17.7,7.4,8.6,40,--
2023,Maranhão,Total,Pública,95.2,97.3,93,99.4,99.3,96.9,96.1,95.3,92.1,92.4,92.3,95.3,92.3,90.4,92.5,94.4,100,95.9,3.6,2.3,5.1,0.2,0.4,2.8,3.5,4.1,6.5,5.9,5.4,2.5,4.3,5.4,4.1,3,0,3.1,1.2,0.4,1.9,0.4,0.3,0.3,0.4,0.6,1.4,1.7,2.3,2.2,3.4,4.2,3.4,2.6,0,1
2023,Maranhão,Urbana,Pública,95.5,97.5,93.4,99.5,99.3,96.9,96.2,96.1,92.6,92.5,92.7,95.9,92.6,90.9,92.8,94.7,100,95.7,3.5,2.1,4.9,0.1,0.4,2.8,3.3,3.4,6.1,5.8,5.3,2.3,4.2,5.3,4.1,3,0,3.4,1,0.4,1.7,0.4,0.3,0.3,0.5,0.5,1.3,1.7,2,1.8,3.2,3.8,3.1,2.3,0,0.9
2023,Maranhão,Rural,Pública,94.9,97,92.2,99.3,99.2,96.9,95.9,94.3,91.2,92.1,91.7,94.1,90.5,88.4,91,93.1,100,97.1,3.8,2.5,5.5,0.3,0.4,2.7,3.7,5,7.2,6,5.5,2.9,4.5,5.9,4.1,2.8,0,1.4,1.3,0.5,2.3,0.4,0.4,0.4,0.4,0.7,1.6,1.9,2.8,3,5,5.7,4.9,4.1,0,1.5
2023,Piauí,Total,Total,97.1,98,96,99.5,99.3,97.2,97,97,94.7,95.3,96.2,97.9,96.5,94.6,96.1,99.6,--,95.5,2.4,1.7,3.1,0.3,0.6,2.5,2.6,2.6,4.5,3.8,2.7,1.3,1.5,2.3,1.6,0.2,--,3.9,0.5,0.3,0.9,0.2,0.1,0.3,0.4,0.4,0.8,0.9,1.1,0.8,2,3.1,2.3,0.2,--,0.6
2023,Piauí,Urbana,Total,97.3,98.2,96.3,99.5,99.2,97.5,97.4,97.6,95.1,95.6,96.5,98.1,96.6,94.6,96.2,99.6,--,95.5,2.2,1.5,2.9,0.3,0.6,2.3,2.3,2,4.1,3.6,2.6,1.3,1.6,2.4,1.6,0.2,--,3.9,0.5,0.3,0.8,0.2,0.2,0.2,0.3,0.4,0.8,0.8,0.9,0.6,1.8,3,2.2,0.2,--,0.6
2023,Piauí,Rural,Total,96.3,97.3,94.9,99.5,99.3,96.4,96,95.3,93.3,94.2,95.1,97.4,96,94.5,94.6,99.4,--,--,3,2.5,3.8,0.3,0.6,3.4,3.7,4.2,5.8,4.5,3.2,1.3,1,1.1,1.6,0.1,--,--,0.7,0.2,1.3,0.2,0.1,0.2,0.3,0.5,0.9,1.3,1.7,1.3,3,4.4,3.8,0.5,--,--
2023,Piauí,Total,Federal,--,--,--,--,--,--,--,--,--,--,--,--,94.5,90.2,92.2,97.3,--,95.5,--,--,--,--,--,--,--,--,--,--,--,--,4.6,7.5,6.6,2.2,--,4,--,--,--,--,--,--,--,--,--,--,--,--,0.9,2.3,1.2,0.5,--,0.5
2023,Piauí,Urbana,Federal,--,--,--,--,--,--,--,--,--,--,--,--,94.4,88.6,92,97.3,--,95.5,--,--,--,--,--,--,--,--,--,--,--,--,4.8,9.4,7.3,2.2,--,4,--,--,--,--,--,--,--,--,--,--,--,--,0.8,2,0.7,0.5,--,0.5
2023,Piauí,Rural,Federal,--,--,--,--,--,--,--,--,--,--,--,--,94.9,94.9,92.8,97.8,--,--,--,--,--,--,--,--,--,--,--,--,--,--,2.8,2,4.7,1.6,--,--,--,--,--,--,--,--,--,--,--,--,--,--,2.3,3.1,2.5,0.6,--,--
2023,Piauí,Total,Estadual,98.4,97.6,98.4,99.1,98.6,95.4,97.7,97.8,98,97.9,98.3,99.2,96.7,94.8,96.2,99.7,--,--,0.8,1.6,0.7,0,0,4.1,1.3,1.6,1.2,1.1,0.6,0.2,1.1,1.8,1.3,0,--,--,0.8,0.8,0.9,0.9,1.4,0.5,1,0.6,0.8,1,1.1,0.6,2.2,3.4,2.5,0.3,--,--
2023,Piauí,Urbana,Estadual,98.4,97.6,98.5,99.1,98.6,95.4,97.7,97.8,98.1,97.9,98.3,99.2,96.7,94.8,96.2,99.7,--,--,0.8,1.6,0.7,0,0,4.1,1.3,1.6,1.1,1.1,0.6,0.2,1.1,1.9,1.3,0,--,--,0.8,0.8,0.8,0.9,1.4,0.5,1,0.6,0.8,1,1.1,0.6,2.2,3.3,2.5,0.3,--,--
2023,Piauí,Rural,Estadual,97,--,97,--,--,--,--,--,94.1,96.3,97.2,98.5,96.1,94.4,94.8,99.5,--,--,1.5,--,1.5,--,--,--,--,--,5.9,3.7,0,0,0.7,0.9,1.2,0,--,--,1.5,--,1.5,--,--,--,--,--,0,0,2.8,1.5,3.2,4.7,4,0.5,--,--
2023,Piauí,Total,Municipal,96.7,97.7,95.2,99.5,99.2,96.9,96.6,96.6,93.6,94.4,95.5,97.8,--,--,--,--,--,--,2.7,1.9,3.7,0.3,0.6,2.9,3,2.9,5.4,4.5,3.3,1.2,--,--,--,--,--,--,0.6,0.4,1.1,0.2,0.2,0.2,0.4,0.5,1,1.1,1.2,1,--,--,--,--,--,--
2023,Piauí,Urbana,Municipal,96.8,97.9,95.3,99.6,99.2,97.1,96.9,97.1,93.7,94.5,95.6,98.1,--,--,--,--,--,--,2.6,1.7,3.7,0.2,0.6,2.6,2.7,2.4,5.3,4.5,3.3,1.2,--,--,--,--,--,--,0.6,0.4,1,0.2,0.2,0.3,0.4,0.5,1,1,1.1,0.7,--,--,--,--,--,--
2023,Piauí,Rural,Municipal,96.3,97.3,94.9,99.5,99.3,96.4,96,95.3,93.3,94.1,95.1,97.4,--,--,--,--,--,--,3,2.5,3.8,0.3,0.6,3.4,3.7,4.2,5.8,4.5,3.2,1.3,--,--,--,--,--,--,0.7,0.2,1.3,0.2,0.1,0.2,0.3,0.5,0.9,1.4,1.7,1.3,--,--,--,--,--,--
2023,Piauí,Total,Privada,98.7,99.3,97.9,99.1,99.4,99.3,99.3,99.3,98.5,97.9,97.9,97,96.9,95.1,96.3,99.5,--,97.8,1.2,0.7,2,0.8,0.6,0.7,0.7,0.7,1.4,2,2.1,2.9,2.8,4.6,3.3,0.3,--,0,0.1,0,0.1,0.1,0,0,0,0,0.1,0.1,0,0.1,0.3,0.3,0.4,0.2,--,2.2
2023,Piauí,Urbana,Privada,98.7,99.3,97.9,99.1,99.4,99.3,99.3,99.3,98.5,97.9,97.9,96.9,96.9,95.1,96.3,99.5,--,97.8,1.2,0.7,2.1,0.8,0.6,0.7,0.7,0.7,1.4,2,2.1,2.9,2.8,4.7,3.3,0.3,--,0,0.1,0,0,0.1,0,0,0,0,0.1,0.1,0,0.2,0.3,0.2,0.4,0.2,--,2.2
2023,Piauí,Rural,Privada,99,--,99,--,--,--,--,--,95.8,100,100,100,100,100,100,100,--,--,1,--,1,--,--,--,--,--,4.2,0,0,0,0,0,0,0,--,--,0,--,0,--,--,--,--,--,0,0,0,0,0,0,0,0,--,--
2023,Piauí,Total,Pública,96.8,97.7,95.7,99.5,99.2,96.9,96.6,96.6,94.1,94.9,95.9,98.1,96.5,94.6,96,99.6,--,95.5,2.6,1.9,3.3,0.3,0.6,2.9,3,2.9,5,4,2.8,1,1.4,2,1.4,0.2,--,4,0.6,0.4,1,0.2,0.2,0.2,0.4,0.5,0.9,1.1,1.3,0.9,2.1,3.4,2.6,0.2,--,0.5
2023,Piauí,Urbana,Pública,97,97.9,96,99.6,99.2,97.1,96.9,97.1,94.4,95.1,96.2,98.3,96.5,94.6,96.1,99.6,--,95.5,2.4,1.7,3.1,0.2,0.6,2.7,2.7,2.3,4.7,3.9,2.7,0.9,1.4,2.1,1.4,0.2,--,4,0.6,0.4,0.9,0.2,0.2,0.2,0.4,0.6,0.9,1,1.1,0.8,2.1,3.3,2.5,0.2,--,0.5
2023,Piauí,Rural,Pública,96.3,97.3,94.9,99.5,99.3,96.4,96,95.3,93.3,94.1,95.1,97.4,96,94.5,94.6,99.4,--,--,3,2.5,3.8,0.3,0.6,3.4,3.7,4.2,5.8,4.5,3.2,1.3,1,1.1,1.6,0.1,--,--,0.7,0.2,1.3,0.2,0.1,0.2,0.3,0.5,0.9,1.4,1.7,1.3,3,4.4,3.8,0.5,--,--
2023,Ceará,Total,Total,99.3,99.7,98.7,99.8,99.9,99.7,99.5,99.7,98.6,98.5,98.5,99.2,96.9,96,96.6,98.7,88,87.3,0.5,0.2,0.9,0.1,0.1,0.2,0.4,0.3,1.1,1.1,1.1,0.5,1.1,1.4,1.2,0.4,9.4,8.8,0.2,0.1,0.4,0.1,0,0.1,0.1,0,0.3,0.4,0.4,0.3,2,2.6,2.2,0.9,2.6,3.9
2023,Ceará,Urbana,Total,99.2,99.7,98.7,99.8,99.9,99.7,99.5,99.7,98.6,98.5,98.5,99.2,96.9,96,96.6,98.6,88,87,0.6,0.2,1,0.1,0.1,0.2,0.4,0.3,1.1,1.1,1.1,0.6,1.1,1.4,1.3,0.4,9.4,9.1,0.2,0.1,0.3,0.1,0,0.1,0.1,0,0.3,0.4,0.4,0.2,2,2.6,2.1,1,2.6,3.9
2023,Ceará,Rural,Total,99.4,99.7,98.8,100,100,99.8,99.3,99.7,98.8,98.6,98.5,99.5,97.7,96.9,97.4,99.1,--,95.2,0.5,0.3,0.8,0,0,0.2,0.6,0.3,1,1,1,0.2,0.6,0.9,0.6,0.2,--,2.9,0.1,0,0.4,0,0,0,0.1,0,0.2,0.4,0.5,0.3,1.7,2.2,2,0.7,--,1.9
2023,Ceará,Total,Federal,98.2,--,98.2,--,--,--,--,--,98.8,98.3,98.4,97.7,83.9,83.2,82.9,91.4,85.6,78.4,1.8,--,1.8,--,--,--,--,--,1.2,1.7,1.6,2.3,14.1,15.2,15.2,6.6,11.3,19.2,0,--,0,--,--,--,--,--,0,0,0,0,2,1.6,1.9,2,3.1,2.4
2023,Ceará,Urbana,Federal,98.2,--,98.2,--,--,--,--,--,98.8,98.3,98.4,97.7,83.9,84.1,83.1,91.3,85.6,76.9,1.8,--,1.8,--,--,--,--,--,1.2,1.7,1.6,2.3,14,14.1,14.9,6.6,11.3,20.7,0,--,0,--,--,--,--,--,0,0,0,0,2.1,1.8,2,2.1,3.1,2.4
2023,Ceará,Rural,Federal,--,--,--,--,--,--,--,--,--,--,--,--,83.5,74.4,80.6,93.1,--,95.2,--,--,--,--,--,--,--,--,--,--,--,--,16,25.6,19.4,6.9,--,2.9,--,--,--,--,--,--,--,--,--,--,--,--,0.5,0,0,0,--,1.9
2023,Ceará,Total,Estadual,98,99.3,97.5,99.8,100,99.7,98.6,98.7,97.9,98,97.4,97.2,97.1,96.2,96.7,98.7,100,--,0.8,0.4,1,0,0,0.3,0.9,0.8,1.2,0.8,0.8,1.1,0.8,1,1,0.3,0,--,1.2,0.3,1.5,0.2,0,0,0.5,0.5,0.9,1.2,1.8,1.7,2.1,2.8,2.3,1,0,--
2023,Ceará,Urbana,Estadual,98.2,99.7,97.9,100,100,100,98.9,99.7,98.7,99.1,98.3,97.1,97,96.1,96.6,98.7,100,--,0.7,0.2,0.8,0,0,0,0.7,0.3,0.4,0.2,0.4,1.3,0.8,1.1,1,0.3,0,--,1.1,0.1,1.3,0,0,0,0.4,0,0.9,0.7,1.3,1.6,2.2,2.8,2.4,1,0,--
2023,Ceará,Rural,Estadual,97.4,99.1,95.6,99.7,100,99.4,98.3,97.9,96.3,95.1,93,98,98,97.4,97.6,99.2,--,--,1.2,0.6,1.9,0,0,0.6,1.1,1.2,2.9,2.2,2.7,0,0.3,0.4,0.3,0.1,--,--,1.4,0.3,2.5,0.3,0,0,0.6,0.9,0.8,2.7,4.3,2,1.7,2.2,2.1,0.7,--,--
2023,Ceará,Total,Municipal,99.3,99.8,98.7,99.9,100,99.7,99.5,99.7,98.5,98.4,98.4,99.4,--,--,--,--,--,--,0.5,0.2,0.9,0,0,0.3,0.4,0.3,1.2,1.2,1.1,0.3,--,--,--,--,--,--,0.2,0,0.4,0.1,0,0,0.1,0,0.3,0.4,0.5,0.3,--,--,--,--,--,--
2023,Ceará,Urbana,Municipal,99.2,99.8,98.6,99.9,100,99.7,99.6,99.7,98.4,98.4,98.4,99.3,--,--,--,--,--,--,0.6,0.2,1,0,0,0.2,0.4,0.3,1.2,1.2,1.1,0.4,--,--,--,--,--,--,0.2,0,0.4,0.1,0,0.1,0,0,0.4,0.4,0.5,0.3,--,--,--,--,--,--
2023,Ceará,Rural,Municipal,99.4,99.8,98.9,100,100,99.8,99.4,99.7,98.8,98.7,98.6,99.5,--,--,--,--,--,--,0.5,0.2,0.8,0,0,0.2,0.6,0.3,1,1,0.9,0.2,--,--,--,--,--,--,0.1,0,0.3,0,0,0,0,0,0.2,0.3,0.5,0.3,--,--,--,--,--,--
2023,Ceará,Total,Privada,99.3,99.5,98.9,99.5,99.6,99.6,99.5,99.4,99.1,99,98.9,98.6,97.9,97.1,97.9,99.5,--,94.8,0.6,0.3,1,0.3,0.2,0.3,0.4,0.5,0.8,0.9,1,1.3,1.7,2.7,1.9,0.4,--,0,0.1,0.2,0.1,0.2,0.2,0.1,0.1,0.1,0.1,0.1,0.1,0.1,0.4,0.2,0.2,0.1,--,5.2
2023,Ceará,Urbana,Privada,99.3,99.5,98.9,99.5,99.6,99.6,99.5,99.4,99.1,99,98.9,98.6,97.9,97.1,97.9,99.5,--,94.8,0.6,0.3,1,0.3,0.2,0.3,0.4,0.5,0.8,0.9,1,1.3,1.7,2.7,1.9,0.4,--,0,0.1,0.2,0.1,0.2,0.2,0.1,0.1,0.1,0.1,0.1,0.1,0.1,0.4,0.2,0.2,0.1,--,5.2
2023,Ceará,Rural,Privada,99.3,99.4,98.4,98.9,100,98.3,100,100,94.7,100,100,100,95.4,92.6,100,95.7,--,--,0.7,0.6,1.6,1.1,0,1.7,0,0,5.3,0,0,0,0,0,0,0,--,--,0,0,0,0,0,0,0,0,0,0,0,0,4.6,7.4,0,4.3,--,--
2023,Ceará,Total,Pública,99.3,99.8,98.7,99.9,100,99.7,99.5,99.7,98.5,98.4,98.4,99.3,96.8,95.9,96.5,98.6,88,78.4,0.5,0.2,0.9,0,0,0.3,0.4,0.3,1.2,1.2,1.1,0.4,1,1.3,1.2,0.4,9.4,19.2,0.2,0,0.4,0.1,0,0,0.1,0,0.3,0.4,0.5,0.3,2.2,2.8,2.3,1,2.6,2.4
2023,Ceará,Urbana,Pública,99.2,99.8,98.6,99.9,100,99.7,99.6,99.7,98.4,98.4,98.4,99.3,96.8,95.9,96.4,98.5,88,76.9,0.6,0.2,1,0,0,0.2,0.4,0.3,1.2,1.2,1.1,0.4,1.1,1.3,1.2,0.4,9.4,20.7,0.2,0,0.4,0.1,0,0.1,0,0,0.4,0.4,0.5,0.3,2.1,2.8,2.4,1.1,2.6,2.4
2023,Ceará,Rural,Pública,99.4,99.7,98.8,100,100,99.8,99.3,99.7,98.8,98.6,98.5,99.5,97.7,96.9,97.4,99.1,--,95.2,0.5,0.3,0.8,0,0,0.2,0.6,0.3,1,1,1,0.2,0.6,0.9,0.6,0.2,--,2.9,0.1,0,0.4,0,0,0,0.1,0,0.2,0.4,0.5,0.3,1.7,2.2,2,0.7,--,1.9
2023,Rio Grande do Norte,Total,Total,89.4,94.5,83.3,99.2,98.8,96.5,88.4,90.4,77.9,81.3,85.3,90.6,79.9,72.3,82.1,87.7,92.7,85.2,9.1,5,14.1,0.4,0.8,3.1,11,8.9,19.8,16.1,11.7,6.9,12,17.4,10,7.1,6.9,0,1.5,0.5,2.6,0.4,0.4,0.4,0.6,0.7,2.3,2.6,3,2.5,8.1,10.3,7.9,5.2,0.4,14.8
2023,Rio Grande do Norte,Urbana,Total,89.6,94.8,83.7,99.2,98.8,96.9,88.7,91.4,78.5,81.8,85.6,90.5,79.9,72.2,82.1,87.7,92.8,85.2,9,4.6,13.7,0.3,0.8,2.6,10.6,7.9,19.2,15.7,11.5,6.9,12.1,17.6,10.1,7.1,6.8,0,1.4,0.6,2.6,0.5,0.4,0.5,0.7,0.7,2.3,2.5,2.9,2.6,8,10.2,7.8,5.2,0.4,14.8
2023,Rio Grande do Norte,Rural,Total,88.7,93.1,80.6,99.1,98.9,94.8,86.8,86.6,74.3,77.8,83.4,90.7,81.7,74.7,82.4,89.4,92.3,--,9.9,6.5,16.4,0.4,0.7,4.9,12.7,12.8,23.3,19.2,12.7,6.3,9,11.5,8.1,6.7,7.7,--,1.4,0.4,3,0.5,0.4,0.3,0.5,0.6,2.4,3,3.9,3,9.3,13.8,9.5,3.9,0,--
2023,Rio Grande do Norte,Total,Federal,100,100,--,100,100,100,100,100,--,--,--,--,89.1,86.4,87.1,90.8,92.7,--,0,0,--,0,0,0,0,0,--,--,--,--,10.3,13,12.1,8.7,6.9,--,0,0,--,0,0,0,0,0,--,--,--,--,0.6,0.6,0.8,0.5,0.4,--
2023,Rio Grande do Norte,Urbana,Federal,100,100,--,100,100,100,100,100,--,--,--,--,88.9,86.2,86.8,90.7,92.8,--,0,0,--,0,0,0,0,0,--,--,--,--,10.4,13.2,12.3,8.6,6.8,--,0,0,--,0,0,0,0,0,--,--,--,--,0.7,0.6,0.9,0.7,0.4,--
2023,Rio Grande do Norte,Rural,Federal,--,--,--,--,--,--,--,--,--,--,--,--,90.5,88.8,90.3,90.8,92.3,--,--,--,--,--,--,--,--,--,--,--,--,--,9.4,10.9,9.7,9,7.7,--,--,--,--,--,--,--,--,--,--,--,--,--,0.1,0.3,0,0.2,0,--
2023,Rio Grande do Norte,Total,Estadual,85.2,93.4,80.8,99.4,97,97.1,86.8,90.2,74.8,77.1,83,88.3,75.8,67.9,79.1,85.2,--,84.6,12,5.8,15.3,0,2.1,2.3,12.5,8.9,22.3,19.1,12.5,7.5,14,19.6,11,8,--,0,2.8,0.8,3.9,0.6,0.9,0.6,0.7,0.9,2.9,3.8,4.5,4.2,10.2,12.5,9.9,6.8,--,15.4
2023,Rio Grande do Norte,Urbana,Estadual,85.3,93.4,80.9,99.4,96.8,97,86.7,90,75.1,77.1,83.1,88.3,75.7,67.7,79,85.1,--,84.6,12,5.8,15.3,0,2.2,2.3,12.5,9,22.1,19.1,12.5,7.6,14.2,19.9,11.2,8.1,--,0,2.7,0.8,3.8,0.6,1,0.7,0.8,1,2.8,3.8,4.4,4.1,10.1,12.4,9.8,6.8,--,15.4
2023,Rio Grande do Norte,Rural,Estadual,84.5,94.8,79.2,100,99.6,97.8,87.5,92.2,70.5,77.1,82.2,88.1,78.2,71.5,80.7,88.3,--,--,12,4.6,15.8,0,0.4,1.1,12.2,6.4,24.9,19,12.1,5.7,9,11.8,7.8,5.2,--,--,3.5,0.6,5,0,0,1.1,0.3,1.4,4.6,3.9,5.7,6.2,12.8,16.7,11.5,6.5,--,--
2023,Rio Grande do Norte,Total,Municipal,87.2,92.9,79.3,99.1,98.9,95.3,85.1,87.6,72.5,77.3,81.7,89,--,--,--,--,--,--,11.2,6.5,17.8,0.4,0.7,4.2,14.1,11.6,24.8,19.7,14.9,8.4,--,--,--,--,--,--,1.6,0.6,2.9,0.5,0.4,0.5,0.8,0.8,2.7,3,3.4,2.6,--,--,--,--,--,--
2023,Rio Grande do Norte,Urbana,Municipal,86.7,92.9,78.9,99.1,99,95.6,84.5,88.1,72,77.2,81.3,88.5,--,--,--,--,--,--,11.6,6.5,18.1,0.4,0.7,3.8,14.5,10.9,25.1,19.8,15.5,8.9,--,--,--,--,--,--,1.7,0.6,3,0.5,0.3,0.6,1,1,2.9,3,3.2,2.6,--,--,--,--,--,--
2023,Rio Grande do Norte,Rural,Municipal,88.8,92.9,80.6,99,98.9,94.6,86.6,86.3,74.5,77.7,83.4,91,--,--,--,--,--,--,9.9,6.6,16.6,0.5,0.8,5,12.9,13.2,23.4,19.5,12.9,6.5,--,--,--,--,--,--,1.3,0.5,2.8,0.5,0.3,0.4,0.5,0.5,2.1,2.8,3.7,2.5,--,--,--,--,--,--
2023,Rio Grande do Norte,Total,Privada,98.6,99.1,97.7,99.3,99.4,99.1,99.1,98.9,97.7,97.8,97.7,97.8,95.8,95.9,97.1,97.8,--,85.3,1.3,0.7,2.1,0.4,0.5,0.8,0.8,1,2.2,2.1,2.1,2.1,2.6,3.7,2.7,1.8,--,0,0.1,0.2,0.2,0.3,0.1,0.1,0.1,0.1,0.1,0.1,0.2,0.1,1.6,0.4,0.2,0.4,--,14.7
2023,Rio Grande do Norte,Urbana,Privada,98.6,99.1,97.7,99.3,99.4,99.1,99.1,98.9,97.7,97.7,97.7,97.8,95.8,95.9,97.1,97.8,--,85.3,1.3,0.7,2.1,0.4,0.5,0.8,0.8,1,2.2,2.1,2.1,2.1,2.6,3.8,2.8,1.8,--,0,0.1,0.2,0.2,0.3,0.1,0.1,0.1,0.1,0.1,0.2,0.2,0.1,1.6,0.3,0.1,0.4,--,14.7
2023,Rio Grande do Norte,Rural,Privada,98.4,98.5,98.3,99.4,99.4,97,98.3,97.6,97.4,100,98,97.1,100,100,100,100,--,--,1.5,1.4,1.7,0,0.6,3,1.7,2.4,2.6,0,2,2.9,0,0,0,0,--,--,0.1,0.1,0,0.6,0,0,0,0,0,0,0,0,0,0,0,0,--,--
2023,Rio Grande do Norte,Total,Pública,86.8,93,79.8,99.1,98.6,95.6,85.4,88,73.2,77.3,82.2,88.7,77.4,69.3,79.9,85.9,92.7,84.6,11.4,6.4,17,0.3,0.9,3.9,13.8,11.1,24,19.5,14.1,8.1,13.5,19.1,11.1,8.1,6.9,0,1.8,0.6,3.2,0.6,0.5,0.5,0.8,0.9,2.8,3.2,3.7,3.2,9.1,11.6,9,6,0.4,15.4
2023,Rio Grande do Norte,Urbana,Pública,86.3,93,79.6,99.1,98.6,95.9,85,88.6,73,77.2,82,88.4,77.2,69.1,79.8,85.7,92.8,84.6,11.7,6.3,17.1,0.3,1,3.5,14.1,10.5,24.1,19.5,14.4,8.3,13.7,19.4,11.3,8.1,6.8,0,2,0.7,3.3,0.6,0.4,0.6,0.9,0.9,2.9,3.3,3.6,3.3,9.1,11.5,8.9,6.2,0.4,15.4
2023,Rio Grande do Norte,Rural,Pública,88.6,93,80.4,99.1,98.9,94.7,86.6,86.5,74,77.6,83.2,90.6,81.5,74.4,82.3,89.3,92.3,--,10.1,6.6,16.5,0.5,0.7,4.9,12.9,12.9,23.5,19.4,12.8,6.4,9.1,11.7,8.1,6.7,7.7,--,1.3,0.4,3.1,0.4,0.4,0.4,0.5,0.6,2.5,3,4,3,9.4,13.9,9.6,4,0,--
2023,Paraíba,Total,Total,93.7,97,89.7,99,98.5,96.3,96.1,95.3,88.5,89.2,89.1,92.5,86,82.2,86.4,91,91.4,91.4,5,2.5,7.9,0.5,1.1,3.2,3.4,4,9.5,8.6,7.9,5.1,7.5,10.6,6.9,3.8,6.7,2,1.3,0.5,2.4,0.5,0.4,0.5,0.5,0.7,2,2.2,3,2.4,6.5,7.2,6.7,5.2,1.9,6.6
2023,Paraíba,Urbana,Total,93.5,97.1,89.6,99,98.5,96.5,96.2,95.7,88.5,89,89,92.3,86.1,82.4,86.5,91,91.4,95.5,5.1,2.3,7.9,0.5,1.1,3,3.3,3.7,9.5,8.8,8,5.2,7.4,10.4,6.9,3.8,6.7,0,1.4,0.6,2.5,0.5,0.4,0.5,0.5,0.6,2,2.2,3,2.5,6.5,7.2,6.6,5.2,1.9,4.5
2023,Paraíba,Rural,Total,94.7,96.6,90.6,99.4,98.5,95.7,95.7,93.8,88.7,90.4,89.6,94.1,83.5,78.1,84.8,89.9,--,80.5,4.3,3,7.1,0.4,1.3,4,3.9,5.5,9.2,7.4,7.3,3.8,9.3,14.5,8.1,3.5,--,7.3,1,0.4,2.3,0.2,0.2,0.3,0.4,0.7,2.1,2.2,3.1,2.1,7.2,7.4,7.1,6.6,--,12.2
2023,Paraíba,Total,Federal,100,100,--,100,100,100,100,100,--,--,--,--,93.1,90.9,93.1,95.9,93.1,--,0,0,--,0,0,0,0,0,--,--,--,--,6.4,8.4,6.4,3.7,6.6,--,0,0,--,0,0,0,0,0,--,--,--,--,0.5,0.7,0.5,0.4,0.3,--
2023,Paraíba,Urbana,Federal,100,100,--,100,100,100,100,100,--,--,--,--,93.1,91,93.1,95.9,93.1,--,0,0,--,0,0,0,0,0,--,--,--,--,6.4,8.5,6.4,3.6,6.6,--,0,0,--,0,0,0,0,0,--,--,--,--,0.5,0.5,0.5,0.5,0.3,--
2023,Paraíba,Rural,Federal,--,--,--,--,--,--,--,--,--,--,--,--,90.3,88.7,95,88.2,--,--,--,--,--,--,--,--,--,--,--,--,--,--,5.8,6.2,5,5.9,--,--,--,--,--,--,--,--,--,--,--,--,--,--,3.9,5.1,0,5.9,--,--
2023,Paraíba,Total,Estadual,86.2,96.2,83.8,98.2,96.6,97.5,96.8,93,82.6,83.8,82.3,85.9,83.6,79.4,84.1,89.2,--,85.3,9.8,2.6,11.5,0.2,2.3,1.3,2,5.6,13.5,12.4,11.8,9.3,8.5,11.9,7.8,4.3,--,5.2,4,1.2,4.7,1.6,1.1,1.2,1.2,1.4,3.9,3.8,5.9,4.8,7.9,8.7,8.1,6.5,--,9.5
2023,Paraíba,Urbana,Estadual,86,96.6,83.5,98.4,97,97.7,97.2,93.8,82.5,83.4,82,85.7,83.6,79.5,84.1,89.2,--,97.1,9.9,2.1,11.7,0.1,1.9,1,1.5,5,13.6,12.7,12,9.4,8.4,11.7,7.7,4.4,--,0,4.1,1.3,4.8,1.5,1.1,1.3,1.3,1.2,3.9,3.9,6,4.9,8,8.8,8.2,6.4,--,2.9
2023,Paraíba,Rural,Estadual,87.7,92.5,86.4,96.3,93.1,94.9,93.3,88.3,84,87.7,85.4,88.2,83.2,77.5,84.4,89.9,--,80.5,9.1,6.1,9.9,1.2,5.8,4.6,6,9.6,13.1,8.9,10.2,8,9.5,14.9,8.2,3.5,--,7.3,3.2,1.4,3.7,2.5,1.1,0.5,0.7,2.1,2.9,3.4,4.4,3.8,7.3,7.6,7.4,6.6,--,12.2
2023,Paraíba,Total,Municipal,93.2,96.4,89.1,99.1,98.4,95.3,95.1,94.3,87.2,88.1,88.8,93.4,78.8,71.2,87.5,95.5,72,--,5.4,3.1,8.5,0.4,1.3,4.2,4.4,4.9,10.7,9.6,8.3,4.4,11.9,19.2,7.5,0,8,--,1.4,0.5,2.4,0.5,0.3,0.5,0.5,0.8,2.1,2.3,2.9,2.2,9.3,9.6,5,4.5,20,--
2023,Paraíba,Urbana,Municipal,92.7,96.2,88.8,99,98.3,95.1,94.8,94.5,86.9,87.6,88.5,93,71.2,63.6,78.9,91.7,72,--,5.8,3.2,8.8,0.4,1.3,4.3,4.6,4.7,11,10,8.5,4.7,16.2,25.5,10.5,0,8,--,1.5,0.6,2.4,0.6,0.4,0.6,0.6,0.8,2.1,2.4,3,2.3,12.6,10.9,10.6,8.3,20,--
2023,Paraíba,Rural,Municipal,95.1,96.6,91.4,99.4,98.6,95.7,95.7,93.9,89.4,90.9,90.5,95.5,95.9,94.4,95.2,100,--,--,4,3,6.5,0.4,1.2,4,3.8,5.3,8.6,7.2,6.7,2.8,2,0,4.8,0,--,--,0.9,0.4,2.1,0.2,0.2,0.3,0.5,0.8,2,1.9,2.8,1.7,2.1,5.6,0,0,--,--
2023,Paraíba,Total,Privada,98.9,99.2,98.3,99,99.2,99.3,99.4,99.2,98.5,98.4,98.2,98.2,97.6,96.8,97.6,98.8,91.7,95.2,0.9,0.6,1.5,0.7,0.5,0.5,0.5,0.7,1.4,1.5,1.7,1.6,2,3,2.1,0.8,8.3,0,0.2,0.2,0.2,0.3,0.3,0.2,0.1,0.1,0.1,0.1,0.1,0.2,0.4,0.2,0.3,0.4,0,4.8
2023,Paraíba,Urbana,Privada,98.9,99.2,98.4,99,99.2,99.3,99.4,99.3,98.6,98.4,98.3,98.2,97.6,96.8,97.6,98.8,91.7,95.2,0.9,0.6,1.5,0.7,0.5,0.5,0.5,0.7,1.3,1.5,1.6,1.6,2,3,2.1,0.8,8.3,0,0.2,0.2,0.1,0.3,0.3,0.2,0.1,0,0.1,0.1,0.1,0.2,0.4,0.2,0.3,0.4,0,4.8
2023,Paraíba,Rural,Privada,95.5,97.6,92.4,100,98.3,98.3,96.6,94.9,90.5,93.3,92,96.4,--,--,--,--,--,--,4.1,2.4,6.6,0,1.7,1.7,3.4,5.1,9.5,6.7,6,0,--,--,--,--,--,--,0.4,0,1,0,0,0,0,0,0,0,2,3.6,--,--,--,--,--,--
2023,Paraíba,Total,Pública,92.3,96.3,88,99.1,98.3,95.4,95.2,94.3,86.4,87.2,87.3,91.3,84.2,80.1,84.7,89.6,91.4,85.3,6,3.1,9.1,0.4,1.3,4.1,4.2,4.9,11.1,10.1,9.1,5.8,8.3,11.7,7.7,4.3,6.7,5.2,1.7,0.6,2.9,0.5,0.4,0.5,0.6,0.8,2.5,2.7,3.6,2.9,7.5,8.2,7.6,6.1,1.9,9.5
2023,Paraíba,Urbana,Pública,91.7,96.3,87.6,99,98.2,95.3,95,94.4,86.1,86.8,87,90.9,84.2,80.2,84.7,89.6,91.4,97.1,6.4,3.1,9.4,0.4,1.4,4.1,4.4,4.7,11.4,10.5,9.4,6.1,8.3,11.5,7.7,4.3,6.7,0,1.9,0.6,3,0.6,0.4,0.6,0.6,0.9,2.5,2.7,3.6,3,7.5,8.3,7.6,6.1,1.9,2.9
2023,Paraíba,Rural,Pública,94.7,96.6,90.6,99.4,98.5,95.7,95.7,93.8,88.7,90.4,89.6,94.1,83.5,78.1,84.8,89.9,--,80.5,4.3,3,7.1,0.4,1.3,4,3.9,5.5,9.2,7.4,7.3,3.8,9.3,14.5,8.1,3.5,--,7.3,1,0.4,2.3,0.2,0.2,0.3,0.4,0.7,2.1,2.2,3.1,2.1,7.2,7.4,7.1,6.6,--,12.2
2023,Pernambuco,Total,Total,96.2,97.4,94.7,99.1,99.2,95.3,98.2,95.6,94,94.2,94.2,96.6,95.2,93,95.4,98.4,86.8,90.6,3.4,2.4,4.6,0.6,0.7,4.6,1.6,4.2,5.4,5.1,4.9,2.8,3.9,5.7,3.9,1.3,9.1,6.5,0.4,0.2,0.7,0.3,0.1,0.1,0.2,0.2,0.6,0.7,0.9,0.6,0.9,1.3,0.7,0.3,4.1,2.9
2023,Pernambuco,Urbana,Total,96.4,97.7,94.9,99.1,99.3,95.8,98.3,96.2,94.3,94.4,94.3,96.7,95.4,93.3,95.5,98.5,88.4,90.8,3.2,2.1,4.5,0.6,0.6,4,1.5,3.6,5.2,4.9,4.8,2.7,3.8,5.5,3.9,1.2,6.2,6.3,0.4,0.2,0.6,0.3,0.1,0.2,0.2,0.2,0.5,0.7,0.9,0.6,0.8,1.2,0.6,0.3,5.4,2.9
2023,Pernambuco,Rural,Total,95.3,96.2,93.7,99,98.8,93,97.8,93.1,92.5,93.1,93.5,96.1,91.6,88.3,92.8,95.8,82.6,89.8,4.3,3.6,5.4,0.7,1.1,6.8,2,6.7,6.8,6,5.4,3.1,6,8.4,5.1,2.6,16.5,7.6,0.4,0.2,0.9,0.3,0.1,0.2,0.2,0.2,0.7,0.9,1.1,0.8,2.4,3.3,2.1,1.6,0.9,2.6
2023,Pernambuco,Total,Federal,97.1,--,97.1,--,--,--,--,--,98.7,98.5,96.5,95.1,86.4,85.7,85.3,85.1,82.5,89.8,2.9,--,2.9,--,--,--,--,--,1.3,1.5,3.5,4.9,10.5,12,12.6,9,12.3,8,0,--,0,--,--,--,--,--,0,0,0,0,3.1,2.3,2.1,5.9,5.2,2.2
2023,Pernambuco,Urbana,Federal,97.1,--,97.1,--,--,--,--,--,98.7,98.5,96.5,95.1,86.6,86.4,86,85.2,86,89.3,2.9,--,2.9,--,--,--,--,--,1.3,1.5,3.5,4.9,9.7,11,11.9,8.1,7.5,7.9,0,--,0,--,--,--,--,--,0,0,0,0,3.7,2.6,2.1,6.7,6.5,2.8
2023,Pernambuco,Rural,Federal,--,--,--,--,--,--,--,--,--,--,--,--,85.8,82.9,80.7,84.8,67.5,90.4,--,--,--,--,--,--,--,--,--,--,--,--,12.8,15.7,17.7,13.7,32.5,8.2,--,--,--,--,--,--,--,--,--,--,--,--,1.4,1.4,1.6,1.5,0,1.4
2023,Pernambuco,Total,Estadual,95.4,89.4,95.7,91.4,92.5,86.8,91,85.8,95.2,95.2,95.3,97.1,95.1,92.8,95.2,98.5,98.9,90.7,4.1,9.5,3.8,7.3,6.8,12.1,8.2,12.8,4.5,4.4,4.2,2.3,4,5.8,4.1,1.2,0,6.8,0.5,1.1,0.5,1.3,0.7,1.1,0.8,1.4,0.3,0.4,0.5,0.6,0.9,1.4,0.7,0.3,1.1,2.5
2023,Pernambuco,Urbana,Estadual,96.1,99.1,96.1,99.3,100,98.1,99.2,98.6,95.6,95.6,95.6,97.5,95.3,93.1,95.4,98.7,100,90.9,3.6,0.9,3.6,0.7,0,1.9,0.8,1.4,4.2,4.1,4,2.1,3.9,5.7,4,1.2,0,6.9,0.3,0,0.3,0,0,0,0,0,0.2,0.3,0.4,0.4,0.8,1.2,0.6,0.1,0,2.2
2023,Pernambuco,Rural,Estadual,91,88.3,92.2,90.3,91.5,85.8,90,84.2,92,92,92,93.2,92.3,88.8,93.3,96.3,98.2,87.5,7.6,10.5,6.2,8.2,7.7,13,9,14.2,6.7,6.7,6.3,5,5.2,7.9,4.7,2,0,5.4,1.4,1.2,1.6,1.5,0.8,1.2,1,1.6,1.3,1.3,1.7,1.8,2.5,3.3,2,1.7,1.8,7.1
2023,Pernambuco,Total,Municipal,95.3,96.8,93,99.4,99.3,93.8,97.9,94.4,92,92.4,92.4,95.8,83.1,82.1,73.1,96.4,--,--,4.2,3,6,0.4,0.6,6,1.9,5.4,7.1,6.6,6.3,3.4,5.8,6,10.4,0,--,--,0.5,0.2,1,0.2,0.1,0.2,0.2,0.2,0.9,1,1.3,0.8,11.1,11.9,16.5,3.6,--,--
2023,Pernambuco,Urbana,Municipal,95.2,96.9,92.8,99.3,99.4,94,97.8,94.7,91.9,92.1,92.1,95.6,--,--,--,--,--,--,4.3,2.9,6.2,0.5,0.5,5.8,2,5,7.2,6.8,6.6,3.5,--,--,--,--,--,--,0.5,0.2,1,0.2,0.1,0.2,0.2,0.3,0.9,1.1,1.3,0.9,--,--,--,--,--,--
2023,Pernambuco,Rural,Municipal,95.7,96.6,93.9,99.6,99.2,93.3,98.2,93.4,92.5,93.3,93.8,96.6,83.1,82.1,73.1,96.4,--,--,4,3.2,5.3,0.2,0.7,6.5,1.6,6.4,6.8,5.9,5.2,2.8,5.8,6,10.4,0,--,--,0.3,0.2,0.8,0.2,0.1,0.2,0.2,0.2,0.7,0.8,1,0.6,11.1,11.9,16.5,3.6,--,--
2023,Pernambuco,Total,Privada,98.8,99,98.4,98.6,99.1,99,99.3,99.3,98.6,98.5,98.4,98.1,97.5,96.1,97.9,99.2,100,92.2,1,0.8,1.5,1,0.8,0.9,0.6,0.7,1.2,1.4,1.5,1.7,2.1,3.6,1.7,0.5,0,0.6,0.2,0.2,0.1,0.4,0.1,0.1,0.1,0,0.2,0.1,0.1,0.2,0.4,0.3,0.4,0.3,0,7.2
2023,Pernambuco,Urbana,Privada,98.9,99.1,98.5,98.7,99.2,99,99.3,99.3,98.7,98.6,98.4,98.1,97.5,96.2,97.9,99.3,100,92.2,1,0.7,1.4,0.9,0.7,0.9,0.6,0.6,1.2,1.4,1.5,1.7,2,3.5,1.7,0.5,0,0.6,0.1,0.2,0.1,0.4,0.1,0.1,0.1,0.1,0.1,0,0.1,0.2,0.5,0.3,0.4,0.2,0,7.2
2023,Pernambuco,Rural,Privada,95.1,94.9,95.6,91.5,96,94.7,95.7,96.3,95.5,94.2,97,95.9,92.9,83.5,100,97.8,--,--,4.7,4.8,4.3,7.4,4,5,4.1,3.7,4.2,5.8,3,4.1,7.1,16.5,0,2.2,--,--,0.2,0.3,0.1,1.1,0,0.3,0.2,0,0.3,0,0,0,0,0,0,0,--,--
2023,Pernambuco,Total,Pública,95.3,96.7,93.8,99.3,99.2,93.7,97.8,94.3,92.8,93.1,93.2,96.2,94.9,92.6,95,98.2,86.4,90.5,4.2,3.1,5.4,0.5,0.7,6.1,2,5.4,6.5,6,5.7,3.1,4.2,6,4.2,1.4,9.4,7.2,0.5,0.2,0.8,0.2,0.1,0.2,0.2,0.3,0.7,0.9,1.1,0.7,0.9,1.4,0.8,0.4,4.2,2.3
2023,Pernambuco,Urbana,Pública,95.3,96.9,93.8,99.3,99.4,94,97.8,94.7,92.9,93.2,93.2,96.3,95.1,93,95.2,98.4,87.9,90.6,4.2,2.9,5.4,0.5,0.5,5.8,2,5,6.4,6,5.8,3,4,5.8,4.1,1.3,6.5,7.1,0.5,0.2,0.8,0.2,0.1,0.2,0.2,0.3,0.7,0.8,1,0.7,0.9,1.2,0.7,0.3,5.6,2.3
2023,Pernambuco,Rural,Pública,95.3,96.3,93.7,99.2,98.9,93,97.8,93,92.4,93.1,93.5,96.1,91.6,88.3,92.7,95.7,82.6,89.8,4.3,3.5,5.4,0.6,1,6.8,2,6.8,6.8,6,5.4,3.1,5.9,8.3,5.1,2.6,16.5,7.6,0.4,0.2,0.9,0.2,0.1,0.2,0.2,0.2,0.8,0.9,1.1,0.8,2.5,3.4,2.2,1.7,0.9,2.6
2023,Alagoas,Total,Total,97.5,98.7,96,99.2,99.4,97.8,98.9,98.1,95.7,95.9,95.4,97.4,93.8,91.7,94.2,96.8,90,73.5,1.9,1.1,2.9,0.5,0.5,2,0.9,1.7,3.3,3.1,3.2,1.9,3.6,4.8,3.1,2.2,0.9,21.7,0.6,0.2,1.1,0.3,0.1,0.2,0.2,0.2,1,1,1.4,0.7,2.6,3.5,2.7,1,9.1,4.8
2023,Alagoas,Urbana,Total,97.2,98.4,95.8,99.1,99.2,97.5,98.5,98.1,95.5,95.6,95,97,93.7,91.7,94.2,96.7,90,73.5,2.1,1.3,3.1,0.6,0.6,2.3,1.2,1.7,3.3,3.2,3.5,2.1,3.7,4.9,3.2,2.3,0.9,21.7,0.7,0.3,1.1,0.3,0.2,0.2,0.3,0.2,1.2,1.2,1.5,0.9,2.6,3.4,2.6,1,9.1,4.8
2023,Alagoas,Rural,Total,98.5,99.2,97.2,99.7,99.9,98.8,99.9,98.1,96.7,96.9,96.8,98.9,94.6,92.4,94.7,98.1,--,--,1.2,0.7,2.1,0.2,0.1,1.1,0.1,1.8,2.8,2.5,2.3,0.7,2.4,3.6,2.3,0.7,--,--,0.3,0.1,0.7,0.1,0,0.1,0,0.1,0.5,0.6,0.9,0.4,3,4,3,1.2,--,--
2023,Alagoas,Total,Federal,--,--,--,--,--,--,--,--,--,--,--,--,86.7,87.3,92.5,86.5,58.6,71.2,--,--,--,--,--,--,--,--,--,--,--,--,10.8,10.2,6,12.7,0,23.5,--,--,--,--,--,--,--,--,--,--,--,--,2.5,2.5,1.5,0.8,41.4,5.3
2023,Alagoas,Urbana,Federal,--,--,--,--,--,--,--,--,--,--,--,--,86.7,87.3,92.5,86.5,58.6,71.2,--,--,--,--,--,--,--,--,--,--,--,--,10.8,10.2,6,12.7,0,23.5,--,--,--,--,--,--,--,--,--,--,--,--,2.5,2.5,1.5,0.8,41.4,5.3
2023,Alagoas,Total,Estadual,94.5,98.4,93.5,98.6,98.6,97.5,98.5,98.7,92.5,93.1,92.6,95.5,93.9,91.4,94,97.5,97.9,--,3.9,1.2,4.6,0.5,1.1,2.3,1.1,0.9,5.4,5,5.1,3.1,3.2,4.6,3,1.3,1.2,--,1.6,0.4,1.9,0.9,0.3,0.2,0.4,0.4,2.1,1.9,2.3,1.4,2.9,4,3,1.2,0.9,--
2023,Alagoas,Urbana,Estadual,94.3,98.3,93.3,98.5,98.4,97.2,98.4,98.7,92.3,92.9,92.4,95.5,93.9,91.4,93.9,97.5,97.9,--,4.1,1.3,4.7,0.6,1.2,2.6,1.1,0.9,5.5,5.1,5.2,3.1,3.2,4.7,3,1.3,1.2,--,1.6,0.4,2,0.9,0.4,0.2,0.5,0.4,2.2,2,2.4,1.4,2.9,3.9,3.1,1.2,0.9,--
2023,Alagoas,Rural,Estadual,98.6,99.3,98,99,100,99.5,99.4,99,98.8,97.9,98,97.3,94.6,92.3,94.7,98.1,--,--,1.1,0.4,1.6,0,0,0.5,0.6,1,1.2,2.1,1.3,1.7,2.4,3.6,2.3,0.8,--,--,0.3,0.3,0.4,1,0,0,0,0,0,0,0.7,1,3,4.1,3,1.1,--,--
2023,Alagoas,Total,Municipal,97.6,98.5,96.3,99.2,99.3,97.6,98.7,97.9,95.7,96.1,95.5,98,--,--,--,--,--,--,1.9,1.3,2.6,0.6,0.5,2.2,1.1,1.9,3.2,2.8,3,1.3,--,--,--,--,--,--,0.5,0.2,1.1,0.2,0.2,0.2,0.2,0.2,1.1,1.1,1.5,0.7,--,--,--,--,--,--
2023,Alagoas,Urbana,Municipal,97.2,98.1,96,98.9,99.1,97,98.1,97.7,95.5,95.8,95.1,97.6,--,--,--,--,--,--,2.2,1.6,2.8,0.8,0.7,2.8,1.6,2,3.3,3,3.3,1.5,--,--,--,--,--,--,0.6,0.3,1.2,0.3,0.2,0.2,0.3,0.3,1.2,1.2,1.6,0.9,--,--,--,--,--,--
2023,Alagoas,Rural,Municipal,98.5,99.2,97.2,99.7,99.9,98.8,99.9,98.1,96.6,96.8,96.7,98.9,--,--,--,--,--,--,1.2,0.7,2.1,0.2,0.1,1.1,0.1,1.8,2.9,2.5,2.3,0.7,--,--,--,--,--,--,0.3,0.1,0.7,0.1,0,0.1,0,0.1,0.5,0.7,1,0.4,--,--,--,--,--,--
2023,Alagoas,Total,Privada,98.8,99.5,97.8,99.5,99.7,99.2,99.8,99,98.7,97.7,97.7,97,96.8,95.7,96.8,98.1,--,100,1.1,0.4,2.1,0.1,0.1,0.7,0.2,0.9,1.3,2.2,2.1,2.8,2.8,3.8,2.9,1.6,--,0,0.1,0.1,0.1,0.4,0.2,0.1,0,0.1,0,0.1,0.2,0.2,0.4,0.5,0.3,0.3,--,0
2023,Alagoas,Urbana,Privada,98.8,99.5,97.8,99.5,99.7,99.2,99.8,99.1,98.7,97.7,97.8,96.9,96.8,95.7,96.8,98.1,--,100,1.1,0.4,2.1,0.1,0.1,0.7,0.2,0.8,1.2,2.2,2.1,2.8,2.9,3.9,2.9,1.6,--,0,0.1,0.1,0.1,0.4,0.2,0.1,0,0.1,0.1,0.1,0.1,0.3,0.3,0.4,0.3,0.3,--,0
2023,Alagoas,Rural,Privada,97.6,98,96.8,100,100,97.9,100,92.3,96.1,95.7,96,100,100,100,100,100,--,--,2.4,2,3.2,0,0,2.1,0,7.7,3.9,4.3,4,0,0,0,0,0,--,--,0,0,0,0,0,0,0,0,0,0,0,0,0,0,0,0,--,--
2023,Alagoas,Total,Pública,97.2,98.5,95.7,99.1,99.3,97.6,98.7,97.9,95.2,95.6,95,97.4,93.4,91.2,93.9,96.5,90,71.2,2.1,1.3,3,0.6,0.5,2.3,1.1,1.9,3.6,3.2,3.4,1.7,3.8,5,3.2,2.3,0.9,23.5,0.7,0.2,1.3,0.3,0.2,0.1,0.2,0.2,1.2,1.2,1.6,0.9,2.8,3.8,2.9,1.2,9.1,5.3
2023,Alagoas,Urbana,Pública,96.7,98.1,95.3,98.9,99,97,98.1,97.8,94.8,95.2,94.5,97,93.3,91.1,93.8,96.4,90,71.2,2.4,1.6,3.3,0.7,0.8,2.8,1.5,1.9,3.8,3.4,3.7,2,3.8,5.1,3.2,2.4,0.9,23.5,0.9,0.3,1.4,0.4,0.2,0.2,0.4,0.3,1.4,1.4,1.8,1,2.9,3.8,3,1.2,9.1,5.3
2023,Alagoas,Rural,Pública,98.5,99.2,97.3,99.7,99.9,98.8,99.9,98.1,96.7,96.9,96.8,98.9,94.6,92.3,94.7,98.1,--,--,1.2,0.7,2.1,0.2,0.1,1.1,0.1,1.8,2.8,2.5,2.3,0.7,2.4,3.6,2.3,0.8,--,--,0.3,0.1,0.6,0.1,0,0.1,0,0.1,0.5,0.6,0.9,0.4,3,4.1,3,1.1,--,--
2023,Sergipe,Total,Total,91.7,95.6,87.1,99.6,99.6,93.6,93.4,92.8,85,86.1,86.2,91.9,89.7,84.7,90.9,95.5,--,80.7,7.4,4.1,11.2,0.1,0.2,6.1,6.3,6.7,13.7,12.2,11.5,6.5,7.7,12.2,6.6,2.3,--,10.7,0.9,0.3,1.7,0.3,0.2,0.3,0.3,0.5,1.3,1.7,2.3,1.6,2.6,3.1,2.5,2.2,--,8.6
2023,Sergipe,Urbana,Total,92.5,96.5,88.1,99.5,99.6,95.1,94.4,94.5,86.4,87.3,87,92.3,89.5,84.6,90.8,95.5,--,80.1,6.7,3.2,10.5,0.2,0.2,4.6,5.3,5.1,12.5,11.4,11.1,6.4,7.8,12.2,6.8,2.3,--,11,0.8,0.3,1.4,0.3,0.2,0.3,0.3,0.4,1.1,1.3,1.9,1.3,2.7,3.2,2.4,2.2,--,8.9
2023,Sergipe,Rural,Total,88.8,92.8,82.8,99.9,99.4,89,90.1,87.6,79.2,81.1,82.7,90.2,91.9,87.4,93.5,96.8,--,100,9.8,6.9,14.2,0,0.4,10.7,9.6,11.7,18.8,15.5,13.3,7,6.2,10.7,4.4,1.7,--,0,1.4,0.3,3,0.1,0.2,0.3,0.3,0.7,2,3.4,4,2.8,1.9,1.9,2.1,1.5,--,0
2023,Sergipe,Total,Federal,96.6,--,96.6,--,--,--,--,--,100,95.1,91.4,100,84.2,74.2,86.7,96,--,--,3.4,--,3.4,--,--,--,--,--,0,4.9,8.6,0,14.1,22.8,12.2,3.5,--,--,0,--,0,--,--,--,--,--,0,0,0,0,1.7,3,1.1,0.5,--,--
2023,Sergipe,Urbana,Federal,96.6,--,96.6,--,--,--,--,--,100,95.1,91.4,100,80.9,68.8,84.6,95.5,--,--,3.4,--,3.4,--,--,--,--,--,0,4.9,8.6,0,17.2,27.6,14.4,4.2,--,--,0,--,0,--,--,--,--,--,0,0,0,0,1.9,3.6,1,0.3,--,--
2023,Sergipe,Rural,Federal,--,--,--,--,--,--,--,--,--,--,--,--,89.7,84.1,89.9,96.7,--,--,--,--,--,--,--,--,--,--,--,--,--,--,8.9,14,8.9,2.5,--,--,--,--,--,--,--,--,--,--,--,--,--,--,1.4,1.9,1.2,0.8,--,--
2023,Sergipe,Total,Estadual,91.1,97.4,88.2,99.7,99.8,99.8,95.3,95.1,87.3,88.4,86.4,90.7,88.4,83.3,89.8,94.7,--,83.1,7.9,2.4,10.4,0,0,0,4.6,4.8,11.6,10.5,11.8,7.6,8.5,13.2,7.3,2.6,--,16.5,1,0.2,1.4,0.3,0.2,0.2,0.1,0.1,1.1,1.1,1.8,1.7,3.1,3.5,2.9,2.7,--,0.4
2023,Sergipe,Urbana,Estadual,91,97.4,88,99.7,99.8,99.8,95.1,95.1,87.1,88.2,86.1,90.6,88.2,83,89.6,94.6,--,82.3,8,2.5,10.6,0,0,0,4.7,4.8,11.8,10.7,12.2,7.7,8.7,13.4,7.5,2.7,--,17.3,1,0.1,1.4,0.3,0.2,0.2,0.2,0.1,1.1,1.1,1.7,1.7,3.1,3.6,2.9,2.7,--,0.4
2023,Sergipe,Rural,Estadual,95.4,98.8,94.3,100,98.3,100,100,96.6,93.4,94.7,94.3,94.6,92.4,88,94.2,96.8,--,100,3.7,1,4.7,0,0,0,0,3.4,6.3,4.8,4,4,5.6,10.1,3.5,1.5,--,0,0.9,0.2,1,0,1.7,0,0,0,0.3,0.5,1.7,1.4,2,1.9,2.3,1.7,--,0
2023,Sergipe,Total,Municipal,88.8,93.7,82,99.5,99.4,89.9,90.5,89.8,78.8,80.1,81.1,90.2,--,--,--,--,--,--,9.9,5.9,15.5,0.2,0.3,9.7,9.1,9.6,19.3,17.3,15.3,7.6,--,--,--,--,--,--,1.3,0.4,2.5,0.3,0.3,0.4,0.4,0.6,1.9,2.6,3.6,2.2,--,--,--,--,--,--
2023,Sergipe,Urbana,Municipal,89.1,94.3,82.1,99.3,99.4,90.8,90.9,91.4,79.1,80.1,80.8,90.4,--,--,--,--,--,--,9.7,5.2,15.7,0.3,0.3,8.7,8.5,8,19.1,17.8,16,7.8,--,--,--,--,--,--,1.2,0.5,2.2,0.4,0.3,0.5,0.6,0.6,1.8,2.1,3.2,1.8,--,--,--,--,--,--
2023,Sergipe,Rural,Municipal,88.4,92.6,81.9,99.9,99.4,88.7,89.7,87.3,78.3,80.1,81.6,89.8,--,--,--,--,--,--,10.2,7.1,15,0,0.5,11.1,9.9,12,19.6,16.3,14.1,7.3,--,--,--,--,--,--,1.4,0.3,3.1,0.1,0.1,0.2,0.4,0.7,2.1,3.6,4.3,2.9,--,--,--,--,--,--
2023,Sergipe,Total,Privada,98.7,99.3,97.8,99.7,99.9,99.1,99,98.9,98.1,97.7,97.8,97.6,97.7,96.8,97.7,99.4,--,76.3,1.2,0.6,2.1,0.1,0.1,0.8,1,1,1.8,2.2,2.1,2.2,1.9,2.9,2,0.6,--,0,0.1,0.1,0.1,0.2,0,0.1,0,0.1,0.1,0.1,0.1,0.2,0.4,0.3,0.3,0,--,23.7
2023,Sergipe,Urbana,Privada,98.7,99.3,97.8,99.7,99.9,99.1,99,98.9,98.1,97.6,97.8,97.6,97.7,96.8,97.7,99.4,--,76.3,1.2,0.6,2.1,0.1,0.1,0.8,1,1,1.8,2.2,2.1,2.3,1.9,2.9,2,0.6,--,0,0.1,0.1,0.1,0.2,0,0.1,0,0.1,0.1,0.2,0.1,0.1,0.4,0.3,0.3,0,--,23.7
2023,Sergipe,Rural,Privada,99.5,99.6,99.1,100,100,99.3,99.4,99.2,98.9,100,97.7,100,--,--,--,--,--,--,0.5,0.4,0.9,0,0,0.7,0.6,0.8,1.1,0,2.3,0,--,--,--,--,--,--,0,0,0,0,0,0,0,0,0,0,0,0,--,--,--,--,--,--
2023,Sergipe,Total,Pública,89.4,94.3,84.4,99.6,99.5,91.7,91.4,90.9,81.7,83.1,83.2,90.4,88.3,83,89.7,94.8,--,83.1,9.3,5.3,13.5,0.2,0.3,8,8.2,8.6,16.7,14.8,13.9,7.6,8.7,13.5,7.4,2.6,--,16.5,1.3,0.4,2.1,0.2,0.2,0.3,0.4,0.5,1.6,2.1,2.9,2,3,3.5,2.9,2.6,--,0.4
2023,Sergipe,Urbana,Pública,89.8,95.1,84.9,99.4,99.5,93.1,92.1,92.5,82.5,83.8,83.5,90.5,88,82.7,89.5,94.6,--,82.3,9.1,4.5,13.3,0.3,0.2,6.5,7.5,7,16,14.6,14.1,7.7,8.8,13.7,7.6,2.7,--,17.3,1.1,0.4,1.8,0.3,0.3,0.4,0.4,0.5,1.5,1.6,2.4,1.8,3.2,3.6,2.9,2.7,--,0.4
2023,Sergipe,Rural,Pública,88.6,92.7,82.6,99.9,99.4,88.8,89.9,87.5,79,80.9,82.5,90.1,91.9,87.4,93.5,96.8,--,100,10,7,14.4,0,0.5,10.9,9.8,11.9,19,15.7,13.4,7.1,6.2,10.7,4.4,1.7,--,0,1.4,0.3,3,0.1,0.1,0.3,0.3,0.6,2,3.4,4.1,2.8,1.9,1.9,2.1,1.5,--,0
2023,Bahia,Total,Total,91.6,94.5,88.2,98.7,98,90.9,92.9,92.4,86.5,87.4,88.8,90.4,91.7,94.2,92.9,88.2,91.2,70.8,6.8,4.8,9,0.5,1.5,8.5,6.3,6.7,11,9.9,8.3,6.5,3.5,3.1,2,5.1,7.2,12.9,1.6,0.7,2.8,0.8,0.5,0.6,0.8,0.9,2.5,2.7,2.9,3.1,4.8,2.7,5.1,6.7,1.6,16.3
2023,Bahia,Urbana,Total,92.1,95.1,88.8,98.6,98,91.9,93.8,93.5,87.7,88.2,89.4,90.2,91.5,94.2,92.8,87.9,89.5,70.8,6.4,4.2,8.7,0.6,1.5,7.5,5.5,5.6,10.1,9.4,8.1,6.8,3.6,3.1,2,5.3,8.9,12.9,1.5,0.7,2.5,0.8,0.5,0.6,0.7,0.9,2.2,2.4,2.5,3,4.9,2.7,5.2,6.8,1.6,16.3
2023,Bahia,Rural,Total,90.1,92.9,85.8,99,98.1,88.3,90.7,89.5,82.4,84.4,86.4,91.2,93.5,94.1,94.2,92,95.5,80,8,6.3,10.4,0.4,1.5,11,8.5,9.4,14.4,11.9,9.1,5.1,2.5,3.1,1.8,2.4,2.4,0,1.9,0.8,3.8,0.6,0.4,0.7,0.8,1.1,3.2,3.7,4.5,3.7,4,2.8,4,5.6,2.1,20
2023,Bahia,Total,Federal,99.2,--,99.2,--,--,--,--,--,98.7,98.1,100,100,88,84.5,88.8,92.1,89.2,81,0.8,--,0.8,--,--,--,--,--,1.3,1.9,0,0,10.2,13.8,9.8,5.7,9.4,7,0,--,0,--,--,--,--,--,0,0,0,0,1.8,1.7,1.4,2.2,1.4,12
2023,Bahia,Urbana,Federal,99.2,--,99.2,--,--,--,--,--,98.7,98.1,100,100,87.1,83.4,87.8,91.2,89.2,81,0.8,--,0.8,--,--,--,--,--,1.3,1.9,0,0,11,14.6,10.7,6.8,9.4,7,0,--,0,--,--,--,--,--,0,0,0,0,1.9,2,1.5,2,1.4,12
2023,Bahia,Rural,Federal,--,--,--,--,--,--,--,--,--,--,--,--,93.9,91,94.7,96.7,--,--,--,--,--,--,--,--,--,--,--,--,--,--,4.8,8.6,4.8,0.3,--,--,--,--,--,--,--,--,--,--,--,--,--,--,1.3,0.4,0.5,3,--,--
2023,Bahia,Total,Estadual,92.5,86.5,92.7,94.3,96.7,80.2,83.4,81.1,97.1,97.4,96.2,82.1,91.2,94.5,92.5,86.8,--,61.6,5.1,10.6,5,1.8,0.5,14.6,15.6,17,1.9,1.5,2.5,12.5,3.4,2.6,1.7,5.6,--,18.2,2.4,2.9,2.3,3.9,2.8,5.2,1,1.9,1,1.1,1.3,5.4,5.4,2.9,5.8,7.6,--,20.2
2023,Bahia,Urbana,Estadual,92.7,95.1,92.7,93.3,100,94,94,94.9,97.2,97.4,96.3,82.1,91,94.5,92.4,86.4,--,61.5,4.9,3.4,4.9,3.3,0,2.4,6,4.1,1.9,1.5,2.4,12.5,3.5,2.6,1.7,5.9,--,18.3,2.4,1.5,2.4,3.4,0,3.6,0,1,0.9,1.1,1.3,5.4,5.5,2.9,5.9,7.7,--,20.2
2023,Bahia,Rural,Estadual,88.7,84.9,91.2,94.5,96.2,77.4,81.2,78.3,96.2,97.4,94.8,80.5,93.6,94.8,94.3,91.4,--,80,8.5,11.9,6.3,1.6,0.5,17.2,17.6,19.7,2.9,1.6,3.6,14.1,2.1,2.4,1.4,2.5,--,0,2.8,3.2,2.5,3.9,3.3,5.4,1.2,2,0.9,1,1.6,5.4,4.3,2.8,4.3,6.1,--,20
2023,Bahia,Total,Municipal,90,93.5,85.7,98.7,97.7,89.2,91.6,91.1,83.2,84.1,85.9,90.7,84.6,77.2,83.6,91.7,95.9,100,8,5.7,11,0.5,1.7,10.1,7.5,7.8,13.8,12.5,10.4,6.1,5.4,9.6,4.4,2.5,0,0,2,0.8,3.3,0.8,0.6,0.7,0.9,1.1,3,3.4,3.7,3.2,10,13.2,12,5.8,4.1,0
2023,Bahia,Urbana,Municipal,90.1,93.7,85.7,98.5,97.6,89.6,92,91.9,83.6,84.1,85.8,90.4,81.5,71.2,78.9,90,96.4,100,8,5.4,11.1,0.6,1.8,9.7,7.1,7,13.4,12.7,10.8,6.6,5.3,10.7,5.1,1.3,0,0,1.9,0.9,3.2,0.9,0.6,0.7,0.9,1.1,3,3.2,3.4,3,13.2,18.1,16,8.7,3.6,0
2023,Bahia,Rural,Municipal,90,92.9,85.7,99,98.1,88.4,90.7,89.6,82.1,84.1,86.2,91.5,87.7,82.2,88.4,93.2,94.4,--,8,6.3,10.6,0.4,1.5,11,8.4,9.3,14.7,12,9.3,4.9,5.5,8.8,3.7,3.6,0,--,2,0.8,3.7,0.6,0.4,0.6,0.9,1.1,3.2,3.9,4.5,3.6,6.8,9,7.9,3.2,5.6,--
2023,Bahia,Total,Privada,98.6,99.1,97.7,99.1,99.2,99.1,99.2,99.1,97.8,97.7,97.7,97.7,96.6,95.3,97.1,98.6,95.7,92.3,1.2,0.7,2.1,0.6,0.6,0.8,0.7,0.8,2.1,2.2,2.1,2.1,2.6,4.3,2.5,1.1,2.4,0.4,0.2,0.2,0.2,0.3,0.2,0.1,0.1,0.1,0.1,0.1,0.2,0.2,0.8,0.4,0.4,0.3,1.9,7.3
2023,Bahia,Urbana,Privada,98.6,99.2,97.8,99,99.2,99.1,99.3,99.1,97.9,97.8,97.8,97.7,96.8,95.4,97.3,98.7,100,92.3,1.2,0.7,2,0.6,0.6,0.7,0.6,0.7,2,2.1,2.1,2,2.6,4.2,2.4,1.1,0,0.4,0.2,0.1,0.2,0.4,0.2,0.2,0.1,0.2,0.1,0.1,0.1,0.3,0.6,0.4,0.3,0.2,0,7.3
2023,Bahia,Rural,Privada,95.3,97.3,93,99.6,99.8,95.5,96.3,94.7,93.3,90.6,93.9,94.1,94,93.1,93.7,95,95.6,--,4.1,2.6,5.7,0.4,0.2,4.5,3.4,5.1,5.3,8.6,5.8,3.5,3.7,4.7,4.3,2.2,2.5,--,0.6,0.1,1.3,0,0,0,0.3,0.2,1.4,0.8,0.3,2.4,2.3,2.2,2,2.8,1.9,--
2023,Bahia,Total,Pública,90.2,93.4,86.6,98.6,97.7,89.2,91.5,91.1,84.7,85.7,87.3,89.3,91.1,94.1,92.4,87,89.5,62.1,7.8,5.7,10.2,0.5,1.7,10.2,7.6,7.8,12.5,11.2,9.3,7.2,3.6,3,1.9,5.6,8.9,17.9,2,0.9,3.2,0.9,0.6,0.6,0.9,1.1,2.8,3.1,3.4,3.5,5.3,2.9,5.7,7.4,1.6,20
2023,Bahia,Urbana,Pública,90.3,93.7,86.9,98.4,97.6,89.6,92,91.9,85.5,86.2,87.7,88.7,90.9,94.1,92.3,86.6,89.4,62,7.8,5.4,10.1,0.6,1.8,9.7,7.1,7,11.8,10.9,9.3,7.8,3.7,3,2,5.9,9,18,1.9,0.9,3,1,0.6,0.7,0.9,1.1,2.7,2.9,3,3.5,5.4,2.9,5.7,7.5,1.6,20
2023,Bahia,Rural,Pública,90,92.9,85.8,99,98.1,88.3,90.7,89.5,82.3,84.3,86.3,91.2,93.5,94.2,94.2,91.8,94.4,80,8,6.4,10.5,0.4,1.5,11.1,8.5,9.4,14.5,11.9,9.2,5.1,2.3,3,1.6,2.4,0,0,2,0.7,3.7,0.6,0.4,0.6,0.8,1.1,3.2,3.8,4.5,3.7,4.2,2.8,4.2,5.8,5.6,20
2023,Minas Gerais,Total,Total,96.1,98.8,93,99.5,99,98.3,98.9,98.3,93.1,93.3,92.2,93.4,87.8,84.1,88.7,93,84.6,70.5,3.2,1.1,5.8,0.3,0.9,1.6,0.9,1.5,6.2,5.7,6.2,5,7.2,10.1,6.2,3.7,0,2.4,0.7,0.1,1.2,0.2,0.1,0.1,0.2,0.2,0.7,1,1.6,1.6,5,5.8,5.1,3.3,15.4,27.1
2023,Minas Gerais,Urbana,Total,96,98.8,92.9,99.5,99,98.2,98.9,98.4,93,93.2,92.1,93.3,87.6,83.9,88.6,92.8,84.6,67.7,3.3,1.1,5.8,0.3,0.9,1.7,0.9,1.5,6.3,5.8,6.2,5.1,7.3,10.2,6.3,3.8,0,2.7,0.7,0.1,1.3,0.2,0.1,0.1,0.2,0.1,0.7,1,1.7,1.6,5.1,5.9,5.1,3.4,15.4,29.6
2023,Minas Gerais,Rural,Total,97.6,99,94.9,99.7,99.1,99,98.9,98.2,94.3,94.9,94.4,96.1,93.3,90.6,93.9,96.3,--,98.8,2,0.9,4.2,0.2,0.8,1,0.9,1.7,5.2,4.6,4.5,2.7,4.2,6.4,3.7,2,--,0,0.4,0.1,0.9,0.1,0.1,0,0.2,0.1,0.5,0.5,1.1,1.2,2.5,3,2.4,1.7,--,1.2
2023,Minas Gerais,Total,Federal,95.4,97.7,94.1,100,98.3,95.8,98.3,96.4,95.2,95.1,93,93.1,91.7,86.3,92.9,96.8,88.2,98.8,4.6,2.3,5.9,0,1.7,4.2,1.7,3.6,4.8,4.9,7,6.9,7.8,13,6.8,2.9,0,0,0,0,0,0,0,0,0,0,0,0,0,0,0.5,0.7,0.3,0.3,11.8,1.2
2023,Minas Gerais,Urbana,Federal,95.4,97.7,94.1,100,98.3,95.8,98.3,96.4,95.2,95.1,93,93.1,91.5,85.7,92.8,97.1,88.2,--,4.6,2.3,5.9,0,1.7,4.2,1.7,3.6,4.8,4.9,7,6.9,8,13.4,6.9,2.5,0,--,0,0,0,0,0,0,0,0,0,0,0,0,0.5,0.9,0.3,0.4,11.8,--
2023,Minas Gerais,Rural,Federal,--,--,--,--,--,--,--,--,--,--,--,--,92.5,88.4,93.3,95.7,--,98.8,--,--,--,--,--,--,--,--,--,--,--,--,7.3,11.5,6.3,4.2,--,0,--,--,--,--,--,--,--,--,--,--,--,--,0.2,0.1,0.4,0.1,--,1.2
2023,Minas Gerais,Total,Estadual,94.1,99.7,92,99.7,99.7,99.8,99.7,99.4,92.7,92.5,90.8,92.1,86.5,82.6,87.4,91.9,--,68.4,4.6,0.1,6.3,0,0.1,0.1,0.1,0.3,6.4,6.1,7,5.6,7.7,10.6,6.7,4.1,--,6.6,1.3,0.2,1.7,0.3,0.2,0.1,0.2,0.3,0.9,1.4,2.2,2.3,5.8,6.8,5.9,4,--,25
2023,Minas Gerais,Urbana,Estadual,94,99.7,91.9,99.7,99.7,99.8,99.7,99.4,92.6,92.4,90.6,92,86.3,82.5,87.2,91.8,--,68.4,4.7,0.1,6.4,0,0.1,0.1,0.1,0.3,6.5,6.2,7.1,5.7,7.8,10.7,6.8,4.2,--,6.6,1.3,0.2,1.7,0.3,0.2,0.1,0.2,0.3,0.9,1.4,2.3,2.3,5.9,6.8,6,4,--,25
2023,Minas Gerais,Rural,Estadual,96.8,99.6,95.1,99.6,99.7,99.8,99.4,99.5,95.2,95.8,95,94.4,93.6,91.1,93.9,96.6,--,--,2.4,0.2,3.9,0,0.1,0.1,0.2,0.3,4.3,3.7,3.7,3.8,2.9,4.6,2.5,0.9,--,--,0.8,0.2,1,0.4,0.2,0.1,0.4,0.2,0.5,0.5,1.3,1.8,3.5,4.3,3.6,2.5,--,--
2023,Minas Gerais,Total,Municipal,96.9,98.4,92.7,99.4,98.6,97.6,98.6,97.7,91.5,92.5,92.8,94.3,92.4,89.4,92.7,96.2,100,--,2.8,1.5,6.5,0.4,1.3,2.3,1.3,2.1,8,6.8,6.2,4.7,6.2,9.5,5.4,2.7,0,--,0.3,0.1,0.8,0.2,0.1,0.1,0.1,0.2,0.5,0.7,1,1,1.4,1.1,1.9,1.1,0,--
2023,Minas Gerais,Urbana,Municipal,96.8,98.3,92.5,99.4,98.6,97.5,98.5,97.7,91.2,92.3,92.6,93.9,92.3,89.2,92.5,96.3,100,--,2.9,1.5,6.7,0.5,1.3,2.4,1.3,2.1,8.2,6.9,6.3,5,6.4,9.7,5.5,2.8,0,--,0.3,0.2,0.8,0.1,0.1,0.1,0.2,0.2,0.6,0.8,1.1,1.1,1.3,1.1,2,0.9,0,--
2023,Minas Gerais,Rural,Municipal,97.8,98.9,94.8,99.7,99.1,98.9,98.9,98,93.9,94.5,94.1,97,95.9,96.4,96.4,94.4,--,--,1.9,1,4.5,0.2,0.9,1.1,1,1.9,5.8,5.1,4.9,2,1.4,1.8,1.8,0,--,--,0.3,0.1,0.7,0.1,0,0,0.1,0.1,0.3,0.4,1,1,2.7,1.8,1.8,5.6,--,--
2023,Minas Gerais,Total,Privada,98.9,99.6,98,99.8,99.7,99.5,99.6,99.4,98.4,98.1,97.8,97.7,95.8,95.1,97.1,98.2,62.9,67.7,1.1,0.4,2,0.2,0.3,0.5,0.4,0.6,1.6,1.9,2.2,2.3,3.1,4.7,2.7,1.6,0,2.6,0,0,0,0,0,0,0,0,0,0,0,0,1.1,0.2,0.2,0.2,37.1,29.7
2023,Minas Gerais,Urbana,Privada,98.9,99.6,98,99.8,99.7,99.5,99.6,99.5,98.4,98.1,97.8,97.7,95.8,95.1,97.2,98.2,62.9,67.7,1.1,0.4,2,0.2,0.3,0.5,0.4,0.5,1.6,1.9,2.2,2.3,3.1,4.7,2.7,1.6,0,2.6,0,0,0,0,0,0,0,0,0,0,0,0,1.1,0.2,0.1,0.2,37.1,29.7
2023,Minas Gerais,Rural,Privada,96.2,98.2,95.1,100,98.1,98.3,98.1,96.8,95.2,94,95.1,95.5,94.7,93.5,95,97.4,--,--,3.4,1.8,4.3,0,1.9,1.7,1.9,3.2,4.8,4.8,4.2,3.9,2.6,3.2,2.6,1.3,--,--,0.4,0,0.6,0,0,0,0,0,0,1.2,0.7,0.6,2.7,3.3,2.4,1.3,--,--
2023,Minas Gerais,Total,Pública,95.7,98.7,92.2,99.5,98.8,98.1,98.8,98.2,92.3,92.5,91.4,92.8,86.8,82.8,87.6,92.2,92.1,91.7,3.6,1.2,6.4,0.3,1,1.8,1,1.7,7,6.3,6.8,5.4,7.7,10.7,6.7,4,0,1.5,0.7,0.1,1.4,0.2,0.2,0.1,0.2,0.1,0.7,1.2,1.8,1.8,5.5,6.5,5.7,3.8,7.9,6.8
2023,Minas Gerais,Urbana,Pública,95.5,98.6,92.1,99.5,98.8,98,98.8,98.2,92.2,92.4,91.2,92.6,86.6,82.6,87.4,92,92.1,68.4,3.7,1.2,6.5,0.4,1.1,1.9,1,1.7,7,6.4,6.9,5.5,7.8,10.8,6.8,4.1,0,6.6,0.8,0.2,1.4,0.1,0.1,0.1,0.2,0.1,0.8,1.2,1.9,1.9,5.6,6.6,5.8,3.9,7.9,25
2023,Minas Gerais,Rural,Pública,97.6,99,94.9,99.7,99.1,99,98.9,98.2,94.3,94.9,94.4,96.1,93.2,90.3,93.8,96.3,--,98.8,2,0.9,4.2,0.2,0.8,1,0.9,1.7,5.3,4.6,4.5,2.7,4.4,6.8,3.8,2.1,--,0,0.4,0.1,0.9,0.1,0.1,0,0.2,0.1,0.4,0.5,1.1,1.2,2.4,2.9,2.4,1.6,--,1.2
2023,Espírito Santo,Total,Total,96.3,97.5,94.8,99.3,98.9,95.6,96.6,97.4,93.4,94.1,94.8,97.4,95.5,93.7,95.4,98.5,94.9,92.5,3.4,2.4,4.8,0.6,1.1,4.3,3.3,2.4,6.3,5.4,4.7,2.2,2.9,4.3,3,0.8,2,3.6,0.3,0.1,0.4,0.1,0,0.1,0.1,0.2,0.3,0.5,0.5,0.4,1.6,2,1.6,0.7,3.1,3.9
2023,Espírito Santo,Urbana,Total,96.3,97.5,94.8,99.2,98.8,95.7,96.6,97.3,93.4,94.2,94.7,97.3,95.6,93.7,95.4,98.6,93.9,92.5,3.4,2.4,4.8,0.7,1.1,4.2,3.3,2.5,6.2,5.4,4.8,2.3,2.8,4.1,2.9,0.7,2.3,3.6,0.3,0.1,0.4,0.1,0.1,0.1,0.1,0.2,0.4,0.4,0.5,0.4,1.6,2.2,1.7,0.7,3.8,3.9
2023,Espírito Santo,Rural,Total,96.6,97.6,94.9,99.6,99,95.1,96.5,98.2,92.6,93.7,95.7,98.3,94.2,92.5,94.1,96.2,97.9,--,3.2,2.3,4.8,0.3,0.9,4.9,3.5,1.7,7.1,6,3.8,1.3,4.9,6.8,4.8,3,1.3,--,0.2,0.1,0.3,0.1,0.1,0,0,0.1,0.3,0.3,0.5,0.4,0.9,0.7,1.1,0.8,0.8,--
2023,Espírito Santo,Total,Federal,--,--,--,--,--,--,--,--,--,--,--,--,92.2,89.1,93.4,94,93.4,94.4,--,--,--,--,--,--,--,--,--,--,--,--,6.5,10,5.2,4.8,2.4,4.8,--,--,--,--,--,--,--,--,--,--,--,--,1.3,0.9,1.4,1.2,4.2,0.8
2023,Espírito Santo,Urbana,Federal,--,--,--,--,--,--,--,--,--,--,--,--,92.6,89.7,93.9,94.3,92.9,94.4,--,--,--,--,--,--,--,--,--,--,--,--,6,9.5,4.5,4.5,2.7,4.8,--,--,--,--,--,--,--,--,--,--,--,--,1.4,0.8,1.6,1.2,4.4,0.8
2023,Espírito Santo,Rural,Federal,--,--,--,--,--,--,--,--,--,--,--,--,90.7,87.6,91.6,93,98.2,--,--,--,--,--,--,--,--,--,--,--,--,--,8.2,11.5,7.2,5.9,0,--,--,--,--,--,--,--,--,--,--,--,--,--,1.1,0.9,1.2,1.1,1.8,--
2023,Espírito Santo,Total,Estadual,98,99.2,97.7,99.7,99.8,98.6,98.9,99.2,97.8,97.5,97.3,98.3,95.5,93.7,95.1,98.8,100,25,1.6,0.7,1.8,0.3,0.2,1.3,1.1,0.7,1.9,1.9,2.2,1.2,2.7,3.9,2.9,0.5,0,0,0.4,0.1,0.5,0,0,0.1,0,0.1,0.3,0.6,0.5,0.5,1.8,2.4,2,0.7,0,75
2023,Espírito Santo,Urbana,Estadual,98,99.2,97.7,99.6,99.7,98.8,98.8,99.3,97.8,97.5,97.2,98.3,95.5,93.6,95.1,98.8,100,25,1.6,0.7,1.8,0.4,0.3,1.1,1.2,0.6,1.8,1.9,2.3,1.2,2.7,3.9,2.9,0.4,0,0,0.4,0.1,0.5,0,0,0.1,0,0.1,0.4,0.6,0.5,0.5,1.8,2.5,2,0.8,0,75
2023,Espírito Santo,Rural,Estadual,98.5,99,98.1,100,100,97.6,99,98.6,96.8,97.9,98.2,99.5,96.7,95.8,95.7,99,--,--,1.5,1,1.9,0,0,2.4,1,1.4,3.2,2.1,1.8,0.4,3.1,4.1,4.1,0.6,--,--,0,0,0,0,0,0,0,0,0,0,0,0.1,0.2,0.1,0.2,0.4,--,--
2023,Espírito Santo,Total,Municipal,95.4,97,92.2,99.2,98.6,94.8,95.8,96.9,90.3,91.2,92.3,96.3,--,--,--,--,--,--,4.4,2.9,7.3,0.7,1.3,5.1,4,3,9.3,8.4,7.1,3.1,--,--,--,--,--,--,0.2,0.1,0.5,0.1,0.1,0.1,0.2,0.1,0.4,0.4,0.6,0.6,--,--,--,--,--,--
2023,Espírito Santo,Urbana,Municipal,95.2,97,92,99.1,98.6,94.7,95.8,96.7,90.2,91,92,96.1,--,--,--,--,--,--,4.5,2.9,7.5,0.8,1.3,5.1,4.1,3.1,9.4,8.5,7.4,3.4,--,--,--,--,--,--,0.3,0.1,0.5,0.1,0.1,0.2,0.1,0.2,0.4,0.5,0.6,0.5,--,--,--,--,--,--
2023,Espírito Santo,Rural,Municipal,96.4,97.5,94,99.6,99,94.9,96.2,98.2,91.5,92.5,94.9,98.2,--,--,--,--,--,--,3.4,2.4,5.6,0.3,1,5.1,3.7,1.7,8.2,7.2,4.5,1.3,--,--,--,--,--,--,0.2,0.1,0.4,0.1,0,0,0.1,0.1,0.3,0.3,0.6,0.5,--,--,--,--,--,--
2023,Espírito Santo,Total,Privada,99.3,99.8,98.7,100,99.9,99.7,99.8,99.7,98.9,98.9,98.6,98.4,97.7,96.3,97.9,99.3,97.8,90.8,0.7,0.2,1.3,0,0.1,0.3,0.2,0.3,1.1,1.1,1.3,1.6,2.1,3.5,1.8,0.6,1.6,0,0,0,0,0,0,0,0,0,0,0,0.1,0,0.2,0.2,0.3,0.1,0.6,9.2
2023,Espírito Santo,Urbana,Privada,99.4,99.8,98.9,100,99.9,99.7,99.8,99.7,99,99.1,98.7,98.6,97.9,96.5,98.2,99.5,--,90.8,0.6,0.2,1.1,0,0.1,0.3,0.2,0.3,1,0.9,1.3,1.4,1.9,3.4,1.8,0.5,--,0,0,0,0,0,0,0,0,0,0,0,0,0,0.2,0.1,0,0,--,9.2
2023,Espírito Santo,Rural,Privada,94.9,--,94.9,--,--,--,--,--,95.1,94.3,96.3,93.8,95.1,93.9,94.8,96.1,97.8,--,4.5,--,4.5,--,--,--,--,--,4.9,4.9,2.8,5.2,3.3,4.9,2.6,2.7,1.6,--,0.6,--,0.6,--,--,--,--,--,0,0.8,0.9,1,1.6,1.2,2.6,1.2,0.6,--
2023,Espírito Santo,Total,Pública,95.9,97.2,94.2,99.2,98.7,95,96.1,97.1,92.5,93.4,94.2,97.2,95.2,93.3,95,98.3,94.2,93,3.8,2.7,5.3,0.7,1.2,4.9,3.8,2.8,7.1,6.1,5.3,2.3,3,4.4,3.1,0.9,2.1,4.7,0.3,0.1,0.5,0.1,0.1,0.1,0.1,0.1,0.4,0.5,0.5,0.5,1.8,2.3,1.9,0.8,3.7,2.3
2023,Espírito Santo,Urbana,Pública,95.8,97.1,94.1,99.1,98.6,95,96,96.9,92.5,93.3,94,97.1,95.3,93.4,95,98.4,93.9,93,3.9,2.8,5.4,0.8,1.3,4.9,3.9,2.9,7.1,6.1,5.4,2.4,2.9,4.2,3,0.8,2.3,4.7,0.3,0.1,0.5,0.1,0.1,0.1,0.1,0.2,0.4,0.6,0.6,0.5,1.8,2.4,2,0.8,3.8,2.3
2023,Espírito Santo,Rural,Pública,96.7,97.6,94.9,99.6,99,95.1,96.5,98.2,92.5,93.7,95.7,98.5,94,92.1,94,96.2,98.2,--,3.2,2.3,4.8,0.3,0.9,4.9,3.5,1.7,7.2,6.1,3.9,1.1,5.4,7.4,5.4,3.1,0,--,0.1,0.1,0.3,0.1,0.1,0,0,0.1,0.3,0.2,0.4,0.4,0.6,0.5,0.6,0.7,1.8,--
2023,Rio de Janeiro,Total,Total,93.7,95.1,92,96,95.5,93.2,95,96,91.6,91.7,91.7,93,84,78.4,84.6,90.4,83.2,87.4,5.7,4.6,7.2,3.5,4.3,6.5,4.7,3.7,7.7,7.7,7.4,6,11.8,17.1,11.2,6.1,14.4,5.1,0.6,0.3,0.8,0.5,0.2,0.3,0.3,0.3,0.7,0.6,0.9,1,4.2,4.5,4.2,3.5,2.4,7.5
2023,Rio de Janeiro,Urbana,Total,93.9,95.2,92.1,96,95.7,93.4,95.2,96.1,91.9,91.8,91.9,93.1,83.9,78.2,84.5,90.3,83.2,87.4,5.6,4.4,7.1,3.4,4,6.3,4.6,3.6,7.5,7.6,7.3,6,11.9,17.1,11.3,6.1,14.4,5.1,0.5,0.4,0.8,0.6,0.3,0.3,0.2,0.3,0.6,0.6,0.8,0.9,4.2,4.7,4.2,3.6,2.4,7.5
2023,Rio de Janeiro,Rural,Total,91.4,92.6,89,94.6,92.2,90.5,92.3,93.9,86.8,89,89,92.3,87.3,81.9,88.5,93.4,--,--,8.1,7.1,10,5.1,7.6,9.3,7.5,5.8,12.4,10.2,9.8,6.6,9.6,14.4,8.3,4.6,--,--,0.5,0.3,1,0.3,0.2,0.2,0.2,0.3,0.8,0.8,1.2,1.1,3.1,3.7,3.2,2,--,--
2023,Rio de Janeiro,Total,Federal,95.8,97.6,94.7,97.6,96.2,97.2,97.9,99.2,96,95.3,94.2,93.4,86.3,81.3,84.3,94.3,83.3,88,4,2.3,5.1,2,3.8,2.7,2,0.8,3.9,4.5,5.5,6.4,11.4,16.4,14.1,4.2,15.2,8.2,0.2,0.1,0.2,0.4,0,0.1,0.1,0,0.1,0.2,0.3,0.2,2.3,2.3,1.6,1.5,1.5,3.8
2023,Rio de Janeiro,Urbana,Federal,95.8,97.6,94.7,97.6,96.2,97.2,97.9,99.2,96,95.3,94.2,93.4,86.5,81.6,84.4,94.4,83.3,88,4,2.3,5.1,2,3.8,2.7,2,0.8,3.9,4.5,5.5,6.4,11.2,16.1,14,4.1,15.2,8.2,0.2,0.1,0.2,0.4,0,0.1,0.1,0,0.1,0.2,0.3,0.2,2.3,2.3,1.6,1.5,1.5,3.8
2023,Rio de Janeiro,Rural,Federal,--,--,--,--,--,--,--,--,--,--,--,--,80.4,76.3,80.7,89.4,--,--,--,--,--,--,--,--,--,--,--,--,--,--,16.8,21.6,16.5,6.5,--,--,--,--,--,--,--,--,--,--,--,--,--,--,2.8,2.1,2.8,4.1,--,--
2023,Rio de Janeiro,Total,Estadual,84.8,97,84.7,98.4,98.5,97.9,95.4,94.8,86.3,85,84,83.6,80.5,74.3,81.2,87.9,--,100,13.8,3,13.9,1.6,1.5,2.1,4.6,5.2,12.7,14.1,14.4,14.2,14.2,19.9,13.3,7.5,--,0,1.4,0,1.4,0,0,0,0,0,1,0.9,1.6,2.2,5.3,5.8,5.5,4.6,--,0
2023,Rio de Janeiro,Urbana,Estadual,84.8,96.8,84.8,98.3,98.3,97.7,95.3,94.8,86.5,85,84.1,83.6,80.2,74,80.9,87.7,--,100,13.7,3.2,13.8,1.7,1.7,2.3,4.7,5.2,12.5,14.1,14.3,14.1,14.4,20.1,13.5,7.6,--,0,1.5,0,1.4,0,0,0,0,0,1,0.9,1.6,2.3,5.4,5.9,5.6,4.7,--,0
2023,Rio de Janeiro,Rural,Estadual,83.2,100,83,100,100,100,100,100,81.5,84.7,82.9,83.5,87.2,81.6,88.4,93.4,--,--,15.9,0,16.1,0,0,0,0,0,18,14.8,15.8,15.3,9.6,14.5,8.3,4.5,--,--,0.9,0,0.9,0,0,0,0,0,0.5,0.5,1.3,1.2,3.2,3.9,3.3,2.1,--,--
2023,Rio de Janeiro,Total,Municipal,93,93.7,91.8,95.4,94.2,90.9,93.4,94.8,90.3,90.8,91.8,94.9,87.2,80.2,89.8,92.3,100,--,6.5,5.9,7.4,4,5.5,8.8,6.3,4.8,8.9,8.4,7.1,4.2,9,15.2,7.5,3.6,0,--,0.5,0.4,0.8,0.6,0.3,0.3,0.3,0.4,0.8,0.8,1.1,0.9,3.8,4.6,2.7,4.1,0,--
2023,Rio de Janeiro,Urbana,Municipal,93.1,93.8,91.9,95.5,94.4,91,93.5,94.9,90.5,90.9,91.9,94.9,87.2,80.2,89.8,92.3,100,--,6.3,5.8,7.3,3.8,5.3,8.7,6.1,4.7,8.7,8.3,7,4.2,9,15.2,7.5,3.6,0,--,0.6,0.4,0.8,0.7,0.3,0.3,0.4,0.4,0.8,0.8,1.1,0.9,3.8,4.6,2.7,4.1,0,--
2023,Rio de Janeiro,Rural,Municipal,91.6,92.3,89.9,94.5,91.9,90,91.8,93.6,87.5,89.2,89.8,94.5,--,--,--,--,--,--,7.9,7.4,9,5.2,8,9.8,7.9,6,11.6,9.8,8.9,4.4,--,--,--,--,--,--,0.5,0.3,1.1,0.3,0.1,0.2,0.3,0.4,0.9,1,1.3,1.1,--,--,--,--,--,--
2023,Rio de Janeiro,Total,Privada,98.1,98.5,97.5,97.1,98.4,98.9,99,99,97.9,97.5,97.4,97.1,95.8,93.9,96.6,98.4,82.2,86.8,1.8,1.4,2.4,2.6,1.5,1.1,1,0.9,2,2.4,2.5,2.8,3.6,5.9,3.2,1.4,14.4,2.1,0.1,0.1,0.1,0.3,0.1,0,0,0.1,0.1,0.1,0.1,0.1,0.6,0.2,0.2,0.2,3.4,11.1
2023,Rio de Janeiro,Urbana,Privada,98.1,98.5,97.5,97.1,98.4,98.9,99,99,97.9,97.5,97.4,97.1,95.8,93.8,96.6,98.4,82.2,86.8,1.8,1.4,2.4,2.6,1.4,1,1,0.9,2,2.4,2.5,2.9,3.6,5.9,3.2,1.4,14.4,2.1,0.1,0.1,0.1,0.3,0.2,0.1,0,0.1,0.1,0.1,0.1,0,0.6,0.3,0.2,0.2,3.4,11.1
2023,Rio de Janeiro,Rural,Privada,97.9,97.7,98.3,96.7,97,97.1,99,98.9,98.2,97.6,98.9,98.6,96.4,95.5,98,95.7,--,--,2.1,2.3,1.7,3.3,3,2.9,1,1.1,1.8,2.2,1.1,1.4,3.6,4.5,2,4.3,--,--,0,0,0,0,0,0,0,0,0,0.2,0,0,0,0,0,0,--,--
2023,Rio de Janeiro,Total,Pública,92.1,93.7,90.1,95.5,94.2,90.9,93.4,94.8,89.5,89.5,89.8,91.6,80.8,74.6,81.4,88.1,84.3,88.1,7.2,5.9,8.9,3.9,5.5,8.7,6.3,4.8,9.7,9.6,9,7.2,14.1,19.8,13.3,7.4,14.4,8.2,0.7,0.4,1,0.6,0.3,0.4,0.3,0.4,0.8,0.9,1.2,1.2,5.1,5.6,5.3,4.5,1.3,3.7
2023,Rio de Janeiro,Urbana,Pública,92.2,93.8,90.1,95.5,94.4,91,93.6,94.9,89.7,89.6,89.9,91.6,80.5,74.3,81.1,87.9,84.3,88.1,7.2,5.8,8.8,3.8,5.3,8.6,6.1,4.7,9.5,9.5,8.9,7.2,14.2,20,13.5,7.5,14.4,8.2,0.6,0.4,1.1,0.7,0.3,0.4,0.3,0.4,0.8,0.9,1.2,1.2,5.3,5.7,5.4,4.6,1.3,3.7
2023,Rio de Janeiro,Rural,Pública,91,92.3,88.5,94.5,91.9,90.1,91.8,93.6,86.2,88.4,88.3,91.9,86.9,81.3,88.1,93.3,--,--,8.5,7.4,10.5,5.2,7.9,9.7,7.9,6,12.9,10.7,10.4,7,9.9,14.8,8.6,4.6,--,--,0.5,0.3,1,0.3,0.2,0.2,0.3,0.4,0.9,0.9,1.3,1.1,3.2,3.9,3.3,2.1,--,--
2023,São Paulo,Total,Total,98.5,99.1,97.7,99.5,99.3,98.2,99.3,99.1,98.1,98.2,97.6,96.8,93.3,91.8,92.5,96.3,99,93.7,1.1,0.7,1.6,0.2,0.5,1.6,0.5,0.7,1.5,1.3,1.6,2.2,3.9,5.4,4.4,1.5,0.7,2.3,0.4,0.2,0.7,0.3,0.2,0.2,0.2,0.2,0.4,0.5,0.8,1,2.8,2.8,3.1,2.2,0.3,4
2023,São Paulo,Urbana,Total,98.5,99.1,97.7,99.5,99.3,98.3,99.3,99.1,98.1,98.2,97.6,96.7,93.3,91.7,92.5,96.3,99,93.7,1.1,0.7,1.6,0.2,0.5,1.6,0.5,0.7,1.5,1.3,1.6,2.2,3.9,5.4,4.5,1.5,0.7,2.3,0.4,0.2,0.7,0.3,0.2,0.1,0.2,0.2,0.4,0.5,0.8,1.1,2.8,2.9,3,2.2,0.3,4
2023,São Paulo,Rural,Total,98.7,98.8,98.5,99.6,99.4,97.2,99.3,98.5,98.6,98.9,98.3,98.1,96.7,96.4,96.6,97.7,--,95.3,1.1,1.2,1,0.3,0.6,2.8,0.6,1.5,1.2,0.8,1,1.1,1.5,2,1.6,0.6,--,1.3,0.2,0,0.5,0.1,0,0,0.1,0,0.2,0.3,0.7,0.8,1.8,1.6,1.8,1.7,--,3.4
2023,São Paulo,Total,Federal,99.5,100,99.2,100,100,100,100,100,100,100,100,96.7,95.8,93.2,95.7,98.4,99,--,0.5,0,0.8,0,0,0,0,0,0,0,0,3.3,3.9,6.4,4.1,1.4,0.7,--,0,0,0,0,0,0,0,0,0,0,0,0,0.3,0.4,0.2,0.2,0.3,--
2023,São Paulo,Urbana,Federal,99.5,100,99.2,100,100,100,100,100,100,100,100,96.7,95.8,93.2,95.7,98.4,99,--,0.5,0,0.8,0,0,0,0,0,0,0,0,3.3,3.9,6.4,4.1,1.4,0.7,--,0,0,0,0,0,0,0,0,0,0,0,0,0.3,0.4,0.2,0.2,0.3,--
2023,São Paulo,Total,Estadual,97.8,99,97.2,98.9,99.2,98.6,99.3,99.2,97.9,98.2,97.3,95.5,92.4,90.6,91.4,95.5,--,93.7,1.4,0.4,1.8,0.3,0.2,0.9,0.2,0.3,1.5,1.1,1.6,3,4.3,5.9,5,1.7,--,2.3,0.8,0.6,1,0.8,0.6,0.5,0.5,0.5,0.6,0.7,1.1,1.5,3.3,3.5,3.6,2.8,--,4
2023,São Paulo,Urbana,Estadual,97.7,99,97.2,98.9,99.2,98.6,99.3,99.2,97.8,98.2,97.3,95.4,92.3,90.5,91.3,95.5,--,93.7,1.4,0.4,1.8,0.3,0.2,0.9,0.2,0.3,1.6,1.1,1.6,3,4.3,6,5,1.7,--,2.3,0.9,0.6,1,0.8,0.6,0.5,0.5,0.5,0.6,0.7,1.1,1.6,3.4,3.5,3.7,2.8,--,4
2023,São Paulo,Rural,Estadual,98.8,99.5,98.6,99.4,99.8,99.5,99.2,99.5,98.9,99.4,98.5,97.8,96.6,96.3,96.5,97.5,--,95.3,0.6,0.3,0.7,0.2,0.1,0.5,0.5,0.3,0.9,0.2,0.5,1.1,1.5,1.9,1.6,0.6,--,1.3,0.6,0.2,0.7,0.4,0.1,0,0.3,0.2,0.2,0.4,1,1.1,1.9,1.8,1.9,1.9,--,3.4
2023,São Paulo,Total,Municipal,98.6,98.9,97.6,99.6,99.2,97.7,99.2,98.9,97.7,97.5,97.3,97.9,96.9,96.1,96.5,98,99.2,--,1.2,1,1.8,0.3,0.7,2.2,0.7,1,1.9,2,2,1.2,2.2,2.9,2.6,1.2,0.4,--,0.2,0.1,0.6,0.1,0.1,0.1,0.1,0.1,0.4,0.5,0.7,0.9,0.9,1,0.9,0.8,0.4,--
2023,São Paulo,Urbana,Municipal,98.6,98.9,97.6,99.6,99.2,97.7,99.2,98.9,97.7,97.5,97.2,97.9,96.9,96.2,96.5,98,99.2,--,1.2,1,1.8,0.3,0.7,2.1,0.7,1,1.9,2,2,1.2,2.2,2.9,2.6,1.2,0.4,--,0.2,0.1,0.6,0.1,0.1,0.2,0.1,0.1,0.4,0.5,0.8,0.9,0.9,0.9,0.9,0.8,0.4,--
2023,São Paulo,Rural,Municipal,98.5,98.7,98,99.6,99.4,96.8,99.3,98.3,98,97.6,97.7,98.6,95.1,92.5,95.5,96.3,--,--,1.4,1.3,1.8,0.3,0.6,3.2,0.6,1.7,1.8,2.2,2.1,1.1,2.7,3.8,3.4,1.2,--,--,0.1,0,0.2,0.1,0,0,0.1,0,0.2,0.2,0.2,0.3,2.2,3.7,1.1,2.5,--,--
2023,São Paulo,Total,Privada,99.4,99.6,99,99.9,99.8,99.4,99.5,99.5,99.1,99,99,99,98.4,97.3,98.6,99.5,98.3,96.7,0.6,0.4,1,0.1,0.2,0.6,0.5,0.5,0.9,1,1,1,1.6,2.7,1.4,0.5,1.7,0.5,0,0,0,0,0,0,0,0,0,0,0,0,0,0,0,0,0,2.8
2023,São Paulo,Urbana,Privada,99.4,99.6,99,99.9,99.8,99.4,99.5,99.5,99.1,99,99,99,98.4,97.3,98.6,99.5,98.3,96.7,0.6,0.4,1,0.1,0.2,0.6,0.5,0.5,0.9,1,1,1,1.6,2.7,1.4,0.5,1.7,0.5,0,0,0,0,0,0,0,0,0,0,0,0,0,0,0,0,0,2.8
2023,São Paulo,Rural,Privada,99.4,99.7,99,99.6,99.8,99.8,99.5,99.6,98.5,99.5,98.9,99,98.5,97.2,99.2,99.7,--,--,0.6,0.3,1,0.3,0.2,0.2,0.5,0.4,1.3,0.5,1.1,0.9,1.4,2.7,0.8,0.3,--,--,0,0,0,0.1,0,0,0,0,0.2,0,0,0.1,0.1,0.1,0,0,--,--
2023,São Paulo,Total,Pública,98.2,98.9,97.3,99.4,99.2,97.9,99.2,99,97.8,98,97.3,96.2,92.4,90.7,91.5,95.6,99,93.7,1.3,0.8,1.8,0.3,0.6,1.9,0.6,0.8,1.6,1.4,1.7,2.5,4.3,5.9,4.9,1.7,0.6,2.3,0.5,0.3,0.9,0.3,0.2,0.2,0.2,0.2,0.6,0.6,1,1.3,3.3,3.4,3.6,2.7,0.4,4
2023,São Paulo,Urbana,Pública,98.2,98.9,97.3,99.4,99.2,98,99.2,99,97.8,98,97.3,96.1,92.4,90.6,91.4,95.6,99,93.7,1.3,0.8,1.8,0.3,0.6,1.8,0.6,0.8,1.6,1.4,1.7,2.5,4.3,5.9,5,1.7,0.6,2.3,0.5,0.3,0.9,0.3,0.2,0.2,0.2,0.2,0.6,0.6,1,1.4,3.3,3.5,3.6,2.7,0.4,4
2023,São Paulo,Rural,Pública,98.6,98.7,98.4,99.6,99.4,97,99.3,98.4,98.6,98.9,98.2,98,96.6,96.3,96.4,97.5,--,95.3,1.2,1.3,1,0.3,0.6,3,0.6,1.6,1.2,0.9,1,1.1,1.5,1.9,1.6,0.6,--,1.3,0.2,0,0.6,0.1,0,0,0.1,0,0.2,0.2,0.8,0.9,1.9,1.8,2,1.9,--,3.4
2023,Paraná,Total,Total,98.1,97.9,98.4,99,96.5,96.9,98.2,99.2,98.6,98.5,98.1,98.3,96.5,94.8,96.7,98.3,98.5,81.3,1.8,2.1,1.5,1,3.5,3.1,1.8,0.8,1.4,1.4,1.7,1.5,2.9,4.6,2.6,1.1,1.1,17,0.1,0,0.1,0,0,0,0,0,0,0.1,0.2,0.2,0.6,0.6,0.7,0.6,0.4,1.7
2023,Paraná,Urbana,Total,98.2,98,98.4,99,96.6,97,98.2,99.2,98.6,98.5,98.1,98.3,96.5,94.7,96.7,98.3,98.5,81.3,1.8,2,1.5,1,3.4,3,1.8,0.8,1.4,1.4,1.7,1.5,2.9,4.7,2.6,1.2,1.1,17,0,0,0.1,0,0,0,0,0,0,0.1,0.2,0.2,0.6,0.6,0.7,0.5,0.4,1.7
2023,Paraná,Rural,Total,97.7,97,98.8,98.7,95.6,95.2,97.3,98.4,98.8,98.9,98.5,98.9,97.5,96.3,97.6,99.1,94.4,--,2.3,3,1.1,1.3,4.4,4.8,2.7,1.6,1.2,1,1.4,0.9,1.8,3,1.6,0.6,0,--,0,0,0.1,0,0,0,0,0,0,0.1,0.1,0.2,0.7,0.7,0.8,0.3,5.6,--
2023,Paraná,Total,Federal,98.8,--,98.8,--,--,--,--,--,100,97.5,97.6,100,92.7,92.8,92,94.7,94.5,80.5,1.2,--,1.2,--,--,--,--,--,0,2.5,2.4,0,6.3,6.6,6.7,4.1,3.7,19.5,0,--,0,--,--,--,--,--,0,0,0,0,1,0.6,1.3,1.2,1.8,0
2023,Paraná,Urbana,Federal,98.8,--,98.8,--,--,--,--,--,100,97.5,97.6,100,92.4,92.6,91.8,94.3,94.5,80.5,1.2,--,1.2,--,--,--,--,--,0,2.5,2.4,0,6.5,6.8,6.9,4.3,3.7,19.5,0,--,0,--,--,--,--,--,0,0,0,0,1.1,0.6,1.3,1.4,1.8,0
2023,Paraná,Rural,Federal,--,--,--,--,--,--,--,--,--,--,--,--,98.3,99,96.8,100,90.9,--,--,--,--,--,--,--,--,--,--,--,--,--,1.3,1,3.2,0,0,--,--,--,--,--,--,--,--,--,--,--,--,--,0.4,0,0,0,9.1,--
2023,Paraná,Total,Estadual,98.3,96.2,98.3,96.9,96.2,96.4,95.7,95.9,98.5,98.4,98,98.3,96.4,94.5,96.6,98.2,99,--,1.6,3.7,1.5,2.9,3.8,3.6,4.1,4.1,1.4,1.5,1.8,1.5,2.9,4.8,2.6,1.2,0.8,--,0.1,0.1,0.2,0.2,0,0,0.2,0,0.1,0.1,0.2,0.2,0.7,0.7,0.8,0.6,0.2,--
2023,Paraná,Urbana,Estadual,98.3,98.3,98.3,97.7,97.2,98.2,99.4,98.8,98.5,98.4,98,98.2,96.3,94.4,96.5,98.2,99,--,1.6,1.7,1.6,2.3,2.8,1.8,0.6,1.2,1.5,1.5,1.8,1.5,3,4.9,2.7,1.3,0.8,--,0.1,0,0.1,0,0,0,0,0,0,0.1,0.2,0.3,0.7,0.7,0.8,0.5,0.2,--
2023,Paraná,Rural,Estadual,98.7,95.4,99,96.7,95.9,95.6,94.3,94.7,99,98.9,98.8,99.1,97.6,96.4,97.6,99.1,100,--,1.2,4.5,0.9,3.1,4.1,4.4,5.5,5.3,0.9,0.9,1.1,0.7,1.8,2.9,1.5,0.6,0,--,0.1,0.1,0.1,0.2,0,0,0.2,0,0.1,0.2,0.1,0.2,0.6,0.7,0.9,0.3,0,--
2023,Paraná,Total,Municipal,97.7,97.7,98.6,98.9,96,96.5,98,99.1,98.5,99.3,97.7,98.7,--,--,--,--,--,--,2.3,2.3,1,1.1,4,3.5,2,0.9,1.5,0.3,1.6,0.5,--,--,--,--,--,--,0,0,0.4,0,0,0,0,0,0,0.4,0.7,0.8,--,--,--,--,--,--
2023,Paraná,Urbana,Municipal,97.8,97.7,99.6,98.9,96.1,96.6,98,99.2,100,99.6,99.5,99.4,--,--,--,--,--,--,2.2,2.3,0,1.1,3.9,3.4,2,0.8,0,0,0,0,--,--,--,--,--,--,0,0,0.4,0,0,0,0,0,0,0.4,0.5,0.6,--,--,--,--,--,--
2023,Paraná,Rural,Municipal,97,97.1,90,98.8,95.5,95.1,97.5,98.6,86.4,97,82.5,93.4,--,--,--,--,--,--,3,2.9,9,1.2,4.5,4.9,2.5,1.4,13.6,3,15.1,4.9,--,--,--,--,--,--,0,0,1,0,0,0,0,0,0,0,2.4,1.7,--,--,--,--,--,--
2023,Paraná,Total,Privada,99.1,99.3,98.8,99.4,99.2,99.1,99.4,99.5,99,98.9,98.8,98.6,98,96.6,98.1,99.4,100,85.3,0.9,0.7,1.2,0.6,0.8,0.9,0.6,0.5,1,1.1,1.2,1.4,1.9,3.2,1.9,0.5,0,4.4,0,0,0,0,0,0,0,0,0,0,0,0,0.1,0.2,0,0.1,0,10.3
2023,Paraná,Urbana,Privada,99.1,99.3,98.8,99.4,99.2,99.1,99.4,99.5,99,98.9,98.8,98.6,98,96.7,98.2,99.4,100,85.3,0.9,0.7,1.2,0.6,0.8,0.9,0.6,0.5,1,1.1,1.2,1.4,1.9,3.2,1.8,0.5,0,4.4,0,0,0,0,0,0,0,0,0,0,0,0,0.1,0.1,0,0.1,0,10.3
2023,Paraná,Rural,Privada,98.4,100,96.7,100,100,100,100,100,98.1,100,97.1,93.6,94.5,90.2,95.9,98,--,--,1.6,0,3.3,0,0,0,0,0,1.9,0,2.9,6.4,5.2,8.9,4.1,2,--,--,0,0,0,0,0,0,0,0,0,0,0,0,0.3,0.9,0,0,--,--
2023,Paraná,Total,Pública,98,97.7,98.3,98.9,96,96.5,98,99.1,98.5,98.4,98,98.3,96.3,94.4,96.5,98.1,98.5,80.5,2,2.3,1.5,1.1,4,3.5,2,0.9,1.4,1.5,1.8,1.5,3,4.8,2.7,1.3,1.1,19.5,0,0,0.2,0,0,0,0,0,0.1,0.1,0.2,0.2,0.7,0.8,0.8,0.6,0.4,0
2023,Paraná,Urbana,Pública,98,97.7,98.3,98.9,96.1,96.6,98,99.2,98.5,98.4,98,98.2,96.2,94.3,96.4,98.1,98.5,80.5,1.9,2.3,1.6,1.1,3.9,3.4,2,0.8,1.5,1.5,1.8,1.5,3.1,4.9,2.8,1.3,1.1,19.5,0.1,0,0.1,0,0,0,0,0,0,0.1,0.2,0.3,0.7,0.8,0.8,0.6,0.4,0
2023,Paraná,Rural,Pública,97.7,97,98.8,98.7,95.6,95.1,97.3,98.4,98.8,98.9,98.5,99,97.6,96.5,97.6,99.1,94.4,--,2.3,3,1.1,1.3,4.4,4.9,2.7,1.6,1.2,1,1.4,0.8,1.7,2.8,1.5,0.6,0,--,0,0,0.1,0,0,0,0,0,0,0.1,0.1,0.2,0.7,0.7,0.9,0.3,5.6,--
2023,Santa Catarina,Total,Total,95.3,97.5,92.5,99.1,96.3,97.9,98.1,96.3,92.6,91.9,91.7,93.8,83.6,77.3,84.6,91.6,90.4,90.1,4.4,2.4,7.1,0.8,3.6,2,1.8,3.6,7.2,7.8,7.7,5.5,12,18.3,10.6,4.6,5.2,6.1,0.3,0.1,0.4,0.1,0.1,0.1,0.1,0.1,0.2,0.3,0.6,0.7,4.4,4.4,4.8,3.8,4.4,3.8
2023,Santa Catarina,Urbana,Total,95.3,97.5,92.4,99.1,96.2,97.9,98.1,96.3,92.5,91.8,91.7,93.8,83.5,77.1,84.5,91.5,90.4,90.1,4.5,2.4,7.1,0.8,3.7,2,1.8,3.6,7.2,7.9,7.7,5.6,12.1,18.5,10.6,4.6,5.2,6.1,0.2,0.1,0.5,0.1,0.1,0.1,0.1,0.1,0.3,0.3,0.6,0.6,4.4,4.4,4.9,3.9,4.4,3.8
2023,Santa Catarina,Rural,Total,96.2,97.8,93.2,99.2,97.1,97.8,98.3,96.4,93,92.6,92.5,94.8,89.3,85.9,88.7,95,85.7,--,3.6,2.2,6.3,0.7,2.9,2.1,1.7,3.5,6.7,6.9,6.9,4.5,8.3,11.9,8.3,3,7.1,--,0.2,0,0.5,0.1,0,0.1,0,0.1,0.3,0.5,0.6,0.7,2.4,2.2,3,2,7.2,--
2023,Santa Catarina,Total,Federal,96.3,100,92,100,100,100,100,100,94.6,86.3,95.9,91.8,90.2,88.4,88.9,93.3,95.5,--,3.7,0,8,0,0,0,0,0,5.4,13.7,4.1,8.2,7.9,9.6,9.2,5,2.6,--,0,0,0,0,0,0,0,0,0,0,0,0,1.9,2,1.9,1.7,1.9,--
2023,Santa Catarina,Urbana,Federal,96.3,100,92,100,100,100,100,100,94.6,86.3,95.9,91.8,90.3,88.4,89,93.4,95.5,--,3.7,0,8,0,0,0,0,0,5.4,13.7,4.1,8.2,7.7,9.4,9.1,4.7,2.6,--,0,0,0,0,0,0,0,0,0,0,0,0,2,2.2,1.9,1.9,1.9,--
2023,Santa Catarina,Rural,Federal,--,--,--,--,--,--,--,--,--,--,--,--,89.1,87.6,88.2,91.9,--,--,--,--,--,--,--,--,--,--,--,--,--,--,10.3,11.8,10.8,7.7,--,--,--,--,--,--,--,--,--,--,--,--,--,--,0.6,0.6,1,0.4,--,--
2023,Santa Catarina,Total,Estadual,90.8,95.2,88,98.3,90.2,99,98.7,91.1,88.5,86.9,86.9,89.6,80.9,73.9,82.1,90.1,86.9,--,8.8,4.7,11.4,1.5,9.7,0.8,1.2,8.8,11.2,12.6,12.3,9.5,13.9,21,12.1,5.3,7,--,0.4,0.1,0.6,0.2,0.1,0.2,0.1,0.1,0.3,0.5,0.8,0.9,5.2,5.1,5.8,4.6,6.1,--
2023,Santa Catarina,Urbana,Estadual,90.6,95,87.9,98.3,90,99,98.7,90.9,88.4,86.8,86.8,89.4,80.7,73.6,82,90,86.9,--,8.9,4.8,11.5,1.6,9.9,0.9,1.2,9,11.3,12.9,12.5,9.6,14,21.2,12.2,5.4,7,--,0.5,0.2,0.6,0.1,0.1,0.1,0.1,0.1,0.3,0.3,0.7,1,5.3,5.2,5.8,4.6,6.1,--
2023,Santa Catarina,Rural,Estadual,93.1,96.6,90.1,99,93.1,99.3,99.4,93.4,89.7,89.9,89.5,91.5,88.3,84.5,87.8,94.9,84.6,--,6.4,3.3,9,0.8,6.9,0.6,0.5,6.6,9.7,9.2,9.6,7.3,8.8,12.9,8.6,2.5,7.7,--,0.5,0.1,0.9,0.2,0,0.1,0.1,0,0.6,0.9,0.9,1.2,2.9,2.6,3.6,2.6,7.7,--
2023,Santa Catarina,Total,Municipal,96.8,97.8,94.9,99.1,97.4,97.1,97.5,97.7,94.1,94.3,94.3,97,96.8,95.4,96.2,99.1,100,--,3,2.1,4.7,0.7,2.5,2.8,2.4,2.2,5.6,5.3,5.1,2.4,2.1,3.1,2.3,0.9,0,--,0.2,0.1,0.4,0.2,0.1,0.1,0.1,0.1,0.3,0.4,0.6,0.6,1.1,1.5,1.5,0,0,--
2023,Santa Catarina,Urbana,Municipal,96.7,97.8,94.8,99.1,97.4,97.1,97.5,97.7,94.1,94.3,94.3,97,97.6,94.7,97.9,100,--,--,3,2.1,4.7,0.7,2.5,2.8,2.4,2.1,5.6,5.3,5.1,2.4,2,4,2.1,0,--,--,0.3,0.1,0.5,0.2,0.1,0.1,0.1,0.2,0.3,0.4,0.6,0.6,0.4,1.3,0,0,--,--
2023,Santa Catarina,Rural,Municipal,97.3,98,95.4,99.2,97.9,97.5,98,97.3,95.3,94.6,94.7,97.3,95.3,96.4,91.9,97.1,100,--,2.6,1.9,4.3,0.7,2,2.4,1.9,2.6,4.6,5.2,4.9,2.3,2.4,1.8,2.7,2.9,0,--,0.1,0.1,0.3,0.1,0.1,0.1,0.1,0.1,0.1,0.2,0.4,0.4,2.3,1.8,5.4,0,0,--
2023,Santa Catarina,Total,Privada,99.3,99.6,98.8,99.7,99.5,99.6,99.7,99.6,99.3,98.9,98.6,98.4,97.4,95.9,98,99,--,90.1,0.7,0.4,1.2,0.3,0.5,0.4,0.3,0.4,0.7,1.1,1.3,1.6,2.3,3.9,1.8,0.8,--,6.1,0,0,0,0,0,0,0,0,0,0,0.1,0,0.3,0.2,0.2,0.2,--,3.8
2023,Santa Catarina,Urbana,Privada,99.3,99.6,98.8,99.7,99.5,99.6,99.7,99.6,99.3,98.9,98.6,98.3,97.4,95.9,98,99,--,90.1,0.7,0.4,1.2,0.3,0.5,0.4,0.3,0.4,0.7,1.1,1.4,1.7,2.3,3.9,1.8,0.8,--,6.1,0,0,0,0,0,0,0,0,0,0,0,0,0.3,0.2,0.2,0.2,--,3.8
2023,Santa Catarina,Rural,Privada,98.8,99,98.6,100,100,98.6,98.7,97.4,97.8,96.2,100,100,97.4,95.3,97.4,100,--,--,1.2,1,1.4,0,0,1.4,1.3,2.6,2.2,3.8,0,0,2.6,4.7,2.6,0,--,--,0,0,0,0,0,0,0,0,0,0,0,0,0,0,0,0,--,--
2023,Santa Catarina,Total,Pública,94.7,97.1,91.5,99,95.7,97.6,97.8,95.8,91.5,90.8,90.7,93.1,81.4,74.6,82.5,90.3,90.4,--,5,2.7,8,0.9,4.2,2.3,2.1,4.1,8.2,8.8,8.7,6.1,13.6,20.4,12,5.3,5.2,--,0.3,0.2,0.5,0.1,0.1,0.1,0.1,0.1,0.3,0.4,0.6,0.8,5,5,5.5,4.4,4.4,--
2023,Santa Catarina,Urbana,Pública,94.5,97.1,91.4,98.9,95.6,97.5,97.8,95.7,91.4,90.6,90.5,93,81.2,74.3,82.3,90.2,90.4,--,5.2,2.8,8.1,0.9,4.3,2.4,2.1,4.2,8.3,9,8.8,6.2,13.7,20.7,12.1,5.3,5.2,--,0.3,0.1,0.5,0.2,0.1,0.1,0.1,0.1,0.3,0.4,0.7,0.8,5.1,5,5.6,4.5,4.4,--
2023,Santa Catarina,Rural,Pública,96.2,97.8,93.1,99.2,97,97.8,98.3,96.4,92.9,92.6,92.4,94.7,88.5,85.1,87.9,94.5,85.7,--,3.6,2.2,6.4,0.7,2.9,2.1,1.7,3.5,6.8,6.9,7,4.6,8.8,12.5,8.8,3.3,7.1,--,0.2,0,0.5,0.1,0.1,0.1,0,0.1,0.3,0.5,0.6,0.7,2.7,2.4,3.3,2.2,7.2,--
2023,Rio Grande do Sul,Total,Total,93.5,95.8,90.7,99.6,99.6,91.8,94.2,93.9,90.1,89.9,89.9,92.8,82.7,77.1,83,90.8,88.1,74.3,5.7,4,8,0.2,0.2,7.9,5.6,5.7,9.1,9,8.3,5.3,9.6,14.5,9.2,3.5,5.5,6.2,0.8,0.2,1.3,0.2,0.2,0.3,0.2,0.4,0.8,1.1,1.8,1.9,7.7,8.4,7.8,5.7,6.4,19.5
2023,Rio Grande do Sul,Urbana,Total,93.5,95.8,90.7,99.6,99.6,91.8,94.2,93.9,90.2,89.9,89.9,92.8,82.7,77,82.9,90.8,88.7,72.9,5.7,4,8,0.2,0.2,8,5.5,5.7,9.1,9,8.4,5.4,9.7,14.6,9.2,3.4,5.5,6.6,0.8,0.2,1.3,0.2,0.2,0.2,0.3,0.4,0.7,1.1,1.7,1.8,7.6,8.4,7.9,5.8,5.8,20.5
2023,Rio Grande do Sul,Rural,Total,93.8,95.9,90.8,99.7,99.7,92.3,93.9,94.3,89.5,90.2,90,93.8,84.8,79.6,86,90.6,83.5,97.7,5.5,3.9,7.6,0.1,0.2,7.6,6,5.5,9.8,8.6,7.7,3.9,8.7,13.1,7.5,4.9,4.8,0,0.7,0.2,1.6,0.2,0.1,0.1,0.1,0.2,0.7,1.2,2.3,2.3,6.5,7.3,6.5,4.5,11.7,2.3
2023,Rio Grande do Sul,Total,Federal,96.6,100,96.3,100,100,100,100,100,96.5,96.7,95.4,96.7,88.8,85.4,89.3,92.8,90.4,96.9,3.4,0,3.7,0,0,0,0,0,3.5,3.3,4.6,3.3,9.6,12.9,9.1,6.1,8,0,0,0,0,0,0,0,0,0,0,0,0,0,1.6,1.7,1.6,1.1,1.6,3.1
2023,Rio Grande do Sul,Urbana,Federal,96.6,100,96.3,100,100,100,100,100,96.5,96.7,95.4,96.7,88,84.9,88,91.7,90.3,--,3.4,0,3.7,0,0,0,0,0,3.5,3.3,4.6,3.3,10.4,13.4,10.2,7.1,8.1,--,0,0,0,0,0,0,0,0,0,0,0,0,1.6,1.7,1.8,1.2,1.6,--
2023,Rio Grande do Sul,Rural,Federal,--,--,--,--,--,--,--,--,--,--,--,--,91.8,87.1,93.4,96.3,91.7,96.9,--,--,--,--,--,--,--,--,--,--,--,--,6.8,10.9,5.8,2.9,7.4,0,--,--,--,--,--,--,--,--,--,--,--,--,1.4,2,0.8,0.8,0.9,3.1
2023,Rio Grande do Sul,Total,Estadual,92.4,95.3,89.7,99.6,99.6,91.2,93.8,93.3,89.9,89.3,88.7,90.7,80.5,74.4,80.6,89.4,85.9,98.9,6.5,4.3,8.5,0.1,0.1,8.4,5.9,6.2,9.2,9.2,9,6.6,10.6,15.8,10.1,3.7,4,0.2,1.1,0.4,1.8,0.3,0.3,0.4,0.3,0.5,0.9,1.5,2.3,2.7,8.9,9.8,9.3,6.9,10.1,0.9
2023,Rio Grande do Sul,Urbana,Estadual,92.4,95.3,89.6,99.6,99.6,91,93.8,93.3,89.8,89.3,88.6,90.6,80.5,74.3,80.5,89.4,86.9,98.8,6.5,4.3,8.6,0.1,0.1,8.5,5.8,6.2,9.3,9.4,9.2,6.8,10.6,15.8,10.1,3.6,4.1,0.2,1.1,0.4,1.8,0.3,0.3,0.5,0.4,0.5,0.9,1.3,2.2,2.6,8.9,9.9,9.4,7,9,1
2023,Rio Grande do Sul,Rural,Estadual,93.1,95.4,90.9,99.5,99.6,92.8,93,93,91.3,90.6,90.1,91.8,81.4,75.7,82.7,88.4,79.2,100,5.6,4.3,6.8,0.1,0.1,7,6.5,6.4,7.8,7.8,7.1,4.6,9.9,14.5,8.5,5.8,3.5,0,1.3,0.3,2.3,0.4,0.3,0.2,0.5,0.6,0.9,1.6,2.8,3.6,8.7,9.8,8.8,5.8,17.3,0
2023,Rio Grande do Sul,Total,Municipal,92.9,95.1,89.5,99.5,99.5,90.5,93.1,93,88.2,88.2,88.7,93.4,76.2,65.9,83.9,84.1,92.6,44.8,6.5,4.7,9.3,0.2,0.3,9.3,6.7,6.6,11.1,10.7,9.5,4.9,16.5,22,9,12,2.7,55.2,0.6,0.2,1.2,0.3,0.2,0.2,0.2,0.4,0.7,1.1,1.8,1.7,7.3,12.1,7.1,3.9,4.7,0
2023,Rio Grande do Sul,Urbana,Municipal,92.7,94.9,89.3,99.5,99.4,90.2,92.9,92.7,88.1,88,88.5,93.2,74.7,63.2,82.8,83.4,92.6,44.8,6.6,4.8,9.4,0.2,0.3,9.5,6.8,6.9,11.1,10.9,9.7,5,17.8,23.7,9.8,12.7,2.7,55.2,0.7,0.3,1.3,0.3,0.3,0.3,0.3,0.4,0.8,1.1,1.8,1.8,7.5,13.1,7.4,3.9,4.7,0
2023,Rio Grande do Sul,Rural,Municipal,94,96.1,90.7,99.8,99.7,92.2,94.1,94.7,88.7,90,89.9,94.8,87.4,83.6,89.1,90.5,--,--,5.4,3.9,8,0.1,0.2,7.7,5.8,5.2,10.7,9,8,3.6,7.4,11.2,5,5.4,--,--,0.6,0,1.3,0.1,0.1,0.1,0.1,0.1,0.6,1,2.1,1.6,5.2,5.2,5.9,4.1,--,--
2023,Rio Grande do Sul,Total,Privada,98.9,99.4,98.1,99.8,99.9,98.9,99.2,99.1,98.5,98,98,97.8,94.5,94.8,96.8,98.7,97.7,71.3,1.1,0.6,1.9,0.1,0.1,1.1,0.8,0.9,1.4,2,2,2.2,3.3,5.1,3,1.1,0,5.3,0,0,0,0.1,0,0,0,0,0.1,0,0,0,2.2,0.1,0.2,0.2,2.3,23.4
2023,Rio Grande do Sul,Urbana,Privada,98.9,99.4,98.1,99.8,99.9,98.9,99.2,99.1,98.5,98,98,97.8,94.5,94.8,96.8,98.7,97.7,71.3,1.1,0.6,1.9,0.1,0.1,1.1,0.8,0.9,1.4,2,2,2.2,3.3,5.1,3,1.1,0,5.3,0,0,0,0.1,0,0,0,0,0.1,0,0,0,2.2,0.1,0.2,0.2,2.3,23.4
2023,Rio Grande do Sul,Rural,Privada,97.1,97.7,94.4,100,100,93.9,93.1,100,94.7,100,75,100,96.7,96.6,95.1,98.8,--,--,2.4,1.7,5.6,0,0,6.1,3.4,0,5.3,0,25,0,2.5,3.4,3.4,0,--,--,0.5,0.6,0,0,0,0,3.5,0,0,0,0,0,0.8,0,1.5,1.2,--,--
2023,Rio Grande do Sul,Total,Pública,92.7,95.1,89.6,99.5,99.5,90.7,93.3,93.1,88.9,88.7,88.7,92.1,81,74.9,81,89.5,87.9,88.2,6.5,4.5,8.9,0.2,0.2,9,6.4,6.5,10.3,10,9.3,5.7,10.6,15.7,10,3.9,5.6,10.6,0.8,0.4,1.5,0.3,0.3,0.3,0.3,0.4,0.8,1.3,2,2.2,8.4,9.4,9,6.6,6.5,1.2
2023,Rio Grande do Sul,Urbana,Pública,92.6,95.1,89.4,99.5,99.5,90.5,93.2,92.9,88.9,88.6,88.6,91.9,80.8,74.7,80.8,89.5,88.5,83.9,6.6,4.6,9.1,0.2,0.2,9.2,6.5,6.6,10.3,10.2,9.5,5.9,10.7,15.8,10.1,3.8,5.7,15.4,0.8,0.3,1.5,0.3,0.3,0.3,0.3,0.5,0.8,1.2,1.9,2.2,8.5,9.5,9.1,6.7,5.8,0.7
2023,Rio Grande do Sul,Rural,Pública,93.8,95.9,90.8,99.7,99.7,92.3,93.9,94.3,89.5,90.2,90,93.8,84.3,78.8,85.6,90.3,83.5,97.7,5.5,3.9,7.6,0.1,0.2,7.6,6,5.5,9.8,8.7,7.7,3.9,9,13.5,7.7,5.1,4.8,0,0.7,0.2,1.6,0.2,0.1,0.1,0.1,0.2,0.7,1.1,2.3,2.3,6.7,7.7,6.7,4.6,11.7,2.3
2023,Mato Grosso do Sul,Total,Total,93.2,93.8,92.5,98.7,90.9,92.6,92.6,94.4,90.7,92.8,92.9,93.8,87.6,86.4,87.8,90.9,79.6,79.6,6.3,6,6.6,1.1,8.9,7.2,7.1,5.3,8.6,6.4,6.2,5,8.8,10.5,8.4,6.1,15.9,11.7,0.5,0.2,0.9,0.2,0.2,0.2,0.3,0.3,0.7,0.8,0.9,1.2,3.6,3.1,3.8,3,4.5,8.7
2023,Mato Grosso do Sul,Urbana,Total,93.8,94.2,93.3,98.8,91.3,93.1,93.2,95.1,91.8,93.7,93.7,94.3,87.8,86.8,88.2,91,78.7,77.1,5.8,5.6,6,1,8.6,6.8,6.6,4.7,7.7,5.6,5.6,4.6,8.6,10.2,8.1,5.9,17.3,13.4,0.4,0.2,0.7,0.2,0.1,0.1,0.2,0.2,0.5,0.7,0.7,1.1,3.6,3,3.7,3.1,4,9.5
2023,Mato Grosso do Sul,Rural,Total,87.8,89.9,85.2,97.4,88.1,88,88,88.6,81.9,85,85.5,89.6,85.1,81.6,83.4,88.3,86.7,95.5,10.7,9.4,12.5,2.1,11.5,11.2,11.4,10.3,15.6,13,12,8.1,10.7,14.1,11.3,8.7,5.8,1,1.5,0.7,2.3,0.5,0.4,0.8,0.6,1.1,2.5,2,2.5,2.3,4.2,4.3,5.3,3,7.5,3.5
2023,Mato Grosso do Sul,Total,Federal,97.3,--,97.3,--,--,--,--,--,100,98.3,95.8,96.1,92.6,96.6,97,88,--,89.8,2.7,--,2.7,--,--,--,--,--,0,1.7,4.2,3.9,2.8,2.3,1.8,7.3,--,0.5,0,--,0,--,--,--,--,--,0,0,0,0,4.6,1.1,1.2,4.7,--,9.7
2023,Mato Grosso do Sul,Urbana,Federal,97.3,--,97.3,--,--,--,--,--,100,98.3,95.8,96.1,92.2,97.3,97.8,87.3,--,86.7,2.7,--,2.7,--,--,--,--,--,0,1.7,4.2,3.9,2.7,1.8,0.9,7.5,--,0.7,0,--,0,--,--,--,--,--,0,0,0,0,5.1,0.9,1.3,5.2,--,12.6
2023,Mato Grosso do Sul,Rural,Federal,--,--,--,--,--,--,--,--,--,--,--,--,94.8,90.1,92.3,93.1,--,97.7,--,--,--,--,--,--,--,--,--,--,--,--,3.4,7.9,6.5,5.7,--,0,--,--,--,--,--,--,--,--,--,--,--,--,1.8,2,1.2,1.2,--,2.3
2023,Mato Grosso do Sul,Total,Estadual,93.3,94,93.2,100,93.1,91.5,92.2,94,91.9,94.6,93.4,93.1,86.1,84.7,86,90,79.6,73.6,5.7,5.8,5.7,0,6.9,8.3,7.1,5.7,7.5,4.5,5.6,5.5,10,11.7,9.5,6.7,15.9,19.3,1,0.2,1.1,0,0,0.2,0.7,0.3,0.6,0.9,1,1.4,3.9,3.6,4.5,3.3,4.5,7.1
2023,Mato Grosso do Sul,Urbana,Estadual,93.3,93.2,93.3,100,91.6,90.2,89.7,93.8,91.9,94.6,93.5,93.2,86.3,85.1,86.4,90.2,78.7,72.8,5.7,6.4,5.7,0,8.4,9.8,9,5.8,7.5,4.5,5.5,5.3,9.8,11.4,9.3,6.4,17.3,20.1,1,0.4,1,0,0,0,1.3,0.4,0.6,0.9,1,1.5,3.9,3.5,4.3,3.4,4,7.1
2023,Mato Grosso do Sul,Rural,Estadual,93.2,95.1,92.2,100,94.1,92.6,95,94.5,91.7,94.8,91.8,90.7,82.8,80.6,81.4,86.8,86.7,87.4,6.4,4.8,7.3,0,5.9,7.2,5,5.3,7.5,4.6,7.6,8.9,12.3,14.7,12.5,9.8,5.8,4.4,0.4,0.1,0.5,0,0,0.2,0,0.2,0.8,0.6,0.6,0.4,4.9,4.7,6.1,3.4,7.5,8.2
2023,Mato Grosso do Sul,Total,Municipal,92.1,92.9,89.7,98.5,89.8,91.6,91.6,93.5,87.6,89.3,90.4,93.7,87.3,73.6,97.1,100,--,--,7.5,6.8,9.3,1.2,10,8.2,8.1,6.1,11.4,9.8,8.6,5.2,12.7,26.4,2.9,0,--,--,0.4,0.3,1,0.3,0.2,0.2,0.3,0.4,1,0.9,1,1.1,0,0,0,0,--,--
2023,Mato Grosso do Sul,Urbana,Municipal,92.9,93.4,91.4,98.7,90,92.1,92.2,94.4,89.6,90.9,92.2,95.1,--,--,--,--,--,--,6.8,6.4,8.1,1.1,9.8,7.7,7.6,5.4,9.9,8.5,7.3,4.4,--,--,--,--,--,--,0.3,0.2,0.5,0.2,0.2,0.2,0.2,0.2,0.5,0.6,0.5,0.5,--,--,--,--,--,--
2023,Mato Grosso do Sul,Rural,Municipal,86.7,89.2,82.5,97.1,87.3,87.3,87.1,87.7,78.8,82,82.9,88.9,87.3,73.6,97.1,100,--,--,11.7,10,14.4,2.4,12.2,11.8,12.2,11,18.1,15.5,13.9,7.8,12.7,26.4,2.9,0,--,--,1.6,0.8,3.1,0.5,0.5,0.9,0.7,1.3,3.1,2.5,3.2,3.3,0,0,0,0,--,--
2023,Mato Grosso do Sul,Total,Privada,98.9,99.2,98.4,99.4,98.9,98.9,99.3,99.5,98.6,98.6,98.2,98.1,97.2,96.1,97.8,98.8,--,69.2,1.1,0.8,1.6,0.6,1,1.1,0.7,0.5,1.4,1.3,1.8,1.9,2.4,3.9,2.1,1.1,--,0,0,0,0,0,0.1,0,0,0,0,0.1,0,0,0.4,0,0.1,0.1,--,30.8
2023,Mato Grosso do Sul,Urbana,Privada,98.9,99.2,98.4,99.4,98.9,98.9,99.3,99.5,98.6,98.7,98.2,98.1,97.2,96.3,97.8,98.7,--,69.2,1.1,0.8,1.6,0.6,1,1.1,0.7,0.5,1.4,1.2,1.8,1.9,2.4,3.7,2.1,1.2,--,0,0,0,0,0,0.1,0,0,0,0,0.1,0,0,0.4,0,0.1,0.1,--,30.8
2023,Mato Grosso do Sul,Rural,Privada,97.6,100,95.8,100,100,100,100,100,100,90.8,96.7,95.7,95.8,91.7,97.4,100,--,--,2.4,0,4.2,0,0,0,0,0,0,9.2,3.3,4.3,3.6,7.6,1.7,0,--,--,0,0,0,0,0,0,0,0,0,0,0,0,0.6,0.7,0.9,0,--,--
2023,Mato Grosso do Sul,Total,Pública,92.4,92.9,91.7,98.6,89.8,91.6,91.6,93.5,89.7,92,92.2,93.3,86.5,85.3,86.5,89.9,79.6,79.9,7,6.8,7.3,1.2,10,8.2,8.1,6.1,9.5,7.1,6.8,5.4,9.5,11.2,9.2,6.7,15.9,12,0.6,0.3,1,0.2,0.2,0.2,0.3,0.4,0.8,0.9,1,1.3,4,3.5,4.3,3.4,4.5,8.1
2023,Mato Grosso do Sul,Urbana,Pública,93,93.4,92.6,98.7,90.1,92.1,92.1,94.3,90.8,93,93,93.7,86.7,85.6,86.8,90,78.7,77.3,6.5,6.4,6.6,1.1,9.7,7.7,7.6,5.5,8.6,6.3,6.1,5,9.4,11,9,6.5,17.3,13.8,0.5,0.2,0.8,0.2,0.2,0.2,0.3,0.2,0.6,0.7,0.9,1.3,3.9,3.4,4.2,3.5,4,8.9
2023,Mato Grosso do Sul,Rural,Pública,87.7,89.8,85,97.4,88,87.8,87.8,88.4,81.6,84.9,85.4,89.4,84.6,81,82.6,87.7,86.7,95.5,10.8,9.5,12.6,2.1,11.6,11.4,11.5,10.4,15.8,13.1,12.1,8.1,11,14.5,11.9,9.2,5.8,1,1.5,0.7,2.4,0.5,0.4,0.8,0.7,1.2,2.6,2,2.5,2.5,4.4,4.5,5.5,3.1,7.5,3.5
2023,Mato Grosso,Total,Total,99.2,99.5,98.7,99.8,99.8,99.2,99.1,99.5,98.8,98.9,98.7,98.6,96,95.2,96.6,98.1,96.6,79.5,0.6,0.4,0.8,0.1,0.1,0.7,0.8,0.4,0.9,0.7,0.8,0.8,1.5,2.2,1.5,0.6,2.6,1.1,0.2,0.1,0.5,0.1,0.1,0.1,0.1,0.1,0.3,0.4,0.5,0.6,2.5,2.6,1.9,1.3,0.8,19.4
2023,Mato Grosso,Urbana,Total,99.2,99.5,98.8,99.8,99.8,99.2,99.1,99.6,98.8,99,98.8,98.6,95.9,95.1,96.5,98,93.8,58.6,0.6,0.4,0.8,0.1,0.2,0.8,0.8,0.3,0.9,0.7,0.7,0.8,1.5,2.2,1.5,0.6,4.7,1.4,0.2,0.1,0.4,0.1,0,0,0.1,0.1,0.3,0.3,0.5,0.6,2.6,2.7,2,1.4,1.5,40
2023,Mato Grosso,Rural,Total,98.9,99.3,98.3,99.6,99.7,99.3,99,99.1,98.5,98.2,98.1,98.3,97.3,96.1,97,99,100,97.8,0.7,0.4,1.2,0.1,0.1,0.4,0.6,0.7,1.2,1.2,1.1,1.1,1.7,2.8,1.6,0.5,0,0.8,0.4,0.3,0.5,0.3,0.2,0.3,0.4,0.2,0.3,0.6,0.8,0.6,1,1.1,1.4,0.5,0,1.4
2023,Mato Grosso,Total,Federal,--,--,--,--,--,--,--,--,--,--,--,--,93.9,90.6,94.4,97.9,93.8,94.6,--,--,--,--,--,--,--,--,--,--,--,--,5.7,8.8,5.5,1.5,4.7,5,--,--,--,--,--,--,--,--,--,--,--,--,0.4,0.6,0.1,0.6,1.5,0.4
2023,Mato Grosso,Urbana,Federal,--,--,--,--,--,--,--,--,--,--,--,--,93.9,91.4,93.7,97.5,93.8,94.6,--,--,--,--,--,--,--,--,--,--,--,--,5.5,7.8,6.1,1.7,4.7,5,--,--,--,--,--,--,--,--,--,--,--,--,0.6,0.8,0.2,0.8,1.5,0.4
2023,Mato Grosso,Rural,Federal,--,--,--,--,--,--,--,--,--,--,--,--,93.8,88.3,96.8,99.2,--,--,--,--,--,--,--,--,--,--,--,--,--,--,6.1,11.6,3,0.8,--,--,--,--,--,--,--,--,--,--,--,--,--,--,0.1,0.1,0.2,0,--,--
2023,Mato Grosso,Total,Estadual,99.2,99.6,99.1,99.4,99.7,99.3,99.7,99.6,99.2,99.4,99,98.9,96.4,95.2,96.5,97.9,100,97.7,0.4,0.2,0.4,0.1,0.1,0.5,0.2,0.1,0.4,0.3,0.4,0.5,1.3,1.7,1.2,0.6,0,0.8,0.4,0.2,0.5,0.5,0.2,0.2,0.1,0.3,0.4,0.3,0.6,0.6,2.3,3.1,2.3,1.5,0,1.5
2023,Mato Grosso,Urbana,Estadual,99.1,99.6,99,99.4,99.7,99.2,99.7,99.7,99.1,99.3,99,98.8,96.2,95,96.4,97.8,--,97.2,0.4,0.3,0.4,0.1,0.1,0.7,0.2,0.1,0.4,0.3,0.4,0.5,1.3,1.8,1.2,0.6,--,0.9,0.5,0.1,0.6,0.5,0.2,0.1,0.1,0.2,0.5,0.4,0.6,0.7,2.5,3.2,2.4,1.6,--,1.9
2023,Mato Grosso,Rural,Estadual,99.5,99.6,99.5,99.5,99.7,99.5,99.8,99.6,99.3,99.7,99.6,99.4,97.8,97.8,97.1,99,100,97.8,0.2,0.1,0.3,0.1,0.1,0.2,0.1,0.2,0.6,0,0.1,0.5,1,0.9,1.5,0.5,0,0.8,0.3,0.3,0.2,0.4,0.2,0.3,0.1,0.2,0.1,0.3,0.3,0.1,1.2,1.3,1.4,0.5,0,1.4
2023,Mato Grosso,Total,Municipal,99.1,99.4,97.3,99.8,99.8,99.1,98.9,99.5,97.9,96.9,96.5,96.6,--,--,--,--,--,--,0.7,0.5,2.3,0.1,0.2,0.8,1,0.5,1.9,2.7,2.8,2.4,--,--,--,--,--,--,0.2,0.1,0.4,0.1,0,0.1,0.1,0,0.2,0.4,0.7,1,--,--,--,--,--,--
2023,Mato Grosso,Urbana,Municipal,99.2,99.5,97.5,99.8,99.8,99.1,99,99.6,97.9,97.2,96.9,96.5,--,--,--,--,--,--,0.7,0.5,2.3,0.2,0.2,0.9,1,0.4,1.9,2.7,2.8,2.8,--,--,--,--,--,--,0.1,0,0.2,0,0,0,0,0,0.2,0.1,0.3,0.7,--,--,--,--,--,--
2023,Mato Grosso,Rural,Municipal,98.6,99.3,96.8,99.6,99.7,99.3,98.8,98.9,97.7,96.2,96,96.7,--,--,--,--,--,--,1,0.5,2.3,0.1,0.1,0.5,0.8,0.9,1.9,2.9,2.6,1.9,--,--,--,--,--,--,0.4,0.2,0.9,0.3,0.2,0.2,0.4,0.2,0.4,0.9,1.4,1.4,--,--,--,--,--,--
2023,Mato Grosso,Total,Privada,99.3,99.6,98.8,99.7,99.6,99.5,99.4,99.6,99,98.8,98.9,98.3,94.1,97.3,98.4,99.2,--,35.3,0.7,0.4,1.2,0.2,0.3,0.4,0.6,0.4,1,1.2,1,1.6,1.5,2.5,1.5,0.6,--,0.1,0,0,0,0.1,0.1,0.1,0,0,0,0,0.1,0.1,4.4,0.2,0.1,0.2,--,64.6
2023,Mato Grosso,Urbana,Privada,99.3,99.6,98.8,99.7,99.6,99.5,99.4,99.6,99,98.8,99,98.3,94.1,97.3,98.4,99.2,--,35.3,0.7,0.4,1.1,0.2,0.3,0.4,0.6,0.4,1,1.2,0.9,1.5,1.5,2.5,1.5,0.6,--,0.1,0,0,0.1,0.1,0.1,0.1,0,0,0,0,0.1,0.2,4.4,0.2,0.1,0.2,--,64.6
2023,Mato Grosso,Rural,Privada,93.8,100,85.7,100,100,100,100,100,--,100,84.6,66.7,100,--,100,100,--,--,6.2,0,14.3,0,0,0,0,0,--,0,15.4,33.3,0,--,0,0,--,--,0,0,0,0,0,0,0,0,--,0,0,0,0,--,0,0,--,--
2023,Mato Grosso,Total,Pública,99.1,99.5,98.7,99.8,99.8,99.2,99.1,99.5,98.7,98.9,98.7,98.6,96.2,95,96.4,97.9,96.6,97.2,0.6,0.5,0.8,0.1,0.1,0.8,0.8,0.4,0.9,0.7,0.7,0.8,1.6,2.2,1.5,0.6,2.6,1.5,0.3,0,0.5,0.1,0.1,0,0.1,0.1,0.4,0.4,0.6,0.6,2.2,2.8,2.1,1.5,0.8,1.3
2023,Mato Grosso,Urbana,Pública,99.2,99.5,98.8,99.8,99.8,99.1,99.1,99.6,98.8,99,98.7,98.6,96.1,94.8,96.3,97.8,93.8,95.7,0.6,0.5,0.7,0.1,0.2,0.9,0.9,0.3,0.9,0.6,0.7,0.7,1.5,2.1,1.5,0.6,4.7,3.4,0.2,0,0.5,0.1,0,0,0,0.1,0.3,0.4,0.6,0.7,2.4,3.1,2.2,1.6,1.5,0.9
2023,Mato Grosso,Rural,Pública,98.9,99.3,98.3,99.6,99.7,99.3,99,99.1,98.5,98.2,98.1,98.3,97.3,96.1,97,99,100,97.8,0.7,0.4,1.2,0.1,0.1,0.4,0.7,0.7,1.2,1.2,1.1,1.1,1.7,2.8,1.6,0.5,0,0.8,0.4,0.3,0.5,0.3,0.2,0.3,0.3,0.2,0.3,0.6,0.8,0.6,1,1.1,1.4,0.5,0,1.4
2023,Goiás,Total,Total,98.1,98.3,97.9,99.5,99.4,96.8,97.3,98.4,97.6,97.8,97.9,98.5,97.9,97.1,98,98.9,90.9,80.5,1.6,1.6,1.7,0.3,0.5,3.1,2.6,1.5,2.1,1.9,1.6,1,1.5,2.1,1.3,0.7,8.6,2.2,0.3,0.1,0.4,0.2,0.1,0.1,0.1,0.1,0.3,0.3,0.5,0.5,0.6,0.8,0.7,0.4,0.5,17.3
2023,Goiás,Urbana,Total,98.1,98.3,98,99.5,99.4,96.8,97.4,98.4,97.6,97.8,97.9,98.5,97.9,97.2,98,98.9,90.9,80.5,1.6,1.6,1.7,0.3,0.5,3.1,2.5,1.4,2.1,1.8,1.6,1,1.4,2.1,1.3,0.7,8.6,2.2,0.3,0.1,0.3,0.2,0.1,0.1,0.1,0.2,0.3,0.4,0.5,0.5,0.7,0.7,0.7,0.4,0.5,17.3
2023,Goiás,Rural,Total,97.2,97.5,96.8,99.7,99.3,95.9,95.2,97.2,96,96.5,96.1,98.6,96.2,93.5,97.1,98.9,--,--,2.5,2.4,2.6,0.2,0.6,4,4.7,2.7,3.6,2.9,3.1,1,3,5.2,2.3,0.9,--,--,0.3,0.1,0.6,0.1,0.1,0.1,0.1,0.1,0.4,0.6,0.8,0.4,0.8,1.3,0.6,0.2,--,--
2023,Goiás,Total,Federal,--,--,--,--,--,--,--,--,--,--,--,--,86.3,79.7,89.3,93.9,90.7,74.5,--,--,--,--,--,--,--,--,--,--,--,--,12.1,18.6,10,5.7,8.7,4.9,--,--,--,--,--,--,--,--,--,--,--,--,1.6,1.7,0.7,0.4,0.6,20.6
2023,Goiás,Urbana,Federal,--,--,--,--,--,--,--,--,--,--,--,--,85.9,79.5,88.5,93.1,90.7,74.5,--,--,--,--,--,--,--,--,--,--,--,--,12.6,19.4,10.9,6.4,8.7,4.9,--,--,--,--,--,--,--,--,--,--,--,--,1.5,1.1,0.6,0.5,0.6,20.6
2023,Goiás,Rural,Federal,--,--,--,--,--,--,--,--,--,--,--,--,87.9,80.3,91.6,96.7,--,--,--,--,--,--,--,--,--,--,--,--,--,--,10.3,16.4,7.2,3.3,--,--,--,--,--,--,--,--,--,--,--,--,--,--,1.8,3.3,1.2,0,--,--
2023,Goiás,Total,Estadual,99.1,99.6,99.1,100,100,100,98.8,99.7,99.2,99.2,99,99.2,98.3,97.8,98.3,99.1,100,--,0.6,0.3,0.6,0,0,0,0.8,0.3,0.6,0.6,0.7,0.5,1,1.4,1,0.5,0,--,0.3,0.1,0.3,0,0,0,0.4,0,0.2,0.2,0.3,0.3,0.7,0.8,0.7,0.4,0,--
2023,Goiás,Urbana,Estadual,99.1,99.6,99.1,100,100,100,99,99.6,99.2,99.2,99,99.2,98.3,97.8,98.2,99.1,100,--,0.6,0.3,0.6,0,0,0,0.5,0.4,0.6,0.6,0.7,0.5,1,1.4,1,0.5,0,--,0.3,0.1,0.3,0,0,0,0.5,0,0.2,0.2,0.3,0.3,0.7,0.8,0.8,0.4,0,--
2023,Goiás,Rural,Estadual,99.2,99.6,99.2,100,100,100,97.9,100,99.1,98.9,98.9,99.7,99.2,99.3,99,99.5,--,--,0.6,0.4,0.6,0,0,0,2.1,0,0.7,0.6,0.9,0.1,0.3,0.2,0.5,0.1,--,--,0.2,0,0.2,0,0,0,0,0,0.2,0.5,0.2,0.2,0.5,0.5,0.5,0.4,--,--
2023,Goiás,Total,Municipal,97.3,97.9,94.3,99.5,99.3,96.1,96.8,98.1,94.1,93.9,93.9,95.9,94,91.7,95.4,96.1,--,--,2.4,1.9,4.7,0.3,0.6,3.7,3,1.7,5.3,5.2,4.9,2.6,4,6.2,2.6,2,--,--,0.3,0.2,1,0.2,0.1,0.2,0.2,0.2,0.6,0.9,1.2,1.5,2,2.1,2,1.9,--,--
2023,Goiás,Urbana,Municipal,97.3,98,94.2,99.5,99.3,96.1,96.9,98.2,94.1,93.8,93.9,95.6,93.4,91.2,94.7,95.7,--,--,2.4,1.9,4.8,0.3,0.6,3.7,2.9,1.7,5.3,5.3,4.9,2.8,4.3,6.5,3.1,2.2,--,--,0.3,0.1,1,0.2,0.1,0.2,0.2,0.1,0.6,0.9,1.2,1.6,2.3,2.3,2.2,2.1,--,--
2023,Goiás,Rural,Municipal,96.8,97.4,95.2,99.7,99.2,95.7,95.1,97.3,94.3,94.8,94.2,97.9,98.3,96,100,100,--,--,2.9,2.5,4,0.2,0.6,4.2,4.8,2.7,5.3,4.4,4.7,1.5,1.7,4,0,0,--,--,0.3,0.1,0.8,0.1,0.2,0.1,0.1,0,0.4,0.8,1.1,0.6,0,0,0,0,--,--
2023,Goiás,Total,Privada,99.2,99.5,98.6,99.7,99.7,99.4,99.3,99.4,98.7,98.7,98.6,98.5,97.7,96.8,98,98.9,--,84.5,0.8,0.4,1.3,0.2,0.2,0.6,0.7,0.6,1.3,1.3,1.3,1.4,2,3,1.8,1,--,0.4,0,0.1,0.1,0.1,0.1,0,0,0,0,0,0.1,0.1,0.3,0.2,0.2,0.1,--,15.1
2023,Goiás,Urbana,Privada,99.2,99.5,98.6,99.7,99.7,99.4,99.3,99.5,98.8,98.7,98.6,98.5,97.7,96.8,98,98.9,--,84.5,0.8,0.4,1.4,0.2,0.2,0.6,0.7,0.5,1.2,1.3,1.3,1.4,2,3,1.8,1,--,0.4,0,0.1,0,0.1,0.1,0,0,0,0,0,0.1,0.1,0.3,0.2,0.2,0.1,--,15.1
2023,Goiás,Rural,Privada,98.5,98.8,98.1,100,100,100,98.9,95.5,97,97.6,98.9,99,98.3,97.4,97.8,100,--,--,1.4,1.2,1.6,0,0,0,1.1,4.5,2,2.4,1.1,1,1.5,2.2,2.2,0,--,--,0.1,0,0.3,0,0,0,0,0,1,0,0,0,0.2,0.4,0,0,--,--
2023,Goiás,Total,Pública,97.9,98,97.8,99.5,99.3,96.1,96.8,98.1,97.3,97.6,97.7,98.5,97.9,97.2,98,98.9,90.9,74.5,1.8,1.9,1.8,0.3,0.6,3.7,3,1.7,2.3,2,1.7,0.9,1.4,2,1.3,0.7,8.6,4.9,0.3,0.1,0.4,0.2,0.1,0.2,0.2,0.2,0.4,0.4,0.6,0.6,0.7,0.8,0.7,0.4,0.5,20.6
2023,Goiás,Urbana,Pública,97.9,98,97.8,99.5,99.3,96.2,96.9,98.2,97.4,97.7,97.8,98.5,98,97.3,98,99,90.9,74.5,1.8,1.8,1.7,0.3,0.6,3.7,2.9,1.7,2.3,1.9,1.7,0.9,1.4,1.9,1.2,0.6,8.6,4.9,0.3,0.2,0.5,0.2,0.1,0.1,0.2,0.1,0.3,0.4,0.5,0.6,0.6,0.8,0.8,0.4,0.5,20.6
2023,Goiás,Rural,Pública,97.2,97.4,96.8,99.7,99.2,95.8,95.1,97.3,96,96.4,96.1,98.6,95.9,93.1,97.1,98.7,--,--,2.6,2.5,2.7,0.2,0.6,4.1,4.8,2.7,3.7,2.9,3.2,1,3.2,5.5,2.3,1,--,--,0.2,0.1,0.5,0.1,0.2,0.1,0.1,0,0.3,0.7,0.7,0.4,0.9,1.4,0.6,0.3,--,--
2023,Distrito Federal,Total,Total,95.3,96.3,93.9,98.6,99.1,90.4,99.2,95,97.5,90.7,96.7,91,87.3,87.8,83.6,90.8,--,87.3,4.2,3.6,5,1.2,0.8,9.4,0.7,4.8,1.7,8.3,2.4,7.7,9.7,9.1,12.9,6.9,--,0,0.5,0.1,1.1,0.2,0.1,0.2,0.1,0.2,0.8,1,0.9,1.3,3,3.1,3.5,2.3,--,12.7
2023,Distrito Federal,Urbana,Total,95.3,96.4,94,98.6,99.1,90.7,99.1,95.1,97.5,90.6,96.6,91.1,87.2,87.7,83.5,90.7,--,87.3,4.2,3.5,5,1.2,0.8,9.2,0.7,4.7,1.8,8.3,2.5,7.5,9.7,9.2,12.9,7,--,0,0.5,0.1,1,0.2,0.1,0.1,0.2,0.2,0.7,1.1,0.9,1.4,3.1,3.1,3.6,2.3,--,12.7
2023,Distrito Federal,Rural,Total,94.5,94.9,93.7,98.6,99.3,86.3,99.5,92.8,98.5,91.7,97.7,87,90.3,91.1,85,95.1,--,--,5.3,5,5.8,1.2,0.6,13.5,0.4,7.2,1.4,7.9,1.8,11.8,7.9,7.1,13.1,3.2,--,--,0.2,0.1,0.5,0.2,0.1,0.2,0.1,0,0.1,0.4,0.5,1.2,1.8,1.8,1.9,1.7,--,--
2023,Distrito Federal,Total,Federal,98.3,--,98.3,--,--,--,--,--,98.1,97.3,99.2,98.4,89.9,84.8,90.6,96.9,--,--,1.7,--,1.7,--,--,--,--,--,1.9,2.7,0.8,1.6,8.1,12,7.4,2.9,--,--,0,--,0,--,--,--,--,--,0,0,0,0,2,3.2,2,0.2,--,--
2023,Distrito Federal,Urbana,Federal,98.3,--,98.3,--,--,--,--,--,98.1,97.3,99.2,98.4,90.7,84.4,92.4,96.7,--,--,1.7,--,1.7,--,--,--,--,--,1.9,2.7,0.8,1.6,7.4,12.1,5.7,3.2,--,--,0,--,0,--,--,--,--,--,0,0,0,0,1.9,3.5,1.9,0.1,--,--
2023,Distrito Federal,Rural,Federal,--,--,--,--,--,--,--,--,--,--,--,--,85.3,85.8,67.6,98.7,--,--,--,--,--,--,--,--,--,--,--,--,--,--,12.4,11.8,29.6,0,--,--,--,--,--,--,--,--,--,--,--,--,--,--,2.3,2.4,2.8,1.3,--,--
2023,Distrito Federal,Total,Estadual,93.9,95.1,92.4,98.2,98.9,87.5,99,93.3,97.1,87.9,96.1,88.8,84.3,85.7,79.6,88.2,--,--,5.4,4.7,6.2,1.6,1,12.3,0.9,6.4,1.9,10.6,2.7,9.4,11.8,10.4,15.7,8.8,--,--,0.7,0.2,1.4,0.2,0.1,0.2,0.1,0.3,1,1.5,1.2,1.8,3.9,3.9,4.7,3,--,--
2023,Distrito Federal,Urbana,Estadual,93.9,95.1,92.4,98.2,98.8,87.6,98.9,93.4,97,87.8,96,88.9,84.2,85.5,79.5,88.1,--,--,5.4,4.7,6.2,1.6,1.1,12.2,0.9,6.4,1.9,10.7,2.7,9.2,11.8,10.5,15.8,8.9,--,--,0.7,0.2,1.4,0.2,0.1,0.2,0.2,0.2,1.1,1.5,1.3,1.9,4,4,4.7,3,--,--
2023,Distrito Federal,Rural,Estadual,94.3,94.9,93.2,98.6,99.3,86.3,99.5,92.8,98.5,90.8,97.5,85.6,89.7,92.5,83.8,93,--,--,5.4,5,6.3,1.2,0.6,13.6,0.4,7.2,1.4,8.8,2,13.1,8.3,5.8,14,4.7,--,--,0.3,0.1,0.5,0.2,0.1,0.1,0.1,0,0.1,0.4,0.5,1.3,2,1.7,2.2,2.3,--,--
2023,Distrito Federal,Total,Privada,99.1,99.7,98.2,99.9,99.9,99.6,99.7,99.7,98.7,98.3,98.3,97.6,96.4,95.5,96.6,98.1,--,87.3,0.9,0.3,1.8,0.1,0.1,0.4,0.3,0.3,1.3,1.7,1.7,2.4,3.1,4.5,3.3,1.6,--,0,0,0,0,0,0,0,0,0,0,0,0,0,0.5,0,0.1,0.3,--,12.7
2023,Distrito Federal,Urbana,Privada,99.1,99.7,98.2,99.9,99.9,99.6,99.7,99.7,98.7,98.3,98.3,97.5,96.4,95.5,96.5,98.1,--,87.3,0.9,0.3,1.8,0.1,0.1,0.4,0.3,0.3,1.3,1.7,1.7,2.5,3.1,4.5,3.4,1.7,--,0,0,0,0,0,0,0,0,0,0,0,0,0,0.5,0,0.1,0.2,--,12.7
2023,Distrito Federal,Rural,Privada,100,100,100,100,100,100,100,--,--,100,100,100,100,100,100,100,--,--,0,0,0,0,0,0,0,--,--,0,0,0,0,0,0,0,--,--,0,0,0,0,0,0,0,--,--,0,0,0,0,0,0,0,--,--
2023,Distrito Federal,Total,Pública,93.9,95.1,92.5,98.2,98.9,87.5,99,93.3,97.1,88,96.1,88.9,84.6,85.6,80,88.5,--,--,5.3,4.7,6.2,1.6,1,12.3,0.9,6.4,1.9,10.6,2.7,9.3,11.6,10.4,15.5,8.5,--,--,0.8,0.2,1.3,0.2,0.1,0.2,0.1,0.3,1,1.4,1.2,1.8,3.8,4,4.5,3,--,--
2023,Distrito Federal,Urbana,Pública,93.9,95.1,92.5,98.2,98.8,87.6,98.9,93.4,97,87.9,96.1,89.1,84.4,85.4,79.9,88.4,--,--,5.3,4.7,6.1,1.6,1.1,12.2,0.9,6.4,1.9,10.6,2.7,9.1,11.7,10.5,15.5,8.7,--,--,0.8,0.2,1.4,0.2,0.1,0.2,0.2,0.2,1.1,1.5,1.2,1.8,3.9,4.1,4.6,2.9,--,--
2023,Distrito Federal,Rural,Pública,94.3,94.9,93.2,98.6,99.3,86.3,99.5,92.8,98.5,90.8,97.5,85.6,88.7,90.1,82.1,93.8,--,--,5.4,5,6.3,1.2,0.6,13.6,0.4,7.2,1.4,8.8,2,13.1,9.2,7.9,15.6,4.1,--,--,0.3,0.1,0.5,0.2,0.1,0.1,0.1,0,0.1,0.4,0.5,1.3,2.1,2,2.3,2.1,--,--
2023,Distrito Federal,Rural,Pública,94.3,94.9,93.2,98.6,99.3,86.3,99.5,92.8,98.5,90.8,97.5,85.6,88.7,90.1,82.1,93.8,--,--,5.4,5,6.3,1.2,0.6,13.6,0.4,7.2,1.4,8.8,2,13.1,9.2,7.9,15.6,4.1,--,--,0.3,0.1,0.5,0.2,0.1,0.1,0.1,0,0.1,0.4,0.5,1.3,2.1,2,2.3,2.1,--,--
Fonte: INEP/Censo Escolar da Educação Básica.,Distrito Federal,Rural,Pública,94.3,94.9,93.2,98.6,99.3,86.3,99.5,92.8,98.5,90.8,97.5,85.6,88.7,90.1,82.1,93.8,--,--,5.4,5,6.3,1.2,0.6,13.6,0.4,7.2,1.4,8.8,2,13.1,9.2,7.9,15.6,4.1,--,--,0.3,0.1,0.5,0.2,0.1,0.1,0.1,0,0.1,0.4,0.5,1.3,2.1,2,2.3,2.1,--,--
