Ano,Unidade Geográfica,Localização,Dependência Administrativa,Total,Anos Iniciais,Anos Finais,1º Ano ,2º Ano,3º Ano,4º Ano,5º Ano,6º Ano,7º Ano,8º Ano,9º Ano,Total,1ª série,2ª série,3ª série,4ª série,Não-Seriado,Total,Anos Iniciais,Anos Finais,1º Ano ,2º Ano,3º Ano,4º Ano,5º Ano,6º Ano,7º Ano,8º Ano,9º Ano,Total,1ª série,2ª série,3ª série,4ª série,Não-Seriado,Total_Abandono_EF2008,Anos Iniciais,Anos Finais,1º Ano ,2º Ano,3º Ano,4º Ano,5º Ano,6º Ano,7º Ano,8º Ano,9º Ano,Total_Abandono_EM2008,1ª série,2ª série,3ª série,4ª série,Não-Seriado
2008,RO,Rural,Estadual,89.7,58.6,72.2,76.5,81.1,70.2,75.3,76.8,79,73.5,74.7,74.1,66.1,76.3,90.6,--,--,74.4,3.5,34.7,22.8,18.9,15,20.8,16.2,12.8,7.4,21.2,15.2,18.3,11.9,9.3,2.3,--,--,9.1,6.8,6.7,5,4.6,3.9,9,8.5,10.4,13.6,5.3,10.1,7.6,22,14.4,7.1,--,--,16.5
2008,RO,Rural,Federal,--,--,--,--,--,--,--,--,--,--,--,--,71.4,83.5,79,--,--,77.7,--,--,--,--,--,--,--,--,--,--,--,--,27.7,16.5,21,--,--,22,--,--,--,--,--,--,--,--,--,--,--,--,0.9,0,0,--,--,0.3
2008,RO,Rural,Municipal,95.8,71.6,80.3,86.4,89.3,73.9,77.7,81.8,86.4,84.2,79.1,82.1,60.9,87.6,97.3,--,85.8,81,1,23.9,16.1,10.5,7.4,18,14.4,10.4,6,12.3,13,12.6,21.2,3.5,0,--,0.9,6.7,3.2,4.5,3.6,3.1,3.3,8.1,7.9,7.8,7.6,3.5,7.9,5.3,17.9,8.9,2.7,--,13.3,12.3
2008,RO,Rural,Particular,100,81.3,80.3,88.7,87.2,91.4,96.1,93.8,97.4,88,94.8,92.3,93.7,92.9,97.3,92.4,--,93.8,0,18.7,19.7,11.3,12.8,8.6,1.3,5.2,1.7,12,4.1,7,3.9,5.3,1.4,6.7,--,4.5,0,0,0,0,0,0,2.6,1,0.9,0,1.1,0.7,2.4,1.8,1.3,0.9,--,1.7
2008,RO,Rural,Publico,95.4,70.2,79.4,85.5,88.5,73.4,77.4,81.3,85.4,83.2,78.6,81.2,65.9,79.2,89.7,--,85.8,76.3,1.2,25,16.8,11.3,8.1,18.4,14.6,10.7,6.2,13.1,13.3,13.2,14.9,9.4,5,--,0.9,10.1,3.4,4.8,3.8,3.2,3.4,8.2,8,8,8.4,3.7,8.1,5.6,19.2,11.4,5.3,--,13.3,13.6
2008,RO,Rural,Total,95.4,70.2,79.4,85.5,88.5,73.6,77.6,81.4,85.7,83.2,78.8,81.3,68.9,81.1,90.7,92.4,85.8,78.8,1.2,25,16.8,11.3,8.1,18.3,14.4,10.6,6.1,13.1,13.2,13.1,13.7,8.8,4.6,6.7,0.9,9.3,3.4,4.8,3.8,3.2,3.4,8.1,8,8,8.2,3.7,8,5.6,17.4,10.1,4.7,0.9,13.3,11.9
2008,RO,Total,Estadual,97.4,81.3,82.9,86.8,89.4,68.2,69.8,73.7,76.6,86.8,71.6,77.6,65.8,76.3,81.9,91.4,85.2,73.7,0.8,15.6,15.1,11.7,9,26,24.2,19.8,15.6,11.2,22,17.7,17,11.4,8.4,8.6,2.4,12.5,1.8,3.1,2,1.5,1.6,5.8,6,6.5,7.8,2,6.4,4.7,17.2,12.3,9.7,0,12.4,13.8
2008,RO,Total,Federal,--,--,--,--,--,--,--,--,--,--,--,--,71.4,83.5,79,--,--,77.7,--,--,--,--,--,--,--,--,--,--,--,--,27.7,16.5,21,--,--,22,--,--,--,--,--,--,--,--,--,--,--,--,0.9,0,0,--,--,0.3
2008,RO,Total,Municipal,96.9,74.6,82.1,86.3,88.7,71.8,76.5,80.1,84.7,85.3,77.2,82.7,60.9,87.6,97.3,100,85.8,81.1,0.7,21.8,15.3,11.3,8.6,20.7,16.1,12.4,8.1,12,15.4,13.1,21.2,3.5,0,0,0.9,6.7,2.4,3.6,2.6,2.4,2.7,7.5,7.4,7.5,7.2,2.7,7.4,4.2,17.9,8.9,2.7,0,13.3,12.2
2008,RO,Total,Particular,98.5,96.9,97.5,98.1,97.7,94.6,92.9,93.5,93.7,97.7,93.6,96,89.5,93.4,95.9,92.4,96.6,92.7,0.8,2.6,2.4,1.7,2.1,5.3,6.6,6.4,6,2,6.1,3.8,10,6.3,3.9,6.7,3.4,7,0.7,0.5,0.1,0.2,0.2,0.1,0.5,0.1,0.3,0.3,0.3,0.2,0.5,0.3,0.2,0.9,0,0.3
2008,RO,Total,Publico,97,76.8,82.4,86.5,89,69.4,72.1,75.8,78.9,85.9,73.4,80.1,65.8,76.5,82,91.7,85.2,73.8,0.7,19.8,15.2,11.5,8.8,24.2,21.4,17.4,13.4,11.7,19.8,15.5,17.1,11.3,8.4,8.3,2.3,12.5,2.3,3.4,2.4,2,2.2,6.4,6.5,6.8,7.7,2.4,6.8,4.4,17.1,12.2,9.6,0,12.5,13.7
2008,RO,Total,Total,97.1,77.9,83.4,87.2,89.5,70.5,73.1,76.8,80,86.6,74.5,81,67.4,77.8,83.3,92.2,85.3,75.2,0.7,18.8,14.3,10.9,8.4,23.4,20.7,16.7,12.9,11.1,19.1,14.8,16.6,10.9,8,7.1,2.3,12.1,2.2,3.3,2.3,1.9,2.1,6.1,6.2,6.5,7.1,2.3,6.4,4.2,16,11.3,8.7,0.7,12.4,12.7
2008,RO,Urbana,Estadual,98,83.9,83.7,87.5,89.9,68.1,69.5,73.6,76.5,87.8,71.4,77.8,65.8,76.3,81.6,91.4,85.2,73.6,0.6,13.4,14.5,11.2,8.6,26.3,24.5,20.1,15.9,10.4,22.3,17.7,17.2,11.4,8.6,8.6,2.4,12.7,1.4,2.7,1.8,1.3,1.5,5.6,6,6.3,7.6,1.8,6.3,4.5,17,12.3,9.8,0,12.4,13.7
2008,RO,Urbana,Municipal,97.5,76.7,83.5,86.2,88.3,68.4,74.3,76.4,80.5,86.1,73.4,83.4,--,--,--,100,--,100,0.5,20.4,14.7,12,9.7,25,19.6,16.6,13.4,11.8,20.1,13.6,--,--,--,0,--,0,2,2.9,1.8,1.8,2,6.6,6.1,7,6.1,2.1,6.5,3,--,--,--,0,--,0
2008,RO,Urbana,Particular,98.4,97.1,98,98.4,98,94.7,92.8,93.5,93.4,98,93.6,96.1,89.2,93.4,95.9,--,96.6,92.6,0.8,2.5,1.9,1.5,1.9,5.2,6.8,6.5,6.2,1.7,6.2,3.6,10.5,6.4,4.1,--,3.4,7.2,0.8,0.4,0.1,0.1,0.1,0.1,0.4,0,0.4,0.3,0.2,0.3,0.3,0.2,0,--,0,0.2
2008,RO,Urbana,Publico,97.7,79.7,83.6,86.9,89.2,68.1,70.3,74,76.9,86.9,71.7,79.7,65.8,76.3,81.6,91.7,85.2,73.6,0.6,17.5,14.6,11.5,9.1,26.1,23.8,19.6,15.7,11.1,22,16.3,17.2,11.4,8.6,8.3,2.4,12.7,1.7,2.8,1.8,1.6,1.7,5.8,5.9,6.4,7.4,2,6.3,4,17,12.3,9.8,0,12.4,13.7
2008,RO,Urbana,Total,97.7,81.1,84.9,87.8,89.9,69.5,71.7,75.4,78.4,87.9,73.2,80.9,67.3,77.7,83,91.7,85.3,75,0.6,16.2,13.4,10.7,8.5,24.9,22.7,18.6,14.8,10.4,20.9,15.3,16.8,11.1,8.1,8.3,2.4,12.3,1.7,2.7,1.7,1.5,1.6,5.6,5.6,6,6.8,1.7,5.9,3.8,15.9,11.2,8.9,0,12.3,12.7
2008,AC,Rural,Estadual,68.8,61.9,74.2,80.4,82.7,81,85.5,87.5,88.2,73.7,85.3,77.7,85.4,88.2,87.9,--,100,86.6,19.3,26.1,18.2,12.1,9.7,9.1,5.7,5.9,4.6,17.2,6.4,13.4,1.3,2.4,4.3,--,0,2.2,11.9,12,7.6,7.5,7.6,9.9,8.8,6.6,7.2,9.1,8.3,8.9,13.3,9.4,7.8,--,0,11.2
2008,AC,Rural,Municipal,72.7,48,70.3,78.6,84.9,78.1,82.5,87.5,90.3,66.6,83.1,69.2,--,--,--,--,--,--,16.1,37.9,20.3,13,7,10.6,7.8,4.7,1.6,22.7,7.2,20.3,--,--,--,--,--,--,11.2,14.1,9.4,8.4,8.1,11.3,9.7,7.8,8.1,10.7,9.7,10.5,--,--,--,--,--,--
2008,AC,Rural,Publico,70.5,52.3,71.9,79.3,83.9,79.8,84.6,87.5,88.8,69.4,84.5,73.1,85.4,88.2,87.9,--,100,86.6,18,34.3,19.4,12.7,8.2,9.8,6.3,5.4,3.8,20.5,6.7,17.1,1.3,2.4,4.3,--,0,2.2,11.5,13.4,8.7,8,7.9,10.4,9.1,7.1,7.4,10.1,8.8,9.8,13.3,9.4,7.8,--,0,11.2
2008,AC,Rural,Total,70.5,52.3,71.9,79.3,83.9,79.8,84.6,87.5,88.8,69.4,84.5,73.1,85.4,88.2,87.9,--,100,86.6,18,34.3,19.4,12.7,8.2,9.8,6.3,5.4,3.8,20.5,6.7,17.1,1.3,2.4,4.3,--,0,2.2,11.5,13.4,8.7,8,7.9,10.4,9.1,7.1,7.4,10.1,8.8,9.8,13.3,9.4,7.8,--,0,11.2
2008,AC,Total,Estadual,90.1,74.9,83.4,89,91.4,84.1,87.1,88.8,86.1,85.4,86.3,85.8,72.3,78.5,81.7,66.7,100,76.7,5.7,19.1,12.8,7.6,5.6,9.1,7.4,6.1,6.3,10.5,7.4,9.1,9.8,7.1,5.8,0,0,7.9,4.2,6,3.8,3.4,3,6.8,5.5,5.1,7.6,4.1,6.3,5.1,17.9,14.4,12.5,33.3,0,15.4
2008,AC,Total,Federal,100,81.5,81.3,87.1,70.3,65.5,84.6,61.1,77.3,82.7,71.6,76.3,77.6,85.7,94.1,69.6,--,80.7,0,18.5,18.7,12.9,29.7,34.5,15.4,38.9,22.7,17.3,28.4,23.7,22.4,14.3,5.9,30.4,--,19.3,0,0,0,0,0,0,0,0,0,0,0,0,0,0,0,0,--,0
2008,AC,Total,Municipal,90,57.5,76.5,84.6,89,77.9,82.7,85.2,88.4,76.5,82.5,77.5,--,--,--,--,--,--,5.8,32,17.7,10.6,6.1,11.4,8.8,7.2,3,17,8.4,15.5,--,--,--,--,--,--,4.2,10.5,5.8,4.8,4.9,10.7,8.5,7.6,8.6,6.5,9.1,7,--,--,--,--,--,--
2008,AC,Total,Particular,94.8,98.1,99.1,99.1,99.5,98.3,95.6,95.2,96,98.3,96.3,97.4,91.5,94.5,93.6,--,--,93.1,3.5,1.5,0.9,0.6,0.3,1.6,4.2,4.5,3.8,1.3,3.5,2.2,7.6,5.5,6.3,--,--,6.5,1.7,0.4,0,0.3,0.2,0.1,0.2,0.3,0.2,0.4,0.2,0.4,0.9,0,0.1,--,--,0.4
2008,AC,Total,Publico,90.1,65.2,80.1,86.9,90.3,82.8,86.3,88,86.4,81.1,85.6,82.7,72.3,78.6,81.7,68,100,76.7,5.7,26.3,15.2,9,5.9,9.6,7.7,6.5,5.9,13.6,7.7,11.5,9.9,7.2,5.8,14,0,8,4.2,8.5,4.7,4.1,3.8,7.6,6,5.5,7.7,5.3,6.7,5.8,17.8,14.2,12.5,18,0,15.3
2008,AC,Total,Total,90.3,66.3,80.8,87.4,90.7,83.5,86.8,88.5,86.9,81.8,86.1,83.4,73.4,79.7,82.6,68,100,77.8,5.6,25.5,14.7,8.7,5.6,9.3,7.5,6.4,5.8,13.2,7.5,11.1,9.8,7,5.9,14,0,7.9,4.1,8.2,4.5,3.9,3.7,7.2,5.7,5.1,7.3,5,6.4,5.5,16.8,13.3,11.5,18,0,14.3
2008,AC,Urbana,Estadual,97.9,82,87.3,92.6,94.9,84.6,87.5,89.1,85.6,90.6,86.5,88.5,71,77.9,81.3,66.7,100,75.9,0.7,15.3,10.5,5.7,3.9,9.1,7.9,6.2,6.7,7.6,7.7,7.6,10.7,7.4,5.9,0,0,8.4,1.4,2.7,2.2,1.7,1.2,6.3,4.6,4.7,7.7,1.8,5.8,3.9,18.3,14.7,12.8,33.3,0,15.7
2008,AC,Urbana,Federal,100,81.5,81.3,87.1,70.3,65.5,84.6,61.1,77.3,82.7,71.6,76.3,77.6,85.7,94.1,69.6,--,80.7,0,18.5,18.7,12.9,29.7,34.5,15.4,38.9,22.7,17.3,28.4,23.7,22.4,14.3,5.9,30.4,--,19.3,0,0,0,0,0,0,0,0,0,0,0,0,0,0,0,0,--,0
2008,AC,Urbana,Municipal,96.8,73.9,82.6,89.9,92.7,77.8,82.8,83.3,87,86.4,82,85.6,--,--,--,--,--,--,1.8,21.8,15.1,8.5,5.3,12.2,9.7,9.3,4.1,11.2,9.4,10.9,--,--,--,--,--,--,1.4,4.3,2.3,1.6,2,10,7.5,7.4,8.9,2.4,8.6,3.5,--,--,--,--,--,--
2008,AC,Urbana,Particular,94.8,98.1,99.1,99.1,99.5,98.3,95.6,95.2,96,98.3,96.3,97.4,91.5,94.5,93.6,--,--,93.1,3.5,1.5,0.9,0.6,0.3,1.6,4.2,4.5,3.8,1.3,3.5,2.2,7.6,5.5,6.3,--,--,6.5,1.7,0.4,0,0.3,0.2,0.1,0.2,0.3,0.2,0.4,0.2,0.4,0.9,0,0.1,--,--,0.4
2008,AC,Urbana,Publico,97.4,78.6,85.5,91.5,94,83.7,86.9,88.2,85.7,88.9,85.9,87.6,71,77.9,81.4,68,100,75.9,1.2,18,12.4,6.8,4.5,9.6,8.1,6.8,6.5,9.1,8,8.6,10.8,7.5,5.9,14,0,8.4,1.4,3.4,2.1,1.7,1.5,6.7,5,5,7.8,2,6.1,3.8,18.2,14.6,12.7,18,0,15.7
2008,AC,Urbana,Total,97.2,79.8,86.3,91.9,94.4,84.6,87.5,88.8,86.5,89.5,86.6,88.3,72.2,79.2,82.3,68,100,77.1,1.3,16.9,11.7,6.5,4.2,9.1,7.8,6.6,6.3,8.6,7.7,8.2,10.6,7.3,5.9,14,0,8.3,1.5,3.3,2,1.6,1.4,6.3,4.7,4.6,7.2,1.9,5.7,3.5,17.2,13.5,11.8,18,0,14.6
2008,AM,Rural,Estadual,96.4,85.5,77.5,89.5,84.8,78.7,85,83.7,86.2,85.5,83.1,84.1,76.1,85.5,92.7,--,100,83.6,0.6,6.6,18.4,5.8,10.4,8.8,5,3.6,3.5,9.5,5.4,7.2,4.3,3.6,1.2,--,0,3.3,3,7.9,4.1,4.7,4.8,12.5,10,12.7,10.3,5,11.5,8.7,19.6,10.9,6.1,--,0,13.1
2008,AM,Rural,Municipal,79.3,60.8,65.1,69.8,74.1,67.4,75.6,79.7,83.8,67.8,74.7,69.6,77.3,84.6,100,100,--,88.1,11.5,26.9,24.7,20.1,15.6,13.1,8,5,3.4,21.5,8.6,18.2,0,0,0,0,--,0,9.2,12.3,10.2,10.1,10.3,19.5,16.4,15.3,12.8,10.7,16.7,12.2,22.7,15.4,0,0,--,11.9
2008,AM,Rural,Particular,100,93.5,98.3,92.6,91.1,79.6,92,82.6,95.5,95,88.3,91.6,97.4,91.9,95.9,--,--,95.3,0,6.5,1.7,7.4,8.9,20.4,8,17.4,4.5,5,11.7,8.4,2.6,8.1,4.1,--,--,4.7,0,0,0,0,0,0,0,0,0,0,0,0,0,0,0,--,--,0
2008,AM,Rural,Publico,79.9,61.5,65.6,70.7,74.7,68.6,76.8,80.3,84.3,68.5,75.8,70.5,76.2,85.5,92.8,100,100,83.7,11.1,26.4,24.5,19.4,15.3,12.7,7.6,4.8,3.4,21,8.1,17.4,4.1,3.5,1.2,0,0,3.1,9,12.1,9.9,9.9,10,18.7,15.6,14.9,12.3,10.5,16.1,12.1,19.7,11,6,0,0,13.2
2008,AM,Rural,Total,80,61.5,65.6,70.8,74.8,68.6,76.8,80.3,84.4,68.6,75.9,70.6,77,85.7,93,100,100,84.2,11.1,26.4,24.4,19.4,15.3,12.7,7.6,4.8,3.4,21,8.1,17.4,4,3.7,1.4,0,0,3.2,8.9,12.1,10,9.8,9.9,18.7,15.6,14.9,12.2,10.4,16,12,19,10.6,5.6,0,0,12.6
2008,AM,Total,Estadual,95,90.3,75.5,94.1,84.8,69.4,73.6,75.9,77.2,86.6,73.7,78.8,66.5,76.1,80.8,--,100,73.5,0.5,3.8,20.5,2.4,11.7,20,17,14.1,11,9.2,15.8,13.2,14.3,10.4,8.4,--,0,11.4,4.5,5.9,4,3.5,3.5,10.6,9.4,10,11.8,4.2,10.5,8,19.2,13.5,10.8,--,0,15.1
2008,AM,Total,Federal,--,--,--,--,--,88.8,94.8,100,95.5,--,95,95,82.5,88.8,95.4,--,100,87.3,--,--,--,--,--,11.2,5.2,0,4.5,--,5,5,15.9,10.8,4.1,--,0,11.6,--,--,--,--,--,0,0,0,0,--,0,0,1.6,0.4,0.5,--,0,1.1
2008,AM,Total,Municipal,88.1,73.2,67.9,80.4,77,63.9,70.5,74.6,74.9,76.1,69.7,74.3,77.3,85.2,100,100,100,88.3,4.7,17.7,25.2,12.9,16.2,17.8,12.5,8.4,7.7,16.5,12.8,15.5,0,0,0,0,0,0,7.2,9.1,6.9,6.7,6.8,18.3,17,17,17.4,7.4,17.5,10.2,22.7,14.8,0,0,0,11.7
2008,AM,Total,Particular,97.5,98.4,98.4,98.7,98.1,95.9,95.3,95.3,95.5,98.2,95.5,97.2,85.7,93.4,95.2,--,100,91,1.8,1.2,1.4,1.2,1.7,3.8,4.6,4.3,4.2,1.5,4.2,2.5,13.4,6,4.4,--,0,8.3,0.7,0.4,0.2,0.1,0.2,0.3,0.1,0.4,0.3,0.3,0.3,0.3,0.9,0.6,0.4,--,0,0.7
2008,AM,Total,Publico,89.4,77,69.9,84.6,79.7,66.9,72.4,75.5,76.5,78.9,72.2,76.2,66.9,76.3,81,100,100,73.8,3.9,14.6,23.9,9.7,14.7,19,15.1,11.9,9.9,14.5,14.6,14.6,14.3,10.4,8.4,0,0,11.4,6.7,8.4,6.2,5.7,5.6,14.1,12.5,12.6,13.6,6.6,13.2,9.2,18.8,13.3,10.6,0,0,14.8
2008,AM,Total,Total,90.1,78.2,71.5,85.5,80.8,68.4,73.7,76.6,77.7,80.1,73.5,77.4,67.8,77.1,81.8,100,100,74.6,3.7,13.9,22.7,9.1,13.9,18.2,14.5,11.5,9.6,13.7,14,13.8,14.3,10.2,8.2,0,0,11.3,6.2,7.9,5.8,5.4,5.3,13.4,11.8,11.9,12.7,6.2,12.5,8.8,17.9,12.7,10,0,0,14.1
2008,AM,Urbana,Estadual,94.9,90.5,75.4,94.4,84.8,69,73.1,75.6,76.8,86.7,73.4,78.5,66.2,75.7,80.4,--,--,73.2,0.5,3.6,20.6,2.2,11.8,20.5,17.5,14.5,11.3,9.2,16.3,13.5,14.6,10.7,8.7,--,--,11.7,4.6,5.9,4,3.4,3.4,10.5,9.4,9.9,11.9,4.1,10.3,8,19.2,13.6,10.9,--,--,15.1
2008,AM,Urbana,Federal,--,--,--,--,--,88.8,94.8,100,95.5,--,95,95,82.5,88.8,95.4,--,100,87.3,--,--,--,--,--,11.2,5.2,0,4.5,--,5,5,15.9,10.8,4.1,--,0,11.6,--,--,--,--,--,0,0,0,0,--,0,0,1.6,0.4,0.5,--,0,1.1
2008,AM,Urbana,Municipal,91.6,84.1,69.9,89.2,78.9,61.6,67.4,71.4,69.8,81.9,66.6,77.6,--,100,--,--,100,100,2,9.7,25.5,6.9,16.6,20.8,15.3,10.5,10.1,13,15.4,13.7,--,0,--,--,0,0,6.4,6.2,4.6,3.9,4.5,17.6,17.3,18.1,20.1,5.1,18,8.7,--,0,--,--,0,0
2008,AM,Urbana,Particular,97.4,98.5,98.4,98.7,98.2,96.1,95.3,95.5,95.5,98.2,95.6,97.3,85.4,93.4,95.1,--,100,90.9,1.8,1.2,1.4,1.1,1.6,3.6,4.6,4.1,4.2,1.4,4.1,2.4,13.6,5.9,4.5,--,0,8.4,0.8,0.3,0.2,0.2,0.2,0.3,0.1,0.4,0.3,0.4,0.3,0.3,1,0.7,0.4,--,0,0.7
2008,AM,Urbana,Publico,92.4,86.3,71.9,91.4,81.5,66.5,71.4,74.5,75.3,83.7,71.4,78.1,66.6,75.9,80.6,--,100,73.4,1.7,7.6,23.7,4.9,14.5,20.6,16.8,13.4,11,11.6,16,13.6,14.6,10.7,8.6,--,0,11.7,5.9,6.1,4.4,3.7,4,12.9,11.8,12.1,13.7,4.7,12.6,8.3,18.8,13.4,10.8,--,0,14.9
2008,AM,Urbana,Total,93,87.3,74,92.1,82.9,68.4,73,75.9,76.7,84.9,73,79.6,67.4,76.8,81.4,--,100,74.3,1.7,7.1,22,4.5,13.4,19.5,15.9,12.7,10.5,10.7,15.2,12.7,14.6,10.4,8.4,--,0,11.5,5.3,5.6,4,3.4,3.7,12.1,11.1,11.4,12.8,4.4,11.8,7.7,18,12.8,10.2,--,0,14.2
2008,RR,Rural,Estadual,--,66.6,79.9,82.4,83.8,80.6,80.7,83.8,86.8,77.5,82.5,79.6,76.6,86.6,92.1,--,--,84.3,--,26.7,16.2,13.5,12.3,14,11.3,8.4,5.7,17.7,10.4,14.7,7.5,3.2,2.6,--,--,4.7,--,6.7,3.9,4.1,3.9,5.4,8,7.8,7.5,4.8,7.1,5.7,15.9,10.2,5.3,--,--,11
2008,RR,Rural,Federal,--,--,--,--,--,--,--,--,--,--,--,--,57.6,--,--,--,--,57.6,--,--,--,--,--,--,--,--,--,--,--,--,28.5,--,--,--,--,28.5,--,--,--,--,--,--,--,--,--,--,--,--,13.9,--,--,--,--,13.9
2008,RR,Rural,Municipal,93.5,74.6,83,85.4,89.5,73,83.3,76.2,82.8,83.5,77.9,82.3,81.3,87.5,85.7,--,--,83.9,0.3,17.6,11.9,10,6.6,16.4,10.2,11.3,4.4,10.9,11.7,11.1,6.3,0,0,--,--,3.2,6.2,7.8,5.1,4.6,3.9,10.6,6.5,12.5,12.8,5.6,10.4,6.6,12.4,12.5,14.3,--,--,12.9
2008,RR,Rural,Particular,--,--,--,--,--,--,--,--,--,--,--,--,100,64.7,84.6,100,--,81.4,--,--,--,--,--,--,--,--,--,--,--,--,0,35.3,7.7,0,--,16.3,--,--,--,--,--,--,--,--,--,--,--,--,0,0,7.7,0,--,2.3
2008,RR,Rural,Publico,93.5,69.1,80.9,83.4,85.6,79.2,81.1,82.5,86.2,79.5,81.8,80.3,74.1,86.7,92,--,--,82.8,0.3,23.8,14.8,12.4,10.5,14.4,11.1,8.9,5.6,15.4,10.6,13.7,10.3,3.2,2.6,--,--,6.1,6.2,7.1,4.3,4.2,3.9,6.4,7.8,8.6,8.2,5.1,7.6,6,15.6,10.1,5.4,--,--,11.1
2008,RR,Rural,Total,93.5,69.1,80.9,83.4,85.6,79.2,81.1,82.5,86.2,79.5,81.8,80.3,74.3,86.2,91.9,100,--,82.8,0.3,23.8,14.8,12.4,10.5,14.4,11.1,8.9,5.6,15.4,10.6,13.7,10.2,3.8,2.7,0,--,6.2,6.2,7.1,4.3,4.2,3.9,6.4,7.8,8.6,8.2,5.1,7.6,6,15.5,10,5.4,0,--,11
2008,RR,Total,Estadual,100,78.3,86.1,88.3,89.1,79.3,80,84.3,85.3,85.6,81.8,83.5,71.8,81.2,84.2,--,--,77.9,0,17.6,11.9,9.8,9,17.2,15.4,11.3,9.3,11.9,13.8,13,16.7,9.7,8.1,--,--,12.3,0,4.1,2,1.9,1.9,3.5,4.6,4.4,5.4,2.5,4.4,3.5,11.5,9.1,7.7,--,--,9.8
2008,RR,Total,Federal,--,95.7,100,100,100,81.8,83.3,92,91.5,99.2,87,91.6,75.8,89,96.2,--,--,84.7,--,4.3,0,0,0,18.2,16.7,8,8.5,0.8,13,8.4,17.7,9.8,3.8,--,--,12,--,0,0,0,0,0,0,0,0,0,0,0,6.5,1.2,0,--,--,3.3
2008,RR,Total,Municipal,97.6,84.5,88.5,88.1,93,76.6,81.8,82.8,85.3,90.1,80.4,89.1,81.3,80,85.7,--,--,81.8,1,12.7,9.5,10.1,5.4,15.7,12.4,8.2,4.2,7.9,11.8,8.3,6.3,10,0,--,--,6.1,1.4,2.8,2,1.8,1.6,7.7,5.8,9,10.5,2,7.8,2.6,12.4,10,14.3,--,--,12.1
2008,RR,Total,Particular,99,98.9,98.7,97,98.9,98.2,95.2,94.4,94.9,98.4,95.8,97.2,89.8,96.2,97.9,100,--,94.3,0.8,1.1,1.3,3,1.1,1.8,4.8,5.6,5.1,1.6,4.2,2.8,10.2,3.8,1.5,0,--,5.5,0.2,0,0,0,0,0,0,0,0,0,0,0,0,0,0.6,0,--,0.2
2008,RR,Total,Publico,97.6,81.1,87.2,88.2,90.6,79.1,80.1,84.3,85.4,87.8,81.8,85.2,72,81.6,84.9,--,--,78.3,1,15.4,10.8,9.9,7.6,17.1,15.2,11,9.1,10,13.6,11.5,16.8,9.7,7.9,--,--,12.3,1.4,3.5,2,1.9,1.8,3.8,4.7,4.7,5.5,2.2,4.6,3.3,11.2,8.7,7.2,--,--,9.4
2008,RR,Total,Total,97.8,81.9,87.7,88.6,90.9,80.1,80.9,84.9,86,88.3,82.5,85.8,73.2,82.8,85.9,100,--,79.5,1,14.8,10.4,9.6,7.3,16.3,14.7,10.7,8.8,9.6,13.1,11.1,16.3,9.2,7.4,0,--,11.8,1.2,3.3,1.9,1.8,1.8,3.6,4.4,4.4,5.2,2.1,4.4,3.1,10.5,8,6.7,0,--,8.7
2008,RR,Urbana,Estadual,100,87.1,89.6,91.2,91.2,79,79.8,84.4,85,90,81.7,84.9,70.8,80,82.2,--,--,76.5,0,10.8,9.5,7.9,7.7,18,16.4,11.9,10.2,8.8,14.6,12.4,18.5,11.2,9.5,--,--,14,0,2.1,0.9,0.9,1.1,3,3.8,3.7,4.8,1.2,3.7,2.7,10.7,8.8,8.3,--,--,9.5
2008,RR,Urbana,Federal,--,95.7,100,100,100,81.8,83.3,92,91.5,99.2,87,91.6,88.3,89,96.2,--,--,90.9,--,4.3,0,0,0,18.2,16.7,8,8.5,0.8,13,8.4,10.4,9.8,3.8,--,--,8.2,--,0,0,0,0,0,0,0,0,0,0,0,1.3,1.2,0,--,--,0.9
2008,RR,Urbana,Municipal,98,87.6,90.1,88.8,93.9,79.5,80.7,92,89,91.7,82.8,91.1,--,50,--,--,--,50,1.1,11.2,8.8,10.1,5.1,15.1,14,3.7,3.9,7.2,11.8,7.5,--,50,--,--,--,50,0.9,1.2,1.1,1.1,1,5.4,5.3,4.3,7.1,1.1,5.4,1.4,--,0,--,--,--,0
2008,RR,Urbana,Particular,99,98.9,98.7,97,98.9,98.2,95.2,94.4,94.9,98.4,95.8,97.2,89.5,97.5,98.5,--,--,94.8,0.8,1.1,1.3,3,1.1,1.8,4.8,5.6,5.1,1.6,4.2,2.8,10.5,2.5,1.2,--,--,5.1,0.2,0,0,0,0,0,0,0,0,0,0,0,0,0,0.3,--,--,0.1
2008,RR,Urbana,Publico,98.1,87.4,89.9,90.1,92.3,79,79.9,84.7,85.1,90.9,81.8,86.8,71.6,80.5,83.1,--,--,77.3,1.1,11,9.1,8.9,6.6,17.8,16.3,11.6,10,7.9,14.5,10.8,18.2,11.1,9.1,--,--,13.7,0.8,1.6,1,1,1.1,3.2,3.8,3.7,4.9,1.2,3.7,2.4,10.2,8.4,7.8,--,--,9
2008,RR,Urbana,Total,98.1,88.1,90.4,90.5,92.7,80.3,80.9,85.5,85.9,91.4,82.7,87.5,72.9,82.2,84.6,--,--,78.8,1,10.3,8.6,8.6,6.3,16.8,15.5,11.1,9.6,7.5,13.7,10.3,17.6,10.3,8.4,--,--,12.9,0.9,1.6,1,0.9,1,2.9,3.6,3.4,4.5,1.1,3.6,2.2,9.5,7.5,7,--,--,8.3
2008,PA,Rural,Estadual,66.7,55.5,67,70.1,72.7,75.4,79.6,80.7,83.1,66.4,79.1,72.7,67.8,75.3,81.1,--,--,73.5,16.7,30.9,25.5,22.2,16.5,13.2,9.5,7.7,7.1,23.6,10,16.9,6.5,4.9,5,--,--,5.6,16.6,13.6,7.5,7.7,10.8,11.4,10.9,11.6,9.8,10,10.9,10.4,25.7,19.8,13.9,--,--,20.9
2008,PA,Rural,Municipal,75.2,51.8,66,70.6,76.8,72.6,79.8,83.2,86.4,64.6,78.9,68,64.9,--,--,--,--,64.9,14.5,35.7,25.5,20,13.8,13.2,8.3,5.3,4.2,25.2,8.8,21.3,0,--,--,--,--,0,10.3,12.5,8.5,9.4,9.4,14.2,11.9,11.5,9.4,10.2,12.3,10.7,35.1,--,--,--,--,35.1
2008,PA,Rural,Particular,100,55.4,70.2,68.8,73.8,82.2,88.2,81.7,88.2,66.4,84.6,72.1,79.8,96.9,91.8,--,--,90.3,0,39.6,28.1,24.8,21.5,8.5,11.8,16.9,11.8,29.3,11.6,23.8,10.9,3.1,4.1,--,--,5.9,0,5,1.7,6.4,4.7,9.3,0,1.4,0,4.3,3.8,4.1,9.3,0,4.1,--,--,3.8
2008,PA,Rural,Publico,75.2,51.9,66.1,70.6,76.6,72.8,79.8,83,85.9,64.6,78.9,68.2,67.7,75.3,81.1,--,--,73.5,14.5,35.5,25.5,20.1,13.9,13.2,8.4,5.6,4.5,25.1,8.9,21.1,6.3,4.9,5,--,--,5.5,10.3,12.6,8.4,9.3,9.5,14,11.8,11.4,9.6,10.3,12.2,10.7,26,19.8,13.9,--,--,21
2008,PA,Rural,Total,75.2,51.9,66.1,70.6,76.6,72.9,79.8,83,86,64.7,78.9,68.2,68.2,76.9,81.4,--,--,74.2,14.4,35.6,25.5,20.1,14,13.2,8.4,5.6,4.5,25.1,9,21.1,6.5,4.8,5,--,--,5.6,10.4,12.5,8.4,9.3,9.4,13.9,11.8,11.4,9.5,10.2,12.1,10.7,25.3,18.3,13.6,--,--,20.2
2008,PA,Total,Estadual,66.7,61.1,71.4,75.6,79.5,69.7,72.6,76,73.4,71.9,72.6,72.3,62.1,69.2,70,86.4,58.2,66.5,16.7,26.9,21.9,17.6,13.2,19.5,16.9,14,16.4,19.9,16.9,18.1,11.4,8.1,10.7,4.5,7.3,10.2,16.6,12,6.7,6.8,7.3,10.8,10.5,10,10.2,8.2,10.5,9.6,26.5,22.7,19.3,9.1,34.5,23.3
2008,PA,Total,Federal,100,96.5,97.4,98.2,99.2,94.4,90.5,88.3,80.3,98.3,87.9,91.8,77.3,83.2,89.3,95,--,83.8,0,3.5,1.3,0.9,0.8,5.6,9.5,11.7,19.2,1.2,11.9,8,15.8,13.9,6.7,3.3,--,11.7,0,0,1.3,0.9,0,0,0,0,0.5,0.5,0.2,0.2,6.9,2.9,4,1.7,--,4.5
2008,PA,Total,Municipal,84.5,60,70.4,75.5,80.1,72,77.3,81.8,82.5,71.2,77.2,73.1,51.8,50,52.8,--,--,51.6,8,29.4,22.9,17.6,12.9,16,12,8.4,8.3,20.8,12,18.1,22.6,26.2,26.4,--,--,24.2,7.5,10.6,6.7,6.9,7,12,10.7,9.8,9.2,8,10.8,8.8,25.6,23.8,20.8,--,--,24.2
2008,PA,Total,Particular,96.7,94.7,96.2,97,97,95.4,95.4,96.2,94.4,96.2,95.4,95.9,94.3,96.6,97.3,100,98.3,96,2.3,4.1,3,2.6,2.3,3.9,4.3,3.6,5.1,2.9,4.2,3.5,4.7,2.8,2,0,0.8,3.3,1,1.2,0.8,0.4,0.7,0.7,0.3,0.2,0.5,0.9,0.4,0.6,1,0.6,0.7,0,0.9,0.7
2008,PA,Total,Publico,84.5,60.2,70.5,75.6,80,71.3,75.7,79.7,78.9,71.3,75.7,72.9,62.1,69.3,70.2,94.3,58.2,66.6,8,29.1,22.7,17.5,12.9,17.1,13.7,10.4,11.6,20.7,13.7,18.1,11.4,8.2,10.7,3.4,7.3,10.2,7.5,10.7,6.8,6.9,7.1,11.6,10.6,9.9,9.5,8,10.6,9,26.5,22.5,19.1,2.3,34.5,23.2
2008,PA,Total,Total,85.6,61.4,71.6,76.5,80.8,72.5,76.8,80.8,80,72.4,76.8,74,63.8,70.8,71.8,94.7,63,68.2,7.5,28.2,21.9,16.9,12.4,16.4,13.1,10,11.1,19.9,13.2,17.4,11.1,7.9,10.2,3.2,6.5,9.8,6.9,10.4,6.5,6.6,6.8,11.1,10.1,9.2,8.9,7.7,10,8.6,25.1,21.3,18,2.1,30.5,22
2008,PA,Urbana,Estadual,--,61.8,72,76.3,80.5,69.1,72,75.6,72.7,72.7,72.1,72.3,61.9,69,69.8,86.4,58.2,66.3,--,26.3,21.4,16.9,12.8,20,17.5,14.4,17.1,19.4,17.5,18.2,11.5,8.2,10.9,4.5,7.3,10.3,--,11.9,6.6,6.8,6.7,10.9,10.5,10,10.2,7.9,10.4,9.5,26.6,22.8,19.3,9.1,34.5,23.4
2008,PA,Urbana,Federal,100,96.5,97.4,98.2,99.2,94.4,90.5,88.3,80.3,98.3,87.9,91.8,77.3,83.2,89.3,95,--,83.8,0,3.5,1.3,0.9,0.8,5.6,9.5,11.7,19.2,1.2,11.9,8,15.8,13.9,6.7,3.3,--,11.7,0,0,1.3,0.9,0,0,0,0,0.5,0.5,0.2,0.2,6.9,2.9,4,1.7,--,4.5
2008,PA,Urbana,Municipal,88.4,70.1,74.6,80,82.6,71.7,76,81.1,80.7,77.4,76.4,77.1,43.8,50,52.8,--,--,48,5.2,21.7,20.3,15.4,12.2,17.6,13.9,10,10.2,16.7,13.7,15.6,36.4,26.2,26.4,--,--,30.7,6.4,8.2,5.1,4.6,5.2,10.7,10.1,8.9,9.1,5.9,9.9,7.3,19.8,23.8,20.8,--,--,21.3
2008,PA,Urbana,Particular,96.7,95.9,96.7,97.4,97.3,95.6,95.5,96.3,94.5,96.8,95.5,96.2,94.6,96.6,97.4,100,98.3,96.1,2.3,3,2.6,2.2,2,3.9,4.3,3.4,5,2.4,4.1,3.2,4.6,2.8,2,0,0.8,3.2,1,1.1,0.7,0.4,0.7,0.5,0.2,0.3,0.5,0.8,0.4,0.6,0.8,0.6,0.6,0,0.9,0.7
2008,PA,Urbana,Publico,88.5,68.4,74.1,79.2,82.1,70.7,74.3,78.7,76.9,76.5,74.6,75.6,62,69.1,69.9,94.3,58.2,66.4,5.2,22.7,20.5,15.7,12.3,18.5,15.4,12,13.5,17.2,15.3,16.4,11.6,8.2,10.8,3.4,7.3,10.3,6.3,8.9,5.4,5.1,5.6,10.8,10.3,9.3,9.6,6.3,10.1,8,26.4,22.7,19.3,2.3,34.5,23.3
2008,PA,Urbana,Total,89.4,70.2,75.7,80.5,83.3,72.3,75.9,80.2,78.4,78,76.2,77.2,63.7,70.7,71.6,94.7,63,68.1,4.9,21.3,19.3,14.8,11.5,17.6,14.6,11.3,12.8,16.1,14.5,15.4,11.2,7.9,10.3,3.2,6.5,9.9,5.7,8.5,5,4.7,5.2,10.1,9.5,8.5,8.8,5.9,9.3,7.4,25.1,21.4,18.1,2.1,30.5,22
2008,AP,Rural,Estadual,--,64.5,74.5,80.6,83.5,81.8,85.1,83.8,83.8,75,83.5,78.3,64.8,72.6,80.3,--,--,70.9,--,31.4,23.2,16.4,13.2,10.7,6.8,7.1,6,21.8,7.9,16.3,8.2,7.4,2.1,--,--,6.5,--,4.1,2.3,3,3.3,7.5,8.1,9.1,10.2,3.2,8.6,5.4,27,20,17.6,--,--,22.6
2008,AP,Rural,Municipal,88,64.7,74.1,76.3,83.6,82.6,74.6,74.8,88,74.4,79,74.8,--,--,--,--,--,--,9.1,29.1,21.9,19,10,13.3,14.4,11.2,2.7,20.5,11.8,19.7,--,--,--,--,--,--,2.9,6.2,4,4.7,6.4,4.1,11,14,9.3,5.1,9.2,5.5,--,--,--,--,--,--
2008,AP,Rural,Particular,100,96.5,87.3,94.4,81.8,76,90.1,94.2,89,90.5,87.1,88.9,91.1,81,93.3,100,93.8,89.8,0,1.7,11.8,5.6,15.9,16,4.5,2.3,6.6,8.2,7.5,7.8,3.3,8.6,0,0,6.2,3.8,0,1.8,0.9,0,2.3,8,5.4,3.5,4.4,1.3,5.4,3.3,5.6,10.4,6.7,0,0,6.4
2008,AP,Rural,Publico,88,64.6,74.4,79.2,83.6,81.9,84.1,83.1,84,74.8,83.2,77.4,64.8,72.6,80.3,--,--,70.9,9.1,30.5,22.8,17.2,12.3,10.9,7.5,7.4,5.8,21.4,8.2,17.2,8.2,7.4,2.1,--,--,6.5,2.9,4.9,2.8,3.6,4.1,7.2,8.4,9.5,10.2,3.8,8.6,5.4,27,20,17.6,--,--,22.6
2008,AP,Rural,Total,88.1,65.3,74.7,79.6,83.5,81.6,84.4,83.6,84.2,75.1,83.3,77.8,66.9,73.3,81.6,100,93.8,72.7,9,29.9,22.5,17,12.4,11.1,7.4,7.2,5.9,21.1,8.1,16.9,7.8,7.5,1.9,0,6.2,6.3,2.9,4.8,2.8,3.4,4.1,7.3,8.2,9.2,9.9,3.8,8.6,5.3,25.3,19.2,16.5,0,0,21
2008,AP,Total,Estadual,--,69.9,79.2,82.7,86.1,79.7,82.3,85,85.1,79.1,82.7,80.9,61.8,71.5,73.4,--,100,67.6,--,25.7,18.6,14.9,11.1,14.3,12.4,9.6,8.8,17.9,11.6,14.7,14,11,12.4,--,0,12.7,--,4.4,2.2,2.4,2.8,6,5.3,5.4,6.1,3,5.7,4.4,24.2,17.5,14.2,--,0,19.7
2008,AP,Total,Municipal,91.7,74,80.5,81.7,86.1,78.5,78,84.3,84.3,81.6,80.6,81.5,--,--,--,--,--,--,4.6,20.3,16.9,15.5,10.9,15.2,15.3,9,8.6,14.7,12.8,14.4,--,--,--,--,--,--,3.7,5.7,2.6,2.8,3,6.3,6.7,6.7,7.1,3.7,6.6,4.1,--,--,--,--,--,--
2008,AP,Total,Particular,98.3,94.2,95.4,97.5,97,95.3,96.8,97.2,97.2,96.2,96.6,96.3,94.7,94.9,98.7,100,93.8,96,0.5,4.1,4.4,2.5,2.7,3.8,2.7,2.3,2.3,3.2,2.8,3,4.2,3.9,0.7,0,6.2,3.1,1.2,1.7,0.2,0,0.3,0.9,0.5,0.5,0.5,0.6,0.6,0.7,1.1,1.2,0.6,0,0,0.9
2008,AP,Total,Publico,91.7,71.5,79.7,82.3,86.1,79.6,81.9,84.9,85,80.2,82.5,81.1,61.8,71.5,73.4,--,100,67.6,4.6,23.6,18,15.1,11,14.4,12.7,9.5,8.8,16.6,11.7,14.6,14,11,12.4,--,0,12.7,3.7,4.9,2.3,2.6,2.9,6,5.4,5.6,6.2,3.2,5.8,4.3,24.2,17.5,14.2,--,0,19.7
2008,AP,Total,Total,92.4,73,80.7,83.3,86.8,80.5,83,85.9,85.9,81.3,83.5,82.2,63.6,73.3,75.4,100,94.4,69.5,4.1,22.3,17.1,14.3,10.5,13.8,11.9,9,8.3,15.7,11.1,13.8,13.5,10.5,11.5,0,5.6,12.1,3.5,4.7,2.2,2.4,2.7,5.7,5.1,5.1,5.8,3,5.4,4,22.9,16.2,13.1,0,0,18.4
2008,AP,Urbana,Estadual,--,71.8,80.9,83.4,86.8,79.4,81.9,85.2,85.3,80.5,82.6,81.6,61.6,71.4,72.9,--,100,67.3,--,23.7,17,14.5,10.5,15,13.4,10.1,9.3,16.6,12.3,14.3,14.5,11.3,13.2,--,0,13.2,--,4.5,2.1,2.1,2.7,5.6,4.7,4.7,5.4,2.9,5.1,4.1,23.9,17.3,13.9,--,0,19.5
2008,AP,Urbana,Municipal,92.3,76.9,81.9,82.9,86.6,78,78.5,85.6,84,83.3,80.8,82.9,--,--,--,--,--,--,3.9,17.5,15.8,14.7,11.1,15.4,15.4,8.7,9.2,13.4,12.9,13.3,--,--,--,--,--,--,3.8,5.6,2.3,2.4,2.3,6.6,6.1,5.7,6.8,3.3,6.3,3.8,--,--,--,--,--,--
2008,AP,Urbana,Particular,98.2,94,96.1,97.7,98.3,97.4,97.5,97.5,98.2,96.6,97.6,97,95.2,96,99.2,--,--,96.7,0.5,4.3,3.8,2.2,1.6,2.5,2.5,2.3,1.8,2.8,2.3,2.6,4.3,3.5,0.8,--,--,3,1.3,1.7,0.1,0.1,0.1,0.1,0,0.2,0,0.6,0.1,0.4,0.5,0.5,0,--,--,0.3
2008,AP,Urbana,Publico,92.3,73.8,81.3,83.2,86.7,79.2,81.5,85.3,85.2,81.7,82.4,82,61.6,71.4,72.9,--,100,67.3,3.9,21.2,16.5,14.5,10.7,15.1,13.6,9.9,9.3,15.2,12.4,14,14.5,11.3,13.2,--,0,13.2,3.8,5,2.2,2.3,2.6,5.7,4.9,4.8,5.5,3.1,5.2,4,23.9,17.3,13.9,--,0,19.5
2008,AP,Urbana,Total,93,75.4,82.4,84.3,87.6,80.3,82.8,86.3,86.2,82.9,83.5,83.2,63.3,73.3,74.9,--,100,69.2,3.4,19.9,15.6,13.6,10,14.3,12.7,9.3,8.7,14.2,11.6,13.1,13.9,10.7,12.2,--,0,12.6,3.6,4.7,2,2.1,2.4,5.4,4.5,4.4,5.1,2.9,4.9,3.7,22.8,16,12.9,--,0,18.2
2008,TO,Rural,Estadual,84.6,75.2,81.8,79.9,80.5,77.2,82.5,84.8,86.3,80,82.2,81,77.6,87.1,89.5,--,--,83.8,4,13.8,8.2,10.5,8.2,10.5,6.8,7.5,6.2,9.4,7.9,8.7,8,4.4,2.2,--,--,5.3,11.4,11,10,9.6,11.3,12.3,10.7,7.7,7.5,10.6,9.9,10.3,14.4,8.5,8.3,--,--,10.9
2008,TO,Rural,Federal,--,--,--,--,--,--,--,--,--,--,--,--,76.6,73,95,--,--,80.3,--,--,--,--,--,--,--,--,--,--,--,--,20.5,27,5,--,--,18.4,--,--,--,--,--,--,--,--,--,--,--,--,2.9,0,0,--,--,1.3
2008,TO,Rural,Municipal,94.2,73.7,80.4,84.4,86.6,78.2,83.7,84.6,87.4,83,82.7,82.9,65.9,72,93.3,100,--,75.8,2.8,20.4,16,12,9.7,14.6,9.8,8.2,4.8,12.9,10.2,12.2,6.8,0,0,0,--,3.2,3,5.9,3.6,3.6,3.7,7.2,6.5,7.2,7.8,4.1,7.1,4.9,27.3,28,6.7,0,--,21
2008,TO,Rural,Particular,--,97.5,93.6,92.5,91.5,94.9,96.2,96.9,98.7,93.7,96.7,95.2,100,98.8,100,--,--,99.6,--,2.5,6.4,7.5,8.5,5.1,3.8,3.1,1.3,6.3,3.3,4.8,0,1.2,0,--,--,0.4,--,0,0,0,0,0,0,0,0,0,0,0,0,0,0,--,--,0
2008,TO,Rural,Publico,92.6,74,80.6,83.5,85.4,77.9,83.3,84.7,87,82.5,82.5,82.5,77.1,84.9,90.3,100,--,83.1,3,19.3,14.7,11.7,9.4,13.4,8.7,7.9,5.3,12.3,9.4,11.3,9.7,7.1,2.5,0,--,6.9,4.4,6.7,4.7,4.8,5.2,8.7,8,7.4,7.7,5.2,8.1,6.2,13.2,8,7.2,0,--,10
2008,TO,Rural,Total,92.6,74.3,80.8,83.6,85.5,78.2,83.6,85.1,87.4,82.6,82.9,82.7,78.6,86.1,91.2,100,--,84.3,3,19,14.6,11.7,9.3,13.2,8.6,7.8,5.1,12.2,9.3,11.2,9,6.6,2.3,0,--,6.4,4.4,6.7,4.6,4.7,5.2,8.6,7.8,7.1,7.5,5.2,7.8,6.1,12.4,7.3,6.5,0,--,9.3
2008,TO,Total,Estadual,98.1,88.6,91.2,92.3,92.6,83,84.4,85.7,88,92.1,85.2,88,73.8,80.7,87.3,94.7,98.7,79.7,0.6,10.1,7.7,6.5,6,13.5,11.9,10.9,8.5,6.6,11.3,9.4,11.2,7.6,5,1.8,0.6,8.4,1.3,1.3,1.1,1.2,1.4,3.5,3.7,3.4,3.5,1.3,3.5,2.6,15,11.7,7.7,3.5,0.7,11.9
2008,TO,Total,Federal,--,--,--,--,--,--,--,--,--,--,--,--,61.1,77.1,92,91.7,--,74,--,--,--,--,--,--,--,--,--,--,--,--,34.8,18.2,6.2,2.8,--,22.1,--,--,--,--,--,--,--,--,--,--,--,--,4.1,4.7,1.8,5.5,--,3.9
2008,TO,Total,Municipal,96.4,80.4,85,87.7,89.6,79.3,83.1,84.5,87.6,87.4,82.8,86.2,68.8,72,93.3,100,--,76.8,1.7,16.7,13.2,10.5,8.3,16,12.4,10.3,7.1,10.4,12.4,10.9,6.3,0,0,0,--,3,1.9,2.9,1.8,1.8,2.1,4.7,4.5,5.2,5.3,2.2,4.8,2.9,24.9,28,6.7,0,--,20.2
2008,TO,Total,Particular,97.8,98.3,98.8,98.6,98.4,96.7,97,94.9,94.7,98.4,95.9,97.4,90.4,93.2,96.9,--,--,93.2,1.6,1.4,0.8,1.3,1.5,2.8,2.9,4.9,5.1,1.3,3.9,2.3,8.6,6.3,2.6,--,--,6.1,0.6,0.3,0.4,0.1,0.1,0.5,0.1,0.2,0.2,0.3,0.2,0.3,1,0.5,0.5,--,--,0.7
2008,TO,Total,Publico,97,83.5,87.4,89.6,91,81.8,84.1,85.4,87.9,89.3,84.5,87.2,73.6,80.6,87.4,93.6,98.7,79.6,1.3,14.2,11.1,8.8,7.3,14.3,12.1,10.7,8.2,8.9,11.6,10.1,11.6,7.8,5,2.1,0.6,8.6,1.7,2.3,1.5,1.6,1.7,3.9,3.8,3.9,3.9,1.8,3.9,2.7,14.8,11.6,7.6,4.3,0.7,11.8
2008,TO,Total,Total,97,84.4,88.1,90.1,91.3,82.5,84.7,85.9,88.3,89.9,85.1,87.8,74.3,81.2,87.9,93.6,98.7,80.2,1.4,13.4,10.4,8.4,7,13.8,11.6,10.4,8,8.5,11.2,9.7,11.5,7.7,4.9,2.1,0.6,8.5,1.6,2.2,1.5,1.5,1.7,3.7,3.7,3.7,3.7,1.6,3.7,2.5,14.2,11.1,7.2,4.3,0.7,11.3
2008,TO,Urbana,Estadual,99.6,90.1,92.1,93.7,93.8,83.4,84.6,85.8,88.1,93.4,85.3,88.5,73.7,80.4,87.2,94.7,98.7,79.5,0.2,9.7,7.7,6.1,5.8,13.7,12.3,11,8.6,6.4,11.5,9.5,11.3,7.8,5.1,1.8,0.6,8.5,0.2,0.2,0.2,0.2,0.4,2.9,3.1,3.2,3.3,0.2,3.2,2,15,11.8,7.7,3.5,0.7,12
2008,TO,Urbana,Federal,--,--,--,--,--,--,--,--,--,--,--,--,52.8,79.4,89.6,91.7,--,70.7,--,--,--,--,--,--,--,--,--,--,--,--,42.5,13.2,7.2,2.8,--,24.1,--,--,--,--,--,--,--,--,--,--,--,--,4.7,7.4,3.2,5.5,--,5.2
2008,TO,Urbana,Municipal,97.1,83,86.8,88.9,90.8,79.7,82.9,84.4,87.8,89.1,82.8,87.5,100,--,--,--,--,100,1.4,15.2,12,9.9,7.7,16.6,13.6,11.3,8.2,9.5,13.3,10.4,0,--,--,--,--,0,1.5,1.8,1.2,1.2,1.5,3.7,3.5,4.3,4,1.4,3.9,2.1,0,--,--,--,--,0
2008,TO,Urbana,Particular,97.8,98.3,99,98.8,98.8,96.8,97,94.8,94.5,98.5,95.8,97.5,89.6,92.7,96.6,--,--,92.6,1.6,1.4,0.5,1,1.2,2.7,2.9,5,5.4,1.1,3.9,2.2,9.3,6.8,2.9,--,--,6.7,0.6,0.3,0.5,0.2,0,0.5,0.1,0.2,0.1,0.4,0.3,0.3,1.1,0.5,0.5,--,--,0.7
2008,TO,Urbana,Publico,98,86.1,89.2,91.2,92.3,82.4,84.2,85.5,88,91,84.8,88.1,73.4,80.4,87.3,93,98.7,79.4,1,12.8,10.1,8.1,6.7,14.4,12.5,11.1,8.5,8.1,11.9,9.9,11.7,7.8,5.2,2.3,0.6,8.7,1,1.1,0.7,0.7,1,3.2,3.3,3.4,3.5,0.9,3.3,2,14.9,11.8,7.5,4.7,0.7,11.9
2008,TO,Urbana,Total,98,87,89.9,91.7,92.7,83.1,84.9,86,88.4,91.6,85.4,88.7,74.1,81,87.7,93,98.7,80,1,12,9.4,7.6,6.4,13.9,12,10.8,8.4,7.6,11.5,9.4,11.6,7.8,5,2.3,0.6,8.6,1,1,0.7,0.7,0.9,3,3.1,3.2,3.2,0.8,3.1,1.9,14.3,11.2,7.3,4.7,0.7,11.4
2008,MA,Rural,Estadual,80.6,70.5,71.9,76.6,77.2,77.4,80.7,82.8,86.4,73.2,81.4,76.8,72.4,78.8,85.7,87.8,85.7,77.5,0,18.5,16.8,13.7,14.1,11.6,11,9.4,6.2,16.3,9.8,13.4,6.1,5,2.8,0,3.1,5,19.4,11,11.3,9.7,8.7,11,8.3,7.8,7.4,10.5,8.8,9.8,21.5,16.2,11.5,12.2,11.2,17.5
2008,MA,Rural,Federal,--,85.7,100,93.3,92.3,91.7,100,83.3,100,93.8,93.3,93.5,87.6,85.7,90.3,--,--,88,--,14.3,0,0,7.7,8.3,0,16.7,0,4.2,6.7,5.4,9.1,12.2,8.7,--,--,9.8,--,0,0,6.7,0,0,0,0,0,2,0,1.1,3.3,2.1,1,--,--,2.2
2008,MA,Rural,Municipal,90.6,81.5,79.6,81.2,82.8,74.5,79.6,80.8,85.7,82.1,79.1,81.1,69.7,79.3,90.6,95.4,--,77.3,4,13.2,15.6,13.9,11.5,16.1,10.8,8.7,4.9,12.8,11.2,12.2,6.8,3.4,1.6,0,--,4.5,5.4,5.3,4.8,4.9,5.7,9.4,9.6,10.5,9.4,5.1,9.7,6.7,23.5,17.3,7.8,4.6,--,18.2
2008,MA,Rural,Particular,96.5,98.4,96.9,96.4,95.7,96.2,97,94.8,97,97,96.2,96.8,82.8,83.9,88.8,--,--,84.9,1.2,0.8,2,1.8,3.2,3.4,2.7,4.2,3,1.8,3.3,2.2,17.2,16.1,11.2,--,--,15.1,2.3,0.8,1.1,1.8,1.1,0.4,0.3,1,0,1.2,0.5,1,0,0,0,--,--,0
2008,MA,Rural,Publico,90.6,80.9,79.3,81.1,82.7,74.6,79.7,80.9,85.7,81.8,79.3,81,72.4,78.9,86.2,89.9,85.7,77.7,4,13.4,15.7,13.9,11.6,15.9,10.8,8.7,5,12.9,11.1,12.3,6.2,5,2.9,0,3.1,5,5.4,5.7,5,5,5.7,9.5,9.5,10.4,9.3,5.3,9.6,6.7,21.4,16.1,10.9,10.1,11.2,17.3
2008,MA,Rural,Total,90.7,81.1,79.5,81.2,82.8,74.8,79.8,81,85.8,81.9,79.4,81.1,72.5,79,86.2,89.9,85.7,77.8,3.9,13.3,15.5,13.8,11.5,15.8,10.7,8.7,5,12.8,11,12.2,6.3,5.1,3,0,3.1,5.1,5.4,5.6,5,5,5.7,9.4,9.5,10.3,9.2,5.3,9.6,6.7,21.2,15.9,10.8,10.1,11.2,17.1
2008,MA,Total,Estadual,80.6,84.8,82.3,85.9,87.6,80.8,83.4,84.5,87.2,85.2,83.9,84.3,68,75.5,84.1,87.7,83.3,74.7,0,8.6,12.9,10.5,9,14.1,12.1,10.5,7.6,10.3,11.1,10.9,10.2,7.8,4.3,0.6,5.9,7.9,19.4,6.6,4.8,3.6,3.4,5.1,4.5,5,5.2,4.5,5,4.8,21.8,16.7,11.6,11.7,10.8,17.4
2008,MA,Total,Federal,--,85.7,100,93.3,91.2,76.5,81,65.6,93.7,92.2,79.8,82.4,90.7,89.9,95,--,--,91.7,--,14.3,0,0,8.8,22.4,19,33.3,4.5,6.8,19.1,16.6,6.2,8.1,4.4,--,--,6.2,--,0,0,6.7,0,1.1,0,1.1,1.8,1,1.1,1,3.1,2,0.6,--,--,2.1
2008,MA,Total,Municipal,92.2,83.2,80.7,83,83.9,74.6,77.7,79.9,84,83.6,78.2,81.7,67.9,76.7,86.9,92.2,--,76.9,3,11.7,14.9,12.8,11.2,16.6,12.9,10.2,6.3,11.7,12.4,11.9,6.3,4.6,3.4,1.8,--,4.7,4.8,5.1,4.4,4.2,4.9,8.8,9.4,9.9,9.7,4.7,9.4,6.4,25.8,18.7,9.7,6,--,18.4
2008,MA,Total,Particular,97.5,96.8,97,97.1,96.5,94.9,94.6,94.7,94.4,96.9,94.7,96.1,90.4,92.5,95,95.9,78.9,92.7,1.5,2.2,2.1,2.2,2.8,4.8,5,4.7,5,2.2,4.9,3.2,7.7,5,3,0.8,0,5,1,1,0.9,0.7,0.7,0.3,0.4,0.6,0.6,0.9,0.4,0.7,1.9,2.5,2,3.3,21.1,2.3
2008,MA,Total,Publico,92.2,83.4,80.9,83.3,84.3,76,79.2,81.3,85.1,83.8,79.8,82.2,68.3,75.7,84.3,89.9,83.3,74.9,3,11.4,14.7,12.5,10.9,16,12.7,10.3,6.8,11.6,12.1,11.8,10,7.6,4.3,1.2,5.9,7.7,4.8,5.2,4.4,4.2,4.8,8,8.1,8.4,8.1,4.6,8.1,6,21.7,16.7,11.4,8.9,10.8,17.4
2008,MA,Total,Total,92.7,84.5,82,84.1,85.1,77,80.1,82.2,85.8,84.7,80.7,83.1,69.7,76.9,85.4,91.6,81.9,76.3,2.8,10.7,13.8,11.9,10.4,15.4,12.2,10,6.6,10.9,11.6,11.2,9.8,7.4,4.2,1.1,4.1,7.5,4.5,4.8,4.2,4,4.5,7.6,7.7,7.8,7.6,4.4,7.7,5.7,20.5,15.7,10.4,7.3,14,16.2
2008,MA,Urbana,Estadual,--,91.9,85.1,87.6,89,81.1,83.6,84.7,87.3,88.2,84.2,85.3,67.2,75,83.9,87.7,81,74.2,--,3.7,11.8,9.9,8.3,14.3,12.2,10.6,7.7,8.8,11.2,10.5,11,8.2,4.5,0.8,8.6,8.3,--,4.4,3.1,2.5,2.7,4.6,4.2,4.7,5,3,4.6,4.2,21.8,16.8,11.6,11.5,10.4,17.5
2008,MA,Urbana,Federal,--,--,--,--,90.9,74,78.9,63.1,93,90.9,78.1,79.9,91.6,92,97.7,--,--,93.1,--,--,--,--,9.1,24.7,21.1,35.7,5,9.1,20.7,19.2,5.4,6.1,1.9,--,--,4.7,--,--,--,--,0,1.3,0,1.2,2,0,1.2,0.9,3,1.9,0.4,--,--,2.2
2008,MA,Urbana,Municipal,93.6,85.2,81.9,85,85,74.7,76,79.1,82.6,85.3,77.4,82.3,66.8,75.4,85.5,91.8,--,76.7,2.1,9.9,14.1,11.4,10.8,16.9,14.6,11.6,7.4,10.6,13.5,11.6,6,5.2,4.1,2,--,4.8,4.3,4.9,4,3.6,4.2,8.4,9.4,9.3,10,4.1,9.1,6.1,27.2,19.4,10.4,6.2,--,18.5
2008,MA,Urbana,Particular,97.5,96.7,97,97.2,96.5,94.8,94.5,94.7,94.3,96.9,94.6,96.1,90.6,92.6,95.1,95.9,78.9,92.8,1.5,2.3,2.1,2.2,2.8,4.9,5,4.8,5.1,2.2,4.9,3.2,7.5,4.7,2.9,0.8,0,4.8,1,1,0.9,0.6,0.7,0.3,0.5,0.5,0.6,0.9,0.5,0.7,1.9,2.7,2,3.3,21.1,2.4
2008,MA,Urbana,Publico,93.6,85.9,82.4,85.4,85.7,76.8,78.9,81.5,84.9,85.7,80.1,83.1,67.5,75.1,84,89.9,81,74.4,2.1,9.2,13.8,11.2,10.4,16.1,13.7,11.2,7.5,10.3,12.6,11.4,10.7,8.1,4.5,1.5,8.6,8.2,4.3,4.9,3.8,3.4,3.9,7.1,7.4,7.3,7.6,4,7.3,5.5,21.8,16.8,11.5,8.6,10.4,17.4
2008,MA,Urbana,Total,94.2,87.5,84.2,86.7,86.9,78.2,80.2,82.8,85.8,87.1,81.4,84.5,69.2,76.6,85.2,91.9,80,76.1,2,8.2,12.3,10.2,9.5,15.2,13,10.6,7.3,9.3,11.9,10.5,10.5,7.8,4.3,1.3,4.6,7.9,3.8,4.3,3.5,3.1,3.6,6.6,6.8,6.6,6.9,3.6,6.7,5,20.3,15.6,10.5,6.8,15.4,16
2008,PI,Rural,Estadual,76.3,76,83,69.7,86.5,60.3,74.4,87,92.2,78.1,76.2,77.3,63.3,77.5,85.8,97.3,84.4,73.1,17.4,11.7,9.1,19.4,7.1,29.9,15.6,4.3,3.9,13.2,15,14,7.4,4,3.3,0,0,5.4,6.3,12.3,7.9,10.9,6.4,9.8,10,8.7,3.9,8.7,8.8,8.7,29.3,18.5,10.9,2.7,15.6,21.5
2008,PI,Rural,Municipal,80.8,65.9,72.3,77.8,81.2,69.2,76.7,81,87.3,74.2,77,75,71.3,79.7,85.1,--,--,75.7,15.4,28.8,23.8,17.4,13.5,21,13.5,9.2,4.7,21.1,13.5,18.9,7.9,3,1.3,--,--,5.5,3.8,5.3,3.9,4.8,5.3,9.8,9.8,9.8,8,4.7,9.5,6.1,20.8,17.3,13.6,--,--,18.8
2008,PI,Rural,Particular,90.4,84.8,76.8,79.5,90.5,71.3,80.8,89.4,88.2,83.8,80.3,82.4,87.5,90.7,100,100,--,94.1,8.4,12.1,20.1,18.5,7.4,24.6,15.1,4.4,4.7,13.8,14.7,14.1,6.8,1.3,0,0,--,2.3,1.2,3.1,3.1,2,2.1,4.1,4.1,6.2,7.1,2.4,5,3.5,5.7,8,0,0,--,3.6
2008,PI,Rural,Publico,80.7,66,72.4,77.7,81.2,69.1,76.7,81,87.3,74.2,76.9,75,64.7,77.7,85.7,97.3,84.4,73.4,15.4,28.7,23.7,17.4,13.5,21,13.5,9.1,4.7,21.1,13.5,18.9,7.5,3.9,3.1,0,0,5.4,3.9,5.3,3.9,4.9,5.3,9.9,9.8,9.9,8,4.7,9.6,6.1,27.8,18.4,11.2,2.7,15.6,21.2
2008,PI,Rural,Total,80.8,66.1,72.4,77.7,81.3,69.1,76.7,81.1,87.3,74.3,77,75,65.2,78.1,86.4,98.9,84.4,74.2,15.4,28.6,23.7,17.5,13.4,21.1,13.5,9.1,4.7,21,13.5,18.9,7.5,3.8,3,0,0,5.3,3.8,5.3,3.9,4.8,5.3,9.8,9.8,9.8,8,4.7,9.5,6.1,27.3,18.1,10.6,1.1,15.6,20.5
2008,PI,Total,Estadual,78.6,70.2,75.1,77,79.6,66,72.4,78.5,81.4,75.9,73.6,74.7,55.5,71.5,80,79,60.5,66.4,12.4,21.1,18.8,16.7,13.7,24.5,18.7,13.7,10.6,17,17.7,17.4,12.1,7.6,4.7,2.4,12.9,8.9,9,8.7,6.1,6.3,6.7,9.5,8.9,7.8,8,7.1,8.7,7.9,32.4,20.9,15.3,18.6,26.6,24.7
2008,PI,Total,Federal,--,--,--,--,--,--,--,68.8,100,--,80.8,80.8,82.2,85.8,93.1,--,--,85.6,--,--,--,--,--,--,--,31.2,0,--,19.2,19.2,11.8,10.3,5.4,--,--,10,--,--,--,--,--,--,--,0,0,--,0,0,6,3.9,1.5,--,--,4.4
2008,PI,Total,Municipal,85.1,70.5,73.8,79.6,81,69.3,76.5,81.6,86.7,76.9,76.9,76.9,67.1,80.9,90.2,--,--,75.2,11.2,24.5,22.3,16.1,14.5,21.8,15.4,10.5,6.4,18.8,14.9,17.4,10.8,5.1,4,--,--,8,3.7,5,3.9,4.3,4.5,8.9,8.1,7.9,6.9,4.3,8.2,5.7,22.1,14,5.8,--,--,16.8
2008,PI,Total,Particular,96.7,95.3,96.3,95.8,95.4,91.5,91.6,91.5,90.2,95.8,91.2,93.8,84.4,91,95.5,98.5,100,90.4,2.9,4.2,3.4,4,4.4,8.1,7.8,8.1,9.2,3.8,8.3,5.8,13.8,7.7,3.1,0,0,8.1,0.4,0.5,0.3,0.2,0.2,0.4,0.6,0.4,0.6,0.4,0.5,0.4,1.8,1.3,1.4,1.5,0,1.5
2008,PI,Total,Publico,84.1,70.5,74,79.2,80.7,68.4,75.3,80.7,85.1,76.7,76,76.4,56.2,71.9,80.3,79,60.5,66.8,11.4,24,21.7,16.2,14.3,22.5,16.3,11.5,7.7,18.5,15.7,17.4,12,7.6,4.7,2.4,12.9,8.9,4.5,5.5,4.3,4.6,5,9.1,8.4,7.8,7.2,4.8,8.3,6.2,31.8,20.5,15,18.6,26.6,24.3
2008,PI,Total,Total,85.2,72.2,75.7,80.5,81.9,70.2,76.7,81.9,85.8,78.2,77.5,77.9,58.1,73.7,82.1,91,66.7,69,10.7,22.6,20.3,15.2,13.5,21.4,15.6,11.1,7.9,17.4,15,16.4,12.2,7.6,4.5,0.9,10.9,8.8,4.1,5.2,4,4.3,4.6,8.4,7.7,7,6.3,4.4,7.5,5.7,29.7,18.7,13.4,8.1,22.4,22.2
2008,PI,Urbana,Estadual,78.7,70.1,75,77.1,79.5,66.1,72.4,78.4,81.3,75.8,73.6,74.7,55.1,71.2,79.8,71.3,58.9,66.1,12.2,21.3,18.9,16.6,13.8,24.5,18.8,13.8,10.7,17.1,17.8,17.4,12.3,7.8,4.8,3.4,13.8,9.1,9.1,8.6,6.1,6.3,6.7,9.4,8.8,7.8,8,7.1,8.6,7.9,32.6,21,15.4,25.3,27.3,24.8
2008,PI,Urbana,Federal,--,--,--,--,--,--,--,68.8,100,--,80.8,80.8,82.2,85.8,93.1,--,--,85.6,--,--,--,--,--,--,--,31.2,0,--,19.2,19.2,11.8,10.3,5.4,--,--,10,--,--,--,--,--,--,--,0,0,--,0,0,6,3.9,1.5,--,--,4.4
2008,PI,Urbana,Municipal,88.3,76.4,75.4,81.7,80.7,69.3,76.3,82,86.4,79.8,76.9,78.6,64.3,81.7,92.2,--,--,74.9,8.1,19.1,20.6,14.6,15.5,22.4,16.5,11.4,7.4,16.3,15.8,16.1,12.8,6.5,5.1,--,--,9.5,3.6,4.5,4,3.7,3.8,8.3,7.2,6.6,6.2,3.9,7.3,5.3,22.9,11.8,2.7,--,--,15.6
2008,PI,Urbana,Particular,96.8,95.6,96.9,96.3,95.6,92.2,91.9,91.6,90.3,96.2,91.5,94.1,84.4,91,95.4,97.9,100,90.3,2.7,3.9,2.8,3.6,4.3,7.5,7.6,8.2,9.3,3.5,8.1,5.6,14,7.8,3.1,0,0,8.2,0.5,0.5,0.3,0.1,0.1,0.3,0.5,0.2,0.4,0.3,0.4,0.3,1.6,1.2,1.5,2.1,0,1.5
2008,PI,Urbana,Publico,86.1,74.6,75.3,80.2,80.3,68.2,74.8,80.5,84.3,78.6,75.6,77.3,55.7,71.6,80.1,71.3,58.9,66.5,9,19.7,20.1,15.2,14.9,23.1,17.4,12.4,8.7,16.5,16.6,16.6,12.3,7.8,4.8,3.4,13.8,9.1,4.9,5.7,4.6,4.6,4.8,8.7,7.8,7.1,7,4.9,7.8,6.1,32,20.6,15.1,25.3,27.3,24.4
2008,PI,Urbana,Total,87.5,77.2,77.9,82.2,82.3,70.6,76.7,82.1,85.3,80.8,77.6,79.4,57.7,73.5,81.9,87.8,65.7,68.7,8.2,17.8,18,13.8,13.6,21.6,16.3,11.8,8.8,14.9,15.5,15.2,12.4,7.8,4.6,1.3,11.5,9,4.3,5,4.1,4,4.1,7.8,7,6.1,5.9,4.3,6.9,5.4,29.9,18.7,13.5,10.9,22.8,22.3
2008,CE,Rural,Estadual,66.2,64.7,68.8,77.6,71.3,75.5,83.3,84.7,91.3,69.4,85.2,77.8,69.2,81.5,87.9,--,--,77.5,27.7,29.8,22.1,21.4,14.6,15.5,9.3,7.3,4,23.6,7.9,15.2,10.1,7.9,2.6,--,--,7.7,6.1,5.5,9.1,1,14.1,9,7.4,8,4.7,7,6.9,7,20.7,10.6,9.5,--,--,14.8
2008,CE,Rural,Federal,--,--,--,--,--,--,--,--,--,--,--,--,62.8,88.6,94,--,--,79,--,--,--,--,--,--,--,--,--,--,--,--,23.3,8.2,5.4,--,--,13.9,--,--,--,--,--,--,--,--,--,--,--,--,13.9,3.2,0.6,--,--,7.1
2008,CE,Rural,Municipal,90.8,85.5,83.2,84.1,85.4,78.2,82.9,85.4,89.9,85.7,83.3,84.8,100,100,--,--,--,100,7.1,12.8,14.8,13.3,12,16.9,11.6,8.6,4.3,12.1,11.2,11.7,0,0,--,--,--,0,2.1,1.7,2,2.6,2.6,4.9,5.5,6,5.8,2.2,5.5,3.5,0,0,--,--,--,0
2008,CE,Rural,Particular,79.3,88.5,91.8,83.7,89.2,73.7,88,95.2,93.3,86,83.9,85.6,100,--,--,--,--,100,19.6,9.4,5.7,14.7,10.8,24.6,10,0,0,12.6,13.3,12.7,0,--,--,--,--,0,1.1,2.1,2.5,1.6,0,1.7,2,4.8,6.7,1.4,2.8,1.7,0,--,--,--,--,0
2008,CE,Rural,Publico,90.7,85.4,83.2,84.1,85.3,78.2,82.9,85.4,89.9,85.7,83.3,84.7,68,83,89.2,--,--,77.8,7.2,12.9,14.9,13.3,12,16.9,11.6,8.6,4.3,12.1,11.2,11.8,12.7,8,3.2,--,--,8.9,2.1,1.7,1.9,2.6,2.7,4.9,5.5,6,5.8,2.2,5.5,3.5,19.3,9,7.6,--,--,13.3
2008,CE,Rural,Total,90.7,85.4,83.2,84.1,85.4,78.2,82.9,85.4,89.9,85.7,83.3,84.7,68.5,83,89.2,--,--,77.9,7.2,12.8,14.9,13.3,12,16.9,11.6,8.6,4.3,12.1,11.2,11.8,12.5,8,3.2,--,--,8.9,2.1,1.8,1.9,2.6,2.6,4.9,5.5,6,5.8,2.2,5.5,3.5,19,9,7.6,--,--,13.2
2008,CE,Total,Estadual,88.1,81.3,82.4,81.5,83.4,76,79.6,82.7,84.6,82.9,81.6,81.7,71.2,78.3,83.6,79.6,94.9,76.7,8.9,14.7,13.8,13.6,11.6,15.8,13.1,10.4,7.7,12.5,11,11.1,9.3,7.6,5.5,2.4,2.2,7.8,3,4,3.8,4.9,5,8.2,7.3,6.9,7.7,4.6,7.4,7.2,19.5,14.1,10.9,18,2.9,15.5
2008,CE,Total,Federal,--,--,--,--,--,95.3,87.7,85.4,88,--,88.3,88.3,74.9,86.4,88.9,84.1,69.6,81.9,--,--,--,--,--,4.7,12.3,14.6,12,--,11.7,11.7,19.8,12.2,8.8,11.3,23.2,14.4,--,--,--,--,--,0,0,0,0,--,0,0,5.3,1.4,2.3,4.6,7.2,3.7
2008,CE,Total,Municipal,91,83.3,82.5,83.6,84.6,74.6,79.2,82,86.9,84.8,79.7,82.7,64.1,73.7,85.7,50,100,81.2,5.9,13.9,14.7,13.4,12.2,18.3,13.7,10.4,5.6,12.2,13.1,12.6,10.9,7.3,2,16.7,0,5,3.1,2.8,2.8,3,3.2,7.1,7.1,7.6,7.5,3,7.2,4.7,25,19,12.3,33.3,0,13.8
2008,CE,Total,Particular,95.7,96.8,97.2,96.9,96.9,93.8,93.6,93.5,92.4,96.7,93.3,95.4,89.5,93.9,95.9,100,100,93,3.4,2.6,2.3,2.8,2.7,5.7,5.9,5.9,7.1,2.7,6.1,4.1,9.7,5.5,3.5,0,0,6.3,0.9,0.6,0.5,0.3,0.4,0.5,0.5,0.6,0.5,0.6,0.6,0.5,0.8,0.6,0.6,0,0,0.7
2008,CE,Total,Publico,91,83.3,82.5,83.5,84.5,74.7,79.3,82.2,86.2,84.8,80.1,82.6,71.2,78.3,83.7,80.7,90,76.7,5.9,13.9,14.7,13.4,12.1,18,13.6,10.4,6.3,12.2,12.6,12.4,9.4,7.6,5.5,4.9,7.1,7.8,3.1,2.8,2.8,3.1,3.4,7.3,7.1,7.4,7.5,3,7.3,5,19.4,14.1,10.8,14.4,2.9,15.5
2008,CE,Total,Total,91.9,85.5,84.9,85.5,86.3,77,81,83.6,87,86.7,81.7,84.5,72.9,80.2,85.3,80.9,90.2,78.5,5.5,12,12.7,11.8,10.8,16.6,12.7,9.9,6.4,10.7,11.8,11.2,9.4,7.4,5.2,4.8,6.9,7.7,2.6,2.5,2.4,2.7,2.9,6.4,6.3,6.5,6.6,2.6,6.5,4.3,17.7,12.4,9.5,14.3,2.9,13.8
2008,CE,Urbana,Estadual,94.5,86,84.3,81.7,83.8,76,79.5,82.7,84.6,84.1,81.5,81.8,71.2,78.2,83.6,79.6,94.9,76.7,3.4,10.5,12.6,13.1,11.5,15.8,13.1,10.4,7.7,11.5,11,11.1,9.3,7.6,5.5,2.4,2.2,7.8,2.1,3.5,3.1,5.2,4.7,8.2,7.4,6.9,7.7,4.4,7.5,7.1,19.5,14.2,10.9,18,2.9,15.5
2008,CE,Urbana,Federal,--,--,--,--,--,95.3,87.7,85.4,88,--,88.3,88.3,80.5,85.4,87.2,84.1,69.6,82.8,--,--,--,--,--,4.7,12.3,14.6,12,--,11.7,11.7,18.2,14,9.9,11.3,23.2,14.5,--,--,--,--,--,0,0,0,0,--,0,0,1.3,0.6,2.9,4.6,7.2,2.7
2008,CE,Urbana,Municipal,91.2,82.1,82.2,83.3,84.1,73,77.6,80.4,85.5,84.3,78,81.7,64,73.7,85.7,50,100,81.2,5.3,14.5,14.7,13.5,12.3,18.9,14.7,11.4,6.3,12.3,13.9,13,10.9,7.3,2,16.7,0,5.1,3.5,3.4,3.1,3.2,3.6,8.1,7.7,8.2,8.2,3.4,8.1,5.3,25.1,19,12.3,33.3,0,13.7
2008,CE,Urbana,Particular,95.8,96.9,97.3,97,97,93.8,93.6,93.5,92.3,96.8,93.4,95.4,89.4,93.9,95.9,100,100,93,3.3,2.5,2.3,2.7,2.7,5.6,5.9,5.9,7.1,2.7,6.1,4,9.7,5.5,3.5,0,0,6.3,0.9,0.6,0.4,0.3,0.3,0.6,0.5,0.6,0.6,0.5,0.5,0.6,0.9,0.6,0.6,0,0,0.7
2008,CE,Urbana,Publico,91.2,82.2,82.2,83.2,84.1,73.5,78.1,81.1,85.1,84.3,79,81.7,71.2,78.3,83.6,80.7,90,76.7,5.2,14.4,14.7,13.5,12.2,18.5,14.3,11.1,6.9,12.3,13.1,12.7,9.4,7.6,5.5,4.9,7.1,7.8,3.6,3.4,3.1,3.3,3.7,8,7.6,7.8,8,3.4,7.9,5.6,19.4,14.1,10.9,14.4,2.9,15.5
2008,CE,Urbana,Total,92.4,85.5,85.5,86.1,86.6,76.6,80.5,83.2,86.3,87.1,81.3,84.4,72.9,80.1,85.3,80.9,90.2,78.5,4.7,11.7,11.9,11.2,10.3,16.5,13,10.2,6.9,10.1,12,11,9.4,7.4,5.3,4.8,6.9,7.6,2.9,2.8,2.6,2.7,3.1,6.9,6.5,6.6,6.8,2.8,6.7,4.6,17.7,12.5,9.4,14.3,2.9,13.9
2008,RN,Rural,Estadual,88.9,91.6,83.2,64.6,69.1,54,70.5,83.7,81.9,77.3,68.7,74.2,62.2,73.4,86.2,--,--,73.3,6.1,3.7,10.3,28.4,22.5,30.9,19.3,6.2,5,16.1,18.8,17.1,6.8,3.9,1.6,--,--,4.2,5,4.7,6.5,7,8.4,15.1,10.2,10.1,13.1,6.6,12.5,8.7,31,22.7,12.2,--,--,22.5
2008,RN,Rural,Federal,--,--,--,--,--,--,--,--,--,--,--,--,75.5,81.7,98.3,--,--,80.3,--,--,--,--,--,--,--,--,--,--,--,--,20.1,14.5,1.7,--,--,16.1,--,--,--,--,--,--,--,--,--,--,--,--,4.4,3.8,0,--,--,3.6
2008,RN,Rural,Municipal,90.7,88.9,85.9,66.4,73,53.2,66.8,77.9,82.6,80.1,66.3,76.4,53.5,63.9,82.3,--,--,61.6,4.9,7.5,10.1,29,21.8,32.8,19.9,10.3,7.8,15.5,21,17,9.3,4.9,1.6,--,--,6.6,4.4,3.6,4,4.6,5.2,14,13.3,11.8,9.6,4.4,12.7,6.6,37.2,31.2,16.1,--,--,31.8
2008,RN,Rural,Particular,94.5,96,93.8,100,89.5,95.2,73.1,100,77.8,95.2,88,92.7,100,--,--,--,--,100,5.5,4,6.2,0,10.5,4.8,23.1,0,5.6,4.8,8.3,6,0,--,--,--,--,0,0,0,0,0,0,0,3.8,0,16.6,0,3.7,1.3,0,--,--,--,--,0
2008,RN,Rural,Publico,90.5,89.1,85.7,66.2,72.6,53.3,67.3,78.8,82.5,79.9,66.7,76.2,62.5,72.5,86.6,--,--,71.2,5,7.2,10.2,29,21.9,32.5,19.8,9.7,7.5,15.6,20.7,17,11,6.5,1.6,--,--,7.4,4.5,3.7,4.1,4.8,5.5,14.2,12.9,11.5,10,4.5,12.6,6.8,26.5,21,11.8,--,--,21.4
2008,RN,Rural,Total,90.6,89.1,85.7,66.3,72.7,53.4,67.3,78.9,82.5,79.9,66.7,76.2,63.2,72.5,86.6,--,--,71.4,5,7.2,10.1,28.9,21.8,32.4,19.8,9.7,7.5,15.5,20.6,17,10.8,6.5,1.6,--,--,7.3,4.4,3.7,4.2,4.8,5.5,14.2,12.9,11.4,10,4.6,12.7,6.8,26,21,11.8,--,--,21.3
2008,RN,Total,Estadual,88.7,90.8,83.5,64.2,70.3,49.4,61.9,79.4,79.9,77.5,65.1,70.2,56.8,66.8,76.5,82,64,65.3,3.4,3.6,9.7,29,21.6,36.1,26,10.5,8.4,15.4,22.5,19.6,11.4,7.7,4.8,1.3,4.3,8.4,7.9,5.6,6.8,6.8,8.1,14.5,12.1,10.1,11.7,7.1,12.4,10.2,31.8,25.5,18.7,16.7,31.7,26.3
2008,RN,Total,Federal,100,--,--,--,--,--,--,--,--,100,--,100,82.4,86,89.3,94.5,--,86.5,0,--,--,--,--,--,--,--,--,0,--,0,15.8,12.2,8.1,4,--,11.6,0,--,--,--,--,--,--,--,--,0,--,0,1.8,1.8,2.6,1.5,--,1.9
2008,RN,Total,Municipal,91.5,90.7,87,70.7,73.3,51.9,64.9,76.3,79.8,81.9,64.7,75.2,63.5,70.6,83.2,--,--,70.5,4,5.6,9.4,24.9,21.7,34.5,23.4,14,9.8,13.9,23.5,17.6,8.9,5.4,4.7,--,--,6.9,4.5,3.7,3.6,4.4,5,13.6,11.7,9.7,10.4,4.2,11.8,7.2,27.6,24,12.1,--,--,22.6
2008,RN,Total,Particular,94.5,95.4,95.6,95.7,95,91.8,90.9,92.3,92,95.3,91.8,93.8,89.8,94.3,95.2,86.7,90.3,93,4.2,3.6,3.6,3.6,4.5,7.4,8.3,7.1,7.1,3.9,7.5,5.4,9.1,5.1,4.4,0,9.7,6.3,1.3,1,0.8,0.7,0.5,0.8,0.8,0.6,0.9,0.8,0.7,0.8,1.1,0.6,0.4,13.3,0,0.7
2008,RN,Total,Publico,90.9,90.7,86.1,68.9,72.5,50.9,63.6,77.7,79.9,80.8,64.8,73.5,57.4,67.3,76.8,88.5,64,65.8,3.8,5.2,9.5,26,21.6,35.1,24.5,12.5,9.1,14.2,23.1,18.3,11.4,7.7,4.9,2.7,4.3,8.5,5.3,4.1,4.4,5.1,5.9,14,11.9,9.8,11,5,12.1,8.2,31.2,25,18.3,8.8,31.7,25.7
2008,RN,Total,Total,91.5,91.5,87.6,72.8,75.8,55.2,67.2,80.1,81.8,83,68.5,76.5,60.9,70.8,79.4,88.5,65.5,69.1,3.9,4.9,8.5,22.7,19.1,32.2,22.4,11.6,8.8,12.6,21,16.4,11.2,7.4,4.8,2.7,4.6,8.2,4.6,3.6,3.9,4.5,5.1,12.6,10.4,8.3,9.4,4.4,10.5,7.1,27.9,21.8,15.8,8.8,29.9,22.7
2008,RN,Urbana,Estadual,88.7,90.6,83.6,64.1,70.4,49.1,61.5,79.2,79.9,77.5,64.9,69.9,56.7,66.7,76.4,82,64,65.2,3.1,3.6,9.7,29.1,21.5,36.4,26.3,10.7,8.5,15.3,22.7,19.8,11.4,7.7,4.9,1.3,4.3,8.5,8.2,5.8,6.7,6.8,8.1,14.5,12.2,10.1,11.6,7.2,12.4,10.3,31.9,25.6,18.7,16.7,31.7,26.3
2008,RN,Urbana,Federal,100,--,--,--,--,--,--,--,--,100,--,100,84.9,87.1,88.2,94.5,--,87.9,0,--,--,--,--,--,--,--,--,0,--,0,14.2,11.6,8.8,4,--,10.6,0,--,--,--,--,--,--,--,--,0,--,0,0.9,1.3,3,1.5,--,1.5
2008,RN,Urbana,Municipal,92,91.7,87.5,73.2,73.5,51.6,64.4,75.9,79.1,82.9,64.2,74.7,69.8,75.1,83.5,--,--,75.3,3.4,4.6,9,22.4,21.6,34.9,24.4,15,10.3,12.9,24.2,17.9,8.7,5.7,5.7,--,--,7,4.6,3.7,3.5,4.4,4.9,13.5,11.2,9.1,10.6,4.2,11.6,7.4,21.5,19.2,10.8,--,--,17.7
2008,RN,Urbana,Particular,94.5,95.4,95.6,95.7,95,91.8,91,92.3,92.1,95.3,91.8,93.8,89.8,94.3,95.2,86.7,90.3,93,4.2,3.6,3.5,3.6,4.4,7.4,8.3,7.1,7.1,3.9,7.5,5.4,9.1,5.1,4.4,0,9.7,6.3,1.3,1,0.9,0.7,0.6,0.8,0.7,0.6,0.8,0.8,0.7,0.8,1.1,0.6,0.4,13.3,0,0.7
2008,RN,Urbana,Publico,91,91.4,86.2,70.1,72.5,50.5,63,77.5,79.5,81.1,64.6,72.7,57.3,67.1,76.6,88.5,64,65.7,3.3,4.3,9.2,24.8,21.6,35.6,25.3,12.9,9.4,13.7,23.5,18.7,11.4,7.8,4.9,2.7,4.3,8.5,5.7,4.3,4.6,5.1,5.9,13.9,11.7,9.6,11.1,5.2,11.9,8.6,31.3,25.1,18.5,8.8,31.7,25.8
2008,RN,Urbana,Total,91.8,92.3,88.2,75.1,76.8,55.5,67.2,80.3,81.7,84.1,68.7,76.6,60.8,70.7,79.3,88.5,65.5,69.1,3.5,4.1,8,20.6,18.2,32.2,22.7,11.8,9,11.7,21,16.3,11.2,7.4,4.9,2.7,4.6,8.2,4.7,3.6,3.8,4.3,5,12.3,10.1,7.9,9.3,4.2,10.3,7.1,28,21.9,15.8,8.8,29.9,22.7
2008,PB,Rural,Estadual,80,69.2,75.3,77.9,80.2,59.7,70.2,71.1,79.1,76.4,68.4,73.8,61.2,77.7,91,--,--,72.4,11.8,20.9,16.8,13.6,11.2,22.7,14.1,12.9,8.6,14.9,15.8,15.2,12.4,3,2.2,--,--,7.5,8.2,9.9,7.9,8.5,8.6,17.6,15.7,16,12.3,8.7,15.8,11,26.4,19.3,6.8,--,--,20.1
2008,PB,Rural,Federal,--,--,--,--,--,--,--,--,--,--,--,--,70.9,94.5,97.3,--,--,85.3,--,--,--,--,--,--,--,--,--,--,--,--,0,0,0,--,--,0,--,--,--,--,--,--,--,--,--,--,--,--,29.1,5.5,2.7,--,--,14.7
2008,PB,Rural,Municipal,85.2,68.1,74.3,78.2,82.4,62.2,70.4,78.4,82,76.7,71.2,75.8,71.3,70.9,78.7,--,--,72.7,9.5,25.1,19.9,15.6,11,20.6,16.6,9.9,7.3,17.1,15,16.8,9,3.4,1.6,--,--,5.3,5.3,6.8,5.8,6.2,6.6,17.2,13,11.7,10.7,6.2,13.8,7.4,19.7,25.7,19.7,--,--,22
2008,PB,Rural,Particular,79.1,91,74.7,100,100,92.9,--,--,--,85.1,92.9,85.5,--,--,--,--,--,--,14,7.5,20.3,0,0,0,--,--,--,11.5,0,10.8,--,--,--,--,--,--,6.9,1.5,5,0,0,7.1,--,--,--,3.4,7.1,3.7,--,--,--,--,--,--
2008,PB,Rural,Publico,84.7,68.2,74.4,78.2,82.2,61.7,70.4,76.9,81.4,76.7,70.7,75.6,63.5,78.4,90.4,--,--,74,9.7,24.8,19.6,15.5,11,21.1,16.1,10.5,7.6,16.9,15.2,16.6,10.6,2.7,1.7,--,--,6.2,5.6,7,6,6.3,6.8,17.2,13.5,12.6,11,6.4,14.1,7.8,25.9,18.9,7.9,--,--,19.8
2008,PB,Rural,Total,84.7,68.2,74.4,78.2,82.2,61.8,70.4,76.9,81.4,76.7,70.7,75.6,63.5,78.4,90.4,--,--,74,9.7,24.7,19.6,15.4,11,21,16.1,10.5,7.6,16.9,15.1,16.6,10.6,2.7,1.7,--,--,6.2,5.6,7.1,6,6.4,6.8,17.2,13.5,12.6,11,6.4,14.2,7.8,25.9,18.9,7.9,--,--,19.8
2008,PB,Total,Estadual,83.1,73.6,77.5,81.8,83.6,56.6,65.4,69.5,73.5,79.8,65.3,71.2,60.2,72.2,80.3,88.3,73.1,69.5,7.5,17.1,14.9,11.2,9.5,22.5,17.8,14.5,11.2,12.3,17.1,15.1,12.8,8.6,5.1,1,2.3,9.3,9.4,9.3,7.6,7,6.9,20.9,16.8,16,15.3,7.9,17.6,13.7,27,19.2,14.6,10.7,24.6,21.2
2008,PB,Total,Federal,100,100,--,--,--,--,--,--,--,100,--,100,78.4,92.7,95.4,--,--,86.3,0,0,--,--,--,--,--,--,--,0,--,0,13.2,4.9,2.6,--,--,8.4,0,0,--,--,--,--,--,--,--,0,--,0,8.4,2.4,2,--,--,5.3
2008,PB,Total,Municipal,84.7,67.8,73.3,78.9,80.4,59.4,68.5,75.1,78.7,76.3,68.4,73.5,66.8,80.9,89.5,98.3,--,78.7,8.4,23.9,19.7,14.6,11.8,23.2,18,12.9,9.7,16.4,17.4,16.7,6.9,4,2.2,0,--,4.4,6.9,8.3,7,6.5,7.8,17.4,13.5,12,11.6,7.3,14.2,9.8,26.3,15.1,8.3,1.7,--,16.9
2008,PB,Total,Particular,95.9,97.4,97.6,98.3,97.3,95.1,93.4,92.7,92.8,97.4,93.5,95.7,88.8,91.9,95.6,98.9,--,91.9,2.9,2.1,1.8,1.5,2.3,4.4,5.9,6.6,6.4,2.1,5.8,3.7,9.5,7.2,3.1,0,--,6.8,1.2,0.5,0.6,0.2,0.4,0.5,0.7,0.7,0.8,0.5,0.7,0.6,1.7,0.9,1.3,1.1,--,1.3
2008,PB,Total,Publico,84.3,69.1,74.3,79.6,81.2,58.2,67,72.3,75.9,77.1,66.9,72.7,60.8,72.8,80.9,90.4,73.1,70.2,8.2,22.3,18.6,13.7,11.2,22.9,17.9,13.7,10.5,15.4,17.2,16.2,12.6,8.4,4.9,0.8,2.3,9.1,7.5,8.6,7.1,6.7,7.6,18.9,15.1,14,13.6,7.5,15.9,11.1,26.6,18.8,14.2,8.8,24.6,20.7
2008,PB,Total,Total,85.3,71.4,76.2,81.2,82.5,60.5,69.1,74.2,77.6,78.8,69,74.5,63.2,74.8,82.5,90.8,73.1,72.3,7.7,20.7,17.2,12.7,10.5,21.7,17,13,10.1,14.3,16.3,15.2,12.3,8.2,4.7,0.8,2.3,8.9,7,7.9,6.6,6.1,7,17.8,13.9,12.8,12.3,6.9,14.7,10.3,24.5,17,12.8,8.4,24.6,18.8
2008,PB,Urbana,Estadual,83.7,74.2,77.8,82.3,84,56.4,65.2,69.5,73.3,80.2,65.2,71,60.2,72.1,80.2,88.3,73.1,69.5,6.8,16.6,14.6,10.9,9.3,22.5,17.9,14.5,11.2,11.9,17.1,15.1,12.8,8.7,5.1,1,2.3,9.3,9.5,9.2,7.6,6.8,6.7,21.1,16.9,16,15.5,7.9,17.7,13.9,27,19.2,14.7,10.7,24.6,21.2
2008,PB,Urbana,Federal,100,100,--,--,--,--,--,--,--,100,--,100,79.6,92.4,94.9,--,--,86.5,0,0,--,--,--,--,--,--,--,0,--,0,15.3,5.8,3.2,--,--,10,0,0,--,--,--,--,--,--,--,0,--,0,5.1,1.8,1.9,--,--,3.5
2008,PB,Urbana,Municipal,84.4,67.5,72.6,79.3,79.1,59,68.1,74.5,78.2,75.9,67.9,72.4,66.5,81.6,90,98.3,--,79,7.7,23.1,19.7,13.8,12.3,23.6,18.2,13.4,10.1,15.9,17.8,16.7,6.8,4.1,2.3,0,--,4.4,7.9,9.4,7.7,6.9,8.6,17.4,13.7,12.1,11.7,8.2,14.3,10.9,26.7,14.3,7.7,1.7,--,16.6
2008,PB,Urbana,Particular,96.1,97.4,97.9,98.3,97.3,95.1,93.4,92.7,92.8,97.5,93.5,95.8,88.8,91.9,95.6,98.9,--,91.9,2.8,2,1.5,1.5,2.3,4.4,5.9,6.6,6.4,2,5.8,3.6,9.5,7.2,3.1,0,--,6.8,1.1,0.6,0.6,0.2,0.4,0.5,0.7,0.7,0.8,0.5,0.7,0.6,1.7,0.9,1.3,1.1,--,1.3
2008,PB,Urbana,Publico,84.1,69.7,74.3,80.4,80.8,57.8,66.7,71.9,75.4,77.4,66.5,71.8,60.7,72.8,80.7,90.4,73.1,70.1,7.4,21,18,12.8,11.3,23.1,18.1,14,10.8,14.6,17.4,16.1,12.6,8.4,5,0.8,2.3,9.1,8.5,9.3,7.7,6.8,7.9,19.1,15.2,14.1,13.8,8,16.1,12.1,26.7,18.8,14.3,8.8,24.6,20.8
2008,PB,Urbana,Total,85.7,72.9,77,82.5,82.7,60.4,68.9,73.9,77.3,79.7,68.9,74.2,63.2,74.8,82.4,90.8,73.1,72.3,6.8,18.8,16.1,11.5,10.3,21.8,17,13.3,10.3,13.1,16.4,14.8,12.3,8.3,4.8,0.8,2.3,8.9,7.5,8.3,6.9,6,7,17.8,14.1,12.8,12.4,7.2,14.7,11,24.5,16.9,12.8,8.4,24.6,18.8
2008,PE,Rural,Estadual,90.6,81.9,70.8,88.9,77.2,63.2,69.6,73.6,72.9,80.5,69.1,73.4,70.3,74.1,79.1,88.4,92.2,74.1,3,15.1,25.5,7.9,19.2,26,20.4,15,14.5,15.9,19.9,18.4,9.4,7.1,5.3,4.3,0,7.5,6.4,3,3.7,3.2,3.6,10.8,10,11.4,12.6,3.6,11,8.2,20.3,18.8,15.6,7.3,7.8,18.4
2008,PE,Rural,Federal,--,--,--,--,--,--,--,--,--,--,--,--,67.2,85.2,96.5,--,--,80.2,--,--,--,--,--,--,--,--,--,--,--,--,24,13.5,3.5,--,--,15.6,--,--,--,--,--,--,--,--,--,--,--,--,8.8,1.3,0,--,--,4.2
2008,PE,Rural,Municipal,89.9,70.1,72.5,76.8,80.1,66.4,72.9,78.4,80.2,76.1,73.1,75.4,60.4,78.8,92.9,95.9,--,75.2,5.8,23.1,22.7,18.2,14.9,21.4,15.5,11.2,9.4,18.6,15.6,17.9,22.3,10,3.4,1.4,--,13.2,4.3,6.8,4.8,5,5,12.2,11.6,10.4,10.4,5.3,11.3,6.7,17.3,11.2,3.7,2.7,--,11.6
2008,PE,Rural,Particular,97,52.8,88,88.4,89.9,88.2,89.7,84.2,90.3,76.6,88,79.1,88.9,94.9,88.5,--,--,90.7,1.5,44.8,10.3,10.1,8.8,9.4,8.5,6.2,6.1,21.6,7.6,18.5,4.4,2.6,0,--,--,2.4,1.5,2.4,1.7,1.5,1.3,2.4,1.8,9.6,3.6,1.8,4.4,2.4,6.7,2.5,11.5,--,--,6.9
2008,PE,Rural,Publico,89.9,70.5,72.4,77.4,80,65.9,72.3,77.5,78.7,76.3,72.3,75.2,69.6,75,80.5,92.3,92.2,74.4,5.7,22.8,22.8,17.7,15.1,22.2,16.4,12,10.5,18.5,16.4,17.9,10.8,7.6,5.1,2.8,0,8.2,4.4,6.7,4.8,4.9,4.9,11.9,11.3,10.5,10.8,5.2,11.3,6.9,19.6,17.4,14.4,4.9,7.8,17.4
2008,PE,Rural,Total,89.9,70.2,72.6,77.5,80.1,66,72.4,77.5,78.8,76.3,72.4,75.2,69.8,75.3,80.6,92.3,92.2,74.6,5.7,23.2,22.7,17.6,15.1,22.1,16.4,11.9,10.5,18.5,16.4,17.9,10.8,7.5,5,2.8,0,8.1,4.4,6.6,4.7,4.9,4.8,11.9,11.2,10.6,10.7,5.2,11.2,6.9,19.4,17.2,14.4,4.9,7.8,17.3
2008,PE,Total,Estadual,93.7,91.5,72.2,94.4,80,59.3,66,69.4,64.1,85.4,64.3,68.6,65.2,70.3,75.4,90.2,83.5,70.4,0.9,4.6,23.6,2.7,16.2,26.6,20.9,17.6,19,10.8,21.4,19.3,11.1,9.5,7.6,2.7,0.8,9.3,5.4,3.9,4.2,2.9,3.8,14.1,13.1,13,16.9,3.8,14.3,12.1,23.7,20.2,17,7.1,15.7,20.3
2008,PE,Total,Federal,--,--,--,--,--,91.4,96.3,93.5,98,--,95,95,80.9,87.4,91.8,92.6,89.4,86.9,--,--,--,--,--,8.6,3.7,6.5,2,--,5,5,17.3,12.3,8.2,7.2,9.9,12.4,--,--,--,--,--,0,0,0,0,--,0,0,1.8,0.3,0,0.2,0.7,0.7
2008,PE,Total,Municipal,91.3,74.8,73.7,80.3,81.6,63.5,66.3,75.6,74.6,79,68.7,75.7,58.5,73,81.8,90.6,--,72,3.6,17.9,21.3,14.7,13.2,21.6,18.4,11.7,10.5,15.5,16.8,15.9,11.2,7.7,5.9,2.2,--,7.9,5.1,7.3,5,5,5.2,14.9,15.3,12.7,14.9,5.5,14.5,8.4,30.3,19.3,12.3,7.2,--,20.1
2008,PE,Total,Particular,96.7,95.1,97.1,97,96.7,94,93.3,93.2,92.4,96.5,93.3,95.2,89.8,94,96.4,96.5,97,93.3,2.5,3.9,2.4,2.6,2.8,5.3,6.1,6.1,6.9,2.9,6.1,4.2,9,4.8,2.8,1.8,3,5.6,0.8,1,0.5,0.4,0.5,0.7,0.6,0.7,0.7,0.6,0.6,0.6,1.2,1.2,0.8,1.7,0,1.1
2008,PE,Total,Publico,91.6,76.2,73.5,82.1,81.3,61.5,66.2,72.3,68.4,79.7,66.4,73.5,65.2,70.7,75.8,90.4,83.7,70.7,3.3,16.7,21.5,13.2,13.8,24,19.7,14.9,15.5,14.9,19.2,16.9,11.2,9.5,7.5,3,1.1,9.3,5.1,7.1,5,4.7,4.9,14.5,14.1,12.8,16.1,5.4,14.4,9.6,23.6,19.8,16.7,6.6,15.2,20
2008,PE,Total,Total,92.1,79.3,77.1,84.4,83.5,64.8,69.4,75.2,71.5,82.1,69.6,76.4,67.5,73.6,78.3,90.5,83.8,73.1,3.2,14.6,18.7,11.6,12.2,22.1,18.1,13.7,14.4,13.2,17.6,15.2,11,8.9,7,3,1.1,8.9,4.7,6.1,4.2,4,4.3,13.1,12.5,11.1,14.1,4.7,12.8,8.4,21.5,17.5,14.7,6.5,15.1,18
2008,PE,Urbana,Estadual,94,93.3,72.5,95.2,80.3,59.1,65.8,69.2,63.7,86.2,64.1,68.3,64.9,70.1,75.2,90.2,83.3,70.2,0.6,2.7,23.1,2,15.9,26.7,21,17.7,19.2,10,21.5,19.3,11.2,9.7,7.7,2.7,0.8,9.4,5.4,4,4.4,2.8,3.8,14.2,13.2,13.1,17.1,3.8,14.4,12.4,23.9,20.2,17.1,7.1,15.9,20.4
2008,PE,Urbana,Federal,--,--,--,--,--,91.4,96.3,93.5,98,--,95,95,83.8,87.9,91,92.6,89.4,88,--,--,--,--,--,8.6,3.7,6.5,2,--,5,5,15.9,12,9,7.2,9.9,11.8,--,--,--,--,--,0,0,0,0,--,0,0,0.3,0.1,0,0.2,0.7,0.2
2008,PE,Urbana,Municipal,92,77.7,74.4,82.5,82.5,62.5,64.2,74.6,72.8,80.6,67.2,75.8,58.2,72.4,80.8,90.1,--,71.7,2.6,14.6,20.5,12.6,12.3,21.6,19.4,11.9,10.9,13.7,17.2,14.9,9.6,7.4,6.1,2.3,--,7.3,5.4,7.7,5.1,4.9,5.2,15.9,16.4,13.5,16.3,5.7,15.6,9.3,32.2,20.2,13.1,7.6,--,21
2008,PE,Urbana,Particular,96.7,96.6,97.3,97.2,96.8,94.1,93.3,93.3,92.4,97,93.3,95.5,89.8,93.9,96.5,96.5,97,93.3,2.5,2.5,2.2,2.4,2.6,5.3,6.1,6.1,6.9,2.4,6.1,3.9,9.1,4.9,2.8,1.8,3,5.6,0.8,0.9,0.5,0.4,0.6,0.6,0.6,0.6,0.7,0.6,0.6,0.6,1.1,1.2,0.7,1.7,0,1.1
2008,PE,Urbana,Publico,92.3,79.5,74.2,84.7,82,60.7,65.1,71.4,67,81.5,65.4,73,65,70.4,75.6,90.4,83.5,70.5,2.3,13.2,20.8,10.8,13.1,24.4,20.2,15.4,16.2,13.1,19.7,16.6,11.2,9.6,7.7,3,1.1,9.3,5.4,7.3,5,4.5,4.9,14.9,14.7,13.2,16.8,5.4,14.9,10.4,23.8,20,16.7,6.6,15.4,20.2
2008,PE,Urbana,Total,92.8,83.4,79.1,87.3,84.8,64.6,68.9,74.8,70.6,84.6,69.2,76.7,67.4,73.6,78.2,90.4,83.6,73.1,2.3,10.8,16.9,9,11.1,22.1,18.4,13.9,14.9,10.9,17.8,14.5,11,9,7.1,3,1.1,8.9,4.9,5.8,4,3.7,4.1,13.3,12.7,11.3,14.5,4.5,13,8.8,21.6,17.4,14.7,6.6,15.3,18
2008,AL,Rural,Estadual,94.4,94,74.2,90,76.9,62.7,71,71.7,74.6,84.5,69.9,77.6,65.7,77.5,88,--,--,74.3,3.1,2.3,20.3,6.2,19.8,23.4,15.7,14.5,13.2,11.7,16.8,14.1,13.5,5.3,2.3,--,--,8.5,2.5,3.7,5.5,3.8,3.3,13.9,13.3,13.8,12.2,3.8,13.3,8.3,20.8,17.2,9.7,--,--,17.2
2008,AL,Rural,Municipal,92.9,83.1,74.3,84.1,80.6,63,71.2,74.1,78.5,82,69.9,79.1,48.1,65,83.2,80.8,--,62.9,1.9,10.1,20.3,10.4,14,23.1,16.6,12.5,9.4,12.3,17,13.4,20.6,14.7,7.4,11.5,--,15.2,5.2,6.8,5.4,5.5,5.4,13.9,12.2,13.4,12.1,5.7,13.1,7.5,31.3,20.3,9.4,7.7,--,21.9
2008,AL,Rural,Particular,98.1,58.3,80.6,81.7,95.3,71,72.2,86.2,87.5,72.8,77.7,73.4,--,--,--,100,--,100,0,38.9,18,18.3,4.7,29,27.8,13.8,12.5,25.4,22.3,25.1,--,--,--,0,--,0,1.9,2.8,1.4,0,0,0,0,0,0,1.8,0,1.5,--,--,--,0,--,0
2008,AL,Rural,Publico,92.9,83.3,74.3,84.2,80.5,63,71.1,73.9,78,82.1,69.9,79.1,63,75.8,87.1,80.8,--,72.5,1.9,10,20.3,10.3,14.2,23.1,16.5,12.7,9.9,12.3,17,13.4,14.5,6.6,3.2,11.5,--,9.6,5.2,6.7,5.4,5.5,5.3,13.9,12.4,13.4,12.1,5.6,13.1,7.5,22.5,17.6,9.7,7.7,--,17.9
2008,AL,Rural,Total,92.9,82.9,74.3,84.2,80.5,63,71.1,74,78,82,70,79,63,75.8,87.1,87.2,--,72.5,1.9,10.4,20.3,10.4,14.1,23.1,16.6,12.7,9.9,12.3,17,13.5,14.5,6.6,3.2,7.7,--,9.5,5.2,6.7,5.4,5.4,5.4,13.9,12.3,13.3,12.1,5.7,13,7.5,22.5,17.6,9.7,5.1,--,18
2008,AL,Total,Estadual,85.4,84.2,70.3,86.4,79.6,61.7,68.8,72.6,73.7,80.6,68.8,72.7,64.3,73.1,81.1,92.6,65.1,71.8,3.7,6,21.6,7.3,14.6,20.5,15.1,11.8,10.7,11.8,14.9,13.9,10.7,8,5.8,0.8,6,8.4,10.9,9.8,8.1,6.3,5.8,17.8,16.1,15.6,15.6,7.6,16.3,13.4,25,18.9,13.1,6.6,28.9,19.8
2008,AL,Total,Federal,--,--,--,--,--,--,--,--,--,--,--,--,67.6,82.9,88.1,--,--,77.6,--,--,--,--,--,--,--,--,--,--,--,--,29.6,16,11.1,--,--,20.6,--,--,--,--,--,--,--,--,--,--,--,--,2.8,1.1,0.8,--,--,1.8
2008,AL,Total,Municipal,92.8,82.8,74.8,84.6,81.8,61.1,65.9,69.4,75.2,82.3,66.4,76.2,57.9,73,83,90.8,--,70.6,1.6,9.8,19.7,10.2,13,21.4,17.1,13.5,9.3,11.9,16.6,13.7,15,10.9,5.7,2.7,--,10.8,5.6,7.4,5.5,5.2,5.2,17.5,17,17.1,15.5,5.8,17,10.1,27.1,16.1,11.3,6.5,--,18.6
2008,AL,Total,Particular,97.9,94.6,97.3,97.2,97.1,92,91.3,92,91,96.7,91.6,94.3,83.6,90.2,94.9,96.2,--,89.3,0.9,4.2,2.1,2.2,2.4,7,7.7,7.3,8.1,2.5,7.5,4.8,13.8,7.8,3.5,0.5,--,8.6,1.2,1.2,0.6,0.6,0.5,1,1,0.7,0.9,0.8,0.9,0.9,2.6,2,1.6,3.3,--,2.1
2008,AL,Total,Publico,92.1,83,74.3,84.8,81.5,61.3,66.7,70.4,74.7,82.1,67.1,75.6,64,73.3,81.3,92.1,65.1,71.8,1.8,9.4,19.9,9.9,13.2,21.2,16.5,13,9.8,11.9,16.1,13.7,11.5,8.4,5.9,1.2,6,8.9,6.1,7.6,5.8,5.3,5.3,17.5,16.8,16.6,15.5,6,16.8,10.7,24.5,18.3,12.8,6.7,28.9,19.3
2008,AL,Total,Total,92.6,83.9,75.9,85.7,82.6,63.3,68.7,72.4,76.4,83.2,69.2,77,66.4,75.8,83.3,93.2,65.1,74.2,1.7,9,18.6,9.4,12.4,20.2,15.8,12.5,9.6,11.2,15.4,13,11.8,8.3,5.5,1,6,8.8,5.7,7.1,5.5,4.9,5,16.5,15.5,15.1,14,5.6,15.4,10,21.8,15.9,11.2,5.8,28.9,17
2008,AL,Urbana,Estadual,84,83.1,70,86.1,79.9,61.7,68.7,72.7,73.7,80.2,68.8,72.4,64.2,72.9,80.8,92.6,65.1,71.7,3.8,6.4,21.8,7.4,14,20.4,15.1,11.7,10.6,11.8,14.8,13.9,10.6,8.1,5.9,0.8,6,8.4,12.2,10.5,8.2,6.5,6.1,17.9,16.2,15.6,15.7,8,16.4,13.7,25.2,19,13.3,6.6,28.9,19.9
2008,AL,Urbana,Federal,--,--,--,--,--,--,--,--,--,--,--,--,67.6,82.9,88.1,--,--,77.6,--,--,--,--,--,--,--,--,--,--,--,--,29.6,16,11.1,--,--,20.6,--,--,--,--,--,--,--,--,--,--,--,--,2.8,1.1,0.8,--,--,1.8
2008,AL,Urbana,Municipal,92.8,82.7,75.1,85,82.5,60.6,64.4,68.1,74.4,82.5,65.5,74.8,59.3,73.6,83,91.9,--,71.4,1.4,9.5,19.3,10.1,12.4,20.9,17.2,13.8,9.2,11.6,16.4,13.8,14.2,10.6,5.5,1.7,--,10.3,5.8,7.8,5.6,4.9,5.1,18.5,18.4,18.1,16.4,5.9,18.1,11.4,26.5,15.8,11.5,6.4,--,18.3
2008,AL,Urbana,Particular,97.9,97.3,97.7,97.6,97.1,92.1,91.4,92.1,91,97.5,91.6,94.7,83.6,90.2,94.9,96,--,89.3,0.9,1.6,1.7,1.8,2.4,6.9,7.6,7.3,8.1,1.7,7.5,4.4,13.8,7.8,3.5,0.5,--,8.6,1.2,1.1,0.6,0.6,0.5,1,1,0.6,0.9,0.8,0.9,0.9,2.6,2,1.6,3.5,--,2.1
2008,AL,Urbana,Publico,91.4,82.7,74.3,85.2,82,60.9,65.8,69.7,74.1,82.2,66.6,74.2,64,73.2,81.1,92.4,65.1,71.8,1.8,9.1,19.7,9.6,12.7,20.7,16.5,13.1,9.8,11.7,15.9,13.8,11.3,8.5,6,1,6,8.9,6.8,8.2,6,5.2,5.3,18.4,17.7,17.2,16.1,6.1,17.5,12,24.7,18.3,12.9,6.6,28.9,19.3
2008,AL,Urbana,Total,92.3,84.4,76.8,86.5,83.7,63.3,68.2,72.1,76.2,83.9,69,76.3,66.6,75.7,83.2,93.4,65.1,74.3,1.7,8.3,17.8,8.8,11.5,19.7,15.7,12.5,9.6,10.6,15.1,12.9,11.6,8.4,5.6,0.9,6,8.8,6,7.3,5.4,4.7,4.8,17,16.1,15.4,14.2,5.5,15.9,10.8,21.8,15.9,11.2,5.7,28.9,16.9
2008,SE,Rural,Estadual,88.4,71.3,73.2,79.4,79.6,59.1,71.3,76.5,81.9,77.4,70.7,74.6,55.6,71.1,78.3,92.5,89.3,67.3,6.5,24.3,23.2,17.3,15.7,28.6,20.7,13.5,11.2,18.5,19.7,19,11.9,7.9,7.5,1.2,0,9.1,5.1,4.4,3.6,3.3,4.7,12.3,8,10,6.9,4.1,9.6,6.4,32.5,21,14.2,6.3,10.7,23.6
2008,SE,Rural,Federal,--,--,--,--,--,--,--,--,--,--,--,--,70.9,82,96.7,--,--,79.7,--,--,--,--,--,--,--,--,--,--,--,--,22.3,15.5,1.7,--,--,15.7,--,--,--,--,--,--,--,--,--,--,--,--,6.8,2.5,1.6,--,--,4.6
2008,SE,Rural,Municipal,87.2,60,68.8,73.9,77.5,55.9,64,70.8,77.7,70.4,64.2,68.7,53.6,83.7,68,--,--,67.2,8.9,35.8,28.2,22.4,18.2,32,24.9,16.7,10,25.9,23.9,25.3,14.3,2.2,0,--,--,7.9,3.9,4.2,3,3.7,4.3,12.1,11.1,12.5,12.3,3.7,11.9,6,32.1,14.1,32,--,--,24.9
2008,SE,Rural,Particular,100,93.8,93.7,92.3,90.4,44.8,86.4,87.5,90,93.1,74.2,88.7,--,--,--,--,--,--,0,6.2,6.3,6.6,9.6,55.2,13.6,12.5,10,6.6,25.8,11.1,--,--,--,--,--,--,0,0,0,1.1,0,0,0,0,0,0.3,0,0.2,--,--,--,--,--,--
2008,SE,Rural,Publico,87.3,60.4,69,74.1,77.7,56.2,64.7,71.5,78.2,70.7,64.8,69,58.9,74.4,81.9,92.5,89.3,69.8,8.7,35.4,28,22.2,18.1,31.8,24.5,16.3,10.2,25.5,23.5,24.9,14.4,8.8,6,1.2,0,10.4,4,4.2,3,3.7,4.2,12,10.8,12.2,11.6,3.8,11.7,6.1,26.7,16.8,12.1,6.3,10.7,19.8
2008,SE,Rural,Total,87.3,60.5,69.1,74.2,77.7,56.1,64.8,71.6,78.2,70.8,64.8,69.1,58.9,74.4,81.9,92.5,89.3,69.8,8.7,35.3,27.8,22.1,18,31.8,24.5,16.3,10.2,25.4,23.5,24.9,14.4,8.8,6,1.2,0,10.4,4,4.2,3.1,3.7,4.3,12.1,10.7,12.1,11.6,3.8,11.7,6,26.7,16.8,12.1,6.3,10.7,19.8
2008,SE,Total,Estadual,91.2,66.3,74.4,80,79.4,47.7,55.7,62.1,67.3,76.9,56.8,65.4,49.8,64.3,72.6,90.2,90,61.1,2.8,27.5,21.1,16.4,15.5,40.4,34.3,28,21.2,18.1,32.3,26.2,22.1,16,13,3.3,0,17.4,6,6.2,4.5,3.6,5.1,11.9,10,9.9,11.5,5,10.9,8.4,28.1,19.7,14.4,6.5,10,21.5
2008,SE,Total,Federal,--,--,--,--,--,96.7,86.3,98.8,98,--,94.7,94.7,72.2,85.7,93.1,--,--,81.8,--,--,--,--,--,3.3,13.7,1.2,0,--,4.9,4.9,23.6,13.3,5.9,--,--,15.8,--,--,--,--,--,0,0,0,2,--,0.4,0.4,4.2,1,1,--,--,2.4
2008,SE,Total,Municipal,90.2,60.2,68.8,74,76,53,62.5,70.1,72.6,70.5,61.7,67.5,60,79.8,81.6,81,--,73.7,5.2,33.8,27.4,21.6,18.6,33.8,26.1,18.5,14.5,24.6,25.9,25,15.6,8.7,4.4,1.7,--,9.5,4.6,6,3.8,4.4,5.4,13.2,11.4,11.4,12.9,4.9,12.4,7.5,24.4,11.5,14,17.3,--,16.8
2008,SE,Total,Particular,97.6,95.8,97.4,96.9,95.9,89.3,89.5,90.1,89.8,96.6,89.7,93.5,84.4,91.3,94.6,95,88.7,89.8,1.9,3.9,2.4,2.9,4,10.3,10.2,9.5,9.7,3.1,9.9,6.2,14.7,8.2,5.1,0,10.6,9.6,0.5,0.3,0.2,0.2,0.1,0.4,0.3,0.4,0.5,0.3,0.4,0.3,0.9,0.5,0.3,5,0.7,0.6
2008,SE,Total,Publico,90.5,61.5,70.2,75.7,77.1,50.7,59.2,66,69.8,72.3,59.4,66.8,50.5,65.2,73.3,89.9,90,61.9,4.4,32.4,25.9,20.2,17.6,36.7,30,23.4,18.2,22.8,29,25.5,22,15.7,12.6,3.2,0,17.2,5.1,6.1,3.9,4.1,5.3,12.6,10.8,10.6,12,4.9,11.6,7.7,27.5,19.1,14.1,6.9,10,20.9
2008,SE,Total,Total,91.5,64.7,73.1,77.9,79.1,53.9,62.7,69.2,72.7,74.8,62.8,69.7,54.2,68.5,76.4,90,88.9,65.4,4,29.7,23.4,18.3,16.1,34.5,27.8,21.6,16.9,20.8,26.9,23.4,21.2,14.7,11.5,3.2,9.7,16.2,4.5,5.6,3.5,3.8,4.8,11.6,9.5,9.2,10.4,4.4,10.3,6.9,24.6,16.8,12.1,6.8,1.4,18.4
2008,SE,Urbana,Estadual,91.4,65.9,74.5,80,79.4,47.2,55,61.4,66.7,76.9,56.2,64.9,49.6,64.1,72.4,90,100,60.9,2.5,27.7,21,16.4,15.4,40.9,34.9,28.7,21.6,18.1,32.8,26.7,22.5,16.2,13.2,3.5,0,17.7,6.1,6.4,4.5,3.6,5.2,11.9,10.1,9.9,11.7,5,11,8.4,27.9,19.7,14.4,6.5,0,21.4
2008,SE,Urbana,Federal,--,--,--,--,--,96.7,86.3,98.8,98,--,94.7,94.7,74.1,88,90.1,--,--,83.9,--,--,--,--,--,3.3,13.7,1.2,0,--,4.9,4.9,25.5,12,9.4,--,--,15.9,--,--,--,--,--,0,0,0,2,--,0.4,0.4,0.4,0,0.5,--,--,0.2
2008,SE,Urbana,Municipal,92.5,60.4,68.8,74.2,74.5,51.3,61.6,69.7,69.7,70.7,60.3,66.6,61.7,79,82.3,81,--,74.8,2.4,31.7,26.6,20.7,18.9,34.8,26.8,19.6,17.1,23.3,27.2,24.8,15.9,10,4.6,1.7,--,9.8,5.1,7.9,4.6,5.1,6.6,13.9,11.6,10.7,13.2,6,12.5,8.6,22.4,11,13.1,17.3,--,15.4
2008,SE,Urbana,Particular,97.6,95.8,97.5,97,95.9,89.6,89.6,90.1,89.8,96.7,89.8,93.6,84.4,91.3,94.6,95,88.7,89.8,1.9,3.9,2.3,2.8,4,10,10.1,9.5,9.7,3.1,9.8,6.1,14.7,8.2,5.1,0,10.6,9.6,0.5,0.3,0.2,0.2,0.1,0.4,0.3,0.4,0.5,0.2,0.4,0.3,0.9,0.5,0.3,5,0.7,0.6
2008,SE,Urbana,Publico,92,62.3,71,76.6,76.8,49.1,57.7,64.6,67.9,73.2,57.9,65.8,50,64.8,72.9,89.7,100,61.4,2.5,30.3,24.5,18.9,17.3,38.1,31.6,25.2,20,21.1,30.5,25.7,22.5,16,12.9,3.4,0,17.5,5.5,7.4,4.5,4.5,5.9,12.8,10.7,10.2,12.1,5.7,11.6,8.5,27.5,19.2,14.2,6.9,0,21.1
2008,SE,Urbana,Total,92.9,67.3,75.3,79.9,79.8,53.3,62.2,68.7,71.7,76.9,62.3,69.9,54,68.3,76.2,89.8,88.8,65.2,2.4,26.4,20.9,16.3,15.2,35.2,28.6,22.7,18.2,18.3,27.6,22.8,21.6,15,11.7,3.4,10.5,16.5,4.7,6.3,3.8,3.8,5,11.5,9.2,8.6,10.1,4.8,10.1,7.3,24.4,16.7,12.1,6.8,0.7,18.3
2008,BA,Rural,Estadual,59.4,51.5,60,64.4,69.4,62.7,70.4,71.9,78.9,61.1,70.2,68.4,67.6,76.5,86.6,97.3,--,76,9.4,29.9,25.7,25.3,19.6,22.1,17.4,15.4,9.4,25,16.7,18.3,10.3,5.9,3.9,0,--,7,31.2,18.6,14.3,10.3,11,15.2,12.2,12.7,11.7,13.9,13.1,13.3,22.1,17.6,9.5,2.7,--,17
2008,BA,Rural,Federal,--,--,--,--,--,--,--,--,--,--,--,--,70.5,88.4,93.3,--,79.3,82.3,--,--,--,--,--,--,--,--,--,--,--,--,21.7,11.2,6.7,--,18.9,14.6,--,--,--,--,--,--,--,--,--,--,--,--,7.8,0.4,0,--,1.8,3.1
2008,BA,Rural,Municipal,83.8,64.9,70.5,74,78.5,62.7,72.6,76.6,82.7,72.6,72,72.4,69.1,80.5,89.4,96.9,--,79.1,10.3,26.1,22.8,18.8,14.1,22.9,16,12,7.4,20,15.9,18.7,10.8,7.1,2.5,0.7,--,7.1,5.9,9,6.7,7.2,7.4,14.4,11.4,11.4,9.9,7.4,12.1,8.9,20.1,12.4,8.1,2.4,--,13.8
2008,BA,Rural,Particular,93.8,94.8,96,97.4,98,95.3,96.2,97.2,95.8,96.1,96.1,96.1,91.8,98.3,94.6,--,--,95,5.4,3.2,4,2.2,2,4.1,3.8,2.8,3.9,3.2,3.7,3.4,7.7,1.7,4.9,--,--,4.7,0.8,2,0,0.4,0,0.6,0,0,0.3,0.7,0.2,0.5,0.5,0,0.5,--,--,0.3
2008,BA,Rural,Publico,83.7,64.9,70.4,74,78.5,62.7,72.5,76.4,82.5,72.5,71.9,72.3,68.2,78.5,87.8,97,79.3,77.4,10.3,26.1,22.8,18.8,14.2,22.8,16.1,12.2,7.5,20,15.9,18.7,10.9,6.5,3.5,0.4,18.9,7.3,6,9,6.8,7.2,7.3,14.5,11.4,11.4,10,7.5,12.2,9,20.9,15,8.7,2.6,1.8,15.3
2008,BA,Rural,Total,83.8,64.9,70.5,74,78.5,62.7,72.6,76.4,82.5,72.6,72,72.4,68.7,79,88,97,79.3,77.8,10.3,26.1,22.8,18.8,14.1,22.8,16,12.2,7.5,20,15.9,18.7,10.8,6.4,3.6,0.4,18.9,7.3,5.9,9,6.7,7.2,7.4,14.5,11.4,11.4,10,7.4,12.1,8.9,20.5,14.6,8.4,2.6,1.8,14.9
2008,BA,Total,Estadual,67.7,55.3,65.6,69.8,74.2,56.5,63.9,65.7,71.1,66.8,63.6,64.1,57.4,68.4,75.2,88.6,66.3,66,23.6,31.3,24.4,20.8,17,29.7,24.7,22.4,17.2,22.9,24.1,23.9,16.1,11.4,9.2,3.3,15.4,12.6,8.7,13.4,10,9.4,8.8,13.8,11.4,11.9,11.7,10.3,12.3,12,26.5,20.2,15.6,8.1,18.3,21.4
2008,BA,Total,Federal,--,--,--,--,--,94.7,90.2,99.2,94.7,--,94.7,94.7,62,80.3,91.3,--,81.2,73.4,--,--,--,--,--,5.3,9.8,0.8,5.3,--,5.3,5.3,32.1,18.6,8.1,--,17.3,23.1,--,--,--,--,--,0,0,0,0,--,0,0,5.9,1.1,0.6,--,1.5,3.5
2008,BA,Total,Municipal,87.1,69,71,76.9,79.8,61.3,69.1,73,79.1,75.3,69.1,73.1,66.4,80,88.6,93.9,--,78.1,6.8,22.2,22.5,16.3,13.6,24,18.7,14.8,10.1,17.7,18.1,17.8,11.7,7,3.2,1,--,7.4,6.1,8.8,6.5,6.8,6.6,14.7,12.2,12.2,10.8,7,12.8,9.1,21.9,13,8.2,5.1,--,14.5
2008,BA,Total,Particular,95.8,95.6,97.2,97.1,97.4,92.5,91.9,92.1,92.6,96.7,92.3,94.8,87.1,93,96.6,91.1,100,91.9,3,3.7,2.4,2.5,2.4,6.8,7.6,7.5,7,2.8,7.2,4.7,11.9,6.3,2.9,8.9,0,7.3,1.2,0.7,0.4,0.4,0.2,0.7,0.5,0.4,0.4,0.5,0.5,0.5,1,0.7,0.5,0,0,0.8
2008,BA,Total,Publico,87,68.3,70.7,76.4,79.3,59.7,67.2,70.2,75.9,74.8,67.1,71.4,57.8,69,75.8,90.8,67.5,66.5,6.9,22.7,22.6,16.6,13.9,25.9,20.9,17.8,13,18,20.3,19,16.1,11.2,9,2.4,15.6,12.5,6.1,9,6.7,7,6.8,14.4,11.9,12,11.1,7.2,12.6,9.6,26.1,19.8,15.2,6.8,16.9,21
2008,BA,Total,Total,87.4,70.1,72.5,77.9,80.6,61.4,68.7,71.6,77.1,76.2,68.6,72.9,59.4,70.4,77.1,90.8,67.7,68,6.7,21.5,21.2,15.7,13,24.9,20.1,17.1,12.6,17,19.5,18.1,15.9,10.9,8.6,2.7,15.5,12.2,5.9,8.4,6.3,6.4,6.4,13.7,11.2,11.3,10.3,6.8,11.9,9,24.7,18.7,14.3,6.5,16.8,19.8
2008,BA,Urbana,Estadual,68.4,55.4,65.8,70,74.3,56.3,63.7,65.5,70.8,67,63.4,64,57.1,68.2,74.9,87.8,66.3,65.7,24.7,31.3,24.3,20.6,16.9,30,24.9,22.7,17.5,22.8,24.4,24.1,16.3,11.5,9.4,3.7,15.4,12.8,6.9,13.3,9.9,9.4,8.8,13.7,11.4,11.8,11.7,10.2,12.2,11.9,26.6,20.3,15.7,8.5,18.3,21.5
2008,BA,Urbana,Federal,--,--,--,--,--,94.7,90.2,99.2,94.7,--,94.7,94.7,60.5,78.5,90.4,--,90.9,71.2,--,--,--,--,--,5.3,9.8,0.8,5.3,--,5.3,5.3,34,20.2,8.7,--,9.1,25.4,--,--,--,--,--,0,0,0,0,--,0,0,5.5,1.3,0.9,--,0,3.4
2008,BA,Urbana,Municipal,89.3,72.8,71.5,79.2,80.7,60.5,67,70.8,77,77.5,67.3,73.6,64.6,79.6,87.9,93,--,77.3,4.5,18.7,22.2,14.4,13.2,24.6,20.3,16.5,11.8,15.8,19.5,17.2,12.3,6.9,3.7,1.1,--,7.6,6.2,8.5,6.3,6.4,6.1,14.9,12.7,12.7,11.2,6.7,13.2,9.2,23.1,13.5,8.4,5.9,--,15.1
2008,BA,Urbana,Particular,95.8,95.6,97.2,97.1,97.4,92.5,91.8,92.1,92.5,96.7,92.2,94.8,87,92.9,96.6,91.1,100,91.9,3,3.7,2.4,2.5,2.4,6.8,7.7,7.5,7.1,2.8,7.3,4.7,12,6.4,2.9,8.9,0,7.4,1.2,0.7,0.4,0.4,0.2,0.7,0.5,0.4,0.4,0.5,0.5,0.5,1,0.7,0.5,0,0,0.7
2008,BA,Urbana,Publico,89.2,71.2,70.9,78.2,79.9,58.7,65.5,68.2,73.9,76.4,65.5,70.8,57.4,68.5,75.2,89.7,66.6,66,4.6,19.9,22.4,15.1,13.7,26.9,22.4,19.6,14.7,16.5,21.8,19.2,16.3,11.5,9.3,2.7,15.3,12.8,6.2,8.9,6.7,6.7,6.4,14.4,12.1,12.2,11.4,7.1,12.7,10,26.3,20,15.5,7.6,18.1,21.2
2008,BA,Urbana,Total,89.7,73.9,73.9,80.3,81.9,61,67.6,70.2,75.6,78.7,67.6,73.1,59,70,76.6,89.8,66.8,67.5,4.5,18.1,20.1,13.7,12.4,25.5,21.3,18.5,14,15,20.6,17.8,16.1,11.1,8.8,3,15.2,12.4,5.8,8,6,6,5.7,13.5,11.1,11.3,10.4,6.3,11.8,9.1,24.9,18.9,14.6,7.2,18,20.1
2008,MG,Rural,Estadual,95.8,92.5,85.3,95.4,85,75.2,82.3,84.9,84.4,90.5,81.2,85.8,81.5,87.3,90.1,--,--,85.5,2.5,6.3,13.3,2.8,12.9,18.2,12.9,9.3,9.7,7.9,13,10.5,6.5,4,4.2,--,--,5.1,1.7,1.2,1.4,1.8,2.1,6.6,4.8,5.8,5.9,1.6,5.8,3.7,12,8.7,5.7,--,--,9.4
2008,MG,Rural,Federal,--,--,--,--,--,--,--,--,--,--,--,--,74.8,83,89.6,--,--,81.6,--,--,--,--,--,--,--,--,--,--,--,--,20.5,15,9.8,--,--,15.7,--,--,--,--,--,--,--,--,--,--,--,--,4.7,2,0.6,--,--,2.7
2008,MG,Rural,Municipal,95.8,84.5,82,89.5,87.1,74,80.9,86,88.6,87.4,81.6,86.1,77.1,84.8,93.5,0,--,83.9,2.2,13.7,16.5,8.8,10.8,20.8,14.2,8.8,6.6,10.8,13.4,11.4,11.1,8.4,2.4,100,--,7.9,2,1.8,1.5,1.7,2.1,5.2,4.9,5.2,4.8,1.8,5,2.5,11.8,6.8,4.1,0,--,8.2
2008,MG,Rural,Particular,100,98,97.6,100,91.7,89,96,96.5,95.8,97.8,94.5,95.7,91.4,96.6,97.2,--,--,95.1,0,2,0,0,8.3,5.5,2,0.9,3.2,1.7,2.7,2.4,7.9,1.7,2.1,--,--,3.9,0,0,2.4,0,0,5.5,2,2.6,1,0.5,2.8,1.9,0.7,1.7,0.7,--,--,1
2008,MG,Rural,Publico,95.8,85.7,82.5,90.4,86.8,74.5,81.4,85.5,86.9,87.8,81.4,86,80.1,86.4,90.3,0,--,84.8,2.3,12.6,16,7.9,11.2,19.8,13.7,9,7.9,10.4,13.2,11.2,9.1,6.1,5.1,100,--,7.1,1.9,1.7,1.5,1.7,2,5.7,4.9,5.5,5.2,1.8,5.4,2.8,10.8,7.5,4.6,0,--,8.1
2008,MG,Rural,Total,95.8,85.7,82.5,90.4,86.8,74.6,81.5,85.6,86.9,87.8,81.5,86,80.4,86.7,90.5,0,--,85.1,2.3,12.6,16,7.9,11.2,19.7,13.7,9,7.9,10.4,13.2,11.2,9.1,6,5,100,--,7,1.9,1.7,1.5,1.7,2,5.7,4.8,5.4,5.2,1.8,5.3,2.8,10.5,7.3,4.5,0,--,7.9
2008,MG,Total,Estadual,97.6,96.9,89.1,97.1,90.5,76.5,80,80.1,75.5,93.9,78,84,69.6,77,80.3,75.3,80.7,74.9,1.2,2.3,9.8,2,8.2,17.6,15.7,13.8,17,5.1,16,11.9,15.6,10.8,10.1,5.2,3,12.5,1.2,0.8,1.1,0.9,1.3,5.9,4.3,6.1,7.5,1,6,4.1,14.8,12.2,9.6,19.5,16.3,12.6
2008,MG,Total,Federal,100,97.9,94.8,99,96,92.1,92.6,93.2,90.7,97.5,92.1,94.2,75.4,85.4,93.3,50.3,--,82.8,0,2.1,5.2,1,4,7.9,7.4,6.8,9.1,2.5,7.8,5.8,22,13.7,6.4,49.7,--,15.7,0,0,0,0,0,0,0,0,0.2,0,0.1,0,2.6,0.9,0.3,0,--,1.5
2008,MG,Total,Municipal,96.8,89,84.2,91.3,89,77.5,80.2,84.5,81.3,89.8,80.6,87.2,64.6,74.1,81.3,91.7,84.5,72.9,2.1,9.8,14.7,7.5,9.5,18.4,15.7,11.2,13.8,9,15.1,10.7,24.9,17.6,13.7,8.3,9.6,19,1.1,1.2,1.1,1.2,1.5,4.1,4.1,4.3,4.9,1.2,4.3,2.1,10.5,8.3,5,0,5.9,8.1
2008,MG,Total,Particular,98.7,98.4,98.5,98.5,98.5,95.1,94.2,94,93.9,98.5,94.3,96.6,89,93.8,96.5,98.6,88.5,93,1.1,1.5,1.4,1.5,1.5,4.8,5.6,5.7,5.8,1.4,5.5,3.2,10.4,5.8,3.2,0.7,3.8,6.6,0.2,0.1,0.1,0,0,0.1,0.2,0.3,0.3,0.1,0.2,0.2,0.6,0.4,0.3,0.7,7.7,0.4
2008,MG,Total,Publico,97.1,91.8,86,93.5,89.6,76.9,80.1,81.3,77.1,91.3,78.8,85.5,69.6,77,80.5,72.6,81.5,75,1.8,7.1,12.9,5.4,9,17.8,15.7,13,16.1,7.5,15.8,11.3,15.9,11.1,10.2,10.3,4.3,12.8,1.1,1.1,1.1,1.1,1.4,5.3,4.2,5.7,6.8,1.2,5.4,3.2,14.5,11.9,9.3,17.1,14.2,12.2
2008,MG,Total,Total,97.2,92.3,87,93.9,90.3,78.1,81.2,82.4,78.5,91.9,80,86.4,71.4,78.8,82.4,74.9,82,76.9,1.7,6.7,12,5,8.4,16.9,14.9,12.5,15.2,7,14.9,10.7,15.4,10.5,9.3,9.4,4.2,12.1,1.1,1,1,1.1,1.3,5,3.9,5.1,6.3,1.1,5.1,2.9,13.2,10.7,8.3,15.7,13.8,11
2008,MG,Urbana,Estadual,97.7,97.2,89.3,97.2,90.9,76.6,79.9,79.9,75.1,94.1,77.9,83.9,69.4,76.8,80.1,75.3,80.7,74.8,1.1,2,9.6,1.9,7.9,17.5,15.8,13.9,17.3,4.9,16.2,12,15.7,10.9,10.2,5.2,3,12.6,1.2,0.8,1.1,0.9,1.2,5.9,4.3,6.2,7.6,1,5.9,4.1,14.9,12.3,9.7,19.5,16.3,12.6
2008,MG,Urbana,Federal,100,97.9,94.8,99,96,92.1,92.6,93.2,90.7,97.5,92.1,94.2,75.5,86.1,94.4,50.3,--,83.2,0,2.1,5.2,1,4,7.9,7.4,6.8,9.1,2.5,7.8,5.8,22.4,13.3,5.3,49.7,--,15.7,0,0,0,0,0,0,0,0,0.2,0,0.1,0,2.1,0.6,0.3,0,--,1.1
2008,MG,Urbana,Municipal,97,90.2,84.7,91.7,89.4,78.1,80,84.3,80.1,90.4,80.5,87.4,63.8,73.5,80.7,100,84.5,72.3,2.1,8.7,14.3,7.2,9.2,18,16,11.6,14.9,8.5,15.4,10.6,25.8,18.1,14.3,0,9.6,19.6,0.9,1.1,1,1.1,1.4,3.9,4,4.1,5,1.1,4.1,2,10.4,8.4,5,0,5.9,8.1
2008,MG,Urbana,Particular,98.7,98.4,98.5,98.4,98.5,95.1,94.2,94,93.9,98.5,94.3,96.6,89,93.7,96.5,98.6,88.5,92.9,1.1,1.5,1.4,1.5,1.5,4.8,5.6,5.7,5.8,1.4,5.5,3.2,10.5,5.9,3.2,0.7,3.8,6.6,0.2,0.1,0.1,0.1,0,0.1,0.2,0.3,0.3,0.1,0.2,0.2,0.5,0.4,0.3,0.7,7.7,0.5
2008,MG,Urbana,Publico,97.3,92.9,86.6,94,90.1,77,79.9,81,76.4,91.9,78.6,85.4,69.4,76.8,80.3,72.6,81.5,74.8,1.7,6.1,12.3,5,8.7,17.7,15.8,13.3,16.7,7.1,15.9,11.4,16.1,11.2,10.3,10.2,4.3,12.9,1,1,1.1,1,1.2,5.3,4.3,5.7,6.9,1,5.5,3.2,14.5,12,9.4,17.2,14.2,12.3
2008,MG,Urbana,Total,97.4,93.4,87.7,94.5,90.8,78.4,81.2,82.2,78,92.5,79.9,86.4,71.2,78.7,82.3,75,82,76.7,1.6,5.7,11.4,4.6,8,16.7,15,12.7,15.7,6.5,15.1,10.6,15.6,10.6,9.4,9.4,4.2,12.2,1,0.9,0.9,0.9,1.2,4.9,3.8,5.1,6.3,1,5,3,13.2,10.7,8.3,15.6,13.8,11.1
2008,ES,Rural,Estadual,--,81.1,87,90.6,95.4,87.6,88.9,91.9,92.2,88.3,89.9,89,77.8,83.8,92.5,--,--,83.2,--,17.9,12.1,8.7,4,8.4,7.2,4.5,4.2,10.9,6.3,8.9,8.1,6.8,3,--,--,6.5,--,1,0.9,0.7,0.6,4,3.9,3.6,3.6,0.8,3.8,2.1,14.1,9.4,4.5,--,--,10.3
2008,ES,Rural,Federal,--,--,--,--,--,--,--,--,--,--,--,--,75.4,87.9,91.7,--,--,83.6,--,--,--,--,--,--,--,--,--,--,--,--,11.9,8,0.7,--,--,7.8,--,--,--,--,--,--,--,--,--,--,--,--,12.7,4.1,7.6,--,--,8.6
2008,ES,Rural,Municipal,96.5,79.2,85.1,89.7,93.8,80.5,84.9,87.9,93.3,87.8,85.9,87.3,84.2,100,100,93.8,--,92.6,2.2,19.5,13.8,9.3,5.4,16.5,12.6,9.3,4.6,11.1,11.5,11.2,2.6,0,0,6.2,--,2.1,1.3,1.3,1.1,1,0.8,3,2.5,2.8,2.1,1.1,2.6,1.5,13.2,0,0,0,--,5.3
2008,ES,Rural,Particular,--,50,55.6,30,70,85.4,86.1,91.7,93.7,51.4,89.1,87.6,92.2,95.7,95.1,97.4,--,94.4,--,25,33.3,70,20,10.2,10.8,6.1,4.2,37.8,7.9,9.2,3.9,0.5,2.1,1.3,--,2.3,--,25,11.1,0,10,4.4,3.1,2.2,2.1,10.8,3,3.2,3.9,3.8,2.8,1.3,--,3.3
2008,ES,Rural,Publico,96.5,79.5,85.4,89.8,94.1,82.1,85.9,88.9,93,87.9,86.8,87.6,77.6,84.9,92.5,93.8,--,83.6,2.2,19.2,13.5,9.2,5.2,14.7,11.3,8.2,4.5,11.1,10.3,10.8,8.6,6.9,2.5,6.2,--,6.6,1.3,1.3,1.1,1,0.7,3.2,2.8,2.9,2.5,1,2.9,1.6,13.8,8.2,5,0,--,9.8
2008,ES,Rural,Total,96.5,79.5,85.4,89.8,94,82.2,85.9,89,93,87.9,86.9,87.6,79.7,86.5,92.9,96.7,--,85.3,2.2,19.2,13.5,9.3,5.2,14.5,11.3,8.1,4.4,11.1,10.2,10.8,7.9,6,2.4,2.2,--,5.9,1.3,1.3,1.1,0.9,0.8,3.3,2.8,2.9,2.6,1,2.9,1.6,12.4,7.5,4.7,1.1,--,8.8
2008,ES,Total,Estadual,0,78.9,86.4,87.9,91.5,77.4,79.2,82,81.3,86.2,79.8,82.2,68.2,76.3,82.5,88.7,--,74.5,0,18.1,11.8,10.2,6.6,16.6,14.9,12.2,11.9,11.7,14.1,13.2,15.7,10.7,7.3,4.6,--,11.9,100,3,1.8,1.9,1.9,6,5.9,5.8,6.8,2.1,6.1,4.6,16.1,13,10.2,6.7,--,13.6
2008,ES,Total,Federal,--,--,--,--,--,--,--,--,--,--,--,--,85.3,89.3,92.9,--,--,88.9,--,--,--,--,--,--,--,--,--,--,--,--,9.2,8.7,4.8,--,--,7.7,--,--,--,--,--,--,--,--,--,--,--,--,5.5,2,2.3,--,--,3.4
2008,ES,Total,Municipal,97.1,84.9,85.3,87.7,90.2,74.5,76.7,79.5,83.5,88.1,78,84,84.2,100,94.4,94.7,--,92,1.6,13.4,13.5,10.8,8,20.9,18.2,15.9,10.4,10.4,17,13,2.6,0,5.6,5.3,--,3,1.3,1.7,1.2,1.5,1.8,4.6,5.1,4.6,6.1,1.5,5,3,13.2,0,0,0,--,5
2008,ES,Total,Particular,98.3,98.4,98.9,98.5,98.9,96,95.3,95.6,93.6,98.6,95.1,96.9,89.9,94.3,98.9,97.4,--,94.3,1.2,1.4,1,1.5,1.1,3.8,4.5,4.3,6.1,1.2,4.7,2.9,9.6,5.3,0.8,1.3,--,5.3,0.5,0.2,0.1,0,0,0.2,0.2,0.1,0.3,0.2,0.2,0.2,0.5,0.4,0.3,1.3,--,0.4
2008,ES,Total,Publico,97.1,83.7,85.5,87.7,90.5,75.5,77.6,80.5,82.7,87.8,78.7,83.5,68.4,76.5,82.7,89.1,--,74.8,1.6,14.3,13.1,10.7,7.7,19.4,17,14.5,11,10.6,15.9,13.1,15.6,10.7,7.3,4.7,--,11.8,1.3,2,1.4,1.6,1.8,5.1,5.4,5,6.3,1.6,5.4,3.4,16,12.8,10,6.2,--,13.4
2008,ES,Total,Total,97.2,85.2,86.9,88.9,91.4,77.7,79.6,82.4,84.1,88.9,80.6,85.1,71.1,79.1,85.5,90.7,--,77.6,1.6,13,11.8,9.7,7,17.7,15.6,13.3,10.3,9.6,14.6,11.9,14.9,9.9,6.1,4,--,10.9,1.2,1.8,1.3,1.4,1.6,4.6,4.8,4.3,5.6,1.5,4.8,3,14,11,8.4,5.3,--,11.5
2008,ES,Urbana,Estadual,0,78.6,86.3,87.5,91,76.8,78.6,81.5,80.7,85.9,79.2,81.6,67.9,76.1,82.3,88.7,--,74.3,0,18.1,11.7,10.4,6.9,17.1,15.4,12.7,12.3,11.8,14.6,13.6,15.9,10.8,7.4,4.6,--,12,100,3.3,2,2.1,2.1,6.1,6,5.8,7,2.3,6.2,4.8,16.2,13.1,10.3,6.7,--,13.7
2008,ES,Urbana,Federal,--,--,--,--,--,--,--,--,--,--,--,--,90.3,89.8,93.3,--,--,91.1,--,--,--,--,--,--,--,--,--,--,--,--,7.8,9,6.2,--,--,7.7,--,--,--,--,--,--,--,--,--,--,--,--,1.9,1.2,0.5,--,--,1.2
2008,ES,Urbana,Municipal,97.2,86.1,85.3,87.3,89.5,73.8,75.8,78.5,82.4,88.2,77.1,83.5,--,--,50,100,--,80,1.5,12.1,13.4,11.1,8.6,21.4,18.8,16.7,11.1,10.2,17.6,13.3,--,--,50,0,--,20,1.3,1.8,1.3,1.6,1.9,4.8,5.4,4.8,6.5,1.6,5.3,3.2,--,--,0,0,--,0
2008,ES,Urbana,Particular,98.3,98.4,99,98.6,98.9,96.3,95.5,95.7,93.6,98.7,95.3,97.1,89.9,94.2,99,--,--,94.3,1.2,1.4,1,1.4,1,3.7,4.3,4.2,6.2,1.2,4.6,2.8,9.8,5.5,0.8,--,--,5.4,0.5,0.2,0,0,0.1,0,0.2,0.1,0.2,0.1,0.1,0.1,0.3,0.3,0.2,--,--,0.3
2008,ES,Urbana,Publico,97.2,84.5,85.5,87.3,89.8,74.9,76.8,79.7,81.7,87.7,77.9,83,68.1,76.2,82.4,88.9,--,74.5,1.5,13.4,13,10.9,8.2,19.8,17.5,15.1,11.6,10.5,16.4,13.4,15.8,10.8,7.4,4.6,--,12,1.3,2.1,1.5,1.8,2,5.3,5.7,5.2,6.7,1.8,5.7,3.6,16.1,13,10.2,6.5,--,13.5
2008,ES,Urbana,Total,97.3,86.2,87.2,88.7,91,77.3,79.1,81.8,83.4,89.1,80.1,84.7,70.8,78.9,85.3,88.9,--,77.4,1.5,11.9,11.5,9.7,7.3,18,15.9,13.7,10.8,9.3,14.9,12,15.1,10,6.2,4.6,--,11,1.2,1.9,1.3,1.6,1.7,4.7,5,4.5,5.8,1.6,5,3.3,14.1,11.1,8.5,6.5,--,11.6
2008,RJ,Rural,Estadual,84.8,87.2,62.4,86.8,73.2,67.1,69.8,74.3,77.8,76.7,71.8,73,60.2,72.1,81.6,95.9,100,69.9,12.6,10.3,35.6,10.9,23.6,26.1,23,19.9,15.7,20.8,21.6,21.4,20.8,12.7,6.9,3.4,0,14.5,2.6,2.5,2,2.3,3.2,6.8,7.2,5.8,6.5,2.5,6.6,5.6,19,15.2,11.5,0.7,0,15.6
2008,RJ,Rural,Municipal,77,75.8,77.4,83.5,85.1,73.6,73.8,78,84.5,79.6,76.4,78.9,62.8,82.3,84,--,--,69.1,20.4,22.6,20.9,14.8,12.8,22.2,22.2,18.4,11.3,18.5,19.6,18.7,25.7,9.7,8,--,--,20.5,2.6,1.6,1.7,1.7,2.1,4.2,4,3.6,4.2,1.9,4,2.4,11.5,8,8,--,--,10.4
2008,RJ,Rural,Particular,93.5,95.1,97.3,98.2,96,90.6,89.9,91.3,95.5,96.1,91.8,94.6,87.3,92.5,97.1,--,--,91.8,6.3,4.6,2.4,1.3,4,9.4,9.4,8.3,4.5,3.7,7.9,5.1,12,7.1,2.9,--,--,7.7,0.2,0.3,0.3,0.5,0,0,0.7,0.4,0,0.2,0.3,0.3,0.7,0.4,0,--,--,0.5
2008,RJ,Rural,Publico,77.2,76.3,76.5,83.7,84.1,71.4,72.3,76.6,81.4,79.4,74.6,78,60.3,72.3,81.6,95.9,100,69.9,20.2,22,21.8,14.6,13.7,23.5,22.5,19,13.3,18.6,20.4,19.1,21,12.6,6.9,3.4,0,14.7,2.6,1.7,1.7,1.7,2.2,5.1,5.2,4.4,5.3,2,5,2.9,18.7,15.1,11.5,0.7,0,15.4
2008,RJ,Rural,Total,77.5,76.7,77,84,84.4,71.8,72.8,77,81.9,79.8,75.1,78.4,61.7,73.7,82.8,95.9,100,71.3,19.9,21.7,21.4,14.3,13.5,23.2,22.2,18.7,13,18.3,20,18.8,20.5,12.2,6.6,3.4,0,14.2,2.6,1.6,1.6,1.7,2.1,5,5,4.3,5.1,1.9,4.9,2.8,17.8,14.1,10.6,0.7,0,14.5
2008,RJ,Total,Estadual,87.7,89.3,68,90.6,75.6,63.9,65.7,68.2,70.6,80.3,66.9,70.2,51.5,63,74.8,91.2,65.4,61.4,7.1,6.6,28.7,6.6,20.8,28,26.6,23.9,21.1,16.1,25.1,22.9,27.7,19.5,12.7,5.3,16.1,21.1,5.2,4.1,3.3,2.8,3.6,8.1,7.7,7.9,8.3,3.6,8,6.9,20.8,17.5,12.5,3.5,18.5,17.5
2008,RJ,Total,Federal,94.5,93.9,94.9,96.4,95.7,86.1,87,81.2,82.8,95.2,84.2,88.3,77.9,87,92.7,--,80.1,84.2,5.2,6,5.1,3.6,4.2,13.8,12.8,18.8,17.2,4.7,15.7,11.6,19.6,11.2,6.7,--,18.9,14.2,0.3,0.1,0,0,0.1,0.1,0.2,0,0,0.1,0.1,0.1,2.5,1.8,0.6,--,1,1.6
2008,RJ,Total,Municipal,86.8,85.3,80.1,87.4,88.7,75.3,80.7,85.5,82.4,85.6,80.4,83.8,64.6,77,81.3,76.4,--,73.2,10.3,12.9,18,10.6,8.5,20.4,14,11,12.3,12.1,15,13.1,25.6,14.3,10.7,11.5,--,17.8,2.9,1.8,1.9,2,2.8,4.3,5.3,3.5,5.3,2.3,4.6,3.1,9.8,8.7,8,12.1,--,9
2008,RJ,Total,Particular,94.9,97.4,97.6,97.3,97,93,92.1,92.1,91.5,96.9,92.2,94.9,85.4,90.7,95.1,95.8,100,90.1,4.3,2.2,2.1,2.5,2.8,6.6,7.6,7.6,8.2,2.8,7.5,4.8,14,8.9,4.5,1.4,0,9.4,0.8,0.4,0.3,0.2,0.2,0.4,0.3,0.3,0.3,0.3,0.3,0.3,0.6,0.4,0.4,2.8,0,0.5
2008,RJ,Total,Publico,86.9,85.7,78.7,87.8,86.9,71.1,74.8,78.2,77.1,85,75,80.5,52.2,63.7,75.4,90.9,78.6,62.2,10.1,12.3,19.2,10.1,10.2,23.2,19,16.5,16.3,12.6,19.1,15.5,27.5,19.2,12.5,5.5,18.6,20.9,3,2,2.1,2.1,2.9,5.7,6.2,5.3,6.6,2.4,5.9,4,20.3,17.1,12.1,3.6,2.8,16.9
2008,RJ,Total,Total,88.1,87.6,81.4,89.3,88.4,74.1,77.2,80.3,79.4,86.9,77.5,82.7,56,67.4,78.5,91,78.8,65.8,9.2,10.7,16.8,8.9,9.2,20.9,17.4,15.2,15,11.1,17.4,13.9,26,17.8,11.3,5.4,18.4,19.4,2.7,1.7,1.8,1.8,2.4,5,5.4,4.5,5.6,2,5.1,3.4,18,14.8,10.2,3.6,2.8,14.8
2008,RJ,Urbana,Estadual,87.8,89.4,68.3,90.7,75.7,63.8,65.5,68,70.3,80.5,66.7,70.1,51.3,62.8,74.7,91.1,65.2,61.3,6.9,6.4,28.4,6.4,20.6,28.1,26.8,24.1,21.3,15.9,25.2,22.9,27.9,19.7,12.8,5.4,16.2,21.3,5.3,4.2,3.3,2.9,3.7,8.1,7.7,7.9,8.4,3.6,8.1,7,20.8,17.5,12.5,3.5,18.6,17.4
2008,RJ,Urbana,Federal,94.5,93.9,94.9,96.4,95.7,86.1,87,81.2,82.8,95.2,84.2,88.3,77.9,87,92.7,--,80.1,84.2,5.2,6,5.1,3.6,4.2,13.8,12.8,18.8,17.2,4.7,15.7,11.6,19.6,11.2,6.7,--,18.9,14.2,0.3,0.1,0,0,0.1,0.1,0.2,0,0,0.1,0.1,0.1,2.5,1.8,0.6,--,1,1.6
2008,RJ,Urbana,Municipal,88,86.4,80.3,87.8,89,75.4,81.1,85.9,82.4,86.2,80.6,84.2,64.7,76.9,81.2,76.4,--,73.3,9.1,11.8,17.7,10.2,8.2,20.3,13.6,10.6,12.4,11.5,14.8,12.7,25.6,14.4,10.7,11.5,--,17.7,2.9,1.8,2,2,2.8,4.3,5.3,3.5,5.2,2.3,4.6,3.1,9.7,8.7,8.1,12.1,--,9
2008,RJ,Urbana,Particular,94.9,97.5,97.6,97.2,97,93,92.1,92.1,91.4,96.9,92.2,94.9,85.4,90.7,95.1,95.8,100,90.1,4.3,2.2,2.1,2.6,2.8,6.6,7.6,7.6,8.2,2.7,7.5,4.8,14,8.9,4.5,1.4,0,9.4,0.8,0.3,0.3,0.2,0.2,0.4,0.3,0.3,0.4,0.4,0.3,0.3,0.6,0.4,0.4,2.8,0,0.5
2008,RJ,Urbana,Publico,88,86.7,78.9,88.2,87.2,71.1,74.9,78.3,77,85.6,75,80.7,52.1,63.6,75.3,90.7,78.6,62,8.9,11.2,19,9.7,9.9,23.2,18.8,16.4,16.4,12,19.1,15.2,27.7,19.4,12.6,5.5,18.6,21,3.1,2.1,2.1,2.1,2.9,5.7,6.3,5.3,6.6,2.4,5.9,4.1,20.2,17,12.1,3.8,2.8,17
2008,RJ,Urbana,Total,89.2,88.5,81.8,89.8,88.6,74.2,77.4,80.4,79.3,87.4,77.6,82.9,55.9,67.3,78.4,90.8,78.8,65.7,8.1,9.7,16.4,8.5,8.9,20.8,17.2,15,15.1,10.5,17.3,13.6,26.1,17.9,11.4,5.5,18.4,19.5,2.7,1.8,1.8,1.7,2.5,5,5.4,4.6,5.6,2.1,5.1,3.5,18,14.8,10.2,3.7,2.8,14.8
2008,SP,Rural,Estadual,100,98.2,98.9,98.5,91.1,95.7,95.6,94.4,87.8,96.6,93.5,94.5,83.7,88.7,91.5,--,--,87.3,0,1.4,0.8,1.3,8.7,3.5,3.1,4.5,10,3.2,5.2,4.5,13.1,8.3,5.7,--,--,9.7,0,0.4,0.3,0.2,0.2,0.8,1.3,1.1,2.2,0.2,1.3,1,3.2,3,2.8,--,--,3
2008,SP,Rural,Municipal,98.4,91,88.9,94.1,91.5,90,90,93.6,93.9,92,91.7,92,59.4,90.9,90.5,--,--,77.3,1.2,8.7,10.9,5.8,8.2,9.1,9.1,5.6,5.1,7.7,7.4,7.7,12.5,4.5,0,--,--,6.7,0.4,0.3,0.2,0.1,0.3,0.9,0.9,0.8,1,0.3,0.9,0.3,28.1,4.6,9.5,--,--,16
2008,SP,Rural,Particular,98.2,94.7,94.8,94.9,92.2,94,93.4,91.5,96.3,94.8,93.8,94.4,93.6,95.9,98,--,--,95.8,1.8,5,5.2,5.1,7.8,6,6.3,8.5,3.7,5.2,6.1,5.6,5.7,4.1,2,--,--,4,0,0.3,0,0,0,0,0.3,0,0,0,0.1,0,0.7,0,0,--,--,0.2
2008,SP,Rural,Publico,98.4,92.4,90.9,95,91.4,93.8,93.8,94.1,89.6,92.9,92.9,92.9,83.6,88.7,91.5,--,--,87.2,1.2,7.2,8.8,4.8,8.3,5.4,5.1,4.9,8.6,6.8,5.9,6.5,13.1,8.3,5.7,--,--,9.7,0.4,0.4,0.3,0.2,0.3,0.8,1.1,1,1.8,0.3,1.2,0.6,3.3,3,2.8,--,--,3.1
2008,SP,Rural,Total,98.4,92.5,91,95,91.5,93.8,93.8,94,89.8,92.9,92.9,92.9,84,89,91.9,--,--,87.7,1.2,7.2,8.7,4.8,8.3,5.4,5.1,5,8.4,6.8,5.9,6.5,12.8,8.1,5.5,--,--,9.4,0.4,0.3,0.3,0.2,0.2,0.8,1.1,1,1.8,0.3,1.2,0.6,3.2,2.9,2.6,--,--,2.9
2008,SP,Total,Estadual,93.1,97.8,98.5,98.6,92.8,93.5,92.8,91.5,82.3,96.8,90,92.2,74.3,80.8,86.2,--,100,79.6,6,1.6,1.2,1.1,6.9,5.1,5.8,6.9,15,2.8,8.3,6.5,20.1,14.2,9.4,--,0,15.3,0.9,0.6,0.3,0.3,0.3,1.4,1.4,1.6,2.7,0.4,1.7,1.3,5.6,5,4.4,--,0,5.1
2008,SP,Total,Federal,--,--,--,--,--,--,--,--,--,--,--,--,82.3,98.2,98.6,--,--,93.1,--,--,--,--,--,--,--,--,--,--,--,--,14.1,1.8,1.4,--,--,5.7,--,--,--,--,--,--,--,--,--,--,--,--,3.6,0,0,--,--,1.2
2008,SP,Total,Municipal,98.7,94.5,91.8,96.7,92.2,91,89.9,91.4,88,94.2,90.1,93.2,81.6,88.1,92.5,96.1,--,86.7,0.9,5.1,8,3.1,7.6,8.1,9,7.3,10.2,5.5,8.6,6.3,15.1,9.5,5.1,3.1,--,10.5,0.4,0.4,0.2,0.2,0.2,0.9,1.1,1.3,1.8,0.3,1.3,0.5,3.3,2.4,2.4,0.8,--,2.8
2008,SP,Total,Particular,99.1,98.6,98.4,99.1,98.3,97.2,96.2,96.8,96.9,98.7,96.8,97.8,92.9,96.2,98.3,98.3,100,95.7,0.8,1.4,1.6,0.9,1.7,2.8,3.8,3.2,3.1,1.3,3.2,2.2,7,3.7,1.6,1.7,0,4.2,0.1,0,0,0,0,0,0,0,0,0,0,0,0.1,0.1,0.1,0,0,0.1
2008,SP,Total,Publico,98.7,95.7,94.2,97.4,92.4,92.9,92.1,91.4,83.5,95.1,90,92.7,74.4,80.9,86.3,96.1,100,79.7,0.9,3.8,5.5,2.4,7.3,5.9,6.6,7,14,4.6,8.3,6.4,20,14.2,9.4,3.1,0,15.3,0.4,0.5,0.3,0.2,0.3,1.2,1.3,1.6,2.5,0.3,1.7,0.9,5.6,4.9,4.3,0.8,0,5
2008,SP,Total,Total,98.8,96.1,94.8,97.6,93.2,93.5,92.7,92.2,85.4,95.7,91,93.4,76.7,83.1,88.3,97.5,100,82,0.9,3.4,5,2.2,6.6,5.4,6.2,6.5,12.5,4.1,7.6,5.8,18.4,12.6,8.1,2.2,0,13.7,0.3,0.5,0.2,0.2,0.2,1.1,1.1,1.3,2.1,0.2,1.4,0.8,4.9,4.3,3.6,0.3,0,4.3
2008,SP,Urbana,Estadual,93,97.8,98.5,98.6,92.8,93.5,92.8,91.4,82.2,96.8,89.9,92.2,74.2,80.7,86.2,--,100,79.5,6.1,1.6,1.2,1.1,6.8,5.1,5.8,6.9,15.1,2.8,8.3,6.5,20.2,14.3,9.5,--,0,15.4,0.9,0.6,0.3,0.3,0.4,1.4,1.4,1.7,2.7,0.4,1.8,1.3,5.6,5,4.3,--,0,5.1
2008,SP,Urbana,Federal,--,--,--,--,--,--,--,--,--,--,--,--,82.3,98.2,98.6,--,--,93.1,--,--,--,--,--,--,--,--,--,--,--,--,14.1,1.8,1.4,--,--,5.7,--,--,--,--,--,--,--,--,--,--,--,--,3.6,0,0,--,--,1.2
2008,SP,Urbana,Municipal,98.7,94.6,91.9,96.8,92.2,91,89.9,91.3,87.9,94.3,90.1,93.2,81.7,88,92.5,96.1,--,86.7,0.9,4.9,7.9,3,7.6,8,9,7.4,10.3,5.4,8.6,6.3,15.1,9.5,5.1,3.1,--,10.5,0.4,0.5,0.2,0.2,0.2,1,1.1,1.3,1.8,0.3,1.3,0.5,3.2,2.5,2.4,0.8,--,2.8
2008,SP,Urbana,Particular,99.1,98.7,98.4,99.1,98.3,97.3,96.2,96.8,96.9,98.7,96.8,97.8,92.9,96.2,98.3,98.3,100,95.7,0.8,1.3,1.6,0.9,1.7,2.7,3.8,3.2,3.1,1.3,3.2,2.2,7,3.7,1.6,1.7,0,4.2,0.1,0,0,0,0,0,0,0,0,0,0,0,0.1,0.1,0.1,0,0,0.1
2008,SP,Urbana,Publico,98.7,95.8,94.3,97.5,92.4,92.9,92.1,91.4,83.4,95.2,90,92.7,74.3,80.8,86.3,96.1,100,79.6,0.9,3.7,5.4,2.3,7.3,5.9,6.6,7,14.1,4.5,8.4,6.4,20.1,14.2,9.4,3.1,0,15.3,0.4,0.5,0.3,0.2,0.3,1.2,1.3,1.6,2.5,0.3,1.6,0.9,5.6,5,4.3,0.8,0,5.1
2008,SP,Urbana,Total,98.8,96.2,94.9,97.7,93.2,93.5,92.7,92.2,85.3,95.8,91,93.4,76.6,83,88.2,97.5,100,81.9,0.9,3.4,4.9,2.1,6.5,5.4,6.2,6.5,12.5,4,7.6,5.7,18.5,12.7,8.2,2.2,0,13.8,0.3,0.4,0.2,0.2,0.3,1.1,1.1,1.3,2.2,0.2,1.4,0.9,4.9,4.3,3.6,0.3,0,4.3
2008,PR,Rural,Estadual,89.7,81.4,86.7,79.5,82.1,84.3,85.6,86.8,91.3,83.1,86.8,86.6,78.5,86,93.1,100,--,84.7,4.6,13,11.3,17.5,13.9,11.9,11.4,9.7,5.1,13.1,9.8,9.9,10.5,6.1,2.3,0,--,7,5.7,5.6,2,3,4,3.8,3,3.5,3.6,3.8,3.4,3.5,11,7.9,4.6,0,--,8.3
2008,PR,Rural,Municipal,97.2,87.4,87.9,91.3,93.8,83.7,84.9,84.8,95,91.3,86.7,91.1,--,--,--,--,--,--,2.3,11.9,11.5,8.1,5.7,15.4,14.5,13,4.2,8.2,12.2,8.3,--,--,--,--,--,--,0.5,0.7,0.6,0.6,0.5,0.9,0.6,2.2,0.8,0.5,1.1,0.6,--,--,--,--,--,--
2008,PR,Rural,Particular,100,86.8,96.8,94.9,96.4,92,94.8,90.3,93.4,94.6,92.7,93.8,90.5,90.7,95.6,--,--,92.1,0,12.5,3.2,3.4,2.7,8,4.2,9.7,6.6,4.7,7.1,5.7,7.7,6,4.4,--,--,6.2,0,0.7,0,1.7,0.9,0,1,0,0,0.7,0.2,0.5,1.8,3.3,0,--,--,1.7
2008,PR,Rural,Publico,97.1,87.2,87.9,91,93.4,84.3,85.5,86.7,91.6,91,86.8,89.4,78.5,86,93.1,100,--,84.7,2.3,11.9,11.5,8.4,5.9,12.1,11.6,9.9,5,8.3,9.9,8.9,10.5,6.1,2.3,0,--,7,0.6,0.9,0.6,0.6,0.7,3.6,2.9,3.4,3.4,0.7,3.3,1.7,11,7.9,4.6,0,--,8.3
2008,PR,Rural,Total,97.1,87.2,87.9,91,93.4,84.3,85.6,86.7,91.6,91.1,86.8,89.4,78.9,86.2,93.2,100,--,85,2.3,11.9,11.5,8.4,5.9,12.1,11.6,9.9,5,8.3,9.9,8.9,10.4,6.1,2.4,0,--,6.9,0.6,0.9,0.6,0.6,0.7,3.6,2.8,3.4,3.4,0.6,3.3,1.7,10.7,7.7,4.4,0,--,8.1
2008,PR,Total,Estadual,84.8,95,97.3,97,89.2,80.3,79.4,80.1,82.5,94.1,80.5,80.9,68.8,77.2,83.9,94.4,--,76,4,3.6,2.3,2.5,10.1,15.4,16.1,14.7,11.4,5.1,14.6,14.3,17.2,11.4,7.1,2.8,--,12.4,11.2,1.4,0.4,0.5,0.7,4.3,4.5,5.2,6.1,0.8,4.9,4.8,14,11.4,9,2.8,--,11.6
2008,PR,Total,Federal,--,--,--,--,--,94.1,99.2,90,92.5,--,94.1,94.1,85.3,83.3,88.6,--,97.9,88.1,--,--,--,--,--,5.9,0.8,10,7.5,--,5.9,5.9,13.4,10.9,7.3,--,0.5,8.7,--,--,--,--,--,0,0,0,0,--,0,0,1.3,5.8,4.1,--,1.6,3.2
2008,PR,Total,Municipal,97.5,91,88.3,92.8,94.7,78.7,78.1,82.1,89.8,92.6,81.8,92.3,--,100,--,--,--,100,2.1,8.6,11.4,6.8,4.9,18.2,18.9,14.6,7.4,7,15.1,7.3,--,0,--,--,--,0,0.4,0.4,0.3,0.4,0.4,3.1,3,3.3,2.8,0.4,3.1,0.4,--,0,--,--,--,0
2008,PR,Total,Particular,98.7,97.8,98.6,98.8,98.7,97.1,96.2,95.9,96.2,98.5,96.4,97.6,92.4,96.2,98.2,98.7,94.7,95.6,1,2.1,1.4,1.2,1.3,2.8,3.7,3.9,3.6,1.3,3.5,2.3,7.1,3.4,1.4,1.3,5.3,3.9,0.3,0.1,0,0,0,0.1,0.1,0.2,0.2,0.2,0.1,0.1,0.5,0.4,0.4,0,0,0.5
2008,PR,Total,Publico,97.5,91.1,88.6,93,94.4,80.3,79.4,80.1,82.7,92.6,80.5,86.7,68.9,77.2,83.9,94.4,97.9,76.1,2.1,8.5,11.1,6.6,5.2,15.5,16.2,14.7,11.3,7,14.6,10.7,17.2,11.4,7.1,2.8,0.5,12.4,0.4,0.4,0.3,0.4,0.4,4.2,4.4,5.2,6,0.4,4.9,2.6,13.9,11.4,9,2.8,1.6,11.5
2008,PR,Total,Total,97.6,91.8,89.5,93.5,94.8,81.6,80.7,81.4,83.9,93.2,81.8,87.7,71.1,79.3,85.8,94.4,97.8,78.2,1.9,7.8,10.2,6.1,4.8,14.5,15.2,13.8,10.6,6.4,13.6,9.9,16.3,10.6,6.4,2.8,0.6,11.5,0.5,0.4,0.3,0.4,0.4,3.9,4.1,4.8,5.5,0.4,4.6,2.4,12.6,10.1,7.8,2.8,1.6,10.3
2008,PR,Urbana,Estadual,67.3,97.3,98.5,98.6,89.7,80,79,79.6,81.9,95.4,80.1,80.5,68.4,76.9,83.6,94.4,--,75.7,2,1.9,1.2,1.1,9.8,15.7,16.4,15,11.8,4.2,14.9,14.6,17.5,11.6,7.3,2.8,--,12.6,30.7,0.8,0.3,0.3,0.5,4.3,4.6,5.4,6.3,0.4,5,4.9,14.1,11.5,9.1,2.8,--,11.7
2008,PR,Urbana,Federal,--,--,--,--,--,94.1,99.2,90,92.5,--,94.1,94.1,85.3,83.3,88.6,--,97.9,88.1,--,--,--,--,--,5.9,0.8,10,7.5,--,5.9,5.9,13.4,10.9,7.3,--,0.5,8.7,--,--,--,--,--,0,0,0,0,--,0,0,1.3,5.8,4.1,--,1.6,3.2
2008,PR,Urbana,Municipal,97.5,91.4,88.3,93,94.8,77.9,76.9,81.7,89,92.7,81.1,92.4,--,100,--,--,--,100,2.1,8.2,11.4,6.6,4.8,18.6,19.6,14.8,7.8,6.9,15.5,7.1,--,0,--,--,--,0,0.4,0.4,0.3,0.4,0.4,3.5,3.5,3.5,3.2,0.4,3.4,0.5,--,0,--,--,--,0
2008,PR,Urbana,Particular,98.7,97.9,98.6,98.8,98.7,97.1,96.2,95.9,96.3,98.6,96.4,97.6,92.4,96.3,98.2,98.7,94.7,95.7,1,2,1.3,1.2,1.2,2.8,3.7,3.8,3.5,1.3,3.4,2.3,7.1,3.4,1.4,1.3,5.3,3.9,0.3,0.1,0.1,0,0.1,0.1,0.1,0.3,0.2,0.1,0.2,0.1,0.5,0.3,0.4,0,0,0.4
2008,PR,Urbana,Publico,97.5,91.6,88.7,93.2,94.6,80,79,79.7,82.1,92.8,80.1,86.4,68.5,76.9,83.6,94.4,97.9,75.7,2.1,8.1,11.1,6.4,5.1,15.8,16.5,15,11.7,6.8,14.9,10.9,17.5,11.6,7.3,2.8,0.5,12.6,0.4,0.3,0.2,0.4,0.3,4.2,4.5,5.3,6.2,0.4,5,2.7,14,11.5,9.1,2.8,1.6,11.7
2008,PR,Urbana,Total,97.7,92.3,89.7,93.7,95,81.4,80.4,81.1,83.4,93.4,81.5,87.5,70.8,79,85.6,94.4,97.8,77.9,1.9,7.4,10.1,5.9,4.7,14.7,15.4,14.1,11,6.2,13.9,10,16.5,10.7,6.5,2.8,0.6,11.6,0.4,0.3,0.2,0.4,0.3,3.9,4.2,4.8,5.6,0.4,4.6,2.5,12.7,10.3,7.9,2.8,1.6,10.5
2008,SC,Rural,Estadual,98.6,98.7,98.1,94,94.1,83,87,88.5,93.3,96.2,87.7,91,88.4,93.2,95.6,--,--,92.1,0.5,0.9,1.3,5.6,5.5,15.3,11.3,9.6,5.1,3.3,10.6,7.7,7,4,2,--,--,4.6,0.9,0.4,0.6,0.4,0.4,1.7,1.7,1.9,1.6,0.5,1.7,1.3,4.6,2.8,2.4,--,--,3.3
2008,SC,Rural,Federal,--,--,--,--,--,--,--,--,--,--,--,--,88.9,91.9,96.6,89.7,--,92,--,--,--,--,--,--,--,--,--,--,--,--,9,5.1,2.2,0,--,5.1,--,--,--,--,--,--,--,--,--,--,--,--,2.1,3,1.2,10.3,--,2.9
2008,SC,Rural,Municipal,97.5,92.8,92.8,94.6,95.5,86.2,87.8,91.3,95,94.8,89.7,93.4,80.9,94.5,97.1,--,--,89.3,2,7,6.9,5.1,4.2,12.4,10.9,7.2,3.5,4.9,8.9,6,11.8,1.4,1.4,--,--,5.9,0.5,0.2,0.3,0.3,0.3,1.4,1.3,1.5,1.5,0.3,1.4,0.6,7.3,4.1,1.5,--,--,4.8
2008,SC,Rural,Particular,--,100,--,--,100,--,--,--,--,100,--,100,--,--,--,--,--,--,--,0,--,--,0,--,--,--,--,0,--,0,--,--,--,--,--,--,--,0,--,--,0,--,--,--,--,0,--,0,--,--,--,--,--,--
2008,SC,Rural,Publico,97.8,94.2,93.2,94.5,95.1,84.5,87.4,89.8,94,95.1,88.6,92.6,88.1,93,95.9,89.7,--,91.9,1.6,5.6,6.5,5.2,4.5,13.9,11.1,8.5,4.4,4.6,9.8,6.6,7.6,4.1,2,0,--,4.7,0.6,0.2,0.3,0.3,0.4,1.6,1.5,1.7,1.6,0.3,1.6,0.8,4.3,2.9,2.1,10.3,--,3.4
2008,SC,Rural,Total,97.8,94.2,93.2,94.5,95.1,84.5,87.4,89.8,94,95.1,88.6,92.6,88.1,93,95.9,89.7,--,91.9,1.6,5.6,6.5,5.2,4.5,13.9,11.1,8.5,4.4,4.6,9.8,6.6,7.6,4.1,2,0,--,4.7,0.6,0.2,0.3,0.3,0.4,1.6,1.5,1.7,1.6,0.3,1.6,0.8,4.3,2.9,2.1,10.3,--,3.4
2008,SC,Total,Estadual,99.2,98.2,97.1,93.9,94.2,79.9,82.2,85.3,89.6,96.1,83.9,88.8,75.8,84.6,87.7,84.3,87.5,81.9,0.5,1.6,2.7,5.8,5.5,18.4,16.3,12.9,8.7,3.6,14.4,10.1,13.5,8.3,5.8,6.9,2.3,9.6,0.3,0.2,0.2,0.3,0.3,1.7,1.5,1.8,1.7,0.3,1.7,1.1,10.7,7.1,6.5,8.8,10.2,8.5
2008,SC,Total,Federal,98.3,98.5,98.6,98.6,94.4,88.6,84,83.8,85.3,97.6,85.5,91.9,85,88.6,94.5,89.7,88.8,89,0,1.5,1.4,1.4,5.6,11.4,16,16.2,14.7,2.1,14.5,7.9,13.3,9.2,2.9,0,9.7,8.6,1.7,0,0,0,0,0,0,0,0,0.3,0,0.2,1.7,2.2,2.6,10.3,1.5,2.4
2008,SC,Total,Municipal,98.1,91.1,91.7,93.7,94,85.2,86.4,89,93.2,93.8,88,91.6,82.4,87.4,96.6,0,--,87.9,1.5,8.7,8.1,6.1,5.6,13.5,12.5,9.8,5.6,5.9,10.8,7.8,11.5,4.9,1.9,100,--,7,0.4,0.2,0.2,0.2,0.4,1.3,1.1,1.2,1.2,0.3,1.2,0.6,6.1,7.7,1.5,0,--,5.1
2008,SC,Total,Particular,99,98.4,99.1,99.3,99.3,98.2,96.8,96.5,96.4,99,97,98.1,93.4,96.2,97.9,--,94.8,95.5,0.8,1.5,0.9,0.7,0.7,1.8,3.1,3.4,3.5,0.9,2.9,1.8,6.3,3.6,2,--,5.1,4.3,0.2,0.1,0,0,0,0,0.1,0.1,0.1,0.1,0.1,0.1,0.3,0.2,0.1,--,0.1,0.2
2008,SC,Total,Publico,98.5,94.2,92.4,93.8,94.1,82.1,83.9,86.7,90.9,94.6,85.6,90.2,75.9,84.6,87.8,84.4,88.5,82,1.1,5.6,7.4,6,5.6,16.4,14.7,11.7,7.6,5.1,13,8.9,13.4,8.2,5.8,6.7,7.9,9.6,0.4,0.2,0.2,0.2,0.3,1.5,1.4,1.6,1.5,0.3,1.4,0.9,10.7,7.2,6.4,8.9,3.6,8.4
2008,SC,Total,Total,98.6,94.4,93.3,94.1,94.4,83.2,84.8,87.5,91.4,95,86.4,90.8,78.1,86,89.1,84.4,93.6,83.8,1.1,5.3,6.5,5.6,5.2,15.4,13.9,11.1,7.2,4.7,12.2,8.4,12.5,7.7,5.3,6.7,5.7,8.9,0.3,0.3,0.2,0.3,0.4,1.4,1.3,1.4,1.4,0.3,1.4,0.8,9.4,6.3,5.6,8.9,0.7,7.3
2008,SC,Urbana,Estadual,99.2,98.2,97.1,93.8,94.2,79.7,81.8,85,89.2,96,83.6,88.6,75.5,84.4,87.5,84.3,87.5,81.7,0.5,1.6,2.8,5.9,5.5,18.7,16.7,13.2,9,3.7,14.7,10.3,13.6,8.4,5.9,6.9,2.3,9.7,0.3,0.2,0.1,0.3,0.3,1.6,1.5,1.8,1.8,0.3,1.7,1.1,10.9,7.2,6.6,8.8,10.2,8.6
2008,SC,Urbana,Federal,98.3,98.5,98.6,98.6,94.4,88.6,84,83.8,85.3,97.6,85.5,91.9,81,83.8,91.9,--,88.8,85.9,0,1.5,1.4,1.4,5.6,11.4,16,16.2,14.7,2.1,14.5,7.9,17.9,15.1,3.8,--,9.7,12.2,1.7,0,0,0,0,0,0,0,0,0.3,0,0.2,1.1,1.1,4.3,--,1.5,1.9
2008,SC,Urbana,Municipal,98.3,90.7,91.5,93.5,93.7,85.1,86.2,88.7,93,93.6,87.8,91.3,83.4,83.5,96.3,0,--,87,1.4,9,8.2,6.3,5.9,13.6,12.6,10.1,5.9,6.1,11,8.1,11.3,6.8,2.2,100,--,7.6,0.3,0.3,0.3,0.2,0.4,1.3,1.2,1.2,1.1,0.3,1.2,0.6,5.3,9.7,1.5,0,--,5.4
2008,SC,Urbana,Particular,99,98.4,99.1,99.3,99.3,98.2,96.8,96.5,96.4,99,97,98.1,93.4,96.2,97.9,--,94.8,95.5,0.8,1.5,0.9,0.7,0.7,1.8,3.1,3.4,3.5,0.9,2.9,1.8,6.3,3.6,2,--,5.1,4.3,0.2,0.1,0,0,0,0,0.1,0.1,0.1,0.1,0.1,0.1,0.3,0.2,0.1,--,0.1,0.2
2008,SC,Urbana,Publico,98.6,94.2,92.3,93.6,93.9,81.9,83.6,86.4,90.6,94.6,85.3,90,75.5,84.4,87.6,84.1,88.5,81.7,1,5.6,7.5,6.1,5.7,16.6,15.1,12,7.9,5.2,13.3,9.2,13.6,8.4,5.9,7.1,7.9,9.8,0.4,0.2,0.2,0.3,0.4,1.5,1.3,1.6,1.5,0.2,1.4,0.8,10.9,7.2,6.5,8.8,3.6,8.5
2008,SC,Urbana,Total,98.7,94.5,93.3,94.1,94.3,83.1,84.6,87.3,91.2,95,86.2,90.6,77.8,85.8,89,84.1,93.6,83.6,1,5.3,6.5,5.7,5.3,15.5,14.1,11.3,7.5,4.8,12.4,8.6,12.7,7.8,5.3,7.1,5.7,9,0.3,0.2,0.2,0.2,0.4,1.4,1.3,1.4,1.3,0.2,1.4,0.8,9.5,6.4,5.7,8.8,0.7,7.4
2008,RS,Rural,Estadual,97.8,77.8,86.8,89.5,89.4,76.5,78.5,81.4,88.1,88.9,80.7,84.7,66.2,82,91.4,--,--,77.2,0.9,20.9,12.4,9.5,9.5,21.3,18.7,15.5,8.6,10,16.5,13.3,21.8,10.1,4.5,--,--,14,1.3,1.3,0.8,1,1.1,2.2,2.8,3.1,3.3,1.1,2.8,2,12,7.9,4.1,--,--,8.8
2008,RS,Rural,Federal,--,--,--,--,--,--,--,--,--,--,--,--,73.8,81.7,90.5,--,--,80.2,--,--,--,--,--,--,--,--,--,--,--,--,18.5,14.7,7,--,--,14.5,--,--,--,--,--,--,--,--,--,--,--,--,7.7,3.6,2.5,--,--,5.3
2008,RS,Rural,Municipal,99.3,84,89.2,91.4,90.8,77.9,81.1,84.5,91.6,90.9,83,87.7,62.4,82.1,85.5,--,--,70.4,0.3,15.5,10.4,8.2,8.6,20.2,16.4,12.7,6.1,8.7,14.7,11.1,22.9,12.8,0,--,--,17.1,0.4,0.5,0.4,0.4,0.6,1.9,2.5,2.8,2.3,0.4,2.3,1.2,14.7,5.1,14.5,--,--,12.5
2008,RS,Rural,Particular,96.6,91.7,97.1,85.7,86.5,97.1,91.5,88.9,96.9,91.1,93.5,92.4,69.5,73.6,84.4,--,--,75.1,3.4,8.3,2.9,14.3,13.5,2.9,8.5,11.1,3.1,8.9,6.5,7.6,25,25.3,12.2,--,--,21.3,0,0,0,0,0,0,0,0,0,0,0,0,5.5,1.1,3.4,--,--,3.6
2008,RS,Rural,Publico,98.9,82.6,88.5,90.8,90.4,77.4,80.1,83.3,90.2,90.3,82.1,86.7,67.1,82,91.1,--,--,77.4,0.4,16.8,11,8.6,8.8,20.5,17.3,13.8,7.1,9,15.3,11.8,21.4,10.8,4.8,--,--,14.2,0.7,0.6,0.5,0.6,0.8,2.1,2.6,2.9,2.7,0.7,2.6,1.5,11.5,7.2,4.1,--,--,8.4
2008,RS,Rural,Total,98.9,82.6,88.5,90.8,90.4,77.5,80.1,83.3,90.3,90.3,82.2,86.7,67.2,81.7,90.9,--,--,77.3,0.4,16.7,11,8.6,8.8,20.5,17.3,13.8,7,9,15.3,11.8,21.5,11.2,5,--,--,14.4,0.7,0.7,0.5,0.6,0.8,2,2.6,2.9,2.7,0.7,2.5,1.5,11.3,7.1,4.1,--,--,8.3
2008,RS,Total,Estadual,98.5,78.7,87.9,89.5,88.5,70.5,71,74.2,79.5,89.2,73.4,80.8,53.1,69,81.4,84.8,66.8,64.7,0.6,20.4,11.5,9.8,10.7,27,26.2,22.6,17.1,10,23.6,17.2,28.9,18.4,10.7,5,20.4,21.3,0.9,0.9,0.6,0.7,0.8,2.5,2.8,3.2,3.4,0.8,3,2,18,12.6,7.9,10.2,12.8,14
2008,RS,Total,Federal,100,--,96.4,89.3,100,91.3,90.6,90.1,90.7,96.1,90.6,91.1,76.8,82.5,89.7,--,--,82,0,--,3.6,10.7,0,8.7,9.4,9.9,9.3,3.9,9.4,8.9,16.4,15.4,9.1,--,--,14.1,0,--,0,0,0,0,0,0,0,0,0,0,6.8,2.1,1.2,--,--,3.9
2008,RS,Total,Municipal,98.5,82.7,87.8,90.1,88.5,74.8,76.9,79.8,87.1,89.4,78.8,85,54.9,64.1,80,59.5,63.9,63.6,0.8,16.5,11.6,9.3,10.6,22.7,20.5,17.4,10.4,9.9,18.7,13.6,24.2,21.5,7.3,8.2,6,15.4,0.7,0.8,0.6,0.6,0.9,2.5,2.6,2.8,2.5,0.7,2.5,1.4,20.9,14.4,12.7,32.3,30.1,21
2008,RS,Total,Particular,99.5,95.2,97.7,97.7,97.5,95.3,94.4,94,94.4,97.9,94.5,96.3,88.4,92,96.4,97.7,81.8,92.1,0.4,4.5,2.1,2.2,2.4,4.4,5.5,5.9,5.4,2,5.3,3.5,11,7.6,3.4,0.7,14.4,7.4,0.1,0.3,0.2,0.1,0.1,0.3,0.1,0.1,0.2,0.1,0.2,0.2,0.6,0.4,0.2,1.6,3.8,0.5
2008,RS,Total,Publico,98.5,81.3,87.9,89.8,88.5,72.6,73.7,76.6,82.6,89.3,75.8,82.9,53.5,69.2,81.5,83.8,66.5,65,0.7,17.9,11.6,9.5,10.6,24.9,23.6,20.3,14.3,10,21.4,15.4,28.6,18.4,10.6,5.1,18.6,21.1,0.8,0.8,0.5,0.7,0.9,2.5,2.7,3.1,3.1,0.7,2.8,1.7,17.9,12.4,7.9,11.1,14.9,13.9
2008,RS,Total,Total,98.6,81.8,88.9,90.6,89.3,74.3,75.3,78.1,83.8,90,77.4,84.1,56.5,71.9,83.7,85.7,67.1,68,0.7,17.4,10.6,8.9,9.9,23.4,22.2,19.1,13.5,9.3,20,14.4,27.1,17.1,9.5,4.5,18.5,19.6,0.7,0.8,0.5,0.5,0.8,2.3,2.5,2.8,2.7,0.7,2.6,1.5,16.4,11,6.8,9.8,14.4,12.4
2008,RS,Urbana,Estadual,98.6,78.7,88,89.5,88.4,69.9,70.3,73.5,78.7,89.2,72.8,80.4,52.8,68.7,81.1,84.8,66.8,64.5,0.5,20.3,11.4,9.9,10.8,27.5,26.9,23.2,17.8,10.1,24.2,17.6,29,18.6,10.8,5,20.4,21.5,0.9,1,0.6,0.6,0.8,2.6,2.8,3.3,3.5,0.7,3,2,18.2,12.7,8.1,10.2,12.8,14
2008,RS,Urbana,Federal,100,--,96.4,89.3,100,91.3,90.6,90.1,90.7,96.1,90.6,91.1,77.9,82.7,89.4,--,--,82.6,0,--,3.6,10.7,0,8.7,9.4,9.9,9.3,3.9,9.4,8.9,15.6,15.6,9.7,--,--,14,0,--,0,0,0,0,0,0,0,0,0,0,6.5,1.7,0.9,--,--,3.4
2008,RS,Urbana,Municipal,98.3,82.4,87.6,89.8,88,74.2,76.1,78.8,86.1,89,77.9,84.4,54.1,63.1,79.7,59.5,63.9,63.3,0.9,16.8,11.8,9.5,11.1,23.2,21.3,18.4,11.4,10.2,19.5,14.1,24.3,22.1,7.6,8.2,6,15.3,0.8,0.8,0.6,0.7,0.9,2.6,2.6,2.8,2.5,0.8,2.6,1.5,21.6,14.8,12.7,32.3,30.1,21.4
2008,RS,Urbana,Particular,99.5,95.2,97.7,97.7,97.5,95.3,94.4,94,94.4,97.9,94.6,96.3,88.6,92.1,96.5,97.7,81.8,92.2,0.4,4.5,2.1,2.2,2.4,4.4,5.5,5.9,5.4,2,5.3,3.5,10.9,7.5,3.3,0.7,14.4,7.3,0.1,0.3,0.2,0.1,0.1,0.3,0.1,0.1,0.2,0.1,0.1,0.2,0.5,0.4,0.2,1.6,3.8,0.5
2008,RS,Urbana,Publico,98.4,81,87.8,89.7,88.2,71.9,72.8,75.7,81.5,89.1,74.9,82.3,53.1,68.8,81.2,83.8,66.5,64.6,0.7,18.1,11.6,9.7,10.9,25.5,24.5,21.3,15.4,10.1,22.2,15.9,28.8,18.6,10.8,5.1,18.6,21.3,0.9,0.9,0.6,0.6,0.9,2.6,2.7,3,3.1,0.8,2.9,1.8,18.1,12.6,8,11.1,14.9,14.1
2008,RS,Urbana,Total,98.6,81.7,88.9,90.5,89.1,73.9,74.7,77.5,82.9,90,76.8,83.7,56.2,71.7,83.6,85.7,67.1,67.7,0.7,17.5,10.5,8.9,10.1,23.7,22.8,19.7,14.3,9.3,20.6,14.7,27.2,17.3,9.6,4.5,18.5,19.7,0.7,0.8,0.6,0.6,0.8,2.4,2.5,2.8,2.8,0.7,2.6,1.6,16.6,11,6.8,9.8,14.4,12.6
2008,MS,Rural,Estadual,98.3,71.9,79.4,85.1,86,69.7,71.5,79.2,86.1,84.8,75.5,79.9,69.4,82.7,88,--,--,77.8,0,27.8,19.8,14.2,11.5,26.5,23.9,16.2,9.6,13.9,20.2,17.2,16.3,7.3,5.6,--,--,11,1.7,0.3,0.8,0.7,2.5,3.8,4.6,4.6,4.3,1.3,4.3,2.9,14.3,10,6.4,--,--,11.2
2008,MS,Rural,Municipal,94.4,72.8,74.2,78.5,81.6,68.1,75.5,81.1,88,80.1,76.4,78.8,78,87.5,87,--,--,83.7,2,23.9,22.2,17.6,14.6,25.4,18.4,12.6,5.9,16.2,17.4,16.6,9.8,7.5,13,--,--,9.6,3.6,3.3,3.6,3.9,3.8,6.5,6.1,6.3,6.1,3.7,6.2,4.6,12.2,5,0,--,--,6.7
2008,MS,Rural,Particular,100,100,96.2,97.6,98.6,100,99,100,100,98.1,99.8,99.1,100,97.8,100,--,--,99.1,0,0,3.8,2.4,1.4,0,1,0,0,1.9,0.2,0.9,0,0,0,--,--,0,0,0,0,0,0,0,0,0,0,0,0,0,0,2.2,0,--,--,0.9
2008,MS,Rural,Publico,95,72.7,74.7,79.3,82.2,68.5,74.5,80.7,87.5,80.7,76.2,79,69.6,82.9,88,--,--,78,1.7,24.4,21.9,17.2,14.1,25.6,19.8,13.4,6.9,15.9,18,16.7,16.1,7.3,5.8,--,--,11,3.3,2.9,3.4,3.5,3.7,5.9,5.7,5.9,5.6,3.4,5.8,4.3,14.3,9.8,6.2,--,--,11
2008,MS,Rural,Total,95,72.9,74.9,79.5,82.4,69,75.1,81.2,87.9,80.9,76.7,79.3,71.6,84.6,89.2,--,--,79.9,1.7,24.2,21.8,17,14,25.2,19.4,13.1,6.7,15.8,17.6,16.5,15,6.4,5.2,--,--,10,3.3,2.9,3.3,3.5,3.6,5.8,5.5,5.7,5.4,3.3,5.7,4.2,13.4,9,5.6,--,--,10.1
2008,MS,Total,Estadual,97.3,73.3,79.1,83,85.4,67.1,67.8,72.7,75.9,83.8,70.5,76,60.2,72,79.9,83.3,57.1,68.7,0.1,24.7,19.2,15.1,12.5,26.4,26.1,21.7,17.8,14.2,23.4,19.5,23.9,15.1,9.1,16.7,25.7,17.6,2.6,2,1.7,1.9,2.1,6.5,6.1,5.6,6.3,2,6.1,4.5,15.9,12.9,11,0,17.2,13.7
2008,MS,Total,Federal,--,--,--,--,--,86.7,94.4,93.7,93.5,--,92.6,92.6,88.4,95.4,98.9,--,--,93.4,--,--,--,--,--,13.3,5.6,6.3,6.5,--,7.4,7.4,11.6,4.6,1.1,--,--,6.6,--,--,--,--,--,0,0,0,0,--,0,0,0,0,0,--,--,0
2008,MS,Total,Municipal,97.5,78.2,79.4,84.6,87.6,73.8,76.6,81.6,87.8,85.7,78.4,83.2,78,87.5,87,--,--,83.7,0.9,19.9,18.8,13.8,10.7,22.2,20,15,8.4,12.6,17.9,14.4,9.8,7.5,13,--,--,9.6,1.6,1.9,1.8,1.6,1.7,4,3.4,3.4,3.8,1.7,3.7,2.4,12.2,5,0,--,--,6.7
2008,MS,Total,Particular,98.7,97.4,97.7,98.5,98.4,96.8,95.4,94.6,93.9,98.2,95.2,96.8,90.3,94.6,97.3,--,--,94,0.5,2.3,2,1.3,1.4,3.1,4.4,5.2,5.8,1.4,4.6,2.9,8.9,4.8,2.3,--,--,5.4,0.8,0.3,0.3,0.2,0.2,0.1,0.2,0.2,0.3,0.4,0.2,0.3,0.8,0.6,0.4,--,--,0.6
2008,MS,Total,Publico,97.5,76.9,79.3,84.1,86.8,70.7,72.1,76.8,80.6,85.1,74.3,80.4,60.3,72.2,80,83.3,57.1,68.8,0.7,21.2,18.9,14.2,11.3,24.2,23.1,18.6,14.1,13,20.7,16.4,23.9,15,9.1,16.7,25.7,17.5,1.8,1.9,1.8,1.7,1.9,5.1,4.8,4.6,5.3,1.9,5,3.2,15.8,12.8,10.9,0,17.2,13.7
2008,MS,Total,Total,97.6,78.6,81,85.3,87.8,72.6,74,78.5,82.1,86.2,76.2,81.8,63.6,75.5,82.9,83.3,57.1,72.3,0.7,19.6,17.3,13.1,10.5,22.6,21.6,17.3,13.2,12.1,19.3,15.2,22.2,13.5,7.9,16.7,25.7,15.8,1.7,1.8,1.7,1.6,1.7,4.8,4.4,4.2,4.7,1.7,4.5,3,14.2,11,9.2,0,17.2,11.9
2008,MS,Urbana,Estadual,97.2,73.4,79.1,82.9,85.3,66.9,67.6,72.4,75.5,83.7,70.3,75.8,59.7,71.5,79.6,83.3,57.1,68.3,0.2,24.5,19.1,15.2,12.6,26.4,26.3,22,18.2,14.2,23.5,19.7,24.3,15.5,9.3,16.7,25.7,17.9,2.6,2.1,1.8,1.9,2.1,6.7,6.1,5.6,6.3,2.1,6.2,4.5,16,13,11.1,0,17.2,13.8
2008,MS,Urbana,Federal,--,--,--,--,--,86.7,94.4,93.7,93.5,--,92.6,92.6,88.4,95.4,98.9,--,--,93.4,--,--,--,--,--,13.3,5.6,6.3,6.5,--,7.4,7.4,11.6,4.6,1.1,--,--,6.6,--,--,--,--,--,0,0,0,0,--,0,0,0,0,0,--,--,0
2008,MS,Urbana,Municipal,98.1,79.3,80.7,85.9,88.9,75,76.8,81.8,87.8,86.8,78.8,84.1,--,--,--,--,--,--,0.6,19.1,18,13,9.8,21.6,20.3,15.5,9,11.8,18,13.9,--,--,--,--,--,--,1.3,1.6,1.3,1.1,1.3,3.4,2.9,2.7,3.2,1.4,3.2,2,--,--,--,--,--,--
2008,MS,Urbana,Particular,98.7,97.4,97.7,98.5,98.4,96.7,95.3,94.4,93.8,98.2,95.1,96.8,90.1,94.5,97.2,--,--,93.8,0.5,2.3,1.9,1.2,1.4,3.1,4.5,5.3,5.9,1.4,4.7,2.9,9.1,4.9,2.3,--,--,5.5,0.8,0.3,0.4,0.3,0.2,0.2,0.2,0.3,0.3,0.4,0.2,0.3,0.8,0.6,0.5,--,--,0.7
2008,MS,Urbana,Publico,97.9,77.6,80.2,84.9,87.6,71,71.8,76.4,79.8,85.9,74.1,80.6,59.9,71.7,79.7,83.3,57.1,68.4,0.5,20.6,18.3,13.7,10.8,24,23.5,19.2,14.9,12.6,21.1,16.4,24.2,15.4,9.2,16.7,25.7,17.8,1.6,1.8,1.5,1.4,1.6,5,4.7,4.4,5.3,1.5,4.8,3,15.9,12.9,11.1,0,17.2,13.8
2008,MS,Urbana,Total,98,79.5,82,86.1,88.6,73,73.9,78.2,81.5,87,76.1,82.2,63.2,75.1,82.7,83.3,57.1,71.9,0.5,18.9,16.6,12.6,10,22.3,21.8,17.8,13.8,11.5,19.5,15.1,22.6,13.8,8,16.7,25.7,16.1,1.5,1.6,1.4,1.3,1.4,4.7,4.3,4,4.7,1.5,4.4,2.7,14.2,11.1,9.3,0,17.2,12
2008,MT,Rural,Estadual,89.7,87.1,89,88.7,91.3,76.7,86.9,86,79.7,89.1,82.1,85.7,77,82.7,90,--,66.7,82.1,5.8,6.2,8.5,6.7,3.3,13.1,4.1,4.7,8.1,6.1,7.8,7,5.1,3.8,1.8,--,6.7,3.8,4.5,6.7,2.5,4.6,5.4,10.2,9,9.3,12.2,4.8,10.1,7.3,17.9,13.5,8.2,--,26.6,14.1
2008,MT,Rural,Federal,--,--,--,--,--,--,--,--,--,--,--,--,65.7,89.7,97.1,--,--,78.9,--,--,--,--,--,--,--,--,--,--,--,--,31,10.3,2.9,--,--,19.4,--,--,--,--,--,--,--,--,--,--,--,--,3.3,0,0,--,--,1.7
2008,MT,Rural,Municipal,92.3,83.7,83.1,87.3,88.1,80.8,84.2,87.1,88.3,86.6,84.7,85.8,75.4,77.4,87.8,--,--,79.2,3.4,11.5,13.1,9.1,7.5,12,7.6,5.3,3.8,9.2,7.6,8.6,13.8,5.7,0,--,--,7.5,4.3,4.8,3.8,3.6,4.4,7.2,8.2,7.6,7.9,4.2,7.7,5.6,10.8,16.9,12.2,--,--,13.3
2008,MT,Rural,Particular,92.3,92,100,100,95,87,73.9,87.5,96.7,95.2,87,91.2,86,91.7,100,--,--,91.1,7.7,8,0,0,5,13,17.4,12.5,0,4.8,10,7.4,9.3,0,0,--,--,5.1,0,0,0,0,0,0,8.7,0,3.3,0,3,1.4,4.7,8.3,0,--,--,3.8
2008,MT,Rural,Publico,91.8,84.4,84.2,87.6,88.7,79.7,84.9,86.8,86,87.1,84,85.8,76.1,83,90.3,--,66.7,81.8,3.9,10.4,12.3,8.6,6.7,12.3,6.7,5.1,5,8.6,7.7,8.2,7.3,4.2,1.8,--,6.7,4.9,4.3,5.2,3.5,3.8,4.6,8,8.4,8.1,9,4.3,8.3,6,16.6,12.8,7.9,--,26.6,13.3
2008,MT,Rural,Total,91.8,84.4,84.3,87.6,88.7,79.8,84.9,86.8,86,87.1,84,85.8,76.2,83.1,90.4,--,66.7,81.9,3.9,10.4,12.2,8.6,6.7,12.3,6.8,5.2,5,8.6,7.7,8.2,7.3,4.1,1.8,--,6.7,4.9,4.3,5.2,3.5,3.8,4.6,7.9,8.3,8,9,4.3,8.3,6,16.5,12.8,7.8,--,26.6,13.2
2008,MT,Total,Estadual,95.7,95.4,88.6,95.4,95.3,78.7,88.1,86.3,77.1,93.9,82.5,87,62.4,70.3,75.4,100,84,68.5,1,1.2,9.2,1.8,1.5,14.4,4.4,5,10.8,3.2,8.7,6.5,12,9.1,7.4,0,4.7,9.8,3.3,3.4,2.2,2.8,3.2,6.9,7.5,8.7,12.1,2.9,8.8,6.5,25.6,20.6,17.2,0,11.3,21.7
2008,MT,Total,Federal,--,--,--,--,--,--,--,--,--,--,--,--,73.2,90,91.4,--,--,83.7,--,--,--,--,--,--,--,--,--,--,--,--,25,10,8.6,--,--,15.6,--,--,--,--,--,--,--,--,--,--,--,--,1.8,0,0,--,--,0.7
2008,MT,Total,Municipal,96,89,85.8,90.4,91,80.6,84,85.3,86.1,90.2,83.5,88,73.1,81.6,91.3,50,--,80.5,1.8,8.4,12.4,7.6,6.7,14.3,10.2,8.4,6.9,7.6,10.7,8.6,20.2,5.3,0,50,--,10.4,2.2,2.6,1.8,2,2.3,5.1,5.8,6.3,7,2.2,5.8,3.4,6.7,13.1,8.7,0,--,9.1
2008,MT,Total,Particular,97.7,97.3,98.3,98.7,98.3,97.3,96.8,96.7,95.5,98.1,96.6,97.4,91,95.3,97.5,--,100,94.5,1.5,2.2,1.5,1.1,1.5,2.5,2.9,3.1,4.2,1.6,3.2,2.3,8.3,4.2,2.1,--,0,4.9,0.8,0.5,0.2,0.2,0.2,0.2,0.3,0.2,0.3,0.3,0.2,0.3,0.7,0.5,0.4,--,0,0.6
2008,MT,Total,Publico,95.9,91,86.7,92.2,92.6,79.6,86.5,85.9,79.8,91.5,82.9,87.6,62.6,70.5,75.6,96,84,68.7,1.5,6.2,11.3,5.5,4.7,14.4,6.7,6.2,9.7,6,9.4,7.6,12.1,9.1,7.4,4,4.7,9.9,2.6,2.8,2,2.3,2.7,6,6.8,7.9,10.5,2.5,7.7,4.8,25.3,20.4,17,0,11.3,21.4
2008,MT,Total,Total,96,91.6,87.6,92.7,93.1,80.9,87.3,86.9,81.2,92,84,88.3,65,73,78.1,96,84.9,71.2,1.5,5.8,10.5,5.2,4.4,13.5,6.4,5.9,9.2,5.7,8.9,7.2,11.8,8.6,6.8,4,4.4,9.4,2.5,2.6,1.9,2.1,2.5,5.6,6.3,7.2,9.6,2.3,7.1,4.5,23.2,18.4,15.1,0,10.7,19.4
2008,MT,Urbana,Estadual,96.4,96.6,88.5,96.1,95.6,78.9,88.1,86.3,77,94.4,82.6,87.1,61.5,69.5,74.5,100,89.7,67.6,0.3,0.5,9.3,1.3,1.3,14.5,4.4,5,11,2.8,8.7,6.5,12.5,9.5,7.8,0,4,10.2,3.3,2.9,2.2,2.6,3.1,6.6,7.5,8.7,12,2.8,8.7,6.4,26,21,17.7,0,6.3,22.2
2008,MT,Urbana,Federal,--,--,--,--,--,--,--,--,--,--,--,--,81.7,90.3,89,--,--,87.1,--,--,--,--,--,--,--,--,--,--,--,--,18.3,9.7,11,--,--,12.9,--,--,--,--,--,--,--,--,--,--,--,--,0,0,0,--,--,0
2008,MT,Urbana,Municipal,96.8,90.6,86.6,91.4,91.9,80.6,84,84.4,84.9,91.3,83,88.8,69.2,91.3,96.4,50,--,82.6,1.4,7.5,12.1,7.2,6.4,15.2,11.3,9.9,8.5,7.1,12,8.6,30.8,4.3,0,50,--,15.2,1.8,1.9,1.3,1.4,1.7,4.2,4.7,5.7,6.6,1.6,5,2.6,0,4.4,3.6,0,--,2.2
2008,MT,Urbana,Particular,97.7,97.4,98.3,98.7,98.3,97.4,97,96.8,95.5,98.1,96.7,97.4,91.1,95.3,97.5,--,100,94.6,1.5,2.2,1.5,1.1,1.5,2.5,2.8,3.1,4.2,1.6,3.1,2.3,8.3,4.2,2.1,--,0,4.9,0.8,0.4,0.2,0.2,0.2,0.1,0.2,0.1,0.3,0.3,0.2,0.3,0.6,0.5,0.4,--,0,0.5
2008,MT,Urbana,Publico,96.7,92.6,87.3,93.3,93.5,79.6,86.8,85.8,78.7,92.5,82.7,87.9,61.6,69.6,74.7,96,89.7,67.8,1.1,5.2,11,4.8,4.2,14.8,6.7,6.4,10.4,5.5,9.7,7.5,12.5,9.5,7.8,4,4,10.2,2.2,2.2,1.7,1.9,2.3,5.6,6.5,7.8,10.9,2,7.6,4.6,25.9,20.9,17.5,0,6.3,22
2008,MT,Urbana,Total,96.8,93.1,88.3,93.8,94,81.1,87.7,86.9,80.4,93,84,88.8,64.2,72.3,77.4,96,90.4,70.5,1.1,4.8,10.2,4.5,3.9,13.7,6.3,6.1,9.8,5.1,9.1,7,12.1,8.9,7.1,4,3.8,9.7,2.1,2.1,1.5,1.7,2.1,5.2,6,7,9.8,1.9,6.9,4.2,23.7,18.8,15.5,0,5.8,19.8
2008,GO,Rural,Estadual,88,85.7,89.5,93.2,89.8,77.4,79.8,85.9,85.5,89.7,82,84.5,74.4,79.1,88.4,--,--,79.7,10.3,13.1,9.7,5.9,6.1,12,11.4,6,5.5,8.5,8.9,8.8,8.6,8.8,5.9,--,--,8,1.7,1.2,0.8,0.9,4.1,10.6,8.8,8.1,9,1.8,9.1,6.7,17,12.1,5.7,--,--,12.3
2008,GO,Rural,Federal,--,--,--,--,--,--,--,--,--,--,--,--,78.6,93.5,98.8,--,--,89.1,--,--,--,--,--,--,--,--,--,--,--,--,9,2.5,1.2,--,--,4.7,--,--,--,--,--,--,--,--,--,--,--,--,12.4,4,0,--,--,6.2
2008,GO,Rural,Municipal,93,80.3,84.5,86,89.7,79.1,81.8,85.7,90.1,86.5,83.5,85.5,72.3,88.3,86.9,--,--,80.5,2.6,16,12.4,11,7.5,13.9,11.4,7.5,3.9,10.1,9.8,10,6.7,2.6,8.2,--,--,5.8,4.4,3.7,3.1,3,2.8,7,6.8,6.8,6,3.4,6.7,4.5,21,9.1,4.9,--,--,13.7
2008,GO,Rural,Particular,91.9,79.8,90.1,91.9,95.5,82.8,86.5,88.6,92.6,89.5,86.9,88.3,91.3,95.5,90.9,--,--,92.4,4.7,18.4,7.2,4.1,4.5,15.2,11.1,9.6,6.2,8,11.2,9.5,7.9,2.3,7.8,--,--,6.2,3.4,1.8,2.7,4,0,2,2.4,1.8,1.2,2.5,1.9,2.2,0.8,2.2,1.3,--,--,1.4
2008,GO,Rural,Publico,92.8,80.7,85,86.8,89.7,78.7,81.2,85.7,88.7,86.8,83.1,85.3,75.1,82.8,90.5,--,--,81.7,2.9,15.8,12.1,10.5,7.4,13.4,11.4,7.1,4.4,10,9.5,9.8,8.5,7,5.1,--,--,7.1,4.3,3.5,2.9,2.7,2.9,7.9,7.4,7.2,6.9,3.2,7.4,4.9,16.4,10.2,4.4,--,--,11.2
2008,GO,Rural,Total,92.8,80.6,85.1,86.9,89.8,78.8,81.4,85.8,88.8,86.8,83.2,85.4,76.6,83.9,90.5,--,--,82.7,3,15.8,12,10.3,7.3,13.5,11.4,7.2,4.4,10,9.6,9.8,8.4,6.6,5.3,--,--,7,4.2,3.6,2.9,2.8,2.9,7.7,7.2,7,6.8,3.2,7.2,4.8,15,9.5,4.2,--,--,10.3
2008,GO,Total,Estadual,96,86.8,90,92,91.3,77.3,78.8,79.8,78.4,90.9,78.6,81.1,63.1,72.5,79.6,82.4,66.7,70.7,0.7,10.9,8.1,6.2,6.4,14.3,13.4,11,10,7,12.1,11.1,16.3,10.7,7.5,2.9,0,12.1,3.3,2.3,1.9,1.8,2.3,8.4,7.8,9.2,11.6,2.1,9.3,7.8,20.6,16.8,12.9,14.7,33.3,17.2
2008,GO,Total,Federal,97.4,90,89.7,91.5,72.4,88.3,82.3,98.2,92,87.4,89.9,88.6,78.4,86.7,97.2,89.7,33.3,85.6,2.6,10,10.3,8.5,27.6,11.7,17.7,1.8,8,12.6,10.1,11.4,14.8,10.1,2.8,10.3,66.7,10.6,0,0,0,0,0,0,0,0,0,0,0,0,6.8,3.2,0,0,0,3.8
2008,GO,Total,Municipal,94.7,82.8,85.9,87.9,90.2,80.5,81.3,80.9,82.7,88.2,81.2,86.4,70.1,90.9,90.4,50,--,81,2.3,14.1,11.9,9.5,6.9,12.2,10.5,8.9,7,9,10.1,9.3,19.1,4.6,6.1,50,--,11.8,3,3.1,2.2,2.6,2.9,7.3,8.2,10.2,10.3,2.8,8.7,4.3,10.8,4.5,3.5,0,--,7.2
2008,GO,Total,Particular,98.1,97.4,98.3,98.2,97.6,94.8,93.4,93.5,93.4,97.9,93.8,96.1,87.3,92.1,95.8,100,--,91.5,1.1,2.2,1.5,1.6,2.1,4.7,6,5.9,5.9,1.7,5.6,3.5,11.2,6.8,3.2,0,--,7.3,0.8,0.4,0.2,0.2,0.3,0.5,0.6,0.6,0.7,0.4,0.6,0.4,1.5,1.1,1,0,--,1.2
2008,GO,Total,Publico,94.8,83.3,86.6,88.7,90.5,78.6,79.6,80.2,79.5,88.6,79.5,84.2,63.3,72.7,79.8,84.6,40,70.8,2.2,13.7,11.2,8.9,6.8,13.4,12.5,10.4,9.2,8.7,11.5,10,16.3,10.7,7.5,7.7,53.3,12.1,3,3,2.2,2.4,2.7,8,7.9,9.4,11.3,2.7,9,5.8,20.4,16.6,12.7,7.7,6.7,17.1
2008,GO,Total,Total,95.3,85.5,88.5,90.2,91.6,81.1,81.6,82.1,81.5,90.1,81.5,86,66.2,75.3,82,88.5,40,73.5,2,11.9,9.7,7.7,6.1,12.1,11.6,9.8,8.7,7.6,10.6,9,15.6,10.2,6.9,5.7,53.3,11.4,2.7,2.6,1.8,2.1,2.3,6.8,6.8,8.1,9.8,2.3,7.9,5,18.2,14.5,11.1,5.8,6.7,15.1
2008,GO,Urbana,Estadual,96.4,86.8,90,92,91.3,77.3,78.8,79.7,78.2,90.9,78.6,81,63,72.5,79.6,82.4,66.7,70.6,0.3,10.8,8,6.3,6.4,14.3,13.4,11.1,10,6.9,12.2,11.1,16.3,10.8,7.5,2.9,0,12.1,3.3,2.4,2,1.7,2.3,8.4,7.8,9.2,11.8,2.2,9.2,7.9,20.7,16.7,12.9,14.7,33.3,17.3
2008,GO,Urbana,Federal,97.4,90,89.7,91.5,72.4,88.3,82.3,98.2,92,87.4,89.9,88.6,78.3,81.7,96.2,89.7,33.3,83.5,2.6,10,10.3,8.5,27.6,11.7,17.7,1.8,8,12.6,10.1,11.4,18.2,15.8,3.8,10.3,66.7,14.3,0,0,0,0,0,0,0,0,0,0,0,0,3.5,2.5,0,0,0,2.2
2008,GO,Urbana,Municipal,94.8,83,86,88,90.3,80.6,81.2,80.4,81.7,88.4,80.9,86.5,68.2,92.9,94.3,50,--,81.4,2.3,13.9,11.9,9.4,6.9,12.1,10.4,9.1,7.4,8.9,10.1,9.2,30.3,6.1,3.8,50,--,17.2,2.9,3.1,2.1,2.6,2.8,7.3,8.4,10.5,10.9,2.7,9,4.3,1.5,1,1.9,0,--,1.4
2008,GO,Urbana,Particular,98.2,97.5,98.4,98.2,97.6,94.9,93.5,93.5,93.4,98,93.9,96.1,87.3,92.1,95.8,100,--,91.4,1.1,2.1,1.4,1.6,2.1,4.6,6,5.9,5.9,1.7,5.6,3.4,11.2,6.8,3.2,0,--,7.4,0.7,0.4,0.2,0.2,0.3,0.5,0.5,0.6,0.7,0.3,0.5,0.5,1.5,1.1,1,0,--,1.2
2008,GO,Urbana,Publico,94.9,83.5,86.7,88.8,90.5,78.6,79.6,79.9,79.1,88.8,79.3,84.2,63.1,72.5,79.6,84.6,40,70.7,2.2,13.5,11.2,8.7,6.8,13.4,12.5,10.5,9.4,8.6,11.5,10,16.4,10.8,7.5,7.7,53.3,12.1,2.9,3,2.1,2.5,2.7,8,7.9,9.6,11.5,2.6,9.2,5.8,20.5,16.7,12.9,7.7,6.7,17.2
2008,GO,Urbana,Total,95.5,85.8,88.7,90.4,91.7,81.2,81.6,81.9,81.2,90.3,81.5,86.1,66,75.2,81.9,88.5,40,73.4,2,11.7,9.6,7.6,6,12,11.6,9.9,8.9,7.5,10.7,9,15.7,10.2,6.9,5.7,53.3,11.5,2.5,2.5,1.7,2,2.3,6.8,6.8,8.2,9.9,2.2,7.8,4.9,18.3,14.6,11.2,5.8,6.7,15.1
2008,DF,Rural,Estadual,98,97.1,82.6,87.9,90.9,81.4,88.8,88.9,86.3,90.6,85.9,89.1,85.4,89.9,89.8,--,100,88.1,1.3,2,17.1,11.5,8.7,14.2,8.6,6,8.1,8.8,9.8,9.2,10.6,6.8,3.4,--,0,7.3,0.7,0.9,0.3,0.6,0.4,4.4,2.6,5.1,5.6,0.6,4.3,1.7,4,3.3,6.8,--,0,4.6
2008,DF,Rural,Federal,--,--,--,--,--,--,--,--,--,--,--,--,58.2,--,--,--,--,58.2,--,--,--,--,--,--,--,--,--,--,--,--,34.5,--,--,--,--,34.5,--,--,--,--,--,--,--,--,--,--,--,--,7.3,--,--,--,--,7.3
2008,DF,Rural,Particular,100,100,91.7,100,100,100,100,100,100,98.8,100,99.9,100,100,--,--,--,100,0,0,8.3,0,0,0,0,0,0,1.2,0,0.1,0,0,--,--,--,0,0,0,0,0,0,0,0,0,0,0,0,0,0,0,--,--,--,0
2008,DF,Rural,Publico,98,97.1,82.6,87.9,90.9,81.4,88.8,88.9,86.3,90.6,85.9,89.1,82.7,89.9,89.8,--,100,86.8,1.3,2,17.1,11.5,8.7,14.2,8.6,6,8.1,8.8,9.8,9.2,13,6.8,3.4,--,0,8.5,0.7,0.9,0.3,0.6,0.4,4.4,2.6,5.1,5.6,0.6,4.3,1.7,4.3,3.3,6.8,--,0,4.7
2008,DF,Rural,Total,98,97.1,82.6,87.9,91,82.9,90,90,87.8,90.6,87.3,89.5,83.6,90.7,89.8,--,100,87.4,1.3,2,17.1,11.4,8.6,13,7.7,5.4,7.2,8.8,8.9,8.8,12.3,6.3,3.4,--,0,8.1,0.7,0.9,0.3,0.7,0.4,4.1,2.3,4.6,5,0.6,3.8,1.7,4.1,3,6.8,--,0,4.5
2008,DF,Total,Estadual,96.7,96.9,84.5,88.6,92.9,76.3,81.5,85.5,83.3,91.5,81.1,86.9,71.9,80.6,83.3,--,70.1,77.7,1.8,1.9,14.8,10.9,6.5,18.3,14.5,10.4,12.5,7.7,14.4,10.6,20.4,12.7,11.2,--,0.3,15.4,1.5,1.2,0.7,0.5,0.6,5.4,4,4.1,4.2,0.8,4.5,2.5,7.7,6.7,5.5,--,29.6,6.9
2008,DF,Total,Federal,--,--,--,--,--,91.4,96.9,95.5,96.5,--,95.6,95.6,93.3,98.2,97.6,--,--,96.2,--,--,--,--,--,8.6,3.1,4.5,3.5,--,4.4,4.4,6,1.8,2.4,--,--,3.5,--,--,--,--,--,0,0,0,0,--,0,0,0.7,0,0,--,--,0.3
2008,DF,Total,Particular,98.9,98.6,99.1,98.8,98.8,96.2,94.5,94.7,93.8,98.8,94.8,97.1,89.5,94.1,95.3,--,--,92.8,0.9,1.3,0.8,1,1.1,3.7,5.5,5.3,6,1,5.1,2.8,10.3,5.8,4.6,--,--,7.1,0.2,0.1,0.1,0.2,0.1,0.1,0,0,0.2,0.2,0.1,0.1,0.2,0.1,0.1,--,--,0.1
2008,DF,Total,Publico,96.7,96.9,84.5,88.6,92.9,76.4,81.7,85.7,83.5,91.5,81.3,87,72.3,81,83.7,--,70.1,78.1,1.8,1.9,14.8,10.9,6.5,18.2,14.4,10.3,12.4,7.7,14.3,10.6,20.1,12.4,10.9,--,0.3,15.1,1.5,1.2,0.7,0.5,0.6,5.4,3.9,4,4.1,0.8,4.4,2.4,7.6,6.6,5.4,--,29.6,6.8
2008,DF,Total,Total,97.3,97.3,87.5,90.7,94.2,80.1,84.4,88,85.8,93.1,84.2,89.2,76.5,84.8,86.9,--,70.1,82,1.6,1.8,12,8.8,5.4,15.5,12.6,9,11,6.2,12.3,8.9,17.7,10.5,9.2,--,0.3,13,1.1,0.9,0.5,0.5,0.4,4.4,3,3,3.2,0.7,3.5,1.9,5.8,4.7,3.9,--,29.6,5
2008,DF,Urbana,Estadual,96.6,96.9,84.6,88.7,93.1,76.1,81.2,85.4,83.1,91.6,80.9,86.8,71.6,80.5,83.1,--,68.7,77.5,1.9,1.9,14.7,10.8,6.3,18.5,14.8,10.6,12.7,7.6,14.7,10.7,20.6,12.8,11.4,--,0.3,15.6,1.5,1.2,0.7,0.5,0.6,5.4,4,4,4.2,0.8,4.4,2.5,7.8,6.7,5.5,--,31,6.9
2008,DF,Urbana,Federal,--,--,--,--,--,91.4,96.9,95.5,96.5,--,95.6,95.6,97.3,98.2,97.6,--,--,97.7,--,--,--,--,--,8.6,3.1,4.5,3.5,--,4.4,4.4,2.7,1.8,2.4,--,--,2.3,--,--,--,--,--,0,0,0,0,--,0,0,0,0,0,--,--,0
2008,DF,Urbana,Particular,98.9,98.6,99.1,98.8,98.8,96.1,94.4,94.6,93.7,98.8,94.7,97.1,89.5,94,95.3,--,--,92.7,0.9,1.3,0.8,1,1.1,3.8,5.6,5.3,6.1,1,5.2,2.8,10.3,5.8,4.6,--,--,7.1,0.2,0.1,0.1,0.2,0.1,0.1,0,0.1,0.2,0.2,0.1,0.1,0.2,0.2,0.1,--,--,0.2
2008,DF,Urbana,Publico,96.6,96.9,84.6,88.7,93.1,76.2,81.4,85.5,83.4,91.6,81,86.8,72.1,80.9,83.5,--,68.7,77.9,1.9,1.9,14.7,10.8,6.3,18.4,14.7,10.5,12.6,7.6,14.5,10.7,20.3,12.5,11.1,--,0.3,15.2,1.5,1.2,0.7,0.5,0.6,5.4,3.9,4,4,0.8,4.5,2.5,7.6,6.6,5.4,--,31,6.9
2008,DF,Urbana,Total,97.2,97.3,87.8,90.9,94.4,80,84.1,87.9,85.7,93.2,84,89.1,76.4,84.7,86.9,--,68.7,81.9,1.6,1.8,11.6,8.7,5.2,15.6,12.8,9.2,11.1,6.1,12.5,8.9,17.8,10.5,9.3,--,0.3,13,1.2,0.9,0.6,0.4,0.4,4.4,3.1,2.9,3.2,0.7,3.5,2,5.8,4.8,3.8,--,31,5.1
Fonte: Mec/Inep/Deed.,DF,Urbana,Total,97.2,97.3,87.8,90.9,94.4,80,84.1,87.9,85.7,93.2,84,89.1,76.4,84.7,86.9,--,68.7,81.9,1.6,1.8,11.6,8.7,5.2,15.6,12.8,9.2,11.1,6.1,12.5,8.9,17.8,10.5,9.3,--,0.3,13,1.2,0.9,0.6,0.4,0.4,4.4,3.1,2.9,3.2,0.7,3.5,2,5.8,4.8,3.8,--,31,5.1
"     Notas: 1) Inclui as taxas de aprovação, reprovação e abandono. ",DF,Urbana,Total,97.2,97.3,87.8,90.9,94.4,80,84.1,87.9,85.7,93.2,84,89.1,76.4,84.7,86.9,--,68.7,81.9,1.6,1.8,11.6,8.7,5.2,15.6,12.8,9.2,11.1,6.1,12.5,8.9,17.8,10.5,9.3,--,0.3,13,1.2,0.9,0.6,0.4,0.4,4.4,3.1,2.9,3.2,0.7,3.5,2,5.8,4.8,3.8,--,31,5.1
                2) Inclui as taxas do Ensino Fundamental de 8 e 9 anos.,DF,Urbana,Total,97.2,97.3,87.8,90.9,94.4,80,84.1,87.9,85.7,93.2,84,89.1,76.4,84.7,86.9,--,68.7,81.9,1.6,1.8,11.6,8.7,5.2,15.6,12.8,9.2,11.1,6.1,12.5,8.9,17.8,10.5,9.3,--,0.3,13,1.2,0.9,0.6,0.4,0.4,4.4,3.1,2.9,3.2,0.7,3.5,2,5.8,4.8,3.8,--,31,5.1
"                3) ""taxas de rendimento escolar"" expressa o percentual de alunos aprovados, reprovados e afastados por abandono.",DF,Urbana,Total,97.2,97.3,87.8,90.9,94.4,80,84.1,87.9,85.7,93.2,84,89.1,76.4,84.7,86.9,--,68.7,81.9,1.6,1.8,11.6,8.7,5.2,15.6,12.8,9.2,11.1,6.1,12.5,8.9,17.8,10.5,9.3,--,0.3,13,1.2,0.9,0.6,0.4,0.4,4.4,3.1,2.9,3.2,0.7,3.5,2,5.8,4.8,3.8,--,31,5.1
