Ano,Unidade Geográfica,Localização,Dependência Administrativa,Total,Anos Iniciais,Anos Finais,1º Ano ,2º Ano,3º Ano,4º Ano,5º Ano,6º Ano,7º Ano,8º Ano,9º Ano,Total,1ª série,2ª série,3ª série,4ª série,Não-Seriado,Total,Anos Iniciais,Anos Finais,1º Ano ,2º Ano,3º Ano,4º Ano,5º Ano,6º Ano,7º Ano,8º Ano,9º Ano,Total,1ª série,2ª série,3ª série,4ª série,Não-Seriado,Total_Abandono_EF2015,Anos Iniciais,Anos Finais,1º Ano ,2º Ano,3º Ano,4º Ano,5º Ano,6º Ano,7º Ano,8º Ano,9º Ano,Total_Abandono_EM2015,1ª série,2ª série,3ª série,4ª série,Não-Seriado
2015,Rondônia,Total,Total,87.8,92.7,80.7,98.3,98.6,85.2,88.9,92.5,77.9,80.4,81.5,84.9,77.3,67.3,81.2,89.1,94.9,72.3,10.1,6.4,15.5,0.7,0.8,13.7,10.2,6.3,18.3,16.2,14.7,11.2,13.4,19.7,10.8,5.7,3.6,22.1,2.1,0.9,3.8,1,0.6,1.1,0.9,1.2,3.8,3.4,3.8,3.9,9.3,13,8,5.2,1.5,5.6
2015,Rondônia,Total,Pública,87.1,92.1,79.8,98.2,98.5,84.2,88.1,92,76.8,79.5,80.5,84.1,76,65.8,80,88.3,94.6,72.1,10.7,6.9,16.3,0.7,0.8,14.7,10.9,6.8,19.2,16.8,15.4,11.7,14,20.5,11.3,6.1,3.7,22.4,2.2,1,3.9,1.1,0.7,1.1,1,1.2,4,3.7,4.1,4.2,10,13.7,8.7,5.6,1.7,5.5
2015,Rondônia,Total,Federal,--,--,--,--,--,--,--,--,--,--,--,--,87.5,77.8,91.1,94.1,94.6,--,--,--,--,--,--,--,--,--,--,--,--,--,10.8,20.6,7.8,3.2,3.7,--,--,--,--,--,--,--,--,--,--,--,--,--,1.7,1.6,1.1,2.7,1.7,--
2015,Rondônia,Total,Estadual,84.4,92.8,79.2,98.4,98.7,86.3,90.2,93.3,77.3,78.8,79.2,82.3,75.3,65.2,79.5,88,--,72.1,12.9,6.2,17.1,0.5,0.7,12.5,8.9,5.7,19,17.7,17,13.6,14.2,20.5,11.5,6.2,--,22.4,2.7,1,3.7,1.1,0.6,1.2,0.9,1,3.7,3.5,3.8,4.1,10.5,14.3,9,5.8,--,5.5
2015,Rondônia,Total,Municipal,89.6,91.8,81.5,98.1,98.4,83.2,86.9,91,75.5,81.3,84.5,90.3,--,--,--,--,--,--,8.5,7.1,13.8,0.8,0.8,15.7,11.9,7.5,19.8,14.4,10.5,5.1,--,--,--,--,--,--,1.9,1.1,4.7,1.1,0.8,1.1,1.2,1.5,4.7,4.3,5,4.6,--,--,--,--,--,--
2015,Rondônia,Total,Particular,97.5,99.1,94.6,99.5,99.4,98.6,99,98.9,95.5,93.4,94.2,95.3,94.2,91.1,94.4,97.8,96.1,77.8,2.4,0.8,5.2,0.2,0.4,1.4,1,1,4.3,6.4,5.7,4.5,5.4,8.4,5,2,2.6,11.1,0.1,0.1,0.2,0.3,0.2,0,0,0.1,0.2,0.2,0.1,0.2,0.4,0.5,0.6,0.2,1.3,11.1
2015,Rondônia,Urbana,Total,87.9,93.4,80.1,98.5,98.8,86.3,89.8,93.6,77.7,79.8,80.3,83.9,76.7,66.5,80.7,88.7,94.8,80.4,10.3,5.9,16.7,0.7,0.8,12.9,9.4,5.5,19.1,17.2,16.5,12.6,14,20.5,11.4,6.1,3.7,14.1,1.8,0.7,3.2,0.8,0.4,0.8,0.8,0.9,3.2,3,3.2,3.5,9.3,13,7.9,5.2,1.5,5.5
2015,Rondônia,Urbana,Pública,87,92.8,78.8,98.4,98.7,85.1,88.9,93,76.3,78.7,79.1,82.8,75.4,65,79.6,87.9,94.8,80.5,11.1,6.5,17.7,0.8,0.8,14.1,10.3,6,20.2,18.1,17.5,13.4,14.5,21.2,11.8,6.5,3.7,14.2,1.9,0.7,3.5,0.8,0.5,0.8,0.8,1,3.5,3.2,3.4,3.8,10.1,13.8,8.6,5.6,1.5,5.3
2015,Rondônia,Urbana,Federal,--,--,--,--,--,--,--,--,--,--,--,--,87.6,77.4,90.7,94.4,94.8,--,--,--,--,--,--,--,--,--,--,--,--,--,10.7,21.1,8.3,2.8,3.7,--,--,--,--,--,--,--,--,--,--,--,--,--,1.7,1.5,1,2.8,1.5,--
2015,Rondônia,Urbana,Estadual,84.4,93.4,78.9,98.9,99,87.1,90.8,94.1,77.2,78.4,78.9,82.2,74.9,64.6,79.3,87.6,--,80.5,13.3,6.1,17.7,0.6,0.6,12.3,8.7,5.3,19.5,18.4,17.7,14,14.7,21.2,12,6.6,--,14.2,2.3,0.5,3.4,0.5,0.4,0.6,0.5,0.6,3.3,3.2,3.4,3.8,10.4,14.2,8.7,5.8,--,5.3
2015,Rondônia,Urbana,Municipal,90.7,92.4,77.8,98.2,98.5,83.8,87.5,92,70.5,80.5,80.3,90.5,--,--,--,--,--,--,8,6.7,17.9,0.8,0.9,15.2,11.5,6.7,24.6,16.1,15.2,5.4,--,--,--,--,--,--,1.3,0.9,4.3,1,0.6,1,1,1.3,4.9,3.4,4.5,4.1,--,--,--,--,--,--
2015,Rondônia,Urbana,Particular,97.6,99.1,94.7,99.5,99.4,98.6,98.9,99,95.6,93.4,94.3,95.7,93.6,90.6,93.5,97.8,--,77.8,2.3,0.7,5.1,0.2,0.5,1.4,1,0.9,4.2,6.5,5.6,4.2,6,9,5.9,2.2,--,11.1,0.1,0.2,0.2,0.3,0.1,0,0.1,0.1,0.2,0.1,0.1,0.1,0.4,0.4,0.6,0,--,11.1
2015,Rondônia,Rural,Total,87.5,90.2,83.1,97.6,97.9,81.6,85.8,88.9,78.8,82.4,85.3,88.6,84,76.7,87,93.9,95.1,45.9,9.3,8,11.3,0.6,0.8,16.3,12.4,8.9,15.7,12.3,8.7,6,7.1,10.8,4.4,1.4,3.3,48.1,3.2,1.8,5.6,1.8,1.3,2.1,1.8,2.2,5.5,5.3,6,5.4,8.9,12.5,8.6,4.7,1.6,6
2015,Rondônia,Rural,Pública,87.4,90.1,83,97.6,97.9,81.5,85.7,88.9,78.7,82.2,85.2,88.6,81.9,75.1,84.7,93.2,93.5,45.9,9.3,8,11.4,0.6,0.8,16.3,12.5,8.9,15.8,12.4,8.7,5.9,7.9,11.4,5,1.4,4.3,48.1,3.3,1.9,5.6,1.8,1.3,2.2,1.8,2.2,5.5,5.4,6.1,5.5,10.2,13.5,10.3,5.4,2.2,6
2015,Rondônia,Rural,Federal,--,--,--,--,--,--,--,--,--,--,--,--,87.4,78.7,92,93.6,93.5,--,--,--,--,--,--,--,--,--,--,--,--,--,10.9,19.7,6.9,3.9,4.3,--,--,--,--,--,--,--,--,--,--,--,--,--,1.7,1.6,1.1,2.5,2.2,--
2015,Rondônia,Rural,Estadual,84.7,88,81.9,95.1,96.3,79.9,84.6,86.1,78.8,83.6,82.2,84.3,80.4,74.2,83,93.1,--,45.9,9,7.7,10.1,0.1,1.1,14.5,11.3,9,12.9,9.3,9,8.3,7.1,9.2,4.6,0.6,--,48.1,6.3,4.3,8,4.8,2.6,5.6,4.1,4.9,8.3,7.1,8.8,7.4,12.5,16.6,12.4,6.3,--,6
2015,Rondônia,Rural,Municipal,88,90.5,83.4,97.9,98.2,81.8,85.9,89.3,78.6,81.8,86.3,90.2,--,--,--,--,--,--,9.4,8.1,11.8,0.6,0.7,16.6,12.7,8.9,16.7,13.5,8.6,5,--,--,--,--,--,--,2.6,1.4,4.8,1.5,1.1,1.6,1.4,1.8,4.7,4.7,5.1,4.8,--,--,--,--,--,--
2015,Rondônia,Rural,Particular,94.3,98.2,92,100,100,95.8,100,94.9,93.2,95.8,91.4,88.1,97.2,94.6,98.6,97.9,96.1,--,5.5,1.8,7.7,0,0,4.2,0,5.1,6.8,4.2,8.6,10.7,1.8,3.6,1.1,1,2.6,--,0.2,0,0.3,0,0,0,0,0,0,0,0,1.2,1,1.8,0.3,1.1,1.3,--
2015,Acre,Total,Total,90.3,90.3,90.2,97.8,83.6,87.9,90.9,93.3,89.7,90.4,91.1,89.8,79.5,71.6,84.9,85.7,96,90,7,7.8,5.7,0.4,14.5,10.3,7.4,4.8,6.4,5.2,5.7,5.4,10.9,15.4,9.1,6.1,1,0,2.7,1.9,4.1,1.8,1.9,1.8,1.7,1.9,3.9,4.4,3.2,4.8,9.6,13,6,8.2,3,10
2015,Acre,Total,Pública,89.9,89.9,89.9,97.8,83,87.4,90.6,92.9,89.4,90.1,90.8,89.5,78.6,70.7,84.2,85,96,90,7.3,8.1,5.9,0.4,15,10.6,7.6,5,6.7,5.3,5.8,5.5,11.3,15.8,9.4,6.3,1,0,2.8,2,4.2,1.8,2,2,1.8,2.1,3.9,4.6,3.4,5,10.1,13.5,6.4,8.7,3,10
2015,Acre,Total,Federal,78.1,92.1,68.3,100,96.3,93.1,78.1,96.4,60.3,67.7,72.2,72.9,76.3,63.6,88.8,97.5,95.5,--,21.6,7.9,31.2,0,3.7,6.9,21.9,3.6,39.7,32.3,25.9,27.1,15.7,23.1,11.2,1.2,1.1,--,0.3,0,0.5,0,0,0,0,0,0,0,1.9,0,8,13.3,0,1.3,3.4,--
2015,Acre,Total,Estadual,90.6,91,90.3,97.6,86.5,88.3,90.9,93,90.6,90.5,90.9,89.3,78.7,70.9,84.2,84.9,100,90,6.4,7.2,5.7,0.5,11.8,10,7.3,5,5.9,5.2,5.9,5.9,11.2,15.6,9.4,6.4,0,0,3,1.8,4,1.9,1.7,1.7,1.8,2,3.5,4.3,3.2,4.8,10.1,13.5,6.4,8.7,0,10
2015,Acre,Total,Municipal,88.9,89.1,87.8,97.9,80.3,86.7,90.3,92.9,83.3,87.7,90.5,91.1,--,--,--,--,--,--,8.5,8.9,6.1,0.3,17.4,11.2,7.9,5.1,10.2,5.9,4.7,2.2,--,--,--,--,--,--,2.6,2,6.1,1.8,2.3,2.1,1.8,2,6.5,6.4,4.8,6.7,--,--,--,--,--,--
2015,Acre,Total,Particular,98.7,99.3,97.7,99.4,99,99.2,99.1,99.9,98.6,98.1,97.1,96.9,96.7,95,96.2,99.1,--,--,1.2,0.5,2.3,0.2,0.8,0.8,0.9,0,1.4,1.9,2.9,3.1,3.2,5,3.8,0.5,--,--,0.1,0.2,0,0.4,0.2,0,0,0.1,0,0,0,0,0.1,0,0,0.4,--,--
2015,Acre,Urbana,Total,93,94,91.8,99.2,89.2,91.8,94.1,96.1,92.7,92.1,91.9,90.4,78.4,69.5,84.7,84.9,95.5,--,5.4,5.3,5.6,0.1,9.9,7.6,5.3,3.2,5.6,5.1,5.9,5.9,11.8,16.9,9.7,6.4,1.1,--,1.6,0.7,2.6,0.7,0.9,0.6,0.6,0.7,1.7,2.8,2.2,3.7,9.8,13.6,5.6,8.7,3.4,--
2015,Acre,Urbana,Pública,92.7,93.6,91.4,99.2,88.6,91.3,93.7,95.8,92.3,91.7,91.5,90,77.3,68.4,83.9,84.1,95.5,--,5.7,5.7,5.8,0.1,10.5,8,5.6,3.5,5.8,5.3,6.1,6,12.3,17.5,10.1,6.7,1.1,--,1.6,0.7,2.8,0.7,0.9,0.7,0.7,0.7,1.9,3,2.4,4,10.4,14.1,6,9.2,3.4,--
2015,Acre,Urbana,Federal,78.1,92.1,68.3,100,96.3,93.1,78.1,96.4,60.3,67.7,72.2,72.9,76.3,63.6,88.8,97.5,95.5,--,21.6,7.9,31.2,0,3.7,6.9,21.9,3.6,39.7,32.3,25.9,27.1,15.7,23.1,11.2,1.2,1.1,--,0.3,0,0.5,0,0,0,0,0,0,0,1.9,0,8,13.3,0,1.3,3.4,--
2015,Acre,Urbana,Estadual,93,94.7,91.7,99.3,90.5,92.6,94.7,97.1,93.3,92,91.6,89.8,77.3,68.5,83.8,83.9,--,--,5.1,4.7,5.5,0,8.7,6.8,4.7,2.4,5,5,6.1,6.2,12.2,17.3,10.1,6.8,--,--,1.9,0.6,2.8,0.7,0.8,0.6,0.6,0.5,1.7,3,2.3,4,10.5,14.2,6.1,9.3,--,--
2015,Acre,Urbana,Municipal,92.1,92.4,89,99,86.7,90,92.8,94.3,83.4,89,91.6,94.3,--,--,--,--,--,--,6.8,6.7,7.7,0.1,12.3,9.2,6.5,4.6,12.6,8.7,5.5,1.9,--,--,--,--,--,--,1.1,0.9,3.3,0.9,1,0.8,0.7,1.1,4,2.3,2.9,3.8,--,--,--,--,--,--
2015,Acre,Urbana,Particular,98.7,99.3,97.7,99.4,99,99.2,99.1,99.9,98.6,98.1,97.1,96.9,96.7,95,96.2,99.1,--,--,1.2,0.5,2.3,0.2,0.8,0.8,0.9,0,1.4,1.9,2.9,3.1,3.2,5,3.8,0.5,--,--,0.1,0.2,0,0.4,0.2,0,0,0.1,0,0,0,0,0.1,0,0,0.4,--,--
2015,Acre,Rural,Total,84.8,84,86.3,95,75.1,81.3,85.4,88.2,83.3,86,89,88.2,86.1,83.2,86.4,90.1,100,90,10.1,12.1,6,1,21.4,14.8,10.9,7.6,8.4,5.4,5,4.2,5.5,6.8,4.7,4.2,0,0,5.1,3.9,7.7,4,3.5,3.9,3.7,4.2,8.3,8.6,6,7.6,8.4,10,8.9,5.7,0,10
2015,Acre,Rural,Pública,84.8,84,86.3,95,75.1,81.3,85.4,88.2,83.3,86,89,88.2,86.1,83.2,86.4,90.1,100,90,10.1,12.1,6,1,21.4,14.8,10.9,7.6,8.4,5.4,5,4.2,5.5,6.8,4.7,4.2,0,0,5.1,3.9,7.7,4,3.5,3.9,3.7,4.2,8.3,8.6,6,7.6,8.4,10,8.9,5.7,0,10
2015,Acre,Rural,Estadual,84.2,82.6,85.9,92.8,78.3,78.5,82.5,84,83.4,85.4,88.6,87.7,86.1,83.2,86.4,90.1,100,90,9.7,12.8,6.3,1.8,18.2,17.1,12.9,10.6,8.2,5.9,5.4,5,5.5,6.8,4.7,4.2,0,0,6.1,4.6,7.8,5.4,3.5,4.4,4.6,5.4,8.4,8.7,6,7.3,8.4,10,8.9,5.7,0,10
2015,Acre,Rural,Municipal,85.3,84.8,87,96.2,73.4,82.8,87.1,90.9,83.3,87,89.9,89.3,--,--,--,--,--,--,10.5,11.7,5.2,0.6,23,13.6,9.7,5.6,8.8,4.4,4.2,2.3,--,--,--,--,--,--,4.2,3.5,7.8,3.2,3.6,3.6,3.2,3.5,7.9,8.6,5.9,8.4,--,--,--,--,--,--
2015,Amazonas,Total,Total,89.3,90.9,87.3,96.7,96.6,83.6,91.9,87.8,85.5,87.2,88,88.9,83,78.6,83.2,88.6,97.1,--,6.8,6.7,6.9,0.7,1,14.1,5.8,9.3,8.9,7,6,4.9,5.8,7.5,5.9,3.4,2.9,--,3.9,2.4,5.8,2.6,2.4,2.3,2.3,2.9,5.6,5.8,6,6.2,11.2,13.9,10.9,8,0,--
2015,Amazonas,Total,Pública,88.6,90.1,86.6,96.5,96.4,82.3,91.3,87,84.7,86.6,87.4,88.4,82.5,78.1,82.7,88.1,96.7,--,7.1,7.2,7.1,0.6,1.1,15.1,6.2,9.9,9.3,7.2,6.2,5,5.7,7.3,5.9,3.5,3.3,--,4.3,2.7,6.3,2.9,2.5,2.6,2.5,3.1,6,6.2,6.4,6.6,11.8,14.6,11.4,8.4,0,--
2015,Amazonas,Total,Federal,91.3,--,91.3,--,--,--,--,--,89.9,97.7,90.5,86.8,83,75.7,88.2,90.7,96.7,--,8.7,--,8.7,--,--,--,--,--,10.1,2.3,9.5,13.2,15.1,21.6,10.5,8.2,3.3,--,0,--,0,--,--,--,--,--,0,0,0,0,1.9,2.7,1.3,1.1,0,--
2015,Amazonas,Total,Estadual,91.1,95,88.9,98.7,98.7,89.1,98.7,92.4,89,88.9,89,88.8,82.5,78.2,82.5,88,--,--,5,3.9,5.6,0.3,0.3,9.6,0.4,6.4,6.4,5.6,5.5,4.8,5.5,6.9,5.8,3.4,--,--,3.9,1.1,5.5,1,1,1.3,0.9,1.2,4.6,5.5,5.5,6.4,12,14.9,11.7,8.6,--,--
2015,Amazonas,Total,Municipal,87.2,88.7,83.8,96.1,95.7,80.5,89,85.1,80.8,83.8,85,87.7,84.6,78.2,95.1,--,--,--,8.4,8.2,8.9,0.7,1.3,16.7,8.1,11.2,11.9,9.1,7.3,5.1,3.3,5.3,0,--,--,--,4.4,3.1,7.3,3.2,3,2.8,2.9,3.7,7.3,7.1,7.7,7.2,12.1,16.5,4.9,--,--,--
2015,Amazonas,Total,Particular,97.6,98.4,96.1,98.2,98.9,98.4,98.4,98.1,96.9,95.4,96.9,94.9,92.6,87.9,93.5,97.6,100,--,2.2,1.3,3.7,1.3,0.8,1.4,1.5,1.7,3,4.4,2.8,4.8,6.9,11.6,5.8,2.2,0,--,0.2,0.3,0.2,0.5,0.3,0.2,0.1,0.2,0.1,0.2,0.3,0.3,0.5,0.5,0.7,0.2,0,--
2015,Amazonas,Urbana,Total,91,93,88.4,98,98,85.5,94.1,91.6,87.7,88.2,88.8,89,82.8,78.7,82.9,88.3,97.1,--,6,5.5,6.7,0.4,0.6,13,4.6,6.8,8,6.9,6.1,5.3,6,7.7,6,3.5,2.9,--,3,1.5,4.9,1.6,1.4,1.5,1.3,1.6,4.3,4.9,5.1,5.7,11.2,13.6,11.1,8.2,0,--
2015,Amazonas,Urbana,Pública,90.2,92.3,87.6,97.9,97.8,83.9,93.6,90.9,86.8,87.5,88,88.5,82.2,78.1,82.2,87.7,96.7,--,6.4,6,6.9,0.2,0.6,14.4,5,7.4,8.5,7.2,6.5,5.3,5.9,7.5,6,3.6,3.3,--,3.4,1.7,5.5,1.9,1.6,1.7,1.4,1.7,4.7,5.3,5.5,6.2,11.9,14.4,11.8,8.7,0,--
2015,Amazonas,Urbana,Federal,91.3,--,91.3,--,--,--,--,--,89.9,97.7,90.5,86.8,83,75.7,88.2,90.7,96.7,--,8.7,--,8.7,--,--,--,--,--,10.1,2.3,9.5,13.2,15.1,21.6,10.5,8.2,3.3,--,0,--,0,--,--,--,--,--,0,0,0,0,1.9,2.7,1.3,1.1,0,--
2015,Amazonas,Urbana,Estadual,91.3,95.3,89,99,98.7,89.3,98.9,92.9,89.1,89,89,88.9,82.1,78.2,82.1,87.7,--,--,4.9,3.7,5.6,0.1,0.3,9.4,0.3,6.1,6.3,5.6,5.6,4.8,5.7,7,5.9,3.5,--,--,3.8,1,5.4,0.9,1,1.3,0.8,1,4.6,5.4,5.4,6.3,12.2,14.8,12,8.8,--,--
2015,Amazonas,Urbana,Municipal,89.3,91,84.9,97.6,97.5,81.7,91,89.7,83.3,84.6,85.8,87.3,84.6,78.2,95.1,--,--,--,7.8,7.1,9.8,0.2,0.6,16.5,7.2,8.1,11.6,10.3,8.7,6.6,3.3,5.3,0,--,--,--,2.9,1.9,5.3,2.2,1.9,1.8,1.8,2.2,5.1,5.1,5.5,6.1,12.1,16.5,4.9,--,--,--
2015,Amazonas,Urbana,Particular,97.6,98.4,96.2,98.2,98.9,98.4,98.3,98.1,97,95.5,97,94.9,92.6,88,93.5,97.6,100,--,2.1,1.3,3.6,1.3,0.8,1.3,1.5,1.7,2.9,4.3,2.7,4.8,6.9,11.6,5.8,2.2,0,--,0.3,0.3,0.2,0.5,0.3,0.3,0.2,0.2,0.1,0.2,0.3,0.3,0.5,0.4,0.7,0.2,0,--
2015,Amazonas,Rural,Total,84.4,85.1,83.3,93.2,93,78.6,86.2,78.3,78.6,83.6,85,88.3,84.3,78.3,85.1,90,--,--,9,9.9,7.6,1.5,2.3,16.9,9.2,15.8,11.8,7.3,5.4,3.6,4.8,6.3,5.1,2.8,--,--,6.6,5,9.1,5.3,4.7,4.5,4.6,5.9,9.6,9.1,9.6,8.1,10.9,15.4,9.8,7.2,--,--
2015,Amazonas,Rural,Pública,84.4,85.1,83.3,93.2,93,78.6,86.2,78.3,78.6,83.6,85,88.2,84.2,78.2,85,89.9,--,--,9,9.9,7.6,1.5,2.3,16.9,9.2,15.8,11.8,7.3,5.4,3.6,4.8,6.2,5.1,2.8,--,--,6.6,5,9.1,5.3,4.7,4.5,4.6,5.9,9.6,9.1,9.6,8.2,11,15.6,9.9,7.3,--,--
2015,Amazonas,Rural,Estadual,88.7,90.1,88.1,93,98.4,84.5,95.7,84.4,86.8,88,89,88.4,84.2,78.2,85,89.9,--,--,6.2,7.1,5.8,3.3,0.4,13.4,1.2,12.2,8.2,6.1,4.5,4.6,4.8,6.2,5.1,2.8,--,--,5.1,2.8,6.1,3.7,1.2,2.1,3.1,3.4,5,5.9,6.5,7,11,15.6,9.9,7.3,--,--
2015,Amazonas,Rural,Municipal,84,84.9,82.4,93.2,92.8,78.3,85.8,78,77.5,82.8,84.1,88.2,--,--,--,--,--,--,9.3,10,7.9,1.5,2.4,17,9.5,16,12.2,7.6,5.6,3.4,--,--,--,--,--,--,6.7,5.1,9.7,5.3,4.8,4.7,4.7,6,10.3,9.6,10.3,8.4,--,--,--,--,--,--
2015,Amazonas,Rural,Particular,89.8,95.1,85.2,91.7,88.2,93.3,100,100,75.9,78.3,85.7,95.2,91.9,85.2,94.5,97.8,--,--,10.2,4.9,14.8,8.3,11.8,6.7,0,0,24.1,21.7,14.3,4.8,7.5,13.1,5.5,2.2,--,--,0,0,0,0,0,0,0,0,0,0,0,0,0.6,1.7,0,0,--,--
2015,Roraima,Total,Total,89,93.3,83.3,98.4,92.6,93,91.6,91.5,82.6,83.8,83.6,83.1,81.2,72.8,84.4,90.7,90.2,95,8.1,5.6,11.4,0.6,6.2,6.2,7.3,7.1,13.6,11.5,10.2,9.9,9.6,14.6,7.3,4.2,7.4,4.2,2.9,1.1,5.3,1,1.2,0.8,1.1,1.4,3.8,4.7,6.2,7,9.2,12.6,8.3,5.1,2.4,0.8
2015,Roraima,Total,Pública,88.3,92.8,82.5,98.2,91.9,92.5,91,91.1,81.8,83,82.8,82.4,80.1,71.6,83.4,89.8,90.1,95,8.5,6,11.9,0.7,6.7,6.6,7.7,7.4,14.3,12,10.6,10.2,10.1,15,7.7,4.6,7.5,4.2,3.2,1.2,5.6,1.1,1.4,0.9,1.3,1.5,3.9,5,6.6,7.4,9.8,13.4,8.9,5.6,2.4,0.8
2015,Roraima,Total,Federal,96,95.2,96.5,100,100,100,76.9,100,96,100,96,94.1,89.3,78.3,91.1,91.2,86.7,95,4,4.8,3.5,0,0,0,23.1,0,4,0,4,5.9,9.8,21.3,8.9,6.7,11.7,4.2,0,0,0,0,0,0,0,0,0,0,0,0,0.9,0.4,0,2.1,1.6,0.8
2015,Roraima,Total,Estadual,84.5,91.6,82.6,97.5,96.6,96.6,89.9,85.2,82.4,83.1,82.8,82.2,79.5,71.4,83,89.7,94.6,--,10.6,6,11.7,0.4,1,1.3,7.7,12.3,13.7,11.8,10.7,10.4,10.1,14.8,7.6,4.5,2.2,--,4.9,2.4,5.7,2.1,2.4,2.1,2.4,2.5,3.9,5.1,6.5,7.4,10.4,13.8,9.4,5.8,3.2,--
2015,Roraima,Total,Municipal,92.4,93.1,76.8,98.3,90.8,91.9,91.4,93.3,72.1,76.3,80.5,86.2,88.2,83.3,90.9,--,--,--,6.4,6,15.9,0.8,8,7.4,7.7,5.6,22.4,16.5,9.4,4.9,5.9,16.7,0,--,--,--,1.2,0.9,7.3,0.9,1.2,0.7,0.9,1.1,5.5,7.2,10.1,8.9,5.9,0,9.1,--,--,--
2015,Roraima,Total,Particular,97.7,98.8,95.6,99.4,98.5,99,99,97.8,96.1,95.5,95.7,94.9,96,91.3,97.4,99.8,100,--,2.1,1,4.3,0,1.4,1,0.8,2.2,3.9,4.4,4.3,4.5,3.8,8.7,2.2,0,0,--,0.2,0.2,0.1,0.6,0.1,0,0.2,0,0,0.1,0,0.6,0.2,0,0.4,0.2,0,--
2015,Roraima,Urbana,Total,89.7,94.4,83.7,98.7,92.4,93.4,93.3,94.3,84.1,84.8,83.2,82.4,80.6,71.9,84.3,90.7,90.1,84.7,7.9,5,11.6,0.8,6.9,6.1,6.1,4.9,12.9,11.1,11,11.2,10.5,15.8,7.8,4.6,7.5,12.5,2.4,0.6,4.7,0.5,0.7,0.5,0.6,0.8,3,4.1,5.8,6.4,8.9,12.3,7.9,4.7,2.4,2.8
2015,Roraima,Urbana,Pública,88.7,93.8,82.6,98.5,91.2,92.8,92.7,93.9,83.1,83.9,82.1,81.4,79.1,70.4,83,89.6,90.1,84.7,8.6,5.6,12.3,0.9,7.9,6.7,6.7,5.2,13.7,11.7,11.7,11.8,11.1,16.4,8.4,5.2,7.5,12.5,2.7,0.6,5.1,0.6,0.9,0.5,0.6,0.9,3.2,4.4,6.2,6.8,9.8,13.2,8.6,5.2,2.4,2.8
2015,Roraima,Urbana,Federal,96,95.2,96.5,100,100,100,76.9,100,96,100,96,94.1,87.4,79.2,92.9,90.5,86.7,84.7,4,4.8,3.5,0,0,0,23.1,0,4,0,4,5.9,11.6,20.3,7.1,7.5,11.7,12.5,0,0,0,0,0,0,0,0,0,0,0,0,1,0.5,0,2,1.6,2.8
2015,Roraima,Urbana,Estadual,83.4,92.8,82.8,--,--,--,95.3,91.5,83.8,84,82.1,81.2,78.7,70.2,82.5,89.5,94.6,--,11.7,6,12.1,--,--,--,4.5,6.8,13,11.7,11.6,11.9,11.1,16.3,8.5,5,2.2,--,4.9,1.2,5.1,--,--,--,0.2,1.7,3.2,4.3,6.3,6.9,10.2,13.5,9,5.5,3.2,--
2015,Roraima,Urbana,Municipal,93.4,93.8,67.4,98.5,91.2,92.8,92.6,94.3,66.2,61,70.4,89.7,--,--,--,--,--,--,5.9,5.5,27.7,0.9,8,6.7,6.8,4.9,29.6,28.8,24.1,10.3,--,--,--,--,--,--,0.7,0.7,4.9,0.6,0.8,0.5,0.6,0.8,4.2,10.2,5.5,0,--,--,--,--,--,--
2015,Roraima,Urbana,Particular,97.7,98.8,95.6,99.4,98.5,99,99,97.8,96.1,95.5,95.7,94.9,96,91.3,97.3,100,--,--,2.1,1,4.3,0,1.4,1,0.8,2.2,3.9,4.4,4.3,4.5,3.9,8.7,2.3,0,--,--,0.2,0.2,0.1,0.6,0.1,0,0.2,0,0,0.1,0,0.6,0.1,0,0.4,0,--,--
2015,Roraima,Rural,Total,87.3,90.7,81.9,97.6,92.9,91.5,87.5,84.9,78.3,80.2,84.8,85.5,83.8,76.6,84.9,90.8,100,97.4,8.4,7,10.7,0.3,4.8,6.4,9.9,12.4,15.7,12.7,7.6,5.4,5.7,9,4.8,2.2,0,2.3,4.3,2.3,7.4,2.1,2.3,2.1,2.6,2.7,6,7.1,7.6,9.1,10.5,14.4,10.3,7,0,0.3
2015,Roraima,Rural,Pública,87.3,90.7,81.9,97.6,92.9,91.5,87.5,84.9,78.3,80.2,84.8,85.5,83.8,76.6,84.8,90.8,--,97.4,8.4,7,10.7,0.3,4.8,6.4,9.9,12.4,15.7,12.7,7.6,5.4,5.8,9.1,4.8,2.3,--,2.3,4.3,2.3,7.4,2.1,2.3,2.1,2.6,2.7,6,7.1,7.6,9.1,10.4,14.3,10.4,6.9,--,0.3
2015,Roraima,Rural,Federal,--,--,--,--,--,--,--,--,--,--,--,--,93,73.9,82,95,--,97.4,--,--,--,--,--,--,--,--,--,--,--,--,6.6,26.1,18,2.5,--,2.3,--,--,--,--,--,--,--,--,--,--,--,--,0.4,0,0,2.5,--,0.3
2015,Roraima,Rural,Estadual,86.4,91.4,82.1,97.5,96.6,96.6,88.4,81.3,78.5,80.2,85.1,85.5,82.6,76.7,84.9,90.6,--,--,8.5,6,10.7,0.4,1,1.3,8.7,15.7,15.7,12.5,7.8,5.5,5.7,8.5,4.3,2.2,--,--,5.1,2.6,7.2,2.1,2.4,2.1,2.9,3,5.8,7.3,7.1,9,11.7,14.8,10.8,7.2,--,--
2015,Roraima,Rural,Municipal,88.8,89.9,80.8,97.6,89.8,87.3,86.5,89.2,77.4,79.6,82.6,85.8,88.2,83.3,90.9,--,--,--,8.3,7.9,10.9,0.2,8.1,10.6,11.4,8.4,15.9,13.9,6.3,4.1,5.9,16.7,0,--,--,--,2.9,2.2,8.3,2.2,2.1,2.1,2.1,2.4,6.7,6.5,11.1,10.1,5.9,0,9.1,--,--,--
2015,Roraima,Rural,Particular,--,--,--,--,--,--,--,--,--,--,--,--,96.3,100,100,93.3,100,--,--,--,--,--,--,--,--,--,--,--,--,--,0,0,0,0,0,--,--,--,--,--,--,--,--,--,--,--,--,--,3.7,0,0,6.7,0,--
2015,Pará,Total,Total,83.5,86.1,79.6,96.4,95.6,80.2,80.8,81.4,74.6,78.5,83.3,84.4,72.9,68,75.6,76.2,81.9,76.8,12.1,11.1,13.7,0.8,2.3,17.4,16.1,15.1,18.2,14.7,9.9,9.7,10.3,12.5,8.2,9.8,13.2,2.7,4.4,2.8,6.7,2.8,2.1,2.4,3.1,3.5,7.2,6.8,6.8,5.9,16.8,19.5,16.2,14,4.9,20.5
2015,Pará,Total,Pública,82.2,85,78.1,96.2,95.3,78.7,79.4,80.1,73,77,82,83.1,70.4,65.5,73.4,73.5,84.3,81.3,13,11.9,14.6,0.8,2.4,18.6,17.2,16.1,19.3,15.7,10.6,10.3,11,13.2,8.7,10.7,13.5,3.8,4.8,3.1,7.3,3,2.3,2.7,3.4,3.8,7.7,7.3,7.4,6.6,18.6,21.3,17.9,15.8,2.2,14.9
2015,Pará,Total,Federal,92.9,97.5,90.1,98.2,98.2,94.2,99.4,97.1,92,93.3,91.5,84.2,78.7,71.7,87,85.5,76.4,78.6,7.1,2.3,9.9,1.8,1.8,5,0.6,2.9,8,6.7,8.5,15.8,12,12.3,5.5,6.5,21,17,0,0.2,0,0,0,0.8,0,0,0,0,0,0,9.3,16,7.5,8,2.6,4.4
2015,Pará,Total,Estadual,76.7,84.9,73.1,93,95.1,71.6,94.1,79.4,68.9,71.6,77.6,74.6,70.4,65.5,73.3,73.4,94.5,81.8,15.6,10.3,18,0.4,0.6,24.1,1.9,15.6,21.8,19.8,13,17.3,11,13.1,8.8,10.8,3.8,1.7,7.7,4.8,8.9,6.6,4.3,4.3,4,5,9.3,8.6,9.4,8.1,18.6,21.4,17.9,15.8,1.7,16.5
2015,Pará,Total,Municipal,83.2,85,79.8,96.4,95.3,79.4,78.2,80.1,74.2,78.8,83.9,86.6,81.3,67.8,90,93.3,--,--,12.5,12.1,13.4,0.8,2.6,18.1,18.5,16.2,18.5,14.3,9.5,7.4,17.9,30.5,10,6.7,--,--,4.3,2.9,6.8,2.8,2.1,2.5,3.3,3.7,7.3,6.9,6.6,6,0.8,1.7,0,0,--,--
2015,Pará,Total,Particular,96.9,97.9,95.5,98.3,98.3,97.5,97.7,97.7,94.9,95.4,96.3,95.6,94.9,93.3,96.4,97.2,52.5,65.8,2.7,1.7,4.1,1,1.3,2.2,2.1,2.2,4.8,4.2,3.4,4,3.6,5.7,2.9,2.2,10,0,0.4,0.4,0.4,0.7,0.4,0.3,0.2,0.1,0.3,0.4,0.3,0.4,1.5,1,0.7,0.6,37.5,34.2
2015,Pará,Urbana,Total,85,89,79.9,97,95.9,82.3,86.4,85.9,75.5,78.4,83.6,83.9,73,68.1,75.7,76.3,81.9,76.4,11.2,8.8,14.2,0.7,2.5,15.6,11.4,11.6,18.2,15.7,10.5,10.9,10.3,12.6,8.2,9.9,13.2,1.2,3.8,2.2,5.9,2.3,1.6,2.1,2.2,2.5,6.3,5.9,5.9,5.2,16.7,19.3,16.1,13.8,4.9,22.4
2015,Pará,Urbana,Pública,83.3,87.6,77.7,96.7,95.5,80.2,84.8,84.3,73.1,76.1,81.8,81.9,70.4,65.4,73.4,73.4,84.3,81.5,12.4,9.9,15.6,0.6,2.7,17.5,12.7,12.9,19.8,17.2,11.5,12,11.1,13.4,8.8,10.9,13.5,1.8,4.3,2.5,6.7,2.7,1.8,2.3,2.5,2.8,7.1,6.7,6.7,6.1,18.5,21.2,17.8,15.7,2.2,16.7
2015,Pará,Urbana,Federal,92.9,97.5,90.1,98.2,98.2,94.2,99.4,97.1,92,93.3,91.5,84.2,78.7,71.7,87,85.5,76.4,--,7.1,2.3,9.9,1.8,1.8,5,0.6,2.9,8,6.7,8.5,15.8,11.6,12.3,5.5,6.5,21,--,0,0.2,0,0,0,0.8,0,0,0,0,0,0,9.7,16,7.5,8,2.6,--
2015,Pará,Urbana,Estadual,76.5,85.1,72.4,92.9,95.1,71.7,94.4,79.7,67.9,70.6,77.4,73.9,70.3,65.3,73.3,73.3,94.5,81.5,15.9,10.2,18.7,0.4,0.6,23.9,1.8,15.4,22.7,20.6,13.2,18.1,11.1,13.4,8.8,10.9,3.8,1.8,7.6,4.7,8.9,6.7,4.3,4.4,3.8,4.9,9.4,8.8,9.4,8,18.6,21.3,17.9,15.8,1.7,16.7
2015,Pará,Urbana,Municipal,85.2,88,80.4,97.1,95.5,81.5,83.4,85.1,75.3,78.8,84.5,86.6,79,67.8,90,90,--,--,11.4,9.9,14,0.6,2.9,16.5,14.3,12.4,18.6,15.6,10.4,8.5,20.2,30.5,10,10,--,--,3.4,2.1,5.6,2.3,1.6,2,2.3,2.5,6.1,5.6,5.1,4.9,0.8,1.7,0,0,--,--
2015,Pará,Urbana,Particular,97.1,98.1,95.6,98.3,98.3,97.9,98.1,97.9,95,95.5,96.3,95.7,95.1,93.8,96.7,97.1,52.5,65.8,2.6,1.5,4.1,1,1.3,1.8,1.7,2,4.6,4.2,3.4,3.9,3.7,5.7,3,2.2,10,0,0.3,0.4,0.3,0.7,0.4,0.3,0.2,0.1,0.4,0.3,0.3,0.4,1.2,0.5,0.3,0.7,37.5,34.2
2015,Pará,Rural,Total,80.5,81.3,78.9,95.4,95.1,76.6,72.2,74.1,72.7,78.9,82.4,85.8,71.6,67.5,73.4,75,--,80.4,14,14.8,12.4,1.1,2.1,20.2,23.3,20.7,18.2,12.5,8.5,6.4,9.2,10.4,7.9,8.9,--,14,5.5,3.9,8.7,3.5,2.8,3.2,4.5,5.2,9.1,8.6,9.1,7.8,19.2,22.1,18.7,16.1,--,5.6
2015,Pará,Rural,Pública,80.4,81.3,78.8,95.3,95.1,76.6,72.2,74.1,72.7,78.8,82.3,85.8,71.3,67.2,73,74.6,--,80.4,14,14.8,12.4,1.1,2.1,20.2,23.3,20.8,18.2,12.5,8.5,6.4,9.4,10.6,8.1,9,--,14,5.6,3.9,8.8,3.6,2.8,3.2,4.5,5.1,9.1,8.7,9.2,7.8,19.3,22.2,18.9,16.4,--,5.6
2015,Pará,Rural,Federal,--,--,--,--,--,--,--,--,--,--,--,--,78.6,--,--,--,--,78.6,--,--,--,--,--,--,--,--,--,--,--,--,17,--,--,--,--,17,--,--,--,--,--,--,--,--,--,--,--,--,4.4,--,--,--,--,4.4
2015,Pará,Rural,Estadual,78.7,80.7,78.3,95,93.9,69.5,88.8,74.2,76,78.5,79.2,79.9,71.2,67.2,73,74.6,--,89.4,13.2,13.2,13.2,0,1.1,26.3,4,18.6,15.6,13.8,11,12,9.3,10.6,8.1,9,--,0,8.1,6.1,8.5,5,5,4.2,7.2,7.2,8.4,7.7,9.8,8.1,19.5,22.2,18.9,16.4,--,10.6
2015,Pará,Rural,Municipal,80.5,81.3,78.9,95.3,95.1,76.7,72,74.1,72.4,78.9,82.8,86.6,100,--,--,100,--,--,14,14.8,12.3,1.1,2.1,20.1,23.5,20.8,18.4,12.3,8.1,5.7,0,--,--,0,--,--,5.5,3.9,8.8,3.6,2.8,3.2,4.5,5.1,9.2,8.8,9.1,7.7,0,--,--,0,--,--
2015,Pará,Rural,Particular,85.5,85.2,86.1,99.5,96.8,75.1,71.4,84.2,77.5,88.1,93.6,87.8,82.8,76.2,85.6,99.1,--,--,13.1,13.2,12.8,0,2.8,23.4,26.6,12.5,21.7,10.9,5.3,11,2.8,4.9,0.8,0,--,--,1.4,1.6,1.1,0.5,0.4,1.5,2,3.3,0.8,1,1.1,1.2,14.4,18.9,13.6,0.9,--,--
2015,Amapá,Total,Total,85.7,88.7,81.4,96.4,97.5,82.5,84.4,84.9,75.7,80.7,84.5,86.5,75.7,68.8,79.7,82.1,90,92.5,11.4,9.5,14.2,1.3,1.2,16.1,14,12.7,19.9,15,11.5,8.6,13.6,17.9,11.3,9.4,5.3,1.5,2.9,1.8,4.4,2.3,1.3,1.4,1.6,2.4,4.4,4.3,4,4.9,10.7,13.3,9,8.5,4.7,6
2015,Amapá,Total,Pública,84.5,87.7,79.9,96.1,97.3,81.1,83.2,83.7,73.8,79.2,83.2,85.2,73.8,66.6,78.1,80.3,90,--,12.4,10.3,15.3,1.5,1.3,17.3,15.1,13.7,21.5,16.1,12.4,9.4,14.6,19.1,12.1,10.3,5.3,--,3.1,2,4.8,2.4,1.4,1.6,1.7,2.6,4.7,4.7,4.4,5.4,11.6,14.3,9.8,9.4,4.7,--
2015,Amapá,Total,Federal,--,--,--,--,--,--,--,--,--,--,--,--,87.8,79.9,90.5,93,91.2,--,--,--,--,--,--,--,--,--,--,--,--,--,11.1,19.5,8.8,6.2,5.5,--,--,--,--,--,--,--,--,--,--,--,--,--,1.1,0.6,0.7,0.8,3.3,--
2015,Amapá,Total,Estadual,82.2,86.2,80,96.8,98.1,79.4,81.6,84.7,74.2,79.3,83.1,85.1,73.3,66.3,77.7,79.9,89.3,--,14.1,11.9,15.2,1.7,1.1,19,16.7,12.6,21.2,16,12.5,9.5,14.7,19.1,12.2,10.4,5.2,--,3.7,1.9,4.8,1.5,0.8,1.6,1.7,2.7,4.6,4.7,4.4,5.4,12,14.6,10.1,9.7,5.5,--
2015,Amapá,Total,Municipal,88,88.6,78.1,95.8,97,82.1,84.3,82.7,68.8,79,85.8,88.3,--,--,--,--,--,--,9.8,9.4,16.7,1.4,1.4,16.3,13.9,14.9,24.8,17.4,9.6,5.8,--,--,--,--,--,--,2.2,2,5.2,2.8,1.6,1.6,1.8,2.4,6.4,3.6,4.6,5.9,--,--,--,--,--,--
2015,Amapá,Total,Particular,98.7,99.2,97.9,99.6,99.7,98.3,98.8,99.3,98.2,97.8,97.1,98.5,97.3,96.1,97.4,99.1,--,92.5,1.1,0.7,1.7,0.1,0,1.6,1.2,0.7,1.3,2,2.4,1,2.1,3.1,2.2,0.7,--,1.5,0.2,0.1,0.4,0.3,0.3,0.1,0,0,0.5,0.2,0.5,0.5,0.6,0.8,0.4,0.2,--,6
2015,Amapá,Urbana,Total,86.3,89.7,81.7,96.5,97.7,83.6,86.6,86.2,75.7,80.8,85.1,86.9,75.7,68.7,79.9,82.1,90,--,11.1,8.7,14.4,1.3,1.1,15,12,11.9,20.1,15.6,11.6,8.6,14.2,18.4,11.8,10,5.3,--,2.6,1.6,3.9,2.2,1.2,1.4,1.4,1.9,4.2,3.6,3.3,4.5,10.1,12.9,8.3,7.9,4.7,--
2015,Amapá,Urbana,Pública,84.9,88.6,79.9,96.1,97.4,82,85.1,84.8,73.4,79,83.7,85.4,73.6,66.2,78.3,80.1,90,--,12.3,9.6,15.8,1.5,1.3,16.5,13.2,13.2,21.9,17.1,12.7,9.5,15.3,19.8,12.7,11.1,5.3,--,2.8,1.8,4.3,2.4,1.3,1.5,1.7,2,4.7,3.9,3.6,5.1,11.1,14,9,8.8,4.7,--
2015,Amapá,Urbana,Federal,--,--,--,--,--,--,--,--,--,--,--,--,87.8,79.9,90.5,93,91.2,--,--,--,--,--,--,--,--,--,--,--,--,--,11.1,19.5,8.8,6.2,5.5,--,--,--,--,--,--,--,--,--,--,--,--,--,1.1,0.6,0.7,0.8,3.3,--
2015,Amapá,Urbana,Estadual,82.2,87.2,79.9,96.6,98.8,80.2,83.7,86,73.6,79,83.5,85.3,73.1,65.9,77.9,79.7,89.3,--,14.4,11.3,15.7,1.9,0.8,18.6,14.7,12.1,21.8,17,12.8,9.7,15.4,19.8,12.8,11.3,5.2,--,3.4,1.5,4.4,1.5,0.4,1.2,1.6,1.9,4.6,4,3.7,5,11.5,14.3,9.3,9,5.5,--
2015,Amapá,Urbana,Municipal,88.6,89.2,79.1,95.9,97.1,82.7,85.9,83.7,70.6,78.9,87.4,90.1,--,--,--,--,--,--,9.3,8.9,17.2,1.4,1.4,15.6,12.5,14.2,24.2,18.8,10.3,5.4,--,--,--,--,--,--,2.1,1.9,3.7,2.7,1.5,1.7,1.6,2.1,5.2,2.3,2.3,4.5,--,--,--,--,--,--
2015,Amapá,Urbana,Particular,98.9,99.2,98.4,99.6,99.7,98.3,98.8,99.3,99,98.4,97.5,98.7,97.7,96.6,97.6,99.4,--,--,1,0.7,1.5,0.1,0,1.6,1.2,0.7,1,1.6,2.4,1.1,2.2,3.3,2.4,0.6,--,--,0.1,0.1,0.1,0.3,0.3,0.1,0,0,0,0,0.1,0.2,0.1,0.1,0,0,--,--
2015,Amapá,Rural,Total,83.2,84.9,80.1,96.2,96.7,78.5,77.4,80.2,75.8,80.2,81.4,84.4,75.9,70.3,78,81.9,--,92.5,12.8,12.6,13.2,1.3,1.5,19.8,20.5,15.5,19.2,12.3,10.9,8.5,8.9,13.1,7.4,3.9,--,1.5,4,2.5,6.7,2.5,1.8,1.7,2.1,4.3,5,7.5,7.7,7.1,15.2,16.6,14.6,14.2,--,6
2015,Amapá,Rural,Pública,83.1,84.9,79.9,96.2,96.7,78.5,77.4,80.2,75.6,80.1,81.2,84.1,74.8,69.6,76.8,81.5,--,--,12.9,12.6,13.3,1.3,1.5,19.8,20.5,15.5,19.5,12.4,11.2,8.7,9.4,13.6,7.9,4,--,--,4,2.5,6.8,2.5,1.8,1.7,2.1,4.3,4.9,7.5,7.6,7.2,15.8,16.8,15.3,14.5,--,--
2015,Amapá,Rural,Estadual,82.3,84.5,80.2,97,97.1,78.2,77.8,81.6,76.6,80.1,81.2,84.3,74.8,69.6,76.8,81.5,--,--,13.2,13.1,13.3,1.4,1.6,19.6,20.3,14,18.9,12.5,11.4,8.7,9.4,13.6,7.9,4,--,--,4.5,2.4,6.5,1.6,1.3,2.2,1.9,4.4,4.5,7.4,7.4,7,15.8,16.8,15.3,14.5,--,--
2015,Amapá,Rural,Municipal,84.8,85.5,73.6,95.5,96.3,78.9,76.8,78.1,59.5,79.5,80.2,81.7,--,--,--,--,--,--,12.1,11.9,14.7,1.2,1.4,20.1,20.7,18,27.8,9.8,7.2,7.5,--,--,--,--,--,--,3.1,2.6,11.7,3.3,2.3,1,2.5,3.9,12.7,10.7,12.6,10.8,--,--,--,--,--,--
2015,Amapá,Rural,Particular,88.5,--,88.5,--,--,--,--,--,84.1,86.8,90.7,93.8,92.4,89.2,95.2,92.1,--,92.5,4.6,--,4.6,--,--,--,--,--,6.3,9.4,1.9,0,1.1,1.4,0,2.6,--,1.5,6.9,--,6.9,--,--,--,--,--,9.6,3.8,7.4,6.2,6.5,9.4,4.8,5.3,--,6
2015,Tocantins,Total,Total,89.4,93.4,84.3,98.9,99,90.6,87.6,91.6,82.4,83.4,84.7,87.3,80.5,72.6,82.6,89.8,87.9,85,8.9,5.9,12.8,0.4,0.4,8.9,11.7,7.6,15,13.8,12.2,9.3,11.8,17.2,10.4,5.4,8.6,6,1.7,0.7,2.9,0.7,0.6,0.5,0.7,0.8,2.6,2.8,3.1,3.4,7.7,10.2,7,4.8,3.5,9
2015,Tocantins,Total,Pública,88.7,92.9,83.6,98.9,99.1,89.9,86.6,91,81.5,82.7,84.1,86.8,79.8,71.7,82,89.5,87.9,85,9.5,6.4,13.3,0.4,0.3,9.6,12.5,8.1,15.8,14.3,12.6,9.5,12,17.5,10.5,5.6,8.6,6,1.8,0.7,3.1,0.7,0.6,0.5,0.9,0.9,2.7,3,3.3,3.7,8.2,10.8,7.5,4.9,3.5,9
2015,Tocantins,Total,Federal,--,--,--,--,--,--,--,--,--,--,--,--,86.4,81.1,91.7,90.6,85.6,--,--,--,--,--,--,--,--,--,--,--,--,--,11.2,15,7.4,8.3,12.3,--,--,--,--,--,--,--,--,--,--,--,--,--,2.4,3.9,0.9,1.1,2.1,--
2015,Tocantins,Total,Estadual,83.4,88.5,81.9,87.1,96.3,89.7,85.8,88.9,80.6,80.9,81.8,84.5,79.6,71.2,81.6,89.4,89.8,85,13.5,9.9,14.7,1.5,1.1,9.4,13.2,9.8,16.4,15.9,14.4,11.3,12.1,17.7,10.7,5.5,5.7,6,3.1,1.6,3.4,11.4,2.6,0.9,1,1.3,3,3.2,3.8,4.2,8.3,11.1,7.7,5.1,4.5,9
2015,Tocantins,Total,Municipal,92.7,93.8,88.4,99.3,99.3,90,87,92,83.7,87.4,90.8,94.8,91.7,84.4,95.7,100,--,--,6.4,5.6,9.5,0.4,0.3,9.7,12.3,7.2,14.2,10.2,7.2,3.3,5.6,12.5,0,0,--,--,0.9,0.6,2.1,0.3,0.4,0.3,0.7,0.8,2.1,2.4,2,1.9,2.7,3.1,4.3,0,--,--
2015,Tocantins,Total,Particular,96.9,98.3,94.2,98.8,98.2,97.9,98.2,98.2,95.8,93.5,93.7,93.4,90.9,87.3,91.7,94.7,--,--,2.8,1.3,5.7,0.6,0.9,1.9,1.7,1.8,4.1,6.3,6.1,6.6,8.2,12.2,8,3.1,--,--,0.3,0.4,0.1,0.6,0.9,0.2,0.1,0,0.1,0.2,0.2,0,0.9,0.5,0.3,2.2,--,--
2015,Tocantins,Urbana,Total,89.6,93.9,84.4,99.2,99.2,90.9,88.3,92.3,82.9,83.5,84.5,87,80.2,72.2,82.3,89.8,86.7,91.8,9,5.7,13.1,0.4,0.3,8.8,11.2,7.2,14.9,14.1,12.7,9.8,12.1,17.6,10.7,5.5,9.8,1.6,1.4,0.4,2.5,0.4,0.5,0.3,0.5,0.5,2.2,2.4,2.8,3.2,7.7,10.2,7,4.7,3.5,6.6
2015,Tocantins,Urbana,Pública,88.9,93.3,83.6,99.3,99.4,90.1,87.3,91.7,81.9,82.8,83.9,86.5,79.6,71.3,81.6,89.5,86.7,91.8,9.6,6.3,13.6,0.4,0.2,9.6,12.2,7.7,15.7,14.7,13.2,10.1,12.3,17.9,10.9,5.7,9.8,1.6,1.5,0.4,2.8,0.3,0.4,0.3,0.5,0.6,2.4,2.5,2.9,3.4,8.1,10.8,7.5,4.8,3.5,6.6
2015,Tocantins,Urbana,Federal,--,--,--,--,--,--,--,--,--,--,--,--,86.6,82.2,92.4,88.1,85.6,--,--,--,--,--,--,--,--,--,--,--,--,--,11,13.4,7.4,10.3,12.3,--,--,--,--,--,--,--,--,--,--,--,--,--,2.4,4.4,0.2,1.6,2.1,--
2015,Tocantins,Urbana,Estadual,83.6,89.2,82.1,93.1,98.8,89.6,86.6,90,80.9,81.2,81.9,84.6,79.4,71,81.4,89.5,87.9,91.8,13.9,10.4,14.9,6.9,0.8,10.3,13,9.5,16.6,16.1,14.7,11.5,12.4,18,10.9,5.6,7.4,1.6,2.5,0.4,3,0,0.4,0.1,0.4,0.5,2.5,2.7,3.4,3.9,8.2,11,7.7,4.9,4.7,6.6
2015,Tocantins,Urbana,Municipal,93.3,94.2,89.2,99.3,99.4,90.3,87.5,92.7,85,88.1,91.5,95.4,--,--,--,--,--,--,6,5.3,9.2,0.4,0.2,9.4,11.8,6.8,13.2,9.9,7.1,3.3,--,--,--,--,--,--,0.7,0.5,1.6,0.3,0.4,0.3,0.7,0.5,1.8,2,1.4,1.3,--,--,--,--,--,--
2015,Tocantins,Urbana,Particular,96.9,98.3,94.3,98.8,98.2,97.8,98.2,98.3,95.9,93.9,93.8,93.3,90.6,87.2,91.4,94.3,--,--,2.7,1.3,5.6,0.6,1,1.9,1.7,1.7,4,5.9,6.1,6.7,8.4,12.3,8.3,3.3,--,--,0.4,0.4,0.1,0.6,0.8,0.3,0.1,0,0.1,0.2,0.1,0,1,0.5,0.3,2.4,--,--
2015,Tocantins,Rural,Total,88,90.7,83.6,96.8,97.7,89.2,83.7,87.6,78.6,82.4,85.9,89.2,84.6,78.4,87.1,90.2,96.3,74.4,8.6,7.1,10.9,0.4,0.7,9.5,14.2,9.6,15.9,12.1,8.4,5.5,7.5,11.6,5.7,3.8,0,12.8,3.4,2.2,5.5,2.8,1.6,1.3,2.1,2.8,5.5,5.5,5.7,5.3,7.9,10,7.2,6,3.7,12.8
2015,Tocantins,Rural,Pública,87.9,90.6,83.4,96.8,97.7,89,83.4,87.4,78.3,82.4,85.7,89,83.9,77.7,86.5,89.5,96.3,74.4,8.6,7.2,11,0.4,0.7,9.7,14.4,9.8,16,12,8.5,5.5,7.6,11.6,5.8,4.1,0,12.8,3.5,2.2,5.6,2.8,1.6,1.3,2.2,2.8,5.7,5.6,5.8,5.5,8.5,10.7,7.7,6.4,3.7,12.8
2015,Tocantins,Rural,Federal,--,--,--,--,--,--,--,--,--,--,--,--,86.2,78.8,90.4,95.7,--,--,--,--,--,--,--,--,--,--,--,--,--,--,11.6,17.9,7.4,4.3,--,--,--,--,--,--,--,--,--,--,--,--,--,--,2.2,3.3,2.2,0,--,--
2015,Tocantins,Rural,Estadual,81.7,85.2,78.9,86,93.3,90.7,79.8,80.3,75.5,77.5,80.4,83.3,83.2,77.2,85.5,88,96.3,74.4,9.9,7.2,12,0.4,1.5,3.7,14.4,12,14.7,13.9,10.4,8.1,6.7,9.6,5.6,4.2,0,12.8,8.4,7.6,9.1,13.6,5.2,5.6,5.8,7.7,9.8,8.6,9.2,8.6,10.1,13.2,8.9,7.8,3.7,12.8
2015,Tocantins,Rural,Municipal,90.2,91.9,86.3,99,98.6,88.6,84.3,89.5,80,85.6,89.3,93.4,91.7,84.4,95.7,100,--,--,8.2,7.2,10.3,0.4,0.5,11,14.4,9.1,16.8,10.8,7.2,3.5,5.6,12.5,0,0,--,--,1.6,0.9,3.4,0.6,0.9,0.4,1.3,1.4,3.2,3.6,3.5,3.1,2.7,3.1,4.3,0,--,--
2015,Tocantins,Rural,Particular,95.3,99,91.6,100,100,100,98.6,97.4,92.4,84.9,93.3,94.7,94.7,88.8,97.1,100,--,--,4.7,1,8.4,0,0,0,1.4,2.6,7.6,15.1,6.7,5.3,5.3,11.2,2.9,0,--,--,0,0,0,0,0,0,0,0,0,0,0,0,0,0,0,0,--,--
2015,Maranhão,Total,Total,88.8,92.2,84.3,97.6,97.1,90.5,88.9,88.4,81.2,82.7,85.6,88.9,80.7,74.5,81.5,88.7,92.8,89.2,8.2,6,11.1,0.7,1.5,8,9.3,9.5,14.4,12.6,9.7,6.5,11.1,15.2,10.7,5.6,2.1,5.3,3,1.8,4.6,1.7,1.4,1.5,1.8,2.1,4.4,4.7,4.7,4.6,8.2,10.3,7.8,5.7,5.1,5.5
2015,Maranhão,Total,Pública,87.9,91.5,83.4,97.5,96.9,89.6,88,87.4,80,81.7,84.8,88.3,79.7,73.5,80.6,88,90.1,89.2,8.9,6.6,11.6,0.7,1.5,8.7,10.1,10.2,15.2,13.2,10.2,6.6,11.6,15.7,11.1,5.9,3.6,5.2,3.2,1.9,5,1.8,1.6,1.7,1.9,2.4,4.8,5.1,5,5.1,8.7,10.8,8.3,6.1,6.3,5.6
2015,Maranhão,Total,Federal,96,98.1,95.3,100,100,100,100,96.8,92.4,97.4,95.1,96.2,90.1,87.6,89,90.8,--,94.9,3.8,1,4.7,0,0,0,0,1.6,7.6,2.6,4.9,3.8,7,8.8,7.3,7.1,--,3.8,0.2,0.9,0,0,0,0,0,1.6,0,0,0,0,2.9,3.6,3.7,2.1,--,1.3
2015,Maranhão,Total,Estadual,82.8,83.1,82.6,79.3,80.6,82.5,84.6,85,77.8,80.6,84.1,86.3,79.4,73.2,80.4,87.9,87.8,62.6,11.4,11,11.5,11.7,11.5,12.6,10.4,9.9,12.2,13.3,11.2,10,11.8,16,11.2,5.9,6.3,12.5,5.8,5.9,5.9,9,7.9,4.9,5,5.1,10,6.1,4.7,3.7,8.8,10.8,8.4,6.2,5.9,24.9
2015,Maranhão,Total,Municipal,88.2,91.7,83.5,97.8,97.2,89.8,88.1,87.5,80.2,81.8,84.9,88.6,84.2,76.9,85.1,91.5,92.9,79.2,8.7,6.5,11.7,0.5,1.3,8.6,10.1,10.2,15.4,13.2,10.1,6.2,3.7,6,3.8,1.4,0.5,0,3.1,1.8,4.8,1.7,1.5,1.6,1.8,2.3,4.4,5,5,5.2,12.1,17.1,11.1,7.1,6.6,20.8
2015,Maranhão,Total,Particular,96.9,97.9,94.9,98.3,98.3,97.6,97.6,97.7,94.8,94.7,95.5,94.7,93.8,90.2,94.5,97.3,96.3,88.9,2.5,1.4,4.6,0.7,1,1.8,1.9,2,4.7,4.9,4.1,4.7,4.7,7.6,4.4,1.6,0,11.1,0.6,0.7,0.5,1,0.7,0.6,0.5,0.3,0.5,0.4,0.4,0.6,1.5,2.2,1.1,1.1,3.7,0
2015,Maranhão,Urbana,Total,89.2,92.9,84.7,98,97.3,90.7,90,89.5,82.5,82.7,85.8,88.8,80.7,74.4,81.6,88.9,93.3,89.8,8.1,5.5,11.2,0.5,1.3,7.9,8.4,8.5,13.8,13,10.2,7.1,11.4,15.7,10.9,5.7,2.2,5.4,2.7,1.6,4.1,1.5,1.4,1.4,1.6,2,3.7,4.3,4,4.1,7.9,9.9,7.5,5.4,4.5,4.8
2015,Maranhão,Urbana,Pública,87.8,91.7,83.4,97.9,97.1,89.2,88.5,88.1,80.8,81.1,84.5,88,79.6,73.2,80.5,88.1,89.9,89.8,9.1,6.5,12.1,0.4,1.4,9.2,9.6,9.7,15.1,14.1,11,7.4,11.9,16.2,11.4,6,4.1,5.4,3.1,1.8,4.5,1.7,1.5,1.6,1.9,2.2,4.1,4.8,4.5,4.6,8.5,10.6,8.1,5.9,6,4.8
2015,Maranhão,Urbana,Federal,96.5,98,96.3,--,--,--,--,98,90.8,98.5,98.5,97.1,91,89.8,88.8,89.9,--,94.9,3.1,0,3.7,--,--,--,--,0,9.2,1.5,1.5,2.9,6.3,6.9,7.7,7.4,--,3.8,0.4,2,0,--,--,--,--,2,0,0,0,0,2.7,3.3,3.5,2.7,--,1.3
2015,Maranhão,Urbana,Estadual,86.4,89.9,85.7,98.1,95.4,88.8,89.5,90.1,85.3,83.6,85.7,87.3,79.3,72.9,80.3,88.1,87.8,59,11.5,8.5,12.2,0,1.4,9.7,8.7,8.5,13.3,14.4,11.8,10.4,12.1,16.5,11.5,6,6.3,15.2,2.1,1.6,2.1,1.9,3.2,1.5,1.8,1.4,1.4,2,2.5,2.3,8.6,10.6,8.2,5.9,5.9,25.8
2015,Maranhão,Urbana,Municipal,87.8,91.8,83.1,97.9,97.1,89.2,88.5,88,80.4,80.9,84.3,88.1,84.7,76.7,86.2,91.9,93.2,--,9,6.4,12.1,0.4,1.4,9.2,9.6,9.7,15.2,14.1,10.9,6.9,3.3,4.8,3.3,2.1,0.6,--,3.2,1.8,4.8,1.7,1.5,1.6,1.9,2.3,4.4,5,4.8,5,12,18.5,10.5,6,6.2,--
2015,Maranhão,Urbana,Particular,97,97.9,95.1,98.2,98.3,97.7,97.6,97.8,95.1,94.9,95.6,94.7,94.3,91.1,94.7,97.7,97.4,--,2.5,1.4,4.6,0.7,1,1.8,1.9,1.9,4.5,4.8,4.1,4.8,4.8,7.7,4.6,1.6,0,--,0.5,0.7,0.3,1.1,0.7,0.5,0.5,0.3,0.4,0.3,0.3,0.5,0.9,1.2,0.7,0.7,2.6,--
2015,Maranhão,Rural,Total,88.2,91.3,83.6,97.1,96.6,90.3,87.4,86.7,79.1,82.7,85.4,89.1,80.4,75.4,81.4,87.5,87.1,79.6,8.4,6.7,10.8,1,1.7,8.1,10.6,10.8,15.4,11.9,8.9,5.3,9.7,12.8,9.4,5.1,0,2.9,3.4,2,5.6,1.9,1.7,1.6,2,2.5,5.5,5.4,5.7,5.6,9.9,11.8,9.2,7.4,12.9,17.5
2015,Maranhão,Rural,Pública,88.1,91.2,83.5,97,96.6,90.2,87.3,86.6,78.9,82.6,85.3,89,80.1,75,80.9,87.3,92.2,77.6,8.5,6.8,10.9,1,1.7,8.2,10.7,10.9,15.5,11.9,8.9,5.3,10,13.1,9.7,5.3,0,1.2,3.4,2,5.6,2,1.7,1.6,2,2.5,5.6,5.5,5.8,5.7,9.9,11.9,9.4,7.4,7.8,21.2
2015,Maranhão,Rural,Federal,94.1,98.1,89.8,100,100,100,100,90.9,100,90.9,80,88.9,87.5,82,89.3,92.4,--,--,5.9,1.9,10.2,0,0,0,0,9.1,0,9.1,20,11.1,9.2,13.7,6.6,6.5,--,--,0,0,0,0,0,0,0,0,0,0,0,0,3.3,4.3,4.1,1.1,--,--
2015,Maranhão,Rural,Estadual,76.5,78.6,74.7,78.6,79.1,78.5,79.7,76.4,63.2,74,79.5,83.1,79.7,74.7,80.5,86.9,--,77,11.1,12.7,9.7,12.1,12.5,14.4,12.2,12.1,10.2,10.8,9.3,8.5,10.1,13.2,9.9,5.3,--,1.6,12.4,8.7,15.6,9.3,8.4,7.1,8.1,11.5,26.6,15.2,11.2,8.4,10.2,12.1,9.6,7.8,--,21.4
2015,Maranhão,Rural,Municipal,88.6,91.7,84,97.6,97.3,90.6,87.6,86.9,79.8,83.1,85.6,89.4,83.1,77.3,82.4,90.6,92.2,79.2,8.4,6.6,11,0.7,1.3,7.9,10.7,10.8,15.8,12,8.9,5.1,4.6,8.6,5,0,0,0,3,1.7,5,1.7,1.4,1.5,1.7,2.3,4.4,4.9,5.5,5.5,12.3,14.1,12.6,9.4,7.8,20.8
2015,Maranhão,Rural,Particular,96,97.7,92.6,98.8,97.9,97.5,97.4,96.5,91.1,92.1,92.6,94.7,88.2,82.7,92.9,93.3,63.6,88.9,3.2,1.9,5.7,0.4,1.8,2.5,2.2,3.2,8.3,6.6,4.3,3.2,3.8,6.3,1.9,1.3,0,11.1,0.8,0.4,1.7,0.8,0.3,0,0.4,0.3,0.6,1.3,3.1,2.1,8,11,5.2,5.4,36.4,0
2015,Piauí,Total,Total,86.4,88.5,83.5,96.5,95,82.1,84.2,87.2,76.8,82.2,86.6,90.7,80.4,72.7,82.4,88.5,90.3,98,11.1,10,12.5,2.5,4.1,16.5,14,10.8,18.6,13.6,9.8,6,7.8,12.4,6.5,2.9,3.4,0,2.5,1.5,4,1,0.9,1.4,1.8,2,4.6,4.2,3.6,3.3,11.8,14.9,11.1,8.6,6.3,2
2015,Piauí,Total,Pública,85,87.2,82.2,96.3,94.6,80.1,82.5,85.9,74.8,80.8,85.6,90.4,78.7,70.9,81,87.1,90.3,95.5,12.1,11.2,13.3,2.5,4.4,18.3,15.5,11.8,20.1,14.6,10.3,5.8,8,12.6,6.6,3.2,3.4,0,2.9,1.6,4.5,1.2,1,1.6,2,2.3,5.1,4.6,4.1,3.8,13.3,16.5,12.4,9.7,6.3,4.5
2015,Piauí,Total,Federal,--,--,--,--,--,--,--,--,--,--,--,--,79,68.6,82.6,88.1,89.2,--,--,--,--,--,--,--,--,--,--,--,--,--,13.8,21.1,12.9,7.5,4,--,--,--,--,--,--,--,--,--,--,--,--,--,7.2,10.3,4.5,4.4,6.8,--
2015,Piauí,Total,Estadual,81.3,85.2,81,82.9,85.7,83.6,84.1,87,74.4,77.6,82.7,87.8,78.7,71,80.9,87.1,96,95.5,13.9,12,14.1,15.3,12.8,14,13.4,9.7,19.7,16.9,13,8,7.8,12.2,6.4,3.1,0.7,0,4.8,2.8,4.9,1.8,1.5,2.4,2.5,3.3,5.9,5.5,4.3,4.2,13.5,16.8,12.7,9.8,3.3,4.5
2015,Piauí,Total,Municipal,85.5,87.2,82.6,96.3,94.6,80,82.4,85.9,74.9,81.7,86.7,91.5,81.4,69.2,96.7,90,--,--,11.9,11.2,13.1,2.4,4.3,18.4,15.6,11.9,20.2,13.9,9.3,4.9,16.7,30.8,3.3,0,--,--,2.6,1.6,4.3,1.3,1.1,1.6,2,2.2,4.9,4.4,4,3.6,1.9,0,0,10,--,--
2015,Piauí,Total,Particular,95.8,97.5,93.4,97.5,97.4,97.9,97.3,97.3,93.9,94.2,93.5,92.2,93.5,89.2,93.3,98.5,--,100,4,2.4,6.4,2.3,2.4,1.9,2.6,2.7,5.9,5.6,6.4,7.6,6,10.3,6.1,1.2,--,0,0.2,0.1,0.2,0.2,0.2,0.2,0.1,0,0.2,0.2,0.1,0.2,0.5,0.5,0.6,0.3,--,0
2015,Piauí,Urbana,Total,86.9,89.7,83.7,96.7,95.3,83.8,85.9,88.5,77.5,82.1,86.4,90.5,80.6,73.1,82.6,88.7,88.8,98,10.6,8.9,12.7,2.2,3.8,14.7,12.4,9.6,18.2,13.9,10.4,6.6,7.9,12.6,6.6,3,4.1,0,2.5,1.4,3.6,1.1,0.9,1.5,1.7,1.9,4.3,4,3.2,2.9,11.5,14.3,10.8,8.3,7.1,2
2015,Piauí,Urbana,Pública,85,87.8,81.9,96.5,94.7,80.8,83.4,86.7,74.8,80.1,85,90.2,78.9,71.2,81.2,87.2,88.8,95.5,12.1,10.5,13.8,2.2,4.2,17.5,14.5,11.1,20.2,15.3,11.2,6.4,8.2,12.8,6.6,3.3,4.1,0,2.9,1.7,4.3,1.3,1.1,1.7,2.1,2.2,5,4.6,3.8,3.4,12.9,16,12.2,9.5,7.1,4.5
2015,Piauí,Urbana,Federal,--,--,--,--,--,--,--,--,--,--,--,--,79.1,69.4,82.2,87.6,88.5,--,--,--,--,--,--,--,--,--,--,--,--,--,13.6,20.6,13.2,7.7,4.3,--,--,--,--,--,--,--,--,--,--,--,--,--,7.3,10,4.6,4.7,7.2,--
2015,Piauí,Urbana,Estadual,81.4,85.3,81.1,82.9,85.7,83.6,84.2,87.1,74.3,77.7,82.9,88,78.9,71.2,81.2,87.2,100,95.5,13.9,12,14.1,15.3,12.8,14,13.3,9.7,19.8,16.9,12.9,7.9,8,12.5,6.5,3.2,0,0,4.7,2.7,4.8,1.8,1.5,2.4,2.5,3.2,5.9,5.4,4.2,4.1,13.1,16.3,12.3,9.6,0,4.5
2015,Piauí,Urbana,Municipal,85.8,87.9,82.4,96.6,94.8,80.8,83.4,86.6,75,81.1,86.2,91.6,81.4,69.2,96.7,90,--,--,11.7,10.4,13.7,2,4.1,17.5,14.6,11.2,20.4,14.6,10.3,5.5,16.7,30.8,3.3,0,--,--,2.5,1.7,3.9,1.4,1.1,1.7,2,2.2,4.6,4.3,3.5,2.9,1.9,0,0,10,--,--
2015,Piauí,Urbana,Particular,95.8,97.5,93.4,97.5,97.4,97.9,97.3,97.3,93.9,94.2,93.5,92.2,93.5,89.1,93.3,98.5,--,100,4,2.4,6.4,2.3,2.4,1.9,2.6,2.7,5.9,5.6,6.4,7.6,6,10.3,6.1,1.2,--,0,0.2,0.1,0.2,0.2,0.2,0.2,0.1,0,0.2,0.2,0.1,0.2,0.5,0.6,0.6,0.3,--,0
2015,Piauí,Rural,Total,84.9,86.1,82.9,95.8,94.3,78.9,81,84.6,74.8,82.6,87.1,91.1,75.9,67.1,77.8,84.9,96.6,--,12.2,12.3,12,3.1,4.7,19.7,17.1,13,19.7,12.7,7.7,4.1,5.7,8.6,6,1.6,0.6,--,2.9,1.6,5.1,1.1,1,1.4,1.9,2.4,5.5,4.7,5.2,4.8,18.4,24.3,16.2,13.5,2.8,--
2015,Piauí,Rural,Pública,84.9,86.1,82.9,95.8,94.3,78.9,81,84.6,74.7,82.6,87.1,91.1,75.8,66.9,77.6,84.9,96.6,--,12.2,12.3,12,3.1,4.7,19.8,17.1,13.1,19.7,12.7,7.7,4.1,5.7,8.6,6,1.6,0.6,--,2.9,1.6,5.1,1.1,1,1.3,1.9,2.3,5.6,4.7,5.2,4.8,18.5,24.5,16.4,13.5,2.8,--
2015,Piauí,Rural,Federal,--,--,--,--,--,--,--,--,--,--,--,--,77.4,60.5,91.7,96.1,100,--,--,--,--,--,--,--,--,--,--,--,--,--,15.9,26.8,8.3,3.9,0,--,--,--,--,--,--,--,--,--,--,--,--,--,6.7,12.7,0,0,0,--
2015,Piauí,Rural,Estadual,74.2,77.8,74,--,--,--,78.9,76.5,80.4,68.3,69.7,78.3,75.7,67.3,77.3,84.6,95.4,--,15.5,13.9,15.6,--,--,--,21.1,5.9,12.7,17.1,17.1,14.9,5.3,7.7,6,1.5,0.8,--,10.3,8.3,10.4,--,--,--,0,17.6,6.9,14.6,13.2,6.8,19,25,16.7,13.9,3.8,--
2015,Piauí,Rural,Municipal,85,86.1,83,95.8,94.3,78.9,81,84.7,74.7,82.7,87.4,91.3,--,--,--,--,--,--,12.2,12.3,12,3.1,4.7,19.8,17.1,13.1,19.8,12.7,7.6,3.9,--,--,--,--,--,--,2.8,1.6,5,1.1,1,1.3,1.9,2.2,5.5,4.6,5,4.8,--,--,--,--,--,--
2015,Piauí,Rural,Particular,92.1,91.3,92.2,100,100,100,100,75,100,90.3,88.9,92.5,95.6,91.7,100,--,--,--,5.8,0,6.9,0,0,0,0,0,0,6.5,11.1,7.5,4.4,8.3,0,--,--,--,2.1,8.7,0.9,0,0,0,0,25,0,3.2,0,0,0,0,0,--,--,--
2015,Ceará,Total,Total,93.4,95.9,90.2,98.2,98.3,95,93.1,95.4,87.5,89.4,90.8,93.9,85.6,80.4,86.4,91.6,96.4,76.1,5.1,3.5,7.2,1.1,1.4,4.4,6,4,9.8,8,6.4,3.8,7.2,9.9,6.6,3.9,0,17.7,1.5,0.6,2.6,0.7,0.3,0.6,0.9,0.6,2.7,2.6,2.8,2.3,7.2,9.7,7,4.5,3.6,6.2
2015,Ceará,Total,Pública,92.4,95.4,89.2,98.7,98.5,94,91.8,94.7,85.7,88.2,89.8,93.6,84.4,79.1,85.3,90.7,96.4,76,5.8,4,7.8,0.7,1.2,5.4,7.2,4.6,11.1,8.7,6.9,3.8,7.5,10.3,6.9,4.3,0,17.9,1.8,0.6,3,0.6,0.3,0.6,1,0.7,3.2,3.1,3.3,2.6,8.1,10.6,7.8,5,3.6,6.1
2015,Ceará,Total,Federal,94.8,--,94.8,--,--,--,--,--,92.5,94.3,95.2,96,79.1,78.1,87.3,96.6,--,76,5.2,--,5.2,--,--,--,--,--,7.5,5.7,4.8,4,15.2,13.8,10.8,1.4,--,17.9,0,--,0,--,--,--,--,--,0,0,0,0,5.7,8.1,1.9,2,--,6.1
2015,Ceará,Total,Estadual,84.5,88.2,84.2,94.5,94.1,87,85.8,81.8,82.4,79.9,83.7,86,84.4,79.1,85.3,90.7,96.4,--,9.9,7,10.1,3.3,4.2,10.5,8.2,7.9,11.9,12.7,10.7,8.7,7.5,10.3,6.9,4.3,0,--,5.6,4.8,5.7,2.2,1.7,2.5,6,10.3,5.7,7.4,5.6,5.3,8.1,10.6,7.8,5,3.6,--
2015,Ceará,Total,Municipal,92.8,95.4,89.6,98.7,98.6,94,91.9,94.8,85.8,88.5,90.7,95.1,--,--,--,--,--,--,5.6,3.9,7.6,0.6,1.2,5.3,7.2,4.6,11.1,8.5,6.4,2.8,--,--,--,--,--,--,1.6,0.7,2.8,0.7,0.2,0.7,0.9,0.6,3.1,3,2.9,2.1,--,--,--,--,--,--
2015,Ceará,Total,Particular,97,97.8,95.6,96.8,97.7,98.4,98,98,96,95.3,95.5,95.6,95.5,92.9,95.4,98.5,--,85.2,2.7,1.8,4.1,2.4,1.9,1.3,1.8,1.8,3.7,4.4,4.2,4.1,4.1,6.7,4.2,1.1,--,0,0.3,0.4,0.3,0.8,0.4,0.3,0.2,0.2,0.3,0.3,0.3,0.3,0.4,0.4,0.4,0.4,--,14.8
2015,Ceará,Urbana,Total,93,95.9,89.7,98.1,98.3,94.7,93.1,95.3,87.2,88.8,90.2,93.3,85.6,80.5,86.3,91.6,96.4,76.3,5.4,3.5,7.6,1.2,1.4,4.6,6,4,10,8.4,6.9,4.4,7.2,10,6.7,3.9,0,17.7,1.6,0.6,2.7,0.7,0.3,0.7,0.9,0.7,2.8,2.8,2.9,2.3,7.2,9.5,7,4.5,3.6,6
2015,Ceará,Urbana,Pública,91.6,95,88.1,98.8,98.6,93.2,91.3,94.3,84.6,87,88.8,92.8,84.3,79,85.2,90.7,96.4,76.2,6.3,4.2,8.5,0.5,1.1,6,7.6,4.8,11.9,9.6,7.6,4.4,7.6,10.4,7,4.3,0,17.9,2.1,0.8,3.4,0.7,0.3,0.8,1.1,0.9,3.5,3.4,3.6,2.8,8.1,10.6,7.8,5,3.6,5.9
2015,Ceará,Urbana,Federal,94.8,--,94.8,--,--,--,--,--,92.5,94.3,95.2,96,79,80.2,86.8,95.4,--,76.2,5.2,--,5.2,--,--,--,--,--,7.5,5.7,4.8,4,15.6,13.5,11.2,1.9,--,17.9,0,--,0,--,--,--,--,--,0,0,0,0,5.4,6.3,2,2.7,--,5.9
2015,Ceará,Urbana,Estadual,84.3,86.1,84.2,94.9,95,87.1,82.7,77.2,83,79.8,83.6,86,84.4,79,85.2,90.6,96.4,--,10,6.4,10.2,2.4,2.7,9.5,7.7,8,11.6,12.9,10.8,8.7,7.5,10.3,7,4.3,0,--,5.7,7.5,5.6,2.7,2.3,3.4,9.6,14.8,5.4,7.3,5.6,5.3,8.1,10.7,7.8,5.1,3.6,--
2015,Ceará,Urbana,Municipal,92.1,95.1,88.6,98.8,98.6,93.3,91.3,94.4,84.7,87.4,89.7,94.6,--,--,--,--,--,--,6.1,4.2,8.3,0.5,1.1,5.9,7.6,4.8,11.9,9.4,7.1,3.3,--,--,--,--,--,--,1.8,0.7,3.1,0.7,0.3,0.8,1.1,0.8,3.4,3.2,3.2,2.1,--,--,--,--,--,--
2015,Ceará,Urbana,Particular,97,97.8,95.6,96.9,97.7,98.4,98,98,96,95.3,95.5,95.6,95.5,92.9,95.4,98.5,--,85.2,2.7,1.8,4.1,2.4,1.9,1.3,1.7,1.7,3.7,4.4,4.2,4.1,4.1,6.7,4.2,1.1,--,0,0.3,0.4,0.3,0.7,0.4,0.3,0.3,0.3,0.3,0.3,0.3,0.3,0.4,0.4,0.4,0.4,--,14.8
2015,Ceará,Rural,Total,94.5,96.2,92.2,98.6,98.4,95.7,93.1,95.4,89,91.6,92.9,96.2,85.5,80.1,87.2,91.7,--,67.2,4.3,3.4,5.6,1,1.5,3.9,6.2,4,8.9,6.3,4.6,1.7,6.3,8.8,5.5,3.2,--,19,1.2,0.4,2.2,0.4,0.1,0.4,0.7,0.6,2.1,2.1,2.5,2.1,8.2,11.1,7.3,5.1,--,13.8
2015,Ceará,Rural,Pública,94.5,96.2,92.2,98.6,98.4,95.7,93.1,95.4,89,91.6,92.9,96.2,85.4,80,87,91.6,--,67.2,4.3,3.4,5.6,0.9,1.4,3.9,6.2,4,8.9,6.3,4.6,1.7,6.3,8.8,5.6,3.3,--,19,1.2,0.4,2.2,0.5,0.2,0.4,0.7,0.6,2.1,2.1,2.5,2.1,8.3,11.2,7.4,5.1,--,13.8
2015,Ceará,Rural,Federal,--,--,--,--,--,--,--,--,--,--,--,--,80.7,69.4,89.2,100,--,67.2,--,--,--,--,--,--,--,--,--,--,--,--,10.8,14.8,9.2,0,--,19,--,--,--,--,--,--,--,--,--,--,--,--,8.5,15.8,1.6,0,--,13.8
2015,Ceará,Rural,Estadual,87,90.4,82.7,94.2,93.3,87,89.8,88.4,78.3,82.5,87,83.7,85.5,80.2,87,91.4,--,--,8.3,7.6,9.1,4.2,5.5,11.4,8.9,7.8,14.2,10.7,5.9,4.8,6.2,8.7,5.5,3.3,--,--,4.7,2,8.2,1.6,1.2,1.6,1.3,3.8,7.5,6.8,7.1,11.5,8.3,11.1,7.5,5.3,--,--
2015,Ceará,Rural,Municipal,94.6,96.2,92.3,98.6,98.4,95.8,93.2,95.5,89.1,91.7,93,96.4,--,--,--,--,--,--,4.3,3.3,5.5,0.9,1.4,3.8,6.2,4,8.9,6.2,4.6,1.6,--,--,--,--,--,--,1.1,0.5,2.2,0.5,0.2,0.4,0.6,0.5,2,2.1,2.4,2,--,--,--,--,--,--
2015,Ceará,Rural,Particular,96.6,96.2,100,95.2,96.1,95.8,97.8,96.6,100,100,100,100,97.8,95,97.7,100,--,--,3.4,3.8,0,4.8,3.9,4.2,2.2,3.4,0,0,0,0,0,0,0,0,--,--,0,0,0,0,0,0,0,0,0,0,0,0,2.2,5,2.3,0,--,--
2015,Rio Grande do Norte,Total,Total,83.4,89.2,75.9,97.7,97.4,96.1,76.5,84.3,66,74.3,84.1,85.7,73.9,66.1,76.6,82,91.7,67.5,13.2,9,18.6,0.9,1.5,2.6,21.1,13.4,27.7,20.3,11.2,9,15.3,20.3,13.4,10.3,7.3,7.8,3.4,1.8,5.5,1.4,1.1,1.3,2.4,2.3,6.3,5.4,4.7,5.3,10.8,13.6,10,7.7,1,24.7
2015,Rio Grande do Norte,Total,Pública,80.1,86.8,72,97.7,97.2,95.6,71.9,81.1,61,70.3,81.5,83.7,71,62.9,73.7,79.5,91.7,67.5,15.7,11.1,21.4,0.6,1.5,2.9,25.2,16.1,31.7,23.3,12.7,9.8,16.6,21.7,14.6,11.5,7.3,7.8,4.2,2.1,6.6,1.7,1.3,1.5,2.9,2.8,7.3,6.4,5.8,6.5,12.4,15.4,11.7,9,1,24.7
2015,Rio Grande do Norte,Total,Federal,99.1,99.1,--,100,100,97.8,--,--,--,--,--,--,86.8,82.7,85.7,89.9,92.5,--,0.9,0.9,--,0,0,2.2,--,--,--,--,--,--,12.1,15.9,12.9,9,7,--,0,0,--,0,0,0,--,--,--,--,--,--,1.1,1.4,1.4,1.1,0.5,--
2015,Rio Grande do Norte,Total,Estadual,76,86,70.1,98.6,98.8,98.7,70.9,79.1,59.3,65.9,80.3,80.6,69.4,61.3,72.6,78.7,81.5,67.5,19.1,12,23.3,0.2,0.1,0.1,26.3,18.3,33.8,28,13.8,12.1,17.1,22.2,14.7,11.7,11.9,7.8,4.9,2,6.6,1.2,1.1,1.2,2.8,2.6,6.9,6.1,5.9,7.3,13.5,16.5,12.7,9.6,6.6,24.7
2015,Rio Grande do Norte,Total,Municipal,81.8,87,73.3,97.5,96.9,94.9,72.2,81.7,61.9,73.2,82.4,86.4,--,--,--,--,--,--,14.3,10.8,20,0.7,1.8,3.5,24.9,15.5,30.4,20.2,12,7.7,--,--,--,--,--,--,3.9,2.2,6.7,1.8,1.3,1.6,2.9,2.8,7.7,6.6,5.6,5.9,--,--,--,--,--,--
2015,Rio Grande do Norte,Total,Particular,96.3,97.7,94.1,97.7,97.9,97.8,97.4,97.6,94.2,93.9,94.8,93.5,92.4,89.1,93,95.9,--,--,3.3,1.9,5.6,1.6,1.6,1.8,2.4,2.2,5.6,5.8,5,6.1,7.2,10.4,6.6,3.8,--,--,0.4,0.4,0.3,0.7,0.5,0.4,0.2,0.2,0.2,0.3,0.2,0.4,0.4,0.5,0.4,0.3,--,--
2015,Rio Grande do Norte,Urbana,Total,83.6,90.1,76.1,97.8,97.8,96.8,78.1,85.4,66.6,74.3,84.1,85.4,73.7,66,76.4,81.7,91.2,67.5,13.1,8.3,18.6,0.9,1.2,2.2,19.7,12.5,27.3,20.5,11.4,9.4,15.5,20.4,13.5,10.5,7.7,7.8,3.3,1.6,5.3,1.3,1,1,2.2,2.1,6.1,5.2,4.5,5.2,10.8,13.6,10.1,7.8,1.1,24.7
2015,Rio Grande do Norte,Urbana,Pública,79.4,87.1,71.6,97.8,97.7,96.3,72.3,81.4,60.7,69.5,81.1,83.1,70.6,62.6,73.4,79.2,91.2,67.5,16.2,10.8,21.8,0.6,1,2.4,24.9,15.9,31.9,24.1,13.2,10.3,16.9,21.9,14.8,11.8,7.7,7.8,4.4,2.1,6.6,1.6,1.3,1.3,2.8,2.7,7.4,6.4,5.7,6.6,12.5,15.5,11.8,9,1.1,24.7
2015,Rio Grande do Norte,Urbana,Federal,99.1,99.1,--,100,100,97.8,--,--,--,--,--,--,85.8,81.8,84.4,88.8,92,--,0.9,0.9,--,0,0,2.2,--,--,--,--,--,--,13,17,14.1,10.1,7.4,--,0,0,--,0,0,0,--,--,--,--,--,--,1.2,1.2,1.5,1.1,0.6,--
2015,Rio Grande do Norte,Urbana,Estadual,75.9,86.2,70,98.6,98.8,98.7,71.2,79.4,59.2,65.8,80,80.5,69.3,61.2,72.5,78.5,81.5,67.5,19.2,11.9,23.4,0.2,0.2,0.1,26.1,18.2,33.9,28.1,14.1,12.3,17.2,22.3,14.9,11.9,11.9,7.8,4.9,1.9,6.6,1.2,1,1.2,2.7,2.4,6.9,6.1,5.9,7.2,13.5,16.5,12.6,9.6,6.6,24.7
2015,Rio Grande do Norte,Urbana,Municipal,81.3,87.4,72.9,97.6,97.4,95.5,72.6,82.3,61.8,72.5,82,85.8,--,--,--,--,--,--,14.6,10.4,20.4,0.7,1.2,3.1,24.4,15,30.6,20.9,12.5,8.3,--,--,--,--,--,--,4.1,2.2,6.7,1.7,1.4,1.4,3,2.7,7.6,6.6,5.5,5.9,--,--,--,--,--,--
2015,Rio Grande do Norte,Urbana,Particular,96.3,97.7,94.1,97.7,97.9,97.8,97.4,97.6,94.2,94,94.7,93.5,92.4,89.1,93,95.9,--,--,3.3,1.9,5.6,1.6,1.7,1.8,2.3,2.1,5.5,5.8,5,6.1,7.2,10.4,6.6,3.8,--,--,0.4,0.4,0.3,0.7,0.4,0.4,0.3,0.3,0.3,0.2,0.3,0.4,0.4,0.5,0.4,0.3,--,--
2015,Rio Grande do Norte,Rural,Total,82.7,86.1,74.7,97.5,96,93.9,71.1,80.4,62.6,75,84.3,88.1,82.5,73.4,84.5,91.9,100,--,13.8,11.7,18.9,0.7,2.7,4.2,25.9,16.6,30.1,18.9,9.9,5.9,8.2,14.3,5.9,2.6,0,--,3.5,2.2,6.4,1.8,1.3,1.9,3,3,7.3,6.1,5.8,6,9.3,12.3,9.6,5.5,0,--
2015,Rio Grande do Norte,Rural,Pública,82.6,86,74.6,97.5,96,93.8,71,80.3,62.4,75,84.2,88.1,82.3,73.1,84.2,91.8,100,--,13.9,11.7,18.9,0.7,2.8,4.2,26,16.7,30.2,18.8,9.9,6,8.3,14.5,6,2.6,0,--,3.5,2.3,6.5,1.8,1.2,2,3,3,7.4,6.2,5.9,5.9,9.4,12.4,9.8,5.6,0,--
2015,Rio Grande do Norte,Rural,Federal,--,--,--,--,--,--,--,--,--,--,--,--,96,91.1,98.4,98.7,100,--,--,--,--,--,--,--,--,--,--,--,--,--,2.5,5.8,1.2,0,0,--,--,--,--,--,--,--,--,--,--,--,--,--,1.5,3.1,0.4,1.3,0,--
2015,Rio Grande do Norte,Rural,Estadual,77.9,83.7,72.5,98.2,99.3,97.5,67.4,75.6,61.6,68.7,86.2,83.8,76.6,66.5,79.1,89.2,--,--,17.6,13.4,21.6,1,0,0.6,28.8,19.3,32.7,25.4,8.4,9.6,10.7,17.6,7.7,3.6,--,--,4.5,2.9,5.9,0.8,0.7,1.9,3.8,5.1,5.7,5.9,5.4,6.6,12.7,15.9,13.2,7.2,--,--
2015,Rio Grande do Norte,Rural,Municipal,82.9,86.1,74.9,97.4,95.8,93.6,71.2,80.6,62.5,75.8,83.9,88.8,--,--,--,--,--,--,13.6,11.6,18.5,0.7,2.9,4.4,25.9,16.5,29.8,18,10.2,5.3,--,--,--,--,--,--,3.5,2.3,6.6,1.9,1.3,2,2.9,2.9,7.7,6.2,5.9,5.9,--,--,--,--,--,--
2015,Rio Grande do Norte,Rural,Particular,94.9,96.7,88.5,98.4,100,99,92.1,93.1,86.3,77.5,100,100,97.3,94.1,100,100,--,--,5.1,3.3,11.5,1.6,0,1,7.9,6.9,13.7,22.5,0,0,2.7,5.9,0,0,--,--,0,0,0,0,0,0,0,0,0,0,0,0,0,0,0,0,--,--
2015,Paraíba,Total,Total,85.5,90.1,79.7,96.1,95.4,85.3,87.2,88.1,73.6,79.2,82.8,85.8,79.3,71,81.8,89.7,87.3,74.4,10.3,7.7,13.5,1.9,2.9,12.6,10.3,9.2,18.2,14.3,11,8.2,9.2,13.5,8.1,3.3,6.6,12.4,4.2,2.2,6.8,2,1.7,2.1,2.5,2.7,8.2,6.5,6.2,6,11.5,15.5,10.1,7,6.1,13.2
2015,Paraíba,Total,Pública,82.8,87.9,76.9,95.7,94.5,82,84.7,85.9,70.2,76.3,80.4,84,76.5,67.7,78.9,88.3,87.2,68.3,12,9.4,15.1,1.9,3.4,15.5,12.3,10.8,20.4,16,12.3,8.8,9.9,14.4,8.9,3.5,6.7,15.1,5.2,2.7,8,2.4,2.1,2.5,3,3.3,9.4,7.7,7.3,7.2,13.6,17.9,12.2,8.2,6.1,16.6
2015,Paraíba,Total,Federal,100,100,--,100,100,100,100,100,--,--,--,--,84.7,78.4,85.3,90.8,87.4,--,0,0,--,0,0,0,0,0,--,--,--,--,12.1,16.4,12.1,7.3,10.5,--,0,0,--,0,0,0,0,0,--,--,--,--,3.2,5.2,2.6,1.9,2.1,--
2015,Paraíba,Total,Estadual,79.5,88.7,75.5,93.3,95.9,80.5,94.5,85,68.5,75.2,78.3,81.4,76.2,67.4,78.7,88.2,88.5,66.5,12.9,7.7,15.1,2.2,1.3,16,2.1,11.2,20.8,15.6,13,9.8,9.9,14.4,8.8,3.4,0.3,16.7,7.6,3.6,9.4,4.5,2.8,3.5,3.4,3.8,10.7,9.2,8.7,8.8,13.9,18.2,12.5,8.4,11.2,16.8
2015,Paraíba,Total,Municipal,84,87.7,77.8,96,94.3,82.3,82.8,86.1,71.1,77,82,86.1,74.6,66.8,75.2,83.6,79.8,75,11.7,9.7,15.1,1.9,3.7,15.4,14.3,10.7,20.2,16.2,11.8,8,7.3,9.3,13.2,0.9,1.2,8.9,4.3,2.6,7.1,2.1,2,2.3,2.9,3.2,8.7,6.8,6.2,5.9,18.1,23.9,11.6,15.5,19,16.1
2015,Paraíba,Total,Particular,96.8,98,94.8,97.1,98.1,98.3,98.2,98.3,95.3,94.5,94.9,94.4,93.9,90.8,95,96.5,89.7,98.6,2.8,1.6,4.8,2,1.4,1.4,1.5,1.6,4.4,5.1,4.7,5.1,5.2,8.2,4.3,2.4,0,1.4,0.4,0.4,0.4,0.9,0.5,0.3,0.3,0.1,0.3,0.4,0.4,0.5,0.9,1,0.7,1.1,10.3,0
2015,Paraíba,Urbana,Total,85.5,90.6,80,96,95.5,85.7,88.6,88.9,74.1,79.6,83,85.8,79.2,70.9,81.6,89.7,87.3,74.4,10.1,7.1,13.4,1.9,2.7,12.2,8.9,8.4,17.8,14.2,11.1,8.3,9.3,13.7,8.2,3.4,6.6,12.4,4.4,2.3,6.6,2.1,1.8,2.1,2.5,2.7,8.1,6.2,5.9,5.9,11.5,15.4,10.2,6.9,6.1,13.2
2015,Paraíba,Urbana,Pública,82.1,87.7,76.8,95.4,94.3,81.1,85.4,86.1,70.2,76.4,80.3,83.7,76.3,67.4,78.6,88.2,87.2,68.3,12.3,9.3,15.2,1.8,3.3,16.2,11.4,10.5,20.3,16.1,12.6,9.1,10.1,14.7,9.1,3.6,6.7,15.1,5.6,3,8,2.8,2.4,2.7,3.2,3.4,9.5,7.5,7.1,7.2,13.6,17.9,12.3,8.2,6.1,16.6
2015,Paraíba,Urbana,Federal,100,100,--,100,100,100,100,100,--,--,--,--,84.7,78.4,85.3,90.8,87.4,--,0,0,--,0,0,0,0,0,--,--,--,--,12.1,16.4,12.1,7.3,10.5,--,0,0,--,0,0,0,0,0,--,--,--,--,3.2,5.2,2.6,1.9,2.1,--
2015,Paraíba,Urbana,Estadual,79.5,88.9,75.5,93.2,95.9,80.5,95.1,85.4,68.6,75.4,78.2,81.2,76,67.1,78.4,88.2,88.5,66.5,12.9,7.5,15.2,2.2,1.3,16,1.5,10.8,20.7,15.6,13.2,10.1,10.1,14.7,9,3.5,0.3,16.7,7.6,3.6,9.3,4.6,2.8,3.5,3.4,3.8,10.7,9,8.6,8.7,13.9,18.2,12.6,8.3,11.2,16.8
2015,Paraíba,Urbana,Municipal,83.2,87.5,77.8,95.8,93.9,81.3,83,86.3,71.1,77.1,81.9,85.9,74.6,66.8,75.2,83.6,79.8,75,12.1,9.7,15.2,1.8,3.7,16.2,13.8,10.4,20.1,16.3,12.1,8.2,7.3,9.3,13.2,0.9,1.2,8.9,4.7,2.8,7,2.4,2.4,2.5,3.2,3.3,8.8,6.6,6,5.9,18.1,23.9,11.6,15.5,19,16.1
2015,Paraíba,Urbana,Particular,96.8,98,94.8,97.1,98.1,98.3,98.2,98.3,95.3,94.5,94.9,94.4,93.9,90.8,95,96.5,89.7,98.6,2.8,1.6,4.8,2,1.4,1.4,1.5,1.5,4.3,5.1,4.7,5.1,5.2,8.2,4.3,2.4,0,1.4,0.4,0.4,0.4,0.9,0.5,0.3,0.3,0.2,0.4,0.4,0.4,0.5,0.9,1,0.7,1.1,10.3,0
2015,Paraíba,Rural,Total,85.3,88.3,77,96.3,95,84.1,83,85.5,70.2,75.8,81.5,85.9,81.4,74.3,85.1,89,--,--,10.8,9.6,14.4,2.1,3.5,13.8,14.5,11.6,20.8,15.5,10.3,6.5,6,9,5.1,2,--,--,3.9,2.1,8.6,1.6,1.5,2.1,2.5,2.9,9,8.7,8.2,7.6,12.6,16.7,9.8,9,--,--
2015,Paraíba,Rural,Pública,85.3,88.2,76.9,96.3,95,84,82.9,85.5,70,75.7,81.4,85.9,81.4,74.3,85.1,89,--,--,10.9,9.6,14.5,2.1,3.5,13.9,14.5,11.6,20.8,15.5,10.3,6.5,6,9,5.1,2,--,--,3.8,2.2,8.6,1.6,1.5,2.1,2.6,2.9,9.2,8.8,8.3,7.6,12.6,16.7,9.8,9,--,--
2015,Paraíba,Rural,Federal,--,--,--,--,--,--,--,--,--,--,--,--,--,--,--,--,--,--,--,--,--,--,--,--,--,--,--,--,--,--,--,--,--,--,--,--,--,--,--,--,--,--,--,--,--,--,--,--,--,--,--,--,--,--
2015,Paraíba,Rural,Estadual,79.6,87.2,75.2,94.3,95.8,80.5,90.6,81.6,67.8,73.8,79,83.4,81.4,74.3,85.1,89,--,--,12.7,9.6,14.4,2.2,2,16,6.5,15,21.3,15.9,10.9,6.4,6,9,5.1,2,--,--,7.7,3.2,10.4,3.5,2.2,3.5,2.9,3.4,10.9,10.3,10.1,10.2,12.6,16.7,9.8,9,--,--
2015,Paraíba,Rural,Municipal,86.1,88.3,77.6,96.4,95,84.2,82.4,85.8,70.8,76.4,82.4,87.1,--,--,--,--,--,--,10.6,9.6,14.5,2.1,3.6,13.7,15.1,11.4,20.6,15.4,10,6.6,--,--,--,--,--,--,3.3,2.1,7.9,1.5,1.4,2.1,2.5,2.8,8.6,8.2,7.6,6.3,--,--,--,--,--,--
2015,Paraíba,Rural,Particular,95.1,96.1,92.8,97.6,98.5,100,91.7,92,87.1,97.1,96.4,100,--,--,--,--,--,--,4,2.6,7.2,0,1.5,0,6,8,12.9,2.9,3.6,0,--,--,--,--,--,--,0.9,1.3,0,2.4,0,0,2.3,0,0,0,0,0,--,--,--,--,--,--
2015,Pernambuco,Total,Total,87.6,90.5,84,96.6,96.9,81,93.7,87.1,80.1,82.9,86.5,87.7,88.8,84.1,89.6,93.8,90.2,85.9,10.2,8.2,12.7,2.1,2.1,17.7,5.2,11.2,16,13.5,10.7,9.5,8.9,13,8.4,4.6,6.9,8.6,2.2,1.3,3.3,1.3,1,1.3,1.1,1.7,3.9,3.6,2.8,2.8,2.3,2.9,2,1.6,2.9,5.5
2015,Pernambuco,Total,Pública,85,88.1,81.5,96.8,96.8,76.3,92.4,84.1,76.9,80,84.4,86.2,88,83.1,88.8,93.2,90.2,85.3,12.3,10.3,14.5,1.7,2,22.1,6.2,13.8,18.5,15.6,12.2,10.5,9.5,13.7,8.9,5,6.8,8.7,2.7,1.6,4,1.5,1.2,1.6,1.4,2.1,4.6,4.4,3.4,3.3,2.5,3.2,2.3,1.8,3,6
2015,Pernambuco,Total,Federal,96,--,96,--,--,--,--,--,96,95.1,98.1,94.8,82.6,78.7,82.8,90.6,82.3,74.5,4,--,4,--,--,--,--,--,4,4.9,1.9,5.2,15.1,17.4,15.6,8.8,15.8,21.2,0,--,0,--,--,--,--,--,0,0,0,0,2.3,3.9,1.6,0.6,1.9,4.3
2015,Pernambuco,Total,Estadual,85.9,86.9,85.9,90.2,92,78.6,93.2,84.7,83.4,84.8,87,87.7,88.1,83.3,88.9,93.2,92.5,90.1,12.5,12,12.6,8.1,6.9,19.7,6,14.5,15,13.6,11.5,11,9.4,13.6,8.8,5,4.8,3.2,1.6,1.1,1.5,1.7,1.1,1.7,0.8,0.8,1.6,1.6,1.5,1.3,2.5,3.1,2.3,1.8,2.7,6.7
2015,Pernambuco,Total,Municipal,84.8,88.1,78.8,96.9,96.8,76.3,92.4,84.1,74.3,77.8,82.5,84.7,71.5,52.2,76.2,88.6,83.8,--,12.2,10.3,15.7,1.6,1.9,22.1,6.2,13.8,19.9,16.6,12.7,10,8.6,15.5,9.5,1.8,2.8,--,3,1.6,5.5,1.5,1.3,1.6,1.4,2.1,5.8,5.6,4.8,5.3,19.9,32.3,14.3,9.6,13.4,--
2015,Pernambuco,Total,Particular,96.5,97.2,95.2,96.2,97.3,97.3,97.6,97.5,95.5,95.1,95.5,94.5,94.7,91.6,94.9,97.8,87.5,92.1,3.2,2.4,4.5,3,2.3,2.4,2.1,2.3,4.1,4.5,4.2,5.1,4.6,7.5,4.4,1.8,12.5,7.5,0.3,0.4,0.3,0.8,0.4,0.3,0.3,0.2,0.4,0.4,0.3,0.4,0.7,0.9,0.7,0.4,0,0.4
2015,Pernambuco,Urbana,Total,87.9,91.1,84.3,96.5,97,82.2,93.9,88.3,80.7,83.2,86.7,87.7,88.9,84.4,89.6,93.9,90.6,83.3,10,7.7,12.6,2.2,2.1,16.5,5.1,10.1,15.6,13.4,10.6,9.7,8.9,12.9,8.4,4.7,6.8,10.2,2.1,1.2,3.1,1.3,0.9,1.3,1,1.6,3.7,3.4,2.7,2.6,2.2,2.7,2,1.4,2.6,6.5
2015,Pernambuco,Urbana,Pública,84.6,87.9,81.4,96.6,96.7,75.8,92,84.6,76.9,79.8,84.3,85.8,88.1,83.4,88.8,93.2,90.6,82.2,12.6,10.4,14.7,1.7,2.1,22.5,6.6,13.4,18.5,15.8,12.4,11,9.6,13.6,9,5.1,6.8,10.6,2.8,1.7,3.9,1.7,1.2,1.7,1.4,2,4.6,4.4,3.3,3.2,2.3,3,2.2,1.7,2.6,7.2
2015,Pernambuco,Urbana,Federal,96,--,96,--,--,--,--,--,96,95.1,98.1,94.8,83.2,81.6,83.5,89.9,84.5,74.5,4,--,4,--,--,--,--,--,4,4.9,1.9,5.2,14.6,14,15,9.7,15.2,21.2,0,--,0,--,--,--,--,--,0,0,0,0,2.2,4.4,1.5,0.4,0.3,4.3
2015,Pernambuco,Urbana,Estadual,86.3,91.8,86.2,99.4,98.8,82.8,99.2,89.7,83.9,85.1,87.2,87.8,88.2,83.5,88.9,93.3,92.3,86.8,12.3,8,12.4,0.6,0.8,16.7,0.5,10.1,14.7,13.4,11.4,11,9.5,13.6,8.9,5.1,5.1,4.3,1.4,0.2,1.4,0,0.4,0.5,0.3,0.2,1.4,1.5,1.4,1.2,2.3,2.9,2.2,1.6,2.6,8.9
2015,Pernambuco,Urbana,Municipal,84.1,87.9,77.9,96.6,96.7,75.7,91.9,84.5,73.7,76.8,81.7,83.5,67.9,41.9,75.3,85.6,83.8,--,12.7,10.5,16.4,1.7,2.1,22.6,6.7,13.4,20.3,17.2,13.4,11,6.6,11.9,6.5,2.8,2.8,--,3.2,1.6,5.7,1.7,1.2,1.7,1.4,2.1,6,6,4.9,5.5,25.5,46.2,18.2,11.6,13.4,--
2015,Pernambuco,Urbana,Particular,96.5,97.2,95.2,96.3,97.4,97.3,97.7,97.5,95.6,95.2,95.5,94.5,94.7,91.6,94.9,97.8,87.5,92.1,3.1,2.4,4.5,2.9,2.3,2.3,2.1,2.3,4.1,4.5,4.2,5.1,4.6,7.5,4.4,1.8,12.5,7.5,0.4,0.4,0.3,0.8,0.3,0.4,0.2,0.2,0.3,0.3,0.3,0.4,0.7,0.9,0.7,0.4,0,0.4
2015,Pernambuco,Rural,Total,86.5,88.5,82.1,97.1,96.8,77.5,93.3,83.3,76.8,81.1,85,88.3,86.5,79.6,88.9,92,86.5,100,11.1,10,13.5,1.6,2,21.1,5.4,14.7,18.3,14.4,10.8,7.7,8.9,14.3,7.8,3.6,7.6,0,2.4,1.5,4.4,1.3,1.2,1.4,1.3,2,4.9,4.5,4.2,4,4.6,6.1,3.3,4.4,5.9,0
2015,Pernambuco,Rural,Pública,86.4,88.5,82,97.2,96.9,77.4,93.3,83.1,76.7,81,84.9,88.2,86.4,79.6,88.8,91.9,86.5,100,11.1,10.1,13.5,1.5,2,21.2,5.4,14.8,18.4,14.5,10.9,7.7,8.9,14.4,7.9,3.7,7.6,0,2.5,1.4,4.5,1.3,1.1,1.4,1.3,2.1,4.9,4.5,4.2,4.1,4.7,6,3.3,4.4,5.9,0
2015,Pernambuco,Rural,Federal,--,--,--,--,--,--,--,--,--,--,--,--,80.5,73.7,81,92.4,69.7,--,--,--,--,--,--,--,--,--,--,--,--,--,16.7,23.1,17.6,6.4,19.3,--,--,--,--,--,--,--,--,--,--,--,--,--,2.8,3.2,1.4,1.2,11,--
2015,Pernambuco,Rural,Estadual,82.8,84.1,82.1,88.7,90.6,77.1,89.1,77.7,77.9,80.7,84.1,86.7,87.1,80.3,89.5,91.8,94.4,100,14.5,14.3,14.6,9.4,8.2,20.9,9.8,20.6,18.3,15.6,12.8,11,8.2,13.5,7.1,3.5,2.2,0,2.7,1.6,3.3,1.9,1.2,2,1.1,1.7,3.8,3.7,3.1,2.3,4.7,6.2,3.4,4.7,3.4,0
2015,Pernambuco,Rural,Municipal,86.7,88.6,81.9,97.5,97.1,77.4,93.5,83.3,76.5,81.1,85.1,88.5,79.5,70.5,77.3,94.4,--,--,10.9,9.9,13.4,1.2,1.7,21.2,5.2,14.6,18.4,14.3,10.5,7.1,13.1,22,13.3,0,--,--,2.4,1.5,4.7,1.3,1.2,1.4,1.3,2.1,5.1,4.6,4.4,4.4,7.4,7.5,9.4,5.6,--,--
2015,Pernambuco,Rural,Particular,92.4,92,93.3,88,92.5,91.4,91.6,97.7,91.7,90.5,94.4,96.8,95.9,90.5,96.6,100,--,--,7,7.3,6.3,11.1,7.3,8.2,7.5,1.3,7.8,8.5,5.6,3.2,2.7,7.1,1.7,0,--,--,0.6,0.7,0.4,0.9,0.2,0.4,0.9,1,0.5,1,0,0,1.4,2.4,1.7,0,--,--
2015,Alagoas,Total,Total,83,88.9,75.6,95.6,96.2,78.9,94.6,83.2,69.7,74.6,78.3,82.7,75,66.1,78.1,84.5,88.6,37.9,11.9,8.6,16.1,1.8,1.9,18.6,3.3,13.4,21.1,17.1,14,9.5,11.2,15.9,9.2,6.4,6.7,58.6,5.1,2.5,8.3,2.6,1.9,2.5,2.1,3.4,9.2,8.3,7.7,7.8,13.8,18,12.7,9.1,4.7,3.5
2015,Alagoas,Total,Pública,80.7,87.1,72.7,94.8,95.6,75.9,93.7,81.2,66.4,71.9,75.7,80.6,71.6,62.4,74.8,81.6,88.4,15,13.4,10,17.7,2.1,2.3,21.2,3.9,15.1,23.3,18.7,15.5,10.3,12.4,17.1,10.3,7.5,6.9,85,5.9,2.9,9.6,3.1,2.1,2.9,2.4,3.7,10.3,9.4,8.8,9.1,16,20.5,14.9,10.9,4.7,0
2015,Alagoas,Total,Federal,--,--,--,--,--,--,--,--,--,--,--,--,73.2,60.2,75.9,78.5,89,15,--,--,--,--,--,--,--,--,--,--,--,--,21.8,31.2,21.3,17.3,8.8,85,--,--,--,--,--,--,--,--,--,--,--,--,5,8.6,2.8,4.2,2.2,0
2015,Alagoas,Total,Estadual,72.7,83.3,70.2,87.5,90.7,73.6,89.5,80.4,62.1,68.9,73.4,77.8,71.5,62.5,74.7,81.8,87.4,--,17.2,12.1,18.4,5.2,5.8,21.7,7.2,15.1,24.5,19.7,16.4,11.8,11.9,16.5,9.8,7.1,3.5,--,10.1,4.6,11.4,7.3,3.5,4.7,3.3,4.5,13.4,11.4,10.2,10.4,16.6,21,15.5,11.1,9.1,--
2015,Alagoas,Total,Municipal,81.9,87.3,73.5,95.1,95.8,76,94,81.2,67.5,72.8,76.4,81.6,84.2,--,--,--,84.2,--,12.9,9.9,17.5,2,2.1,21.2,3.7,15.1,23,18.3,15.2,9.7,0,--,--,--,0,--,5.2,2.8,9,2.9,2.1,2.8,2.3,3.7,9.5,8.9,8.4,8.7,15.8,--,--,--,15.8,--
2015,Alagoas,Total,Particular,96.5,98.2,93.9,99,98.9,97.1,99.2,96.8,94.2,93.5,94.2,93.9,94.5,90.7,95.2,98,100,88.9,2.9,1.2,5.4,0.4,0.4,2.4,0.4,2.7,5.2,5.9,5.2,5.3,4.5,7.7,3.8,1.6,0,0,0.6,0.6,0.7,0.6,0.7,0.5,0.4,0.5,0.6,0.6,0.6,0.8,1,1.6,1,0.4,0,11.1
2015,Alagoas,Urbana,Total,82.6,89.4,75.4,95.1,95.9,80.3,93.9,84.9,69.8,74.4,77.9,82.2,74.8,65.8,78,84.3,88.6,37.9,11.9,7.9,16,2,2.1,17.1,3.9,11.6,20.8,16.9,14.3,9.7,11.4,16.2,9.4,6.6,6.7,58.6,5.5,2.7,8.6,2.9,2,2.6,2.2,3.5,9.4,8.7,7.8,8.1,13.8,18,12.6,9.1,4.7,3.5
2015,Alagoas,Urbana,Pública,79.2,86.8,71.8,93.6,94.8,76,92.4,82.1,65.6,71,74.6,79.4,71.2,61.9,74.5,81.2,88.4,15,14,9.9,18,2.6,2.7,20.8,4.9,13.7,23.4,18.9,16.2,10.8,12.7,17.5,10.5,7.7,6.9,85,6.8,3.3,10.2,3.8,2.5,3.2,2.7,4.2,11,10.1,9.2,9.8,16.1,20.6,15,11.1,4.7,0
2015,Alagoas,Urbana,Federal,--,--,--,--,--,--,--,--,--,--,--,--,73.2,60.2,75.9,78.5,89,15,--,--,--,--,--,--,--,--,--,--,--,--,21.8,31.2,21.3,17.3,8.8,85,--,--,--,--,--,--,--,--,--,--,--,--,5,8.6,2.8,4.2,2.2,0
2015,Alagoas,Urbana,Estadual,72.2,83,69.8,86.4,90.6,73.4,88.8,80.6,62,68.4,73,77.4,71,62,74.5,81.3,87.4,--,17.4,12.1,18.6,5.6,5.5,21.6,7.7,14.8,24.4,20,16.6,12,12.2,16.8,10.1,7.3,3.5,--,10.4,4.9,11.6,8,3.9,5,3.5,4.6,13.6,11.6,10.4,10.6,16.8,21.2,15.4,11.4,9.1,--
2015,Alagoas,Urbana,Municipal,80.7,87.1,72.6,94.1,95.1,76.2,92.6,82.2,66.8,72,75.3,80.4,84.2,--,--,--,84.2,--,13.3,9.8,17.8,2.4,2.5,20.8,4.7,13.7,23.1,18.5,15.9,10.2,0,--,--,--,0,--,6,3.1,9.6,3.5,2.4,3,2.7,4.1,10.1,9.5,8.8,9.4,15.8,--,--,--,15.8,--
2015,Alagoas,Urbana,Particular,96.5,98.2,93.9,99,98.9,97.1,99.2,96.8,94.2,93.5,94.1,93.9,94.5,90.7,95.2,98,100,88.9,2.9,1.2,5.4,0.4,0.4,2.4,0.5,2.7,5.2,5.9,5.2,5.3,4.5,7.7,3.8,1.6,0,0,0.6,0.6,0.7,0.6,0.7,0.5,0.3,0.5,0.6,0.6,0.7,0.8,1,1.6,1,0.4,0,11.1
2015,Alagoas,Rural,Total,84.3,87.8,76.4,96.8,96.9,75.8,96.2,79.6,69.3,75.5,80.2,85.6,79.4,72.9,79.6,88.7,--,--,11.9,10,16.5,1.2,1.5,21.8,2,17.2,22.7,17.8,12.7,8,6.7,10.5,5.2,2.6,--,--,3.8,2.2,7.1,2,1.6,2.4,1.8,3.2,8,6.7,7.1,6.4,13.9,16.6,15.2,8.7,--,--
2015,Alagoas,Rural,Pública,84.3,87.7,76.3,96.8,96.8,75.6,96.2,79.5,69.2,75.4,80.1,85.6,79.4,72.9,79.6,88.7,--,--,12,10,16.5,1.2,1.6,22,2,17.3,22.8,17.8,12.8,8,6.7,10.5,5.2,2.6,--,--,3.7,2.3,7.2,2,1.6,2.4,1.8,3.2,8,6.8,7.1,6.4,13.9,16.6,15.2,8.7,--,--
2015,Alagoas,Rural,Estadual,80.5,86.5,77.8,97.7,92,75.6,96.7,79,64.7,79.5,82.1,84.6,79.4,72.9,79.6,88.7,--,--,14.4,11.9,15.6,1.2,8,22.8,2.2,17.9,26.5,14.2,12.7,9.1,6.7,10.5,5.2,2.6,--,--,5.1,1.6,6.6,1.1,0,1.6,1.1,3.1,8.8,6.3,5.2,6.3,13.9,16.6,15.2,8.7,--,--
2015,Alagoas,Rural,Municipal,84.4,87.7,76.2,96.8,96.9,75.6,96.2,79.5,69.4,75.1,80,85.7,--,--,--,--,--,--,11.9,10,16.6,1.2,1.5,22,2,17.3,22.6,18,12.8,7.9,--,--,--,--,--,--,3.7,2.3,7.2,2,1.6,2.4,1.8,3.2,8,6.9,7.2,6.4,--,--,--,--,--,--
2015,Alagoas,Rural,Particular,97.5,97.7,96.7,98.3,99.2,97.4,100,94.2,94,95.2,100,100,--,--,--,--,--,--,1,0.7,2.7,0,0,1.3,0,1.7,6,2.4,0,0,--,--,--,--,--,--,1.5,1.6,0.6,1.7,0.8,1.3,0,4.1,0,2.4,0,0,--,--,--,--,--,--
2015,Sergipe,Total,Total,79.3,86.3,70.2,97.8,95,79.1,79.6,84.7,61.8,68.4,75.4,80.7,71.4,60.5,74.9,85.6,87.5,74,16.4,11.5,22.7,0.6,3.4,18.8,17.8,12.4,30.5,24.5,18.3,12.6,15.2,22,13.1,6.2,0,4.1,4.3,2.2,7.1,1.6,1.6,2.1,2.6,2.9,7.7,7.1,6.3,6.7,13.4,17.5,12,8.2,12.5,21.9
2015,Sergipe,Total,Pública,74.9,82.9,65.1,97.4,93.7,74.5,75.2,81.5,56.1,62.9,70.9,77.2,66.8,55.2,71,82.6,87.5,59,19.7,14.4,26.4,0.6,4.2,22.9,21.6,14.9,34.9,28.4,21.3,14.4,16.9,24.1,14.3,7.2,0,0,5.4,2.7,8.5,2,2.1,2.6,3.2,3.6,9,8.7,7.8,8.4,16.3,20.7,14.7,10.2,12.5,41
2015,Sergipe,Total,Federal,--,--,--,--,--,--,--,--,--,--,--,--,80.6,54.5,92.7,97.2,87.5,--,--,--,--,--,--,--,--,--,--,--,--,--,10.8,22.7,7.3,2.8,0,--,--,--,--,--,--,--,--,--,--,--,--,--,8.6,22.8,0,0,12.5,--
2015,Sergipe,Total,Estadual,70.7,83.6,62.6,97.3,97.6,71.5,78.5,84.7,54.3,59.9,66.9,72.1,66.7,55.2,70.9,82.5,--,59,22.7,13.7,28.4,0.1,0.2,25.7,18.6,12.4,36.4,31.1,24.6,18.7,16.9,24.1,14.3,7.2,--,0,6.6,2.7,9,2.6,2.2,2.8,2.9,2.9,9.3,9,8.5,9.2,16.4,20.7,14.8,10.3,--,41
2015,Sergipe,Total,Municipal,76.7,82.7,66.7,97.4,92.9,75.2,74.3,80.5,57.1,64.8,73.8,81.8,--,--,--,--,--,--,18.5,14.5,25,0.7,5.1,22.2,22.5,15.8,34,26.6,18.8,10.5,--,--,--,--,--,--,4.8,2.8,8.3,1.9,2,2.6,3.2,3.7,8.9,8.6,7.4,7.7,--,--,--,--,--,--
2015,Sergipe,Total,Particular,96,97.8,92.9,98.7,98.5,97,97.5,97.3,92.5,92.3,93.3,93.8,92.1,89,91.7,96.5,--,91.2,3.7,1.8,6.7,0.8,1.1,2.7,2.2,2.4,7.2,7.4,6.3,5.8,7.4,10.6,7.9,2.8,--,8.8,0.3,0.4,0.4,0.5,0.4,0.3,0.3,0.3,0.3,0.3,0.4,0.4,0.5,0.4,0.4,0.7,--,0
2015,Sergipe,Urbana,Total,79.5,87.4,70.5,97.6,94.9,80.3,81.9,86.1,62.6,68.7,75.4,79.9,71.4,60.5,74.9,85.7,87.5,74,16.2,10.3,22.8,0.7,3.4,17.5,15.5,11.1,30.1,24.6,18.7,13.5,15.3,22.2,13.2,6.3,0,4.1,4.3,2.3,6.7,1.7,1.7,2.2,2.6,2.8,7.3,6.7,5.9,6.6,13.3,17.3,11.9,8,12.5,21.9
2015,Sergipe,Urbana,Pública,73.3,82.6,63.9,96.9,92.8,73.5,75.8,81.7,55.3,61.6,69.5,75.1,66.5,54.9,70.6,82.5,87.5,59,20.9,14.3,27.6,0.7,4.7,23.6,20.6,14.5,35.8,29.8,22.8,16.2,17.2,24.5,14.5,7.3,0,0,5.8,3.1,8.5,2.4,2.5,2.9,3.6,3.8,8.9,8.6,7.7,8.7,16.3,20.6,14.9,10.2,12.5,41
2015,Sergipe,Urbana,Federal,--,--,--,--,--,--,--,--,--,--,--,--,81.5,56.3,92.7,97.2,87.5,--,--,--,--,--,--,--,--,--,--,--,--,--,10.9,23.4,7.3,2.8,0,--,--,--,--,--,--,--,--,--,--,--,--,--,7.6,20.3,0,0,12.5,--
2015,Sergipe,Urbana,Estadual,70.6,83.7,62.5,97.3,97.6,71.4,78.7,85,54.4,60.1,66.8,71.7,66.4,54.9,70.6,82.4,--,59,22.7,13.5,28.5,0,0.2,25.7,18.4,12.1,36.4,31,24.7,19,17.2,24.5,14.6,7.3,--,0,6.7,2.8,9,2.7,2.2,2.9,2.9,2.9,9.2,8.9,8.5,9.3,16.4,20.6,14.8,10.3,--,41
2015,Sergipe,Urbana,Municipal,75.1,82,65.2,96.8,90.9,74.5,74.5,79.8,56.1,63,72.7,80.1,--,--,--,--,--,--,19.7,14.7,26.7,0.9,6.5,22.6,21.6,15.8,35.2,28.7,20.5,12.1,--,--,--,--,--,--,5.2,3.3,8.1,2.3,2.6,2.9,3.9,4.4,8.7,8.3,6.8,7.8,--,--,--,--,--,--
2015,Sergipe,Urbana,Particular,96,97.9,93,98.7,98.6,97,97.7,97.4,92.6,92.4,93.3,93.8,92.1,89,91.7,96.5,--,91.2,3.7,1.8,6.7,0.8,1.1,2.6,2.1,2.3,7.1,7.3,6.2,5.8,7.4,10.6,7.9,2.8,--,8.8,0.3,0.3,0.3,0.5,0.3,0.4,0.2,0.3,0.3,0.3,0.5,0.4,0.5,0.4,0.4,0.7,--,0
2015,Sergipe,Rural,Total,78.7,83.6,69,98.2,95.4,76.3,74.5,81.4,58.5,67.5,75.2,84.4,71.7,60.4,76.4,84.3,--,--,17,14.3,22.3,0.4,3.3,21.7,23.1,15.6,32.1,23.6,16.6,8.1,11.7,17.5,9.7,4.8,--,--,4.3,2.1,8.7,1.4,1.3,2,2.4,3,9.4,8.9,8.2,7.5,16.6,22.1,13.9,10.9,--,--
2015,Sergipe,Rural,Pública,78.5,83.4,68.9,98.2,95.4,76.1,74.3,81.3,58.4,67.4,75.1,84.3,71.7,60.4,76.4,84.3,--,--,17.1,14.5,22.4,0.4,3.3,21.9,23.3,15.7,32.1,23.7,16.6,8.1,11.7,17.5,9.7,4.8,--,--,4.4,2.1,8.7,1.4,1.3,2,2.4,3,9.5,8.9,8.3,7.6,16.6,22.1,13.9,10.9,--,--
2015,Sergipe,Rural,Federal,--,--,--,--,--,--,--,--,--,--,--,--,0,0,--,--,--,--,--,--,--,--,--,--,--,--,--,--,--,--,0,0,--,--,--,--,--,--,--,--,--,--,--,--,--,--,--,--,100,100,--,--,--,--
2015,Sergipe,Rural,Estadual,71.6,81.3,63.2,97.9,98.5,72.7,76.8,80.1,51.6,57.1,69,81.8,71.8,60.5,76.4,84.3,--,--,22.4,16.6,27.3,0.5,0,25.6,21.1,17.1,37,33.5,22.3,10.7,11.7,17.5,9.7,4.8,--,--,6,2.1,9.5,1.6,1.5,1.7,2.1,2.8,11.4,9.4,8.7,7.5,16.5,22,13.9,10.9,--,--
2015,Sergipe,Rural,Municipal,78.9,83.5,69.4,98.2,95.3,76.2,74.2,81.3,58.9,68.2,75.7,84.5,--,--,--,--,--,--,16.9,14.4,22,0.4,3.3,21.8,23.4,15.7,31.8,22.9,16.1,7.9,--,--,--,--,--,--,4.2,2.1,8.6,1.4,1.4,2,2.4,3,9.3,8.9,8.2,7.6,--,--,--,--,--,--
2015,Sergipe,Rural,Particular,93.7,95.9,83.5,98.8,97.8,95.1,91,95.6,79.3,79.5,84.6,100,--,--,--,--,--,--,6,3.8,15.8,0.6,2.2,4.9,8.2,4.4,19,20.5,15.4,0,--,--,--,--,--,--,0.3,0.3,0.7,0.6,0,0,0.8,0,1.7,0,0,0,--,--,--,--,--,--
2015,Bahia,Total,Total,82,87.2,75.7,96.5,95.1,78.4,83.6,85.9,69.8,73.9,78.8,83.1,76.1,67.2,79.6,85.1,87.2,96.9,14,10.4,18.3,1.6,3.2,19,13.7,11.3,22.9,19.9,15.9,12.1,16.4,23.2,13.6,9.5,9.5,0.8,4,2.4,6,1.9,1.7,2.6,2.7,2.8,7.3,6.2,5.3,4.8,7.5,9.6,6.8,5.4,3.3,2.3
2015,Bahia,Total,Pública,79.8,85.3,73.6,96.4,94.5,75.3,81.3,84.1,67.3,71.7,77,81.7,74.4,65.2,78.1,83.9,86.7,93.5,15.6,11.9,19.7,1.4,3.5,21.8,15.6,12.7,24.7,21.4,17.1,12.9,17.4,24.3,14.5,10.3,9.8,1.6,4.6,2.8,6.7,2.2,2,2.9,3.1,3.2,8,6.9,5.9,5.4,8.2,10.5,7.4,5.8,3.5,4.9
2015,Bahia,Total,Federal,96.1,--,96.1,--,--,--,--,--,93.3,92.2,99.1,98.4,78.9,67.1,84.6,87.2,88.3,--,3.9,--,3.9,--,--,--,--,--,6.7,7.8,0.9,1.6,16.8,26.8,12.7,9.4,7.7,--,0,--,0,--,--,--,--,--,0,0,0,0,4.3,6.1,2.7,3.4,4,--
2015,Bahia,Total,Estadual,69.1,79.4,68.8,94,95.3,71.8,74.3,77.9,62.2,66.8,71.1,75.1,74.3,65.1,78,83.7,86.3,93.5,25.7,17.6,26,1.8,2,24.5,23.3,19.3,31.5,28,24,20.4,17.5,24.4,14.6,10.4,10.7,1.6,5.2,3,5.2,4.2,2.7,3.7,2.4,2.8,6.3,5.2,4.9,4.5,8.2,10.5,7.4,5.9,3,4.9
2015,Bahia,Total,Municipal,81.3,85.4,75.1,96.4,94.5,75.3,81.4,84.2,68.6,73.2,79.1,84.7,79.1,67.8,81.4,91.3,88.9,--,14.2,11.9,17.7,1.4,3.5,21.8,15.5,12.6,23,19.4,14.6,9.6,8.6,14.6,8.2,1.8,0.3,--,4.5,2.7,7.2,2.2,2,2.9,3.1,3.2,8.4,7.4,6.3,5.7,12.3,17.6,10.4,6.9,10.8,--
2015,Bahia,Total,Particular,95.9,97.5,93,97.2,97.9,97.7,97.4,97.3,93,92.4,93.1,93.6,93.2,89.2,94.4,97,98.6,100,3.8,2.1,6.7,2.2,1.8,2,2.3,2.4,6.6,7.2,6.7,6.1,6.3,10.1,5.1,2.6,0.7,0,0.3,0.4,0.3,0.6,0.3,0.3,0.3,0.3,0.4,0.4,0.2,0.3,0.5,0.7,0.5,0.4,0.7,0
2015,Bahia,Urbana,Total,82.1,88.4,75.4,96.3,95.2,79.9,86,87.4,70.3,73.6,78.1,82,75.8,66.8,79.3,84.8,87.3,96.9,14,9.4,18.9,1.8,3.2,17.7,11.5,10.1,22.8,20.4,16.9,13.4,16.7,23.6,14,9.8,9.6,0.8,3.9,2.2,5.7,1.9,1.6,2.4,2.5,2.5,6.9,6,5,4.6,7.5,9.6,6.7,5.4,3.1,2.3
2015,Bahia,Urbana,Pública,78.9,85.7,72.6,95.9,94.3,75.1,83,84.9,66.9,70.6,75.6,80,74,64.8,77.7,83.4,87.2,93.5,16.3,11.5,20.9,1.7,3.7,21.9,14,12,25.3,22.5,18.7,14.7,17.8,24.8,14.9,10.6,9.7,1.6,4.8,2.8,6.5,2.4,2,3,3,3.1,7.8,6.9,5.7,5.3,8.2,10.4,7.4,6,3.1,4.9
2015,Bahia,Urbana,Federal,96.1,--,96.1,--,--,--,--,--,93.3,92.2,99.1,98.4,77,64.7,82,85.5,88.3,--,3.9,--,3.9,--,--,--,--,--,6.7,7.8,0.9,1.6,18.7,29.6,15,10.9,7.7,--,0,--,0,--,--,--,--,--,0,0,0,0,4.3,5.7,3,3.6,4,--
2015,Bahia,Urbana,Estadual,69,79.8,68.7,94.6,94.8,72.6,75.4,78.7,62.2,66.7,71.1,75,74,64.8,77.7,83.4,86.7,93.5,25.9,18.3,26.1,2.8,2.8,25.6,22.8,19.4,31.6,28.1,24.1,20.6,17.8,24.7,14.9,10.7,10.4,1.6,5.1,1.9,5.2,2.6,2.4,1.8,1.8,1.9,6.2,5.2,4.8,4.4,8.2,10.5,7.4,5.9,2.9,4.9
2015,Bahia,Urbana,Municipal,81,85.8,74.4,95.9,94.3,75.2,83.1,85,68.7,72.4,78,83.2,77.3,65.6,79.5,89.3,93,--,14.4,11.5,18.4,1.7,3.7,21.9,13.8,11.9,22.9,20.1,15.9,10.9,10.9,18.2,10.4,2.6,0.6,--,4.6,2.7,7.2,2.4,2,2.9,3.1,3.1,8.4,7.5,6.1,5.9,11.8,16.2,10.1,8.1,6.4,--
2015,Bahia,Urbana,Particular,95.9,97.5,93,97.2,97.9,97.8,97.5,97.4,93.2,92.4,93.1,93.6,93.2,89.3,94.4,97.1,100,100,3.8,2.1,6.6,2.2,1.8,2,2.3,2.4,6.5,7.2,6.6,6.1,6.3,10.2,5.2,2.6,0,0,0.3,0.4,0.4,0.6,0.3,0.2,0.2,0.2,0.3,0.4,0.3,0.3,0.5,0.5,0.4,0.3,0,0
2015,Bahia,Rural,Total,81.7,84.7,76.5,97,94.8,75.6,78.9,83,68.3,75,81,87.2,82.2,73.9,84.9,91.4,85,--,13.9,12.5,16.3,1,3.3,21.5,17.9,13.7,23.2,17.9,12.4,7.3,10,15.5,8.2,4,7.8,--,4.4,2.8,7.2,2,1.9,2.9,3.2,3.3,8.5,7.1,6.6,5.5,7.8,10.6,6.9,4.6,7.2,--
2015,Bahia,Rural,Pública,81.7,84.7,76.4,97,94.8,75.5,78.8,83,68.2,74.9,81,87.2,81.4,73,84.2,91.1,75.9,--,14,12.6,16.4,1,3.3,21.6,18,13.7,23.3,18,12.4,7.3,10.3,15.9,8.5,4,12.5,--,4.3,2.7,7.2,2,1.9,2.9,3.2,3.3,8.5,7.1,6.6,5.5,8.3,11.1,7.3,4.9,11.6,--
2015,Bahia,Rural,Federal,--,--,--,--,--,--,--,--,--,--,--,--,90.3,81.9,96.6,94.4,--,--,--,--,--,--,--,--,--,--,--,--,--,--,5.2,9.4,1.8,3.2,--,--,--,--,--,--,--,--,--,--,--,--,--,--,4.5,8.7,1.6,2.4,--,--
2015,Bahia,Rural,Estadual,72.9,78.2,71.6,92.9,96.6,69.5,69.1,74.3,64.1,71.1,73,78.5,81,72.9,83.7,90.7,71.5,--,20.9,15.2,22.4,0,0,21.4,25.4,19,28.2,23.3,21.8,15.9,11.1,16.8,9.2,4.4,20.7,--,6.2,6.6,6,7.1,3.4,9.1,5.5,6.7,7.7,5.6,5.2,5.6,7.9,10.3,7.1,4.9,7.8,--
2015,Bahia,Rural,Municipal,81.8,84.7,76.6,97,94.8,75.6,78.9,83,68.3,75,81.2,87.5,80.1,69.2,82.3,92.3,82.8,--,13.9,12.6,16.2,1,3.3,21.6,17.9,13.7,23.2,17.9,12.1,6.9,7.3,12.4,7.1,1.4,0,--,4.3,2.7,7.2,2,1.9,2.8,3.2,3.3,8.5,7.1,6.7,5.6,12.6,18.4,10.6,6.3,17.2,--
2015,Bahia,Rural,Particular,93.7,97,90.2,97.8,98.6,95.6,97,95.6,84,92.2,90.5,94.5,93.1,88.3,95.8,94.5,98,--,5.8,2.4,9.4,1.1,0.8,4.1,2.4,4.1,15.8,7.1,9,5.2,5.2,9.3,3,4.2,1,--,0.5,0.6,0.4,1.1,0.6,0.3,0.6,0.3,0.2,0.7,0.5,0.3,1.7,2.4,1.2,1.3,1,--
2015,Minas Gerais,Total,Total,93,97.9,87.8,99.2,99.1,96.1,98,97,86.4,87.2,87.9,89.6,81.1,75,83.5,88,81.4,87.9,5.7,1.8,9.9,0.5,0.7,3.7,1.8,2.5,11.5,10.6,9.5,7.8,12.2,17.1,10.2,7.6,5.4,5.1,1.3,0.3,2.3,0.3,0.2,0.2,0.2,0.5,2.1,2.2,2.6,2.6,6.7,7.9,6.3,4.4,13.2,7
2015,Minas Gerais,Total,Pública,92.5,97.7,87,99.2,99.1,95.7,97.9,96.9,85.4,86.4,87.2,89,79.7,73.5,82.1,86.8,81.4,84.3,6.1,1.9,10.4,0.5,0.7,4,1.8,2.7,12.4,11.2,9.9,8.1,12.9,17.9,10.8,8.2,5.5,15,1.4,0.4,2.6,0.3,0.2,0.3,0.3,0.4,2.2,2.4,2.9,2.9,7.4,8.6,7.1,5,13.1,0.7
2015,Minas Gerais,Total,Federal,95.4,97.7,94,99.5,97.1,98.6,99.5,94,91,96.9,94.1,94,85.9,79.6,88.3,94.1,75,84.3,4.4,2.2,5.8,0,2.9,1.4,0.5,6,9,2.9,5.5,6,12.5,18,10.7,4.8,25,15,0.2,0.1,0.2,0.5,0,0,0,0,0,0.2,0.4,0,1.6,2.4,1,1.1,0,0.7
2015,Minas Gerais,Total,Estadual,90.6,99.3,86.4,99.5,99.5,99.3,99.4,98.7,85.5,85.9,86,88.2,79.6,73.3,81.9,86.6,81.3,--,7.4,0.4,10.7,0.1,0.3,0.5,0.4,0.9,12.2,11.5,10.7,8.6,13,17.9,10.8,8.3,5.4,--,2,0.3,2.9,0.4,0.2,0.2,0.2,0.4,2.3,2.6,3.3,3.2,7.4,8.8,7.3,5.1,13.3,--
2015,Minas Gerais,Total,Municipal,94.4,97,88.3,99.1,98.9,94,97.1,95.9,85.1,87.4,90.1,91.3,84,75.3,87.4,93.9,94.7,--,4.7,2.7,9.7,0.6,0.9,5.8,2.5,3.6,12.8,10.5,7.9,6.7,11,17.7,8.3,3.7,0,--,0.9,0.3,2,0.3,0.2,0.2,0.4,0.5,2.1,2.1,2,2,5,7,4.3,2.4,5.3,--
2015,Minas Gerais,Total,Particular,97.3,99,95,99.2,99.3,98.9,98.7,98.5,95.6,94.7,94.9,94.8,93.6,90.1,94.7,96.7,92,89.7,2.7,1,4.9,0.7,0.7,1.1,1.3,1.5,4.3,5.2,5,5.2,6,9.5,5,2.9,0.9,0,0,0,0.1,0.1,0,0,0,0,0.1,0.1,0.1,0,0.4,0.4,0.3,0.4,7.1,10.3
2015,Minas Gerais,Urbana,Total,92.8,97.9,87.6,99.2,99.1,96,98,97.1,86.4,87,87.7,89.3,80.9,74.7,83.3,87.8,81.5,87.9,5.9,1.8,10.1,0.5,0.7,3.8,1.7,2.5,11.6,10.8,9.7,8.1,12.4,17.3,10.3,7.7,5.4,5.1,1.3,0.3,2.3,0.3,0.2,0.2,0.3,0.4,2,2.2,2.6,2.6,6.7,8,6.4,4.5,13.1,7
2015,Minas Gerais,Urbana,Pública,92.2,97.8,86.7,99.2,99.1,95.6,97.9,96.9,85.2,86.1,86.9,88.7,79.5,73.2,81.9,86.7,81.4,84.3,6.3,1.9,10.7,0.5,0.7,4.1,1.8,2.6,12.5,11.4,10.2,8.4,13.1,18.1,11,8.4,5.5,15,1.5,0.3,2.6,0.3,0.2,0.3,0.3,0.5,2.3,2.5,2.9,2.9,7.4,8.7,7.1,4.9,13.1,0.7
2015,Minas Gerais,Urbana,Federal,95.4,97.7,94,99.5,97.1,98.6,99.5,94,91,96.9,94.1,94,86.2,79.4,88.1,96.1,75,84.3,4.4,2.2,5.8,0,2.9,1.4,0.5,6,9,2.9,5.5,6,12.9,19.3,11.1,3.4,25,15,0.2,0.1,0.2,0.5,0,0,0,0,0,0.2,0.4,0,0.9,1.3,0.8,0.5,0,0.7
2015,Minas Gerais,Urbana,Estadual,90.5,99.3,86.3,99.5,99.5,99.4,99.4,98.7,85.5,85.7,85.9,88,79.3,73,81.7,86.4,81.4,--,7.5,0.4,10.9,0.1,0.3,0.4,0.3,0.8,12.2,11.7,10.9,8.8,13.2,18.1,11,8.5,5.5,--,2,0.3,2.8,0.4,0.2,0.2,0.3,0.5,2.3,2.6,3.2,3.2,7.5,8.9,7.3,5.1,13.1,--
2015,Minas Gerais,Urbana,Municipal,94.2,96.9,87.8,99.1,98.9,93.6,97.1,95.9,84.7,87.1,89.6,90.6,83.9,75.5,86.9,93.5,94.7,--,5,2.8,10.2,0.6,0.9,6.2,2.6,3.7,13.2,10.9,8.4,7.5,11.3,17.9,8.7,4,0,--,0.8,0.3,2,0.3,0.2,0.2,0.3,0.4,2.1,2,2,1.9,4.8,6.6,4.4,2.5,5.3,--
2015,Minas Gerais,Urbana,Particular,97.3,99,95,99.2,99.3,99,98.7,98.5,95.6,94.7,94.9,94.8,93.6,90.1,94.7,96.7,92,89.7,2.7,1,4.9,0.7,0.7,1,1.3,1.5,4.3,5.2,5,5.2,6,9.6,5,3,0.9,0,0,0,0.1,0.1,0,0,0,0,0.1,0.1,0.1,0,0.4,0.3,0.3,0.3,7.1,10.3
2015,Minas Gerais,Rural,Total,95.3,97.7,90.9,99.1,99,96.5,97.7,96.3,87.5,89.8,92.1,94.4,88.8,84.4,91,93.6,74.2,--,3.6,2,6.7,0.5,0.8,3.2,2,3.2,10.6,7.8,5.3,2.9,6,8.9,4.3,3.4,0,--,1.1,0.3,2.4,0.4,0.2,0.3,0.3,0.5,1.9,2.4,2.6,2.7,5.2,6.7,4.7,3,25.8,--
2015,Minas Gerais,Rural,Pública,95.3,97.7,90.9,99.1,98.9,96.5,97.7,96.3,87.4,89.8,92.1,94.4,88.5,83.9,90.8,93.2,74.2,--,3.6,2,6.7,0.5,0.8,3.2,2,3.2,10.6,7.8,5.3,2.9,6.2,9.2,4.4,3.6,0,--,1.1,0.3,2.4,0.4,0.3,0.3,0.3,0.5,2,2.4,2.6,2.7,5.3,6.9,4.8,3.2,25.8,--
2015,Minas Gerais,Rural,Federal,--,--,--,--,--,--,--,--,--,--,--,--,85,80.3,88.9,88.6,--,--,--,--,--,--,--,--,--,--,--,--,--,--,11.4,14.5,9.4,8.6,--,--,--,--,--,--,--,--,--,--,--,--,--,--,3.6,5.2,1.7,2.8,--,--
2015,Minas Gerais,Rural,Estadual,93.2,98.4,89.8,99.5,98.6,98.3,98.7,97.3,86.2,89.5,90.7,92.7,89.6,85.5,91.3,94.3,74.2,--,4.9,1.1,7.3,0.1,1.1,1.4,0.8,2,11.8,7.7,6,4.1,4.6,7.3,3.1,2.3,0,--,1.9,0.5,2.9,0.4,0.3,0.3,0.5,0.7,2,2.8,3.3,3.2,5.8,7.2,5.6,3.4,25.8,--
2015,Minas Gerais,Rural,Municipal,95.9,97.6,91.6,99,99,96.2,97.5,96.1,88.2,90,93,95.5,85.4,72.9,93.2,99.1,--,--,3.2,2.1,6.3,0.5,0.7,3.5,2.2,3.4,10,7.9,4.8,2.2,7.7,15.5,2.3,0,--,--,0.9,0.3,2.1,0.5,0.3,0.3,0.3,0.5,1.8,2.1,2.2,2.3,6.9,11.6,4.5,0.9,--,--
2015,Minas Gerais,Rural,Particular,96.2,98.4,95,98.4,100,95.2,100,100,98.3,92.1,92.7,97.4,95.2,92.8,94.3,99.4,--,--,2.7,1.2,3.5,0,0,4.8,0,0,0.9,6.3,5.7,0.9,1.6,2.1,2.2,0.3,--,--,1.1,0.4,1.5,1.6,0,0,0,0,0.8,1.6,1.6,1.7,3.2,5.1,3.5,0.3,--,--
2015,Espírito Santo,Total,Total,88.3,93,82,98.3,97.1,86.8,90.7,93.3,79.1,79.7,82.6,88,79.6,70,82.4,92,93.8,96.5,10.6,6.5,16.1,1.3,2.6,12.8,8.7,6.1,18.9,18.1,15.5,10.3,15.7,23.5,13.3,5.6,4.8,1.2,1.1,0.5,1.9,0.4,0.3,0.4,0.6,0.6,2,2.2,1.9,1.7,4.7,6.5,4.3,2.4,1.4,2.3
2015,Espírito Santo,Total,Pública,87,92.1,80.1,98.1,96.7,85.2,89.6,92.6,77,77.5,80.7,86.9,77.2,67.3,80.4,90.5,93.4,96.5,11.8,7.4,17.7,1.5,3,14.3,9.7,6.7,20.8,20,17.1,11.2,17.4,25.5,14.7,6.6,5.1,1.2,1.2,0.5,2.2,0.4,0.3,0.5,0.7,0.7,2.2,2.5,2.2,1.9,5.4,7.2,4.9,2.9,1.5,2.3
2015,Espírito Santo,Total,Federal,--,--,--,--,--,--,--,--,--,--,--,--,88.1,81.7,88,92.7,95.2,96.5,--,--,--,--,--,--,--,--,--,--,--,--,10.3,16.8,10.3,5.6,3.8,1.2,--,--,--,--,--,--,--,--,--,--,--,--,1.6,1.5,1.7,1.7,1,2.3
2015,Espírito Santo,Total,Estadual,84.6,93.3,79.2,98.2,98.7,87.2,91.5,93.5,77.7,77.2,79.2,82.9,76.5,66.6,79.9,90.4,89.2,--,13.9,6.3,18.6,1.4,1.1,12.4,8,6,20.5,20.3,18.4,14.9,17.8,25.9,14.9,6.6,8.2,--,1.5,0.4,2.2,0.4,0.2,0.4,0.5,0.5,1.8,2.5,2.4,2.2,5.7,7.5,5.2,3,2.6,--
2015,Espírito Santo,Total,Municipal,87.7,91.8,80.6,98,96.3,84.8,89.2,92.4,76.7,77.7,81.7,89.7,95.9,96.2,94.4,100,92.9,--,11.1,7.6,17.2,1.5,3.4,14.7,10.1,6.8,20.9,19.9,16.3,8.7,1.4,0,0,0,7.1,--,1.2,0.6,2.2,0.5,0.3,0.5,0.7,0.8,2.4,2.4,2,1.6,2.7,3.8,5.6,0,0,--
2015,Espírito Santo,Total,Particular,97.7,99.2,95.5,99.8,99.8,98.7,99.1,98.7,96.4,96,94.9,94.7,94.9,91.3,94.7,99.3,97.3,--,2.3,0.8,4.4,0.2,0.2,1.3,0.9,1.3,3.6,4,5,5.2,4.8,8.4,4.9,0.7,1.3,--,0,0,0.1,0,0,0,0,0,0,0,0.1,0.1,0.3,0.3,0.4,0,1.4,--
2015,Espírito Santo,Urbana,Total,88,93,81.7,98.3,97,87.1,90.6,93.2,78.9,79.5,82.2,87.6,79.2,69.5,82.1,91.8,93.1,98.6,10.8,6.5,16.3,1.3,2.6,12.4,8.8,6.1,19.1,18.3,15.9,10.7,16,24,13.6,5.7,5.4,0,1.2,0.5,2,0.4,0.4,0.5,0.6,0.7,2,2.2,1.9,1.7,4.8,6.5,4.3,2.5,1.5,1.4
2015,Espírito Santo,Urbana,Pública,86.5,92,79.6,98,96.5,85.3,89.2,92.3,76.6,77.1,80.1,86.3,76.8,66.8,80,90.3,93.1,98.6,12.2,7.5,18.1,1.5,3.1,14.1,10,6.9,21.2,20.4,17.7,11.7,17.7,25.9,15,6.7,5.4,0,1.3,0.5,2.3,0.5,0.4,0.6,0.8,0.8,2.2,2.5,2.2,2,5.5,7.3,5,3,1.5,1.4
2015,Espírito Santo,Urbana,Federal,--,--,--,--,--,--,--,--,--,--,--,--,87.3,79.6,87,92,94.9,98.6,--,--,--,--,--,--,--,--,--,--,--,--,11.1,19,11.1,5.9,4.1,0,--,--,--,--,--,--,--,--,--,--,--,--,1.6,1.4,1.9,2.1,1,1.4
2015,Espírito Santo,Urbana,Estadual,84.2,93.3,79,98.2,98.7,87.2,91.3,93.6,77.6,76.9,78.9,82.7,76.3,66.3,79.7,90.2,89.2,--,14.2,6.4,18.8,1.4,1.1,12.5,8.3,5.9,20.6,20.5,18.7,15,18.1,26.2,15.2,6.8,8.2,--,1.6,0.3,2.2,0.4,0.2,0.3,0.4,0.5,1.8,2.6,2.4,2.3,5.6,7.5,5.1,3,2.6,--
2015,Espírito Santo,Urbana,Municipal,87.3,91.7,80,98,96.1,84.9,88.8,92.1,76.1,77.3,80.9,89,--,--,--,--,--,--,11.5,7.7,17.8,1.5,3.5,14.5,10.4,7.1,21.4,20.3,17,9.2,--,--,--,--,--,--,1.2,0.6,2.2,0.5,0.4,0.6,0.8,0.8,2.5,2.4,2.1,1.8,--,--,--,--,--,--
2015,Espírito Santo,Urbana,Particular,97.7,99.2,95.6,99.8,99.8,98.7,99.1,98.7,96.4,96.1,95.1,94.8,94.9,91.2,94.7,99.4,--,--,2.3,0.8,4.4,0.2,0.2,1.3,0.9,1.3,3.6,3.9,4.9,5.2,4.9,8.5,5,0.6,--,--,0,0,0,0,0,0,0,0,0,0,0,0,0.2,0.3,0.3,0,--,--
2015,Espírito Santo,Rural,Total,90.4,92.9,85.3,98.3,97.4,84.6,91.7,94.2,81.4,82.1,87.2,92.8,88.9,83.2,89.4,95.8,97.8,85.7,8.8,6.8,12.9,1.3,2.4,15,7.9,5.4,16.8,15.8,11,5.8,7.3,11.6,6.8,2.5,1.3,7.1,0.8,0.3,1.8,0.4,0.2,0.4,0.4,0.4,1.8,2.1,1.8,1.4,3.8,5.2,3.8,1.7,0.9,7.2
2015,Espírito Santo,Rural,Pública,90.4,92.9,85.1,98.3,97.4,84.6,91.7,94.2,80.9,81.8,87.3,92.8,87.5,81.3,88,95.7,98.7,85.7,8.8,6.8,13.1,1.3,2.4,15,7.9,5.4,17.2,16.1,10.9,5.8,8.3,12.8,7.7,2.4,1.3,7.1,0.8,0.3,1.8,0.4,0.2,0.4,0.4,0.4,1.9,2.1,1.8,1.4,4.2,5.9,4.3,1.9,0,7.2
2015,Espírito Santo,Rural,Federal,--,--,--,--,--,--,--,--,--,--,--,--,91.9,89.4,91.9,94.9,100,85.7,--,--,--,--,--,--,--,--,--,--,--,--,6.9,9,7.2,4.3,0,7.1,--,--,--,--,--,--,--,--,--,--,--,--,1.2,1.6,0.9,0.8,0,7.2
2015,Espírito Santo,Rural,Estadual,89.3,93.9,83.1,97.9,99,87.8,92.9,92.9,79.6,82.5,84.8,87.5,85.3,77.3,86.4,95.9,--,--,9.6,5.6,14.9,1,0.8,11.6,6.3,6.6,18.4,15.7,12.4,11.3,9.1,14.8,8.1,1.7,--,--,1.1,0.5,2,1.1,0.2,0.6,0.8,0.5,2,1.8,2.8,1.2,5.6,7.9,5.5,2.4,--,--
2015,Espírito Santo,Rural,Municipal,90.6,92.7,85.6,98.4,97.1,84.2,91.5,94.4,81.3,81.6,87.9,94.2,95.9,96.2,94.4,100,92.9,--,8.7,6.9,12.7,1.3,2.6,15.5,8.1,5.2,16.9,16.2,10.6,4.4,1.4,0,0,0,7.1,--,0.7,0.4,1.7,0.3,0.3,0.3,0.4,0.4,1.8,2.2,1.5,1.4,2.7,3.8,5.6,0,0,--
2015,Espírito Santo,Rural,Particular,91.7,--,91.7,--,--,--,--,--,96.2,92.3,85.8,91.9,95.2,92.5,96.3,96.7,97.3,--,6.6,--,6.6,--,--,--,--,--,3.2,7,11.9,4.8,3.4,5.6,2,2.8,1.3,--,1.7,--,1.7,--,--,--,--,--,0.6,0.7,2.3,3.3,1.4,1.9,1.7,0.5,1.4,--
2015,Rio de Janeiro,Total,Total,87.7,90.7,84.1,92.9,94.1,84.8,90,92.6,82.1,82.1,84.8,88.3,83,76.5,83.3,92.1,93.6,89.6,10.9,8.4,13.8,6,5.1,14.3,9,6.5,15.5,15.8,13.2,9.9,13.4,18.7,13.1,5.9,2.3,6.7,1.4,0.9,2.1,1.1,0.8,0.9,1,0.9,2.4,2.1,2,1.8,3.6,4.8,3.6,2,4.1,3.7
2015,Rio de Janeiro,Total,Pública,84.8,88.2,81,92.6,92.7,80,87.1,90.8,78.2,78.7,82,86.7,80.6,74,80.7,90.7,94.2,87.6,13.3,10.6,16.3,6,6.3,18.9,11.7,8,18.6,18.6,15.4,11,14.8,20.2,14.8,6.7,4.2,8.2,1.9,1.2,2.7,1.4,1,1.1,1.2,1.2,3.2,2.7,2.6,2.3,4.6,5.8,4.5,2.6,1.6,4.2
2015,Rio de Janeiro,Total,Federal,92.2,95.4,90.4,92.3,95,97,96,96.2,90.2,89.8,89.3,92.4,86.3,80.8,86.8,94.3,94.2,85.6,7.7,4.6,9.5,7.7,5,3,4,3.8,9.6,10.1,10.6,7.5,11.8,17.4,12,4.9,5.1,10.7,0.1,0,0.1,0,0,0,0,0,0.2,0.1,0.1,0.1,1.9,1.8,1.2,0.8,0.7,3.7
2015,Rio de Janeiro,Total,Estadual,80.7,86,80.7,91.2,88.4,85.4,80.7,87,80.5,78.2,80.1,83.5,80.4,73.9,80.5,90.6,93.3,89.3,17,12.5,17.1,7.9,9.4,14,17.4,11.8,17.2,19.7,17.8,14.2,15,20.2,14.9,6.7,4.5,5.9,2.3,1.5,2.2,0.9,2.2,0.6,1.9,1.2,2.3,2.1,2.1,2.3,4.6,5.9,4.6,2.7,2.2,4.8
2015,Rio de Janeiro,Total,Municipal,85.5,88.2,81.1,92.6,92.7,79.9,87.1,90.8,77.5,78.7,82.9,88.8,80,68.3,84.4,92.3,95.1,--,12.7,10.6,16,6,6.3,19,11.7,8,19.1,18.3,14.3,8.9,15.1,24.6,11.4,5.1,2.5,--,1.8,1.2,2.9,1.4,1,1.1,1.2,1.2,3.4,3,2.8,2.3,4.9,7.1,4.2,2.6,2.4,--
2015,Rio de Janeiro,Total,Particular,94.9,96.4,92.9,93.5,96.9,97.4,97.2,97.1,93.8,92.2,92.8,92.5,91.6,86.7,92.5,96.5,92.9,97.9,4.8,3.3,6.9,5.9,2.8,2.4,2.6,2.8,5.9,7.6,6.9,7.2,7.9,12.6,7,3.3,0,0.9,0.3,0.3,0.2,0.6,0.3,0.2,0.2,0.1,0.3,0.2,0.3,0.3,0.5,0.7,0.5,0.2,7.1,1.2
2015,Rio de Janeiro,Urbana,Total,87.9,90.9,84.2,93,94.2,85.3,90.4,92.8,82.4,82.2,84.9,88.3,82.9,76.4,83.2,92,94.1,89.6,10.7,8.1,13.7,5.9,5,13.8,8.7,6.3,15.2,15.7,13.2,9.9,13.4,18.8,13.2,5.9,1.3,6.7,1.4,1,2.1,1.1,0.8,0.9,0.9,0.9,2.4,2.1,1.9,1.8,3.7,4.8,3.6,2.1,4.6,3.7
2015,Rio de Janeiro,Urbana,Pública,84.8,88.3,81.1,92.7,92.8,80.2,87.3,90.8,78.5,78.7,82,86.6,80.4,73.8,80.5,90.6,95.4,87.5,13.2,10.5,16.2,5.9,6.2,18.7,11.4,8,18.4,18.6,15.4,11,15,20.4,15,6.8,2.7,8.2,2,1.2,2.7,1.4,1,1.1,1.3,1.2,3.1,2.7,2.6,2.4,4.6,5.8,4.5,2.6,1.9,4.3
2015,Rio de Janeiro,Urbana,Federal,92.2,95.4,90.4,92.3,95,97,96,96.2,90.2,89.8,89.3,92.4,86.7,81.8,86.7,94.9,97.8,85.6,7.7,4.6,9.5,7.7,5,3,4,3.8,9.6,10.1,10.6,7.5,11.5,17,12.1,4.3,1.1,10.7,0.1,0,0.1,0,0,0,0,0,0.2,0.1,0.1,0.1,1.8,1.2,1.2,0.8,1.1,3.7
2015,Rio de Janeiro,Urbana,Estadual,80.7,86.3,80.6,91.2,88.4,86.2,81.2,87,80.5,78.2,80,83.3,80.2,73.6,80.3,90.4,93.3,89.2,17.1,12.2,17.2,7.9,9.4,13.1,16.9,11.8,17.1,19.8,17.8,14.3,15.1,20.4,15.1,6.9,4.5,6,2.2,1.5,2.2,0.9,2.2,0.7,1.9,1.2,2.4,2,2.2,2.4,4.7,6,4.6,2.7,2.2,4.8
2015,Rio de Janeiro,Urbana,Municipal,85.5,88.3,81.2,92.7,92.8,80.1,87.3,90.8,77.8,78.8,82.9,88.8,80,68.4,84.4,92.4,95.1,--,12.6,10.5,15.8,5.8,6.2,18.8,11.4,8,18.8,18.2,14.3,8.9,15.1,24.6,11.5,5.1,2.5,--,1.9,1.2,3,1.5,1,1.1,1.3,1.2,3.4,3,2.8,2.3,4.9,7,4.1,2.5,2.4,--
2015,Rio de Janeiro,Urbana,Particular,94.9,96.4,92.9,93.5,96.9,97.4,97.2,97.1,93.8,92.2,92.8,92.5,91.6,86.7,92.5,96.5,92.9,97.9,4.8,3.3,6.9,5.9,2.8,2.4,2.6,2.8,5.9,7.6,6.9,7.2,7.9,12.6,7,3.3,0,0.9,0.3,0.3,0.2,0.6,0.3,0.2,0.2,0.1,0.3,0.2,0.3,0.3,0.5,0.7,0.5,0.2,7.1,1.2
2015,Rio de Janeiro,Rural,Total,85.3,87.7,80.8,92,92.6,78.9,85.8,90.7,75.6,78.8,83,88.9,86.4,80.7,87.5,94.8,87.8,93.4,13.5,11.6,17.1,7.3,7,20.4,13.5,8.3,21.8,19,15.1,9.6,10.2,14.9,9.1,3.5,12.2,4.4,1.2,0.7,2.1,0.7,0.4,0.7,0.7,1,2.6,2.2,1.9,1.5,3.4,4.4,3.4,1.7,0,2.2
2015,Rio de Janeiro,Rural,Pública,84.7,87.2,80.1,91.9,92.5,78.1,85.2,90.3,74.6,78,82.3,88.7,86.2,80.4,87.2,94.7,87.8,93.4,14,12.1,17.7,7.4,7.1,21.2,14,8.7,22.7,19.6,15.6,9.7,10.3,15,9.2,3.5,12.2,4.4,1.3,0.7,2.2,0.7,0.4,0.7,0.8,1,2.7,2.4,2.1,1.6,3.5,4.6,3.6,1.8,0,2.2
2015,Rio de Janeiro,Rural,Federal,--,--,--,--,--,--,--,--,--,--,--,--,73.4,66.8,89.6,64.5,87.8,--,--,--,--,--,--,--,--,--,--,--,--,--,19.4,23,7.8,29,12.2,--,--,--,--,--,--,--,--,--,--,--,--,--,7.2,10.2,2.6,6.5,0,--
2015,Rio de Janeiro,Rural,Estadual,82.2,0,82.2,--,--,0,0,--,79.7,79.3,81.4,87.2,86.8,81.3,87.2,95.3,--,93.4,16,100,15.9,--,--,100,100,--,17.8,18.5,17.1,11.5,9.9,14.6,9.3,3.1,--,4.4,1.8,0,1.9,--,--,0,0,--,2.5,2.2,1.5,1.3,3.3,4.1,3.5,1.6,--,2.2
2015,Rio de Janeiro,Rural,Municipal,85,87.2,79.3,91.9,92.5,78.1,85.2,90.3,73.4,77.6,82.7,89.6,74.4,61.9,87.5,90,--,--,13.8,12.1,18.3,7.4,7.1,21.2,14,8.7,23.8,19.9,15.1,8.7,12.8,23.8,0,0,--,--,1.2,0.7,2.4,0.7,0.4,0.7,0.8,1,2.8,2.5,2.2,1.7,12.8,14.3,12.5,10,--,--
2015,Rio de Janeiro,Rural,Particular,94.9,95.8,93.3,93.2,95,96.6,97.4,97.2,93.5,92.9,94.7,92.1,91.8,86.8,92.7,98,--,--,4.9,4,6.6,6.5,4.8,3.1,2.6,2.5,6.2,7.1,5.3,7.9,8.1,12.7,7.3,2,--,--,0.2,0.2,0.1,0.3,0.2,0.3,0,0.3,0.3,0,0,0,0.1,0.5,0,0,--,--
2015,São Paulo,Total,Total,95.7,97.6,93.4,99,98.2,94.4,98.3,98,94,94.5,94.2,91.4,87.5,82.3,88.3,93.6,98.1,88.9,3.6,2.3,5.3,0.7,1.6,5.4,1.5,1.8,5.2,4.5,4.5,6.6,9.3,13.6,8.6,4.2,1.2,9.6,0.7,0.1,1.3,0.3,0.2,0.2,0.2,0.2,0.8,1,1.3,2,3.2,4.1,3.1,2.2,0.7,1.5
2015,São Paulo,Total,Pública,95.2,97.3,92.6,99,98.1,93.4,98.2,97.8,93.2,93.9,93.6,90.2,86,80.6,86.8,92.6,97.9,84.4,4,2.5,5.8,0.7,1.7,6.4,1.6,1.9,5.8,4.8,4.8,7.4,10.3,14.8,9.6,4.9,1.1,13.2,0.8,0.2,1.6,0.3,0.2,0.2,0.2,0.3,1,1.3,1.6,2.4,3.7,4.6,3.6,2.5,1,2.4
2015,São Paulo,Total,Federal,99.1,99.1,--,100,100,100,97.2,97.1,--,--,--,--,86.6,79.1,87.2,93.5,97.4,--,0.9,0.9,--,0,0,0,2.8,2.9,--,--,--,--,12.8,20.4,12.3,6,1.6,--,0,0,--,0,0,0,0,0,--,--,--,--,0.6,0.5,0.5,0.5,1,--
2015,São Paulo,Total,Estadual,94.8,98.4,93.1,99,99.4,95.3,99.3,99.2,94,95.7,94.6,89.2,85.9,80.5,86.7,92.6,100,84.4,4,1.4,5.2,0.7,0.5,4.5,0.5,0.6,5.1,3.1,3.8,8.2,10.3,14.8,9.7,4.9,0,13.2,1.2,0.2,1.7,0.3,0.1,0.2,0.2,0.2,0.9,1.2,1.6,2.6,3.8,4.7,3.6,2.5,0,2.4
2015,São Paulo,Total,Municipal,95.6,96.8,91.3,99,97.7,92.7,97.8,97.2,91.5,88.9,91,93.1,90.5,84.8,91.3,95.8,99,--,3.9,2.9,7.2,0.7,2.1,7.1,2,2.5,7.6,9.7,7.1,5,8.2,13.3,7.3,3.4,0,--,0.5,0.3,1.5,0.3,0.2,0.2,0.2,0.3,0.9,1.4,1.9,1.9,1.3,1.9,1.4,0.8,1,--
2015,São Paulo,Total,Particular,97.9,98.8,96.9,99.3,98.6,98.6,98.7,98.7,97.1,96.6,96.6,97.1,96,92.9,96.8,98.8,98.4,95.8,2.1,1.2,3.1,0.7,1.4,1.4,1.3,1.3,2.9,3.4,3.4,2.9,3.9,7,3.1,1.1,1.4,4.1,0,0,0,0,0,0,0,0,0,0,0,0,0.1,0.1,0.1,0.1,0.2,0.1
2015,São Paulo,Urbana,Total,95.7,97.6,93.4,99.1,98.2,94.5,98.3,98,94,94.5,94.1,91.3,87.4,82.2,88.2,93.6,98.1,90.1,3.6,2.2,5.3,0.7,1.6,5.3,1.5,1.8,5.2,4.5,4.5,6.6,9.4,13.7,8.7,4.3,1.2,8.6,0.7,0.2,1.3,0.2,0.2,0.2,0.2,0.2,0.8,1,1.4,2.1,3.2,4.1,3.1,2.1,0.7,1.3
2015,São Paulo,Urbana,Pública,95.2,97.3,92.6,99,98.1,93.5,98.2,97.8,93.2,93.9,93.6,90.2,85.9,80.4,86.7,92.5,97.9,84.1,4,2.5,5.8,0.7,1.7,6.3,1.5,1.9,5.9,4.8,4.8,7.4,10.4,14.9,9.7,4.9,1.1,13.3,0.8,0.2,1.6,0.3,0.2,0.2,0.3,0.3,0.9,1.3,1.6,2.4,3.7,4.7,3.6,2.6,1,2.6
2015,São Paulo,Urbana,Federal,99.1,99.1,--,100,100,100,97.2,97.1,--,--,--,--,86.6,79.1,87.2,93.5,97.4,--,0.9,0.9,--,0,0,0,2.8,2.9,--,--,--,--,12.8,20.4,12.3,6,1.6,--,0,0,--,0,0,0,0,0,--,--,--,--,0.6,0.5,0.5,0.5,1,--
2015,São Paulo,Urbana,Estadual,94.8,98.4,93.1,99,99.4,95.3,99.3,99.2,93.9,95.6,94.6,89.2,85.8,80.4,86.6,92.5,100,84.1,4,1.4,5.3,0.7,0.5,4.5,0.5,0.6,5.1,3.1,3.9,8.2,10.4,14.9,9.7,4.9,0,13.3,1.2,0.2,1.6,0.3,0.1,0.2,0.2,0.2,1,1.3,1.5,2.6,3.8,4.7,3.7,2.6,0,2.6
2015,São Paulo,Urbana,Municipal,95.6,96.9,91.2,99,97.7,92.8,97.8,97.3,91.4,88.8,91,93.1,90.4,84.7,91.3,95.8,99,--,3.9,2.9,7.2,0.7,2.1,7,2,2.5,7.6,9.8,7.1,5.1,8.2,13.4,7.3,3.4,0,--,0.5,0.2,1.6,0.3,0.2,0.2,0.2,0.2,1,1.4,1.9,1.8,1.4,1.9,1.4,0.8,1,--
2015,São Paulo,Urbana,Particular,98,98.8,96.9,99.3,98.6,98.7,98.7,98.7,97.1,96.6,96.6,97.1,96,92.9,96.8,98.8,98.4,95.8,2,1.2,3.1,0.7,1.4,1.3,1.3,1.3,2.9,3.4,3.4,2.9,3.9,7,3.1,1.1,1.4,4.1,0,0,0,0,0,0,0,0,0,0,0,0,0.1,0.1,0.1,0.1,0.2,0.1
2015,São Paulo,Rural,Total,95.9,96.2,95.4,98.5,97,91.6,97.3,97,95,96,96.2,94.3,94.1,92.2,94,97.4,--,85.1,3.8,3.7,3.9,1.3,2.8,8.3,2.6,2.9,4.5,3.4,3.1,4.6,4.2,5.8,4.1,1.6,--,12.9,0.3,0.1,0.7,0.2,0.2,0.1,0.1,0.1,0.5,0.6,0.7,1.1,1.7,2,1.9,1,--,2
2015,São Paulo,Rural,Pública,95.9,96.2,95.4,98.6,97,91.5,97.3,97,94.9,96,96.3,94.3,94.1,92.3,94.1,97.3,--,85.1,3.8,3.7,3.9,1.3,2.9,8.4,2.6,2.8,4.6,3.4,3,4.6,4.1,5.6,4,1.6,--,12.9,0.3,0.1,0.7,0.1,0.1,0.1,0.1,0.2,0.5,0.6,0.7,1.1,1.8,2.1,1.9,1.1,--,2
2015,São Paulo,Rural,Estadual,96.7,98,96.3,96.7,99.7,95.3,99.2,98.9,96.5,97.9,97.5,93.8,94.1,92.3,94.1,97.3,--,85.1,2.6,1.8,2.9,3,0.2,4.6,0.8,0.8,3.1,1.5,1.7,5,4.1,5.7,4,1.6,--,12.9,0.7,0.2,0.8,0.3,0.1,0.1,0,0.3,0.4,0.6,0.8,1.2,1.8,2,1.9,1.1,--,2
2015,São Paulo,Rural,Municipal,95.6,96,93.6,98.7,96.7,91.1,97.1,96.8,92.3,92.8,93.9,95.3,95.4,95.5,93.5,97.9,--,--,4.2,3.9,5.9,1.2,3.1,8.8,2.8,3.1,7.2,6.7,5.7,4,2.9,1.5,4.8,2.1,--,--,0.2,0.1,0.5,0.1,0.2,0.1,0.1,0.1,0.5,0.5,0.4,0.7,1.7,3,1.7,0,--,--
2015,São Paulo,Rural,Particular,96.7,97.3,95.8,97.9,97.6,96.7,97.4,96.7,96.9,96.3,94.8,95.3,93.4,88.8,91.8,100,--,--,3.3,2.7,4.1,2.1,2.4,3.3,2.6,3.3,3.1,3.7,5.2,4.3,6.2,11.2,7,0,--,--,0,0,0.1,0,0,0,0,0,0,0,0,0.4,0.4,0,1.2,0,--,--
2015,Paraná,Total,Total,91.5,95.3,86.9,98.2,93.5,91.6,95.8,97.7,88.3,86.8,86.3,86.2,81.4,75.4,82.6,87.7,93.9,84,7.2,4.6,10.3,1.7,6.4,8.3,4,2.2,9.8,11,10.8,9.8,10.9,15.8,9.8,5.9,3.3,4.9,1.3,0.1,2.8,0.1,0.1,0.1,0.2,0.1,1.9,2.2,2.9,4,7.7,8.8,7.6,6.4,2.8,11.1
2015,Paraná,Total,Pública,90.5,94.7,85.5,98.1,92.8,90.5,95.3,97.5,86.9,85.3,84.8,84.8,79.1,72.9,80.2,85.6,93.7,84,8,5.1,11.4,1.8,7.1,9.4,4.5,2.4,10.8,12.1,11.8,10.7,12.1,17.2,11,6.8,3.3,4.9,1.5,0.2,3.1,0.1,0.1,0.1,0.2,0.1,2.3,2.6,3.4,4.5,8.8,9.9,8.8,7.6,3,11.1
2015,Paraná,Total,Federal,97.5,--,97.5,--,--,--,--,--,100,99.2,97.7,93.9,88.2,86.9,91,93.5,93.6,84,2.5,--,2.5,--,--,--,--,--,0,0.8,2.3,6.1,7.6,12.2,7.5,2.8,4.4,4.9,0,--,0,--,--,--,--,--,0,0,0,0,4.2,0.9,1.5,3.7,2,11.1
2015,Paraná,Total,Estadual,85.5,88.9,85.4,92.1,88.4,87.9,90,86.4,86.9,85.3,84.7,84.6,78.9,72.8,80.1,85.6,93.8,--,11.4,10.1,11.4,7.3,10.9,11,9,12.3,10.8,12.1,11.9,10.8,12.2,17.2,11,6.8,3.3,--,3.1,1,3.2,0.6,0.7,1.1,1,1.3,2.3,2.6,3.4,4.6,8.9,10,8.9,7.6,2.9,--
2015,Paraná,Total,Municipal,94.6,94.8,88,98.1,92.8,90.5,95.4,97.5,86.6,85.6,89.4,91.3,--,--,--,--,--,--,5.2,5.1,10.1,1.8,7.1,9.4,4.5,2.3,11.4,12.9,8.5,6.8,--,--,--,--,--,--,0.2,0.1,1.9,0.1,0.1,0.1,0.1,0.2,2,1.5,2.1,1.9,--,--,--,--,--,--
2015,Paraná,Total,Particular,97.9,98.5,97,98.6,97.8,98.5,98.9,99,97.5,96.9,96.6,96.8,96.4,93.7,96.9,99,98.5,--,2.1,1.5,3,1.4,2.2,1.5,1.1,1,2.5,3.1,3.4,3.1,3.3,5.9,2.9,0.9,1.1,--,0,0,0,0,0,0,0,0,0,0,0,0.1,0.3,0.4,0.2,0.1,0.4,--
2015,Paraná,Urbana,Total,91.5,95.4,86.8,98.2,93.6,91.7,96,97.8,88.2,86.6,86.1,86,81.2,75.1,82.4,87.5,93.9,84,7.2,4.5,10.5,1.7,6.3,8.2,3.9,2.1,9.8,11.2,11,10,11.1,16,10,6,3.3,4.9,1.3,0.1,2.7,0.1,0.1,0.1,0.1,0.1,2,2.2,2.9,4,7.7,8.9,7.6,6.5,2.8,11.1
2015,Paraná,Urbana,Pública,90.4,94.8,85.2,98.1,92.8,90.5,95.5,97.6,86.7,85,84.5,84.4,78.7,72.5,79.9,85.4,93.7,84,8.1,5.1,11.6,1.8,7.1,9.4,4.3,2.3,11,12.4,12.1,11,12.3,17.5,11.2,6.9,3.4,4.9,1.5,0.1,3.2,0.1,0.1,0.1,0.2,0.1,2.3,2.6,3.4,4.6,9,10,8.9,7.7,2.9,11.1
2015,Paraná,Urbana,Federal,97.5,--,97.5,--,--,--,--,--,100,99.2,97.7,93.9,88.1,86.6,91,93.5,93.6,84,2.5,--,2.5,--,--,--,--,--,0,0.8,2.3,6.1,7.7,12.5,7.5,2.8,4.4,4.9,0,--,0,--,--,--,--,--,0,0,0,0,4.2,0.9,1.5,3.7,2,11.1
2015,Paraná,Urbana,Estadual,85.2,95.8,85.2,100,99.1,91,100,91.2,86.7,85,84.4,84.3,78.6,72.3,79.8,85.3,93.8,--,11.7,3.7,11.7,0,0,8.3,0,8.1,11,12.4,12.2,11,12.4,17.5,11.2,6.9,3.3,--,3.1,0.5,3.1,0,0.9,0.7,0,0.7,2.3,2.6,3.4,4.7,9,10.2,9,7.8,2.9,--
2015,Paraná,Urbana,Municipal,94.7,94.8,88.3,98.1,92.8,90.5,95.5,97.6,87,85.6,89.8,91.5,--,--,--,--,--,--,5.2,5.1,9.9,1.8,7.1,9.4,4.3,2.3,11.2,12.9,8.2,6.6,--,--,--,--,--,--,0.1,0.1,1.8,0.1,0.1,0.1,0.2,0.1,1.8,1.5,2,1.9,--,--,--,--,--,--
2015,Paraná,Urbana,Particular,97.9,98.5,97,98.6,97.8,98.5,98.9,99,97.5,96.9,96.5,96.8,96.4,93.7,96.9,99,98.5,--,2.1,1.5,3,1.4,2.2,1.5,1.1,1,2.5,3,3.4,3.1,3.3,5.9,2.9,0.9,1.1,--,0,0,0,0,0,0,0,0,0,0.1,0.1,0.1,0.3,0.4,0.2,0.1,0.4,--
2015,Paraná,Rural,Total,92.3,93.8,89.7,97.2,92.3,90.3,93.6,96.2,89.9,89.7,89.6,89.6,86.2,82.5,86.5,91.4,94.1,--,6.6,6,7.6,2.5,7.5,9.6,6.1,3.5,8.3,7.8,7.6,6.6,7.6,10.7,7,3.8,0,--,1.1,0.2,2.7,0.3,0.2,0.1,0.3,0.3,1.8,2.5,2.8,3.8,6.2,6.8,6.5,4.8,5.9,--
2015,Paraná,Rural,Pública,92.2,93.8,89.6,97.2,92.3,90.2,93.6,96.2,89.8,89.7,89.5,89.5,86,82.2,86.2,91.1,94.1,--,6.6,6,7.7,2.5,7.6,9.6,6.1,3.6,8.4,7.8,7.7,6.7,7.7,10.7,7.1,3.9,0,--,1.2,0.2,2.7,0.3,0.1,0.2,0.3,0.2,1.8,2.5,2.8,3.8,6.3,7.1,6.7,5,5.9,--
2015,Paraná,Rural,Federal,--,--,--,--,--,--,--,--,--,--,--,--,97.5,97.5,--,--,--,--,--,--,--,--,--,--,--,--,--,--,--,--,2.5,2.5,--,--,--,--,--,--,--,--,--,--,--,--,--,--,--,--,0,0,--,--,--,--
2015,Paraná,Rural,Estadual,89.6,87.3,89.8,90.4,86.3,87.1,87.7,85.1,90.1,89.8,89.6,89.5,85.9,82.2,86.2,91.1,94.1,--,7.8,11.6,7.5,8.8,13.1,11.7,11.1,13.3,8.2,7.6,7.5,6.6,7.7,10.7,7.1,3.9,0,--,2.6,1.1,2.7,0.8,0.6,1.2,1.2,1.6,1.7,2.6,2.9,3.9,6.4,7.1,6.7,5,5.9,--
2015,Paraná,Rural,Municipal,93.9,94.1,85.1,97.6,92.5,90.4,93.9,96.8,82.1,84.6,85,89.4,--,--,--,--,--,--,5.8,5.7,12.5,2.2,7.3,9.5,5.8,3,14.3,13,13.2,8.9,--,--,--,--,--,--,0.3,0.2,2.4,0.2,0.2,0.1,0.3,0.2,3.6,2.4,1.8,1.7,--,--,--,--,--,--
2015,Paraná,Rural,Particular,98,98,97.9,98.4,98.1,98.4,95.2,100,100,96.1,97.6,98.1,94.3,91.1,94.3,98.2,--,--,1.9,1.6,2.1,0,1.9,1.6,4.8,0,0,3.9,2.4,1.9,5.5,8.9,5.2,1.8,--,--,0.1,0.4,0,1.6,0,0,0,0,0,0,0,0,0.2,0,0.5,0,--,--
2015,Santa Catarina,Total,Total,93.3,96.5,89.3,99.2,97.6,93.4,97.2,95.2,87.6,87.2,89.7,93.4,79.9,62.7,84.1,91,89.7,93.7,6.2,3.4,9.7,0.6,2.3,6.5,2.6,4.6,11.5,11.8,9.2,5.6,12.7,24.3,10.4,4.4,3.9,4.9,0.5,0.1,1,0.2,0.1,0.1,0.2,0.2,0.9,1,1.1,1,7.4,13,5.5,4.6,6.4,1.4
2015,Santa Catarina,Total,Pública,92.6,96.1,88.4,99.1,97.4,92.6,96.9,94.7,86.4,86.1,88.9,93.1,77.3,57.5,82.4,89.8,89.7,93.3,6.8,3.8,10.5,0.7,2.5,7.3,2.9,5,12.6,12.8,10,5.8,14,27.3,11.3,4.8,3.9,4.5,0.6,0.1,1.1,0.2,0.1,0.1,0.2,0.3,1,1.1,1.1,1.1,8.7,15.2,6.3,5.4,6.4,2.2
2015,Santa Catarina,Total,Federal,92.7,96.1,88.9,98.3,95.9,97.3,90.7,98.6,89.7,85.2,91.7,89,87.5,80.4,89.6,92.6,94.2,95.1,7,3.7,10.8,0,4.1,2.7,9.3,1.4,10.3,14.8,8.3,9.6,11.1,17.8,9.5,5.7,4.7,3.8,0.3,0.2,0.3,1.7,0,0,0,0,0,0,0,1.4,1.4,1.8,0.9,1.7,1.1,1.1
2015,Santa Catarina,Total,Estadual,89.9,95.4,86.3,98.8,99.2,89.6,99.2,92,83.7,83.4,87.1,91.6,76.9,56.3,82.1,89.7,88.3,75,9.3,4.4,12.5,0.9,0.7,10.2,0.7,7.7,15.1,15.3,11.6,7.1,14.2,27.9,11.4,4.8,3.6,11.1,0.8,0.2,1.2,0.3,0.1,0.2,0.1,0.3,1.2,1.3,1.3,1.3,8.9,15.8,6.5,5.5,8.1,13.9
2015,Santa Catarina,Total,Municipal,94.4,96.3,90.8,99.3,96.7,93.9,96.1,96.1,89.2,89.2,91,95,87.7,80.5,88.7,92.3,--,--,5.2,3.5,8.3,0.6,3.2,6,3.8,3.7,10,9.9,8,4.1,7,10.9,6.5,4.5,--,--,0.4,0.2,0.9,0.1,0.1,0.1,0.1,0.2,0.8,0.9,1,0.9,5.3,8.6,4.8,3.2,--,--
2015,Santa Catarina,Total,Particular,98.4,99.3,97.1,99.5,99.3,99,99.4,99.2,98.2,97.2,96.7,96.2,95.4,92.5,95.7,98,--,94.4,1.5,0.7,2.7,0.5,0.7,0.9,0.6,0.8,1.7,2.6,3.1,3.6,4.3,7,4.1,1.8,--,5.6,0.1,0,0.2,0,0,0.1,0,0,0.1,0.2,0.2,0.2,0.3,0.5,0.2,0.2,--,0
2015,Santa Catarina,Urbana,Total,93.1,96.4,89.1,99.2,97.5,93.4,97.2,95.1,87.5,87.1,89.6,93.2,79.7,62.6,84,90.8,89.7,93.7,6.3,3.4,9.9,0.6,2.4,6.5,2.7,4.6,11.6,11.9,9.4,5.7,12.8,24.4,10.5,4.4,3.9,4.9,0.6,0.2,1,0.2,0.1,0.1,0.1,0.3,0.9,1,1,1.1,7.5,13,5.5,4.8,6.4,1.4
2015,Santa Catarina,Urbana,Pública,92.3,96,88.1,99.1,97.2,92.5,96.9,94.5,86.1,85.8,88.6,92.8,77,57.3,82.1,89.6,89.7,93.3,7.1,3.9,10.8,0.7,2.7,7.3,3,5.2,12.9,13.1,10.3,6,14.2,27.5,11.5,4.9,3.9,4.5,0.6,0.1,1.1,0.2,0.1,0.2,0.1,0.3,1,1.1,1.1,1.2,8.8,15.2,6.4,5.5,6.4,2.2
2015,Santa Catarina,Urbana,Federal,92.7,96.1,88.9,98.3,95.9,97.3,90.7,98.6,89.7,85.2,91.7,89,87.4,79.9,89.7,92.2,94.2,95.1,7,3.7,10.8,0,4.1,2.7,9.3,1.4,10.3,14.8,8.3,9.6,11.2,18.5,9.3,5.9,4.7,3.8,0.3,0.2,0.3,1.7,0,0,0,0,0,0,0,1.4,1.4,1.6,1,1.9,1.1,1.1
2015,Santa Catarina,Urbana,Estadual,89.7,95.3,86,98.8,99.1,89.5,99.1,91.9,83.4,83.1,86.8,91.4,76.6,56.2,81.9,89.5,88.3,75,9.5,4.5,12.7,0.9,0.8,10.4,0.7,7.8,15.4,15.6,11.9,7.3,14.4,28,11.6,4.9,3.6,11.1,0.8,0.2,1.3,0.3,0.1,0.1,0.2,0.3,1.2,1.3,1.3,1.3,9,15.8,6.5,5.6,8.1,13.9
2015,Santa Catarina,Urbana,Municipal,94.2,96.3,90.6,99.3,96.4,93.9,95.9,96,89.1,89.1,90.7,94.8,88.5,85.8,87.5,91.4,--,--,5.3,3.6,8.5,0.6,3.5,6,3.9,3.7,10.1,10,8.3,4.2,7,9.7,6.3,5.7,--,--,0.5,0.1,0.9,0.1,0.1,0.1,0.2,0.3,0.8,0.9,1,1,4.5,4.5,6.2,2.9,--,--
2015,Santa Catarina,Urbana,Particular,98.4,99.3,97.1,99.5,99.3,99,99.4,99.2,98.2,97.2,96.7,96.3,95.4,92.4,95.7,98,--,94.4,1.5,0.7,2.7,0.5,0.7,0.9,0.6,0.8,1.7,2.6,3.1,3.5,4.3,7.1,4.1,1.8,--,5.6,0.1,0,0.2,0,0,0.1,0,0,0.1,0.2,0.2,0.2,0.3,0.5,0.2,0.2,--,0
2015,Santa Catarina,Rural,Total,95,96.9,91.6,99.2,98.8,93.3,97.5,95.9,89.3,89.6,92.4,95.7,87.1,69.5,88.9,96.5,100,--,4.6,3,7.5,0.6,1.1,6.6,2.4,4,9.8,9.5,6.5,3.3,7.9,18.3,7.2,1.8,0,--,0.4,0.1,0.9,0.2,0.1,0.1,0.1,0.1,0.9,0.9,1.1,1,5,12.2,3.9,1.7,0,--
2015,Santa Catarina,Rural,Pública,95,96.9,91.6,99.2,98.8,93.3,97.5,95.9,89.3,89.6,92.4,95.8,86.7,68.4,88.7,96.4,100,--,4.6,3,7.4,0.6,1.1,6.6,2.4,4,9.8,9.5,6.5,3.2,8.2,18.9,7.4,1.9,0,--,0.4,0.1,1,0.2,0.1,0.1,0.1,0.1,0.9,0.9,1.1,1,5.1,12.7,3.9,1.7,0,--
2015,Santa Catarina,Rural,Federal,--,--,--,--,--,--,--,--,--,--,--,--,88.7,84.2,89.1,95.5,--,--,--,--,--,--,--,--,--,--,--,--,--,--,9.5,12.2,10.2,4,--,--,--,--,--,--,--,--,--,--,--,--,--,--,1.8,3.6,0.7,0.5,--,--
2015,Santa Catarina,Rural,Estadual,92.8,96.4,90.1,99,99.7,91.7,99.6,93.6,87.8,88.3,90.7,94.5,86.5,64,88.4,96.6,100,--,6.4,3.3,8.7,0.7,0.2,8,0.2,6,11.1,10.8,8,4,8,21.3,7.1,1.8,0,--,0.8,0.3,1.2,0.3,0.1,0.3,0.2,0.4,1.1,0.9,1.3,1.5,5.5,14.7,4.5,1.6,0,--
2015,Santa Catarina,Rural,Municipal,95.9,97,92.8,99.2,98.6,93.7,97.1,96.5,90.5,90.8,93.9,96.8,85.6,68.9,91.5,95.5,--,--,3.8,2.9,6.4,0.6,1.3,6.3,2.8,3.3,8.8,8.3,5.1,2.5,7.2,13.6,7.1,0,--,--,0.3,0.1,0.8,0.2,0.1,0,0.1,0.2,0.7,0.9,1,0.7,7.2,17.5,1.4,4.5,--,--
2015,Santa Catarina,Rural,Particular,87.5,--,87.5,--,--,--,--,--,--,--,--,87.5,98.6,96.7,98.8,100,--,--,12.5,--,12.5,--,--,--,--,--,--,--,--,12.5,1.4,3.3,1.2,0,--,--,0,--,0,--,--,--,--,--,--,--,--,0,0,0,0,0,--,--
2015,Rio Grande do Sul,Total,Total,87.4,92.4,81,99.3,99.1,86.2,89.8,90.3,79,78.8,82.6,86,75.6,65.2,78.5,88.5,87.9,86,11.5,7.1,17,0.4,0.7,13.3,9.8,9.1,19.3,19.3,15.4,11.8,17.3,25.5,15,7.4,5.3,7.6,1.1,0.5,2,0.3,0.2,0.5,0.4,0.6,1.7,1.9,2,2.2,7.1,9.3,6.5,4.1,6.8,6.4
2015,Rio Grande do Sul,Total,Pública,86.2,91.5,79.6,99.2,99.2,84.6,88.7,89.3,77.1,77.1,81.1,85.6,73.3,62.5,76.5,87.1,87.6,87.4,12.6,8,18.3,0.4,0.6,14.8,10.8,9.9,21,20.8,16.7,12.1,18.7,27.2,16.1,8.1,5.5,8.1,1.2,0.5,2.1,0.4,0.2,0.6,0.5,0.8,1.9,2.1,2.2,2.3,8,10.3,7.4,4.8,6.9,4.5
2015,Rio Grande do Sul,Total,Federal,95.8,99.2,95.4,100,100,100,97.9,100,97.5,96.8,93.6,93.8,84.8,76.3,86.4,92,94.5,91.1,4.2,0.8,4.6,0,0,0,2.1,0,2.5,3.2,6.4,6.2,12.4,20.2,11.5,5.9,3,3.9,0,0,0,0,0,0,0,0,0,0,0,0,2.8,3.5,2.1,2.1,2.5,5
2015,Rio Grande do Sul,Total,Estadual,84.1,91.2,77.3,99.6,99.6,84.1,87.8,89.1,75.2,74.9,79.3,81.7,73,62.2,76.2,87,85,84.5,14.6,8.4,20.6,0.1,0.2,15.4,11.7,10.3,23.1,23.1,18.6,15.7,18.9,27.4,16.2,8.1,6,13.5,1.3,0.4,2.1,0.3,0.2,0.5,0.5,0.6,1.7,2,2.1,2.6,8.1,10.4,7.6,4.9,9,2
2015,Rio Grande do Sul,Total,Municipal,87.8,91.8,81.9,99,98.9,85,89.2,89.4,78.8,79.4,83.1,89.7,67.4,54.6,71.8,80.2,80.9,86.5,11,7.6,15.9,0.6,0.9,14.4,10.2,9.7,19.1,18.4,14.5,8.2,19.8,27.7,17.1,12.5,17.3,2.4,1.2,0.6,2.2,0.4,0.2,0.6,0.6,0.9,2.1,2.2,2.4,2.1,12.8,17.7,11.1,7.3,1.8,11.1
2015,Rio Grande do Sul,Total,Particular,97.3,98.6,95,99.8,98.5,98.1,98.3,98,96.2,94.3,95.1,93.1,92.7,88.9,93,97.4,99.1,73.8,2.7,1.4,4.9,0.1,1.4,1.8,1.7,1.9,3.8,5.6,4.9,6.7,6.9,10.7,6.7,2.4,0,4.1,0,0,0.1,0.1,0.1,0.1,0,0.1,0,0.1,0,0.2,0.4,0.4,0.3,0.2,0.9,22.1
2015,Rio Grande do Sul,Urbana,Total,87.2,92.4,80.6,99.3,99.1,86.1,89.7,90.1,78.6,78.4,82.3,85.4,75.3,64.9,78.3,88.3,87.4,83.9,11.8,7.2,17.5,0.4,0.7,13.4,9.8,9.2,19.7,19.8,15.9,12.4,17.5,25.7,15.1,7.5,5.4,8.9,1,0.4,1.9,0.3,0.2,0.5,0.5,0.7,1.7,1.8,1.8,2.2,7.2,9.4,6.6,4.2,7.2,7.2
2015,Rio Grande do Sul,Urbana,Pública,85.7,91.3,78.9,99.2,99.2,84.3,88.4,89,76.5,76.4,80.5,84.9,73,62.2,76.2,86.8,87.1,85.4,13.1,8.2,19,0.5,0.6,15.2,11.1,10.3,21.6,21.5,17.4,12.8,18.9,27.5,16.3,8.3,5.6,9.6,1.2,0.5,2.1,0.3,0.2,0.5,0.5,0.7,1.9,2.1,2.1,2.3,8.1,10.3,7.5,4.9,7.3,5
2015,Rio Grande do Sul,Urbana,Federal,95.8,99.2,95.4,100,100,100,97.9,100,97.5,96.8,93.6,93.8,84.5,76.5,86,91.5,93.5,87.9,4.2,0.8,4.6,0,0,0,2.1,0,2.5,3.2,6.4,6.2,12.4,19.8,11.8,6,3.5,5.4,0,0,0,0,0,0,0,0,0,0,0,0,3.1,3.7,2.2,2.5,3,6.7
2015,Rio Grande do Sul,Urbana,Estadual,83.8,91.1,76.8,99.6,99.7,83.8,87.7,89,74.6,74.3,78.9,81.3,72.8,61.9,76,86.8,85,83.2,15,8.5,21.3,0.1,0.2,15.7,11.9,10.4,23.8,23.8,19.2,16.3,19.1,27.7,16.4,8.3,5.9,15.4,1.2,0.4,1.9,0.3,0.1,0.5,0.4,0.6,1.6,1.9,1.9,2.4,8.1,10.4,7.6,4.9,9.1,1.4
2015,Rio Grande do Sul,Urbana,Municipal,87.4,91.5,81.3,98.9,98.8,84.6,88.9,88.9,78.3,78.8,82.4,89,65.8,51.9,70.4,79.1,80.9,86.5,11.4,7.9,16.5,0.7,0.9,14.8,10.5,10.1,19.5,19,15.3,8.8,21.1,29.4,18.5,13.5,17.3,2.4,1.2,0.6,2.2,0.4,0.3,0.6,0.6,1,2.2,2.2,2.3,2.2,13.1,18.7,11.1,7.4,1.8,11.1
2015,Rio Grande do Sul,Urbana,Particular,97.3,98.6,95.1,99.8,98.5,98.1,98.3,98,96.2,94.4,95.1,93.3,92.8,88.9,93,97.4,99.1,73.8,2.6,1.3,4.9,0.1,1.4,1.8,1.7,1.9,3.8,5.6,4.8,6.6,6.9,10.7,6.7,2.4,0,4.1,0.1,0.1,0,0.1,0.1,0.1,0,0.1,0,0,0.1,0.1,0.3,0.4,0.3,0.2,0.9,22.1
2015,Rio Grande do Sul,Rural,Total,89.5,93,84.8,99.6,99,87.2,90.4,91.6,82,82.9,86.1,90.8,81.7,71.8,84.5,93.1,93.6,97.1,9.2,6.6,12.8,0.1,0.7,12.4,9.1,7.8,16.3,14.6,11.3,6.5,12.6,19.9,10.7,4.1,3.9,0.4,1.3,0.4,2.4,0.3,0.3,0.4,0.5,0.6,1.7,2.5,2.6,2.7,5.7,8.3,4.8,2.8,2.5,2.5
2015,Rio Grande do Sul,Rural,Pública,89.6,93,84.8,99.6,99,87.2,90.4,91.6,81.9,82.9,86.1,90.8,81.4,71.2,84.1,93,93.6,97.1,9.2,6.6,12.8,0.1,0.7,12.4,9.1,7.8,16.3,14.6,11.3,6.4,12.8,20.2,11.1,4.2,3.9,0.4,1.2,0.4,2.4,0.3,0.3,0.4,0.5,0.6,1.8,2.5,2.6,2.8,5.8,8.6,4.8,2.8,2.5,2.5
2015,Rio Grande do Sul,Rural,Federal,--,--,--,--,--,--,--,--,--,--,--,--,86,75.4,88.3,93.9,100,99.4,--,--,--,--,--,--,--,--,--,--,--,--,12.3,21.7,10.1,5.5,0,0,--,--,--,--,--,--,--,--,--,--,--,--,1.7,2.9,1.6,0.6,0,0.6
2015,Rio Grande do Sul,Rural,Estadual,87.9,92.2,83.6,99.5,99.2,87.1,88.9,90.1,82.4,82.8,84.2,86.3,80.1,69.8,83.1,92.9,85.7,93.2,10.3,7.1,13.5,0.1,0.2,12.1,10.3,9,15.9,14.4,12.7,9.3,13.2,20.3,11.6,4,8.6,1.1,1.8,0.7,2.9,0.4,0.6,0.8,0.8,0.9,1.7,2.8,3.1,4.4,6.7,9.9,5.3,3.1,5.7,5.7
2015,Rio Grande do Sul,Rural,Municipal,90.3,93.3,85.5,99.6,99,87.2,91,92.2,81.7,82.9,87.2,93.3,85,80.9,85.8,91.7,--,--,8.7,6.4,12.4,0.1,0.8,12.6,8.7,7.3,16.6,14.8,10.4,4.8,6.5,10.9,3.3,2.1,--,--,1,0.3,2.1,0.3,0.2,0.2,0.3,0.5,1.7,2.3,2.4,1.9,8.5,8.2,10.9,6.2,--,--
2015,Rio Grande do Sul,Rural,Particular,88.6,93.8,85.1,100,88,94.9,94.9,89.4,92.9,83.1,86,83.1,90.9,87.8,92.4,95.1,--,--,11,6.2,14.2,0,12,5.1,5.1,10.6,7.1,16.9,13.1,15.6,6.2,11.2,2.7,2.5,--,--,0.4,0,0.7,0,0,0,0,0,0,0,0.9,1.3,2.9,1,4.9,2.4,--,--
2015,Mato Grosso do Sul,Total,Total,86.7,90.2,82.1,98.5,85.2,87,89.4,91.7,81.1,80.1,84.1,83.8,76.3,64.8,79.8,87.2,81,92,11.5,9.2,14.6,0.9,14.3,12.4,9.9,7.4,16.4,16.6,12.8,11.4,14.8,22.9,12.8,6.8,4.5,2.8,1.8,0.6,3.3,0.6,0.5,0.6,0.7,0.9,2.5,3.3,3.1,4.8,8.9,12.3,7.4,6,14.5,5.2
2015,Mato Grosso do Sul,Total,Pública,85.4,89.1,80.7,98.4,83.7,85.6,88.3,91,79.5,78.6,82.9,82.5,74.1,62.2,77.9,85.6,81,92,12.6,10.2,15.7,1,15.8,13.8,10.9,8,17.7,17.9,13.7,12.2,15.9,24.3,13.8,7.5,4.5,2.8,2,0.7,3.6,0.6,0.5,0.6,0.8,1,2.8,3.5,3.4,5.3,10,13.5,8.3,6.9,14.5,5.2
2015,Mato Grosso do Sul,Total,Federal,94.3,--,94.3,--,--,--,--,--,87.6,93.6,95.1,99.2,92,88.5,88.5,100,--,92,5.7,--,5.7,--,--,--,--,--,12.4,6.4,4.9,0.8,3.9,11.5,11.5,0,--,2.8,0,--,0,--,--,--,--,--,0,0,0,0,4.1,0,0,0,--,5.2
2015,Mato Grosso do Sul,Total,Estadual,81.1,88.6,76.8,99.4,81,85.6,88.9,90.6,76.5,74.5,78.7,77.4,73.6,62,77.8,85.5,81,94.4,15.4,10.7,18.2,0.1,18.5,13.8,10.4,8.4,19.9,20.6,16.6,15.5,16.3,24.4,13.8,7.6,4.5,0,3.5,0.7,5,0.5,0.5,0.6,0.7,1,3.6,4.9,4.7,7.1,10.1,13.6,8.4,6.9,14.5,5.6
2015,Mato Grosso do Sul,Total,Municipal,87.9,89.3,85.1,98.2,84.4,85.6,88.1,91.1,82.3,82.6,87.9,90.7,93.9,90.9,93.5,100,--,--,10.9,10,12.8,1.2,15,13.7,11.1,7.9,15.7,15.1,10.3,7,6.1,9.1,6.5,0,--,--,1.2,0.7,2.1,0.6,0.6,0.7,0.8,1,2,2.3,1.8,2.3,0,0,0,0,--,--
2015,Mato Grosso do Sul,Total,Particular,97.5,98.4,96.2,99.2,97.2,98.3,98.7,98.4,97.1,96.2,95.5,95.9,94.9,91.9,94.6,98,--,--,2.3,1.5,3.7,0.6,2.6,1.6,1.2,1.6,2.9,3.6,4.4,4,4.9,7.8,5.2,1.8,--,--,0.2,0.1,0.1,0.2,0.2,0.1,0.1,0,0,0.2,0.1,0.1,0.2,0.3,0.2,0.2,--,--
2015,Mato Grosso do Sul,Urbana,Total,87,90.9,82.1,98.8,86,88,90.3,92.3,81.5,80.1,84,83.3,76,64.2,79.7,87.2,81,91.6,11.3,8.6,14.6,0.8,13.6,11.6,9.2,7,16.1,16.7,13.1,11.9,15,23.2,12.9,6.8,4.5,3.8,1.7,0.5,3.3,0.4,0.4,0.4,0.5,0.7,2.4,3.2,2.9,4.8,9,12.6,7.4,6,14.5,4.6
2015,Mato Grosso do Sul,Urbana,Pública,85.7,89.8,80.6,98.7,84.4,86.4,89.1,91.6,79.8,78.4,82.8,81.9,73.7,61.5,77.7,85.6,81,91.6,12.4,9.7,15.8,0.8,15.2,13.1,10.3,7.7,17.6,18.1,14,12.8,16.2,24.7,13.9,7.5,4.5,3.8,1.9,0.5,3.6,0.5,0.4,0.5,0.6,0.7,2.6,3.5,3.2,5.3,10.1,13.8,8.4,6.9,14.5,4.6
2015,Mato Grosso do Sul,Urbana,Federal,94.3,--,94.3,--,--,--,--,--,87.6,93.6,95.1,99.2,91.6,88.5,88.5,100,--,91.5,5.7,--,5.7,--,--,--,--,--,12.4,6.4,4.9,0.8,5,11.5,11.5,0,--,3.9,0,--,0,--,--,--,--,--,0,0,0,0,3.4,0,0,0,--,4.6
2015,Mato Grosso do Sul,Urbana,Estadual,80.9,88.5,76.6,99.4,81.1,85.3,88.8,90.5,76.3,74.3,78.6,77.2,73.3,61.4,77.6,85.5,81,94.4,15.7,10.8,18.4,0,18.4,14.1,10.4,8.6,20.1,20.9,16.8,15.7,16.5,24.8,13.9,7.6,4.5,0,3.4,0.7,5,0.6,0.5,0.6,0.8,0.9,3.6,4.8,4.6,7.1,10.2,13.8,8.5,6.9,14.5,5.6
2015,Mato Grosso do Sul,Urbana,Municipal,88.8,90.2,85.8,98.6,85.3,86.8,89.2,92.1,83.6,83.2,88.3,90.7,--,--,--,--,--,--,10.3,9.3,12.5,1,14.2,12.7,10.2,7.3,14.9,14.8,10.3,7.3,--,--,--,--,--,--,0.9,0.5,1.7,0.4,0.5,0.5,0.6,0.6,1.5,2,1.4,2,--,--,--,--,--,--
2015,Mato Grosso do Sul,Urbana,Particular,97.5,98.4,96.1,99.2,97.1,98.4,98.7,98.5,97,96.1,95.4,95.8,94.8,92,94.5,98,--,--,2.4,1.5,3.8,0.6,2.7,1.5,1.2,1.5,3,3.7,4.5,4.1,5,7.8,5.3,1.9,--,--,0.1,0.1,0.1,0.2,0.2,0.1,0.1,0,0,0.2,0.1,0.1,0.2,0.2,0.2,0.1,--,--
2015,Mato Grosso do Sul,Rural,Total,84,85.3,82.1,96.6,79.5,80.9,83.8,87.1,77.7,80.2,84.7,88.8,81,73.4,81.3,87.4,--,93.2,13.4,13.1,13.8,2.1,19.4,17.6,14.5,10.4,18.3,15.8,10.8,7,11.1,16.6,11.5,6.5,--,0,2.6,1.6,4.1,1.3,1.1,1.5,1.7,2.5,4,4,4.5,4.2,7.9,10,7.2,6.1,--,6.8
2015,Mato Grosso do Sul,Rural,Pública,83.8,85.2,81.7,96.6,79.4,80.7,83.7,87,77.3,79.8,84.4,88.4,80,72.1,80.3,86.2,--,93.2,13.5,13.2,14.1,2.1,19.6,17.8,14.6,10.4,18.5,16.1,11.1,7.2,11.7,17.2,12.2,7.2,--,0,2.7,1.6,4.2,1.3,1,1.5,1.7,2.6,4.2,4.1,4.5,4.4,8.3,10.7,7.5,6.6,--,6.8
2015,Mato Grosso do Sul,Rural,Federal,--,--,--,--,--,--,--,--,--,--,--,--,93.2,--,--,--,--,93.2,--,--,--,--,--,--,--,--,--,--,--,--,0,--,--,--,--,0,--,--,--,--,--,--,--,--,--,--,--,--,6.8,--,--,--,--,6.8
2015,Mato Grosso do Sul,Rural,Estadual,84.8,89.9,80.6,99.5,80.2,89.2,90.1,91.9,80.5,79.3,80,83.2,78.4,71.7,80,85.9,--,--,12.2,9.6,14.4,0.3,19.7,10.7,9.5,6.6,16.2,15.6,13.6,11,12.9,17.4,12.3,7.3,--,--,3,0.5,5,0.2,0.1,0.1,0.4,1.5,3.3,5.1,6.4,5.8,8.7,10.9,7.7,6.8,--,--
2015,Mato Grosso do Sul,Rural,Municipal,83.6,84.5,82,96.2,79.3,79.5,82.6,86.1,76.4,80,86,90.3,93.9,90.9,93.5,100,--,--,13.8,13.7,14,2.3,19.6,18.8,15.5,11.1,19.2,16.3,10.2,5.7,6.1,9.1,6.5,0,--,--,2.6,1.8,4,1.5,1.1,1.7,1.9,2.8,4.4,3.7,3.8,4,0,0,0,0,--,--
2015,Mato Grosso do Sul,Rural,Particular,98.7,96.7,100,100,100,95.2,97,95.4,100,100,100,100,95.6,90.9,96.3,100,--,--,1.3,3.3,0,0,0,4.8,3,4.6,0,0,0,0,3.3,8.3,0.9,0,--,--,0,0,0,0,0,0,0,0,0,0,0,0,1.1,0.8,2.8,0,--,--
2015,Mato Grosso,Total,Total,96.8,98.1,95.1,99.4,99.2,96.2,97.5,98.2,96.4,97.6,97.7,88.3,68.1,56.5,75,82.8,87,68.9,2.6,1.7,3.8,0.3,0.6,3.6,2.2,1.5,3,1.6,1.2,9.6,18.4,25.9,14.9,8.4,7.4,13.2,0.6,0.2,1.1,0.3,0.2,0.2,0.3,0.3,0.6,0.8,1.1,2.1,13.5,17.6,10.1,8.8,5.6,17.9
2015,Mato Grosso,Total,Pública,96.6,97.9,94.8,99.4,99.2,95.8,97.3,98.1,96.3,97.7,97.8,87.4,65.8,54,72.9,81.1,87,68.9,2.7,1.8,4,0.2,0.6,3.9,2.4,1.6,3.1,1.5,1,10.3,19.7,27.3,16.1,9.2,7.4,13.2,0.7,0.3,1.2,0.4,0.2,0.3,0.3,0.3,0.6,0.8,1.2,2.3,14.5,18.7,11,9.7,5.6,17.9
2015,Mato Grosso,Total,Federal,--,--,--,--,--,--,--,--,--,--,--,--,89.7,88,88.6,93.9,88.3,--,--,--,--,--,--,--,--,--,--,--,--,--,9.1,10.5,10.5,4.8,11.7,--,--,--,--,--,--,--,--,--,--,--,--,--,1.2,1.5,0.9,1.3,0,--
2015,Mato Grosso,Total,Estadual,97.1,99.8,95.5,99.7,99.8,99.8,99.7,99.8,99.6,99.4,99.1,86.1,65.1,53.1,72.4,80.6,86.2,68.9,2.2,0.1,3.4,0.1,0.1,0.1,0.1,0.1,0.1,0.1,0.1,11.8,20,27.7,16.3,9.4,4.7,13.2,0.7,0.1,1.1,0.2,0.1,0.1,0.2,0.1,0.3,0.5,0.8,2.1,14.9,19.2,11.3,10,9.1,17.9
2015,Mato Grosso,Total,Municipal,96,97.1,93.1,99.3,99,94.2,95.9,96.9,92.5,93.6,94,92.7,97.8,98.5,95.3,100,--,--,3.3,2.6,5.3,0.2,0.8,5.5,3.8,2.6,6.6,4.9,3.9,4.3,0.7,1.5,0,0,--,--,0.7,0.3,1.6,0.5,0.2,0.3,0.3,0.5,0.9,1.5,2.1,3,1.5,0,4.7,0,--,--
2015,Mato Grosso,Total,Particular,98.4,99,97.5,98.9,98.9,98.9,98.9,99.2,97.6,97.6,97.5,97.1,96,93.4,96.8,98.4,--,--,1.5,0.9,2.4,0.8,0.9,1,1.1,0.8,2.3,2.4,2.4,2.8,3.7,6.2,3,1.4,--,--,0.1,0.1,0.1,0.3,0.2,0.1,0,0,0.1,0,0.1,0.1,0.3,0.4,0.2,0.2,--,--
2015,Mato Grosso,Urbana,Total,96.9,98.3,95.2,99.6,99.4,96.4,97.7,98.5,96.8,98,98.1,87.9,67.5,55.6,74.7,82.6,85.2,61.1,2.6,1.6,4,0.2,0.5,3.5,2.2,1.3,2.9,1.5,1.1,10.4,19,26.6,15.2,8.7,8.6,13.8,0.5,0.1,0.8,0.2,0.1,0.1,0.1,0.2,0.3,0.5,0.8,1.7,13.5,17.8,10.1,8.7,6.2,25.1
2015,Mato Grosso,Urbana,Pública,96.7,98.2,94.9,99.7,99.4,96,97.5,98.4,96.7,98,98.2,86.8,64.7,52.8,72.2,80.5,85.2,61.1,2.8,1.7,4.1,0.1,0.4,3.9,2.3,1.4,3,1.4,0.9,11.3,20.5,28.2,16.6,9.6,8.6,13.8,0.5,0.1,1,0.2,0.2,0.1,0.2,0.2,0.3,0.6,0.9,1.9,14.8,19,11.2,9.9,6.2,25.1
2015,Mato Grosso,Urbana,Federal,--,--,--,--,--,--,--,--,--,--,--,--,91.8,90.7,93.5,93.3,88.3,--,--,--,--,--,--,--,--,--,--,--,--,--,7.1,7.5,5.9,6.3,11.7,--,--,--,--,--,--,--,--,--,--,--,--,--,1.1,1.8,0.6,0.4,0,--
2015,Mato Grosso,Urbana,Estadual,97.1,99.9,95.5,99.9,99.9,99.9,99.9,100,99.7,99.5,99.2,85.7,64.1,52,71.8,80.2,82.6,61.1,2.3,0,3.6,0,0,0.1,0,0,0.1,0.1,0.1,12.4,20.8,28.6,16.9,9.7,5.9,13.8,0.6,0.1,0.9,0.1,0.1,0,0.1,0,0.2,0.4,0.7,1.9,15.1,19.4,11.3,10.1,11.5,25.1
2015,Mato Grosso,Urbana,Municipal,96.3,97.2,93.2,99.6,99.2,94.2,95.9,97.1,92.6,93.4,94.1,93.3,--,--,--,--,--,--,3.3,2.5,5.7,0.1,0.6,5.6,3.9,2.5,6.8,5.6,4.3,4.5,--,--,--,--,--,--,0.4,0.3,1.1,0.3,0.2,0.2,0.2,0.4,0.6,1,1.6,2.2,--,--,--,--,--,--
2015,Mato Grosso,Urbana,Particular,98.4,99,97.5,98.9,98.9,98.9,98.9,99.2,97.6,97.6,97.5,97.1,96,93.4,96.8,98.4,--,--,1.5,0.9,2.4,0.8,0.9,1,1.1,0.8,2.3,2.4,2.4,2.8,3.7,6.2,3,1.4,--,--,0.1,0.1,0.1,0.3,0.2,0.1,0,0,0.1,0,0.1,0.1,0.3,0.4,0.2,0.2,--,--
2015,Mato Grosso,Rural,Total,95.7,96.9,94.2,98.2,98,95.1,96.5,96.8,94.4,95.8,95.6,91.1,73.4,64.7,78.1,85.3,96.6,72,2.7,2.3,3.2,0.9,1.4,4.2,2.7,2.2,4,2.1,1.7,4.8,13.8,19.4,11.9,5.8,1.1,13,1.6,0.8,2.6,0.9,0.6,0.7,0.8,1,1.6,2.1,2.7,4.1,12.8,15.9,10,8.9,2.3,15
2015,Mato Grosso,Rural,Pública,95.7,96.9,94.2,98.2,97.9,95.1,96.5,96.8,94.4,95.8,95.6,91.1,73.4,64.6,78.1,85.3,96.6,72,2.7,2.3,3.2,0.9,1.4,4.2,2.7,2.2,4,2.1,1.7,4.8,13.8,19.5,11.9,5.8,1.1,13,1.6,0.8,2.6,0.9,0.7,0.7,0.8,1,1.6,2.1,2.7,4.1,12.8,15.9,10,8.9,2.3,15
2015,Mato Grosso,Rural,Federal,--,--,--,--,--,--,--,--,--,--,--,--,84.2,80.5,79.4,95.3,--,--,--,--,--,--,--,--,--,--,--,--,--,--,14.3,18.8,19.3,1.9,--,--,--,--,--,--,--,--,--,--,--,--,--,--,1.5,0.7,1.3,2.8,--,--
2015,Mato Grosso,Rural,Estadual,97.2,98.8,95.9,98.9,99,99,98.6,98.5,98.6,98.2,97.6,90.4,72.4,63.2,77.8,84.1,96.6,72,1.3,0.7,1.8,0.6,0.8,0.6,0.8,0.5,0.1,0.3,0.2,5.7,13.8,19.7,11.3,6.2,1.1,13,1.5,0.5,2.3,0.5,0.2,0.4,0.6,1,1.3,1.5,2.2,3.9,13.8,17.1,10.9,9.7,2.3,15
2015,Mato Grosso,Rural,Municipal,95.1,96.3,93,97.9,97.6,93.9,95.8,96.2,92.3,94,93.8,91.7,97.8,98.5,95.3,100,--,--,3.4,2.8,4.3,1,1.6,5.3,3.3,2.9,6,3.4,3.1,4,0.7,1.5,0,0,--,--,1.5,0.9,2.7,1.1,0.8,0.8,0.9,0.9,1.7,2.6,3.1,4.3,1.5,0,4.7,0,--,--
2015,Mato Grosso,Rural,Particular,100,100,100,100,100,100,100,100,100,100,100,--,91.7,89.5,--,100,--,--,0,0,0,0,0,0,0,0,0,0,0,--,4.2,5.3,--,0,--,--,0,0,0,0,0,0,0,0,0,0,0,--,4.1,5.2,--,0,--,--
2015,Goiás,Total,Total,93.5,95.6,90.9,98.6,97.9,93.6,92.6,95.7,90.8,90.9,90.8,91.1,85.7,80.1,86.9,91.4,90.7,95.7,5.2,3.8,7,0.7,1.6,5.9,6.8,3.7,7.5,7.2,6.7,6.2,8.4,12.3,7.6,4.4,8.3,3.3,1.3,0.6,2.1,0.7,0.5,0.5,0.6,0.6,1.7,1.9,2.5,2.7,5.9,7.6,5.5,4.2,1,1
2015,Goiás,Total,Pública,92.5,94.7,89.8,98.5,97.4,92.3,91.3,95,89.6,89.8,89.6,90.1,84,78.2,85.3,90.3,90.7,--,6,4.6,7.7,0.7,2,7.1,8,4.2,8.4,7.9,7.5,6.8,9.1,13,8.2,4.9,8.3,--,1.5,0.7,2.5,0.8,0.6,0.6,0.7,0.8,2,2.3,2.9,3.1,6.9,8.8,6.5,4.8,1,--
2015,Goiás,Total,Federal,92.9,92.3,93.5,89.7,92.3,88.1,91.8,98.4,89.8,94.8,98.2,91.2,85.7,78.7,90.4,94,90.3,--,7.1,7.7,6.5,10.3,7.7,11.9,8.2,1.6,10.2,5.2,1.8,8.8,12.8,18.7,9.3,5.3,8.7,--,0,0,0,0,0,0,0,0,0,0,0,0,1.5,2.6,0.3,0.7,1,--
2015,Goiás,Total,Estadual,91.1,97.8,90.3,99.8,99.4,99.1,95.7,96.7,90.9,90.5,89.6,90.2,84,78.2,85.2,90.2,100,--,6.6,1.9,7.2,0,0.2,0.7,3.9,2.8,7.1,7.3,7.5,6.7,9,12.9,8.2,4.8,0,--,2.3,0.3,2.5,0.2,0.4,0.2,0.4,0.5,2,2.2,2.9,3.1,7,8.9,6.6,5,0,--
2015,Goiás,Total,Municipal,93.2,94.5,88.6,98.5,97.3,91.8,90.9,94.8,87.5,88.5,89.6,89.8,91,86.4,92.8,95.6,--,--,5.7,4.8,8.8,0.8,2.1,7.5,8.3,4.4,10.4,9.1,7.5,7,6.7,10.7,6.1,1.5,--,--,1.1,0.7,2.6,0.7,0.6,0.7,0.8,0.8,2.1,2.4,2.9,3.2,2.3,2.9,1.1,2.9,--,--
2015,Goiás,Total,Particular,97.8,99,96.2,98.9,99.4,99.3,98.6,98.6,96.6,95.9,96.5,95.8,94.8,91.4,95.8,97.6,--,95.7,1.9,0.8,3.5,0.6,0.4,0.6,1.3,1.3,3.3,3.8,3.2,3.7,4.6,7.9,3.8,1.8,--,3.3,0.3,0.2,0.3,0.5,0.2,0.1,0.1,0.1,0.1,0.3,0.3,0.5,0.6,0.7,0.4,0.6,--,1
2015,Goiás,Urbana,Total,93.6,95.7,91,98.6,97.9,93.7,92.9,95.9,91,90.9,90.9,91.1,85.6,80,86.8,91.3,90.7,95.7,5.2,3.7,6.9,0.7,1.6,5.8,6.5,3.5,7.3,7.2,6.7,6.3,8.5,12.3,7.6,4.4,8.3,3.3,1.2,0.6,2.1,0.7,0.5,0.5,0.6,0.6,1.7,1.9,2.4,2.6,5.9,7.7,5.6,4.3,1,1
2015,Goiás,Urbana,Pública,92.5,94.8,89.8,98.5,97.5,92.3,91.5,95.2,89.8,89.9,89.6,90,83.9,78.1,85.1,90.2,90.7,--,5.9,4.5,7.7,0.7,1.9,7.2,7.8,4,8.2,7.9,7.4,6.9,9.1,13.1,8.3,4.9,8.3,--,1.6,0.7,2.5,0.8,0.6,0.5,0.7,0.8,2,2.2,3,3.1,7,8.8,6.6,4.9,1,--
2015,Goiás,Urbana,Federal,92.9,92.3,93.5,89.7,92.3,88.1,91.8,98.4,89.8,94.8,98.2,91.2,84.2,77.5,88.5,92.9,90.3,--,7.1,7.7,6.5,10.3,7.7,11.9,8.2,1.6,10.2,5.2,1.8,8.8,14.4,20.1,11.3,6.5,8.7,--,0,0,0,0,0,0,0,0,0,0,0,0,1.4,2.4,0.2,0.6,1,--
2015,Goiás,Urbana,Estadual,91.1,97.8,90.3,99.8,99.4,99.1,95.7,96.9,91,90.5,89.6,90.2,83.9,78.1,85.1,90.1,100,--,6.6,1.8,7.2,0,0.2,0.7,3.9,2.6,7.1,7.3,7.5,6.7,9.1,12.9,8.3,4.9,0,--,2.3,0.4,2.5,0.2,0.4,0.2,0.4,0.5,1.9,2.2,2.9,3.1,7,9,6.6,5,0,--
2015,Goiás,Urbana,Municipal,93.3,94.6,88.7,98.5,97.4,91.8,91.2,95,87.9,88.4,89.7,89.4,90.9,85.6,93.7,95.8,--,--,5.6,4.7,8.8,0.8,2,7.6,8.1,4.2,10.1,9.1,7.4,7.3,6.9,11.8,5.1,1.7,--,--,1.1,0.7,2.5,0.7,0.6,0.6,0.7,0.8,2,2.5,2.9,3.3,2.2,2.6,1.2,2.5,--,--
2015,Goiás,Urbana,Particular,97.8,99,96.2,98.9,99.4,99.3,98.7,98.6,96.6,95.9,96.5,95.8,94.8,91.3,95.8,97.6,--,95.7,1.9,0.8,3.5,0.6,0.4,0.6,1.2,1.3,3.2,3.8,3.2,3.8,4.6,7.9,3.8,1.8,--,3.3,0.3,0.2,0.3,0.5,0.2,0.1,0.1,0.1,0.2,0.3,0.3,0.4,0.6,0.8,0.4,0.6,--,1
2015,Goiás,Rural,Total,91.4,93.1,88.9,98.6,96.1,93.1,87.5,91.5,85.2,89.6,89.3,93.2,90.5,85.6,92.6,95.2,--,--,7.1,6.2,8.4,0.7,3.2,6.2,11.7,7.7,12.1,7.8,8.1,4.2,6.3,10.1,4.7,2.7,--,--,1.5,0.7,2.7,0.7,0.7,0.7,0.8,0.8,2.7,2.6,2.6,2.6,3.2,4.3,2.7,2.1,--,--
2015,Goiás,Rural,Pública,91.3,93,88.7,98.6,96.1,93.1,87.4,91.5,85,89.4,89,93,89.7,84.2,92.1,94.8,--,--,7.2,6.2,8.6,0.6,3.2,6.3,11.8,7.7,12.2,8,8.3,4.3,6.8,11,4.9,2.8,--,--,1.5,0.8,2.7,0.8,0.7,0.6,0.8,0.8,2.8,2.6,2.7,2.7,3.5,4.8,3,2.4,--,--
2015,Goiás,Rural,Federal,--,--,--,--,--,--,--,--,--,--,--,--,89.7,82.3,94.7,95.8,--,--,--,--,--,--,--,--,--,--,--,--,--,--,8.6,14.6,4.8,3.4,--,--,--,--,--,--,--,--,--,--,--,--,--,--,1.7,3.1,0.5,0.8,--,--
2015,Goiás,Rural,Estadual,91.2,96.2,90.2,99.1,99.1,99.1,96.1,90.3,88.2,90.6,89.7,92.9,89.6,85,91.2,94.3,--,--,6.4,3.1,7.1,0,0.5,0.9,3.4,8.1,9.2,6.9,7.3,4.5,6,9.5,4.7,2.6,--,--,2.4,0.7,2.7,0.9,0.4,0,0.5,1.6,2.6,2.5,3,2.6,4.4,5.5,4.1,3.1,--,--
2015,Goiás,Rural,Municipal,91.3,92.9,88,98.6,95.9,92.7,87,91.5,83.7,88.9,88.7,93.1,91.7,94.7,87,94.4,--,--,7.3,6.4,9.2,0.7,3.4,6.5,12.2,7.7,13.4,8.4,8.8,4.2,5,0,13,0,--,--,1.4,0.7,2.8,0.7,0.7,0.8,0.8,0.8,2.9,2.7,2.5,2.7,3.3,5.3,0,5.6,--,--
2015,Goiás,Rural,Particular,96.1,95.6,96.6,98.4,96.9,97.6,91.8,95.3,92,98,99,98,95.6,93.7,95.8,98.1,--,--,3,2.8,3.1,1.6,0,0,6.1,4.7,8,2,0,2,3.3,4.3,3.4,1.9,--,--,0.9,1.6,0.3,0,3.1,2.4,2.1,0,0,0,1,0,1.1,2,0.8,0,--,--
2015,Distrito Federal,Total,Total,89,94.1,83.1,98.1,98.6,86.4,95.5,93,79.7,82.4,86.1,84.8,82.3,74.9,85.1,90.1,--,71.4,9.6,5.6,14.2,1.5,1.2,13.4,4.1,6.6,17,14.8,11.7,12.8,13.8,19.7,11.3,7.8,--,28.6,1.4,0.3,2.7,0.4,0.2,0.2,0.4,0.4,3.3,2.8,2.2,2.4,3.9,5.4,3.6,2.1,--,0
2015,Distrito Federal,Total,Pública,85.6,92.1,78.4,97.5,98.1,81.9,94,90.8,74.4,77.6,82.2,80.7,77.7,69.7,80.9,86.9,--,71.4,12.4,7.5,17.9,2,1.6,17.8,5.5,8.6,21.3,18.7,14.8,15.9,17,23.2,14.2,10.1,--,28.6,2,0.4,3.7,0.5,0.3,0.3,0.5,0.6,4.3,3.7,3,3.4,5.3,7.1,4.9,3,--,0
2015,Distrito Federal,Total,Federal,98.7,--,98.7,--,--,--,--,--,96.8,100,98.4,99.1,87.3,72.2,94.9,97.7,--,--,1.3,--,1.3,--,--,--,--,--,3.2,0,1.6,0.9,11.4,24.3,5.1,2.3,--,--,0,--,0,--,--,--,--,--,0,0,0,0,1.3,3.5,0,0,--,--
2015,Distrito Federal,Total,Estadual,85.6,92.1,78.3,97.5,98.1,81.9,94,90.8,74.3,77.5,82,80.5,77.5,69.7,80.7,86.6,--,71.4,12.5,7.5,18.1,2,1.6,17.8,5.5,8.6,21.4,18.8,15,16.1,17.1,23.2,14.3,10.3,--,28.6,1.9,0.4,3.6,0.5,0.3,0.3,0.5,0.6,4.3,3.7,3,3.4,5.4,7.1,5,3.1,--,0
2015,Distrito Federal,Total,Particular,98.1,99.4,96.5,99.5,99.8,99.1,99.3,99.3,97.2,96.1,96.7,95.7,94.9,91.5,96.1,97.7,--,--,1.8,0.6,3.5,0.4,0.2,0.9,0.7,0.7,2.7,3.8,3.2,4.2,5,8.4,3.8,2.2,--,--,0.1,0,0,0.1,0,0,0,0,0.1,0.1,0.1,0.1,0.1,0.1,0.1,0.1,--,--
2015,Distrito Federal,Urbana,Total,89.1,94.3,83.2,98.2,98.6,86.7,95.6,93.2,80,82.5,86.3,84.9,82.3,75,85,90.1,--,71.4,9.4,5.4,14,1.5,1.2,13.1,4.1,6.3,16.7,14.7,11.5,12.7,13.8,19.6,11.4,7.7,--,28.6,1.5,0.3,2.8,0.3,0.2,0.2,0.3,0.5,3.3,2.8,2.2,2.4,3.9,5.4,3.6,2.2,--,0
2015,Distrito Federal,Urbana,Pública,85.6,92.1,78.5,97.5,98.1,82,94,91,74.6,77.6,82.3,80.8,77.7,69.7,80.8,86.8,--,71.4,12.4,7.5,17.8,2,1.6,17.7,5.6,8.5,21.1,18.6,14.7,15.8,17,23.2,14.3,10.1,--,28.6,2,0.4,3.7,0.5,0.3,0.3,0.4,0.5,4.3,3.8,3,3.4,5.3,7.1,4.9,3.1,--,0
2015,Distrito Federal,Urbana,Federal,98.7,--,98.7,--,--,--,--,--,96.8,100,98.4,99.1,91.9,79.3,98.4,98.7,--,--,1.3,--,1.3,--,--,--,--,--,3.2,0,1.6,0.9,7.5,19,1.6,1.3,--,--,0,--,0,--,--,--,--,--,0,0,0,0,0.6,1.7,0,0,--,--
2015,Distrito Federal,Urbana,Estadual,85.6,92.1,78.3,97.5,98.1,82,94,91,74.5,77.5,82.2,80.6,77.4,69.6,80.5,86.6,--,71.4,12.4,7.5,18,2,1.6,17.7,5.6,8.5,21.2,18.8,14.8,16,17.1,23.2,14.5,10.3,--,28.6,2,0.4,3.7,0.5,0.3,0.3,0.4,0.5,4.3,3.7,3,3.4,5.5,7.2,5,3.1,--,0
2015,Distrito Federal,Urbana,Particular,98.1,99.4,96.4,99.5,99.8,99.1,99.3,99.3,97.2,96.1,96.7,95.7,94.9,91.5,96,97.7,--,--,1.9,0.6,3.5,0.4,0.2,0.9,0.7,0.7,2.7,3.9,3.3,4.3,5,8.4,3.9,2.2,--,--,0,0,0.1,0.1,0,0,0,0,0.1,0,0,0,0.1,0.1,0.1,0.1,--,--
2015,Distrito Federal,Rural,Total,86.2,91.2,78.6,96.9,98.5,80.8,94.7,88.5,71,80.6,81.6,81.8,81.9,72.1,89.3,90.6,--,--,12.8,8.5,19.3,2.6,1.2,19.1,5,11,26.2,17.8,16.7,16.3,14.7,22.3,8.3,8.6,--,--,1,0.3,2.1,0.5,0.3,0.1,0.3,0.5,2.8,1.6,1.7,1.9,3.4,5.6,2.4,0.8,--,--
2015,Distrito Federal,Rural,Pública,85.7,91.2,76.8,96.9,98.5,80.6,94.7,88.5,71,78,79.3,79.8,79.2,69.3,87,89.3,--,--,13.2,8.5,21,2.6,1.2,19.2,5,11.1,26.2,20.1,18.8,18,16.8,24.5,10.1,9.8,--,--,1.1,0.3,2.2,0.5,0.3,0.2,0.3,0.4,2.8,1.9,1.9,2.2,4,6.2,2.9,0.9,--,--
2015,Distrito Federal,Rural,Federal,--,--,--,--,--,--,--,--,--,--,--,--,65.4,48.8,76.4,90,--,--,--,--,--,--,--,--,--,--,--,--,--,--,30,42.1,23.6,10,--,--,--,--,--,--,--,--,--,--,--,--,--,--,4.6,9.1,0,0,--,--
2015,Distrito Federal,Rural,Estadual,85.7,91.2,76.8,96.9,98.5,80.6,94.7,88.5,71,78,79.3,79.8,81.2,72.4,88.5,89.2,--,--,13.2,8.5,21,2.6,1.2,19.2,5,11.1,26.2,20.1,18.8,18,14.9,21.8,8.2,9.8,--,--,1.1,0.3,2.2,0.5,0.3,0.2,0.3,0.4,2.8,1.9,1.9,2.2,3.9,5.8,3.3,1,--,--
2015,Distrito Federal,Rural,Particular,99.6,98.2,99.8,100,100,94.1,100,100,--,99.5,100,100,99.3,98.9,100,98.7,--,--,0.4,1.8,0.2,0,0,5.9,0,0,--,0.5,0,0,0.7,1.1,0,1.3,--,--,0,0,0,0,0,0,0,0,--,0,0,0,0,0,0,0,--,--
Fonte: Censo da Educação Básica 2015/INEP/DEED.,Distrito Federal,Rural,Particular,99.6,98.2,99.8,100,100,94.1,100,100,--,99.5,100,100,99.3,98.9,100,98.7,--,--,0.4,1.8,0.2,0,0,5.9,0,0,--,0.5,0,0,0.7,1.1,0,1.3,--,--,0,0,0,0,0,0,0,0,--,0,0,0,0,0,0,0,--,--
"     Notas: 1) Inclui as taxas de aprovação, reprovação e abandono. ",Distrito Federal,Rural,Particular,99.6,98.2,99.8,100,100,94.1,100,100,--,99.5,100,100,99.3,98.9,100,98.7,--,--,0.4,1.8,0.2,0,0,5.9,0,0,--,0.5,0,0,0.7,1.1,0,1.3,--,--,0,0,0,0,0,0,0,0,--,0,0,0,0,0,0,0,--,--
                2) Inclui as taxas do Ensino Fundamental de 8 e 9 anos.,Distrito Federal,Rural,Particular,99.6,98.2,99.8,100,100,94.1,100,100,--,99.5,100,100,99.3,98.9,100,98.7,--,--,0.4,1.8,0.2,0,0,5.9,0,0,--,0.5,0,0,0.7,1.1,0,1.3,--,--,0,0,0,0,0,0,0,0,--,0,0,0,0,0,0,0,--,--
"                3) ""taxas de rendimento escolar"" expressa o percentual de alunos aprovados, reprovados e afastados por abandono.",Distrito Federal,Rural,Particular,99.6,98.2,99.8,100,100,94.1,100,100,--,99.5,100,100,99.3,98.9,100,98.7,--,--,0.4,1.8,0.2,0,0,5.9,0,0,--,0.5,0,0,0.7,1.1,0,1.3,--,--,0,0,0,0,0,0,0,0,--,0,0,0,0,0,0,0,--,--
