Ano,Unidade Geográfica,Localização,Dependência Administrativa,Total,Anos Iniciais,Anos Finais,1º Ano ,2º Ano,3º Ano,4º Ano,5º Ano,6º Ano,7º Ano,8º Ano,9º Ano,Total,1ª série,2ª série,3ª série,4ª série,Não-Seriado,Total,Anos Iniciais,Anos Finais,1º Ano ,2º Ano,3º Ano,4º Ano,5º Ano,6º Ano,7º Ano,8º Ano,9º Ano,Total,1ª série,2ª série,3ª série,4ª série,Não-Seriado,Total_Abandono_EF2007,Anos Iniciais,Anos Finais,1º Ano ,2º Ano,3º Ano,4º Ano,5º Ano,6º Ano,7º Ano,8º Ano,9º Ano,Total_Abandono_EM2007,1ª série,2ª série,3ª série,4ª série,Não-Seriado
2007,Norte,RO,Rural,Estadual,72.3,57.8,68.5,76.5,80.9,64.5,72.5,78.5,80.3,70,73,71.4,67.7,81.5,84.39999999999999,--,--,75.5,8.5,34,24.2,17.3,13.1,23.5,16.5,9.3,9.4,22.4,15.6,19.3,12.4,3.1,2.7,--,--,7.5,19.2,8.2,7.3,6.2,6,12,11,12.2,10.3,7.6,11.4,9.3,19.9,15.4,12.9,--,--,17
2007,Norte,RO,Rural,Federal,--,--,--,--,--,--,--,--,--,--,--,--,72.9,77,75.8,--,--,74.9,--,--,--,--,--,--,--,--,--,--,--,--,27.1,23,24.2,--,--,25.1,--,--,--,--,--,--,--,--,--,--,--,--,0,0,0,--,--,0
2007,Norte,RO,Rural,Municipal,95.5,69.7,81.9,86.89999999999999,88.7,75.19999999999997,79.3,83.9,87.9,82.80000000000003,80.5,81.8,76.8,85.60000000000001,86.9,--,88,83.8,1,23.9,14.5,9.7,8,15.4,12.5,7.6,5,13.1,11.1,12.3,4.2,2.6,4.8,--,0.3,2.4,3.5,6.4,3.6,3.4,3.3,9.4,8.2,8.5,7.1,4.1,8.4,5.9,19,11.8,8.3,--,11.7,13.8
2007,Norte,RO,Rural,Particular,100,90,92.2,89.4,95.7,96.80000000000001,94.2,100,100,91.7,97.79999999999998,95.2,93,94.69999999999997,96,--,--,94.20000000000002,0,10,7.8,10.6,4.3,1.6,5.8,0,0,8.3,1.9,4.6,3,2.4,4,--,--,3,0,0,0,0,0,1.6,0,0,0,0,0.3,0.2,4,2.9,0,--,--,2.8
2007,Norte,RO,Rural,Publico,94.3,68.4,80.69999999999997,86,88.1,74.2,78.69999999999997,83.3,87,81.69999999999999,79.7,80.9,71.1,81.8,83.1,--,88,78.5,1.4,25,15.4,10.4,8.4,16.2,12.9,7.8,5.5,13.9,11.5,12.9,12,6.1,7.5,--,0.3,7.9,4.3,6.6,3.9,3.6,3.5,9.6,8.4,8.9,7.5,4.4,8.8,6.2,16.9,12.1,9.4,--,11.7,13.6
2007,Norte,RO,Rural,Total,94.3,68.6,80.8,86,88.1,74.3,78.8,83.5,87.19999999999997,81.69999999999997,79.89999999999999,80.89999999999999,74.7,84.89999999999999,85.5,--,88,81.2,1.4,24.9,15.3,10.4,8.4,16.1,12.8,7.7,5.4,13.9,11.4,12.9,10.5,5.2,6.9,--,0.3,7.1,4.3,6.5,3.9,3.6,3.5,9.6,8.4,8.8,7.4,4.4,8.7,6.2,14.8,9.9,7.6,--,11.7,11.7
2007,Norte,RO,Total,Estadual,91,80.7,82.2,86.10000000000001,88.7,69.5,71.10000000000001,76.1,78.3,85.19999999999997,73.2,78.1,64.6,74.7,80,--,96.1,72.5,5.9,15.2,15.8,12.1,9.5,24.3,22.6,17.4,13.9,12.4,20.2,17,17.7,11.5,8.5,--,0.5,13,3.1,4.1,2,1.8,1.8,6.2,6.3,6.5,7.8,2.4,6.6,4.9,17.7,13.8,11.5,--,3.4,14.5
2007,Norte,RO,Total,Federal,--,--,--,--,--,--,--,--,--,--,--,--,72.9,77,75.8,--,--,74.9,--,--,--,--,--,--,--,--,--,--,--,--,27.1,23,24.2,--,--,25.1,--,--,--,--,--,--,--,--,--,--,--,--,0,0,0,--,--,0
2007,Norte,RO,Total,Municipal,95.90000000000002,74.2,83,86.5,89.3,72.5,78,81.89999999999999,86.9,84.4,78.4,82.5,76.8,85.60000000000001,86.9,--,88,83.8,0.6,21,14.3,10.8,8.1,18.5,14.5,9.9,6.1,12.3,13.5,12.7,4.2,2.6,4.8,--,0.3,2.4,3.5,4.8,2.7,2.7,2.6,9,7.5,8.2,7,3.3,8.1,4.8,19,11.8,8.3,--,11.7,13.8
2007,Norte,RO,Total,Particular,98.9,95.8,98.5,98.5,97.90000000000002,95,93.8,94.3,94.5,97.7,94.5,96.3,89.2,93.8,95.2,--,--,92.4,0.6,3.3,1.4,1.4,2.1,4.8,6,5.5,5.1,2,5.3,3.4,10,5.5,4.6,--,--,7,0.5,0.9,0.1,0.1,0,0.2,0.2,0.2,0.4,0.3,0.2,0.3,0.8,0.7,0.2,--,--,0.6
2007,Norte,RO,Total,Publico,94.5,76.3,82.69999999999997,86.3,89,70.5,73.39999999999999,77.9,80.8,84.69999999999997,74.9,80.3,64.8,74.8,80.10000000000001,--,95,72.69999999999997,2.1,19.1,14.9,11.4,8.8,22.3,19.9,15,11.7,12.4,18,14.9,17.6,11.5,8.6,--,0.5,12.9,3.4,4.6,2.4,2.3,2.2,7.2,6.7,7.1,7.5,2.9,7.1,4.8,17.6,13.7,11.3,--,4.5,14.4
2007,Norte,RO,Total,Total,94.7,77.9,83.7,87.1,89.60000000000001,71.70000000000002,74.5,78.89999999999999,81.7,85.5,76,81.29999999999998,66.6,76.5,81.8,--,95,74.4,2,17.8,14,10.7,8.3,21.4,19.1,14.4,11.2,11.7,17.3,14.2,17,11,8.1,--,0.5,12.4,3.3,4.3,2.3,2.2,2.1,6.9,6.4,6.7,7.1,2.8,6.7,4.5,16.4,12.5,10.1,--,4.5,13.2
2007,Norte,RO,Urbana,Estadual,91.8,83.2,83.30000000000003,86.8,89.2,69.7,71,76,78.30000000000003,86.3,73.19999999999999,78.5,64.5,74.5,80,--,96.1,72.39999999999999,5.8,13.1,15.1,11.8,9.3,24.3,22.9,17.7,14.1,11.7,20.4,16.9,17.8,11.8,8.6,--,0.5,13.2,2.4,3.7,1.6,1.4,1.5,6,6.1,6.3,7.6,2,6.4,4.6,17.7,13.7,11.4,--,3.4,14.4
2007,Norte,RO,Urbana,Municipal,95.9,77.39999999999999,84,86.10000000000001,89.7,67.39999999999999,75.2,77.6,83.89999999999999,85.7,73.9,83.20000000000002,--,--,--,--,--,--,0.5,18.9,14.1,11.8,8.3,24.4,18.6,14.9,9.4,11.7,18.8,13.2,--,--,--,--,--,--,3.6,3.7,1.9,2.1,2,8.2,6.2,7.5,6.7,2.6,7.3,3.6,--,--,--,--,--,--
2007,Norte,RO,Urbana,Particular,98.9,96,98.60000000000001,98.7,97.9,94.89999999999999,93.8,93.9,94.3,97.8,94.3,96.3,88.79999999999998,93.59999999999998,95.2,--,--,92.09999999999998,0.6,3.1,1.3,1.2,2.1,4.9,6,5.8,5.3,1.9,5.5,3.4,10.8,6,4.6,--,--,7.5,0.5,0.9,0.1,0.1,0,0.2,0.2,0.3,0.4,0.3,0.2,0.3,0.4,0.4,0.2,--,--,0.4
2007,Norte,RO,Urbana,Publico,94.5,79.89999999999999,83.60000000000001,86.5,89.39999999999999,69.20000000000002,71.7,76.2,78.80000000000003,86,73.3,80,64.5,74.5,80,--,96.1,72.39999999999999,2.3,16.4,14.6,11.8,8.9,24.4,22.2,17.3,13.6,11.7,20.2,15.7,17.8,11.8,8.6,--,0.5,13.2,3.2,3.7,1.8,1.7,1.7,6.4,6.1,6.5,7.6,2.3,6.5,4.3,17.7,13.7,11.4,--,3.4,14.4
2007,Norte,RO,Urbana,Total,94.8,81.69999999999997,84.9,87.5,90.10000000000001,70.9,73.1,77.5,80,87,74.7,81.3,66.29999999999998,76.10000000000001,81.6,--,96.1,74,2.2,14.9,13.5,10.9,8.3,23.1,21.2,16.5,13,10.9,19.2,14.7,17.3,11.3,8.2,--,0.5,12.7,3,3.4,1.6,1.6,1.6,6,5.7,6,7,2.1,6.1,4,16.4,12.6,10.2,--,3.4,13.3
2007,Norte,AC,Rural,Estadual,--,54.6,73.79999999999998,78.5,81.4,82,84.9,87.5,91.4,69.20000000000002,85.7,74.39999999999999,83.9,85.2,92.4,--,--,86.2,--,28.8,16.2,12.7,10.1,7.7,5.1,6.1,2.5,18.9,5.6,14.7,6.3,7.8,3.6,--,--,6.2,--,16.6,10,8.8,8.5,10.3,10,6.4,6.1,11.9,8.7,10.9,9.8,7,4,--,--,7.6
2007,Norte,AC,Rural,Municipal,93.9,47.7,71,77.3,83.2,73.69999999999997,80.60000000000001,82.7,87.3,65.7,79.2,67.7,--,100,--,--,--,100,1.6,39.4,19.4,12.7,6.1,10.4,6.1,4,3.4,23.3,7,20.9,--,0,--,--,--,0,4.5,12.9,9.6,10,10.7,15.9,13.3,13.3,9.3,11,13.8,11.4,--,0,--,--,--,0
2007,Norte,AC,Rural,Publico,93.9,50.40000000000002,72.10000000000001,77.8,82.4,78.7,83.5,85.7,90.3,67.1,83.40000000000002,70.69999999999997,83.9,85.20000000000002,92.4,--,--,86.2,1.6,35.3,18.1,12.7,7.8,8.8,5.4,5.3,2.7,21.5,6.1,18.1,6.3,7.8,3.6,--,--,6.2,4.5,14.3,9.8,9.5,9.8,12.5,11.1,9,7,11.4,10.5,11.2,9.8,7,4,--,--,7.6
2007,Norte,AC,Rural,Total,93.9,50.40000000000002,72.10000000000001,77.8,82.4,78.7,83.5,85.7,90.3,67.1,83.40000000000002,70.69999999999997,83.9,85.20000000000002,92.4,--,--,86.2,1.6,35.3,18.1,12.7,7.8,8.8,5.4,5.3,2.7,21.5,6.1,18.1,6.3,7.8,3.6,--,--,6.2,4.5,14.3,9.8,9.5,9.8,12.5,11.1,9,7,11.4,10.5,11.2,9.8,7,4,--,--,7.6
2007,Norte,AC,Total,Estadual,--,70.7,83.30000000000003,87.5,90.8,84.5,86.8,87.39999999999999,88.8,82,86.6,84.1,69.3,77.3,79,100,71.2,74.5,--,21,12.1,8.5,5.4,9.3,7.5,7.2,4.9,12.6,7.5,10.2,11.3,8.3,8.2,0,0.8,9.4,--,8.3,4.6,4,3.8,6.2,5.7,5.4,6.3,5.4,5.9,5.7,19.4,14.4,12.8,0,28,16.1
2007,Norte,AC,Total,Federal,--,90.6,92.9,75,81.5,92,83.9,70.9,98.3,84.9,86.3,85.8,73.2,94.7,100,--,--,85.6,--,9.4,7.1,25,18.5,8,16.1,27.3,1.7,15.1,13.2,13.9,26.8,5.3,0,--,--,14.4,--,0,0,0,0,0,0,1.8,0,0,0.5,0.3,0,0,0,--,--,0
2007,Norte,AC,Total,Municipal,95,59.30000000000001,77.2,82.89999999999999,87.19999999999997,73.5,81.4,83,87.8,74.39999999999999,79.89999999999999,75.3,--,66.7,--,--,--,66.7,1.6,30.6,16.5,10.7,5.9,12.6,8.3,6.7,4.5,17.9,8.9,16.4,--,33.3,--,--,--,33.3,3.4,10.1,6.3,6.4,6.9,13.9,10.3,10.3,7.7,7.7,11.2,8.3,--,0,--,--,--,0
2007,Norte,AC,Total,Particular,98.4,97.8,98.3,98.5,98.7,97.20000000000002,95.6,96.1,96.39999999999999,98.3,96.39999999999999,97.3,90.89999999999999,95.5,96.6,--,--,94.09999999999998,1.6,1.7,1.1,0.9,1.2,2.3,4,3.4,3.4,1.3,3.2,2.3,8.2,4.2,3.2,--,--,5.4,0,0.5,0.6,0.6,0.1,0.5,0.4,0.5,0.2,0.4,0.4,0.4,0.9,0.3,0.2,--,--,0.5
2007,Norte,AC,Total,Publico,95,65,80.3,85.4,89.30000000000003,82.3,85.90000000000002,86.6,88.7,78.3,85.5,80.9,69.3,77.4,79,100,71.2,74.4,1.6,25.8,14.3,9.5,5.6,10,7.6,7.2,4.8,15.2,7.7,12.5,11.4,8.3,8.2,0,0.8,9.5,3.4,9.2,5.4,5.1,5.1,7.7,6.5,6.2,6.5,6.5,6.8,6.6,19.3,14.3,12.8,0,28,16.1
2007,Norte,AC,Total,Total,95.5,65.8,80.9,85.89999999999999,89.69999999999997,83.10000000000001,86.39999999999999,87.2,89.39999999999999,79,86.1,81.7,70.8,78.8,80.6,100,71.2,75.89999999999999,1.6,25.2,13.8,9.2,5.4,9.6,7.4,7,4.7,14.7,7.5,12,11.2,8,7.7,0,0.8,9.2,2.9,9,5.3,4.9,4.9,7.3,6.2,5.8,5.9,6.3,6.4,6.3,18,13.2,11.7,0,28,14.9
2007,Norte,AC,Urbana,Estadual,--,80.2,88,91.3,94.6,85,87.40000000000002,87.39999999999999,88.40000000000002,88,86.90000000000002,87.39999999999999,68.5,77,78.39999999999999,100,71.2,73.8,--,16.4,10.1,6.7,3.5,9.6,8,7.4,5.3,9.6,7.8,8.7,11.6,8.3,8.4,0,0.8,9.6,--,3.4,1.9,2,1.9,5.4,4.6,5.2,6.3,2.4,5.3,3.9,19.9,14.7,13.2,0,28,16.6
2007,Norte,AC,Urbana,Federal,--,90.6,92.9,75,81.5,92,83.9,70.9,98.3,84.9,86.3,85.8,73.2,94.7,100,--,--,85.6,--,9.4,7.1,25,18.5,8,16.1,27.3,1.7,15.1,13.2,13.9,26.8,5.3,0,--,--,14.4,--,0,0,0,0,0,0,1.8,0,0,0.5,0.3,0,0,0,--,--,0
2007,Norte,AC,Urbana,Municipal,95.7,75.60000000000001,83.4,88.2,91.2,73.20000000000002,82.2,83.2,88.2,84,80.4,83.3,--,50,--,--,--,50,1.5,18.3,13.6,8.8,5.6,14.7,10.1,8.7,5.1,12,10.5,11.7,--,50,--,--,--,50,2.8,6.1,3,3,3.2,12.1,7.7,8.1,6.7,4,9.1,5,--,0,--,--,--,0
2007,Norte,AC,Urbana,Particular,98.4,97.8,98.3,98.5,98.7,97.20000000000002,95.6,96.1,96.39999999999999,98.3,96.39999999999999,97.3,90.89999999999999,95.5,96.6,--,--,94.09999999999998,1.6,1.7,1.1,0.9,1.2,2.3,4,3.4,3.4,1.3,3.2,2.3,8.2,4.2,3.2,--,--,5.4,0,0.5,0.6,0.6,0.1,0.5,0.4,0.5,0.2,0.4,0.4,0.4,0.9,0.3,0.2,--,--,0.5
2007,Norte,AC,Urbana,Publico,95.7,78.4,86.2,90.2,93.4,83.4,86.6,86.70000000000002,88.4,86.4,86,86.2,68.5,77,78.60000000000001,100,71.2,73.9,1.5,17.1,11.5,7.5,4.3,10.3,8.4,7.7,5.3,10.6,8.2,9.6,11.7,8.3,8.3,0,0.8,9.6,2.8,4.5,2.3,2.3,2.3,6.3,5,5.6,6.3,3,5.8,4.2,19.8,14.7,13.1,0,28,16.5
2007,Norte,AC,Urbana,Total,96.3,79.30000000000003,86.9,90.6,93.7,84.3,87.20000000000002,87.60000000000001,89.20000000000002,87.2,86.8,87,70.2,78.5,80.1,100,71.2,75.5,1.5,16.4,10.9,7.2,4.1,9.8,8.1,7.3,5.1,10,7.8,9.1,11.4,8,7.9,0,0.8,9.3,2.2,4.3,2.2,2.2,2.2,5.9,4.7,5.1,5.7,2.8,5.4,3.9,18.4,13.5,12,0,28,15.2
2007,Norte,AM,Rural,Estadual,90.4,77.59999999999998,76.7,78.2,82.6,77.39999999999999,80.30000000000003,86,85.1,79.5,81.7,80.7,83.4,88,93.5,--,100,87.79999999999998,4.3,14.9,17,15.6,10.4,11.4,7.1,4.9,3.7,13.9,7.2,10.1,3.1,1.2,1.1,--,0,1.9,5.3,7.5,6.3,6.2,7,11.2,12.6,9.1,11.2,6.6,11.1,9.2,13.5,10.8,5.4,--,0,10.3
2007,Norte,AM,Rural,Municipal,78,59,65.6,69.7,74,67.1,75.9,80.2,84.10000000000001,66.8,74.5,68.5,96.69999999999999,81.90000000000002,--,--,--,95.4,12.6,27.9,24.5,19.9,14.5,11.5,6.7,5,3.1,22,7.7,18.7,2.9,13.6,--,--,--,3.8,9.4,13.1,9.9,10.4,11.5,21.4,17.4,14.8,12.8,11.2,17.8,12.8,0.4,4.5,--,--,--,0.8
2007,Norte,AM,Rural,Particular,100,96,95.9,92.5,87.2,80.9,70.5,80.5,87.5,94.2,79.2,86.8,78.5,90.3,100,--,--,88,0,4,4.1,7.5,12.8,17,29.5,13,12.5,5.8,18.8,12.2,21.5,9.7,0,--,--,12,0,0,0,0,0,2.1,0,6.5,0,0,2,1,0,0,0,--,--,0
2007,Norte,AM,Rural,Publico,78.3,59.5,66,70.09999999999998,74.6,68.3,76.5,81.2,84.3,67.3,75.5,69.4,85.1,87.89999999999999,93.5,--,100,88.2,12.4,27.6,24.2,19.7,14.2,11.5,6.8,5,3.2,21.7,7.7,18.1,3,1.4,1.1,--,0,2,9.3,12.9,9.8,10.2,11.2,20.2,16.7,13.8,12.5,11,16.8,12.5,11.9,10.7,5.4,--,0,9.8
2007,Norte,AM,Rural,Total,78.4,59.5,66,70.2,74.6,68.3,76.5,81.2,84.3,67.3,75.5,69.4,84.80000000000003,88.10000000000001,93.60000000000001,--,100,88.1,12.3,27.6,24.2,19.7,14.2,11.5,6.9,5,3.3,21.7,7.7,18.1,3.6,1.8,1.1,--,0,2.4,9.3,12.9,9.8,10.1,11.2,20.2,16.6,13.8,12.4,11,16.8,12.5,11.6,10.1,5.3,--,0,9.5
2007,Norte,AM,Total,Estadual,92.6,81.5,74.10000000000001,86.5,84,71.5,76.8,78.60000000000001,78.80000000000003,82.39999999999999,76.10000000000001,78.7,72,78.9,83.29999999999998,74.4,43.4,77.39999999999999,2.8,11.6,21.3,9.2,12,18.6,14.5,12.1,10.6,12.7,14.3,13.6,13.2,10.4,8.3,7.7,0,10.9,4.6,6.9,4.6,4.3,4,9.9,8.7,9.3,10.6,4.9,9.6,7.7,14.8,10.7,8.4,17.9,56.6,11.7
2007,Norte,AM,Total,Federal,--,--,--,--,--,--,--,--,--,--,--,--,71.5,86.39999999999999,90.1,--,--,80.1,--,--,--,--,--,--,--,--,--,--,--,--,26.6,13.4,8.7,--,--,18.7,--,--,--,--,--,--,--,--,--,--,--,--,1.9,0.2,1.2,--,--,1.2
2007,Norte,AM,Total,Municipal,87.5,70.29999999999998,68.2,79.7,78.4,64.39999999999999,72.7,76.3,77.7,75.2,71,74.2,90,68.70000000000002,--,--,--,87.09999999999998,5,19.5,24.7,13.5,14.6,16.4,10.8,7.9,6.6,16.9,11.7,15.5,2.6,14.6,--,--,--,4.2,7.5,10.2,7.1,6.8,7,19.2,16.5,15.8,15.7,7.9,17.3,10.3,7.4,16.7,--,--,--,8.7
2007,Norte,AM,Total,Particular,95.70000000000002,97.7,97.7,98.40000000000002,98.2,95.19999999999997,94.6,95.3,94.7,97.6,94.9,96.5,87.29999999999998,95.1,95.89999999999999,--,--,92.39999999999999,3.2,1.8,2.2,1.5,1.7,4.4,5.2,4.4,5,2,4.8,3.2,12.2,4.7,3.7,--,--,7.2,1.1,0.5,0.1,0.1,0.1,0.4,0.2,0.3,0.3,0.4,0.3,0.3,0.5,0.2,0.4,--,--,0.4
2007,Norte,AM,Total,Publico,88.5,72.8,69.8,81.7,80.3,68.3,75.1,77.80000000000003,78.5,77.2,74.10000000000001,75.9,72.10000000000001,78.9,83.3,74.4,43.4,77.4,4.6,17.7,23.8,12.2,13.7,17.6,13,10.6,9.4,15.7,13.3,14.8,13.3,10.5,8.3,7.7,0,11,6.9,9.5,6.4,6.1,6,14.1,11.9,11.6,12.1,7.1,12.6,9.3,14.6,10.6,8.4,17.9,56.6,11.6
2007,Norte,AM,Total,Total,88.9,73.5,70.6,82.3,80.9,69.1,75.8,78.5,79.1,77.8,74.8,76.59999999999998,72.60000000000001,79.4,83.7,74.4,43.4,77.89999999999999,4.5,17.3,23.2,11.8,13.3,17.2,12.7,10.4,9.2,15.3,13,14.4,13.3,10.3,8.2,7.7,0,10.9,6.6,9.2,6.2,5.9,5.8,13.7,11.5,11.1,11.7,6.9,12.2,9,14.1,10.3,8.1,17.9,56.6,11.2
2007,Norte,AM,Urbana,Estadual,92.7,81.6,73.9,86.89999999999999,84.2,71.2,76.7,78.40000000000002,78.5,82.60000000000001,75.9,78.60000000000001,71.7,78.6,83,74.4,41.1,77,2.7,11.5,21.5,8.9,12,18.9,14.8,12.3,10.9,12.6,14.6,13.8,13.5,10.7,8.5,7.7,0,11.2,4.6,6.9,4.6,4.2,3.8,9.9,8.5,9.3,10.6,4.8,9.5,7.6,14.8,10.7,8.5,17.9,58.9,11.8
2007,Norte,AM,Urbana,Federal,--,--,--,--,--,--,--,--,--,--,--,--,71.5,86.39999999999999,90.1,--,--,80.1,--,--,--,--,--,--,--,--,--,--,--,--,26.6,13.4,8.7,--,--,18.7,--,--,--,--,--,--,--,--,--,--,--,--,1.9,0.2,1.2,--,--,1.2
2007,Norte,AM,Urbana,Municipal,90.7,81.1,70.1,88,81.09999999999998,62.800000000000026,70.8,74.1,74.3,81.3,69,77.89999999999999,68,57.7,--,--,--,65.3,2.5,11.4,24.9,8.1,14.7,19.4,13.3,9.5,8.5,13.2,14.1,13.4,1.4,15.4,--,--,--,5.1,6.8,7.5,5,3.9,4.2,17.8,15.9,16.4,17.2,5.5,16.9,8.7,30.6,26.9,--,--,--,29.6
2007,Norte,AM,Urbana,Particular,95.7,97.7,97.7,98.4,98.4,95.5,95.2,95.5,94.8,97.6,95.3,96.7,87.6,95.3,95.8,--,--,92.6,3.2,1.8,2.2,1.5,1.5,4.2,4.6,4.3,4.9,2,4.5,3,11.9,4.5,3.8,--,--,7,1.1,0.5,0.1,0.1,0.1,0.3,0.2,0.2,0.3,0.4,0.2,0.3,0.5,0.2,0.4,--,--,0.4
2007,Norte,AM,Urbana,Publico,91.2,81.20000000000002,71.60000000000001,87.6,82.5,68.3,74.90000000000002,77.3,77.60000000000001,81.8,73.9,78.30000000000003,71.59999999999998,78.60000000000001,83,74.4,41.1,77,2.6,11.5,23.6,8.4,13.5,19.1,14.3,11.6,10.3,13,14.4,13.6,13.7,10.8,8.5,7.7,0,11.3,6.2,7.3,4.8,4,4,12.6,10.8,11.1,12.1,5.2,11.7,8.1,14.7,10.6,8.5,17.9,58.9,11.7
2007,Norte,AM,Urbana,Total,91.5,82,72.60000000000001,88.10000000000001,83.29999999999998,69.19999999999997,75.69999999999999,78,78.30000000000001,82.5,74.7,79.10000000000001,72.2,79.1,83.39999999999999,74.4,41.1,77.5,2.6,11,22.8,8.1,12.9,18.6,13.9,11.3,10.1,12.5,14,13.1,13.6,10.6,8.4,7.7,0,11.2,5.9,7,4.6,3.8,3.8,12.2,10.4,10.7,11.6,5,11.3,7.8,14.2,10.3,8.2,17.9,58.9,11.3
2007,Norte,RR,Rural,Estadual,--,63,82.2,83,86.60000000000001,78.5,78.1,84.7,88.40000000000002,76.59999999999998,81.7,78.7,74.4,84.9,93,--,--,82.3,--,29.4,13.5,11.7,9.1,13.1,12.9,6.5,3.8,17.7,9.7,14.5,6.7,4,2.2,--,--,4.7,--,7.6,4.3,5.3,4.3,8.4,9,8.8,7.8,5.7,8.6,6.8,18.9,11.1,4.8,--,--,13
2007,Norte,RR,Rural,Federal,--,--,--,--,--,--,--,--,--,--,--,--,--,--,--,--,--,--,--,--,--,--,--,--,--,--,--,--,--,--,--,--,--,--,--,--,--,--,--,--,--,--,--,--,--,--,--,--,--,--,--,--,--,--
2007,Norte,RR,Rural,Municipal,90.5,72.40000000000002,85.7,86.3,90.60000000000001,71.2,82.40000000000002,73.2,89.5,83.2,77.69999999999997,82.10000000000001,100,100,100,--,--,100,1,20.5,10,10.1,5.1,17.8,7.3,8.3,0.6,11.5,9.9,11.1,0,0,0,--,--,0,8.5,7.1,4.3,3.6,4.3,11,10.3,18.5,9.9,5.3,12.4,6.8,0,0,0,--,--,0
2007,Norte,RR,Rural,Particular,--,--,--,--,--,--,--,--,--,--,--,--,92.6,100,66.7,100,--,94.6,--,--,--,--,--,--,--,--,--,--,--,--,0,0,0,0,--,0,--,--,--,--,--,--,--,--,--,--,--,--,7.4,0,33.3,0,--,5.4
2007,Norte,RR,Rural,Publico,90.5,65.7,83.3,84,87.8,77.19999999999997,78.9,82.79999999999998,88.5,78.90000000000002,81,79.60000000000001,74.7,85.1,93.1,--,--,82.5,1,26.8,12.4,11.2,7.9,13.9,11.9,6.8,3.4,15.6,9.8,13.6,6.6,3.9,2.2,--,--,4.7,8.5,7.5,4.3,4.8,4.3,8.9,9.2,10.4,8.1,5.5,9.2,6.8,18.7,11,4.7,--,--,12.8
2007,Norte,RR,Rural,Total,90.5,65.7,83.3,84,87.8,77.19999999999997,78.9,82.79999999999998,88.5,78.90000000000002,81,79.60000000000001,75,85.5,93,100,--,82.7,1,26.8,12.4,11.2,7.9,13.9,11.9,6.8,3.4,15.6,9.8,13.6,6.5,3.8,2.2,0,--,4.6,8.5,7.5,4.3,4.8,4.3,8.9,9.2,10.4,8.1,5.5,9.2,6.8,18.5,10.7,4.8,0,--,12.7
2007,Norte,RR,Total,Estadual,50,76.2,87.39999999999999,88.6,90.5,77,78.8,84,86.9,85.10000000000001,81,83,70.7,80.8,85.4,--,57.6,77.40000000000002,50,19.5,10.7,9.2,7.2,18.3,16.5,11.7,8.5,12.1,14.4,13.3,16.9,10.2,7.6,--,33.3,12.6,0,4.3,1.9,2.2,2.3,4.7,4.7,4.3,4.6,2.8,4.6,3.7,12.4,9,7,--,9.1,10
2007,Norte,RR,Total,Federal,--,100,91.7,89.3,92,78.6,76.6,97.9,94.3,92.9,87.3,89.4,94,98.2,99,--,--,97,--,0,8.3,10.7,8,21.4,23.4,2.1,5.7,7.1,12.7,10.6,4,0,0.5,--,--,1.6,--,0,0,0,0,0,0,0,0,0,0,0,2,1.8,0.5,--,--,1.4
2007,Norte,RR,Total,Municipal,96.5,81.89999999999999,87.3,89.70000000000002,92.5,78.4,83.3,75.7,92.7,88.70000000000002,81.4,88,100,100,100,--,--,100,1.3,14.9,10.8,8.6,5.8,13.9,7.3,11.6,0.3,9.1,9.6,9.1,0,0,0,--,--,0,2.2,3.2,1.9,1.7,1.7,7.7,9.4,12.7,7,2.2,9,2.9,0,0,0,--,--,0
2007,Norte,RR,Total,Particular,99.7,98.4,98.6,99.3,98.6,97.6,96.1,95.1,97,98.9,96.5,97.70000000000002,91.6,96.10000000000001,98,100,--,94.8,0,1.6,1.2,0.7,1.4,2.4,3.9,4.9,3,1,3.5,2.2,8,3.6,1.7,0,--,4.9,0.3,0,0.2,0,0,0,0,0,0,0.1,0,0.1,0.4,0.3,0.3,0,--,0.3
2007,Norte,RR,Total,Publico,96.39999999999999,78.19999999999999,87.39999999999999,89.1,91.10000000000001,77.1,79,83.7,87.2,86.5,81.10000000000001,84.20000000000002,71.6,81.7,86.30000000000003,--,57.6,78.30000000000003,1.4,17.9,10.7,8.9,6.8,18,16,11.6,8.1,11,14.1,12.3,16.4,9.7,7.1,--,33.3,12.1,2.2,3.9,1.9,2,2.1,4.9,5,4.7,4.7,2.5,4.8,3.5,12,8.6,6.6,--,9.1,9.6
2007,Norte,RR,Total,Total,96.8,78.9,87.90000000000002,89.5,91.4,78.2,79.89999999999999,84.2,87.69999999999997,87.1,81.9,84.9,73,82.89999999999999,87.2,100,57.6,79.5,1.2,17.3,10.3,8.6,6.6,17.2,15.4,11.3,7.9,10.5,13.5,11.8,15.8,9.2,6.7,0,33.3,11.6,2,3.8,1.8,1.9,2,4.6,4.7,4.5,4.4,2.4,4.6,3.3,11.2,7.9,6.1,0,9.1,8.9
2007,Norte,RR,Urbana,Estadual,50,83.5,89.79999999999998,90.9,91.9,76.60000000000001,78.89999999999999,83.89999999999999,86.5,88.9,80.89999999999999,84.39999999999999,69.7,79.8,83.4,--,57.6,76,50,14,9.4,8.1,6.6,19.6,17.4,12.9,9.6,9.6,15.4,12.9,19.5,11.8,9,--,33.3,14.7,0,2.5,0.8,1,1.5,3.8,3.7,3.2,3.9,1.5,3.7,2.7,10.8,8.4,7.6,--,9.1,9.3
2007,Norte,RR,Urbana,Federal,--,100,91.7,89.3,92,78.6,76.6,97.9,94.3,92.9,87.3,89.4,94,98.2,99,--,--,97,--,0,8.3,10.7,8,21.4,23.4,2.1,5.7,7.1,12.7,10.6,4,0,0.5,--,--,1.6,--,0,0,0,0,0,0,0,0,0,0,0,2,1.8,0.5,--,--,1.4
2007,Norte,RR,Urbana,Municipal,97.3,85.8,88,91,93.10000000000001,85.6,85,80.7,97.5,90.5,86.5,90.3,--,--,--,--,--,--,1.4,12.5,11,8,6.1,10,7.2,18.5,0,8.3,9.2,8.3,--,--,--,--,--,--,1.3,1.7,1,1,0.8,4.4,7.8,0.8,2.5,1.2,4.3,1.4,--,--,--,--,--,--
2007,Norte,RR,Urbana,Particular,99.7,98.4,98.6,99.3,98.6,97.6,96.1,95.1,97,98.9,96.5,97.70000000000002,91.5,95.9,98.3,--,--,94.70000000000002,0,1.6,1.2,0.7,1.4,2.4,3.9,4.9,3,1,3.5,2.2,8.5,3.8,1.7,--,--,5.2,0.3,0,0.2,0,0,0,0,0,0,0.1,0,0.1,0,0.3,0,--,--,0.1
2007,Norte,RR,Urbana,Publico,97.3,84.39999999999999,89.1,90.9,92.3,77.10000000000001,79,83.9,86.9,89.60000000000001,81.2,85.8,70.9,80.9,84.6,--,57.6,77.3,1.4,13.4,10,8.1,6.4,19.1,17.2,13,9.3,9.1,15.2,11.8,18.8,11.1,8.4,--,33.3,13.9,1.3,2.2,0.9,1,1.3,3.8,3.8,3.1,3.8,1.3,3.6,2.4,10.3,8,7,--,9.1,8.8
2007,Norte,RR,Urbana,Total,97.60000000000001,85.2,89.7,91.3,92.7,78.5,80.2,84.69999999999999,87.6,90.10000000000001,82.19999999999999,86.6,72.4,82.3,85.8,--,57.6,78.7,1.3,12.8,9.5,7.7,6.1,18,16.3,12.4,8.9,8.6,14.4,11.2,18,10.4,7.8,--,33.3,13.2,1.1,2,0.8,1,1.2,3.5,3.5,2.9,3.5,1.3,3.4,2.2,9.6,7.3,6.4,--,9.1,8.1
2007,Norte,PA,Rural,Estadual,--,46.3,57.5,57.90000000000002,59.5,64.9,68.8,73.7,72.3,56.099999999999994,69,62.1,67.3,70.5,65.5,--,--,67.90000000000002,--,39.1,33.6,32.3,28.7,22.5,19.8,15.1,18.3,32.3,19.5,26.4,15.5,14.7,24.9,--,--,17.5,--,14.6,8.9,9.8,11.8,12.6,11.4,11.2,9.4,11.6,11.5,11.5,17.2,14.8,9.6,--,--,14.6
2007,Norte,PA,Rural,Municipal,64.1,51.2,65.2,70,75.7,72.7,79.8,82.39999999999999,85.10000000000001,63,78.6,66.39999999999999,64.4,--,--,0,--,63.40000000000002,19.8,35.8,25.2,20,13.7,12.1,7.4,5.2,4.3,25.8,8.2,21.9,1.7,--,--,100,--,3.3,16.1,13,9.6,10,10.6,15.2,12.8,12.4,10.6,11.2,13.2,11.7,33.9,--,--,0,--,33.3
2007,Norte,PA,Rural,Particular,--,65.69999999999997,82.89999999999999,83.60000000000001,90.2,85.5,90.7,90.3,92.4,79.3,89.7,83,88.2,100,96.39999999999999,--,--,94.4,--,32.1,13.9,15.3,8.8,14.5,9.3,9.7,6.8,18.8,10.1,15.7,10.6,0,0.9,--,--,4.4,--,2.2,3.2,1.1,1,0,0,0,0.8,1.9,0.2,1.3,1.2,0,2.7,--,--,1.2
2007,Norte,PA,Rural,Publico,64.1,51,65,69.6,73.9,71.8,78.4,81.3,83.5,62.699999999999974,77.5,66.2,67.2,70.5,65.5,0,--,67.80000000000003,19.8,35.9,25.4,20.4,15.3,13.3,9,6.4,6.1,26.1,9.5,22.2,15.3,14.7,24.9,100,--,17.4,16.1,13.1,9.6,10,10.8,14.9,12.6,12.3,10.4,11.2,13,11.6,17.5,14.8,9.6,0,--,14.8
2007,Norte,PA,Rural,Total,64.1,51.1,65,69.6,74,71.8,78.5,81.4,83.5,62.699999999999974,77.5,66.2,68.10000000000001,72,67,0,--,69.10000000000001,19.8,35.9,25.4,20.4,15.3,13.3,9,6.4,6.1,26.1,9.5,22.2,15.1,13.9,23.7,100,--,16.8,16.1,13,9.6,10,10.7,14.9,12.5,12.2,10.4,11.2,13,11.6,16.8,14.1,9.3,0,--,14.1
2007,Norte,PA,Total,Estadual,--,57.5,67,71.9,72.2,65.4,67.8,71.89999999999999,72.3,67.2,68.80000000000003,68.2,57.9,64.5,62.30000000000001,--,100,61.2,--,31.6,26.7,21.8,20.3,22.6,21,17.7,19.1,25,20.4,22.2,17.3,14.7,21.4,--,0,17.5,--,10.9,6.3,6.3,7.5,12,11.2,10.4,8.6,7.8,10.8,9.6,24.8,20.8,16.3,--,0,21.3
2007,Norte,PA,Total,Federal,--,95.8,98.9,99.1,97.2,90.09999999999998,87.9,84.5,89.10000000000001,97.8,87.7,91.5,70.7,85,88.39999999999999,100,--,80.5,--,4.2,1.1,0.9,2,9.5,11.8,15.5,10.3,1.9,12,8.2,17.8,10.4,8.9,0,--,12.8,--,0,0,0,0.8,0.4,0.3,0,0.6,0.3,0.3,0.3,11.5,4.6,2.7,0,--,6.7
2007,Norte,PA,Total,Municipal,81.60000000000001,58.6,69.7,75.1,79.3,72,77.7,81.4,82.39999999999999,69.60000000000001,77.19999999999997,71.80000000000001,69.1,60.5,55.1,50,--,64.5,8.3,30.1,22.9,17.4,12.9,15.2,11,8,7.9,21.6,11.4,18.6,15.2,8.6,18.4,50,--,14.2,10.1,11.3,7.4,7.5,7.8,12.8,11.3,10.6,9.7,8.8,11.4,9.6,15.7,30.9,26.5,0,--,21.3
2007,Norte,PA,Total,Particular,96.6,94.2,95.60000000000001,97.1,97.1,95.6,95.6,95.5,94.3,96,95.3,95.60000000000001,92,96,95.3,95.8,--,94.4,2.6,4.8,3.6,2.5,2.4,3.9,3.9,4.1,5.2,3.3,4.2,3.8,7,3.1,3.8,4.2,--,4.7,0.8,1,0.8,0.4,0.5,0.5,0.5,0.4,0.5,0.7,0.5,0.6,1,0.9,0.9,0,--,0.9
2007,Norte,PA,Total,Publico,81.60000000000001,58.599999999999994,69.30000000000003,74.60000000000001,77.89999999999999,69.7,74,77.6,78.2,69.3,74,71,58,64.6,62.6,94.4,100,61.3,8.3,30.2,23.4,18.1,14.4,17.8,14.8,11.9,12.6,22,14.8,19.4,17.3,14.7,21.3,5.6,0,17.5,10.1,11.2,7.3,7.3,7.7,12.5,11.2,10.5,9.2,8.7,11.2,9.6,24.7,20.7,16.1,0,0,21.2
2007,Norte,PA,Total,Total,82.4,59.6,70.2,75.4,78.69999999999997,70.8,75,78.8,79.4,70.2,75.1,72.1,59.7,66.5,65,95.2,100,63.29999999999998,8,29.5,22.7,17.5,13.9,17.2,14.3,11.4,12.1,21.4,14.3,18.7,16.8,14,20,4.8,0,16.7,9.6,10.9,7.1,7.1,7.4,12,10.7,9.8,8.5,8.4,10.6,9.2,23.5,19.5,15,0,0,20
2007,Norte,PA,Urbana,Estadual,--,58.9,68.1,73.39999999999999,75.90000000000002,65.5,67.90000000000002,71.7,72.3,69,68.8,68.9,57.599999999999994,64.3,62.3,--,100,61,--,30.6,25.9,20.7,17.8,22.6,21,17.9,19.2,23.8,20.5,21.7,17.4,14.7,21.3,--,0,17.5,--,10.5,6,5.9,6.3,11.9,11.1,10.4,8.5,7.2,10.7,9.4,25,21,16.4,--,0,21.5
2007,Norte,PA,Urbana,Federal,--,95.8,98.9,99.1,97.2,90.09999999999998,87.9,84.5,89.10000000000001,97.8,87.7,91.5,70.7,85,88.39999999999999,100,--,80.5,--,4.2,1.1,0.9,2,9.5,11.8,15.5,10.3,1.9,12,8.2,17.8,10.4,8.9,0,--,12.8,--,0,0,0,0.8,0.4,0.3,0,0.6,0.3,0.3,0.3,11.5,4.6,2.7,0,--,6.7
2007,Norte,PA,Urbana,Municipal,87.09999999999998,68,74,79.7,82.1,71.60000000000001,76.60000000000001,81,81.2,76,76.6,76.19999999999997,71.5,60.5,55.1,100,--,64.8,4.7,22.9,20.7,15.1,12.4,16.8,12.8,9.4,9.5,17.5,12.9,15.9,21.8,8.6,18.4,0,--,16.8,8.2,9.1,5.3,5.2,5.5,11.6,10.6,9.6,9.3,6.5,10.5,7.9,6.7,30.9,26.5,0,--,18.4
2007,Norte,PA,Urbana,Particular,96.6,95.19999999999997,95.89999999999999,97.39999999999999,97.3,95.8,95.7,95.69999999999999,94.3,96.5,95.4,95.9,92.1,95.89999999999999,95.19999999999997,95.8,--,94.4,2.6,3.9,3.4,2.2,2.2,3.7,3.8,3.9,5.2,2.9,4.1,3.5,6.9,3.2,3.9,4.2,--,4.7,0.8,0.9,0.7,0.4,0.5,0.5,0.5,0.4,0.5,0.6,0.5,0.6,1,0.9,0.9,0,--,0.9
2007,Norte,PA,Urbana,Publico,87.09999999999998,66.1,72.8,78.2,80.5,69,72.60000000000001,76.5,76.8,74.5,72.9,73.8,57.800000000000026,64.4,62.5,100,100,61.1,4.7,24.5,21.8,16.4,13.8,19.3,16.6,13.6,14.3,18.8,16.5,17.8,17.4,14.7,21.2,0,0,17.5,8.2,9.4,5.4,5.4,5.7,11.7,10.8,9.9,8.9,6.7,10.6,8.4,24.8,20.9,16.3,0,0,21.4
2007,Norte,PA,Urbana,Total,87.8,67.7,74,79.30000000000001,81.6,70.4,74,78,78.4,75.80000000000003,74.5,75.2,59.5,66.3,64.89999999999999,97.6,100,63.1,4.5,23.4,20.8,15.6,13,18.5,15.8,12.8,13.5,17.9,15.6,16.9,16.9,14,19.9,2.4,0,16.7,7.7,8.9,5.2,5.1,5.4,11.1,10.2,9.2,8.1,6.3,9.9,7.9,23.6,19.7,15.2,0,0,20.2
2007,Norte,AP,Rural,Estadual,--,67.6,75.8,78.7,85,79.4,80.7,80.39999999999999,86.5,75.9,81.39999999999999,77.9,65.5,74.19999999999999,80.4,--,--,71.6,--,29.4,22,19,12.4,10.1,8.1,6.2,3.7,21.6,7.4,16.3,9,6.9,5.3,--,--,7.5,--,3,2.2,2.3,2.6,10.5,11.2,13.4,9.8,2.5,11.2,5.8,25.5,18.9,14.3,--,--,20.9
2007,Norte,AP,Rural,Municipal,63.90000000000002,61.70000000000002,72.1,75.4,82.89999999999999,73.1,79.7,85,94.1,70.4,79.6,71.1,--,--,--,--,--,--,20.4,32.2,22.4,19.8,11.4,8,9,9,2,23.3,7.7,22.2,--,--,--,--,--,--,15.7,6.1,5.5,4.8,5.7,18.9,11.3,6,3.9,6.3,12.7,6.7,--,--,--,--,--,--
2007,Norte,AP,Rural,Particular,--,66.7,61.1,91.2,62.7,75,91.5,85.89999999999999,95.69999999999997,68.3,85.2,77,91.6,92.9,94.3,--,--,92.60000000000001,--,17.9,32.4,1.8,33.9,12.5,2.4,4.7,1.4,22.6,6.3,14.2,1.4,2,1.4,--,--,1.6,--,15.4,6.5,7,3.4,12.5,6.1,9.4,2.9,9.1,8.5,8.8,7,5.1,4.3,--,--,5.8
2007,Norte,AP,Rural,Publico,63.90000000000002,65.7,74.60000000000001,77.8,84.39999999999999,79,80.6,80.60000000000001,86.7,74.2,81.3,76.3,65.5,74.19999999999999,80.4,--,--,71.6,20.4,30.3,22.1,19.2,12.2,9.9,8.2,6.3,3.7,22.1,7.4,17.7,9,6.9,5.3,--,--,7.5,15.7,4,3.3,3,3.4,11.1,11.2,13.1,9.6,3.7,11.3,6,25.5,18.9,14.3,--,--,20.9
2007,Norte,AP,Rural,Total,63.90000000000002,65.59999999999998,74.3,78,84,78.8,81.1,80.89999999999999,87.2,74,81.39999999999999,76.3,68.6,76.3,82.2,--,--,74.1,20.4,30.1,22.3,19,12.6,10,7.9,6.2,3.6,22.2,7.4,17.6,8.1,6.4,4.8,--,--,6.8,15.7,4.3,3.4,3,3.4,11.2,11,12.9,9.2,3.8,11.2,6.1,23.3,17.3,13,--,--,19.1
2007,Norte,AP,Total,Estadual,52.4,71,77.2,80.7,85.8,80.19999999999997,81,83.9,86,78.3,82.60000000000001,80.39999999999999,61.6,71.6,76.2,--,--,68.2,47.6,24.5,20.3,16.7,11.4,13.4,12.2,9.8,6.8,18.6,10.8,14.7,13.3,8.7,9.1,--,--,10.9,0,4.5,2.5,2.6,2.8,6.4,6.8,6.3,7.2,3.1,6.6,4.9,25.1,19.7,14.7,--,--,20.9
2007,Norte,AP,Total,Municipal,78,72.19999999999999,78.69999999999999,81.5,85,77.4,82,84.3,80.6,78.5,80.69999999999997,78.8,--,--,--,--,--,--,15.4,21.9,17.9,15.1,11.2,14,10.7,8.3,7.1,17.1,10.9,16.2,--,--,--,--,--,--,6.6,5.9,3.4,3.4,3.8,8.6,7.3,7.4,12.3,4.4,8.4,5,--,--,--,--,--,--
2007,Norte,AP,Total,Particular,97.8,93.30000000000003,92.1,97.30000000000003,95.79999999999998,93.7,97,95.39999999999999,97.8,94.7,95.90000000000002,95.2,93.10000000000001,94.90000000000002,95.4,--,--,94.4,2,4.6,7,2.1,3.8,4.6,2.3,3.4,1.9,4.3,3.1,3.8,5.6,4.1,3.8,--,--,4.6,0.2,2.1,0.9,0.6,0.4,1.7,0.7,1.2,0.3,1,1,1,1.3,1,0.8,--,--,1
2007,Norte,AP,Total,Publico,77.7,71.5,77.8,81,85.5,79.9,81.1,84,85.7,78.4,82.3,80,61.6,71.6,76.2,--,--,68.2,15.8,23.5,19.3,16.1,11.3,13.5,12,9.6,6.8,18,10.9,15.1,13.3,8.7,9.1,--,--,10.9,6.5,5,2.9,2.9,3.2,6.6,6.9,6.4,7.5,3.6,6.8,4.9,25.1,19.7,14.7,--,--,20.9
2007,Norte,AP,Total,Total,82.5,73,78.60000000000001,81.9,86.1,80.69999999999997,82.1,84.79999999999998,86.5,79.4,83.1,80.89999999999999,63.3,73.3,77.7,--,--,70,12.5,22.2,18.6,15.3,10.9,12.9,11.4,9.2,6.5,17.1,10.4,14.4,12.9,8.4,8.7,--,--,10.4,5,4.8,2.8,2.8,3,6.4,6.5,6,7,3.5,6.5,4.7,23.8,18.3,13.6,--,--,19.6
2007,Norte,AP,Urbana,Estadual,52.4,72.3,77.7,81.3,86,80.3,81.1,84.69999999999997,86,79,82.7,81,61.3,71.4,76,--,--,68,47.6,22.7,19.7,16,11.1,14,12.9,10.4,7.3,17.6,11.5,14.3,13.6,8.8,9.3,--,--,11.1,0,5,2.6,2.7,2.9,5.7,6,4.9,6.7,3.4,5.8,4.7,25.1,19.8,14.7,--,--,20.9
2007,Norte,AP,Urbana,Municipal,82.40000000000002,75,80.1,82.80000000000003,85.4,77.9,82.29999999999998,84.29999999999998,79.5,80.39999999999999,80.8,80.5,--,--,--,--,--,--,13.8,19.1,16.9,14.1,11.1,14.6,10.8,8.2,7.5,15.7,11.2,14.9,--,--,--,--,--,--,3.8,5.9,3,3.1,3.5,7.5,6.9,7.5,13,3.9,8,4.6,--,--,--,--,--,--
2007,Norte,AP,Urbana,Particular,97.8,95.5,95.09999999999998,97.7,98,96.6,97.60000000000001,96.6,98.1,96.5,97.2,96.8,93.4,95.19999999999999,95.60000000000001,--,--,94.60000000000001,2,3.5,4.5,2.1,1.8,3.4,2.3,3.2,1.9,3,2.7,2.9,6.5,4.4,4.1,--,--,5.1,0.2,1,0.4,0.2,0.2,0,0.1,0.2,0,0.5,0.1,0.3,0.1,0.4,0.3,--,--,0.3
2007,Norte,AP,Urbana,Publico,81.9,73.39999999999999,78.70000000000002,81.89999999999999,85.80000000000003,80,81.2,84.6,85.5,79.60000000000001,82.5,80.90000000000002,61.3,71.4,76,--,--,68,14.4,21.2,18.5,15.2,11.1,14.1,12.6,10.2,7.3,16.8,11.4,14.5,13.6,8.8,9.3,--,--,11.1,3.7,5.4,2.8,2.9,3.1,5.9,6.2,5.2,7.2,3.6,6.1,4.6,25.1,19.8,14.7,--,--,20.9
2007,Norte,AP,Urbana,Total,86.5,75.2,79.9,82.89999999999999,86.6,81.1,82.2,85.3,86.39999999999999,80.89999999999999,83.39999999999999,82,62.9,73.1,77.5,--,--,69.69999999999999,10.8,19.8,17.5,14.4,10.5,13.4,12,9.8,6.9,15.7,10.9,13.7,13.3,8.5,8.9,--,--,10.7,2.7,5,2.6,2.7,2.9,5.5,5.8,4.9,6.7,3.4,5.7,4.3,23.8,18.4,13.6,--,--,19.6
2007,Norte,TO,Rural,Estadual,84.59999999999998,72.7,80,80.5,76.8,77.39999999999999,81.7,85.4,87.39999999999999,78.3,82.1,80.10000000000001,81.4,85.6,93.59999999999998,--,72,85.5,7.4,17.2,11.2,11.4,12.7,12.2,8.6,7.2,5.2,12.5,8.9,10.8,5.5,5.9,2.9,--,16,5.1,8,10.1,8.8,8.1,10.5,10.4,9.7,7.4,7.4,9.2,9,9.1,13.1,8.5,3.5,--,12,9.4
2007,Norte,TO,Rural,Federal,--,--,--,--,--,--,--,--,--,--,--,--,78.5,92.3,93.5,--,--,86.4,--,--,--,--,--,--,--,--,--,--,--,--,18.1,5.8,6.5,--,--,11.5,--,--,--,--,--,--,--,--,--,--,--,--,3.4,1.9,0,--,--,2.1
2007,Norte,TO,Rural,Municipal,93.10000000000001,72.8,80.9,84,87.2,78,83.8,86.5,89,82.40000000000002,83.09999999999998,82.6,68.70000000000002,71.79999999999998,100,84.6,--,74.7,3.1,21.3,14.8,11.5,8.6,14.2,8.4,6.3,3.3,13,9.2,12,12.5,4.3,0,0,--,6.1,3.8,5.9,4.3,4.5,4.2,7.8,7.8,7.2,7.7,4.6,7.7,5.4,18.8,23.9,0,15.4,--,19.2
2007,Norte,TO,Rural,Particular,100,98,97.80000000000003,98.9,96.8,92.9,97.5,95,95,97.9,95.1,96.60000000000001,98.8,100,100,--,--,99.6,0,2,1.1,1.1,3.2,7.1,2.5,5,5,1.8,4.9,3.3,1.2,0,0,--,--,0.4,0,0,1.1,0,0,0,0,0,0,0.3,0,0.1,0,0,0,--,--,0
2007,Norte,TO,Rural,Publico,91.89999999999999,72.8,80.70000000000002,83.3,85.19999999999997,77.80000000000003,83.1,86.1,88.4,81.69999999999997,82.80000000000003,82.1,80.7,85.7,93.7,84.6,72,85.09999999999998,3.7,20.7,14.3,11.5,9.4,13.6,8.5,6.6,4,12.9,9.1,11.7,7.3,5.8,3.3,0,16,6,4.4,6.5,5,5.2,5.4,8.6,8.4,7.3,7.6,5.4,8.1,6.2,12,8.5,3,15.4,12,8.9
2007,Norte,TO,Rural,Total,92,73.19999999999999,81,83.60000000000001,85.4,78,83.5,86.4,88.7,81.9,83.19999999999997,82.30000000000003,81.89999999999999,86.9,94.5,84.6,72,86.4,3.7,20.4,14.1,11.3,9.3,13.5,8.3,6.5,4,12.8,8.9,11.6,6.9,5.3,2.9,0,16,5.5,4.3,6.4,4.9,5.1,5.3,8.5,8.2,7.1,7.3,5.3,7.9,6.1,11.2,7.8,2.6,15.4,12,8.1
2007,Norte,TO,Total,Estadual,98.3,89.19999999999999,91.7,92.80000000000001,93.19999999999997,84.8,85.4,86.4,87.5,92.6,85.89999999999999,88.7,74.4,80.6,86.2,90.7,88.4,79.6,0.8,9.4,7.3,6.1,5.4,12,11.5,10.2,8.6,6.2,10.7,8.8,10,7.5,5.6,3.1,7.1,8,0.9,1.4,1,1.1,1.4,3.2,3.1,3.4,3.9,1.2,3.4,2.5,15.6,11.9,8.2,6.2,4.5,12.4
2007,Norte,TO,Total,Federal,--,--,--,--,--,--,--,--,--,--,--,--,62.6,82,89.5,--,--,73.5,--,--,--,--,--,--,--,--,--,--,--,--,36.1,17.3,10.5,--,--,25.6,--,--,--,--,--,--,--,--,--,--,--,--,1.3,0.7,0,--,--,0.9
2007,Norte,TO,Total,Municipal,95.39999999999999,80,85.39999999999999,87.5,89.89999999999999,78.7,82.6,84.5,86.5,87,82.2,85.9,81.3,81.19999999999997,100,87.5,--,83.40000000000002,2.2,16.5,12.4,10.1,7.7,16.4,12.2,10.1,7.8,10.4,12.6,10.9,6.7,2.9,0,0,--,4,2.4,3.5,2.2,2.4,2.4,4.9,5.2,5.4,5.7,2.6,5.2,3.2,12,15.9,0,12.5,--,12.6
2007,Norte,TO,Total,Particular,96.9,98.4,99,98.70000000000002,98.5,96.4,96.9,95.5,95.4,98.40000000000002,96,97.5,87.6,93.5,93.89999999999999,--,60.9,91.2,1.1,1.1,0.8,1,1.4,3.5,3.1,4.3,4.5,1,3.9,2.1,11.9,6.3,5.4,--,26.1,8.2,2,0.5,0.2,0.3,0.1,0.1,0,0.2,0.1,0.6,0.1,0.4,0.5,0.2,0.7,--,13,0.6
2007,Norte,TO,Total,Publico,96.4,83.10000000000001,87.8,89.8,91.5,82.89999999999999,84.6,85.89999999999999,87.4,89.2,84.89999999999999,87.4,74.2,80.60000000000001,86.2,90.20000000000002,88.4,79.6,1.7,14.1,10.4,8.4,6.6,13.4,11.7,10.2,8.4,8.8,11.2,9.8,10.5,7.6,5.7,2.7,7.1,8.2,1.9,2.8,1.8,1.8,1.9,3.7,3.7,3.9,4.2,2,3.9,2.8,15.3,11.8,8.1,7.1,4.5,12.2
2007,Norte,TO,Total,Total,96.39999999999999,84.1,88.39999999999999,90.29999999999998,91.8,83.6,85.2,86.39999999999999,87.8,89.7,85.5,87.89999999999999,74.79999999999998,81.1,86.6,90.20000000000002,85.6,80.1,1.7,13.2,9.9,8,6.4,12.9,11.3,9.9,8.2,8.3,10.8,9.4,10.5,7.6,5.7,2.7,9,8.2,1.9,2.7,1.7,1.7,1.8,3.5,3.5,3.7,4,2,3.7,2.7,14.7,11.3,7.7,7.1,5.4,11.7
2007,Norte,TO,Urbana,Estadual,99.6,91.1,92.8,94.1,94.6,85.3,85.7,86.3,87.5,94,86.1,89.3,74.1,80.30000000000001,86,90.7,90.70000000000002,79.4,0.2,8.5,6.9,5.5,4.8,12,11.6,10.4,8.8,5.6,10.8,8.7,10.2,7.6,5.7,3.1,5.8,8.1,0.2,0.4,0.3,0.4,0.6,2.7,2.7,3.3,3.7,0.4,3.1,2,15.7,12.1,8.3,6.2,3.5,12.5
2007,Norte,TO,Urbana,Federal,--,--,--,--,--,--,--,--,--,--,--,--,54.800000000000026,75.6,85.9,--,--,65.8,--,--,--,--,--,--,--,--,--,--,--,--,44.9,24.4,14.1,--,--,34,--,--,--,--,--,--,--,--,--,--,--,--,0.3,0,0,--,--,0.2
2007,Norte,TO,Urbana,Municipal,96.1,83.1,87.19999999999997,89.1,90.89999999999999,79,82.1,83.6,85.3,88.8,81.7,87.2,90.7,100,100,100,--,94.7,1.9,14.4,11.4,9.5,7.4,17.4,13.9,11.9,10,9.4,14.2,10.5,2.3,0,0,0,--,1.3,2,2.5,1.4,1.4,1.7,3.6,4,4.5,4.7,1.8,4.1,2.3,7,0,0,0,--,4
2007,Norte,TO,Urbana,Particular,96.9,98.5,99.2,98.79999999999998,98.60000000000001,96.60000000000001,96.9,95.5,95.4,98.3,96.10000000000001,97.5,86.60000000000001,92.89999999999999,93.39999999999999,--,60.9,90.5,1.1,1,0.7,0.9,1.3,3.3,3.1,4.3,4.5,1,3.8,2,12.8,6.9,5.9,--,26.1,8.9,2,0.5,0.1,0.3,0.1,0.1,0,0.2,0.1,0.7,0.1,0.5,0.6,0.2,0.7,--,13,0.6
2007,Norte,TO,Urbana,Publico,97.3,86.2,89.69999999999997,91.5,92.9,83.79999999999998,84.9,85.9,87.2,91.09999999999998,85.20000000000002,88.5,73.9,80.3,85.9,91,90.70000000000002,79.40000000000002,1.3,12.1,9.4,7.6,6,13.3,12.1,10.6,9,7.7,11.5,9.4,10.6,7.7,5.8,3,5.8,8.3,1.4,1.7,0.9,0.9,1.1,2.9,3,3.5,3.8,1.2,3.3,2.1,15.5,12,8.3,6,3.5,12.3
2007,Norte,TO,Urbana,Total,97.3,87.2,90.40000000000002,91.89999999999999,93.29999999999998,84.4,85.39999999999999,86.4,87.80000000000003,91.7,85.80000000000003,89.1,74.39999999999999,80.8,86.3,91,87.2,79.8,1.3,11.2,8.8,7.2,5.7,12.8,11.7,10.3,8.6,7.2,11.1,8.9,10.7,7.7,5.8,3,8.2,8.4,1.4,1.6,0.8,0.9,1,2.8,2.9,3.3,3.6,1.1,3.1,2,14.9,11.5,7.9,6,4.6,11.8
2007,Nordeste,MA,Rural,Estadual,--,81.5,82.9,83.5,85.1,80.1,80.89999999999999,85.10000000000001,89.5,82.8,83.69999999999997,83.2,71,78.5,83.19999999999997,100,71.4,76.20000000000002,--,9.2,9.3,7.8,7.7,12.7,13.2,8.3,4.7,8.7,9.9,9.2,6.7,4.6,3.9,0,0,5.4,--,9.3,7.8,8.7,7.2,7.2,5.9,6.6,5.8,8.5,6.4,7.6,22.3,16.9,12.9,0,28.6,18.4
2007,Nordeste,MA,Rural,Federal,--,90,88.9,100,100,71.4,--,95.2,100,94.7,91.6,93.19999999999997,94.5,96.3,97.60000000000001,--,--,95.7,--,10,11.1,0,0,28.6,--,0,0,5.3,5.6,5.4,5.2,3.4,0.8,--,--,3.7,--,0,0,0,0,0,--,4.8,0,0,2.8,1.4,0.3,0.3,1.6,--,--,0.6
2007,Nordeste,MA,Rural,Municipal,88.8,80.19999999999997,79.79999999999998,81.3,82.9,74.9,79.8,81.4,85.3,81.5,79.3,80.8,80.5,88.39999999999999,88.30000000000003,94.7,--,84.2,5.8,14.4,15.8,13.8,11,14.6,10,7.6,5.2,13.3,10.3,12.4,5.2,2.7,4.1,3.5,--,4.3,5.4,5.4,4.4,4.9,6.1,10.5,10.2,11,9.5,5.2,10.4,6.8,14.3,8.9,7.6,1.8,--,11.5
2007,Nordeste,MA,Rural,Particular,98.19999999999999,96.39999999999999,95.6,95,88.3,88.9,90.10000000000001,90.4,94.8,94.3,90.8,93.3,94.5,94.2,96.9,--,--,95.09999999999998,0.9,2.9,3.3,4,11,5.8,4.8,4.3,2.4,4.8,4.5,4.7,5,5.8,3.1,--,--,4.7,0.9,0.7,1.1,1,0.7,5.3,5.1,5.3,2.8,0.9,4.7,2,0.5,0,0,--,--,0.2
2007,Nordeste,MA,Rural,Publico,88.8,80.30000000000003,79.80000000000003,81.40000000000002,83,75.1,79.9,81.60000000000001,85.6,81.60000000000001,79.5,80.9,72.6,79.89999999999999,83.90000000000002,97.39999999999999,71.4,77.5,5.8,14.1,15.6,13.6,10.9,14.5,10.1,7.6,5.2,13.1,10.3,12.3,6.5,4.4,3.8,1.7,0,5.2,5.4,5.6,4.6,5,6.1,10.4,10,10.8,9.2,5.3,10.2,6.8,20.9,15.7,12.3,0.9,28.6,17.3
2007,Nordeste,MA,Rural,Total,88.8,80.4,80,81.4,83,75.19999999999997,79.9,81.7,85.59999999999998,81.60000000000001,79.7,81,72.9,80.1,84.2,97.39999999999999,71.4,77.8,5.8,14,15.5,13.6,10.9,14.4,10.1,7.6,5.2,13.1,10.2,12.2,6.5,4.4,3.8,1.7,0,5.2,5.4,5.6,4.5,5,6.1,10.4,10,10.7,9.2,5.3,10.1,6.8,20.6,15.5,12,0.9,28.6,17
2007,Nordeste,MA,Total,Estadual,50,87.39999999999999,83.7,86.4,88.7,79.8,82.6,83.2,86,86.6,82.8,84,66.8,74.6,82.29999999999998,91.10000000000001,81.7,73.2,50,5.7,11.5,9,7.7,14.3,12,9.7,7.4,8.4,10.9,10.1,9.9,7.5,4.8,2.1,5.5,7.8,0,6.9,4.8,4.6,3.6,5.9,5.4,7.1,6.6,5,6.3,5.9,23.3,17.9,12.9,6.8,12.8,19
2007,Nordeste,MA,Total,Federal,--,90,93.70000000000002,100,98.6,87,69.3,69.3,77.2,98.2,75.6,81.5,83.8,90.5,91.30000000000003,--,--,88.60000000000001,--,10,6.3,0,0,13,26.9,29.3,22.8,1.2,23.3,17.5,13.3,7.7,8.1,--,--,9.6,--,0,0,0,1.4,0,3.8,1.4,0,0.6,1.1,1,2.9,1.8,0.6,--,--,1.8
2007,Nordeste,MA,Total,Municipal,90.9,82,80.8,82.4,83.69999999999997,74.30000000000003,78,80.2,83.6,82.9,78.10000000000001,81.3,73.8,78.9,87.60000000000001,91.8,--,79.60000000000001,4.3,12.6,15.1,13.1,10.9,15.6,11.8,9,6.2,12.3,11.6,12,4.2,4.5,2.1,1.5,--,3.6,4.8,5.4,4.1,4.5,5.4,10.1,10.2,10.8,10.2,4.8,10.3,6.7,22,16.6,10.3,6.7,--,16.8
2007,Nordeste,MA,Total,Particular,97.69999999999997,96,96.69999999999997,96.7,96.30000000000003,94.1,94.30000000000003,94.60000000000001,93.89999999999999,96.5,94.29999999999998,95.7,89.8,93.7,96.4,95.80000000000003,75,93.3,1.4,2.8,2.4,2.6,3.1,5,5.1,4.6,5.4,2.6,5,3.5,8.2,4.6,2.3,0.6,0,4.9,0.9,1.2,0.9,0.7,0.6,0.9,0.6,0.8,0.7,0.9,0.7,0.8,2,1.7,1.3,3.6,25,1.8
2007,Nordeste,MA,Total,Publico,90.9,82.5,81,82.8,84.29999999999998,75.60000000000001,79.2,81.10000000000001,84.5,83.19999999999997,79.5,81.8,67.09999999999998,74.89999999999999,82.5,91.4,81.7,73.5,4.3,12,14.8,12.7,10.5,15.3,11.8,9.3,6.7,11.9,11.4,11.7,9.7,7.4,4.8,1.8,5.5,7.7,4.8,5.5,4.2,4.5,5.2,9.1,9,9.6,8.8,4.9,9.1,6.5,23.2,17.7,12.7,6.8,12.8,18.8
2007,Nordeste,MA,Total,Total,91.30000000000003,83.39999999999999,81.9,83.60000000000001,84.9,76.5,80,81.9,85.10000000000001,84,80.3,82.6,68.4,76.4,83.7,92.5,80.8,75,4.1,11.4,14.1,12.1,10.1,14.8,11.5,9,6.6,11.4,11,11.2,9.6,7.1,4.6,1.5,4.8,7.5,4.6,5.2,4,4.3,5,8.7,8.5,9.1,8.3,4.6,8.7,6.2,22,16.5,11.7,6,14.4,17.5
2007,Nordeste,MA,Urbana,Estadual,50,90,84,87,89.1,79.8,82.69999999999999,83.10000000000001,85.7,87.60000000000001,82.70000000000002,84.2,66.4,74.2,82.19999999999999,90.2,84.10000000000001,72.8,50,4.1,12,9.1,7.7,14.4,11.9,9.8,7.6,8.3,11,10.2,10.2,7.8,4.9,2.3,6.8,8.1,0,5.9,4,3.9,3.2,5.8,5.4,7.1,6.7,4.1,6.3,5.6,23.4,18,12.9,7.5,9.1,19.1
2007,Nordeste,MA,Urbana,Federal,--,--,100,100,98.5,88.1,69.3,65.10000000000001,75.6,99.2,74.3,80,76.60000000000001,87.5,89.8,--,--,85.3,--,--,0,0,0,11.9,26.9,34.1,24.4,0,24.8,19.1,18.8,10,9.8,--,--,12.4,--,--,0,0,1.5,0,3.8,0.8,0,0.8,0.9,0.9,4.6,2.5,0.4,--,--,2.3
2007,Nordeste,MA,Urbana,Municipal,92.69999999999997,84.4,81.9,83.79999999999998,84.4,73.8,76.4,79.10000000000001,82.3,84.5,77.2,81.80000000000003,70.4,76,87.30000000000001,91.4,--,77.89999999999999,2.9,10.3,14.3,12.2,10.8,16.5,13.3,10.3,7,11.1,12.6,11.6,3.8,5,1.6,1.3,--,3.4,4.4,5.3,3.8,4,4.8,9.7,10.3,10.6,10.7,4.4,10.2,6.6,25.8,19,11.1,7.3,--,18.7
2007,Nordeste,MA,Urbana,Particular,97.69999999999997,96,96.8,96.8,96.80000000000003,94.39999999999999,94.5,94.80000000000003,93.90000000000002,96.59999999999998,94.4,95.8,89.7,93.7,96.4,95.80000000000003,75,93.3,1.4,2.8,2.3,2.5,2.6,4.9,5.1,4.6,5.5,2.5,5,3.4,8.3,4.6,2.3,0.6,0,4.9,0.9,1.2,0.9,0.7,0.6,0.7,0.4,0.6,0.6,0.9,0.6,0.8,2,1.7,1.3,3.6,25,1.8
2007,Nordeste,MA,Urbana,Publico,92.69999999999997,85.2,82.2,84.3,85.3,76,78.8,80.9,84,84.89999999999999,79.4,82.4,66.5,74.4,82.3,90.8,84.10000000000001,73.1,2.9,9.5,14,11.7,10.2,15.7,12.8,10.1,7.3,10.7,12,11.3,10.1,7.7,4.9,1.8,6.8,8,4.4,5.3,3.8,4,4.5,8.3,8.4,9,8.7,4.4,8.6,6.3,23.4,17.9,12.8,7.4,9.1,18.9
2007,Nordeste,MA,Urbana,Total,93.2,86.5,83.7,85.5,86.5,77.2,80,82.10000000000001,84.9,86.2,80.69999999999999,83.7,68,76,83.7,92.09999999999998,82.7,74.7,2.8,8.7,12.8,10.8,9.4,15,12.2,9.6,7.1,9.8,11.4,10.5,9.9,7.4,4.6,1.5,5.8,7.7,4,4.8,3.5,3.7,4.1,7.8,7.8,8.3,8,4,7.9,5.8,22.1,16.6,11.7,6.4,11.5,17.6
2007,Nordeste,PI,Rural,Estadual,83.7,66.8,72.5,78.70000000000002,79.30000000000003,65.39999999999999,68.8,81.40000000000002,78.9,74.89999999999999,71.7,73.3,64.5,75.1,83.7,100,--,72,12,23.1,19.2,13.8,11.1,19.2,20.4,12.1,4.1,16.7,15.1,16,10.2,7.2,6.2,0,--,8.4,4.3,10.1,8.3,7.5,9.6,15.4,10.8,6.5,17,8.4,13.2,10.7,25.3,17.7,10.1,0,--,19.6
2007,Nordeste,PI,Rural,Municipal,80.1,64.6,72,77.39999999999999,80.60000000000001,68.60000000000001,76.30000000000003,81.6,85.8,73,76.4,74,76.10000000000001,83.4,94.1,--,--,81.2,15.9,29.7,23.4,17.2,13.6,20.1,13.1,7.9,5.3,21.7,13.1,19.3,8.6,6,0,--,--,6.4,4,5.7,4.6,5.4,5.8,11.3,10.6,10.5,8.9,5.3,10.5,6.7,15.3,10.6,5.9,--,--,12.4
2007,Nordeste,PI,Rural,Particular,93.2,88.6,80,85.1,88.89999999999999,75.80000000000001,81.39999999999999,85.4,92.69999999999999,86.3,82.3,84.9,100,98,100,100,--,99.4,0,10.2,11.4,9.9,5.2,12.1,5.2,1.1,2.9,8.4,6.3,7.6,0,2,0,0,--,0.6,6.8,1.2,8.6,5,5.9,12.1,13.4,13.5,4.4,5.3,11.4,7.5,0,0,0,0,--,0
2007,Nordeste,PI,Rural,Publico,80.1,64.6,72.10000000000001,77.39999999999999,80.60000000000001,68.5,76.30000000000003,81.6,85.7,73.10000000000001,76.30000000000003,74,66.20000000000002,76,84.80000000000003,100,--,73.29999999999998,15.9,29.7,23.3,17.2,13.6,20.1,13.1,7.9,5.2,21.6,13.1,19.2,10,7.1,5.6,0,--,8.1,4,5.7,4.6,5.4,5.8,11.4,10.6,10.5,9.1,5.3,10.6,6.8,23.8,16.9,9.6,0,--,18.6
2007,Nordeste,PI,Rural,Total,80.2,64.69999999999997,72.10000000000001,77.39999999999999,80.60000000000001,68.5,76.30000000000003,81.7,85.8,73.09999999999998,76.4,74,66.6,76.4,85.1,100,--,73.7,15.8,29.6,23.3,17.2,13.6,20.1,13.1,7.8,5.2,21.6,13,19.2,9.9,7,5.5,0,--,8,4,5.7,4.6,5.4,5.8,11.4,10.6,10.5,9,5.3,10.6,6.8,23.5,16.6,9.4,0,--,18.3
2007,Nordeste,PI,Total,Estadual,74.9,68.4,73.6,76.60000000000001,78.8,67.19999999999997,73.39999999999999,78.10000000000001,82.5,74.2,74.3,74.3,58.8,72.70000000000002,81.7,75.4,65.9,68.8,16.7,22.8,20,17.3,14.9,23.1,17.7,13.8,10,18.7,17,17.8,13.1,8.6,5.5,5.3,10.7,9.8,8.4,8.8,6.4,6.1,6.3,9.7,8.9,8.1,7.5,7.1,8.7,7.9,28.1,18.7,12.8,19.3,23.4,21.4
2007,Nordeste,PI,Total,Federal,--,--,--,--,--,--,82.4,58.900000000000006,76.2,--,72,72,74.40000000000002,89,91.29999999999998,--,--,82.29999999999998,--,--,--,--,--,--,17.6,38.2,19,--,25.8,25.8,15.6,9,6.7,--,--,11.7,--,--,--,--,--,--,0,2.9,4.8,--,2.2,2.2,10,2,2,--,--,6
2007,Nordeste,PI,Total,Municipal,85.5,69,74.1,80,80.4,68.6,76,81.90000000000002,86,76.2,76.4,76.3,68.7,76.1,91.3,--,--,75.4,11,25.9,22,15.6,14.7,21.5,14.6,9.6,6.5,19.3,14.5,17.6,12.3,7.9,1.3,--,--,8.8,3.5,5.1,3.9,4.4,4.9,9.9,9.4,8.5,7.5,4.5,9.1,6.1,19,16,7.4,--,--,15.8
2007,Nordeste,PI,Total,Particular,98.1,97,96.1,96.19999999999997,95.4,91.3,93,92.5,90.3,96.4,91.70000000000002,94.4,83.3,90.9,93.60000000000001,97.6,100,89.1,1.4,2.6,3.4,3.4,4.1,7.9,6.2,6.7,9.1,3.1,7.5,5,13.7,7.3,3.8,2.4,0,8.4,0.5,0.4,0.5,0.4,0.5,0.8,0.8,0.8,0.6,0.5,0.8,0.6,3,1.8,2.6,0,0,2.5
2007,Nordeste,PI,Total,Publico,83.5,68.89999999999999,74,79.39999999999999,80,68.2,75.3,80.8,84.9,75.89999999999999,75.8,75.8,59.3,73,82,75.4,65.9,69.2,12.1,25.4,21.7,15.9,14.8,21.9,15.5,10.8,7.6,19.2,15.2,17.7,13.1,8.6,5.5,5.3,10.7,9.8,4.4,5.7,4.3,4.7,5.2,9.9,9.2,8.4,7.5,4.9,9,6.5,27.6,18.4,12.5,19.3,23.4,21
2007,Nordeste,PI,Total,Total,84.39999999999999,70.29999999999998,75.2,80.3,81,69.60000000000001,76.39999999999999,81.7,85.39999999999999,77,76.89999999999999,77,60.69999999999999,74.3,82.89999999999999,81.7,69.9,70.6,11.4,24.3,20.7,15.2,14.1,21.1,14.9,10.5,7.7,18.3,14.7,16.9,13.1,8.5,5.4,4.5,9.4,9.7,4.2,5.4,4.1,4.5,4.9,9.3,8.7,7.8,6.9,4.7,8.4,6.1,26.2,17.2,11.7,13.8,20.7,19.7
2007,Nordeste,PI,Urbana,Estadual,74.7,68.4,73.6,76.5,78.8,67.3,73.5,78.10000000000001,82.60000000000001,74.2,74.40000000000002,74.20000000000002,58.5,72.7,81.6,74.2,65.9,68.59999999999998,16.8,22.8,20,17.4,14.9,23.1,17.7,13.8,10.1,18.7,17,17.9,13.2,8.6,5.5,5.6,10.7,9.9,8.5,8.8,6.4,6.1,6.3,9.6,8.8,8.1,7.3,7.1,8.6,7.9,28.3,18.7,12.9,20.2,23.4,21.5
2007,Nordeste,PI,Urbana,Federal,--,--,--,--,--,--,82.4,58.900000000000006,76.2,--,72,72,74.40000000000002,89,91.29999999999998,--,--,82.29999999999998,--,--,--,--,--,--,17.6,38.2,19,--,25.8,25.8,15.6,9,6.7,--,--,11.7,--,--,--,--,--,--,0,2.9,4.8,--,2.2,2.2,10,2,2,--,--,6
2007,Nordeste,PI,Urbana,Municipal,89.3,75,76.6,83.2,80.1,68.6,75.7,81.9,86.09999999999998,79.8,76.4,78.4,64.2,73.4,90.2,--,--,72.6,7.5,20.6,20.4,13.6,15.9,22.4,15.7,10.8,7.2,16.6,15.5,16.1,14.5,8.6,1.8,--,--,9.9,3.2,4.4,3,3.2,4,9,8.6,7.3,6.7,3.6,8.1,5.5,21.3,18,8,--,--,17.5
2007,Nordeste,PI,Urbana,Particular,98.2,97.3,96.8,96.6,95.7,91.8,93.3,92.6,90.2,96.8,92,94.59999999999998,83.10000000000001,90.8,93.5,96.1,100,89,1.5,2.3,3,3.2,4,7.8,6.2,6.9,9.3,2.9,7.5,5,13.8,7.4,3.9,3.9,0,8.5,0.3,0.4,0.2,0.2,0.3,0.4,0.5,0.5,0.5,0.3,0.5,0.4,3.1,1.8,2.6,0,0,2.5
2007,Nordeste,PI,Urbana,Publico,85.30000000000003,73.1,75.6,80.89999999999999,79.7,68,74.89999999999999,80.4,84.69999999999997,78.1,75.60000000000001,77,58.9,72.9,81.8,74.2,65.9,68.89999999999999,10.1,21.2,20.3,14.9,15.6,22.7,16.4,12,8.4,17.2,16.1,16.7,13.3,8.6,5.5,5.6,10.7,9.9,4.6,5.7,4.1,4.2,4.7,9.3,8.7,7.6,6.9,4.7,8.3,6.3,27.8,18.5,12.7,20.2,23.4,21.2
2007,Nordeste,PI,Urbana,Total,86.4,75.2,77.6,82.5,81.3,69.9,76.5,81.59999999999998,85.3,79.8,77.10000000000001,78.7,60.3,74.1,82.9,78.7,69.9,70.4,9.3,19.6,18.7,13.7,14.4,21.5,15.5,11.5,8.5,15.9,15.3,15.6,13.3,8.6,5.3,5.2,9.4,9.8,4.3,5.2,3.7,3.8,4.3,8.6,8,6.9,6.2,4.3,7.6,5.7,26.4,17.3,11.8,16.1,20.7,19.8
2007,Nordeste,CE,Rural,Estadual,73.60000000000001,73.2,73.5,83.5,86.80000000000003,86.30000000000003,92.5,90.9,89.5,77.5,89.8,85.4,69,81.5,91.2,--,--,78.1,23.6,20.9,19.2,13.1,10.1,6.6,3.6,3,1.7,17.7,3.5,8.5,12.3,5.7,1.5,--,--,7.7,2.8,5.9,7.3,3.4,3.1,7.1,3.9,6.1,8.8,4.8,6.7,6.1,18.7,12.8,7.3,--,--,14.2
2007,Nordeste,CE,Rural,Federal,--,--,--,--,--,--,--,--,--,--,--,--,62,87.6,86.6,--,--,72.9,--,--,--,--,--,--,--,--,--,--,--,--,27.9,11.4,11.2,--,--,20.8,--,--,--,--,--,--,--,--,--,--,--,--,10.1,1,2.2,--,--,6.3
2007,Nordeste,CE,Rural,Municipal,89.69999999999997,83.1,82.5,84.79999999999998,85.3,79.39999999999999,84.5,85.6,90,85,84.1,84.7,--,--,--,--,--,--,7.9,14.7,15.4,12.7,11.8,15.2,10,7.5,3.8,12.6,10,11.6,--,--,--,--,--,--,2.4,2.2,2.1,2.5,2.9,5.4,5.5,6.9,6.2,2.4,5.9,3.7,--,--,--,--,--,--
2007,Nordeste,CE,Rural,Particular,85.6,90.7,81,91.1,84.5,78.8,95,84,100,86.5,86.39999999999999,86.4,--,--,--,--,--,--,11.9,9.3,11.7,8.9,14.7,17.2,5,12,0,11.3,11.2,11.3,--,--,--,--,--,--,2.5,0,7.3,0,0.8,4,0,4,0,2.2,2.4,2.3,--,--,--,--,--,--
2007,Nordeste,CE,Rural,Publico,89.59999999999998,83.1,82.5,84.79999999999998,85.3,79.5,84.5,85.6,90,85,84.19999999999999,84.7,67.3,82.59999999999998,90.59999999999998,--,--,77.10000000000001,8,14.7,15.4,12.7,11.8,15.1,10,7.5,3.8,12.6,9.9,11.6,16,6.9,2.7,--,--,10.3,2.4,2.2,2.1,2.5,2.9,5.4,5.5,6.9,6.2,2.4,5.9,3.7,16.7,10.5,6.7,--,--,12.6
2007,Nordeste,CE,Rural,Total,89.59999999999998,83.1,82.5,84.79999999999998,85.3,79.5,84.5,85.6,90,85,84.19999999999999,84.7,67.3,82.59999999999998,90.59999999999998,--,--,77.10000000000001,8,14.7,15.4,12.7,11.8,15.1,10,7.5,3.8,12.6,9.9,11.6,16,6.9,2.7,--,--,10.3,2.4,2.2,2.1,2.5,2.9,5.4,5.5,6.9,6.2,2.4,5.9,3.7,16.7,10.5,6.7,--,--,12.6
2007,Nordeste,CE,Total,Estadual,84.5,76.10000000000001,76.89999999999999,80.2,81.3,77.9,80.59999999999998,82.3,83,80,81.3,81.2,67.5,77.5,83,83,81.89999999999999,74.7,9.1,17.3,16.2,14.6,13.6,14.6,12.4,10.2,8.3,14.3,11,11.3,11.4,7.7,6.4,4.8,5.4,8.9,6.4,6.6,6.9,5.2,5.1,7.5,7,7.5,8.7,5.7,7.7,7.5,21.1,14.8,10.6,12.2,12.7,16.4
2007,Nordeste,CE,Total,Federal,--,--,--,--,--,96.7,84.9,93.7,91.4,--,91.1,91.1,78.10000000000001,91.8,94,--,--,86.1,--,--,--,--,--,3.3,15.1,6.3,8.6,--,8.9,8.9,16.6,7.4,4.7,--,--,10.9,--,--,--,--,--,0,0,0,0,--,0,0,5.3,0.8,1.3,--,--,3
2007,Nordeste,CE,Total,Municipal,89.9,81.6,81.1,83.6,84,74.4,79.4,81.60000000000001,86.29999999999998,83.9,79.4,82.10000000000001,61.6,65.39999999999999,78.60000000000001,85.2,100,67.5,6.6,15,16,13.3,12.6,17.6,13,9.8,5.7,12.9,12.6,12.8,10.1,9.9,7.6,0,0,9.2,3.5,3.4,2.9,3.1,3.4,8,7.6,8.6,8,3.2,8,5.1,28.3,24.7,13.8,14.8,0,23.3
2007,Nordeste,CE,Total,Particular,95.39999999999999,96.6,97.4,97.2,97,93.80000000000003,93.5,93.6,93,96.79999999999998,93.5,95.5,89.3,93.6,97.4,100,100,93.4,3.4,2.5,2,2.3,2.5,5.6,6,5.9,6.3,2.5,5.9,3.8,9.7,5.5,2.1,0,0,5.8,1.2,0.9,0.6,0.5,0.5,0.6,0.5,0.5,0.7,0.7,0.6,0.7,1,0.9,0.5,0,0,0.8
2007,Nordeste,CE,Total,Publico,89.8,81.6,80.9,83.60000000000001,83.9,74.9,79.6,81.8,85.2,83.70000000000002,79.8,82,67.6,77.6,83,83,82.2,74.8,6.7,15,16.1,13.3,12.6,17.1,12.9,9.9,6.6,13,12.2,12.6,11.4,7.7,6.4,4.7,5.3,8.9,3.5,3.4,3,3.1,3.5,8,7.5,8.3,8.2,3.3,8,5.4,21,14.7,10.6,12.3,12.5,16.3
2007,Nordeste,CE,Total,Total,90.80000000000003,84,83.40000000000002,85.4,85.60000000000001,76.89999999999999,81.2,83.19999999999997,86.10000000000001,85.69999999999997,81.4,83.8,69.4,79.3,84.9,83.2,83,76.7,6.1,13,14,11.8,11.3,15.9,12.1,9.4,6.6,11.4,11.5,11.4,11.3,7.5,5.8,4.7,5.1,8.6,3.1,3,2.6,2.8,3.1,7.2,6.7,7.4,7.3,2.9,7.1,4.8,19.3,13.2,9.3,12.1,11.9,14.7
2007,Nordeste,CE,Urbana,Estadual,86,76.79999999999998,77.2,80,81.1,77.8,80.5,82.2,82.89999999999999,80.2,81.2,81.1,67.39999999999999,77.5,82.89999999999999,83,81.89999999999999,74.7,7.1,16.5,16,14.7,13.7,14.7,12.5,10.3,8.4,14.1,11.1,11.4,11.4,7.7,6.4,4.8,5.4,8.9,6.9,6.7,6.8,5.3,5.2,7.5,7,7.5,8.7,5.7,7.7,7.5,21.2,14.8,10.7,12.2,12.7,16.4
2007,Nordeste,CE,Urbana,Federal,--,--,--,--,--,96.7,84.9,93.7,91.4,--,91.1,91.1,86.7,93.10000000000001,95.5,--,--,91.1,--,--,--,--,--,3.3,15.1,6.3,8.6,--,8.9,8.9,10.5,6.1,3.4,--,--,7.2,--,--,--,--,--,0,0,0,0,--,0,0,2.8,0.8,1.1,--,--,1.7
2007,Nordeste,CE,Urbana,Municipal,90,80.9,80.2,83.10000000000001,83.3,72.1,76.89999999999999,79.6,84.5,83.2,77.1,80.7,61.6,65.39999999999999,78.60000000000001,85.2,100,67.5,5.9,15.1,16.4,13.6,13,18.7,14.4,11,6.6,13.1,13.8,13.4,10.1,9.9,7.6,0,0,9.2,4.1,4,3.4,3.3,3.7,9.2,8.7,9.4,8.9,3.7,9.1,5.9,28.3,24.7,13.8,14.8,0,23.3
2007,Nordeste,CE,Urbana,Particular,95.39999999999999,96.6,97.5,97.20000000000002,97.1,93.80000000000001,93.5,93.6,93,96.8,93.5,95.5,89.3,93.6,97.4,100,100,93.4,3.4,2.5,1.9,2.3,2.4,5.6,6,5.9,6.3,2.5,5.9,3.8,9.7,5.5,2.1,0,0,5.8,1.2,0.9,0.6,0.5,0.5,0.6,0.5,0.5,0.7,0.7,0.6,0.7,1,0.9,0.5,0,0,0.8
2007,Nordeste,CE,Urbana,Publico,90,80.90000000000002,80.1,83,83.10000000000001,73.2,77.89999999999999,80.6,83.8,83.2,78.39999999999999,80.90000000000002,67.5,77.6,83,83,82.2,74.79999999999998,5.9,15.1,16.4,13.6,13.1,17.9,13.9,10.7,7.4,13.1,12.9,13,11.4,7.7,6.4,4.7,5.3,8.9,4.1,4,3.5,3.4,3.8,8.9,8.2,8.7,8.8,3.7,8.7,6.1,21.1,14.7,10.6,12.3,12.5,16.3
2007,Nordeste,CE,Urbana,Total,91.3,84.4,83.59999999999998,85.8,85.70000000000002,76,80.10000000000001,82.5,85.2,86,80.6,83.39999999999999,69.4,79.3,84.90000000000002,83.2,83,76.7,5.3,12.3,13.5,11.4,11.1,16.2,12.8,10,7.2,10.9,11.9,11.4,11.2,7.5,5.8,4.7,5.1,8.6,3.4,3.3,2.9,2.8,3.2,7.8,7.1,7.5,7.6,3.1,7.5,5.2,19.4,13.2,9.3,12.1,11.9,14.7
2007,Nordeste,RN,Rural,Estadual,89.8,89,89,75.4,65.10000000000001,57.1,67.39999999999999,81.5,77.3,80.39999999999999,67.2,75.8,66.89999999999999,73.9,80.7,--,--,72.9,4.2,3.7,6.1,19.1,26.8,25.5,21.4,6.3,8.3,13.2,18.4,15,3.4,4.3,3.1,--,--,3.6,6,7.3,4.9,5.5,8.1,17.4,11.2,12.2,14.4,6.4,14.4,9.2,29.7,21.8,16.2,--,--,23.5
2007,Nordeste,RN,Rural,Federal,--,--,--,--,--,--,--,--,--,--,--,--,68.19999999999997,75,89.9,--,--,73,--,--,--,--,--,--,--,--,--,--,--,--,26.1,23.3,10.1,--,--,23.1,--,--,--,--,--,--,--,--,--,--,--,--,5.7,1.7,0,--,--,3.9
2007,Nordeste,RN,Rural,Municipal,88.7,86.5,83.3,74.69999999999997,72.70000000000002,54.699999999999974,66.59999999999998,76,83.5,80.69999999999997,66.5,76.9,58.8,67.70000000000002,77.4,--,--,65.39999999999999,6.5,9.2,12.8,21.1,22.2,32.1,21,12.1,6.1,14.9,21.2,16.6,4.5,5.1,3.2,--,--,4.4,4.8,4.3,3.9,4.2,5.1,13.2,12.4,11.9,10.4,4.4,12.3,6.5,36.7,27.2,19.4,--,--,30.2
2007,Nordeste,RN,Rural,Particular,96.2,95.6,99,90.80000000000003,91.3,96.2,82.8,96.6,100,94.5,94.3,94.5,--,--,--,--,--,--,3.8,4.4,1,6.6,6.8,3.8,17.2,3.4,0,4.5,5.7,4.8,--,--,--,--,--,--,0,0,0,2.6,1.9,0,0,0,0,1,0,0.7,--,--,--,--,--,--
2007,Nordeste,RN,Rural,Publico,88.8,86.79999999999998,83.90000000000002,74.80000000000003,72,55,66.8,76.69999999999997,82.69999999999999,80.7,66.60000000000001,76.80000000000003,64.3,72.10000000000001,80.7,--,--,70.5,6.3,8.7,12.1,20.9,22.6,31.2,21,11.4,6.4,14.7,20.8,16.4,8.3,6.6,3.7,--,--,6.7,4.9,4.5,4,4.3,5.4,13.8,12.2,11.9,10.9,4.6,12.6,6.8,27.4,21.3,15.6,--,--,22.8
2007,Nordeste,RN,Rural,Total,88.8,86.8,83.9,74.9,72.1,55.199999999999974,66.8,76.8,82.7,80.7,66.7,76.9,64.3,72.10000000000001,80.7,--,--,70.5,6.3,8.7,12.1,20.8,22.5,31.1,21,11.3,6.4,14.7,20.8,16.3,8.3,6.6,3.7,--,--,6.7,4.9,4.5,4,4.3,5.4,13.7,12.2,11.9,10.9,4.6,12.5,6.8,27.4,21.3,15.6,--,--,22.8
2007,Nordeste,RN,Total,Estadual,88.8,89.3,82.8,69.69999999999997,65.9,51.4,64,79,78.89999999999999,78,65.7,70.89999999999999,56.1,66.9,75.3,80.10000000000001,77.2,65,3.7,3.9,10.9,24.1,26.2,33.5,24,10.3,8.7,15,21.4,18.7,10,7.1,4.9,2.6,5.6,7.6,7.5,6.8,6.3,6.2,7.9,15.1,12,10.7,12.4,7,12.9,10.4,33.9,26,19.8,17.3,17.2,27.4
2007,Nordeste,RN,Total,Federal,--,--,--,--,--,--,--,--,--,--,--,--,79.5,84.5,92.4,--,90.3,84.1,--,--,--,--,--,--,--,--,--,--,--,--,18.3,14.9,7.3,--,8,14.5,--,--,--,--,--,--,--,--,--,--,--,--,2.2,0.6,0.3,--,1.7,1.4
2007,Nordeste,RN,Total,Municipal,91.2,89.20000000000002,84.19999999999999,77.10000000000001,72,53.800000000000026,65.10000000000001,76.29999999999998,80.6,82.2,65.3,75.7,57.6,69.7,69.1,--,60,63.30000000000001,4.5,6.7,11.9,19.1,23,33.9,23.3,13.4,8.7,13.6,23.2,17.3,6.7,6.2,4.2,--,16.7,6.1,4.3,4.1,3.9,3.8,5,12.3,11.6,10.3,10.7,4.2,11.5,7,35.7,24.1,26.7,--,23.3,30.6
2007,Nordeste,RN,Total,Particular,93.39999999999999,94.9,95.2,95.4,96.1,92.6,92.5,92.69999999999997,93.7,95.1,92.89999999999999,94.2,89,92.6,95.1,92.9,100,92.19999999999997,4.7,4,4.1,4,3.4,6.9,7.1,6.9,6.1,4,6.7,5.1,9.2,6,4,0,0,6.4,1.9,1.1,0.7,0.6,0.5,0.5,0.4,0.4,0.2,0.9,0.4,0.7,1.8,1.4,0.9,7.1,0,1.4
2007,Nordeste,RN,Total,Publico,90.60000000000001,89.20000000000002,83.80000000000003,75.2,70.2,52.8,64.60000000000001,77.5,79.7,81,65.5,74,56.599999999999994,67.2,75.3,80.10000000000001,78.6,65.2,4.3,6,11.6,20.4,24,33.7,23.6,12,8.7,14,22.4,17.8,10,7.2,4.9,2.6,6.2,7.7,5.1,4.8,4.6,4.4,5.8,13.5,11.8,10.5,11.6,5,12.1,8.2,33.4,25.6,19.8,17.3,15.2,27.1
2007,Nordeste,RN,Total,Total,91,90.2,85.4,78.1,73.3,56.4,67.89999999999999,79.7,81.8,83,68.8,76.69999999999997,59.7,70,77.9,80.3,79,68.29999999999998,4.4,5.6,10.6,18,21.5,31.3,21.7,11.3,8.3,12.6,20.5,16.1,9.9,7.1,4.8,2.6,6.1,7.5,4.6,4.2,4,3.9,5.2,12.3,10.4,9,9.9,4.4,10.7,7.2,30.4,22.9,17.3,17.1,14.9,24.2
2007,Nordeste,RN,Urbana,Estadual,88.59999999999998,89.3,82.1,69,65.89999999999999,51.19999999999999,63.9,78.9,78.89999999999999,77.7,65.60000000000001,70.5,55.9,66.8,75.20000000000002,80.10000000000001,77.2,64.9,3.7,3.9,11.4,24.8,26.2,33.9,24.1,10.5,8.7,15.3,21.6,19,10.1,7.2,4.9,2.6,5.6,7.7,7.7,6.8,6.5,6.2,7.9,14.9,12,10.6,12.4,7,12.8,10.5,34,26,19.9,17.3,17.2,27.4
2007,Nordeste,RN,Urbana,Federal,--,--,--,--,--,--,--,--,--,--,--,--,84.60000000000001,87.5,93,--,90.3,87.7,--,--,--,--,--,--,--,--,--,--,--,--,14.8,12.2,6.7,--,8,11.7,--,--,--,--,--,--,--,--,--,--,--,--,0.6,0.3,0.3,--,1.7,0.6
2007,Nordeste,RN,Urbana,Municipal,92.7,90.9,84.69999999999997,78.60000000000001,71.5,53.5,64.7,76.3,79.8,83,64.9,75.19999999999997,57.29999999999998,70.5,66.5,--,60,62.7,3.3,5.2,11.4,17.8,23.5,34.4,24,13.9,9.4,12.9,23.8,17.6,7.3,6.6,4.5,--,16.7,6.6,4,3.9,3.9,3.6,5,12.1,11.3,9.8,10.8,4.1,11.3,7.2,35.4,22.9,29,--,23.3,30.7
2007,Nordeste,RN,Urbana,Particular,93.39999999999999,94.9,95.2,95.4,96.2,92.6,92.6,92.69999999999997,93.7,95.1,92.89999999999999,94.2,89,92.6,95.1,92.9,100,92.19999999999997,4.7,4,4.1,4,3.3,6.9,7,6.9,6.1,4,6.7,5.1,9.2,6,4,0,0,6.4,1.9,1.1,0.7,0.6,0.5,0.5,0.4,0.4,0.2,0.9,0.4,0.7,1.8,1.4,0.9,7.1,0,1.4
2007,Nordeste,RN,Urbana,Publico,91.39999999999999,90.3,83.8,75.4,69.5,52.4,64.2,77.7,79.3,81.2,65.3,73.2,56.3,67.1,75.2,80.10000000000001,78.6,65.1,3.4,4.8,11.4,20.1,24.5,34.2,24.1,12.1,9,13.7,22.7,18.2,10.1,7.2,4.9,2.6,6.2,7.7,5.2,4.9,4.8,4.5,6,13.4,11.7,10.2,11.7,5.1,12,8.6,33.6,25.7,19.9,17.3,15.2,27.2
2007,Nordeste,RN,Urbana,Total,91.8,91.30000000000003,86,79.3,73.8,56.6,68,80.1,81.7,83.8,69.1,76.59999999999998,59.5,70,77.9,80.3,79,68.1,3.7,4.6,10,17,21.1,31.3,21.8,11.3,8.5,11.9,20.5,16.1,10,7.1,4.8,2.6,6.1,7.6,4.5,4.1,4,3.7,5.1,12.1,10.2,8.6,9.8,4.3,10.4,7.3,30.5,22.9,17.3,17.1,14.9,24.3
2007,Nordeste,PB,Rural,Estadual,81.39999999999999,73.5,75.2,78.10000000000001,79.4,62.1,75,77.5,85,77.3,73.1,75.8,67.6,74.3,79.80000000000003,--,--,72.70000000000002,11.4,18.3,15.7,12.3,11.6,20.8,11.3,7.9,4.1,14,12.4,13.5,9.4,9.6,7.6,--,--,9.1,7.2,8.2,9.1,9.6,9,17.1,13.7,14.6,10.9,8.7,14.5,10.7,23,16.1,12.6,--,--,18.2
2007,Nordeste,PB,Rural,Federal,--,--,--,--,--,--,--,--,--,--,--,--,89.8,89.1,100,--,--,91.6,--,--,--,--,--,--,--,--,--,--,--,--,0,0,0,--,--,0,--,--,--,--,--,--,--,--,--,--,--,--,10.2,10.9,0,--,--,8.4
2007,Nordeste,PB,Rural,Municipal,84,65.2,72.5,77.1,80.5,62.7,72.7,76.7,79.2,74.2,70.5,73.7,68.2,75.3,87.5,--,--,73,11.1,26,21,15.5,12.1,20,13.8,9.3,8,18.5,14.5,17.9,5.5,3.5,3.1,--,--,4.7,4.9,8.8,6.5,7.4,7.4,17.3,13.5,14,12.8,7.3,15,8.4,26.3,21.2,9.4,--,--,22.3
2007,Nordeste,PB,Rural,Particular,85.7,97.4,100,100,100,--,--,--,--,96.5,--,96.5,--,--,--,--,--,--,14.3,0,0,0,0,--,--,--,--,2.6,--,2.6,--,--,--,--,--,--,0,2.6,0,0,0,--,--,--,--,0.9,--,0.9,--,--,--,--,--,--
2007,Nordeste,PB,Rural,Publico,83.8,65.70000000000002,72.69999999999997,77.1,80.5,62.6,73.10000000000001,76.8,80.7,74.5,71.1,73.89999999999999,69.4,75.8,82.10000000000001,--,--,74.4,11.1,25.5,20.6,15.3,12,20.1,13.3,9,7,18.1,14,17.4,8,8.1,6.6,--,--,7.7,5.1,8.8,6.7,7.6,7.5,17.3,13.6,14.2,12.3,7.4,14.9,8.7,22.6,16.1,11.3,--,--,17.9
2007,Nordeste,PB,Rural,Total,83.8,65.80000000000003,72.69999999999997,77.2,80.5,62.6,73.10000000000001,76.8,80.7,74.5,71.1,73.89999999999999,69.4,75.8,82.10000000000001,--,--,74.4,11.1,25.4,20.6,15.2,12,20.1,13.3,9,7,18.1,14,17.4,8,8.1,6.6,--,--,7.7,5.1,8.8,6.7,7.6,7.5,17.3,13.6,14.2,12.3,7.4,14.9,8.7,22.6,16.1,11.3,--,--,17.9
2007,Nordeste,PB,Total,Estadual,81.3,73.10000000000001,76.8,80.5,82.5,57.6,67.90000000000002,71.89999999999999,75.1,78.6,67,71.90000000000002,62.8,74.10000000000001,81.79999999999998,91,56.599999999999994,71.2,7.9,16.1,14.5,11.7,9.7,21.6,15.3,12.7,9,12.3,15.4,14.1,11.2,7.6,4.7,1.9,12.4,8.4,10.8,10.8,8.7,7.8,7.8,20.8,16.8,15.4,15.9,9.1,17.6,14,26,18.3,13.5,7.1,31,20.4
2007,Nordeste,PB,Total,Federal,--,--,--,--,--,--,--,--,--,--,--,--,81.4,87.40000000000002,85.5,--,--,84.60000000000001,--,--,--,--,--,--,--,--,--,--,--,--,13.5,9,12.9,--,--,11.8,--,--,--,--,--,--,--,--,--,--,--,--,5.1,3.6,1.6,--,--,3.6
2007,Nordeste,PB,Total,Municipal,84.39999999999999,65.59999999999998,70.7,76.8,78.10000000000001,59,68.8,74.4,79.1,73.8,68,71.7,66.5,79,89.79999999999998,93.9,--,75.5,9.2,24.5,21.5,15.4,13.3,22.1,16.1,11.6,8,17.9,16.1,17.3,10.1,7.7,3.2,0,--,7.8,6.4,9.9,7.8,7.8,8.6,18.9,15.1,14,12.9,8.3,15.9,11,23.4,13.3,7,6.1,--,16.7
2007,Nordeste,PB,Total,Particular,95.5,97,97.7,97.5,97.5,95.1,93.69999999999999,93.69999999999997,92.7,97.2,93.70000000000002,95.6,90.1,93.30000000000003,96.3,96.8,--,92.9,3.8,2.3,1.8,1.9,1.9,4.4,5.9,5.9,6.8,2.2,5.8,3.8,8.7,5.6,2.9,0,--,6,0.7,0.7,0.5,0.6,0.6,0.5,0.4,0.4,0.5,0.6,0.5,0.6,1.2,1.1,0.8,3.2,--,1.1
2007,Nordeste,PB,Total,Publico,83.5,67.30000000000001,72.2,77.70000000000002,79.3,58.4,68.39999999999999,73.2,76.9,75,67.5,71.8,63.2,74.60000000000001,82.29999999999998,91.3,56.599999999999994,71.59999999999998,8.8,22.6,19.8,14.5,12.3,21.9,15.7,12.1,8.6,16.5,15.8,16.2,11.1,7.6,4.7,1.7,12.4,8.4,7.7,10.1,8,7.8,8.4,19.7,15.9,14.7,14.5,8.5,16.7,12,25.7,17.8,13,7,31,20
2007,Nordeste,PB,Total,Total,84,68.59999999999998,73.3,78.59999999999998,80.1,59.7,69.5,74.3,77.8,76,68.79999999999998,72.9,64.5,75.7,83.2,91.60000000000001,56.599999999999994,72.80000000000001,8.6,21.7,19,13.9,11.9,21.3,15.3,11.8,8.5,15.9,15.3,15.6,11,7.5,4.6,1.6,12.4,8.3,7.4,9.7,7.7,7.5,8,19,15.2,13.9,13.7,8.1,15.9,11.5,24.5,16.8,12.2,6.8,31,18.9
2007,Nordeste,PB,Urbana,Estadual,81.3,73,77.10000000000001,80.9,82.8,57.30000000000001,67.5,71.69999999999997,74.7,78.80000000000001,66.8,71.5,62.7,74.10000000000001,81.8,91,56.599999999999994,71.2,7.5,15.9,14.3,11.6,9.5,21.7,15.5,12.9,9.2,12.1,15.5,14.2,11.2,7.6,4.7,1.9,12.4,8.4,11.2,11.1,8.6,7.5,7.7,21,17,15.4,16.1,9.1,17.7,14.3,26.1,18.3,13.5,7.1,31,20.4
2007,Nordeste,PB,Urbana,Federal,--,--,--,--,--,--,--,--,--,--,--,--,79.39999999999999,86.89999999999999,83.19999999999997,--,--,82.9,--,--,--,--,--,--,--,--,--,--,--,--,16.7,11.4,14.9,--,--,14.5,--,--,--,--,--,--,--,--,--,--,--,--,3.9,1.7,1.9,--,--,2.6
2007,Nordeste,PB,Urbana,Municipal,84.7,66.1,69.4,76.5,76.5,58.4,68.30000000000003,74.1,79.1,73.4,67.5,70.9,66.4,79.10000000000001,89.70000000000002,93.9,--,75.7,8,23.2,21.8,15.4,14.1,22.5,16.4,11.9,8,17.6,16.4,17,10.4,7.8,3.3,0,--,7.9,7.3,10.7,8.8,8.1,9.4,19.1,15.3,14,12.9,9,16.1,12.1,23.2,13.1,7,6.1,--,16.4
2007,Nordeste,PB,Urbana,Particular,95.5,97,97.7,97.5,97.5,95.1,93.69999999999999,93.69999999999997,92.7,97.2,93.70000000000002,95.6,90.1,93.30000000000003,96.3,96.8,--,92.9,3.7,2.3,1.8,1.9,1.9,4.4,5.9,5.9,6.8,2.2,5.8,3.8,8.7,5.6,2.9,0,--,6,0.8,0.7,0.5,0.6,0.6,0.5,0.4,0.4,0.5,0.6,0.5,0.6,1.2,1.1,0.8,3.2,--,1.1
2007,Nordeste,PB,Urbana,Publico,83.4,68.30000000000003,71.89999999999999,78,78.7,57.9,67.9,72.9,76.6,75.3,67.1,71.2,63.1,74.60000000000001,82.2,91.3,56.599999999999994,71.6,7.8,20.9,19.4,14.1,12.5,22.1,16,12.4,8.7,15.7,16,15.8,11.2,7.6,4.7,1.7,12.4,8.4,8.8,10.8,8.7,7.9,8.8,20,16.1,14.7,14.7,9,16.9,13,25.7,17.8,13.1,7,31,20
2007,Nordeste,PB,Urbana,Total,84.1,70.29999999999998,73.6,79.4,80,59.4,69.09999999999998,74.1,77.6,76.7,68.6,72.60000000000001,64.4,75.7,83.2,91.60000000000001,56.599999999999994,72.8,7.6,19.6,18.2,13.2,11.8,21.4,15.5,12,8.6,14.8,15.4,15.1,11.1,7.5,4.6,1.6,12.4,8.3,8.3,10.1,8.2,7.4,8.2,19.2,15.4,13.9,13.8,8.5,16,12.3,24.5,16.8,12.2,6.8,31,18.9
2007,Nordeste,PE,Rural,Estadual,92.6,70.10000000000001,62.6,88.1,75.3,62.800000000000026,66.6,72.4,69.60000000000001,75.5,67.09999999999998,70,65,68.2,74,83.30000000000003,88.89999999999999,68.8,0.7,22.6,31,6.5,19.2,23.9,19.9,15.6,15.8,18.4,19.5,19.1,8.8,8.5,8.2,7.1,3.7,8.5,6.7,7.3,6.4,5.4,5.5,13.3,13.5,12,14.6,6.1,13.4,10.9,26.2,23.3,17.8,9.6,7.4,22.7
2007,Nordeste,PE,Rural,Federal,--,--,--,--,--,--,--,--,--,--,--,--,80.80000000000003,85.3,95.9,--,--,86,--,--,--,--,--,--,--,--,--,--,--,--,14.1,13.9,4.1,--,--,11.5,--,--,--,--,--,--,--,--,--,--,--,--,5.1,0.8,0,--,--,2.5
2007,Nordeste,PE,Rural,Municipal,89.7,65.69999999999997,71,76.9,80.4,65,72.7,78.9,80.7,74,72.6,73.6,64.6,80.7,87.9,96.1,--,75.8,5.4,26.1,23.5,17.3,13.6,20.5,14.7,9.3,7.8,19.7,14.5,18.5,8.8,4.5,2.9,0,--,5.8,4.9,8.2,5.5,5.8,6,14.5,12.6,11.8,11.5,6.3,12.9,7.9,26.6,14.8,9.2,3.9,--,18.4
2007,Nordeste,PE,Rural,Particular,--,42.59999999999998,81.4,85.2,83.8,76.5,83.3,92.5,94.1,66.3,85.5,68.60000000000001,83.7,95.7,100,--,--,89.4,--,50.2,14.6,11.7,12.5,21,13.9,4.5,3.9,28.6,11.9,26.6,14.5,4.3,0,--,--,9.5,--,7.2,4,3.1,3.7,2.5,2.8,3,2,5.1,2.6,4.8,1.8,0,0,--,--,1.1
2007,Nordeste,PE,Rural,Publico,90,65.8,70.4,77.60000000000001,80,64.2,70.8,76.8,76.6,74,70.80000000000001,73.10000000000001,65.39999999999999,69.7,75.3,87.5,88.89999999999999,69.8,4.9,26,24,16.6,14.1,21.6,16.3,11.3,10.7,19.7,16.1,18.6,8.9,8.3,7.8,4.8,3.7,8.3,5.1,8.2,5.6,5.8,5.9,14.2,12.9,11.9,12.7,6.3,13.1,8.3,25.7,22,16.9,7.7,7.4,21.9
2007,Nordeste,PE,Rural,Total,90,65.5,70.4,77.7,80,64.40000000000002,70.90000000000002,76.8,76.7,74,70.9,73,65.5,69.8,75.30000000000001,87.5,88.89999999999999,69.90000000000002,4.9,26.3,24,16.5,14.1,21.5,16.3,11.3,10.7,19.7,16.1,18.7,8.9,8.2,7.8,4.8,3.7,8.3,5.1,8.2,5.6,5.8,5.9,14.1,12.8,11.9,12.6,6.3,13,8.3,25.6,22,16.9,7.7,7.4,21.8
2007,Nordeste,PE,Total,Estadual,91.8,78.8,67.7,93,77.5,57.6,64.7,69.20000000000002,63.8,80,63.40000000000002,66.89999999999999,60.8,69.6,74,90.39999999999999,81.3,67.8,0.7,14.4,26.5,2.4,17,24.5,18.3,14.4,16.1,14.3,18.8,17.9,9,7.9,7.9,2.4,0.7,8.2,7.5,6.8,5.8,4.6,5.5,17.9,17,16.4,20.1,5.7,17.8,15.2,30.2,22.5,18.1,7.2,18,24
2007,Nordeste,PE,Total,Federal,--,--,--,--,--,97.7,96,96.9,98.4,--,97.2,97.2,84.7,89.2,94.70000000000002,--,70.3,88,--,--,--,--,--,2.3,4,3.1,1.6,--,2.8,2.8,10.2,7.2,4.1,--,22.8,8.4,--,--,--,--,--,0,0,0,0,--,0,0,5.1,3.6,1.2,--,6.9,3.6
2007,Nordeste,PE,Total,Municipal,90.1,70.3,72.1,80,81.39999999999999,62,66.39999999999999,75.60000000000001,75.1,76.7,68.29999999999998,74.10000000000001,62.20000000000002,75.2,82.9,92.2,100,72.5,4,21,22.5,14.5,12.7,20.9,17.9,10.6,9.4,16.9,16,16.6,8.4,6.3,4.8,1.8,0,6.6,5.9,8.7,5.4,5.5,5.9,17.1,15.7,13.8,15.5,6.4,15.7,9.3,29.4,18.5,12.3,6,0,20.9
2007,Nordeste,PE,Total,Particular,97.39999999999999,93.60000000000001,96.6,96.8,96.9,94.5,93.6,93.8,92.7,96,93.7,94.9,90.4,93.60000000000001,97.3,100,--,93.5,2.2,5.3,2.8,2.7,2.8,5,5.9,5.7,6.8,3.4,5.8,4.5,8.7,5.6,2.2,0,--,5.7,0.4,1.1,0.6,0.5,0.3,0.5,0.5,0.5,0.5,0.6,0.5,0.6,0.9,0.8,0.5,0,--,0.8
2007,Nordeste,PE,Total,Publico,90.39999999999999,70.60000000000001,71.5,81.69999999999999,80.60000000000001,59.80000000000001,65.60000000000001,72.1,68.2,77.10000000000001,65.7,71.8,61,70,74.69999999999999,90.7,80.7,68.20000000000002,3.4,20.8,23,12.9,13.6,22.7,18.1,12.7,13.5,16.6,17.5,17,9,7.8,7.7,2.3,2,8.1,6.2,8.6,5.5,5.4,5.8,17.5,16.3,15.2,18.3,6.3,16.8,11.2,30,22.2,17.6,7,17.3,23.7
2007,Nordeste,PE,Total,Total,90.6,72.7,73.5,82.9,82,62,67.6,74,70.3,78.6,67.79999999999998,73.5,63.099999999999994,71.9,76.5,90.7,80.7,70.1,3.4,19.4,21.4,12.1,12.7,21.6,17.2,12.1,12.9,15.5,16.6,16.1,8.9,7.7,7.3,2.3,2,7.9,6,7.9,5.1,5,5.3,16.4,15.2,13.9,16.8,5.9,15.6,10.4,28,20.4,16.2,7,17.3,22
2007,Nordeste,PE,Urbana,Estadual,91.59999999999998,84.19999999999997,68.89999999999999,94.1,78,57,64.4,69,63.2,81,62.9,66.5,60.4,69.6,74,90.7,81.2,67.7,0.7,9.4,25.4,1.5,16.5,24.6,18.2,14.2,16.2,13.4,18.8,17.7,9,7.9,7.9,2.2,0.7,8.1,7.7,6.4,5.7,4.4,5.5,18.4,17.4,16.8,20.6,5.6,18.3,15.8,30.6,22.5,18.1,7.1,18.1,24.2
2007,Nordeste,PE,Urbana,Federal,--,--,--,--,--,97.7,96,96.9,98.4,--,97.2,97.2,88.2,91,94.20000000000002,--,70.3,89,--,--,--,--,--,2.3,4,3.1,1.6,--,2.8,2.8,6.6,4,4.1,--,22.8,6.8,--,--,--,--,--,0,0,0,0,--,0,0,5.2,5,1.7,--,6.9,4.2
2007,Nordeste,PE,Urbana,Municipal,90.3,73.4,72.8,81.9,82,61.1,64.5,74.6,73.3,78.3,66.7,74.2,61.9,74.3,82.30000000000003,91.6,100,72,3.4,17.6,21.8,12.8,12.2,21,18.9,11,9.9,15.2,16.6,15.7,8.3,6.6,5.1,2.1,0,6.7,6.3,9,5.4,5.3,5.8,17.9,16.6,14.4,16.8,6.5,16.7,10.1,29.8,19.1,12.6,6.3,0,21.3
2007,Nordeste,PE,Urbana,Particular,97.39999999999999,96.39999999999999,97,97.19999999999997,97.3,94.6,93.6,93.89999999999999,92.7,97,93.7,95.5,90.39999999999999,93.60000000000001,97.3,100,--,93.5,2.2,2.9,2.5,2.4,2.5,4.9,5.9,5.7,6.8,2.6,5.8,4,8.7,5.6,2.2,0,--,5.7,0.4,0.7,0.5,0.4,0.2,0.5,0.5,0.4,0.5,0.4,0.5,0.5,0.9,0.8,0.5,0,--,0.8
2007,Nordeste,PE,Urbana,Publico,90.5,73.7,72,84,80.9,58.9,64.5,71.19999999999997,66.7,78.8,64.6,71.30000000000003,60.6,70,74.6,90.8,80.6,68.1,2.9,17.4,22.5,10.8,13.3,22.9,18.5,12.9,14,14.9,17.8,16.4,9,7.8,7.7,2.2,2,8,6.6,8.9,5.5,5.2,5.8,18.2,17,15.9,19.3,6.3,17.6,12.3,30.4,22.2,17.7,7,17.4,23.9
2007,Nordeste,PE,Urbana,Total,90.7,76.8,74.89999999999999,85.60000000000001,82.9,61.6,67,73.5,69.3,80.9,67.1,73.7,62.8,72.10000000000001,76.7,91,80.6,70.2,2.9,15.4,20.2,9.8,12,21.6,17.4,12.2,13.3,13.5,16.8,15.2,8.9,7.6,7.2,2.1,2,7.8,6.4,7.8,4.9,4.6,5.1,16.8,15.6,14.3,17.4,5.6,16.1,11.1,28.3,20.3,16.1,6.9,17.4,22
2007,Nordeste,AL,Rural,Estadual,90.19999999999997,89.7,74.69999999999997,88.9,78.2,59.6,68.1,74.2,76.6,83.6,69.5,76.8,62.3,74.7,79.8,--,--,70.1,0.9,3.3,19.6,6.3,15,21.7,16.9,10.3,8.9,10,14.6,12.2,13.4,6.8,4.3,--,--,9.3,8.9,7,5.7,4.8,6.8,18.7,15,15.5,14.5,6.4,15.9,11,24.3,18.5,15.9,--,--,20.6
2007,Nordeste,AL,Rural,Municipal,86.6,67.5,70.39999999999999,72.9,76.5,60.999999999999986,68.9,70.5,76.5,72.59999999999998,67.3,71.4,67.6,76.7,92.5,--,--,76.5,7,22.4,22.9,20,16.5,21.8,15.8,13.2,8.8,19.7,16.6,19,8.5,4.2,2.8,--,--,5.5,6.4,10.1,6.7,7.1,7,17.2,15.3,16.3,14.7,7.7,16.1,9.6,23.9,19.1,4.7,--,--,18
2007,Nordeste,AL,Rural,Particular,98.5,91.8,96.6,88.1,94.2,61.3,68.6,72.7,87.5,93.2,71.4,90.6,--,--,--,--,--,--,1.5,7.7,2.9,11.9,5.8,38.7,31.4,27.3,12.5,6.6,28.6,9.2,--,--,--,--,--,--,0,0.5,0.5,0,0,0,0,0,0,0.2,0,0.2,--,--,--,--,--,--
2007,Nordeste,AL,Rural,Publico,86.7,68,70.60000000000001,73.4,76.5,61,68.8,70.89999999999999,76.5,73,67.5,71.7,62.9,75.1,81.30000000000001,--,--,71,6.7,22,22.8,19.6,16.5,21.8,15.9,12.9,8.8,19.4,16.4,18.7,12.9,6.3,4.1,--,--,8.8,6.6,10,6.6,7,7,17.2,15.3,16.2,14.7,7.6,16.1,9.6,24.2,18.6,14.6,--,--,20.2
2007,Nordeste,AL,Rural,Total,86.8,68.1,70.7,73.4,76.6,61,68.9,70.89999999999999,76.5,73.10000000000001,67.5,71.8,62.9,75.1,81.30000000000001,--,--,71,6.7,21.9,22.7,19.6,16.4,21.8,15.9,12.9,8.9,19.3,16.4,18.6,12.9,6.3,4.1,--,--,8.8,6.5,10,6.6,7,7,17.2,15.2,16.2,14.6,7.6,16.1,9.6,24.2,18.6,14.6,--,--,20.2
2007,Nordeste,AL,Total,Estadual,84.1,79.79999999999998,72.4,81.6,82.3,61.8,66.8,69.9,72.1,79.5,67.2,71.60000000000001,60.5,70.5,79.39999999999999,85.8,80.9,68.8,3,5.8,17.6,9.4,9.7,18.8,14.5,11.3,9.5,10.2,13.9,12.6,10.6,7.1,5.7,2.4,0.6,8.1,12.9,14.4,10,9,8,19.4,18.7,18.8,18.4,10.3,18.9,15.8,28.9,22.4,14.9,11.8,18.5,23.1
2007,Nordeste,AL,Total,Federal,--,--,--,--,--,--,--,--,--,--,--,--,78,85.4,90.8,--,--,83.6,--,--,--,--,--,--,--,--,--,--,--,--,20.5,14,8,--,--,15.2,--,--,--,--,--,--,--,--,--,--,--,--,1.5,0.6,1.2,--,--,1.2
2007,Nordeste,AL,Total,Municipal,88.9,71.2,72.5,75.7,79.10000000000001,58.9,64.6,67.2,73.10000000000001,75.4,64.4,71.39999999999999,60.4,68,82.5,93.7,--,67.4,4.6,18.8,20.9,17.7,14.3,20.6,16.2,13.2,8.6,17.1,16,16.7,13,11.8,5.9,0,--,11.1,6.5,10,6.6,6.6,6.6,20.5,19.2,19.6,18.3,7.5,19.6,11.9,26.6,20.2,11.6,6.3,--,21.5
2007,Nordeste,AL,Total,Particular,93.10000000000001,95.5,97.5,96.4,97.4,93.3,93,92.8,92.39999999999999,96.39999999999999,92.9,94.7,85.7,91.2,94.3,97.3,--,90.19999999999997,1.8,3,1.7,2.8,2.1,5.7,6,6.1,6.4,2.4,6,4.2,11.3,6.3,4.1,1.8,--,7.4,5.1,1.5,0.8,0.8,0.5,1,1,1.1,1.2,1.2,1.1,1.1,3,2.5,1.6,0.9,--,2.4
2007,Nordeste,AL,Total,Publico,88.29999999999998,72,72.5,76.5,79.60000000000001,59.59999999999998,65.29999999999998,68,72.7,75.9,65.20000000000002,71.39999999999999,60.9,70.60000000000001,79.9,86.9,80.9,69,4.4,17.6,20.5,16.6,13.6,20.2,15.7,12.6,8.9,16.3,15.4,15.9,11,7.6,5.7,2.1,0.6,8.5,7.3,10.4,7,6.9,6.8,20.2,19,19.4,18.4,7.8,19.4,12.7,28.1,21.8,14.4,11,18.5,22.5
2007,Nordeste,AL,Total,Total,88.5,73.1,73.8,77.5,80.59999999999998,61.6,67.10000000000001,70.1,74.6,77.1,67.2,72.8,63.79999999999998,73.1,82,88.6,80.9,71.7,4.3,16.9,19.5,15.9,12.9,19.3,15.1,12,8.7,15.5,14.7,15.2,11,7.5,5.5,2,0.6,8.4,7.2,10,6.7,6.6,6.5,19.1,17.8,17.9,16.7,7.4,18.1,12,25.2,19.4,12.5,9.4,18.5,19.9
2007,Nordeste,AL,Urbana,Estadual,83.10000000000001,78.7,72.09999999999998,80.89999999999999,82.7,61.9,66.7,69.59999999999998,71.8,79.1,67.1,71.29999999999998,60.5,70.40000000000002,79.39999999999999,85.8,80.9,68.7,3.3,6.1,17.5,9.7,9.1,18.7,14.4,11.4,9.6,10.2,13.9,12.6,10.4,7.1,5.7,2.4,0.6,8.1,13.6,15.2,10.4,9.4,8.2,19.4,18.9,19,18.6,10.7,19,16.1,29.1,22.5,14.9,11.8,18.5,23.2
2007,Nordeste,AL,Urbana,Federal,--,--,--,--,--,--,--,--,--,--,--,--,78,85.4,90.8,--,--,83.6,--,--,--,--,--,--,--,--,--,--,--,--,20.5,14,8,--,--,15.2,--,--,--,--,--,--,--,--,--,--,--,--,1.5,0.6,1.2,--,--,1.2
2007,Nordeste,AL,Urbana,Municipal,90.7,73.8,74,77.7,81,58.3,63.4,66.4,72.3,77.5,63.69999999999999,71.3,60,67.10000000000001,81.60000000000001,93.7,--,66.8,2.8,16.2,19.4,16,12.7,20.3,16.4,13.1,8.5,15.2,15.8,15.5,13.3,12.6,6.1,0,--,11.5,6.5,10,6.6,6.3,6.3,21.4,20.2,20.5,19.2,7.3,20.5,13.2,26.7,20.3,12.3,6.3,--,21.7
2007,Nordeste,AL,Urbana,Particular,92.8,95.6,97.5,96.7,97.5,93.6,93.2,92.80000000000003,92.39999999999999,96.59999999999998,93,94.80000000000003,85.7,91.2,94.3,97.3,--,90.19999999999997,1.8,2.8,1.7,2.4,1.9,5.4,5.8,6.1,6.4,2.2,5.9,4.1,11.3,6.3,4.1,1.8,--,7.4,5.4,1.6,0.8,0.9,0.6,1,1,1.1,1.2,1.2,1.1,1.1,3,2.5,1.6,0.9,--,2.4
2007,Nordeste,AL,Urbana,Publico,89.19999999999997,74.5,73.69999999999997,78.3,81.39999999999999,59.4,64.5,67.6,72.19999999999999,77.8,64.8,71.3,60.8,70.4,79.8,86.9,80.9,68.9,2.9,14.8,19.1,14.8,11.9,19.8,15.7,12.5,8.9,14.3,15.2,14.7,10.9,7.7,5.8,2.1,0.6,8.5,7.9,10.7,7.2,6.9,6.7,20.8,19.8,19.9,18.9,7.9,20,14,28.3,21.9,14.4,11,18.5,22.6
2007,Nordeste,AL,Urbana,Total,89.39999999999999,76.2,75.6,79.8,82.8,61.7,66.79999999999998,69.89999999999999,74.3,79.2,67.2,73.19999999999997,63.70000000000002,73.1,82.1,88.6,80.9,71.79999999999998,2.9,13.8,17.7,13.8,11,18.8,14.9,11.9,8.7,13.4,14.4,13.9,11,7.5,5.5,2,0.6,8.3,7.7,10,6.7,6.4,6.2,19.5,18.3,18.2,17,7.4,18.4,12.9,25.3,19.4,12.4,9.4,18.5,19.9
2007,Nordeste,SE,Rural,Estadual,97,70.4,78,79.4,85.9,66.9,78,85.3,88,79.6,77.8,78.8,64.6,74.4,85.8,65.5,--,72.5,3,25,18.9,16.5,10.1,24,15.8,5.2,5.8,16.7,14.3,15.7,9.4,6.3,3.9,7.3,--,7.1,0,4.6,3.1,4.1,4,9.1,6.2,9.5,6.2,3.7,7.9,5.5,26,19.3,10.3,27.2,--,20.4
2007,Nordeste,SE,Rural,Federal,--,--,--,--,--,--,--,--,--,--,--,--,88.9,93.9,94.4,--,--,92.40000000000002,--,--,--,--,--,--,--,--,--,--,--,--,7.8,4.9,5.6,--,--,6.1,--,--,--,--,--,--,--,--,--,--,--,--,3.3,1.2,0,--,--,1.5
2007,Nordeste,SE,Rural,Municipal,87.4,59.6,70.2,73.5,78.2,59.90000000000002,69.7,77,81.29999999999998,70.10000000000001,68.8,69.7,88.7,92.7,100,--,--,90.6,6.8,35.5,25.7,22.1,16.7,27.9,19,12.7,8.5,25.3,19.9,23.9,10.5,0,0,--,--,7.3,5.8,4.9,4.1,4.4,5.1,12.2,11.3,10.3,10.2,4.6,11.3,6.4,0.8,7.3,0,--,--,2.1
2007,Nordeste,SE,Rural,Particular,--,96.1,88.8,91.3,95.4,79.6,85.60000000000001,93.7,80.3,92.5,84.30000000000001,89.1,93.70000000000002,87.5,85.7,--,--,89.3,--,3.9,10.5,8.7,4.6,19.4,13.6,6.3,19.7,7.3,15.1,10.5,6.3,12.5,14.3,--,--,10.7,--,0,0.7,0,0,1,0.8,0,0,0.2,0.6,0.4,0,0,0,--,--,0
2007,Nordeste,SE,Rural,Publico,88.1,60,70.6,73.8,78.7,60.4,70.5,77.89999999999999,82,70.5,69.6,70.30000000000003,68.89999999999999,77.8,87.2,65.5,--,75.6,6.5,35.1,25.4,21.8,16.3,27.6,18.7,11.9,8.2,24.9,19.4,23.4,9.4,5.7,4,7.3,--,7,5.4,4.9,4,4.4,5,12,10.8,10.2,9.8,4.6,11,6.3,21.7,16.5,8.8,27.2,--,17.4
2007,Nordeste,SE,Rural,Total,88.1,60.3,70.7,74,78.70000000000002,60.499999999999986,70.69999999999997,78.10000000000001,82,70.6,69.8,70.4,69.6,78.1,87.19999999999997,65.5,--,76,6.5,34.9,25.3,21.7,16.3,27.6,18.6,11.8,8.4,24.8,19.3,23.3,9.3,6,4.4,7.3,--,7.1,5.4,4.8,4,4.3,5,11.9,10.7,10.1,9.6,4.6,10.9,6.3,21.1,15.9,8.4,27.2,--,16.9
2007,Nordeste,SE,Total,Estadual,87.4,66.7,76.39999999999999,80.5,80.5,59.3,68.1,75.19999999999997,76.20000000000002,77.1,68.3,72.29999999999998,57.3,72.1,79.4,90.1,90.6,68.3,5.5,26.7,19.7,15.4,14.7,29.2,23.2,14.9,12,17.9,21.2,19.7,14.6,9,6.6,1.4,0,10.5,7.1,6.6,3.9,4.1,4.8,11.5,8.7,9.9,11.8,5,10.5,8,28.1,18.9,14,8.5,9.4,21.2
2007,Nordeste,SE,Total,Federal,--,--,--,--,--,95.3,76.4,68.9,78.3,--,79.5,79.5,74,88.3,90.7,--,--,83.39999999999999,--,--,--,--,--,4.7,23.6,31.1,21.7,--,20.5,20.5,21.2,10.2,9.3,--,--,14.2,--,--,--,--,--,0,0,0,0,--,0,0,4.8,1.5,0,--,--,2.4
2007,Nordeste,SE,Total,Municipal,88,60.1,69.7,73.39999999999999,76.79999999999998,55,66.7,74.5,75.8,70,64.7,68.20000000000002,74.5,78.5,84.5,84.9,--,78.7,5.1,33,25.5,21.2,16.8,31.1,21.5,14.8,12.7,24,22.9,23.7,12.1,10.1,8.1,9.6,--,10.3,6.9,6.9,4.8,5.4,6.4,13.9,11.8,10.7,11.5,6,12.4,8.1,13.4,11.4,7.4,5.5,--,11
2007,Nordeste,SE,Total,Particular,98.4,96.10000000000001,96.8,97.1,96.3,90.4,90,92.9,92,96.69999999999997,91.3,94.3,85.69999999999997,92.4,95,98.4,100,91,1,3.3,2.8,2.5,3.4,9.3,9.6,6.8,7.3,2.9,8.3,5.3,12.9,6.5,4.4,1.6,0,8,0.6,0.6,0.4,0.4,0.3,0.3,0.4,0.3,0.7,0.4,0.4,0.4,1.4,1.1,0.6,0,0,1
2007,Nordeste,SE,Total,Publico,87.7,61.6,71.5,75.4,78,57.000000000000014,67.4,74.8,76.10000000000001,72,66.5,69.79999999999998,58,72.7,79.7,90,90.6,68.9,5.3,31.6,24,19.6,16.1,30.2,22.3,14.9,12.3,22.3,22.1,22.2,14.7,9,6.7,1.6,0,10.5,7,6.8,4.5,5,5.9,12.8,10.3,10.3,11.6,5.7,11.4,8,27.3,18.3,13.6,8.4,9.4,20.6
2007,Nordeste,SE,Total,Total,88.9,64.79999999999998,74,77.6,79.9,59.800000000000026,69.8,77.09999999999998,78.4,74.39999999999999,69.19999999999997,72.3,60.7,75.1,81.89999999999999,90.2,94,71.5,4.8,29,21.9,17.9,14.8,28.4,21,13.9,11.6,20.4,20.6,20.5,14.5,8.7,6.4,1.6,0,10.2,6.3,6.2,4.1,4.5,5.3,11.8,9.2,9,10,5.2,10.2,7.2,24.8,16.2,11.7,8.2,6,18.3
2007,Nordeste,SE,Urbana,Estadual,86.8,66.3,76.3,80.5,80.1,59.000000000000014,67.7,74.69999999999997,75.8,77,67.9,71.8,57.1,72.1,79.1,91.60000000000001,90.6,68.2,5.7,26.9,19.7,15.4,15,29.4,23.5,15.4,12.2,17.9,21.5,20,14.8,9,6.7,1.1,0,10.6,7.5,6.8,4,4.1,4.9,11.6,8.8,9.9,12,5.1,10.6,8.2,28.1,18.9,14.2,7.3,9.4,21.2
2007,Nordeste,SE,Urbana,Federal,--,--,--,--,--,95.3,76.4,68.9,78.3,--,79.5,79.5,71,87.10000000000001,89.6,--,--,81.3,--,--,--,--,--,4.7,23.6,31.1,21.7,--,20.5,20.5,23.9,11.3,10.4,--,--,16.1,--,--,--,--,--,0,0,0,0,--,0,0,5.1,1.6,0,--,--,2.6
2007,Nordeste,SE,Urbana,Municipal,88.5,60.7,69.2,73.2,75.30000000000003,52.2,64.9,72.9,72.4,70,62.3,67.1,71,77.6,83.89999999999999,84.9,--,77.3,3.8,30.2,25.3,20.3,16.9,32.9,23,16.1,15.3,22.7,24.7,23.4,12.5,10.7,8.4,9.6,--,10.7,7.7,9.1,5.5,6.5,7.8,14.9,12.1,11,12.3,7.3,13,9.5,16.5,11.7,7.7,5.5,--,12
2007,Nordeste,SE,Urbana,Particular,98.4,96,97,97.2,96.40000000000002,90.7,90.1,92.9,92.2,96.8,91.39999999999999,94.5,85.69999999999999,92.5,95,98.4,100,91,1,3.3,2.6,2.4,3.3,9.1,9.5,6.8,7.1,2.8,8.2,5.1,12.9,6.4,4.4,1.6,0,8,0.6,0.7,0.4,0.4,0.3,0.2,0.4,0.3,0.7,0.4,0.4,0.4,1.4,1.1,0.6,0,0,1
2007,Nordeste,SE,Urbana,Publico,87.60000000000001,62.79999999999998,72,76.3,77.6,55.9,66.60000000000001,74,74.79999999999998,72.89999999999999,65.6,69.5,57.5,72.5,79.4,91.4,90.6,68.6,4.8,29,23.1,18.2,16,31,23.3,15.7,13.2,20.7,22.8,21.7,14.9,9.1,6.8,1.3,0,10.7,7.6,8.2,4.9,5.5,6.4,13.1,10.1,10.3,12,6.4,11.6,8.8,27.6,18.4,13.8,7.3,9.4,20.7
2007,Nordeste,SE,Urbana,Total,89.2,67.60000000000001,75.89999999999999,79.6,80.4,59.6,69.6,77,77.7,76.5,69.10000000000001,73.10000000000001,60.4,75,81.79999999999998,91.60000000000001,94,71.20000000000002,4.2,25.3,19.9,15.7,14.1,28.7,21.5,14.3,12.2,18,20.8,19.3,14.7,8.8,6.4,1.3,0,10.4,6.6,7.1,4.2,4.7,5.5,11.7,8.9,8.7,10.1,5.5,10.1,7.6,24.9,16.2,11.8,7.1,6,18.4
2007,Nordeste,BA,Rural,Estadual,34.9,63.5,61.4,67.7,68.3,64.40000000000002,71.10000000000001,72.9,78.9,64.7,71,69.59999999999998,68.3,80,85.1,85.7,75,76.6,11.6,19.6,25,14,17.3,19.3,15.1,13.1,9.6,18.8,14.8,15.7,8.9,5.7,4,0,0,6.5,53.5,16.9,13.6,18.3,14.4,16.3,13.8,14,11.5,16.5,14.2,14.7,22.8,14.3,10.9,14.3,25,16.9
2007,Nordeste,BA,Rural,Federal,--,--,--,--,--,--,--,--,--,--,--,--,72.30000000000003,97.39999999999999,91,--,87.1,85.3,--,--,--,--,--,--,--,--,--,--,--,--,21.9,2.2,9,--,9.9,12,--,--,--,--,--,--,--,--,--,--,--,--,5.8,0.4,0,--,3,2.7
2007,Nordeste,BA,Rural,Municipal,79,64.1,70.9,73.9,78.1,64.9,74.3,77.89999999999999,83.10000000000001,71.60000000000001,73.29999999999998,72.1,71.5,80.2,87.4,95.9,--,78.7,14.3,26.8,22.3,18.6,14,21.1,14.4,10.9,7.3,20.6,14.8,18.9,9.8,6.3,3.8,0.3,--,7,6.7,9.1,6.8,7.5,7.9,14,11.3,11.2,9.6,7.8,11.9,9,18.7,13.5,8.8,3.8,--,14.3
2007,Nordeste,BA,Rural,Particular,92.5,96.3,95.5,93.5,93.19999999999999,86.8,92.5,91.9,100,94.60000000000001,92.2,93.8,82.70000000000002,89.2,84.2,--,--,85.4,7.5,3.3,3,5.2,3.4,9.3,7.5,8.1,0,4.1,6.6,4.9,5.2,6.5,15.8,--,--,7.3,0,0.4,1.5,1.3,3.4,3.9,0,0,0,1.3,1.2,1.3,12.1,4.3,0,--,--,7.3
2007,Nordeste,BA,Rural,Publico,79,64.2,70.9,73.80000000000001,78.1,64.8,74.19999999999997,77.7,82.8,71.60000000000001,73.2,72,70,80.7,86.1,95.2,83,77.7,14.3,26.7,22.3,18.6,14,21.1,14.4,11,7.5,20.6,14.8,18.9,9.6,5.8,4,0.3,6.5,6.9,6.7,9.1,6.8,7.6,7.9,14.1,11.4,11.3,9.7,7.8,12,9.1,20.4,13.5,9.9,4.5,10.5,15.4
2007,Nordeste,BA,Rural,Total,79,64.2,70.9,73.9,78.1,64.9,74.29999999999998,77.7,82.89999999999999,71.60000000000001,73.2,72.10000000000001,70,80.7,86.1,95.2,83,77.8,14.3,26.7,22.3,18.5,14,21,14.4,11,7.4,20.6,14.8,18.8,9.6,5.8,4,0.3,6.5,6.9,6.7,9.1,6.8,7.6,7.9,14.1,11.3,11.3,9.7,7.8,12,9.1,20.4,13.5,9.9,4.5,10.5,15.3
2007,Nordeste,BA,Total,Estadual,47.69999999999999,54.800000000000026,63.20000000000002,70.2,72.5,59.2,65.39999999999999,68,70.89999999999999,65.29999999999998,65.1,65.2,59.1,69.1,76.2,82.2,76.8,67,24.9,30.4,25.5,19.5,17.1,26.3,22.4,19.6,16.4,23,21.8,22,14.8,10.5,8.6,4.6,5.8,11.7,27.4,14.8,11.3,10.3,10.4,14.5,12.2,12.4,12.7,11.7,13.1,12.8,26.1,20.4,15.2,13.2,17.4,21.3
2007,Nordeste,BA,Total,Federal,--,--,--,--,--,96.3,87.5,98.4,97.9,--,95.1,95.1,57.8,82.5,89.89999999999999,100,87.1,72.39999999999999,--,--,--,--,--,3.7,12.5,1.6,2.1,--,4.9,4.9,38.1,17,9.9,0,9.9,25.4,--,--,--,--,--,0,0,0,0,--,0,0,4.1,0.5,0.2,0,3,2.2
2007,Nordeste,BA,Total,Municipal,83.9,68.8,72.20000000000002,74.60000000000001,79.2,61.6,70.3,73.39999999999999,78.7,74.3,69.20000000000002,72.6,69.2,81.2,89.2,96.3,50,79.19999999999997,9,22.2,21.2,18.3,13.8,23,17.3,13.9,10,18.2,17.4,17.9,9.2,6.3,3.2,0.9,0,6.4,7.1,9,6.6,7.1,7,15.4,12.4,12.7,11.3,7.5,13.4,9.5,21.6,12.5,7.6,2.8,50,14.4
2007,Nordeste,BA,Total,Particular,95.3,96.6,97.69999999999997,97.60000000000001,97.3,93.8,92.69999999999997,93.6,93.19999999999999,97.2,93.3,95.5,87.5,93.20000000000002,96.6,98,--,92.19999999999997,3.5,2.7,1.9,2.1,2.4,5.7,6.9,6,6.4,2.3,6.3,4,11.2,6,2.7,1,--,6.9,1.2,0.7,0.4,0.3,0.3,0.5,0.4,0.4,0.4,0.5,0.4,0.5,1.3,0.8,0.7,1,--,0.9
2007,Nordeste,BA,Total,Publico,83.70000000000002,68,71.6,74.30000000000003,78.60000000000001,60.8,68.60000000000001,71.30000000000001,75.5,73.7,67.8,71.1,59.6,69.7,76.69999999999997,89,77,67.60000000000001,9.1,22.7,21.5,18.4,14.1,24.1,19.1,16.1,12.7,18.5,19,18.7,14.7,10.4,8.4,2.8,5.9,11.6,7.2,9.3,6.9,7.3,7.3,15.1,12.3,12.6,11.8,7.8,13.2,10.2,25.7,19.9,14.9,8.2,17.1,20.8
2007,Nordeste,BA,Total,Total,84.1,69.39999999999999,73,75.4,79.69999999999999,62,69.7,72.4,76.5,74.9,68.89999999999999,72.3,60.7,70.8,77.59999999999998,89.39999999999999,77,68.7,8.9,21.7,20.4,17.6,13.4,23.4,18.5,15.6,12.3,17.7,18.4,18,14.6,10.2,8.2,2.7,5.9,11.4,7,8.9,6.6,7,6.9,14.6,11.8,12,11.2,7.4,12.7,9.7,24.7,19,14.2,7.9,17.1,19.9
2007,Nordeste,BA,Urbana,Estadual,49.4,54.4,63.3,70.2,72.60000000000001,59,65.19999999999997,67.9,70.6,65.20000000000002,65,65,58.8,68.90000000000002,75.8,82.1,76.8,66.7,26.7,30.9,25.5,19.8,17.1,26.5,22.6,19.8,16.7,23.2,22,22.2,15,10.6,8.8,4.7,5.9,11.9,23.9,14.7,11.2,10,10.3,14.5,12.2,12.3,12.7,11.6,13,12.8,26.2,20.5,15.4,13.2,17.3,21.4
2007,Nordeste,BA,Urbana,Federal,--,--,--,--,--,96.3,87.5,98.4,97.9,--,95.1,95.1,55,78.3,89.7,100,--,69.1,--,--,--,--,--,3.7,12.5,1.6,2.1,--,4.9,4.9,41.2,21.2,10,0,--,28.8,--,--,--,--,--,0,0,0,0,--,0,0,3.8,0.5,0.3,0,--,2.1
2007,Nordeste,BA,Urbana,Municipal,87,73.2,73.7,75.29999999999998,80.10000000000001,59.699999999999974,68,70.7,76.29999999999998,76.6,66.89999999999999,72.89999999999999,67,82.10000000000001,90.60000000000001,96.5,50,79.5,5.6,17.9,19.9,18,13.6,24.1,19,15.7,11.5,16.2,18.9,17.2,8.7,6.3,2.8,1.1,0,5.9,7.4,8.9,6.4,6.7,6.3,16.2,13,13.6,12.2,7.2,14.2,9.9,24.3,11.6,6.6,2.4,50,14.6
2007,Nordeste,BA,Urbana,Particular,95.3,96.6,97.8,97.7,97.39999999999999,93.89999999999999,92.69999999999997,93.6,93,97.2,93.3,95.6,87.5,93.3,96.6,98,--,92.19999999999997,3.4,2.7,1.8,2,2.4,5.7,6.9,6,6.5,2.3,6.3,4,11.2,6,2.7,1,--,6.9,1.3,0.7,0.4,0.3,0.2,0.4,0.4,0.4,0.5,0.5,0.4,0.4,1.3,0.7,0.7,1,--,0.9
2007,Nordeste,BA,Urbana,Publico,86.8,71.2,72.4,74.60000000000001,79,59.4,66.7,69.3,73.3,75.40000000000002,66.10000000000001,70.6,59,69.2,76.30000000000003,88,76.8,67.1,5.7,19.3,20.6,18.3,14.1,25.1,20.7,17.7,14.2,16.9,20.3,18.7,15,10.6,8.6,3.2,5.9,11.8,7.5,9.5,7,7.1,6.9,15.5,12.6,13,12.5,7.7,13.6,10.7,26,20.2,15.1,8.8,17.3,21.1
2007,Nordeste,BA,Urbana,Total,87.2,73.4,74.7,76.5,80.60000000000001,61.1,68.3,70.89999999999999,74.80000000000003,77.2,67.7,72.4,60.3,70.39999999999999,77.40000000000002,88.5,76.8,68.20000000000002,5.6,17.8,18.9,16.9,13.1,24.2,19.8,16.9,13.6,15.7,19.5,17.6,14.8,10.4,8.3,3.1,5.9,11.6,7.2,8.8,6.4,6.6,6.3,14.7,11.9,12.2,11.6,7.1,12.8,10,24.9,19.2,14.3,8.4,17.3,20.2
2007,Sudeste,MG,Rural,Estadual,96.5,91.70000000000002,83.89999999999999,94.10000000000001,82.8,76.9,80.9,84.7,82.3,89.6,80.9,85.2,81.3,84.5,89.89999999999999,--,--,84.5,1.7,6.5,14.2,4.1,15,17.6,13.1,9.2,11.4,8.5,13.2,10.9,7.3,5.2,3.7,--,--,5.7,1.8,1.8,1.9,1.8,2.2,5.5,6,6.1,6.3,1.9,5.9,3.9,11.4,10.3,6.4,--,--,9.8
2007,Sudeste,MG,Rural,Federal,--,--,--,--,--,--,--,--,--,--,--,--,80.1,89.4,92.60000000000001,--,--,86.70000000000002,--,--,--,--,--,--,--,--,--,--,--,--,15.8,9.5,6.8,--,--,11.2,--,--,--,--,--,--,--,--,--,--,--,--,4.1,1.1,0.6,--,--,2.1
2007,Sudeste,MG,Rural,Municipal,95.6,82.1,80.7,87.70000000000002,86.3,75.8,81.5,85.9,89.40000000000002,86.4,82.3,85.5,77,87,93.1,--,--,84.8,2.2,15.4,17.3,10,11.3,18.1,12.5,8.1,5.5,11.3,11.9,11.5,12.5,7.1,4.5,--,--,8.5,2.2,2.5,2,2.3,2.4,6.1,6,6,5.1,2.3,5.8,3,10.5,5.9,2.4,--,--,6.7
2007,Sudeste,MG,Rural,Particular,97.9,90.7,96.6,92.9,98.8,93.19999999999997,84.7,91.7,88,94.9,89.19999999999997,92.7,93.8,96.90000000000002,99.3,--,--,96.6,2.1,9.3,3.4,7.1,1.2,3.4,9.7,8.3,9.3,5.1,7.9,6.2,4.8,2.5,0.7,--,--,2.7,0,0,0,0,0,3.4,5.6,0,2.7,0,2.9,1.1,1.4,0.6,0,--,--,0.7
2007,Sudeste,MG,Rural,Publico,95.7,83.39999999999999,81.2,88.7,85.7,76.2,81.2,85.4,86.4,86.89999999999999,81.69999999999997,85.5,80.59999999999998,85.8,90.9,--,--,85,2.1,14.2,16.8,9.1,12,17.9,12.8,8.6,8,10.9,12.4,11.3,9.5,6.3,4.5,--,--,7.1,2.2,2.4,2,2.2,2.3,5.9,6,6,5.6,2.2,5.9,3.2,9.9,7.9,4.6,--,--,7.9
2007,Sudeste,MG,Rural,Total,95.7,83.39999999999999,81.2,88.7,85.79999999999998,76.20000000000002,81.3,85.4,86.4,86.89999999999999,81.69999999999997,85.5,81.10000000000001,86.30000000000003,91.29999999999998,--,--,85.4,2.1,14.2,16.8,9.1,11.9,17.9,12.7,8.6,8,10.9,12.4,11.3,9.3,6.1,4.3,--,--,7,2.2,2.4,2,2.2,2.3,5.9,6,6,5.6,2.2,5.9,3.2,9.6,7.6,4.4,--,--,7.6
2007,Sudeste,MG,Total,Estadual,97.2,95.9,88.7,96.3,88.6,76.9,79.30000000000001,79.60000000000001,74,93,77.5,83.5,68.7,75.7,78.7,81.80000000000003,67,73.60000000000001,1.3,2.9,10.2,2.7,9.9,18.1,15.6,14.1,17.3,5.7,16.3,12.2,15.3,11.1,11,7.6,20.5,12.8,1.5,1.2,1.1,1,1.5,5,5.1,6.3,8.7,1.3,6.2,4.3,16,13.2,10.3,10.6,12.5,13.6
2007,Sudeste,MG,Total,Federal,100,96.20000000000002,96.5,99.2,98.5,90,89.1,89.2,83.7,97.9,88.3,92.9,73.40000000000002,86.60000000000001,92.29999999999998,70,--,82.39999999999999,0,3.8,3.5,0.8,1.5,10,10.9,10.8,16.3,2.1,11.7,7.1,22.9,11.8,6.7,30,--,15.2,0,0,0,0,0,0,0,0,0,0,0,0,3.7,1.6,1,0,--,2.4
2007,Sudeste,MG,Total,Municipal,96.8,87.6,83.3,90.2,88.4,76.89999999999999,80.6,83.5,80.5,89.2,80.1,86.6,63.3,72.89999999999999,77.5,97,100,70.39999999999999,1.8,10.7,15.2,8.2,9.8,18.4,14.2,11.1,12.9,9.2,14.5,10.7,23.6,17.2,15.3,3,0,19.2,1.4,1.7,1.5,1.6,1.8,4.7,5.2,5.4,6.6,1.6,5.4,2.7,13.1,9.9,7.2,0,0,10.4
2007,Sudeste,MG,Total,Particular,98.69999999999999,98.3,98.9,98.5,98.5,95.3,94.7,94.3,93.89999999999999,98.5,94.6,96.70000000000002,89.60000000000001,94,95.89999999999999,84.2,91.19999999999997,92.9,0.9,1.5,1,1.4,1.4,4.5,5.1,5.5,5.9,1.3,5.2,3.1,9.8,5.6,3.7,12.5,4.4,6.6,0.4,0.2,0.1,0.1,0.1,0.2,0.2,0.2,0.2,0.2,0.2,0.2,0.6,0.4,0.4,3.3,4.4,0.5
2007,Sudeste,MG,Total,Publico,96.89999999999999,90.6,85.4,92.5,88.5,76.89999999999999,79.7,80.8,75.8,90.6,78.3,85,68.60000000000001,75.69999999999997,78.80000000000003,82.3,67,73.7,1.7,7.9,13.3,6.1,9.8,18.2,15.2,13.2,16.1,7.9,15.8,11.5,15.6,11.4,11.1,7.7,20.5,13,1.4,1.5,1.3,1.4,1.7,4.9,5.1,6,8.1,1.5,5.9,3.5,15.8,12.9,10.1,10,12.5,13.3
2007,Sudeste,MG,Total,Total,97,91.19999999999999,86.39999999999999,93,89.2,78.2,80.9,81.80000000000003,77.2,91.19999999999997,79.5,85.8,70.5,77.60000000000001,80.8,82.5,71.4,75.6,1.6,7.4,12.4,5.7,9.2,17.2,14.4,12.6,15.3,7.4,15,10.9,15.1,10.8,10.2,8.4,17.5,12.4,1.4,1.4,1.2,1.3,1.6,4.6,4.7,5.6,7.5,1.4,5.5,3.3,14.4,11.6,9,9.1,11.1,12
2007,Sudeste,MG,Urbana,Estadual,97.2,96.1,89,96.4,88.9,76.9,79.3,79.5,73.7,93.2,77.39999999999999,83.4,68.5,75.6,78.5,81.80000000000003,67,73.5,1.3,2.7,9.9,2.6,9.6,18.1,15.7,14.2,17.5,5.5,16.4,12.3,15.4,11.2,11.1,7.6,20.5,12.9,1.5,1.2,1.1,1,1.5,5,5,6.3,8.8,1.3,6.2,4.3,16.1,13.2,10.4,10.6,12.5,13.6
2007,Sudeste,MG,Urbana,Federal,100,96.20000000000002,96.5,99.2,98.5,90,89.1,89.2,83.7,97.9,88.3,92.9,70.9,85.39999999999999,92.1,70,--,80.70000000000002,0,3.8,3.5,0.8,1.5,10,10.9,10.8,16.3,2.1,11.7,7.1,25.5,12.7,6.7,30,--,16.8,0,0,0,0,0,0,0,0,0,0,0,0,3.6,1.9,1.2,0,--,2.5
2007,Sudeste,MG,Urbana,Municipal,97,89,84,90.7,88.89999999999999,77.1,80.5,83.2,79.3,89.89999999999999,79.8,86.9,62.699999999999974,72.2,76.70000000000002,97,100,69.70000000000002,1.8,9.5,14.7,7.8,9.4,18.4,14.4,11.5,13.9,8.7,14.9,10.5,24.1,17.7,15.8,3,0,19.7,1.2,1.5,1.3,1.5,1.7,4.5,5.1,5.3,6.8,1.4,5.3,2.6,13.2,10.1,7.5,0,0,10.6
2007,Sudeste,MG,Urbana,Particular,98.69999999999999,98.39999999999999,98.9,98.5,98.5,95.3,94.7,94.3,93.89999999999999,98.6,94.6,96.70000000000002,89.5,94,95.89999999999999,84.2,91.19999999999997,92.9,0.9,1.4,1,1.4,1.4,4.5,5.1,5.5,5.9,1.2,5.2,3.1,9.9,5.6,3.7,12.5,4.4,6.6,0.4,0.2,0.1,0.1,0.1,0.2,0.2,0.2,0.2,0.2,0.2,0.2,0.6,0.4,0.4,3.3,4.4,0.5
2007,Sudeste,MG,Urbana,Publico,97.10000000000001,91.8,86.1,93.10000000000001,88.9,77,79.7,80.5,75.09999999999998,91.2,78.1,84.9,68.39999999999999,75.5,78.6,82.3,67,73.5,1.6,6.8,12.7,5.6,9.5,18.2,15.3,13.5,16.6,7.4,16,11.5,15.7,11.5,11.2,7.7,20.5,13.1,1.3,1.4,1.2,1.3,1.6,4.8,5,6,8.3,1.4,5.9,3.6,15.9,13,10.2,10,12.5,13.4
2007,Sudeste,MG,Urbana,Total,97.29999999999998,92.4,87.2,93.6,89.7,78.3,80.8,81.5,76.7,91.8,79.3,85.9,70.3,77.5,80.7,82.5,71.4,75.4,1.5,6.3,11.7,5.2,8.8,17.2,14.5,12.9,15.7,6.9,15.2,10.8,15.2,10.8,10.3,8.4,17.5,12.5,1.2,1.3,1.1,1.2,1.5,4.5,4.7,5.6,7.6,1.3,5.5,3.3,14.5,11.7,9,9.1,11.1,12.1
2007,Sudeste,ES,Rural,Estadual,--,79.4,84.29999999999998,87.2,93.2,86.1,88.4,89.8,93.70000000000002,85.6,89.3,87.10000000000001,77.7,85.8,90.2,--,--,83.5,--,19,14.4,11.2,5.6,8.5,7.1,5.7,2,13,6,10.1,8.1,5.4,3.8,--,--,6.1,--,1.6,1.3,1.6,1.2,5.4,4.5,4.5,4.3,1.4,4.7,2.8,14.2,8.8,6,--,--,10.4
2007,Sudeste,ES,Rural,Federal,--,--,--,--,--,--,--,--,--,--,--,--,73.10000000000001,80,87.7,--,--,79.10000000000001,--,--,--,--,--,--,--,--,--,--,--,--,22.6,15,9.6,--,--,16.8,--,--,--,--,--,--,--,--,--,--,--,--,4.3,5,2.7,--,--,4.1
2007,Sudeste,ES,Rural,Municipal,97.10000000000001,79.10000000000001,83.9,89.9,94.10000000000001,80.69999999999997,84.7,87.7,93.3,87.5,85.79999999999998,87,78.39999999999999,92.3,100,--,--,87.40000000000002,1.6,19.1,15,9,5.1,14.9,11.6,8.7,4,11.3,10.5,11.1,16.2,7.7,0,--,--,10.1,1.3,1.8,1.1,1.1,0.8,4.4,3.7,3.6,2.7,1.2,3.7,1.9,5.4,0,0,--,--,2.5
2007,Sudeste,ES,Rural,Particular,--,--,100,33.3,86.7,88.4,86.7,92.4,95.19999999999997,80,90.7,90.4,87.9,91.60000000000001,93.40000000000002,96.2,--,91.10000000000001,--,--,0,0,0,4.5,7.1,6.2,2.4,0,5.1,5,6.3,5.6,3.3,0,--,4.8,--,--,0,66.7,13.3,7.1,6.2,1.4,2.4,20,4.2,4.6,5.8,2.8,3.3,3.8,--,4.1
2007,Sudeste,ES,Rural,Publico,97.10000000000001,79.09999999999998,84,89.5,93.89999999999999,82,85.5,88.2,93.39999999999999,87.2,86.6,87,76.89999999999999,85,89.89999999999999,--,--,82.90000000000002,1.6,19.1,14.9,9.3,5.2,13.4,10.6,8,3.4,11.5,9.4,10.9,10.7,7.1,4.7,--,--,8,1.3,1.8,1.1,1.2,0.9,4.6,3.9,3.8,3.2,1.3,4,2.1,12.4,7.9,5.4,--,--,9.1
2007,Sudeste,ES,Rural,Total,97.10000000000001,79.09999999999998,84,89.5,93.89999999999999,82.2,85.6,88.39999999999999,93.5,87.2,86.70000000000002,87.10000000000001,78.4,86,90.4,96.2,--,84.1,1.6,19.1,14.9,9.3,5.2,13.1,10.4,7.9,3.4,11.5,9.3,10.8,10.1,6.9,4.5,0,--,7.5,1.3,1.8,1.1,1.2,0.9,4.7,4,3.7,3.1,1.3,4,2.1,11.5,7.1,5.1,3.8,--,8.4
2007,Sudeste,ES,Total,Estadual,--,78,81.89999999999999,85.80000000000003,89.80000000000001,77.7,79.39999999999999,81.8,80.6,83.8,79.80000000000003,81.3,67.7,75.6,81.2,84.60000000000001,50,73.8,--,19.1,15.9,12.1,8.1,15.7,14.4,11.9,11.9,13.9,13.6,13.7,14.6,10.2,7.5,8.3,0,11.3,--,2.9,2.2,2.1,2.1,6.6,6.2,6.3,7.5,2.3,6.6,5,17.7,14.2,11.3,7.1,50,14.9
2007,Sudeste,ES,Total,Federal,--,--,--,--,--,--,--,--,--,--,--,--,84,85.60000000000001,82.60000000000001,--,--,83.8,--,--,--,--,--,--,--,--,--,--,--,--,10.4,9.8,13.1,--,--,11.4,--,--,--,--,--,--,--,--,--,--,--,--,5.6,4.6,4.3,--,--,4.8
2007,Sudeste,ES,Total,Municipal,97.2,83.3,85.1,87.90000000000002,90.9,76.70000000000002,78.39999999999999,80.89999999999999,84.6,87.8,79.7,84.5,87.40000000000002,95.30000000000003,100,--,--,93.40000000000002,1.2,14.5,13.4,10.3,7.3,17.3,15.9,13.4,8.4,10.4,14.3,12,10.1,3.1,0,--,--,5.1,1.6,2.2,1.5,1.8,1.8,6,5.7,5.7,7,1.8,6,3.5,2.5,1.6,0,--,--,1.5
2007,Sudeste,ES,Total,Particular,98.3,98.39999999999999,99,98.8,99,96.4,95.6,95,94.5,98.70000000000002,95.3,97.10000000000001,89.9,94.39999999999999,98.5,96.2,100,94.3,1.2,1.4,0.9,1,0.9,3.3,4,4.7,5.1,1.1,4.3,2.6,9.3,5.2,1.1,0,0,5.2,0.5,0.2,0.1,0.2,0.1,0.3,0.4,0.3,0.4,0.2,0.4,0.3,0.8,0.4,0.4,3.8,0,0.5
2007,Sudeste,ES,Total,Publico,97.2,82.2,84.4,87.39999999999999,90.7,77.1,78.8,81.3,83,87,79.7,83.6,68,75.8,81.20000000000002,84.60000000000001,50,74.10000000000001,1.2,15.5,14,10.7,7.5,16.7,15.3,12.8,9.8,11.1,14,12.5,14.5,10.2,7.7,8.3,0,11.3,1.6,2.3,1.6,1.9,1.8,6.2,5.9,5.9,7.2,1.9,6.3,3.9,17.5,14,11.1,7.1,50,14.6
2007,Sudeste,ES,Total,Total,97.29999999999998,83.80000000000003,85.9,88.6,91.60000000000001,79,80.60000000000001,83,84.5,88.2,81.5,85.1,70.9,78.79999999999998,84.4,86.1,99,77.2,1.2,14.1,12.6,9.7,6.8,15.4,14.1,11.8,9.2,10.1,12.9,11.4,13.8,9.4,6.5,7.2,0,10.3,1.5,2.1,1.5,1.7,1.6,5.6,5.3,5.2,6.3,1.7,5.6,3.5,15.3,11.8,9.1,6.7,1,12.5
2007,Sudeste,ES,Urbana,Estadual,--,77.70000000000002,81.60000000000001,85.6,89.39999999999999,77.19999999999997,78.9,81.3,79.8,83.5,79.2,80.70000000000002,67.5,75.4,81,84.60000000000001,50,73.6,--,19.2,16.1,12.2,8.4,16.1,14.8,12.3,12.5,14.1,14.1,14.1,14.7,10.3,7.6,8.3,0,11.4,--,3.1,2.3,2.2,2.2,6.7,6.3,6.4,7.7,2.4,6.7,5.2,17.8,14.3,11.4,7.1,50,15
2007,Sudeste,ES,Urbana,Federal,--,--,--,--,--,--,--,--,--,--,--,--,88.5,88,81.60000000000001,--,--,85.30000000000003,--,--,--,--,--,--,--,--,--,--,--,--,5.3,7.6,13.8,--,--,9.6,--,--,--,--,--,--,--,--,--,--,--,--,6.2,4.4,4.6,--,--,5.1
2007,Sudeste,ES,Urbana,Municipal,97.1,84.29999999999998,85.4,87.4,90.2,76.3,77.6,80.1,83.6,87.8,79,84.10000000000001,95.2,97.4,100,--,--,97.39999999999999,1.2,13.5,13.1,10.6,7.8,17.6,16.4,14,8.9,10.3,14.7,12.1,4.8,0,0,--,--,1.7,1.7,2.2,1.5,2,2,6.1,6,5.9,7.5,1.9,6.3,3.8,0,2.6,0,--,--,0.9
2007,Sudeste,ES,Urbana,Particular,98.3,98.39999999999999,99,98.9,98.9,96.60000000000001,95.8,95,94.5,98.70000000000002,95.5,97.2,90,94.5,98.7,--,100,94.39999999999999,1.2,1.4,0.9,1,1,3.3,3.9,4.7,5.2,1.1,4.2,2.6,9.4,5.2,1,--,0,5.2,0.5,0.2,0.1,0.1,0.1,0.1,0.3,0.3,0.3,0.2,0.3,0.2,0.6,0.3,0.3,--,0,0.4
2007,Sudeste,ES,Urbana,Publico,97.1,82.79999999999998,84.5,87,90.1,76.7,78.10000000000001,80.60000000000001,82,86.9,79.1,83.1,67.7,75.5,81.1,84.60000000000001,50,73.8,1.2,14.8,13.8,11,7.9,17,15.8,13.3,10.4,11.1,14.4,12.7,14.6,10.3,7.7,8.3,0,11.4,1.7,2.4,1.7,2,2,6.3,6.1,6.1,7.6,2,6.5,4.2,17.7,14.2,11.2,7.1,50,14.8
2007,Sudeste,ES,Urbana,Total,97.20000000000002,84.6,86.4,88.5,91.1,78.70000000000002,80.19999999999997,82.5,83.70000000000002,88.4,81.1,84.89999999999999,70.69999999999999,78.5,84.2,84.60000000000001,99,77,1.2,13.2,12.1,9.7,7.1,15.6,14.4,12.1,9.7,9.8,13.2,11.4,13.9,9.5,6.5,8.3,0,10.4,1.6,2.2,1.5,1.8,1.8,5.7,5.4,5.4,6.6,1.8,5.7,3.7,15.4,12,9.3,7.1,1,12.6
2007,Sudeste,RJ,Rural,Estadual,87.5,91.5,63.3,91.4,72.8,66.19999999999997,71,73.39999999999999,77.9,79.09999999999998,71.5,74.4,60.1,69.2,83.4,92.3,--,69.30000000000003,8.5,5,34.1,6.3,24.8,27.1,22.4,19.9,16.3,18,22,20.5,21.5,13.2,7.5,0.6,--,15.1,4,3.5,2.6,2.3,2.4,6.7,6.6,6.7,5.8,2.9,6.5,5.1,18.4,17.6,9.1,7.1,--,15.6
2007,Sudeste,RJ,Rural,Municipal,77,76.1,76.7,82.5,85.2,74.2,76.60000000000001,79.2,87.3,79.2,78,79,65.8,78,92.40000000000002,--,--,73,20.4,21.9,21.5,15.6,12.7,20.9,19.3,16.6,9.4,18.7,17.7,18.5,15.3,5.1,3.8,--,--,10.7,2.6,2,1.8,1.9,2.1,4.9,4.1,4.2,3.3,2.1,4.3,2.5,18.9,16.9,3.8,--,--,16.3
2007,Sudeste,RJ,Rural,Particular,89,93.6,96.3,95.6,98.7,90.3,94,91.1,91.7,94.8,91.7,93.8,89.5,95.9,87.9,--,--,91,9.4,4.5,3.4,3.7,1.3,9.2,6,7.9,7.8,4.3,7.8,5.5,9.6,3.1,12.1,--,--,8.4,1.6,1.9,0.3,0.7,0,0.5,0,1,0.5,0.9,0.5,0.7,0.9,1,0,--,--,0.6
2007,Sudeste,RJ,Rural,Publico,77.69999999999997,77.2,75.3,83.20000000000002,83.59999999999998,71.30000000000001,74.6,76.8,83.1,79.19999999999997,75.5,78.2,60.29999999999998,69.3,83.5,92.3,--,69.4,19.6,20.7,22.8,14.8,14.2,23.1,20.4,18,12.5,18.6,19.4,18.8,21.3,13.1,7.5,0.6,--,15,2.7,2.1,1.9,2,2.2,5.6,5,5.2,4.4,2.2,5.1,3,18.4,17.6,9,7.1,--,15.6
2007,Sudeste,RJ,Rural,Total,77.90000000000002,77.5,75.7,83.5,84,71.7,74.89999999999999,77.2,83.3,79.5,75.9,78.4,60.9,70,83.6,92.3,--,69.89999999999999,19.4,20.4,22.4,14.6,13.9,22.8,20.2,17.7,12.4,18.4,19.1,18.6,21.1,12.8,7.7,0.6,--,14.9,2.7,2.1,1.9,1.9,2.1,5.5,4.9,5.1,4.3,2.1,5,3,18,17.2,8.7,7.1,--,15.2
2007,Sudeste,RJ,Total,Estadual,86.7,87.80000000000003,67,90.8,76.39999999999999,65.2,67.5,69.5,71.80000000000003,80.2,68.29999999999998,71.7,54,65.4,77.1,91.80000000000001,53.2,64,7.3,7.6,29.6,6.2,20.4,27,25.4,22.7,19.9,16,24,21.7,26,19,12.5,5.6,29.3,20.1,6,4.6,3.4,3,3.2,7.8,7.1,7.8,8.3,3.8,7.7,6.6,20,15.6,10.4,2.6,17.5,15.9
2007,Sudeste,RJ,Total,Federal,93.10000000000001,93.9,94,94,95,87.4,84.2,85.5,84.29999999999998,94,85.4,88.60000000000001,77.3,86,92,--,80.8,83.9,6.6,6,6,5.9,5,12.1,15.4,14.1,15.3,5.9,14.2,11.1,15.2,11.6,5.5,--,17.8,12,0.3,0.1,0,0.1,0,0.5,0.4,0.4,0.4,0.1,0.4,0.3,7.5,2.4,2.5,--,1.4,4.1
2007,Sudeste,RJ,Total,Municipal,87.5,85.7,80.9,88.10000000000001,89,78.7,83,86.9,86.60000000000001,86.19999999999997,83.10000000000001,85.2,64.5,77.39999999999999,83.2,81.29999999999998,100,73.69999999999997,9.5,12.1,17.1,9.6,8.4,16.7,11.8,9.3,8.8,11.4,12.3,11.7,23.6,13.7,7.8,8.4,0,16.1,3,2.2,2,2.3,2.6,4.6,5.2,3.8,4.6,2.4,4.6,3.1,11.9,8.9,9,10.3,0,10.2
2007,Sudeste,RJ,Total,Particular,94.5,97.39999999999999,98,97.3,97.20000000000002,93.5,92.1,92.2,91.8,97,92.4,95.1,85.1,90.4,95.7,92.3,83.9,90.1,4.7,2.2,1.7,2.3,2.5,6,7.4,7.3,7.8,2.6,7.1,4.5,13.8,8.6,3.7,1.9,13.8,9,0.8,0.4,0.3,0.4,0.3,0.5,0.5,0.5,0.4,0.4,0.5,0.4,1.1,1,0.6,5.8,2.3,0.9
2007,Sudeste,RJ,Total,Publico,87.4,86,79,88.39999999999999,86.89999999999999,73.60000000000001,77,79.2,79.70000000000002,85.4,76.89999999999999,81.8,54.7,66.2,77.6,91.60000000000001,73.5,64.7,9.3,11.6,18.8,9.2,10.4,20.6,17.1,15.3,14,12,17.2,14.2,25.7,18.7,12.2,5.6,20.8,19.8,3.3,2.4,2.2,2.4,2.7,5.8,5.9,5.5,6.3,2.6,5.9,4,19.6,15.1,10.2,2.8,5.7,15.5
2007,Sudeste,RJ,Total,Total,88.2,87.39999999999999,81.1,89.39999999999999,88.19999999999997,75.60000000000001,78.7,80.8,81.3,86.8,78.8,83.30000000000003,57.4,68.8,79.7,91.60000000000001,74,67.29999999999998,8.8,10.4,16.9,8.4,9.4,19.1,16,14.3,13.2,10.9,16,13.1,24.7,17.6,11.2,5.6,20.5,18.7,3,2.2,2,2.2,2.4,5.3,5.3,4.9,5.5,2.3,5.2,3.6,17.9,13.6,9.1,2.8,5.5,14
2007,Sudeste,RJ,Urbana,Estadual,86.6,87.5,67.3,90.8,76.60000000000001,65.09999999999998,67.3,69.30000000000003,71.5,80.3,68.10000000000001,71.5,53.9,65.4,76.9,91.89999999999999,53.2,63.9,7.2,7.8,29.3,6.2,20.1,27,25.6,22.9,20.1,15.9,24.1,21.8,26.1,19.1,12.6,5.7,29.3,20.2,6.2,4.7,3.4,3,3.3,7.9,7.1,7.8,8.4,3.8,7.8,6.7,20,15.5,10.5,2.4,17.5,15.9
2007,Sudeste,RJ,Urbana,Federal,93.10000000000001,93.9,94,94,95,87.4,84.2,85.5,84.29999999999998,94,85.4,88.60000000000001,77.3,86,92,--,80.8,83.9,6.6,6,6,5.9,5,12.1,15.4,14.1,15.3,5.9,14.2,11.1,15.2,11.6,5.5,--,17.8,12,0.3,0.1,0,0.1,0,0.5,0.4,0.4,0.4,0.1,0.4,0.3,7.5,2.4,2.5,--,1.4,4.1
2007,Sudeste,RJ,Urbana,Municipal,88.60000000000001,86.79999999999998,81.20000000000002,88.5,89.30000000000003,78.9,83.39999999999999,87.20000000000002,86.6,86.89999999999999,83.30000000000003,85.6,64.5,77.39999999999999,83,81.29999999999998,100,73.7,8.3,11,16.7,9.1,8.1,16.5,11.4,9,8.7,10.7,12.1,11.2,23.8,13.9,7.9,8.4,0,16.2,3.1,2.2,2.1,2.4,2.6,4.6,5.2,3.8,4.7,2.4,4.6,3.2,11.7,8.7,9.1,10.3,0,10.1
2007,Sudeste,RJ,Urbana,Particular,94.5,97.39999999999999,98,97.4,97.20000000000002,93.5,92.1,92.2,91.8,97,92.4,95.1,85.1,90.4,95.8,92.3,83.9,90.1,4.7,2.2,1.7,2.3,2.5,6,7.4,7.3,7.8,2.6,7.1,4.5,13.8,8.6,3.6,1.9,13.8,9,0.8,0.4,0.3,0.3,0.3,0.5,0.5,0.5,0.4,0.4,0.5,0.4,1.1,1,0.6,5.8,2.3,0.9
2007,Sudeste,RJ,Urbana,Publico,88.5,86.8,79.20000000000002,88.8,87.2,73.7,77.19999999999999,79.40000000000002,79.7,86,77,82,54.5,66.10000000000001,77.3,91.60000000000001,73.5,64.6,8.2,10.7,18.5,8.8,10.1,20.5,16.9,15.1,14,11.4,17.1,13.9,25.9,18.8,12.4,5.8,20.8,19.9,3.3,2.5,2.3,2.4,2.7,5.8,5.9,5.5,6.3,2.6,5.9,4.1,19.6,15.1,10.3,2.6,5.7,15.5
2007,Sudeste,RJ,Urbana,Total,89.2,88.3,81.6,89.8,88.5,75.80000000000003,78.8,81,81.2,87.4,78.89999999999999,83.7,57.4,68.8,79.60000000000001,91.60000000000001,74,67.2,7.8,9.5,16.4,8,9.1,18.9,15.9,14.1,13.2,10.3,15.9,12.7,24.7,17.7,11.3,5.8,20.5,18.8,3,2.2,2,2.2,2.4,5.3,5.3,4.9,5.6,2.3,5.2,3.6,17.9,13.5,9.1,2.6,5.5,14
2007,Sudeste,SP,Rural,Estadual,100,97.8,98.10000000000001,98.80000000000003,90.2,94.2,94.1,93.70000000000002,86.1,96,92.10000000000001,93.6,81.89999999999999,85.30000000000003,88,--,--,84.6,0,1.7,1.8,1.1,9.5,4.2,4.7,4.7,11.2,3.7,6.1,5.2,14.2,10.6,7.8,--,--,11.4,0,0.5,0.1,0.1,0.3,1.6,1.2,1.6,2.7,0.3,1.8,1.2,3.9,4.1,4.2,--,--,4
2007,Sudeste,SP,Rural,Municipal,97.9,89.39999999999999,88.30000000000003,93.89999999999999,91.3,88.89999999999999,88.59999999999998,91.9,93.7,91.10000000000001,90.6,91,86.7,75,76,--,--,79.5,1.6,10.2,11.6,5.7,8.4,9.4,10.9,7.5,5.5,8.6,8.5,8.6,0,10.7,0,--,--,3.6,0.5,0.4,0.1,0.4,0.3,1.7,0.5,0.6,0.8,0.3,0.9,0.4,13.3,14.3,24,--,--,16.9
2007,Sudeste,SP,Rural,Particular,100,96.9,98.4,98.4,96.6,97.9,98.5,96.5,99.2,97.9,98,98,94.2,96.2,99.1,--,--,96.4,0,3.1,1.6,1.6,3.4,2.1,1.5,3.1,0.8,2.1,1.9,2,5.8,3.8,0.9,--,--,3.6,0,0,0,0,0,0,0,0.4,0,0,0.1,0,0,0,0,--,--,0
2007,Sudeste,SP,Rural,Publico,97.9,91.19999999999997,90.5,95,91,92.60000000000001,92.4,93.2,88.09999999999998,92.10000000000001,91.7,92,81.9,85.30000000000003,88,--,--,84.5,1.6,8.4,9.4,4.7,8.7,5.8,6.6,5.5,9.7,7.6,6.8,7.3,14.1,10.6,7.7,--,--,11.4,0.5,0.4,0.1,0.3,0.3,1.6,1,1.3,2.2,0.3,1.5,0.7,4,4.1,4.3,--,--,4.1
2007,Sudeste,SP,Rural,Total,98,91.3,90.60000000000001,95,91.1,92.7,92.6,93.3,88.5,92.3,91.8,92.1,82.40000000000002,85.7,88.5,--,--,85,1.5,8.3,9.3,4.7,8.6,5.7,6.4,5.4,9.4,7.4,6.7,7.2,13.8,10.3,7.4,--,--,11.1,0.5,0.4,0.1,0.3,0.3,1.6,1,1.3,2.1,0.3,1.5,0.7,3.8,4,4.1,--,--,3.9
2007,Sudeste,SP,Total,Estadual,95.5,97,97.9,98.10000000000001,91.1,92.5,92.1,90.6,80.2,95.9,88.8,91.2,72.3,78.79999999999998,82.89999999999999,--,--,77.2,4.5,2.2,1.8,1.6,8.5,5.9,6.4,7.5,16.7,3.6,9.2,7.3,21.3,15.3,11.7,--,--,16.8,0,0.8,0.3,0.3,0.4,1.6,1.5,1.9,3.1,0.5,2,1.5,6.4,5.9,5.4,--,--,6
2007,Sudeste,SP,Total,Federal,--,--,--,--,--,--,--,--,--,--,--,--,90.2,91.5,96.3,--,--,92.7,--,--,--,--,--,--,--,--,--,--,--,--,6.6,6.7,3.2,--,--,5.5,--,--,--,--,--,--,--,--,--,--,--,--,3.2,1.8,0.5,--,--,1.8
2007,Sudeste,SP,Total,Municipal,98.5,93.9,91.6,96.1,91.2,89.9,89.30000000000003,90.2,85.6,93.60000000000001,88.8,92.4,78.2,85.39999999999999,91.5,92,--,84.1,1.1,5.6,8.2,3.6,8.5,9,9.6,8.4,12.4,6.1,9.8,7,16.7,11.7,6.6,6.7,--,12.4,0.4,0.5,0.2,0.3,0.3,1.1,1.1,1.4,2,0.3,1.4,0.6,5.1,2.9,1.9,1.3,--,3.5
2007,Sudeste,SP,Total,Particular,99.10000000000001,98.6,98.2,99.2,98.4,97.5,96.6,97,97.2,98.7,97.1,97.9,93.3,96.6,98.60000000000001,93.5,--,96,0.8,1.4,1.8,0.8,1.6,2.5,3.4,3,2.8,1.3,2.9,2.1,6.6,3.3,1.3,4.9,--,3.9,0.1,0,0,0,0,0,0,0,0,0,0,0,0.1,0.1,0.1,1.6,--,0.1
2007,Sudeste,SP,Total,Publico,98.39999999999999,95.10000000000001,93.9,96.9,91.2,91.8,91.39999999999999,90.5,81.3,94.39999999999999,88.8,91.70000000000002,72.39999999999999,78.8,83,92,--,77.39999999999999,1.2,4.3,5.8,2.8,8.5,6.7,7.2,7.7,15.8,5.2,9.3,7.2,21.2,15.3,11.6,6.7,--,16.7,0.4,0.6,0.3,0.3,0.3,1.5,1.4,1.8,2.9,0.4,1.9,1.1,6.4,5.9,5.4,1.3,--,5.9
2007,Sudeste,SP,Total,Total,98.7,95.6,94.5,97.2,92.10000000000001,92.60000000000001,92.1,91.4,83.4,95,90,92.6,74.9,81.2,85.30000000000003,92.8,--,79.8,1,3.9,5.3,2.5,7.6,6.1,6.7,7.1,14.1,4.7,8.4,6.5,19.5,13.7,10.1,5.8,--,15,0.3,0.5,0.2,0.3,0.3,1.3,1.2,1.5,2.5,0.3,1.6,0.9,5.6,5.1,4.6,1.4,--,5.2
2007,Sudeste,SP,Urbana,Estadual,95.4,97,97.9,98.10000000000001,91.1,92.5,92.1,90.5,80.10000000000001,95.9,88.8,91.2,72.29999999999998,78.69999999999997,82.8,--,--,77.2,4.6,2.2,1.8,1.6,8.5,5.9,6.4,7.6,16.8,3.6,9.2,7.3,21.3,15.4,11.7,--,--,16.8,0,0.8,0.3,0.3,0.4,1.6,1.5,1.9,3.1,0.5,2,1.5,6.4,5.9,5.5,--,--,6
2007,Sudeste,SP,Urbana,Federal,--,--,--,--,--,--,--,--,--,--,--,--,90.2,91.5,96.3,--,--,92.7,--,--,--,--,--,--,--,--,--,--,--,--,6.6,6.7,3.2,--,--,5.5,--,--,--,--,--,--,--,--,--,--,--,--,3.2,1.8,0.5,--,--,1.8
2007,Sudeste,SP,Urbana,Municipal,98.5,94.1,91.7,96.20000000000002,91.2,89.9,89.30000000000003,90.19999999999997,85.4,93.7,88.8,92.4,78.2,85.5,91.7,92,--,84.1,1.1,5.4,8.1,3.5,8.5,9,9.6,8.4,12.6,6,9.8,7,16.8,11.7,6.6,6.7,--,12.5,0.4,0.5,0.2,0.3,0.3,1.1,1.1,1.4,2,0.3,1.4,0.6,5,2.8,1.7,1.3,--,3.4
2007,Sudeste,SP,Urbana,Particular,99.10000000000001,98.6,98.2,99.2,98.4,97.5,96.6,97,97.2,98.7,97.1,97.9,93.3,96.7,98.60000000000001,93.5,--,96,0.8,1.4,1.8,0.8,1.6,2.5,3.4,3,2.8,1.3,2.9,2.1,6.6,3.2,1.3,4.9,--,3.9,0.1,0,0,0,0,0,0,0,0,0,0,0,0.1,0.1,0.1,1.6,--,0.1
2007,Sudeste,SP,Urbana,Publico,98.5,95.2,94,96.9,91.2,91.8,91.39999999999999,90.4,81.19999999999997,94.5,88.8,91.7,72.3,78.8,82.89999999999999,92,--,77.20000000000002,1.1,4.2,5.7,2.8,8.5,6.7,7.2,7.8,15.9,5.1,9.3,7.2,21.3,15.3,11.7,6.7,--,16.8,0.4,0.6,0.3,0.3,0.3,1.5,1.4,1.8,2.9,0.4,1.9,1.1,6.4,5.9,5.4,1.3,--,6
2007,Sudeste,SP,Urbana,Total,98.7,95.7,94.6,97.20000000000002,92.10000000000001,92.60000000000001,92.1,91.4,83.3,95.10000000000001,89.9,92.69999999999999,74.8,81.2,85.30000000000003,92.8,--,79.70000000000002,1,3.8,5.2,2.5,7.6,6.1,6.7,7.1,14.2,4.6,8.5,6.4,19.5,13.7,10.1,5.8,--,15.1,0.3,0.5,0.2,0.3,0.3,1.3,1.2,1.5,2.5,0.3,1.6,0.9,5.7,5.1,4.6,1.4,--,5.2
2007,Sul,PR,Rural,Estadual,--,48.3,85.2,76.9,87.9,85.2,87.1,89.2,92,74.1,88,87.89999999999999,81,88.1,93.39999999999999,--,--,86.3,--,50.6,14.8,21.1,9.6,12.2,10.2,8.1,5,24.5,9.2,9.4,10.1,6.2,2.7,--,--,7,--,1.1,0,2,2.5,2.6,2.7,2.7,3,1.4,2.8,2.7,8.9,5.7,3.9,--,--,6.7
2007,Sul,PR,Rural,Federal,--,--,--,--,--,--,--,--,--,--,--,--,--,--,--,--,--,--,--,--,--,--,--,--,--,--,--,--,--,--,--,--,--,--,--,--,--,--,--,--,--,--,--,--,--,--,--,--,--,--,--,--,--,--
2007,Sul,PR,Rural,Municipal,97.89999999999999,87.5,85.10000000000001,91.1,93.6,84.7,84.1,90,95.19999999999997,89.89999999999999,87.80000000000003,89.8,--,--,--,--,--,--,1.4,12,14.6,8.4,6,14,15.5,8.5,3.4,9.7,11.1,9.7,--,--,--,--,--,--,0.7,0.5,0.3,0.5,0.4,1.3,0.4,1.5,1.4,0.4,1.1,0.5,--,--,--,--,--,--
2007,Sul,PR,Rural,Particular,100,95.7,97,98.4,94.6,99,96.7,95,96.4,97.4,96.6,97,93.29999999999998,93.5,95.4,--,--,94,0,4.3,3,1.6,5.4,1,3.3,5,3.6,2.6,3.4,3,5.7,6.5,4.6,--,--,5.6,0,0,0,0,0,0,0,0,0,0,0,0,1,0,0,--,--,0.4
2007,Sul,PR,Rural,Publico,97.89999999999999,87.2,85.10000000000001,91,93.6,85.2,86.9,89.30000000000003,92.19999999999997,89.8,88.10000000000001,89.10000000000001,81,88.1,93.39999999999999,--,--,86.3,1.4,12.3,14.6,8.5,6,12.3,10.5,8.1,4.9,9.8,9.3,9.6,10.1,6.2,2.7,--,--,7,0.7,0.5,0.3,0.5,0.4,2.5,2.6,2.6,2.9,0.4,2.6,1.3,8.9,5.7,3.9,--,--,6.7
2007,Sul,PR,Rural,Total,97.89999999999999,87.2,85.10000000000001,91,93.6,85.20000000000002,86.9,89.30000000000003,92.19999999999997,89.8,88.2,89.1,81.3,88.3,93.5,--,--,86.69999999999999,1.4,12.3,14.6,8.5,6,12.3,10.5,8.1,4.9,9.8,9.2,9.6,10,6.2,2.8,--,--,6.9,0.7,0.5,0.3,0.5,0.4,2.5,2.6,2.6,2.9,0.4,2.6,1.3,8.7,5.5,3.7,--,--,6.4
2007,Sul,PR,Total,Estadual,--,96.30000000000003,92.5,98.1,90.19999999999997,81,81.39999999999999,82.7,84.6,93.89999999999999,82.3,82.6,70.7,79.8,85.6,96.7,--,77.7,--,3.1,7.3,1.5,9.4,15.1,14.7,13.1,10.4,5.7,13.5,13.3,16.8,10.8,7,1.7,--,12.2,--,0.6,0.2,0.4,0.4,3.9,3.9,4.2,5,0.4,4.2,4.1,12.5,9.4,7.4,1.6,--,10.1
2007,Sul,PR,Total,Federal,--,--,--,--,--,93.7,91.6,96.2,96.9,--,94.7,94.7,86.5,93.6,89.1,--,99.5,91.10000000000001,--,--,--,--,--,6.3,8.4,3.8,3.1,--,5.3,5.3,9.9,5.5,10.4,--,0,7.3,--,--,--,--,--,0,0,0,0,--,0,0,3.6,0.9,0.5,--,0.5,1.6
2007,Sul,PR,Total,Municipal,98.3,90.2,85.2,92.29999999999998,94.10000000000001,79.8,81.7,86,90.60000000000001,91,84,90.8,--,100,50,--,--,60,1.2,9.4,14.5,7.4,5.6,17.4,15.8,11.5,7.1,8.7,13.5,8.8,--,0,50,--,--,40,0.5,0.4,0.3,0.3,0.3,2.8,2.5,2.5,2.3,0.3,2.5,0.4,--,0,0,--,--,0
2007,Sul,PR,Total,Particular,99,98.1,98.2,98.7,98.70000000000002,97.5,96.6,96.39999999999999,96.5,98.5,96.7,97.7,92.5,96.3,98.3,100,89,95.7,0.7,1.7,1.6,1.2,1.2,2.3,3.2,3.4,3.4,1.3,3.1,2.1,6.9,3.3,1.3,0,10.1,3.8,0.3,0.2,0.2,0.1,0.1,0.2,0.2,0.2,0.1,0.2,0.2,0.2,0.6,0.4,0.4,0,0.9,0.5
2007,Sul,PR,Total,Publico,98.3,90.39999999999999,85.4,92.5,93.9,81,81.4,82.8,84.8,91.10000000000001,82.40000000000002,86.8,70.7,79.89999999999999,85.5,96.7,99.5,77.80000000000003,1.2,9.2,14.3,7.2,5.8,15.2,14.8,13,10.3,8.6,13.5,11,16.8,10.7,7.1,1.7,0,12.1,0.5,0.4,0.3,0.3,0.3,3.8,3.8,4.2,4.9,0.3,4.1,2.2,12.5,9.4,7.4,1.6,0.5,10.1
2007,Sul,PR,Total,Total,98.3,91.2,86.4,93,94.3,82.10000000000001,82.5,83.8,85.8,91.8,83.4,87.7,72.6,81.6,87.2,96.8,94,79.7,1.2,8.4,13.3,6.7,5.4,14.3,13.9,12.3,9.7,7.9,12.8,10.3,15.9,10,6.3,1.6,5.3,11.3,0.5,0.4,0.3,0.3,0.3,3.6,3.6,3.9,4.5,0.3,3.8,2,11.5,8.4,6.5,1.6,0.7,9
2007,Sul,PR,Urbana,Estadual,--,98,92.79999999999998,98.5,90.2,80.69999999999997,81,82.29999999999998,84.10000000000001,94.39999999999999,81.9,82.40000000000002,70.2,79.6,85.3,96.7,--,77.39999999999999,--,1.4,7,1.1,9.4,15.4,15.1,13.4,10.8,5.2,13.8,13.5,17.1,10.9,7.2,1.7,--,12.4,--,0.6,0.2,0.4,0.4,3.9,3.9,4.3,5.1,0.4,4.3,4.1,12.7,9.5,7.5,1.6,--,10.2
2007,Sul,PR,Urbana,Federal,--,--,--,--,--,93.7,91.6,96.2,96.9,--,94.7,94.7,86.5,93.6,89.1,--,99.5,91.10000000000001,--,--,--,--,--,6.3,8.4,3.8,3.1,--,5.3,5.3,9.9,5.5,10.4,--,0,7.3,--,--,--,--,--,0,0,0,0,--,0,0,3.6,0.9,0.5,--,0.5,1.6
2007,Sul,PR,Urbana,Municipal,98.3,90.6,85.2,92.4,94.10000000000001,78.8,81.3,85.3,89.8,91.2,83.3,90.89999999999999,--,100,50,--,--,60,1.2,9,14.5,7.3,5.6,18.1,15.9,12,7.7,8.5,13.9,8.7,--,0,50,--,--,40,0.5,0.4,0.3,0.3,0.3,3.1,2.8,2.7,2.5,0.3,2.8,0.4,--,0,0,--,--,0
2007,Sul,PR,Urbana,Particular,99,98.1,98.2,98.7,98.80000000000003,97.5,96.6,96.39999999999999,96.5,98.5,96.7,97.7,92.5,96.39999999999999,98.3,100,89,95.7,0.7,1.7,1.6,1.2,1.1,2.3,3.2,3.4,3.4,1.3,3.1,2.1,6.9,3.2,1.3,0,10.1,3.8,0.3,0.2,0.2,0.1,0.1,0.2,0.2,0.2,0.1,0.2,0.2,0.2,0.6,0.4,0.4,0,0.9,0.5
2007,Sul,PR,Urbana,Publico,98.3,90.8,85.4,92.60000000000001,93.9,80.69999999999997,81,82.3,84.20000000000002,91.29999999999998,82,86.60000000000001,70.40000000000002,79.6,85.3,96.7,99.5,77.5,1.2,8.8,14.3,7.1,5.8,15.4,15.1,13.4,10.7,8.4,13.8,11.1,17,10.9,7.2,1.7,0,12.3,0.5,0.4,0.3,0.3,0.3,3.9,3.9,4.3,5.1,0.3,4.2,2.3,12.6,9.5,7.5,1.6,0.5,10.2
2007,Sul,PR,Urbana,Total,98.4,91.59999999999998,86.5,93.2,94.3,81.9,82.2,83.4,85.4,92,83.1,87.60000000000001,72.3,81.4,87,96.8,94,79.5,1.1,8,13.2,6.5,5.4,14.5,14.2,12.6,10,7.7,13,10.3,16.1,10.1,6.4,1.6,5.3,11.4,0.5,0.4,0.3,0.3,0.3,3.6,3.6,4,4.6,0.3,3.9,2.1,11.6,8.5,6.6,1.6,0.7,9.1
2007,Sul,SC,Rural,Estadual,97.39999999999999,90.8,89.30000000000003,94.19999999999997,94,83.09999999999998,86.69999999999997,90.20000000000002,94.1,93.30000000000001,88.19999999999997,90.30000000000001,85,89.6,95,--,--,89.1,1.9,9.2,10.1,5.4,5.4,15.4,11.9,8.3,4.5,6.1,10.4,8.6,8.5,5.2,1.8,--,--,5.7,0.7,0,0.6,0.4,0.6,1.5,1.4,1.5,1.4,0.6,1.4,1.1,6.5,5.2,3.2,--,--,5.2
2007,Sul,SC,Rural,Federal,--,--,--,--,--,--,--,--,--,--,--,--,93.5,99.3,98.10000000000001,--,--,97,--,--,--,--,--,--,--,--,--,--,--,--,6.5,0,1.3,--,--,2.6,--,--,--,--,--,--,--,--,--,--,--,--,0,0.7,0.6,--,--,0.4
2007,Sul,SC,Rural,Municipal,95.8,89.79999999999998,90.59999999999998,94.3,95.10000000000001,84.1,88.6,90.8,95.09999999999998,93.3,89.19999999999997,92.2,86.6,82,91.6,--,--,85.70000000000002,3.8,9.9,9.2,5.4,4.6,14.5,10.2,7.5,3.4,6.4,9.4,7.2,1.5,1,2.8,--,--,1.5,0.4,0.3,0.2,0.3,0.3,1.4,1.2,1.7,1.5,0.3,1.4,0.6,11.9,17,5.6,--,--,12.8
2007,Sul,SC,Rural,Particular,--,100,--,100,--,--,--,--,--,100,--,100,100,100,--,--,--,100,--,0,--,0,--,--,--,--,--,0,--,0,0,0,--,--,--,0,--,0,--,0,--,--,--,--,--,0,--,0,0,0,--,--,--,0
2007,Sul,SC,Rural,Publico,96.3,89.8,90.3,94.3,94.8,83.6,87.60000000000001,90.5,94.6,93.40000000000002,88.69999999999997,91.7,85.8,90,95.20000000000002,--,--,89.60000000000001,3.3,9.9,9.4,5.4,4.8,14.9,11.1,7.9,4,6.3,9.9,7.6,7.7,4.5,1.8,--,--,5.1,0.4,0.3,0.3,0.3,0.4,1.5,1.3,1.6,1.4,0.3,1.4,0.7,6.5,5.5,3,--,--,5.3
2007,Sul,SC,Rural,Total,96.3,89.8,90.3,94.3,94.8,83.6,87.60000000000001,90.5,94.6,93.40000000000002,88.69999999999997,91.7,85.90000000000002,90,95.20000000000002,--,--,89.60000000000001,3.3,9.9,9.4,5.4,4.8,14.9,11.1,7.9,4,6.3,9.9,7.6,7.6,4.5,1.8,--,--,5.1,0.4,0.3,0.3,0.3,0.4,1.5,1.3,1.6,1.4,0.3,1.4,0.7,6.5,5.5,3,--,--,5.3
2007,Sul,SC,Total,Estadual,98.5,94.9,88.5,93,93.19999999999997,80.5,83.7,87.19999999999997,90.80000000000003,92.9,85.09999999999998,88.3,75.8,84.69999999999997,87.2,82.79999999999998,100,81.8,0.9,4.7,11.1,6.7,6.4,18.1,15.1,11.4,7.6,6.7,13.5,10.7,13.9,8.4,6.3,7.9,0,10,0.6,0.4,0.4,0.3,0.4,1.4,1.2,1.4,1.6,0.4,1.4,1,10.3,6.9,6.5,9.3,0,8.2
2007,Sul,SC,Total,Federal,100,95.8,94.39999999999999,93.1,97.40000000000002,90,87,81.7,93.5,95.5,88.2,91.89999999999999,88,91.60000000000001,93.1,--,80.3,88.3,0,4.2,4.2,6.9,1.3,10,11.6,18.3,5.2,3.9,11.1,7.4,9,7.1,5.5,--,13.5,8.7,0,0,1.4,0,1.3,0,1.4,0,1.3,0.6,0.7,0.7,3,1.3,1.4,--,6.2,3
2007,Sul,SC,Total,Municipal,97.1,88.39999999999999,91.39999999999999,93.3,94.10000000000001,85.2,87,89,93.4,92.9,88.10000000000001,91.09999999999998,79.69999999999997,82,90.39999999999999,--,--,83,2.5,11.2,8.4,6.4,5.6,13.6,11.8,9.7,5.3,6.8,10.6,8.2,6.4,3.4,2.9,--,--,4.6,0.4,0.4,0.2,0.3,0.3,1.2,1.2,1.3,1.3,0.3,1.3,0.7,13.9,14.6,6.7,--,--,12.4
2007,Sul,SC,Total,Particular,98.89999999999999,97.9,98.6,99.2,99.2,97.9,97.10000000000001,96.10000000000001,96.7,98.80000000000003,96.9,97.9,94.2,96.40000000000002,97.6,--,97.2,96.10000000000001,0.9,1.8,1.3,0.7,0.7,2,2.8,3.8,3.3,1.1,3,2,5.6,3.3,2,--,2.6,3.6,0.2,0.3,0.1,0.1,0.1,0.1,0.1,0.1,0,0.1,0.1,0.1,0.2,0.3,0.4,--,0.2,0.3
2007,Sul,SC,Total,Publico,97.7,88.8,90.2,93.2,93.69999999999997,82.5,85,87.8,91.70000000000002,92.9,86.40000000000002,89.8,75.9,84.69999999999997,87.2,82.79999999999998,81.39999999999999,81.9,1.8,10.8,9.5,6.5,5.9,16.2,13.8,10.8,6.8,6.8,12.3,9.4,13.8,8.4,6.3,7.9,12.7,10,0.5,0.4,0.3,0.3,0.4,1.3,1.2,1.4,1.5,0.3,1.3,0.8,10.3,6.9,6.5,9.3,5.9,8.1
2007,Sul,SC,Total,Total,97.70000000000002,90.19999999999997,90.6,93.5,94.10000000000001,83.39999999999999,85.90000000000002,88.4,92.2,93.3,87.1,90.3,77.89999999999999,86.3,88.7,82.79999999999998,93.69999999999997,83.80000000000003,1.8,9.4,9.1,6.2,5.6,15.4,13,10.3,6.5,6.4,11.7,8.9,12.9,7.7,5.7,7.9,4.9,9.1,0.5,0.4,0.3,0.3,0.3,1.2,1.1,1.3,1.3,0.3,1.2,0.8,9.2,6,5.6,9.3,1.4,7.1
2007,Sul,SC,Urbana,Estadual,98.60000000000001,95,88.39999999999999,92.9,93.1,80.4,83.39999999999999,86.89999999999999,90.5,92.8,84.89999999999999,88.2,75.6,84.6,87,82.79999999999998,100,81.7,0.8,4.5,11.2,6.8,6.5,18.3,15.4,11.7,7.9,6.8,13.7,10.8,14,8.5,6.4,7.9,0,10.1,0.6,0.5,0.4,0.3,0.4,1.3,1.2,1.4,1.6,0.4,1.4,1,10.4,6.9,6.6,9.3,0,8.2
2007,Sul,SC,Urbana,Federal,100,95.8,94.39999999999999,93.1,97.40000000000002,90,87,81.7,93.5,95.5,88.2,91.89999999999999,84.89999999999999,88.10000000000001,90.7,--,80.3,85.5,0,4.2,4.2,6.9,1.3,10,11.6,18.3,5.2,3.9,11.1,7.4,10.4,10.3,7.5,--,13.5,10.7,0,0,1.4,0,1.3,0,1.4,0,1.3,0.6,0.7,0.7,4.7,1.6,1.8,--,6.2,3.8
2007,Sul,SC,Urbana,Municipal,97.39999999999999,88.19999999999997,91.6,93.10000000000001,93.9,85.3,86.8,88.7,93.2,92.8,88,91,72.3,82,90.19999999999997,--,--,81.30000000000003,2.2,11.4,8.2,6.6,5.8,13.5,12,10,5.6,6.9,10.8,8.3,11.7,4.8,2.9,--,--,6.6,0.4,0.4,0.2,0.3,0.3,1.2,1.2,1.3,1.2,0.3,1.2,0.7,16,13.2,6.9,--,--,12.1
2007,Sul,SC,Urbana,Particular,98.89999999999999,97.9,98.6,99.2,99.2,97.9,97.10000000000001,96.10000000000001,96.7,98.80000000000003,96.9,97.9,94.2,96.40000000000002,97.6,--,97.2,96.10000000000001,0.9,1.8,1.3,0.7,0.7,2,2.8,3.8,3.3,1.1,3,2,5.6,3.3,2,--,2.6,3.6,0.2,0.3,0.1,0.1,0.1,0.1,0.1,0.1,0,0.1,0.1,0.1,0.2,0.3,0.4,--,0.2,0.3
2007,Sul,SC,Urbana,Publico,97.9,88.69999999999997,90.1,93,93.5,82.30000000000003,84.8,87.60000000000001,91.4,92.90000000000002,86.10000000000001,89.60000000000001,75.59999999999998,84.6,87,82.79999999999998,81.39999999999999,81.7,1.6,10.9,9.6,6.7,6.1,16.4,14,11.1,7.1,6.8,12.6,9.6,14,8.5,6.4,7.9,12.7,10.1,0.5,0.4,0.3,0.3,0.4,1.3,1.2,1.3,1.5,0.3,1.3,0.8,10.4,6.9,6.6,9.3,5.9,8.2
2007,Sul,SC,Urbana,Total,98,90.19999999999997,90.7,93.4,94,83.39999999999999,85.7,88.3,92,93.3,87,90.2,77.7,86.2,88.5,82.79999999999998,93.69999999999997,83.7,1.5,9.4,9,6.3,5.7,15.4,13.2,10.5,6.7,6.4,11.8,9,13.1,7.8,5.8,7.9,4.9,9.2,0.5,0.4,0.3,0.3,0.3,1.2,1.1,1.2,1.3,0.3,1.2,0.8,9.2,6,5.7,9.3,1.4,7.1
2007,Sul,RS,Rural,Estadual,93.6,82,88.1,89.3,89.60000000000001,77.6,78.8,82.80000000000003,88.89999999999999,88,81.5,84.7,63.8,75.9,87.2,100,100,73.69999999999999,3.7,16.1,11,9.3,8.6,19.2,17.3,13.1,7.7,10.4,14.9,12.7,20.1,14.1,7.2,0,0,14.9,2.7,1.9,0.9,1.4,1.8,3.2,3.9,4.1,3.4,1.6,3.6,2.6,16.1,10,5.6,0,0,11.4
2007,Sul,RS,Rural,Federal,--,--,--,--,--,--,--,--,--,--,--,--,79.89999999999999,80.1,92,--,--,83.6,--,--,--,--,--,--,--,--,--,--,--,--,12.2,16,6.6,--,--,11.7,--,--,--,--,--,--,--,--,--,--,--,--,7.9,3.9,1.4,--,--,4.7
2007,Sul,RS,Rural,Municipal,99.1,83.4,88.9,91.6,90.89999999999999,77.80000000000003,81.39999999999999,85.3,92.5,90.29999999999998,83.20000000000002,87.5,52.800000000000026,71.19999999999999,89.69999999999997,100,--,65.8,0.4,16,10.7,8,8.4,19.9,16.4,12,5.4,9.2,14.5,11.3,20.9,12.9,4.4,0,--,15.2,0.5,0.6,0.4,0.4,0.7,2.3,2.2,2.7,2.1,0.5,2.3,1.2,26.3,15.9,5.9,0,--,19
2007,Sul,RS,Rural,Particular,100,75,94.1,85.5,83.3,84,85.3,91.7,100,86,91,88.90000000000002,83.09999999999998,98,100,--,--,92.7,0,20,5.9,10.9,16.7,14,14.7,8.3,0,12.1,8.6,10.1,14.9,0,0,--,--,5.8,0,5,0,3.6,0,2,0,0,0,1.9,0.4,1,2,2,0,--,--,1.5
2007,Sul,RS,Rural,Publico,97.8,83,88.60000000000001,90.89999999999999,90.5,77.7,80.5,84.39999999999999,91.10000000000001,89.5,82.60000000000001,86.5,64.7,76.10000000000001,88,100,100,74.40000000000002,1.2,16,10.8,8.4,8.5,19.7,16.7,12.4,6.3,9.6,14.6,11.8,19.3,14.3,7,0,0,14.5,1,1,0.6,0.7,1,2.6,2.8,3.2,2.6,0.9,2.8,1.7,16,9.6,5,0,0,11.1
2007,Sul,RS,Rural,Total,97.8,83,88.60000000000001,90.89999999999999,90.5,77.7,80.5,84.39999999999999,91.1,89.5,82.60000000000001,86.5,65.2,76.8,88.3,100,100,74.8,1.2,16,10.8,8.4,8.5,19.7,16.7,12.4,6.3,9.6,14.6,11.8,19.2,13.8,6.8,0,0,14.3,1,1,0.6,0.7,1,2.6,2.8,3.2,2.6,0.9,2.8,1.7,15.6,9.4,4.9,0,0,10.9
2007,Sul,RS,Total,Estadual,97.7,80.6,88.1,89.19999999999997,88.10000000000001,71.30000000000003,72.6,74.89999999999999,79.90000000000002,87.5,74.30000000000003,80.5,53,69.2,81.60000000000001,86,67.9,64.70000000000002,0.8,17.5,11,9.9,10.8,25.4,23.9,20.9,15.8,11.2,21.9,16.9,27.9,18,10.3,5.2,18.6,20.7,1.5,1.9,0.9,0.9,1.1,3.3,3.5,4.2,4.3,1.3,3.8,2.6,19.1,12.8,8.1,8.8,13.5,14.6
2007,Sul,RS,Total,Federal,--,88,100,100,100,89.8,89.5,89.9,93.4,97.19999999999997,90.8,91.30000000000003,77.89999999999999,87.5,88,--,100,83.7,--,8,0,0,0,10.2,10.5,10.1,6.6,1.9,9.2,8.6,18.2,10.3,11.2,--,0,13.8,--,4,0,0,0,0,0,0,0,0.9,0,0.1,3.9,2.2,0.8,--,0,2.5
2007,Sul,RS,Total,Municipal,98.39999999999999,82.1,88.19999999999997,90,88.9,75.9,77.89999999999999,81.5,87.19999999999997,88.9,79.69999999999997,85.19999999999999,52.80000000000001,65.5,77.1,85.5,64.5,63.70000000000002,0.7,16.7,10.9,8.9,10.2,20.8,18.7,15.6,9.4,10.1,17.1,12.9,26.1,21.2,12.4,6.2,4.4,18,0.9,1.2,0.9,1.1,0.9,3.3,3.4,2.9,3.4,1,3.2,1.9,21.1,13.3,10.5,8.3,31.1,18.3
2007,Sul,RS,Total,Particular,99.1,96.1,97.7,97.89999999999999,97.5,95.40000000000002,94.7,94.10000000000001,94.89999999999999,97.39999999999999,94.8,96.2,88.80000000000001,93.19999999999999,96.7,98.6,89.39999999999999,92.89999999999999,0.7,3.5,2.1,1.9,2.3,4.3,5.1,5.8,4.9,2.4,5,3.6,10.6,6.4,3.1,0.9,7.7,6.7,0.2,0.4,0.2,0.2,0.2,0.3,0.2,0.1,0.2,0.2,0.2,0.2,0.6,0.4,0.2,0.5,2.9,0.4
2007,Sul,RS,Total,Publico,98.2,81.4,88.19999999999997,89.7,88.5,73.5,75,77.7,82.70000000000002,88.30000000000003,76.7,82.8,53.3,69.39999999999999,81.6,86,67.69999999999997,65,0.7,17.1,10.9,9.3,10.5,23.2,21.6,18.7,13.3,10.6,19.8,14.9,27.8,17.9,10.4,5.2,17.6,20.5,1.1,1.5,0.9,1,1,3.3,3.4,3.6,4,1.1,3.5,2.3,18.9,12.7,8,8.8,14.7,14.5
2007,Sul,RS,Total,Total,98.2,82.8,89.10000000000001,90.3,89.2,75,76.39999999999999,79.10000000000001,84,89,78.09999999999998,83.9,56.2,72.19999999999997,83.9,87.80000000000003,68.6,68,0.7,15.8,10.1,8.7,9.8,21.9,20.4,17.6,12.4,9.9,18.6,14,26.4,16.6,9.3,4.6,17.2,19,1.1,1.4,0.8,1,1,3.1,3.2,3.3,3.6,1.1,3.3,2.1,17.4,11.2,6.8,7.6,14.2,13
2007,Sul,RS,Urbana,Estadual,98.19999999999997,80.39999999999999,88.1,89.1,87.9,70.7,72,74.09999999999998,79.1,87.5,73.7,80.10000000000001,52.8,69,81.39999999999999,86,67.8,64.60000000000001,0.4,17.7,11,10,11,26,24.5,21.7,16.5,11.3,22.5,17.3,28.1,18.1,10.4,5.2,18.7,20.8,1.4,1.9,0.9,0.9,1.1,3.3,3.5,4.2,4.4,1.2,3.8,2.6,19.1,12.9,8.2,8.8,13.5,14.6
2007,Sul,RS,Urbana,Federal,--,88,100,100,100,89.8,89.5,89.9,93.4,97.19999999999997,90.8,91.30000000000003,77.39999999999999,89.90000000000002,86.5,--,100,83.8,--,8,0,0,0,10.2,10.5,10.1,6.6,1.9,9.2,8.6,19.9,8.5,13,--,0,14.4,--,4,0,0,0,0,0,0,0,0.9,0,0.1,2.7,1.6,0.5,--,0,1.8
2007,Sul,RS,Urbana,Municipal,98.2,81.80000000000003,88.1,89.60000000000001,88.4,75.4,77.2,80.7,86,88.60000000000001,78.9,84.60000000000001,52.9,64.8,75.7,85.3,64.5,63.5,0.8,16.9,10.9,9.1,10.6,21,19.2,16.4,10.3,10.3,17.6,13.3,26.9,22.3,13.3,6.3,4.4,18.3,1,1.3,1,1.3,1,3.6,3.6,2.9,3.7,1.1,3.5,2.1,20.2,12.9,11,8.4,31.1,18.2
2007,Sul,RS,Urbana,Particular,99.1,96.1,97.7,98,97.5,95.4,94.8,94.10000000000001,94.89999999999999,97.39999999999999,94.8,96.2,88.9,93.1,96.7,98.6,89.39999999999999,92.89999999999999,0.7,3.5,2.1,1.8,2.3,4.3,5,5.8,4.9,2.4,5,3.6,10.5,6.5,3.1,0.9,7.7,6.7,0.2,0.4,0.2,0.2,0.2,0.3,0.2,0.1,0.2,0.2,0.2,0.2,0.6,0.4,0.2,0.5,2.9,0.4
2007,Sul,RS,Urbana,Publico,98.09999999999998,81.10000000000001,88.1,89.4,88.2,72.89999999999999,74.2,76.69999999999997,81.60000000000001,88,75.9,82.3,53,69.09999999999998,81.4,86,67.7,64.7,0.7,17.3,10.9,9.5,10.8,23.7,22.3,19.6,14.3,10.8,20.5,15.4,28,18.1,10.5,5.2,17.6,20.7,1.2,1.6,1,1.1,1,3.4,3.5,3.7,4.1,1.2,3.6,2.3,19,12.8,8.1,8.8,14.7,14.6
2007,Sul,RS,Urbana,Total,98.2,82.8,89.1,90.2,89,74.59999999999998,76,78.40000000000002,83.2,88.9,77.60000000000001,83.60000000000001,56,72.2,83.7,87.80000000000003,68.6,67.9,0.7,15.7,10,8.8,10,22.2,20.8,18.3,13.1,10,19.1,14.3,26.5,16.6,9.4,4.6,17.2,19.1,1.1,1.5,0.9,1,1,3.2,3.2,3.3,3.7,1.1,3.3,2.1,17.5,11.2,6.9,7.6,14.2,13
2007,Centro_Oeste,MS,Rural,Estadual,97.5,66.3,78.6,82.9,86.2,70.60000000000001,80.39999999999999,81.3,84.80000000000003,82.10000000000001,78.2,80.3,69.5,80.20000000000002,91.90000000000002,100,--,78.10000000000001,0,31.7,20,15.6,12,23.3,16.9,12.1,7.6,16.1,16.2,16.1,12.9,8.5,2.5,0,--,9.1,2.5,2,1.4,1.5,1.8,6.1,2.7,6.6,7.6,1.8,5.6,3.6,17.6,11.3,5.6,0,--,12.8
2007,Centro_Oeste,MS,Rural,Municipal,93.2,69.1,76.79999999999998,77.7,82.5,69.8,76.39999999999999,81.39999999999999,89.1,78.6,77.4,78.09999999999998,74,87.80000000000001,--,--,--,78.39999999999999,3.5,25.9,19.3,18,13.2,21.6,16.2,11.7,6,17.2,15.3,16.6,7.2,6.1,--,--,--,6.9,3.3,5,3.9,4.3,4.3,8.6,7.4,6.9,4.9,4.2,7.3,5.3,18.8,6.1,--,--,--,14.7
2007,Centro_Oeste,MS,Rural,Particular,--,97.6,97.4,100,97.8,97,98.4,100,100,98.1,98.8,98.39999999999999,93.10000000000001,100,99.3,--,--,97.1,--,2.4,2.6,0,2.2,2,1.6,0,0,1.9,1,1.4,3.8,0,0.7,--,--,1.7,--,0,0,0,0,1,0,0,0,0,0.2,0.2,3.1,0,0,--,--,1.2
2007,Centro_Oeste,MS,Rural,Publico,93.4,68.89999999999999,76.8,78.10000000000001,82.80000000000003,69.9,76.8,81.5,88.5,78.8,77.5,78.40000000000002,69.89999999999999,80.7,91.90000000000002,100,--,78.1,3.3,26.2,19.4,17.8,13.1,21.8,16.3,11.7,6.2,17.1,15.4,16.5,12.4,8.3,2.5,0,--,9,3.3,4.9,3.8,4.1,4.1,8.3,6.9,6.8,5.3,4.1,7.1,5.1,17.7,11,5.6,0,--,12.9
2007,Centro_Oeste,MS,Rural,Total,93.4,69.2,77.1,78.2,83.1,70.5,77.5,82,88.9,79,78.1,78.7,73.7,83.5,94,100,--,81.5,3.3,26,19.2,17.7,12.9,21.3,15.8,11.4,6,17,15,16.3,11,7.1,2,0,--,7.7,3.3,4.8,3.7,4.1,4,8.2,6.7,6.6,5.1,4,6.9,5,15.3,9.4,4,0,--,10.8
2007,Centro_Oeste,MS,Total,Estadual,97.19999999999999,70,81.1,83.8,85.6,69.20000000000002,70,74.3,78.10000000000001,82.8,72.5,76.7,60.900000000000006,73.3,79.4,100,60.3,69.39999999999999,0.4,26.5,16.9,14.2,12,24,23.4,19.5,14.3,14.8,20.7,18.3,21.5,13.5,9.1,0,33.8,15.9,2.4,3.5,2,2,2.4,6.8,6.6,6.2,7.6,2.4,6.8,5,17.6,13.2,11.5,0,5.9,14.7
2007,Centro_Oeste,MS,Total,Federal,--,--,--,--,--,88.4,75.8,88.6,85.6,--,84,84,83.8,87.9,93.3,--,--,87.7,--,--,--,--,--,11.6,24.2,11.4,14.4,--,16,16,16.2,12.1,6.7,--,--,12.3,--,--,--,--,--,0,0,0,0,--,0,0,0,0,0,--,--,0
2007,Centro_Oeste,MS,Total,Municipal,96.5,73.8,82.19999999999997,83.69999999999997,87.80000000000003,73.5,78.3,81.80000000000003,88,84.1,78.8,82.19999999999997,74.3,87.80000000000001,100,--,0,77.4,1.3,22.5,15.9,13.9,10.1,20.6,17.3,12.1,8,13.5,16,14.4,7.1,6.1,0,--,50,7.5,2.2,3.7,1.9,2.4,2.1,5.9,4.4,6.1,4,2.4,5.2,3.4,18.6,6.1,0,--,50,15.1
2007,Centro_Oeste,MS,Total,Particular,97.9,97.6,98.5,98.7,98.7,97.3,96,96.39999999999999,96.5,98.3,96.60000000000001,97.60000000000001,90.9,94.9,97.6,--,100,94.5,0.8,1.9,1.3,1,1.1,2.5,3.5,3.4,3.1,1.3,3.1,2.1,8.3,4.5,1.9,--,0,4.9,1.3,0.5,0.2,0.3,0.2,0.2,0.5,0.2,0.4,0.4,0.3,0.3,0.8,0.6,0.5,--,0,0.6
2007,Centro_Oeste,MS,Total,Publico,96.60000000000001,72.90000000000002,81.89999999999999,83.70000000000002,87,71.5,74,77.79999999999998,81.6,83.69999999999997,75.5,79.9,61.1,73.3,79.5,100,58.6,69.5,1.1,23.5,16.2,14,10.8,22.2,20.5,16.1,12.1,13.9,18.5,16,21.4,13.5,9.1,0,34.3,15.9,2.3,3.6,1.9,2.3,2.2,6.3,5.5,6.1,6.3,2.4,6,4.1,17.5,13.2,11.4,0,7.1,14.6
2007,Centro_Oeste,MS,Total,Total,96.7,75.2,83.20000000000002,85,88,73.3,75.7,79.4,83.30000000000003,85,77.3,81.4,64.4,76.39999999999999,82.7,100,69.4,72.89999999999999,1.1,21.5,15,12.9,10,20.8,19.2,15,11.1,12.8,17.2,14.8,20,12.2,7.8,0,25.3,14.4,2.2,3.3,1.8,2.1,2,5.9,5.1,5.6,5.6,2.2,5.5,3.8,15.6,11.4,9.5,0,5.3,12.7
2007,Centro_Oeste,MS,Urbana,Estadual,97.19999999999999,70.2,81.2,83.8,85.6,69.20000000000002,69.8,74.19999999999997,78,82.89999999999999,72.4,76.5,60.7,73.10000000000001,79.2,100,60.3,69.19999999999997,0.4,26.3,16.8,14.2,12,24,23.5,19.6,14.4,14.7,20.8,18.4,21.7,13.6,9.2,0,33.8,16.1,2.4,3.5,2,2,2.4,6.8,6.7,6.2,7.6,2.4,6.8,5.1,17.6,13.3,11.6,0,5.9,14.7
2007,Centro_Oeste,MS,Urbana,Federal,--,--,--,--,--,88.4,75.8,88.6,85.6,--,84,84,83.8,87.9,93.3,--,--,87.7,--,--,--,--,--,11.6,24.2,11.4,14.4,--,16,16,16.2,12.1,6.7,--,--,12.3,--,--,--,--,--,0,0,0,0,--,0,0,0,0,0,--,--,0
2007,Centro_Oeste,MS,Urbana,Municipal,97.1,74.89999999999999,83.39999999999999,84.9,88.8,74.2,78.8,81.8,87.8,85.2,79,83,100,--,100,--,0,50,0.9,21.7,15.2,13.1,9.5,20.4,17.4,12.2,8.4,12.8,16.1,14,0,--,0,--,50,25,2,3.4,1.4,2,1.7,5.4,3.8,6,3.8,2,4.9,3,0,--,0,--,50,25
2007,Centro_Oeste,MS,Urbana,Particular,97.9,97.6,98.5,98.7,98.7,97.3,96,96.3,96.5,98.3,96.5,97.5,90.8,94.80000000000003,97.5,--,100,94.40000000000002,0.8,1.9,1.3,1,1.1,2.5,3.5,3.5,3.1,1.3,3.2,2.1,8.5,4.6,1.9,--,0,5,1.3,0.5,0.2,0.3,0.2,0.2,0.5,0.2,0.4,0.4,0.3,0.4,0.7,0.6,0.6,--,0,0.6
2007,Centro_Oeste,MS,Urbana,Publico,97.10000000000001,73.5,82.7,84.5,87.5,71.7,73.7,77.4,81.10000000000001,84.39999999999999,75.20000000000002,80.19999999999999,60.80000000000001,73.2,79.3,100,58.6,69.40000000000002,0.8,23.1,15.7,13.5,10.5,22.2,20.9,16.5,12.6,13.4,18.8,15.9,21.7,13.6,9.2,0,34.3,16,2.1,3.4,1.6,2,2,6.1,5.4,6.1,6.3,2.2,6,3.9,17.5,13.2,11.5,0,7.1,14.6
2007,Centro_Oeste,MS,Urbana,Total,97.1,76.10000000000001,84.1,85.8,88.60000000000001,73.7,75.5,79.3,83,85.7,77.2,81.7,64.2,76.3,82.4,100,69.4,72.8,0.8,20.8,14.4,12.3,9.6,20.7,19.5,15.2,11.4,12.3,17.4,14.7,20.2,12.3,8,0,25.3,14.5,2.1,3.1,1.5,1.9,1.8,5.6,5,5.5,5.6,2,5.4,3.6,15.6,11.4,9.6,0,5.3,12.7
2007,Centro_Oeste,MT,Rural,Estadual,85.3,90.5,80.4,88.1,89.5,76.8,82.5,84.3,83.10000000000001,86.9,81.30000000000003,84.09999999999998,77.1,84,91.1,--,80.3,82.39999999999999,10.1,4.9,14.8,7,4.5,12,5.5,5.7,5.8,8.1,7.6,7.9,5,3.4,1.5,--,0,3.7,4.6,4.6,4.8,4.9,6,11.2,12,10,11.1,5,11.1,8,17.9,12.6,7.4,--,19.7,13.9
2007,Centro_Oeste,MT,Rural,Federal,--,--,--,--,--,--,--,--,--,--,--,--,72.2,92,92.8,--,--,81.9,--,--,--,--,--,--,--,--,--,--,--,--,24,8,6,--,--,15.8,--,--,--,--,--,--,--,--,--,--,--,--,3.8,0,1.2,--,--,2.3
2007,Centro_Oeste,MT,Rural,Municipal,90,81,82.4,86.5,87.4,79.2,84.9,86.10000000000001,88.10000000000001,84.9,84,84.60000000000001,83.80000000000003,93.8,94.5,100,--,90.8,4.6,12.9,13.9,9.2,8,12.1,6.5,4.8,3.6,10.3,7.3,9.1,5.1,0.9,1.1,0,--,2.3,5.4,6.1,3.7,4.3,4.6,8.7,8.6,9.1,8.3,4.8,8.7,6.3,11.1,5.3,4.4,0,--,6.9
2007,Centro_Oeste,MT,Rural,Particular,86.7,86.7,80,96.2,95.8,84,88.6,91.39999999999999,96.3,89.2,90.2,89.7,--,100,100,--,--,100,13.3,13.3,20,3.8,4.2,16,11.4,5.7,0,10.8,8.2,9.5,--,0,0,--,--,0,0,0,0,0,0,0,0,2.9,3.7,0,1.6,0.8,--,0,0,--,--,0
2007,Centro_Oeste,MT,Rural,Publico,88.9,82.9,82,86.69999999999997,87.8,78.6,84.3,85.7,86.7,85.3,83.3,84.5,76.8,85,91.39999999999999,100,80.3,82.7,5.8,11.3,14.1,8.9,7.4,12.1,6.3,5,4.2,9.9,7.4,8.9,6.9,3.6,1.9,0,0,4.7,5.3,5.8,3.9,4.4,4.8,9.3,9.4,9.3,9.1,4.8,9.3,6.6,16.3,11.4,6.7,0,19.7,12.6
2007,Centro_Oeste,MT,Rural,Total,89,82.9,82,86.79999999999998,87.8,78.6,84.3,85.7,86.70000000000002,85.3,83.3,84.5,76.8,85,91.60000000000001,100,80.3,82.80000000000003,5.8,11.3,14.1,8.8,7.4,12.1,6.3,5,4.2,9.9,7.4,8.9,6.9,3.6,1.8,0,0,4.6,5.2,5.8,3.9,4.4,4.8,9.3,9.4,9.3,9.1,4.8,9.3,6.6,16.3,11.4,6.6,0,19.7,12.6
2007,Centro_Oeste,MT,Total,Estadual,92.10000000000001,92.60000000000001,83.39999999999999,93.6,94.30000000000003,78.5,85.89999999999999,84.29999999999998,78.3,91.1,81.69999999999997,85.5,65.8,73.7,77.1,84.69999999999997,75.09999999999998,71.20000000000002,2.3,2.8,13.2,2.7,2.1,14.5,6.2,6.9,9.8,4.9,9.4,7.6,11.7,7.7,6.5,3.4,3.4,9.1,5.6,4.6,3.4,3.7,3.6,7,7.9,8.8,11.9,4,8.9,6.9,22.5,18.6,16.4,11.9,21.5,19.7
2007,Centro_Oeste,MT,Total,Federal,--,--,--,--,--,--,--,--,--,--,--,--,79.3,90.90000000000002,94.3,--,--,87.39999999999999,--,--,--,--,--,--,--,--,--,--,--,--,18.4,8.6,5.3,--,--,11.4,--,--,--,--,--,--,--,--,--,--,--,--,2.3,0.5,0.4,--,--,1.2
2007,Centro_Oeste,MT,Total,Municipal,95.4,87.3,84.3,89.6,90.7,81.2,84.79999999999998,85.2,86.60000000000001,89,83.9,87.3,85.60000000000001,93.5,94.60000000000001,100,--,91,1.8,9.4,13.5,7.9,6.8,13.2,8.9,7.5,5.8,8.4,9.6,8.8,5.6,2.2,1.1,0,--,3.1,2.8,3.3,2.2,2.5,2.5,5.6,6.3,7.3,7.6,2.6,6.5,3.9,8.8,4.3,4.3,0,--,5.9
2007,Centro_Oeste,MT,Total,Particular,98.1,97.89999999999999,98.5,98.5,98.3,96.6,95.69999999999997,95.2,93.4,98.3,95.29999999999998,96.8,91.1,94.6,94.3,100,100,93.3,1.2,1.7,1.1,1.2,1.4,2.9,3.9,4.1,6.1,1.3,4.2,2.7,8,4.5,4.7,0,0,5.8,0.7,0.4,0.4,0.3,0.3,0.5,0.4,0.7,0.5,0.4,0.5,0.5,0.9,0.9,1,0,0,0.9
2007,Centro_Oeste,MT,Total,Publico,94.3,89,84,91.1,92.1,79.69999999999997,85.4,84.60000000000001,80.7,89.8,82.5,86.5,66,74,77.4,85.2,75.09999999999998,71.5,2,7.3,13.4,6,5,13.9,7.3,7.1,8.6,7.1,9.5,8.2,11.8,7.7,6.5,3.3,3.4,9.1,3.7,3.7,2.6,2.9,2.9,6.4,7.3,8.3,10.7,3.1,8,5.3,22.2,18.3,16.1,11.5,21.5,19.4
2007,Centro_Oeste,MT,Total,Total,94.4,89.6,84.8,91.5,92.6,80.7,86.10000000000001,85.3,81.69999999999999,90.2,83.3,87.1,67.7,75.7,79.10000000000001,86.6,75.40000000000002,73.3,2,6.9,12.7,5.7,4.7,13.3,7.1,6.9,8.4,6.8,9.2,7.9,11.5,7.4,6.3,3,3.3,8.8,3.6,3.5,2.5,2.8,2.7,6,6.8,7.8,9.9,3,7.5,5,20.8,16.9,14.6,10.4,21.3,17.9
2007,Centro_Oeste,MT,Urbana,Estadual,92.89999999999999,92.9,83.6,94.10000000000001,94.69999999999997,78.8,86.1,84.2,78,91.5,81.79999999999998,85.7,65.10000000000001,73,76.3,84.69999999999997,73.6,70.6,1.4,2.5,13.1,2.3,1.9,14.6,6.3,7,10,4.6,9.5,7.5,12.1,8,6.8,3.4,4.4,9.4,5.7,4.6,3.3,3.6,3.4,6.6,7.6,8.8,12,3.9,8.7,6.8,22.8,19,16.9,11.9,22,20
2007,Centro_Oeste,MT,Urbana,Federal,--,--,--,--,--,--,--,--,--,--,--,--,88.3,90.20000000000002,95,--,--,91.3,--,--,--,--,--,--,--,--,--,--,--,--,11.4,9,5,--,--,8.3,--,--,--,--,--,--,--,--,--,--,--,--,0.3,0.8,0,--,--,0.4
2007,Centro_Oeste,MT,Urbana,Municipal,96.6,89.3,85,90.6,91.8,81.8,84.6,84.7,85.7,90.2,83.80000000000003,88.30000000000003,92.3,91.7,100,100,--,92.3,1.2,8.3,13.3,7.5,6.4,13.7,10,8.8,7,7.8,10.6,8.6,7.7,8.3,0,0,--,7.7,2.2,2.4,1.7,1.9,1.8,4.5,5.4,6.5,7.3,2,5.6,3.1,0,0,0,0,--,0
2007,Centro_Oeste,MT,Urbana,Particular,98.3,98,98.6,98.60000000000001,98.3,96.6,95.69999999999997,95.2,93.39999999999999,98.3,95.3,96.8,91.1,94.6,94.3,100,100,93.3,1,1.6,1,1.1,1.4,2.9,3.9,4.1,6.2,1.3,4.2,2.7,8,4.5,4.7,0,0,5.8,0.7,0.4,0.4,0.3,0.3,0.5,0.4,0.7,0.4,0.4,0.5,0.5,0.9,0.9,1,0,0,0.9
2007,Centro_Oeste,MT,Urbana,Publico,95.3,90.5,84.5,92,93.1,79.9,85.59999999999998,84.4,79.79999999999998,90.7,82.39999999999999,86.9,65.29999999999998,73.20000000000002,76.5,85,73.6,70.70000000000002,1.3,6.3,13.2,5.4,4.4,14.3,7.5,7.5,9.3,6.5,9.9,8.1,12.1,8,6.8,3.3,4.4,9.4,3.4,3.2,2.3,2.6,2.5,5.8,6.9,8.1,10.9,2.8,7.7,5,22.6,18.8,16.7,11.7,22,19.9
2007,Centro_Oeste,MT,Urbana,Total,95.4,91.09999999999998,85.39999999999999,92.5,93.5,81.1,86.39999999999999,85.29999999999998,80.80000000000003,91.30000000000003,83.39999999999999,87.6,67.1,75,78.4,86.4,73.8,72.60000000000001,1.3,5.9,12.4,5.1,4.2,13.5,7.2,7.2,9.1,6.1,9.4,7.7,11.8,7.7,6.5,3,4.4,9.1,3.3,3,2.2,2.4,2.3,5.4,6.4,7.5,10.1,2.6,7.2,4.7,21.1,17.3,15.1,10.6,21.8,18.3
2007,Centro_Oeste,GO,Rural,Estadual,80.3,83.80000000000003,92.3,89.4,91.4,81.90000000000002,82.9,89.20000000000002,85.60000000000001,88.4,84.7,86,77.5,81.9,85.39999999999999,--,100,81.20000000000002,4.9,15.6,6.5,9.1,6.6,12,10.1,4.2,5.3,9.1,8.2,8.5,5.5,5.1,3.4,--,0,4.8,14.8,0.6,1.2,1.5,2,6.1,7,6.6,9.1,2.5,7.1,5.5,17,13,11.2,--,0,14
2007,Centro_Oeste,GO,Rural,Federal,--,--,--,--,--,--,--,--,--,--,--,--,81.3,90.8,93.80000000000003,--,--,88.2,--,--,--,--,--,--,--,--,--,--,--,--,12.3,6.3,5.6,--,--,8.3,--,--,--,--,--,--,--,--,--,--,--,--,6.4,2.9,0.6,--,--,3.5
2007,Centro_Oeste,GO,Rural,Municipal,92.39999999999999,81.8,83.90000000000002,87.80000000000001,89.60000000000001,79.9,82.9,86.2,90.2,87,84.19999999999997,86.10000000000001,77,90,89.5,--,--,83.60000000000001,3.2,14.3,13,9.1,6.8,12.6,9.1,6.1,3.5,9.4,8.4,9.1,5.3,2.9,4.2,--,--,4.3,4.4,3.9,3.1,3.1,3.6,7.5,8,7.7,6.3,3.6,7.4,4.8,17.7,7.1,6.3,--,--,12.1
2007,Centro_Oeste,GO,Rural,Particular,86.79999999999998,87.8,91.3,91.90000000000002,88,89.4,90.39999999999999,93,94.3,89.4,91.6,90.4,88,94.60000000000001,93.3,--,--,92,7.2,10.2,8.7,7.1,9.8,7.3,6.7,4.2,1.9,8.6,5.2,7.1,1.2,1.1,4.5,--,--,2.3,6,2,0,1,2.2,3.3,2.9,2.8,3.8,2,3.2,2.5,10.8,4.3,2.2,--,--,5.7
2007,Centro_Oeste,GO,Rural,Publico,91.9,82,84.69999999999997,88,89.7,80.4,82.89999999999999,87,88.8,87.1,84.3,86.1,78.1,84.2,87.39999999999999,--,100,82.8,3.3,14.4,12.4,9.1,6.8,12.5,9.4,5.6,4,9.4,8.3,9,6.7,5.2,3.9,--,0,5.4,4.8,3.6,2.9,2.9,3.5,7.1,7.7,7.4,7.2,3.5,7.4,4.9,15.2,10.6,8.7,--,0,11.8
2007,Centro_Oeste,GO,Rural,Total,91.8,82,84.8,88.1,89.7,80.6,83.10000000000001,87.2,89,87.09999999999998,84.4,86.09999999999998,78.8,85.10000000000001,88,--,100,83.60000000000001,3.3,14.4,12.3,9,6.8,12.4,9.3,5.5,3.9,9.4,8.3,9,6.3,4.8,4,--,0,5.1,4.9,3.6,2.9,2.9,3.5,7,7.6,7.3,7.1,3.5,7.3,4.9,14.9,10.1,8,--,0,11.3
2007,Centro_Oeste,GO,Total,Estadual,92.5,87.6,91.2,91.6,89.9,78.30000000000003,78.60000000000001,79.39999999999999,78.4,90.3,78.7,81.1,63.4,73.10000000000001,80.3,75.4,75.5,71,1.8,9.7,6.8,6.3,6.7,13.1,12.3,10.4,9.3,6.9,11.3,10.4,14.6,10.1,6.8,13.5,8.9,11.1,5.7,2.7,2,2.1,3.4,8.6,9.1,10.2,12.3,2.8,10,8.5,22,16.8,12.9,11.1,15.6,17.9
2007,Centro_Oeste,GO,Total,Federal,97.5,97.7,93.1,92,83.1,95,71.7,96.9,93.2,91.89999999999999,89.9,90.89999999999999,76.3,90.9,96.5,--,77.8,87.2,0,2.3,6.9,8,16.9,3.3,28.3,3.1,6.8,7.7,9.7,8.7,20.6,8.1,3.3,--,22.2,11.3,2.5,0,0,0,0,1.7,0,0,0,0.4,0.4,0.4,3.1,1,0.2,--,0,1.5
2007,Centro_Oeste,GO,Total,Municipal,94.3,84.2,86.3,88.20000000000002,90.3,81.6,81.80000000000003,81.7,83.7,88.5,82,86.9,85.5,91.8,94.19999999999997,100,--,89.2,2,12.5,11.2,9,6.5,11,9.1,7.1,5.8,8.4,8.7,8.5,5.8,3.7,2.9,0,--,4.6,3.7,3.3,2.5,2.8,3.2,7.4,9.1,11.2,10.5,3.1,9.3,4.6,8.7,4.5,2.9,0,--,6.2
2007,Centro_Oeste,GO,Total,Particular,97.5,97.6,97.8,97.7,97.19999999999997,95.10000000000001,94.2,94.1,94.9,97.5,94.5,96.10000000000001,89.5,93.8,95.9,100,100,92.9,1.5,2,1.8,2,2.4,4.3,5.2,5.2,4.4,2,4.8,3.3,9,5,2.9,0,0,5.8,1,0.4,0.4,0.3,0.4,0.6,0.6,0.7,0.7,0.5,0.7,0.6,1.5,1.2,1.2,0,0,1.3
2007,Centro_Oeste,GO,Total,Publico,94.2,84.8,87.2,89,90.2,79.39999999999999,79.60000000000001,80,79.6,88.9,79.7,84.4,63.5,73.29999999999998,80.4,75.89999999999999,75.6,71.1,2,12,10.4,8.4,6.5,12.4,11.3,9.5,8.5,8.1,10.5,9.3,14.6,10.1,6.8,13.2,9.4,11.1,3.8,3.2,2.4,2.6,3.3,8.2,9.1,10.5,11.9,3,9.8,6.3,21.9,16.6,12.8,10.9,15,17.8
2007,Centro_Oeste,GO,Total,Total,94.69999999999999,86.39999999999999,88.60000000000001,90.10000000000001,91.1,81.3,81.4,81.8,81.5,90,81.5,85.9,66.2,75.70000000000002,82.3,76.7,76.4,73.59999999999998,1.9,10.7,9.3,7.6,6,11.4,10.6,8.9,8,7.3,9.8,8.5,14,9.5,6.3,12.8,9.1,10.5,3.4,2.9,2.1,2.3,2.9,7.3,8,9.3,10.5,2.7,8.7,5.6,19.8,14.8,11.4,10.5,14.5,15.9
2007,Centro_Oeste,GO,Urbana,Estadual,93,87.7,91.2,91.7,89.8,78.3,78.60000000000001,79.2,78.40000000000002,90.4,78.5,81,63.20000000000002,73,80.29999999999998,75.4,73.3,71,1.7,9.5,6.8,6.2,6.7,13.1,12.3,10.5,9.3,6.8,11.4,10.4,14.7,10.2,6.8,13.5,9.7,11.1,5.3,2.8,2,2.1,3.5,8.6,9.1,10.3,12.3,2.8,10.1,8.6,22.1,16.8,12.9,11.1,17,17.9
2007,Centro_Oeste,GO,Urbana,Federal,97.5,97.7,93.1,92,83.1,95,71.7,96.9,93.2,91.89999999999999,89.9,90.89999999999999,73.3,90.9,98,--,77.8,86.69999999999997,0,2.3,6.9,8,16.9,3.3,28.3,3.1,6.8,7.7,9.7,8.7,25.5,9.1,2,--,22.2,12.9,2.5,0,0,0,0,1.7,0,0,0,0.4,0.4,0.4,1.2,0,0,--,0,0.4
2007,Centro_Oeste,GO,Urbana,Municipal,94.5,84.4,86.5,88.3,90.3,81.8,81.6,81.10000000000001,82.80000000000001,88.7,81.8,87,93,93.70000000000002,98.2,100,--,94.4,1.9,12.3,11.1,8.9,6.5,10.8,9.1,7.3,6.1,8.3,8.7,8.4,6.2,4.7,1.8,0,--,4.8,3.6,3.3,2.4,2.8,3.2,7.4,9.3,11.6,11.1,3,9.5,4.6,0.8,1.6,0,0,--,0.8
2007,Centro_Oeste,GO,Urbana,Particular,97.6,97.59999999999998,97.89999999999999,97.7,97.2,95.10000000000001,94.2,94.1,94.9,97.6,94.60000000000001,96.2,89.5,93.8,95.89999999999999,100,100,92.8,1.4,2,1.7,2,2.4,4.3,5.2,5.2,4.4,1.9,4.8,3.3,9.1,5,2.9,0,0,5.9,1,0.4,0.4,0.3,0.4,0.6,0.6,0.7,0.7,0.5,0.6,0.5,1.4,1.2,1.2,0,0,1.3
2007,Centro_Oeste,GO,Urbana,Publico,94.39999999999999,85,87.5,89.10000000000001,90.29999999999998,79.39999999999999,79.39999999999999,79.7,79.20000000000002,89,79.5,84.3,63.30000000000001,73.1,80.40000000000002,75.89999999999999,73.5,71.10000000000001,1.9,11.8,10.2,8.3,6.5,12.4,11.4,9.7,8.7,8,10.6,9.3,14.7,10.2,6.8,13.2,10.2,11.1,3.7,3.2,2.3,2.6,3.2,8.2,9.2,10.6,12.1,3,9.9,6.4,22,16.7,12.8,10.9,16.3,17.8
2007,Centro_Oeste,GO,Urbana,Total,94.90000000000002,86.7,88.80000000000003,90.2,91.29999999999998,81.3,81.30000000000003,81.60000000000001,81.3,90.2,81.39999999999999,85.90000000000002,66.10000000000001,75.60000000000001,82.3,76.7,74.60000000000001,73.6,1.8,10.5,9.1,7.5,5.9,11.4,10.6,9.1,8.1,7.2,9.9,8.5,14.1,9.6,6.3,12.8,9.8,10.5,3.3,2.8,2.1,2.3,2.8,7.3,8.1,9.3,10.6,2.6,8.7,5.6,19.8,14.8,11.4,10.5,15.6,15.9
2007,Centro_Oeste,DF,Rural,Estadual,95.9,81.80000000000001,81.2,84.59999999999998,87.3,69.30000000000003,75.3,79.2,76.5,84.1,74.3,80.89999999999999,70.39999999999999,82.4,88.6,--,--,78.8,3,16.1,17.8,14.4,12,26.9,20.8,15.7,19.3,14.7,21.5,16.9,21.7,13,7.5,--,--,15.4,1.1,2.1,1,1,0.7,3.8,3.9,5.1,4.2,1.2,4.2,2.2,7.9,4.6,3.9,--,--,5.8
2007,Centro_Oeste,DF,Rural,Particular,--,--,--,--,--,100,100,100,100,--,100,100,100,100,--,--,--,100,--,--,--,--,--,0,0,0,0,--,0,0,0,0,--,--,--,0,--,--,--,--,--,0,0,0,0,--,0,0,0,0,--,--,--,0
2007,Centro_Oeste,DF,Rural,Publico,95.9,81.80000000000001,81.2,84.59999999999998,87.3,69.30000000000003,75.3,79.2,76.5,84.1,74.3,80.89999999999999,70.39999999999999,82.4,88.6,--,--,78.8,3,16.1,17.8,14.4,12,26.9,20.8,15.7,19.3,14.7,21.5,16.9,21.7,13,7.5,--,--,15.4,1.1,2.1,1,1,0.7,3.8,3.9,5.1,4.2,1.2,4.2,2.2,7.9,4.6,3.9,--,--,5.8
2007,Centro_Oeste,DF,Rural,Total,95.9,81.80000000000001,81.2,84.59999999999998,87.3,73.10000000000001,78.2,81.7,79,84.1,77.39999999999999,81.70000000000002,74.4,84.2,88.6,--,--,80.70000000000002,3,16.1,17.8,14.4,12,23.6,18.3,13.8,17.3,14.7,18.9,16.2,18.8,11.7,7.5,--,--,14,1.1,2.1,1,1,0.7,3.3,3.5,4.5,3.7,1.2,3.7,2.1,6.8,4.1,3.9,--,--,5.3
2007,Centro_Oeste,DF,Total,Estadual,96.2,86.80000000000003,83.2,87,90.3,67.40000000000002,73.2,77,74.5,87.39999999999999,72.3,80.59999999999998,56.8,68.40000000000002,74,--,80,64.7,1.6,12.1,16,12.4,9,29,23.3,19.4,21.2,11.7,24,17.2,31.2,21.9,17.9,--,20,25,2.2,1.1,0.8,0.6,0.7,3.6,3.5,3.6,4.3,0.9,3.7,2.2,12,9.7,8.1,--,0,10.3
2007,Centro_Oeste,DF,Total,Federal,--,--,--,--,--,92.4,94.1,94.1,94.1,--,93.8,93.8,98.3,95.1,97.7,--,--,96.8,--,--,--,--,--,7.6,5.9,5.9,5.9,--,6.2,6.2,1.7,4.9,2.3,--,--,3.2,--,--,--,--,--,0,0,0,0,--,0,0,0,0,0,--,--,0
2007,Centro_Oeste,DF,Total,Particular,96.6,98.30000000000003,98.9,98.8,98.6,96.4,95.10000000000001,93.79999999999998,94.30000000000003,98.2,94.9,96.80000000000003,88.7,93.5,95.4,92.3,--,92.3,2.7,1.6,1.1,1.2,1.4,3.5,4.8,6.2,5.6,1.6,5,3.1,11.1,6.4,4.5,7.7,--,7.6,0.7,0.1,0,0,0,0.1,0.1,0,0.1,0.2,0.1,0.1,0.2,0.1,0.1,0,--,0.1
2007,Centro_Oeste,DF,Total,Publico,96.2,86.80000000000003,83.2,87,90.3,67.5,73.5,77.20000000000002,74.89999999999999,87.39999999999999,72.6,80.7,57.4,69,74.29999999999998,--,80,65.09999999999998,1.6,12.1,16,12.4,9,28.9,23.1,19.2,20.9,11.7,23.7,17.1,30.8,21.5,17.7,--,20,24.7,2.2,1.1,0.8,0.6,0.7,3.6,3.4,3.6,4.2,0.9,3.7,2.2,11.8,9.5,8,--,0,10.2
2007,Centro_Oeste,DF,Total,Total,96.30000000000003,88.7,85.7,89,91.8,72,77.60000000000001,80.80000000000003,78.8,89.5,76.8,83.8,63.4,74.5,79.6,92.3,80,71.1,2.1,10.3,13.6,10.5,7.7,24.9,19.6,16.4,17.8,9.7,20.2,14.4,27,18.1,14.4,7.7,20,20.9,1.6,1,0.7,0.5,0.5,3.1,2.8,2.8,3.4,0.8,3,1.8,9.6,7.4,6,0,0,8
2007,Centro_Oeste,DF,Urbana,Estadual,96.10000000000001,87.1,83.3,87.1,90.60000000000001,67.29999999999998,73.19999999999999,76.8,74.4,87.6,72.19999999999997,80.59999999999998,56.5,68,73.69999999999997,--,80,64.39999999999999,1.6,11.8,15.9,12.3,8.8,29.1,23.4,19.6,21.3,11.5,24.1,17.2,31.4,22.1,18.1,--,20,25.2,2.3,1.1,0.8,0.6,0.6,3.6,3.4,3.6,4.3,0.9,3.7,2.2,12.1,9.9,8.2,--,0,10.4
2007,Centro_Oeste,DF,Urbana,Federal,--,--,--,--,--,92.4,94.1,94.1,94.1,--,93.8,93.8,98.3,95.1,97.7,--,--,96.8,--,--,--,--,--,7.6,5.9,5.9,5.9,--,6.2,6.2,1.7,4.9,2.3,--,--,3.2,--,--,--,--,--,0,0,0,0,--,0,0,0,0,0,--,--,0
2007,Centro_Oeste,DF,Urbana,Particular,96.6,98.30000000000003,98.9,98.8,98.6,96.30000000000003,95,93.6,94.2,98.2,94.80000000000003,96.8,88.6,93.4,95.4,92.3,--,92.2,2.7,1.6,1.1,1.2,1.4,3.6,4.9,6.4,5.7,1.6,5.1,3.1,11.2,6.5,4.5,7.7,--,7.7,0.7,0.1,0,0,0,0.1,0.1,0,0.1,0.2,0.1,0.1,0.2,0.1,0.1,0,--,0.1
2007,Centro_Oeste,DF,Urbana,Publico,96.10000000000001,87.1,83.3,87.1,90.60000000000001,67.4,73.39999999999999,77.2,74.8,87.6,72.60000000000001,80.69999999999997,57.1,68.7,74,--,80,65,1.6,11.8,15.9,12.3,8.8,29,23.2,19.3,21,11.5,23.8,17.1,31,21.7,17.9,--,20,24.8,2.3,1.1,0.8,0.6,0.6,3.6,3.4,3.5,4.2,0.9,3.6,2.2,11.9,9.6,8.1,--,0,10.2
2007,Centro_Oeste,DF,Urbana,Total,96.40000000000002,89.09999999999998,86,89.2,92.1,72.1,77.6,80.79999999999998,78.8,89.70000000000002,76.8,83.9,63.3,74.39999999999999,79.5,92.3,80,71,2,10,13.3,10.3,7.4,24.9,19.7,16.5,17.8,9.5,20.2,14.3,27.1,18.2,14.5,7.7,20,21,1.6,0.9,0.7,0.5,0.5,3,2.7,2.7,3.4,0.8,3,1.8,9.6,7.4,6,0,0,8
Fonte: Mec/Inep/Deed.,Centro_Oeste,DF,Urbana,Total,96.40000000000002,89.09999999999998,86,89.2,92.1,72.1,77.6,80.79999999999998,78.8,89.70000000000002,76.8,83.9,63.3,74.39999999999999,79.5,92.3,80,71,2,10,13.3,10.3,7.4,24.9,19.7,16.5,17.8,9.5,20.2,14.3,27.1,18.2,14.5,7.7,20,21,1.6,0.9,0.7,0.5,0.5,3,2.7,2.7,3.4,0.8,3,1.8,9.6,7.4,6,0,0,8
"     Notas: 1) Inclui as taxas de aprovação, reprovação e abandono. ",Centro_Oeste,DF,Urbana,Total,96.40000000000002,89.09999999999998,86,89.2,92.1,72.1,77.6,80.79999999999998,78.8,89.70000000000002,76.8,83.9,63.3,74.39999999999999,79.5,92.3,80,71,2,10,13.3,10.3,7.4,24.9,19.7,16.5,17.8,9.5,20.2,14.3,27.1,18.2,14.5,7.7,20,21,1.6,0.9,0.7,0.5,0.5,3,2.7,2.7,3.4,0.8,3,1.8,9.6,7.4,6,0,0,8
                2) Inclui as taxas do Ensino Fundamental de 8 e 9 anos.,Centro_Oeste,DF,Urbana,Total,96.40000000000002,89.09999999999998,86,89.2,92.1,72.1,77.6,80.79999999999998,78.8,89.70000000000002,76.8,83.9,63.3,74.39999999999999,79.5,92.3,80,71,2,10,13.3,10.3,7.4,24.9,19.7,16.5,17.8,9.5,20.2,14.3,27.1,18.2,14.5,7.7,20,21,1.6,0.9,0.7,0.5,0.5,3,2.7,2.7,3.4,0.8,3,1.8,9.6,7.4,6,0,0,8
"                3) ""taxas de rendimento escolar"" expressa o percentual de alunos aprovados, reprovados e afastados por abandono.",Centro_Oeste,DF,Urbana,Total,96.40000000000002,89.09999999999998,86,89.2,92.1,72.1,77.6,80.79999999999998,78.8,89.70000000000002,76.8,83.9,63.3,74.39999999999999,79.5,92.3,80,71,2,10,13.3,10.3,7.4,24.9,19.7,16.5,17.8,9.5,20.2,14.3,27.1,18.2,14.5,7.7,20,21,1.6,0.9,0.7,0.5,0.5,3,2.7,2.7,3.4,0.8,3,1.8,9.6,7.4,6,0,0,8
