Ano,Unidade Geográfica,Localização,Dependência Administrativa,Total,Anos Iniciais,Anos Finais,1º Ano ,2º Ano,3º Ano,4º Ano,5º Ano,6º Ano,7º Ano,8º Ano,9º Ano,Total,1ª série,2ª série,3ª série,4ª série,Não-Seriado,Total,Anos Iniciais,Anos Finais,1º Ano ,2º Ano,3º Ano,4º Ano,5º Ano,6º Ano,7º Ano,8º Ano,9º Ano,Total,1ª série,2ª série,3ª série,4ª série,Não-Seriado,Total_Abandono_EF2017,Anos Iniciais,Anos Finais,1º Ano ,2º Ano,3º Ano,4º Ano,5º Ano,6º Ano,7º Ano,8º Ano,9º Ano,Total_Abandono_EM2017,1ª série,2ª série,3ª série,4ª série,Não-Seriado
2017,Brasil,Total,Total,91,94,87.1,98,97.2,89.5,92.8,93.1,84.5,86.5,88.7,89.6,83.1,76.4,84.7,90.5,85.2,84.5,7.4,5.2,10.1,1.2,2.2,9.7,6.3,5.9,12.7,10.9,8.8,7.5,10.8,15.8,9.6,5.5,7,8.9,1.6,0.8,2.8,0.8,0.6,0.8,0.9,1,2.8,2.6,2.5,2.9,6.1,7.8,5.7,4,7.8,6.6
2017,Brasil,Urbana,Total,91.6,94.8,87.6,98.2,97.5,90.6,94.1,94.4,85.4,86.9,89,89.6,83,76.2,84.6,90.5,85,85.3,7,4.5,10,1.2,2.1,8.8,5.2,4.8,12.1,10.7,8.8,7.8,10.9,16,9.7,5.6,7.2,8.4,1.4,0.7,2.4,0.6,0.4,0.6,0.7,0.8,2.5,2.4,2.2,2.6,6.1,7.8,5.7,3.9,7.8,6.3
2017,Brasil,Rural,Total,87.4,89.5,83.8,97.1,96,84,86.3,86.7,78.3,83.2,86.4,89.6,84.2,78.9,85.5,90.8,90.7,80,9.7,8.8,11.3,1.4,2.7,14.5,11.8,11.1,16.5,12,8.6,5.8,8.3,11.6,7.4,4.3,3.6,11.5,2.9,1.7,4.9,1.5,1.3,1.5,1.9,2.2,5.2,4.8,5,4.6,7.5,9.5,7.1,4.9,5.7,8.5
2017,Brasil,Total,Federal,94.4,97.1,93.1,98.2,97.1,95.6,97.2,97.2,92.8,92.6,93.5,93.4,86.1,80.9,87.5,91.8,89.9,86.8,5.5,2.9,6.8,1.8,2.9,4.2,2.8,2.7,7,7.4,6.3,6.5,11.6,16.6,10.9,6.4,6.6,9.8,0.1,0,0.1,0,0,0.2,0,0.1,0.2,0,0.2,0.1,2.3,2.5,1.6,1.8,3.5,3.4
2017,Brasil,Urbana,Federal,94.4,97.1,93,98.2,97.1,95.6,97.3,97.1,92.7,92.5,93.5,93.4,85.9,80.6,87.2,91.7,90.1,86.8,5.5,2.8,6.8,1.8,2.9,4.1,2.7,2.7,7,7.4,6.4,6.5,11.8,16.8,11.1,6.5,6.8,9.8,0.1,0.1,0.2,0,0,0.3,0,0.2,0.3,0.1,0.1,0.1,2.3,2.6,1.7,1.8,3.1,3.4
2017,Brasil,Rural,Federal,97.3,96.6,98.1,100,100,90,92.3,100,100,100,100,92.9,87.1,82.2,89.3,92.5,87.2,86.9,1.8,3.4,0,0,0,10,7.7,0,0,0,0,0,10.7,15.3,9.7,5.5,2.6,10.1,0.9,0,1.9,0,0,0,0,0,0,0,0,7.1,2.2,2.5,1,2,10.2,3
2017,Brasil,Total,Estadual,89.4,95.6,86.8,98.7,98.4,91.3,95.8,94.8,85.5,86.8,88,87,81.2,74.1,82.9,89.2,83.5,81.7,8.6,3.8,10.5,0.6,1.1,8.1,3.6,4.5,12.2,10.8,9.5,9.6,11.8,16.9,10.5,6.2,7.4,9.4,2,0.6,2.7,0.7,0.5,0.6,0.6,0.7,2.3,2.4,2.5,3.4,7,9,6.6,4.6,9.1,8.9
2017,Brasil,Urbana,Estadual,89.5,95.9,86.9,98.9,98.7,91.7,96.3,95.2,85.6,86.9,88,87,81.1,73.9,82.9,89.1,83.4,82.6,8.6,3.5,10.6,0.5,0.9,7.8,3.2,4.1,12.1,10.8,9.5,9.7,12,17.2,10.6,6.3,7.5,8.6,1.9,0.6,2.5,0.6,0.4,0.5,0.5,0.7,2.3,2.3,2.5,3.3,6.9,8.9,6.5,4.6,9.1,8.8
2017,Brasil,Rural,Estadual,87.9,90.7,86.3,95.7,94.7,86.8,89.9,88.5,83.7,86,87.8,88,83.7,78.3,84.9,90.4,88.9,78.6,9,7.4,9.9,2.5,3.9,11.6,8.1,9.3,12.7,10.4,8.4,7.7,8.3,11.5,7.3,4.3,5.2,12,3.1,1.9,3.8,1.8,1.4,1.6,2,2.2,3.6,3.6,3.8,4.3,8,10.2,7.8,5.3,5.9,9.4
2017,Brasil,Total,Municipal,89.7,92.5,84.2,97.8,96.6,87,90.8,91.5,79.9,82.8,86.5,90,86.1,79,87.7,93.4,92.1,79,8.4,6.5,12.1,1.3,2.7,12.1,8,7.2,16,13.4,10,6.6,9.2,14.4,7.9,4.1,3.6,4,1.9,1,3.7,0.9,0.7,0.9,1.2,1.3,4.1,3.8,3.5,3.4,4.7,6.6,4.4,2.5,4.3,17
2017,Brasil,Urbana,Municipal,90.4,93.3,84.5,98,96.7,87.9,92.2,92.9,80.7,82.9,86.6,90,86.6,79.8,88.3,93.4,91.9,81.3,7.9,5.9,12.2,1.3,2.7,11.3,6.9,6.1,15.6,13.7,10.4,7,9.4,14.4,8.1,4.4,4.2,8.3,1.7,0.8,3.3,0.7,0.6,0.8,0.9,1,3.7,3.4,3,3,4,5.8,3.6,2.2,3.9,10.4
2017,Brasil,Rural,Municipal,87.2,89.3,83.1,97.2,96.1,83.7,86,86.5,77.1,82.5,86,89.9,82.2,73,83.2,93.5,93.1,76.9,9.9,8.9,11.7,1.3,2.7,14.7,12.1,11.3,17.4,12.4,8.8,5.3,7.8,13.8,6.4,1.7,0.8,0,2.9,1.8,5.2,1.5,1.2,1.6,1.9,2.2,5.5,5.1,5.2,4.8,10,13.2,10.4,4.8,6.1,23.1
2017,Brasil,Total,Privada,97.7,98.6,96.5,98.3,98.7,98.5,98.6,98.6,96.9,96.3,96.5,96.3,95.7,92.9,96.2,98.3,94.8,94.4,2.1,1.3,3.4,1.4,1.1,1.3,1.2,1.3,3,3.6,3.4,3.5,4,6.7,3.5,1.5,1.4,2.7,0.2,0.1,0.1,0.3,0.2,0.2,0.2,0.1,0.1,0.1,0.1,0.2,0.3,0.4,0.3,0.2,3.8,2.9
2017,Brasil,Urbana,Privada,97.8,98.6,96.5,98.3,98.7,98.6,98.7,98.6,96.9,96.3,96.5,96.3,95.7,92.9,96.2,98.3,93.9,94.8,2.1,1.3,3.3,1.4,1.1,1.3,1.2,1.3,3,3.6,3.4,3.5,4,6.7,3.5,1.5,1.2,2.7,0.1,0.1,0.2,0.3,0.2,0.1,0.1,0.1,0.1,0.1,0.1,0.2,0.3,0.4,0.3,0.2,4.9,2.5
2017,Brasil,Rural,Privada,95.6,96.2,94.6,96.5,97.3,95.1,95.7,96.6,93.7,95,94.9,94.9,92.8,90.2,93.5,95.6,97,73.3,4,3.4,4.9,2.8,2.4,4.6,4.1,3.1,5.7,4.6,4.7,4.5,4.2,5.7,4.4,2.4,1.9,1.3,0.4,0.4,0.5,0.7,0.3,0.3,0.2,0.3,0.6,0.4,0.4,0.6,3,4.1,2.1,2,1.1,25.4
2017,Brasil,Total,Pública,89.6,93,85.5,97.9,96.9,87.7,91.7,92.1,82.4,84.8,87.3,88.4,81.4,74.3,83.1,89.3,84.9,83.5,8.4,6.1,11.3,1.2,2.4,11.4,7.3,6.7,14.3,12.1,9.7,8.3,11.8,16.9,10.5,6.2,7.2,9.5,2,0.9,3.2,0.9,0.7,0.9,1,1.2,3.3,3.1,3,3.3,6.8,8.8,6.4,4.5,7.9,7
2017,Brasil,Urbana,Pública,90.1,93.8,85.8,98.1,97.1,88.6,93,93.4,83.2,85,87.4,88.2,81.2,74.1,83,89.2,84.8,84.2,8.1,5.4,11.3,1.1,2.4,10.7,6.2,5.7,13.8,12.2,9.9,8.6,11.9,17.2,10.6,6.3,7.3,9.1,1.8,0.8,2.9,0.8,0.5,0.7,0.8,0.9,3,2.8,2.7,3.2,6.9,8.7,6.4,4.5,7.9,6.7
2017,Brasil,Rural,Pública,87.3,89.4,83.7,97.1,96,83.9,86.2,86.6,78.2,83.1,86.3,89.5,83.9,78.5,85.2,90.6,88.6,80,9.8,8.8,11.4,1.3,2.7,14.5,11.8,11.1,16.6,12.1,8.7,5.8,8.4,11.8,7.5,4.3,4.1,11.6,2.9,1.8,4.9,1.6,1.3,1.6,2,2.3,5.2,4.8,5,4.7,7.7,9.7,7.3,5.1,7.3,8.4
2017,Norte,Total,Total,87.7,89.6,84.9,97.4,96.3,83.5,86.9,86.7,81.3,84.4,87.5,87.8,80,74.2,81.9,85.9,94.3,79.6,9.4,8.5,10.5,0.8,2.3,14.9,11.1,11.1,14,11.1,8.2,7.5,10.2,13.6,8.9,7,4,2.9,2.9,1.9,4.6,1.8,1.4,1.6,2,2.2,4.7,4.5,4.3,4.7,9.8,12.2,9.2,7.1,1.7,17.5
2017,Norte,Urbana,Total,89.5,92.1,86.1,98.2,97.3,85.9,90.7,90.4,83.4,85.3,88.4,88.2,79.7,73.7,81.7,85.7,93.7,76.2,8.3,6.7,10.4,0.6,1.7,13,8.1,8.2,13.1,11.2,8.4,8,10.6,14.2,9.2,7.2,4.3,3.4,2.2,1.2,3.5,1.2,1,1.1,1.2,1.4,3.5,3.5,3.2,3.8,9.7,12.1,9.1,7.1,2,20.4
2017,Norte,Rural,Total,83,84,81.4,95.5,93.8,78.1,79,78.5,75.7,81.9,84.7,86.5,82.9,78.7,83.7,87.7,97.7,89.1,12,12.7,10.8,1.3,3.6,19,17.6,17.2,16.4,10.6,7.5,5.9,6.8,8.3,6.5,5,2,1.6,5,3.3,7.8,3.2,2.6,2.9,3.4,4.3,7.9,7.5,7.8,7.6,10.3,13,9.8,7.3,0.3,9.3
2017,Norte,Total,Federal,93.4,97,92.1,98.9,98.8,92.2,96.5,99.1,96.3,92.8,91.2,88.2,85.8,79.2,88.2,91.5,93.6,98.1,6.6,2.8,7.9,1.1,1.2,7.8,3.5,0.4,3.7,7.2,8.8,11.8,12.7,18.9,10.5,7.4,4.8,1.9,0,0.2,0,0,0,0,0,0.5,0,0,0,0,1.5,1.9,1.3,1.1,1.6,0
2017,Norte,Urbana,Federal,93.4,97,92.1,98.9,98.8,92.2,96.5,99.1,96.3,92.8,91.2,88.2,85.5,78.9,88.6,91.6,93.7,100,6.6,2.8,7.9,1.1,1.2,7.8,3.5,0.4,3.7,7.2,8.8,11.8,12.8,19,10,7.1,4.7,0,0,0.2,0,0,0,0,0,0.5,0,0,0,0,1.7,2.1,1.4,1.3,1.6,0
2017,Norte,Rural,Federal,--,--,--,--,--,--,--,--,--,--,--,--,87.2,81.1,86.1,91.1,81.8,98.1,--,--,--,--,--,--,--,--,--,--,--,--,12.3,18,13.2,8.7,18.2,1.9,--,--,--,--,--,--,--,--,--,--,--,--,0.5,0.9,0.7,0.2,0,0
2017,Norte,Total,Estadual,88,92,86.1,97.6,96.4,85.3,94.2,90,84.6,85.9,87.5,86.7,78.7,72.8,80.6,84.7,94.8,78.6,9,6.5,10.2,0.5,2.2,13.4,4.4,8.5,11.9,10.5,9,9,10.6,14,9.3,7.5,3.3,2.9,3,1.5,3.7,1.9,1.4,1.3,1.4,1.5,3.5,3.6,3.5,4.3,10.7,13.2,10.1,7.8,1.9,18.5
2017,Norte,Urbana,Estadual,88.3,93,86.3,98.1,97.4,85.7,96,91.2,84.8,86,87.7,86.8,78.2,72.1,80.3,84.4,93.7,76.8,8.9,5.8,10.3,0.3,1.4,13.2,3,7.6,12,10.7,9.1,9.2,11.1,14.7,9.7,7.7,3.9,3.3,2.8,1.2,3.4,1.6,1.2,1.1,1,1.2,3.2,3.3,3.2,4,10.7,13.2,10,7.9,2.4,19.9
2017,Norte,Rural,Estadual,85.7,87,84.8,95.2,91.8,83.5,84.8,82.9,82.9,85.1,86.2,85.7,82.5,78.3,83.5,87.4,98.4,85.8,9.5,10.1,9.1,1.9,5.9,14.3,12.1,13.2,11.6,8.9,8,7.5,6.6,8.2,6.3,5,1.2,1.6,4.8,2.9,6.1,2.9,2.3,2.2,3.1,3.9,5.5,6,5.8,6.8,10.9,13.5,10.2,7.6,0.4,12.6
2017,Norte,Total,Municipal,86.2,88.2,81.9,97.2,95.9,81.7,84.3,84.7,76.8,81.2,85.7,87.5,78.7,70.5,84.6,86.2,--,--,10.5,9.8,12,0.8,2.5,16.5,13.5,12.6,17,12.8,8.3,6.6,12.1,14.4,10.6,9.7,--,--,3.3,2,6.1,2,1.6,1.8,2.2,2.7,6.2,6,6,5.9,9.2,15.1,4.8,4.1,--,--
2017,Norte,Urbana,Municipal,88.5,90.8,82.9,98.1,96.9,84,88,88.9,78.8,81.3,86.8,88.1,76.9,66.9,82.9,83.3,--,--,9.3,7.9,12.5,0.6,2,14.8,10.6,9.5,16.6,14,9,7.4,15.5,21.1,12.2,11.7,--,--,2.2,1.3,4.6,1.3,1.1,1.2,1.4,1.6,4.6,4.7,4.2,4.5,7.6,12,4.9,5,--,--
2017,Norte,Rural,Municipal,82.6,83.7,80.5,95.5,93.9,77.7,78.4,78.1,74.1,81,84.2,86.7,84.8,77.5,95.8,100,--,--,12.4,12.9,11.3,1.2,3.4,19.5,18.1,17.6,17.5,11.1,7.4,5.4,0.7,1.1,0,0,--,--,5,3.4,8.2,3.3,2.7,2.8,3.5,4.3,8.4,7.9,8.4,7.9,14.5,21.4,4.2,0,--,--
2017,Norte,Total,Privada,98,98.7,97,98.8,99.1,98.4,98.5,98.5,97,97.1,97.3,96.5,95.8,93.4,96.6,97.8,97.4,67.9,1.7,1.1,2.8,0.7,0.7,1.4,1.3,1.4,2.8,2.8,2.5,3.2,3.6,5.9,3,1.8,2,5,0.3,0.2,0.2,0.5,0.2,0.2,0.2,0.1,0.2,0.1,0.2,0.3,0.6,0.7,0.4,0.4,0.6,27.1
2017,Norte,Urbana,Privada,98.1,98.8,97,98.9,99.1,98.5,98.7,98.6,97,97.1,97.3,96.6,96,93.6,96.7,97.9,94.1,59.8,1.7,1,2.8,0.6,0.7,1.3,1.2,1.3,2.8,2.8,2.5,3.2,3.6,6,2.9,1.8,0,6.8,0.2,0.2,0.2,0.5,0.2,0.2,0.1,0.1,0.2,0.1,0.2,0.2,0.4,0.4,0.4,0.3,5.9,33.4
2017,Norte,Rural,Privada,92.8,91.1,95,95.2,99,85.5,88.1,90.5,93.6,96.6,96.6,93.2,91.5,89.4,91.7,92.9,97.8,90.5,6.2,7.9,4.1,1.5,1,13.5,11.4,8.5,6.1,3.1,2.8,4.7,3.5,4.3,4.2,2.4,2.2,0,1,1,0.9,3.3,0,1,0.5,1,0.3,0.3,0.6,2.1,5,6.3,4.1,4.7,0,9.5
2017,Norte,Total,Pública,86.8,88.8,84,97.2,96,82.2,86,85.7,80.2,83.4,86.6,87.1,78.9,72.9,80.8,84.8,94.1,80,10,9.2,11.1,0.8,2.4,16,11.9,11.8,14.8,11.7,8.6,7.9,10.7,14.1,9.4,7.5,4.1,2.9,3.2,2,4.9,2,1.6,1.8,2.1,2.5,5,4.9,4.8,5,10.4,13,9.8,7.7,1.8,17.1
2017,Norte,Urbana,Pública,88.4,91.2,84.9,98.1,97,84.3,89.7,89.5,82.1,84.1,87.4,87.2,78.4,72.3,80.5,84.6,93.7,76.8,9.1,7.5,11.2,0.6,1.9,14.5,9,9,14.1,12.1,9,8.6,11.1,14.8,9.7,7.7,4.3,3.3,2.5,1.3,3.9,1.3,1.1,1.2,1.3,1.5,3.8,3.8,3.6,4.2,10.5,12.9,9.8,7.7,2,19.9
2017,Norte,Rural,Pública,83,84,81.4,95.5,93.8,78.1,78.9,78.5,75.6,81.8,84.7,86.5,82.7,78.4,83.6,87.5,97.7,89.1,12,12.7,10.9,1.3,3.6,19.1,17.6,17.2,16.4,10.6,7.5,5.9,6.8,8.5,6.6,5.1,1.9,1.7,5,3.3,7.7,3.2,2.6,2.8,3.5,4.3,8,7.6,7.8,7.6,10.5,13.1,9.8,7.4,0.4,9.2
2017,Rondônia,Total,Total,92.1,93.1,90.6,98.3,98.6,86.5,90.6,94.2,89.1,90.1,91.3,92.7,85.1,79.5,86.7,92.4,92.1,85.2,6.6,6.3,7.1,1,0.9,13,8.9,5.1,8.6,7.8,6.4,4.7,8.5,12.1,7.5,4.2,7.4,2.3,1.3,0.6,2.3,0.7,0.5,0.5,0.5,0.7,2.3,2.1,2.3,2.6,6.4,8.4,5.8,3.4,0.5,12.5
2017,Rondônia,Urbana,Total,92.8,93.9,91.3,98.5,98.8,87.6,91.7,95,90.3,90.7,91.7,92.8,84.7,78.7,86.3,92.4,90,85.4,6.1,5.7,6.8,1,0.9,12,8,4.5,7.6,7.6,6.3,5,9,12.9,7.9,4.4,9.3,1.9,1.1,0.4,1.9,0.5,0.3,0.4,0.3,0.5,2.1,1.7,2,2.2,6.3,8.4,5.8,3.2,0.7,12.7
2017,Rondônia,Rural,Total,89.4,90.4,88,97.6,98,82.7,87.1,91.3,84.4,87.6,89.6,92.1,89.6,87.3,89.9,93,96.4,78.6,8.4,8.5,8.4,1.2,0.9,16.3,11.9,7.2,12.6,8.6,6.6,3.7,3.7,4.3,3.3,3,3.6,14.3,2.2,1.1,3.6,1.2,1.1,1,1,1.5,3,3.8,3.8,4.2,6.7,8.4,6.8,4,0,7.1
2017,Rondônia,Total,Federal,--,--,--,--,--,--,--,--,--,--,--,--,89.3,85.8,91.1,93.6,89.7,--,--,--,--,--,--,--,--,--,--,--,--,--,10,13.1,8.4,6,9.6,--,--,--,--,--,--,--,--,--,--,--,--,--,0.7,1.1,0.5,0.4,0.7,--
2017,Rondônia,Urbana,Federal,--,--,--,--,--,--,--,--,--,--,--,--,87.2,82.6,88.7,94.3,90,--,--,--,--,--,--,--,--,--,--,--,--,--,12.1,16.5,10.8,5.1,9.3,--,--,--,--,--,--,--,--,--,--,--,--,--,0.7,0.9,0.5,0.6,0.7,--
2017,Rondônia,Rural,Federal,--,--,--,--,--,--,--,--,--,--,--,--,94.8,95.3,96.6,92.3,81.8,--,--,--,--,--,--,--,--,--,--,--,--,--,4.5,3.1,3.1,7.7,18.2,--,--,--,--,--,--,--,--,--,--,--,--,--,0.7,1.6,0.3,0,0,--
2017,Rondônia,Total,Estadual,91.9,93.9,91.1,98.1,98.8,88.6,93.1,95.2,90.7,90.8,91.1,92,84.2,78.4,85.8,91.8,--,89.5,6.3,5.5,6.6,1.3,0.9,10.7,6.4,4,7.1,7.2,6.4,5.2,8.7,12.2,7.6,4.3,--,1.6,1.8,0.6,2.3,0.6,0.3,0.7,0.5,0.8,2.2,2,2.5,2.8,7.1,9.4,6.6,3.9,--,8.9
2017,Rondônia,Urbana,Estadual,92.1,94.8,91.2,98.6,99.1,90.3,94.1,95.8,90.7,90.7,91.3,92.3,84,77.9,85.6,91.8,--,89.9,6.2,4.9,6.7,1.2,0.8,9.3,5.6,3.8,7.1,7.5,6.6,5.4,9.1,12.9,8,4.5,--,1.1,1.7,0.3,2.1,0.2,0.1,0.4,0.3,0.4,2.2,1.8,2.1,2.3,6.9,9.2,6.4,3.7,--,9
2017,Rondônia,Rural,Estadual,89.4,87.8,90.1,95.7,97.5,78.6,84.6,89.7,90.1,91.6,89.4,89.1,87.4,84.5,88,92.7,--,78.6,6.4,9.6,4.7,2.1,1.4,18.8,13.1,6.4,6.2,3.7,5.1,3.8,3.4,4.7,2.8,1.4,--,14.3,4.2,2.6,5.2,2.2,1.1,2.6,2.3,3.9,3.7,4.7,5.5,7.1,9.2,10.8,9.2,5.9,--,7.1
2017,Rondônia,Total,Municipal,91.3,92.2,86.6,98.2,98.4,84.6,88.9,93.2,81.8,85.1,89.7,94.2,--,--,--,--,--,--,7.7,7.2,10.6,1.1,1,14.9,10.6,6,15.4,11.9,7.5,3.2,--,--,--,--,--,--,1,0.6,2.8,0.7,0.6,0.5,0.5,0.8,2.8,3,2.8,2.6,--,--,--,--,--,--
2017,Rondônia,Urbana,Municipal,92.3,92.7,86.1,98.3,98.5,85.1,89.6,93.9,81.3,84.6,90.1,95.5,--,--,--,--,--,--,7.1,6.8,11.1,1.1,1,14.4,10,5.4,15.5,12.9,7.5,1.8,--,--,--,--,--,--,0.6,0.5,2.8,0.6,0.5,0.5,0.4,0.7,3.2,2.5,2.4,2.7,--,--,--,--,--,--
2017,Rondônia,Rural,Municipal,89.4,90.6,86.8,97.9,98.1,83.2,87.4,91.5,82,85.3,89.5,93.7,--,--,--,--,--,--,9,8.4,10.3,1.1,0.9,16.1,11.9,7.3,15.4,11.4,7.5,3.6,--,--,--,--,--,--,1.6,1,2.9,1,1,0.7,0.7,1.2,2.6,3.3,3,2.7,--,--,--,--,--,--
2017,Rondônia,Total,Privada,98.4,99.3,97,99.9,99.9,98.4,99.3,98.9,96.9,97,96.9,97,93.1,90.7,94.1,97.8,97.6,53.9,1.5,0.7,2.9,0.1,0.1,1.6,0.6,1.1,2.9,3,2.9,2.9,5.4,8.5,5.3,2.2,2.4,7.8,0.1,0,0.1,0,0,0,0.1,0,0.2,0,0.2,0.1,1.5,0.8,0.6,0,0,38.3
2017,Rondônia,Urbana,Privada,98.4,99.3,96.9,99.9,99.9,98.3,99.3,98.9,96.9,96.8,96.8,97,93,90.1,94.8,98,--,53.9,1.5,0.7,3,0.1,0.1,1.7,0.7,1.1,2.9,3.2,3,2.9,5.7,9.7,5,2,--,7.8,0.1,0,0.1,0,0,0,0,0,0.2,0,0.2,0.1,1.3,0.2,0.2,0,--,38.3
2017,Rondônia,Rural,Privada,98.9,99.4,98.7,100,100,100,100,96.4,96.9,100,100,97.5,93.7,93.1,89.3,96.5,97.6,--,1.1,0.6,1.3,0,0,0,0,3.6,3.1,0,0,2.5,4.1,3.4,7.4,3.5,2.4,--,0,0,0,0,0,0,0,0,0,0,0,0,2.2,3.5,3.3,0,0,--
2017,Rondônia,Total,Pública,91.5,92.5,90.2,98.2,98.5,85.4,89.9,93.8,88.6,89.6,90.8,92.4,84.6,78.9,86.1,91.9,89.7,89.5,7.1,6.8,7.4,1.2,1,14,9.5,5.4,9,8.1,6.7,4.9,8.8,12.3,7.7,4.4,9.6,1.6,1.4,0.7,2.4,0.6,0.5,0.6,0.6,0.8,2.4,2.3,2.5,2.7,6.6,8.8,6.2,3.7,0.7,8.9
2017,Rondônia,Urbana,Pública,92.2,93.3,90.8,98.3,98.6,86.4,90.9,94.6,89.8,90.2,91.2,92.4,84.2,78.2,85.8,91.9,90,89.9,6.6,6.3,7.1,1.1,1,13.2,8.7,4.8,8,8,6.6,5.2,9.2,13.1,8.1,4.6,9.3,1.1,1.2,0.4,2.1,0.6,0.4,0.4,0.4,0.6,2.2,1.8,2.2,2.4,6.6,8.7,6.1,3.5,0.7,9
2017,Rondônia,Rural,Pública,89.4,90.3,87.9,97.6,98,82.6,87.1,91.2,84.3,87.5,89.5,92,89,86.6,89.9,92.6,81.8,78.6,8.5,8.5,8.5,1.2,0.9,16.4,12,7.2,12.7,8.7,6.7,3.7,3.7,4.4,2.9,2.9,18.2,14.3,2.1,1.2,3.6,1.2,1.1,1,0.9,1.6,3,3.8,3.8,4.3,7.3,9,7.2,4.5,0,7.1
2017,Acre,Total,Total,91.3,91.1,91.5,98.1,84.1,89.2,91.2,93.8,91,92.3,91.6,91.2,84.3,77.2,87.1,92.2,96.8,81.1,6.4,7.4,4.9,0.5,14.2,9.4,7.1,4.7,5.4,4.4,4.7,5.2,8.9,13.9,7.6,4.5,3.2,4.3,2.3,1.5,3.6,1.4,1.7,1.4,1.7,1.5,3.6,3.3,3.7,3.6,6.8,8.9,5.3,3.3,0,14.6
2017,Acre,Urbana,Total,94.4,95,93.6,99.6,90.5,93.4,94.8,97.1,94.3,95,93.1,92,83.5,75.8,86.6,92.2,96.8,77.1,4.7,4.6,4.7,0.1,9.1,6.3,4.7,2.5,4.5,3.8,5,5.8,10.2,16.1,8.6,4.8,3.2,5.3,0.9,0.4,1.7,0.3,0.4,0.3,0.5,0.4,1.2,1.2,1.9,2.2,6.3,8.1,4.8,3,0,17.6
2017,Acre,Rural,Total,85,84.1,86.6,95.2,73.2,81.3,84.8,87.9,84.2,86.3,88.1,88.9,87.6,82.8,89,92.2,--,93.5,9.8,12.3,5.3,1.3,23,15.4,11.4,8.5,7.4,5.5,4.1,3.4,3.7,5,3.5,2.5,--,1,5.2,3.6,8.1,3.5,3.8,3.3,3.8,3.6,8.4,8.2,7.8,7.7,8.7,12.2,7.5,5.3,--,5.5
2017,Acre,Total,Federal,90.8,94.4,88.3,96,96,92,91.7,96.8,89.2,77.8,95.2,91.3,78.6,71.7,76.2,90.2,96.8,--,8.9,4.9,11.7,4,4,8,8.3,0,10.8,22.2,4.8,8.7,15.5,19.7,18.6,7.1,3.2,--,0.3,0.7,0,0,0,0,0,3.2,0,0,0,0,5.9,8.6,5.2,2.7,0,--
2017,Acre,Urbana,Federal,90.8,94.4,88.3,96,96,92,91.7,96.8,89.2,77.8,95.2,91.3,78.6,71.7,76.2,90.2,96.8,--,8.9,4.9,11.7,4,4,8,8.3,0,10.8,22.2,4.8,8.7,15.5,19.7,18.6,7.1,3.2,--,0.3,0.7,0,0,0,0,0,3.2,0,0,0,0,5.9,8.6,5.2,2.7,0,--
2017,Acre,Total,Estadual,92.4,92.8,92.1,97.6,88.4,92,92.2,94.5,92.4,93,91.8,91.1,84,76.8,87.1,91.8,--,81.1,5.3,5.9,4.9,1,10.5,7,6.2,4.1,4.8,4.2,4.8,5.7,8.9,14,7.3,4.7,--,4.3,2.3,1.3,3,1.4,1.1,1,1.6,1.4,2.8,2.8,3.4,3.2,7.1,9.2,5.6,3.5,--,14.6
2017,Acre,Urbana,Estadual,94.6,96.2,93.4,99.7,92.1,95,96.1,98.4,94.5,94.9,92.7,91.5,83,75.2,86.5,91.7,--,77.1,4.3,3.5,4.9,0,7.7,4.8,3.4,1.5,4.3,3.9,5.2,6.2,10.3,16.4,8.5,5.1,--,5.3,1.1,0.3,1.7,0.3,0.2,0.2,0.5,0.1,1.2,1.2,2.1,2.3,6.7,8.4,5,3.2,--,17.6
2017,Acre,Rural,Estadual,86.8,85.1,88.3,92.4,79.7,85,84,85.7,86.9,87.8,89.3,89.7,87.6,82.8,89,92.2,--,93.5,7.9,11.2,4.8,3.5,17.1,12.2,12,9.9,6.1,5.1,3.9,3.8,3.7,5,3.5,2.5,--,1,5.3,3.7,6.9,4.1,3.2,2.8,4,4.4,7,7.1,6.8,6.5,8.7,12.2,7.5,5.3,--,5.5
2017,Acre,Total,Municipal,88.5,88.9,85.7,98.2,79.5,86,89.7,92.8,81.6,86.6,87.3,89.1,--,--,--,--,--,--,8.7,9.2,6.2,0.1,18.2,12.1,8.4,5.5,9.7,5.5,5,2.9,--,--,--,--,--,--,2.8,1.9,8.1,1.7,2.3,1.9,1.9,1.7,8.7,7.9,7.7,8,--,--,--,--,--,--
2017,Acre,Urbana,Municipal,93,93.1,92.1,99.4,87.5,90.9,93,95.4,88.5,95.4,92.7,92.9,--,--,--,--,--,--,6.3,6.3,5.7,0.1,11.8,8.5,6.5,3.9,8.9,3.4,5.7,3.6,--,--,--,--,--,--,0.7,0.6,2.2,0.5,0.7,0.6,0.5,0.7,2.6,1.2,1.6,3.5,--,--,--,--,--,--
2017,Acre,Rural,Municipal,83.3,83.5,82.6,96.6,70,79.1,85.3,89.4,78.4,82.7,84.5,87.1,--,--,--,--,--,--,11.6,13,6.5,0.1,25.8,17.2,11,7.7,10.1,6.5,4.6,2.6,--,--,--,--,--,--,5.1,3.5,10.9,3.3,4.2,3.7,3.7,2.9,11.5,10.8,10.9,10.3,--,--,--,--,--,--
2017,Acre,Total,Privada,99.2,99.5,98.7,99.8,99.4,99.6,99.2,99.3,98.9,98.6,98.5,98.8,96,92.8,95.9,99.3,--,--,0.7,0.4,1.3,0,0.4,0.3,0.6,0.5,1,1.4,1.5,1.2,3.8,7.1,4.1,0.4,--,--,0.1,0.1,0,0.2,0.2,0.1,0.2,0.2,0.1,0,0,0,0.2,0.1,0,0.3,--,--
2017,Acre,Urbana,Privada,99.2,99.5,98.7,99.8,99.4,99.6,99.2,99.3,98.9,98.6,98.5,98.8,96,92.8,95.9,99.3,--,--,0.7,0.4,1.3,0,0.4,0.3,0.6,0.5,1,1.4,1.5,1.2,3.8,7.1,4.1,0.4,--,--,0.1,0.1,0,0.2,0.2,0.1,0.2,0.2,0.1,0,0,0,0.2,0.1,0,0.3,--,--
2017,Acre,Total,Pública,90.9,90.7,91.2,98,83.3,88.7,90.8,93.6,90.7,92,91.3,90.8,83.8,76.6,86.7,91.8,96.8,81.1,6.6,7.7,5.1,0.5,14.9,9.9,7.4,4.8,5.6,4.5,4.8,5.4,9.2,14.2,7.7,4.7,3.2,4.3,2.5,1.6,3.7,1.5,1.8,1.4,1.8,1.6,3.7,3.5,3.9,3.8,7,9.2,5.6,3.5,0,14.6
2017,Acre,Urbana,Pública,94.1,94.6,93.3,99.5,89.8,92.9,94.5,96.9,94,94.8,92.8,91.6,82.8,75,86,91.7,96.8,77.1,4.9,4.9,5,0.1,9.7,6.7,5,2.6,4.7,4,5.2,6.1,10.5,16.6,8.9,5.1,3.2,5.3,1,0.5,1.7,0.4,0.5,0.4,0.5,0.5,1.3,1.2,2,2.3,6.7,8.4,5.1,3.2,0,17.6
2017,Acre,Rural,Pública,85,84.1,86.6,95.2,73.2,81.3,84.8,87.9,84.2,86.3,88.1,88.9,87.6,82.8,89,92.2,--,93.5,9.8,12.3,5.3,1.3,23,15.4,11.4,8.5,7.4,5.5,4.1,3.4,3.7,5,3.5,2.5,--,1,5.2,3.6,8.1,3.5,3.8,3.3,3.8,3.6,8.4,8.2,7.8,7.7,8.7,12.2,7.5,5.3,--,5.5
2017,Amazonas,Total,Total,90.3,91.6,88.7,97.5,97.4,84.2,92.8,87.9,86.4,88.8,89.4,90.5,83.7,80,83.3,89,100,--,6.6,6.4,6.9,0.6,0.9,13.8,5.2,9.7,9.2,7,6,4.8,7.4,8.9,7.8,4.9,0,--,3.1,2,4.4,1.9,1.7,2,2,2.4,4.4,4.2,4.6,4.7,8.9,11.1,8.9,6.1,0,--
2017,Amazonas,Urbana,Total,92.3,93.8,90.2,98.6,98.5,86.6,95,91.8,89,90.3,90.7,91.2,83.5,79.6,82.9,88.9,100,--,5.7,5.1,6.5,0.3,0.5,12.2,4,7,8.1,6.6,6,5,7.7,9.5,8.2,5,0,--,2,1.1,3.3,1.1,1,1.2,1,1.2,2.9,3.1,3.3,3.8,8.8,10.9,8.9,6.1,0,--
2017,Amazonas,Rural,Total,84.5,85.2,83.3,94.1,93.7,77.4,86.9,78.2,78.9,83.7,84.9,87.6,85.1,82.1,85.1,89.4,--,--,9.4,10.2,8.2,1.5,2.2,18,8.4,16.6,12.4,8,6,4.4,5.5,5.9,5.8,4.4,--,--,6.1,4.6,8.5,4.4,4.1,4.6,4.7,5.2,8.7,8.3,9.1,8,9.4,12,9.1,6.2,--,--
2017,Amazonas,Total,Federal,96.3,--,96.3,--,--,--,--,--,98.1,96.6,94,96.9,85.9,80.9,90.9,87.7,--,--,3.7,--,3.7,--,--,--,--,--,1.9,3.4,6,3.1,13.2,18.3,8.5,10.9,--,--,0,--,0,--,--,--,--,--,0,0,0,0,0.9,0.8,0.6,1.4,--,--
2017,Amazonas,Urbana,Federal,96.3,--,96.3,--,--,--,--,--,98.1,96.6,94,96.9,85.9,81.2,90.9,87.3,--,--,3.7,--,3.7,--,--,--,--,--,1.9,3.4,6,3.1,13.1,17.9,8.5,11.3,--,--,0,--,0,--,--,--,--,--,0,0,0,0,1,0.9,0.6,1.4,--,--
2017,Amazonas,Rural,Federal,--,--,--,--,--,--,--,--,--,--,--,--,85.7,74.8,90.7,92.7,--,--,--,--,--,--,--,--,--,--,--,--,--,--,13.4,25.2,8.4,5.2,--,--,--,--,--,--,--,--,--,--,--,--,--,--,0.9,0,0.9,2.1,--,--
2017,Amazonas,Total,Estadual,92.5,95.3,90.9,99.3,99,89.1,98.9,92.3,91.2,91.1,90.7,90.7,83.2,79.5,82.6,88.6,--,--,5.2,4.1,5.8,0,0.2,10.2,0.6,7,6,5.9,6,5.4,7.3,8.7,7.9,4.9,--,--,2.3,0.6,3.3,0.7,0.8,0.7,0.5,0.7,2.8,3,3.3,3.9,9.5,11.8,9.5,6.5,--,--
2017,Amazonas,Urbana,Estadual,92.7,95.5,91,99.5,99.2,89.5,99,92.9,91.2,91.2,90.7,90.8,82.8,79,82.1,88.5,--,--,5.1,3.9,5.9,0,0.2,9.9,0.6,6.5,6.1,5.9,6,5.4,7.7,9.3,8.4,5,--,--,2.2,0.6,3.1,0.5,0.6,0.6,0.4,0.6,2.7,2.9,3.3,3.8,9.5,11.7,9.5,6.5,--,--
2017,Amazonas,Rural,Estadual,89.9,89.8,89.9,95.8,96.6,81.1,97.5,81.8,90.1,90,89.7,89.9,85.1,82.2,85,89.3,--,--,5.9,7.9,5.1,0.3,0.3,17.1,0.9,16.4,4.7,4.8,5.7,5.3,5.4,5.7,5.8,4.4,--,--,4.2,2.3,5,3.9,3.1,1.8,1.6,1.8,5.2,5.2,4.6,4.8,9.5,12.1,9.2,6.3,--,--
2017,Amazonas,Total,Municipal,88.2,89.6,85.1,96.9,96.7,81.3,90.2,85.4,81.2,85.3,86.8,89.1,84.9,78.1,90.3,93.6,--,--,8,7.7,8.6,0.7,1.1,16.1,7.2,11.5,12.5,8.6,6.5,4.2,4,6,2.9,1.1,--,--,3.8,2.7,6.3,2.4,2.2,2.6,2.6,3.1,6.3,6.1,6.7,6.7,11.1,15.9,6.8,5.3,--,--
2017,Amazonas,Urbana,Municipal,90.8,92.2,87.3,98.3,98.2,83.5,92.4,90.1,84.2,87.4,89,90.7,87.1,78.6,90.3,93.6,--,--,7,6.3,8.5,0.3,0.6,14.9,6.2,8.2,11.8,8.6,6.9,4.3,4.9,9.8,2.9,1.1,--,--,2.2,1.5,4.2,1.4,1.2,1.6,1.4,1.7,4,4,4.1,5,8,11.6,6.8,5.3,--,--
2017,Amazonas,Rural,Municipal,83.9,85,82.1,94,93.6,77.3,86.5,78,77.3,82.5,84,87.2,77.5,77.5,--,--,--,--,9.7,10.3,8.7,1.5,2.3,18.1,8.7,16.6,13.5,8.6,6,4.1,1.1,1.1,--,--,--,--,6.4,4.7,9.2,4.5,4.1,4.6,4.8,5.4,9.2,8.9,10,8.7,21.4,21.4,--,--,--,--
2017,Amazonas,Total,Privada,98.2,98.7,97.2,98.7,98.9,98.6,98.7,98.5,97.6,97,97.3,96.8,95.1,91.5,96,98.2,100,--,1.6,1,2.7,0.7,0.7,1.2,1.1,1.4,2.3,2.9,2.6,3,4.4,8.1,3.4,1.5,0,--,0.2,0.3,0.1,0.6,0.4,0.2,0.2,0.1,0.1,0.1,0.1,0.2,0.5,0.4,0.6,0.3,0,--
2017,Amazonas,Urbana,Privada,98.2,98.7,97.2,98.7,98.9,98.5,98.7,98.5,97.7,97,97.2,96.8,95.2,91.6,96,98.3,100,--,1.6,1,2.7,0.7,0.7,1.2,1.1,1.4,2.2,2.8,2.7,3,4.4,8,3.3,1.5,0,--,0.2,0.3,0.1,0.6,0.4,0.3,0.2,0.1,0.1,0.2,0.1,0.2,0.4,0.4,0.7,0.2,0,--
2017,Amazonas,Rural,Privada,96.5,100,94.1,100,100,100,100,100,88.9,95.2,100,92.3,91.8,87.2,95.6,93.3,--,--,3.5,0,5.9,0,0,0,0,0,11.1,4.8,0,7.7,8.2,12.8,4.4,6.7,--,--,0,0,0,0,0,0,0,0,0,0,0,0,0,0,0,0,--,--
2017,Amazonas,Total,Pública,89.7,90.9,88.1,97.4,97.2,83,92.4,87.2,85.8,88.3,89,90.1,83.3,79.6,82.8,88.6,--,--,7,6.9,7.1,0.5,0.9,14.8,5.5,10.3,9.6,7.2,6.2,4.9,7.5,9,8,5,--,--,3.3,2.2,4.8,2.1,1.9,2.2,2.1,2.5,4.6,4.5,4.8,5,9.2,11.4,9.2,6.4,--,--
2017,Amazonas,Urbana,Pública,91.6,93.2,89.7,98.6,98.5,85.3,94.6,91.1,88.3,89.8,90.2,90.8,82.9,79.1,82.4,88.4,--,--,6.1,5.6,6.8,0.2,0.5,13.5,4.4,7.6,8.5,6.9,6.3,5.1,7.9,9.6,8.4,5.1,--,--,2.3,1.2,3.5,1.2,1,1.2,1,1.3,3.2,3.3,3.5,4.1,9.2,11.3,9.2,6.5,--,--
2017,Amazonas,Rural,Pública,84.4,85.2,83.3,94.1,93.7,77.4,86.9,78.2,78.9,83.7,84.9,87.6,85,82.1,85.1,89.4,--,--,9.4,10.2,8.2,1.5,2.2,18,8.4,16.6,12.4,8,6,4.3,5.5,5.8,5.8,4.4,--,--,6.2,4.6,8.5,4.4,4.1,4.6,4.7,5.2,8.7,8.3,9.1,8.1,9.5,12.1,9.1,6.2,--,--
2017,Roraima,Total,Total,90.7,93.6,86.7,98.4,92.4,91.6,90.7,94.5,86.3,86.8,87.8,85.9,81.4,72.4,84.4,90.9,94,98.1,7.4,5.6,10,0.9,6.6,7.6,8.4,4.5,11.3,10.2,9,9.3,10.9,17.7,8.3,4,3.5,1.9,1.9,0.8,3.3,0.7,1,0.8,0.9,1,2.4,3,3.2,4.8,7.7,9.9,7.3,5.1,2.5,0
2017,Roraima,Urbana,Total,91.2,94.3,87.3,98.4,92.3,91.6,92.2,96.4,87.8,87.8,88.3,85.1,80.5,70.7,84.5,90.6,93.9,100,7.3,5.1,10.1,1,7,7.9,7.3,3.1,10.5,10.1,9.3,10.5,12.1,19.7,8.8,4.5,3.6,0,1.5,0.6,2.6,0.6,0.7,0.5,0.5,0.5,1.7,2.1,2.4,4.4,7.4,9.6,6.7,4.9,2.5,0
2017,Roraima,Rural,Total,89.2,91.8,84.9,98.4,92.8,91.6,87.7,89.1,82.3,83.8,86.1,88.8,85.1,79.2,84.3,92.1,100,98.1,7.8,6.7,9.6,0.5,5.8,7,10.6,8.8,13.4,10.5,7.9,4.5,6,9.1,6.3,1.7,0,1.9,3,1.5,5.5,1.1,1.4,1.4,1.7,2.1,4.3,5.7,6,6.7,8.9,11.7,9.4,6.2,0,0
2017,Roraima,Total,Federal,99.1,99.2,99,100,100,100,96.4,100,96,100,100,100,92.4,83.9,93.4,96.1,93,98.1,0.9,0.8,1,0,0,0,3.6,0,4,0,0,0,6.5,14.4,5.4,3.1,4.7,1.9,0,0,0,0,0,0,0,0,0,0,0,0,1.1,1.7,1.2,0.8,2.3,0
2017,Roraima,Urbana,Federal,99.1,99.2,99,100,100,100,96.4,100,96,100,100,100,92.2,85.1,95.6,96.5,93,100,0.9,0.8,1,0,0,0,3.6,0,4,0,0,0,6.3,13,3.3,2.6,4.7,0,0,0,0,0,0,0,0,0,0,0,0,0,1.5,1.9,1.1,0.9,2.3,0
2017,Roraima,Rural,Federal,--,--,--,--,--,--,--,--,--,--,--,--,92.7,75,80,93.3,--,98.1,--,--,--,--,--,--,--,--,--,--,--,--,7.1,25,18.6,6.7,--,1.9,--,--,--,--,--,--,--,--,--,--,--,--,0.2,0,1.4,0,--,0
2017,Roraima,Total,Estadual,87.3,93.3,86,97.2,96.7,95.8,88.3,88.3,85.6,85.9,87.3,85.1,79.5,70.9,82.8,89.9,95.3,--,9.5,5,10.5,1.6,2.1,2.9,9.6,8.9,11.9,10.9,9.4,9.8,11.7,18.3,8.9,4.3,1.9,--,3.2,1.7,3.5,1.2,1.2,1.3,2.1,2.8,2.5,3.2,3.3,5.1,8.8,10.8,8.3,5.8,2.8,--
2017,Roraima,Urbana,Estadual,86.3,58.1,86.4,58.1,--,--,--,--,86.8,86.7,87.7,84.1,78.4,68.8,82.3,89.3,95.3,--,10.8,34.9,10.8,34.9,--,--,--,--,11.4,10.9,9.7,11.1,13.2,20.7,9.8,5,1.9,--,2.9,7,2.8,7,--,--,--,--,1.8,2.4,2.6,4.8,8.4,10.5,7.9,5.7,2.8,--
2017,Roraima,Rural,Estadual,89,93.5,84.8,98.5,96.7,95.8,88.3,88.3,82.5,83.4,85.9,88.6,84.2,79.3,84.5,92.2,--,--,7.4,4.8,9.7,0.5,2.1,2.9,9.6,8.9,13.4,10.8,8.2,4.7,6,8.7,5.7,1.5,--,--,3.6,1.7,5.5,1,1.2,1.3,2.1,2.8,4.1,5.8,5.9,6.7,9.8,12,9.8,6.3,--,--
2017,Roraima,Total,Municipal,92.7,92.9,88.3,98.4,90.5,90,90.2,95,85.7,90.1,89.9,92,--,--,--,--,--,--,6.3,6.3,7,0.9,8.5,9.2,9,4.2,9.8,5.8,4.3,2.5,--,--,--,--,--,--,1,0.8,4.7,0.7,1,0.8,0.8,0.8,4.5,4.1,5.8,5.5,--,--,--,--,--,--
2017,Roraima,Urbana,Municipal,93.6,93.6,92.9,98.4,91.1,90.6,91.2,96.1,91,97.8,95.2,93.1,--,--,--,--,--,--,5.7,5.7,4.3,1,8.1,8.8,8.3,3.3,5.8,0,3.2,3.4,--,--,--,--,--,--,0.7,0.7,2.8,0.6,0.8,0.6,0.5,0.6,3.2,2.2,1.6,3.5,--,--,--,--,--,--
2017,Roraima,Rural,Municipal,89.7,90.1,85.8,98.3,88.3,87.8,87.2,89.8,80.7,87.3,88.2,91.7,--,--,--,--,--,--,8.4,8.4,8.4,0.5,9.9,10.8,11.5,8.8,13.7,8,4.6,2.3,--,--,--,--,--,--,1.9,1.5,5.8,1.2,1.8,1.4,1.3,1.4,5.6,4.7,7.2,6,--,--,--,--,--,--
2017,Roraima,Total,Privada,97.8,99.3,95,99.8,99.2,98.4,99,99.6,95.9,95.9,93.5,94.4,95.3,90.8,96.4,98,100,--,2.2,0.7,5,0.1,0.7,1.6,1,0.4,4.1,4.1,6.5,5.5,4.4,8.9,3.4,1.6,0,--,0,0,0,0.1,0.1,0,0,0,0,0,0,0.1,0.3,0.3,0.2,0.4,0,--
2017,Roraima,Urbana,Privada,97.8,99.3,95,99.8,99.2,98.4,99,99.6,95.9,95.9,93.5,94.4,95.5,90.8,96.6,98.4,--,--,2.2,0.7,5,0.1,0.7,1.6,1,0.4,4.1,4.1,6.5,5.5,4.5,9.2,3.4,1.6,--,--,0,0,0,0.1,0.1,0,0,0,0,0,0,0.1,0,0,0,0,--,--
2017,Roraima,Rural,Privada,--,--,--,--,--,--,--,--,--,--,--,--,88.2,90,83.3,81.8,100,--,--,--,--,--,--,--,--,--,--,--,--,--,0,0,0,0,0,--,--,--,--,--,--,--,--,--,--,--,--,--,11.8,10,16.7,18.2,0,--
2017,Roraima,Total,Pública,90,93,86.1,98.2,91.7,91,89.9,94.2,85.7,86.2,87.4,85.3,80.5,71.5,83.6,90.2,93.9,98.1,7.9,6.1,10.3,1,7.2,8.2,9.1,4.8,11.8,10.6,9.2,9.6,11.3,18.1,8.6,4.3,3.6,1.9,2.1,0.9,3.6,0.8,1.1,0.8,1,1,2.5,3.2,3.4,5.1,8.2,10.4,7.8,5.5,2.5,0
2017,Roraima,Urbana,Pública,90.4,93.6,86.6,98.1,91.1,90.6,91.2,96.1,87,87,87.8,84.3,79.3,69.6,83.4,89.7,93.9,100,8,5.8,10.6,1.2,8.1,8.8,8.3,3.3,11.1,10.7,9.6,11,12.7,20.3,9.2,4.9,3.6,0,1.6,0.6,2.8,0.7,0.8,0.6,0.5,0.6,1.9,2.3,2.6,4.7,8,10.1,7.4,5.4,2.5,0
2017,Roraima,Rural,Pública,89.2,91.8,84.9,98.4,92.8,91.6,87.7,89.1,82.3,83.8,86.1,88.8,85.1,79.2,84.3,92.2,--,98.1,7.8,6.7,9.6,0.5,5.8,7,10.6,8.8,13.4,10.5,7.9,4.5,6.1,9.1,6.4,1.7,--,1.9,3,1.5,5.5,1.1,1.4,1.4,1.7,2.1,4.3,5.7,6,6.7,8.8,11.7,9.3,6.1,--,0
2017,Pará,Total,Total,84.4,86.9,80.8,96.7,96.5,80.5,82.5,82.5,76.2,79.9,85,84.7,76.1,70,79,81.3,94.9,66,11.9,10.8,13.4,0.9,1.9,17.5,15,14.5,17.8,14.3,9.7,9.7,11.7,15.1,9.8,9.3,3.4,0.5,3.7,2.3,5.8,2.4,1.6,2,2.5,3,6,5.8,5.3,5.6,12.2,14.9,11.2,9.4,1.7,33.5
2017,Pará,Urbana,Total,86.2,89.8,81.6,97.5,96.9,82.9,87.8,86.9,78.1,80,85.6,84.6,76,69.8,79,81.2,94.4,64.8,10.8,8.4,13.8,0.7,1.8,15.5,10.4,11.1,17.2,15.1,10.4,10.8,11.9,15.4,10,9.5,3.7,0.6,3,1.8,4.6,1.8,1.3,1.6,1.8,2,4.7,4.9,4,4.6,12.1,14.8,11,9.3,1.9,34.6
2017,Pará,Rural,Total,80.9,82,79,95.4,95.6,76.3,74.2,75.4,72.3,79.7,83.5,84.9,77.7,72.3,79.9,82.8,98.4,71.1,13.9,14.7,12.6,1.3,2,21,22.2,20.1,19,12.2,8.2,6.9,8,10.1,7.1,6.6,1.6,0,5.2,3.3,8.4,3.3,2.4,2.7,3.6,4.5,8.7,8.1,8.3,8.2,14.3,17.6,13,10.6,0,28.9
2017,Pará,Total,Federal,91.6,97.2,88.9,100,99.2,90.5,97.8,99.4,96.9,91.8,86.2,80.5,85.6,77.5,88.4,92.8,94.9,--,8.4,2.8,11.1,0,0.8,9.5,2.2,0.6,3.1,8.2,13.8,19.5,11.4,18.9,8.3,4.8,4,--,0,0,0,0,0,0,0,0,0,0,0,0,3,3.6,3.3,2.4,1.1,--
2017,Pará,Urbana,Federal,91.6,97.2,88.9,100,99.2,90.5,97.8,99.4,96.9,91.8,86.2,80.5,85,77.5,88.2,92,94.9,--,8.4,2.8,11.1,0,0.8,9.5,2.2,0.6,3.1,8.2,13.8,19.5,11.8,18.9,8.4,4.9,4,--,0,0,0,0,0,0,0,0,0,0,0,0,3.2,3.6,3.4,3.1,1.1,--
2017,Pará,Rural,Federal,--,--,--,--,--,--,--,--,--,--,--,--,94.5,--,91.4,95.8,--,--,--,--,--,--,--,--,--,--,--,--,--,--,5,--,6.9,4.2,--,--,--,--,--,--,--,--,--,--,--,--,--,--,0.5,--,1.7,0,--,--
2017,Pará,Total,Estadual,80.1,87.5,76.8,95.1,96.7,74.7,96.6,82.7,74.4,76.2,80.5,76.8,74,67.7,77.2,79.1,94.9,65.5,14.9,9.4,17.3,0.2,0.3,22.7,0.7,14.2,19.8,17.6,14.6,16.6,12.5,16,10.5,10.3,3.1,0.5,5,3.1,5.9,4.7,3,2.6,2.7,3.1,5.8,6.2,4.9,6.6,13.5,16.3,12.3,10.6,2,34
2017,Pará,Urbana,Estadual,80.2,87.7,76.6,95.1,96.7,74.7,96.8,83.1,74,76,80.4,76.9,73.8,67.5,77,78.9,94.1,64.2,14.9,9.3,17.6,0.2,0.4,22.6,0.6,13.9,20.2,17.9,14.9,16.8,12.8,16.4,10.8,10.5,3.5,0.6,4.9,3,5.8,4.7,2.9,2.7,2.6,3,5.8,6.1,4.7,6.3,13.4,16.1,12.2,10.6,2.4,35.2
2017,Pará,Rural,Estadual,79.4,83,78.8,94.8,96.9,74.2,91.8,74.5,78.7,78.4,82,76.5,77.1,71.7,79.5,81.9,98.4,71.1,13.7,12.7,13.9,1.4,0,23.3,4.8,19.1,15.3,13.7,12.1,14.2,8.3,10.4,7.2,6.9,1.6,0,6.9,4.3,7.3,3.8,3.1,2.5,3.4,6.4,6,7.9,5.9,9.3,14.6,17.9,13.3,11.2,0,28.9
2017,Pará,Total,Municipal,83.6,85.7,80.1,96.6,96.1,79.3,80,81.1,74.6,79.1,84.7,86.1,66.3,46,77.6,72.5,--,--,12.5,11.9,13.5,0.9,2.1,18.6,17.3,15.7,18.8,14.6,9.1,7.9,28.1,41.3,20,25.5,--,--,3.9,2.4,6.4,2.5,1.8,2.1,2.7,3.2,6.6,6.3,6.2,6,5.6,12.7,2.4,2,--,--
2017,Pará,Urbana,Municipal,85.6,88.6,80.9,97.5,96.5,81.6,84.8,85.6,76.5,78.6,85.5,86.4,56,46,70.5,46.2,--,--,11.4,9.7,14.2,0.7,2.2,16.7,13.2,12.2,18.4,16.2,9.9,8.9,37.3,41.3,27.9,50,--,--,3,1.7,4.9,1.8,1.3,1.7,2,2.2,5.1,5.2,4.6,4.7,6.7,12.7,1.6,3.8,--,--
2017,Pará,Rural,Municipal,80.9,82,79,95.4,95.6,76.3,74.1,75.3,71.9,79.7,83.6,85.6,98,--,95.8,100,--,--,13.9,14.7,12.5,1.3,2.1,21,22.3,20.1,19.3,12.1,7.9,6.3,0,--,0,0,--,--,5.2,3.3,8.5,3.3,2.3,2.7,3.6,4.6,8.8,8.2,8.5,8.1,2,--,4.2,0,--,--
2017,Pará,Total,Privada,97.7,98.3,96.9,98.4,98.8,97.9,98.1,98.2,96.8,97,97.4,96.3,96.3,94.5,96.9,97.5,91.7,100,2,1.4,2.9,0.9,0.9,1.8,1.7,1.6,3,2.8,2.4,3.4,3.1,4.8,2.6,2,0,0,0.3,0.3,0.2,0.7,0.3,0.3,0.2,0.2,0.2,0.2,0.2,0.3,0.6,0.7,0.5,0.5,8.3,0
2017,Pará,Urbana,Privada,97.8,98.5,96.9,98.4,98.8,98.3,98.4,98.4,96.8,97,97.4,96.3,96.5,94.7,97.1,97.7,91.7,100,1.9,1.2,2.9,0.9,0.9,1.4,1.4,1.4,2.9,2.8,2.4,3.4,3.1,4.8,2.6,2,0,0,0.3,0.3,0.2,0.7,0.3,0.3,0.2,0.2,0.3,0.2,0.2,0.3,0.4,0.5,0.3,0.3,8.3,0
2017,Pará,Rural,Privada,88.1,86.4,92.6,93.9,98.3,77.6,82.3,84.5,93.4,93.3,92.1,91,88.9,87,89.1,90.7,--,--,10.6,11.9,7.2,1.9,1.7,20.9,16.9,13.9,6.6,5.8,7.9,9,2.9,3.1,3.4,2.5,--,--,1.3,1.7,0.2,4.2,0,1.5,0.8,1.6,0,0.9,0,0,8.2,9.9,7.5,6.8,--,--
2017,Pará,Total,Pública,83.1,85.8,79.3,96.5,96.2,79,81.2,81.2,74.6,78.4,83.7,83.4,74.1,67.8,77.3,79.2,94.9,65.5,12.8,11.7,14.4,0.9,2,18.9,16.1,15.5,18.9,15.3,10.5,10.4,12.5,16,10.5,10.2,3.4,0.5,4.1,2.5,6.3,2.6,1.8,2.1,2.7,3.3,6.5,6.3,5.8,6.2,13.4,16.2,12.2,10.6,1.7,34
2017,Pará,Urbana,Pública,84.5,88.5,79.5,97.3,96.6,80.7,86.3,85.3,75.8,77.8,83.8,82.7,73.9,67.6,77.1,79,94.5,64.2,12.1,9.6,15.3,0.6,2,17.5,11.7,12.4,18.9,16.7,11.6,12,12.8,16.4,10.7,10.4,3.7,0.6,3.4,1.9,5.2,2.1,1.4,1.8,2,2.3,5.3,5.5,4.6,5.3,13.3,16,12.2,10.6,1.8,35.2
2017,Pará,Rural,Pública,80.9,82,79,95.4,95.6,76.3,74.2,75.3,72.2,79.6,83.5,84.9,77.3,71.7,79.6,82.4,98.4,71.1,13.9,14.7,12.6,1.3,2.1,21,22.2,20.1,19,12.2,8.2,6.9,8.2,10.4,7.2,6.8,1.6,0,5.2,3.3,8.4,3.3,2.3,2.7,3.6,4.6,8.8,8.2,8.3,8.2,14.5,17.9,13.2,10.8,0,28.9
2017,Amapá,Total,Total,86.6,89.5,82.2,97.1,97.5,82.5,86.2,86.5,75.5,82.9,86.1,87.1,76.9,68.8,80.9,83.8,94,90.5,11,9,14.1,1.2,1.4,16.3,12.2,11.6,20.6,13.9,10.5,8.5,14.3,19.4,11.8,10,3.5,0,2.4,1.5,3.7,1.7,1.1,1.2,1.6,1.9,3.9,3.2,3.4,4.4,8.8,11.8,7.3,6.2,2.5,9.5
2017,Amapá,Urbana,Total,87.6,91,82.8,97.2,97.4,84.5,88.7,88.6,76,83.2,86.9,88,77.1,68.7,81.8,84.1,92.9,--,10.3,7.7,14,1.2,1.4,14.5,9.8,9.8,20.4,14.1,10.3,8.4,14.5,19.8,11.7,10.2,4.1,--,2.1,1.3,3.2,1.6,1.2,1,1.5,1.6,3.6,2.7,2.8,3.6,8.4,11.5,6.5,5.7,3,--
2017,Amapá,Rural,Total,82.6,84.3,79.4,96.6,97.5,76.3,77.8,79.4,72.9,81.4,82.2,83.5,75.1,69.5,75.2,81.9,100,90.5,13.8,13.5,14.4,1.2,1.2,21.9,19.8,17.6,21.6,13.3,11.4,8.6,13.2,17.1,12.8,8.4,0,0,3.6,2.2,6.2,2.2,1.3,1.8,2.4,3,5.5,5.3,6.4,7.9,11.7,13.4,12,9.7,0,9.5
2017,Amapá,Total,Federal,--,--,--,--,--,--,--,--,--,--,--,--,86.9,77.1,88.6,97.3,94.8,--,--,--,--,--,--,--,--,--,--,--,--,--,11.7,21.3,10.9,2.7,1.7,--,--,--,--,--,--,--,--,--,--,--,--,--,1.4,1.6,0.5,0,3.5,--
2017,Amapá,Urbana,Federal,--,--,--,--,--,--,--,--,--,--,--,--,86.9,77.1,88.6,97.3,94.8,--,--,--,--,--,--,--,--,--,--,--,--,--,11.7,21.3,10.9,2.7,1.7,--,--,--,--,--,--,--,--,--,--,--,--,--,1.4,1.6,0.5,0,3.5,--
2017,Amapá,Total,Estadual,83.1,87,80.9,97.5,98.2,79.6,81.3,83,74.5,81.4,84.9,85.7,74.6,66.5,78.9,81.9,92.9,--,13.7,11.2,15,0.9,0.9,18.9,16.3,14.6,21.2,15.2,11.3,9.5,15.6,20.4,13,11.2,5.8,--,3.2,1.8,4.1,1.6,0.9,1.5,2.4,2.4,4.3,3.4,3.8,4.8,9.8,13.1,8.1,6.9,1.3,--
2017,Amapá,Urbana,Estadual,83.7,89.4,81.4,97.8,98.5,82.6,84.1,86.5,74.9,81.5,85.6,86.2,74.6,66.1,79.6,81.9,89.3,--,13.3,9.1,15.1,0.5,0.5,16.1,13.9,11.9,21.1,15.5,11.2,9.6,15.9,20.9,12.9,11.5,8.7,--,3,1.5,3.5,1.7,1,1.3,2,1.6,4,3,3.2,4.2,9.5,13,7.5,6.6,2,--
2017,Amapá,Rural,Estadual,81.2,83.1,79.2,96.7,97.7,75,77.2,77,73.1,80.7,81.9,83.5,74.5,69.2,74.6,81.8,100,--,14.7,14.6,14.8,1.6,1.4,23.2,19.8,19.3,21.7,14,11.7,9,13.7,17.6,13.2,8.6,0,--,4.1,2.3,6,1.7,0.9,1.8,3,3.7,5.2,5.3,6.4,7.5,11.8,13.2,12.2,9.6,0,--
2017,Amapá,Total,Municipal,88.5,89.3,75.6,96.4,96.7,81.7,86.7,86.9,60.6,82.5,80.2,91.6,--,--,--,--,--,--,9.7,9.2,20.1,1.6,1.8,17.1,11.8,11.1,35,13.4,14.8,4.1,--,--,--,--,--,--,1.8,1.5,4.3,2,1.5,1.2,1.5,2,4.4,4.1,5,4.3,--,--,--,--,--,--
2017,Amapá,Urbana,Municipal,89.2,90,74.5,96.4,96.6,82.7,88.5,87.7,59.8,80.9,79.6,92.9,--,--,--,--,--,--,9.2,8.5,22.2,1.7,2,16.2,10,10.4,37,15.6,16.5,4.7,--,--,--,--,--,--,1.6,1.5,3.3,1.9,1.4,1.1,1.5,1.9,3.2,3.5,3.9,2.4,--,--,--,--,--,--
2017,Amapá,Rural,Municipal,85.5,85.7,81,96.5,97.4,77.6,78.4,83.1,66.9,88.9,83,85.9,--,--,--,--,--,--,12.2,12.4,8.8,0.8,1,20.7,19.8,15,20.3,4.4,7.4,1.2,--,--,--,--,--,--,2.3,1.9,10.2,2.7,1.6,1.7,1.8,1.9,12.8,6.7,9.6,12.9,--,--,--,--,--,--
2017,Amapá,Total,Privada,99,99.4,98.4,99.7,99.9,99.1,98.9,99.2,98.5,98.7,98.8,97.6,97.5,95.2,99.1,98.7,--,90.5,0.9,0.6,1.3,0.1,0,0.8,1.1,0.8,1.4,1.3,1,1.7,1.7,3.9,0.6,0.5,--,0,0.1,0,0.3,0.2,0.1,0.1,0,0,0.1,0,0.2,0.7,0.8,0.9,0.3,0.8,--,9.5
2017,Amapá,Urbana,Privada,99.1,99.4,98.7,99.7,99.9,99.1,98.9,99.2,98.8,98.7,99.2,98.3,98.1,96,99.3,99.2,--,--,0.8,0.6,1.2,0.1,0,0.8,1.1,0.8,1.2,1.2,0.8,1.6,1.8,4,0.6,0.6,--,--,0.1,0,0.1,0.2,0.1,0.1,0,0,0,0.1,0,0.1,0.1,0,0.1,0.2,--,--
2017,Amapá,Rural,Privada,86.5,--,86.5,--,--,--,--,--,80,97.1,90.5,75.7,88.4,83,95.2,86.1,--,90.5,6,--,6,--,--,--,--,--,15,2.9,4.8,5.4,0.6,1.9,0,0,--,0,7.5,--,7.5,--,--,--,--,--,5,0,4.7,18.9,11,15.1,4.8,13.9,--,9.5
2017,Amapá,Total,Pública,85.3,88.5,80.6,96.8,97.2,81,84.9,85.3,73.6,81.4,84.7,86,75.1,67,79.2,82.3,94,--,12,9.9,15.3,1.3,1.5,17.7,13.3,12.6,22.2,15.1,11.5,9.2,15.4,20.5,12.9,10.9,3.5,--,2.7,1.6,4.1,1.9,1.3,1.3,1.8,2.1,4.2,3.5,3.8,4.8,9.5,12.5,7.9,6.8,2.5,--
2017,Amapá,Urbana,Pública,86.1,89.8,81,96.8,97.1,82.7,87.3,87.3,73.8,81.5,85.3,86.5,75.2,66.6,80,82.4,92.9,--,11.5,8.7,15.5,1.4,1.6,16.2,11,10.9,22.3,15.5,11.4,9.4,15.7,20.9,12.8,11.3,4.1,--,2.4,1.5,3.5,1.8,1.3,1.1,1.7,1.8,3.9,3,3.3,4.1,9.1,12.5,7.2,6.3,3,--
2017,Amapá,Rural,Pública,82.6,84.3,79.3,96.6,97.5,76.3,77.8,79.4,72.8,81.2,82,83.6,74.5,69.2,74.6,81.8,100,--,13.9,13.5,14.5,1.2,1.2,21.9,19.8,17.6,21.6,13.5,11.5,8.6,13.7,17.6,13.2,8.6,0,--,3.5,2.2,6.2,2.2,1.3,1.8,2.4,3,5.6,5.3,6.5,7.8,11.8,13.2,12.2,9.6,0,--
2017,Tocantins,Total,Total,91.4,94.2,87.8,99.3,99.2,90.5,90.1,93.4,85.4,87.5,88.6,90.3,84.2,77.1,86.1,92.7,96.8,65.3,7.4,5.4,9.9,0.3,0.4,9.2,9.3,6,12.5,10.4,8.9,7.2,10.2,15.7,8.5,4.1,0.8,5.6,1.2,0.4,2.3,0.4,0.4,0.3,0.6,0.6,2.1,2.1,2.5,2.5,5.6,7.2,5.4,3.2,2.4,29.1
2017,Tocantins,Urbana,Total,91.9,94.8,88.3,99.5,99.5,90.9,91.1,94.4,86.2,87.8,89,90.6,84.4,77.1,86.2,92.8,97.3,86.7,7.1,5,9.7,0.2,0.3,9,8.6,5.3,11.9,10.4,8.7,7.1,10.1,15.7,8.3,3.9,0,0,1,0.2,2,0.3,0.2,0.1,0.3,0.3,1.9,1.8,2.3,2.3,5.5,7.2,5.5,3.3,2.7,13.3
2017,Tocantins,Rural,Total,88.3,90.9,84.4,97.6,97.6,88.5,85.1,87.9,79.4,85.3,85.8,88.1,82.9,77.3,84,90.6,95.9,59.6,9.2,7.6,11.7,0.9,1,10.7,13,10.3,17,10.8,10.1,7.7,11.8,16.4,11.1,6.5,2,7,2.5,1.5,3.9,1.5,1.4,0.8,1.9,1.8,3.6,3.9,4.1,4.2,5.3,6.3,4.9,2.9,2.1,33.4
2017,Tocantins,Total,Federal,--,--,--,--,--,--,--,--,--,--,--,--,80.2,72.8,81.4,92,--,--,--,--,--,--,--,--,--,--,--,--,--,--,19.3,26.6,18,7.8,--,--,--,--,--,--,--,--,--,--,--,--,--,--,0.5,0.6,0.6,0.2,--,--
2017,Tocantins,Urbana,Federal,--,--,--,--,--,--,--,--,--,--,--,--,82.6,74.4,85.2,95.1,--,--,--,--,--,--,--,--,--,--,--,--,--,--,16.9,24.9,14.3,4.7,--,--,--,--,--,--,--,--,--,--,--,--,--,--,0.5,0.7,0.5,0.2,--,--
2017,Tocantins,Rural,Federal,--,--,--,--,--,--,--,--,--,--,--,--,74.5,68.7,72.5,85.8,--,--,--,--,--,--,--,--,--,--,--,--,--,--,25.1,30.8,26.7,14.2,--,--,--,--,--,--,--,--,--,--,--,--,--,--,0.4,0.5,0.8,0,--,--
2017,Tocantins,Total,Estadual,87.5,92.7,86.5,93.5,96.5,92.2,90.9,93.3,84.6,86.4,86.9,88.1,83.8,76.5,85.7,92.3,96.8,65.3,10,5.9,10.9,1.4,0.7,6.8,8,5.7,12.9,11.3,10.2,8.9,10.1,15.5,8.3,4.1,0.8,5.6,2.5,1.4,2.6,5.1,2.8,1,1.1,1,2.5,2.3,2.9,3,6.1,8,6,3.6,2.4,29.1
2017,Tocantins,Urbana,Estadual,88,94.4,86.9,100,99.9,93.2,92.4,95.1,85.2,86.7,87.3,88.6,83.7,76.4,85.7,92.4,97.3,86.7,9.9,5.4,10.7,0,0.1,6.6,7.4,4.7,12.6,11.3,9.9,8.6,10.1,15.7,8.3,4,0,0,2.1,0.2,2.4,0,0,0.2,0.2,0.2,2.2,2,2.8,2.8,6.2,7.9,6,3.6,2.7,13.3
2017,Tocantins,Rural,Estadual,83.4,87,81.2,90.7,91.5,89.9,84.6,81.4,77.1,82.8,82.2,82.8,84,78.7,85.5,91.1,95.9,59.6,11.2,7.7,13.4,2,1.4,7.3,10.6,12.4,17.2,11.8,13.1,11.6,9.2,13.2,8.3,5.1,2,7,5.4,5.3,5.4,7.3,7.1,2.8,4.8,6.2,5.7,5.4,4.7,5.6,6.8,8.1,6.2,3.8,2.1,33.4
2017,Tocantins,Total,Municipal,92.8,93.7,88.9,99.5,99.4,89.4,88.9,92.8,84.6,87.8,91,94.7,--,--,--,--,--,--,6.6,5.9,9.2,0.3,0.4,10.4,10.5,6.7,13.6,10.2,7,3.3,--,--,--,--,--,--,0.6,0.4,1.9,0.2,0.2,0.2,0.6,0.5,1.8,2,2,2,--,--,--,--,--,--
2017,Tocantins,Urbana,Municipal,93.4,94.2,89.9,99.6,99.5,89.6,89.7,93.5,86.2,88.3,92,95.8,--,--,--,--,--,--,6.1,5.5,8.5,0.2,0.3,10.2,9.8,6,12.2,10.1,6.5,2.8,--,--,--,--,--,--,0.5,0.3,1.6,0.2,0.2,0.2,0.5,0.5,1.6,1.6,1.5,1.4,--,--,--,--,--,--
2017,Tocantins,Rural,Municipal,89.8,91.5,86,98.6,98.5,88,84.9,89.2,80.3,86.5,88,92,--,--,--,--,--,--,8.8,7.8,10.9,0.7,1,11.6,13.9,10,17.3,10.5,8.3,4.7,--,--,--,--,--,--,1.4,0.7,3.1,0.7,0.5,0.4,1.2,0.8,2.4,3,3.7,3.3,--,--,--,--,--,--
2017,Tocantins,Total,Privada,98.3,99.2,96.5,99.2,99.6,99.3,98.9,98.8,95.8,97,97.1,96.5,94.5,91.2,95.2,97.7,--,--,1.7,0.7,3.4,0.5,0.4,0.7,1.1,1.2,4.1,3,2.8,3.5,5.2,8.6,4.5,1.8,--,--,0,0.1,0.1,0.3,0,0,0,0,0.1,0,0.1,0,0.3,0.2,0.3,0.5,--,--
2017,Tocantins,Urbana,Privada,98.2,99.2,96.4,99.2,99.6,99.3,98.9,98.7,95.7,96.9,96.9,96.3,94.4,91.2,95,97.6,--,--,1.7,0.7,3.5,0.5,0.4,0.7,1.1,1.3,4.2,3.1,2.9,3.7,5.3,8.6,4.6,2,--,--,0.1,0.1,0.1,0.3,0,0,0,0,0.1,0,0.2,0,0.3,0.2,0.4,0.4,--,--
2017,Tocantins,Rural,Privada,99.2,99.7,98.7,100,100,100,98.9,100,96.3,98.8,100,100,96.3,91,97.7,100,--,--,0.8,0.3,1.3,0,0,0,1.1,0,3.7,1.2,0,0,3.7,9,2.3,0,--,--,0,0,0,0,0,0,0,0,0,0,0,0,0,0,0,0,--,--
2017,Tocantins,Total,Pública,90.7,93.6,87.1,99.3,99.2,89.6,89.3,92.9,84.6,86.8,88,89.7,83.6,76.3,85.5,92.3,96.8,65.3,7.9,5.9,10.4,0.3,0.5,10.1,10.1,6.4,13.2,11,9.3,7.5,10.5,16.1,8.8,4.2,0.8,5.6,1.4,0.5,2.5,0.4,0.3,0.3,0.6,0.7,2.2,2.2,2.7,2.8,5.9,7.6,5.7,3.5,2.4,29.1
2017,Tocantins,Urbana,Pública,91.2,94.2,87.6,99.6,99.5,89.9,90.1,93.9,85.4,87.1,88.3,90,83.7,76.3,85.7,92.5,97.3,86.7,7.7,5.5,10.2,0.2,0.3,10,9.4,5.7,12.5,11,9.2,7.4,10.4,16.1,8.5,4,0,0,1.1,0.3,2.2,0.2,0.2,0.1,0.5,0.4,2.1,1.9,2.5,2.6,5.9,7.6,5.8,3.5,2.7,13.3
2017,Tocantins,Rural,Pública,88.1,90.7,84,97.6,97.5,88.3,84.8,87.6,79.1,85,85.5,87.7,82.2,76.7,83.2,90.1,95.9,59.6,9.4,7.8,12,0.9,1.1,10.9,13.3,10.5,17.2,11,10.4,8,12.2,16.7,11.6,6.9,2,7,2.5,1.5,4,1.5,1.4,0.8,1.9,1.9,3.7,4,4.1,4.3,5.6,6.6,5.2,3,2.1,33.4
2017,Nordeste,Total,Total,88,91.7,83.4,97.5,97.2,86.7,89.2,89.7,78.5,82.3,85.7,89,83,76.2,84.9,90.3,83.5,84.8,9.3,6.9,12.4,1.3,1.9,11.9,9.2,8.6,16.6,13.5,10.3,7.3,10,14.5,8.7,5.2,12.9,10,2.7,1.4,4.2,1.2,0.9,1.4,1.6,1.7,4.9,4.2,4,3.7,7,9.3,6.4,4.5,3.6,5.2
2017,Nordeste,Urbana,Total,88.3,92.5,83.6,97.5,97.3,87.8,90.4,90.9,79.1,82.3,85.8,88.8,82.9,76.2,84.9,90.3,82.9,85,9.1,6.2,12.4,1.3,1.8,11,8.1,7.6,16.3,13.6,10.6,7.8,10.2,14.6,8.7,5.3,13.5,9.9,2.6,1.3,4,1.2,0.9,1.2,1.5,1.5,4.6,4.1,3.6,3.4,6.9,9.2,6.4,4.4,3.6,5.1
2017,Nordeste,Rural,Total,87.1,89.7,82.8,97.5,96.8,84.2,86.3,86.8,76.6,82.1,85.6,89.8,83.3,77.5,84.3,90.4,93.3,81.7,9.9,8.6,12.2,1.2,2.1,14.3,11.8,11,18,13,9.3,5.6,8.5,12.1,7.7,4.3,4,10.8,3,1.7,5,1.3,1.1,1.5,1.9,2.2,5.4,4.9,5.1,4.6,8.2,10.4,8,5.3,2.7,7.5
2017,Nordeste,Total,Federal,96.4,99.5,95.6,100,100,98.5,98.9,100,95.9,95.2,94.7,96.6,82.3,76.9,83.5,87.3,88,82.4,3.6,0.5,4.3,0,0,1.5,1.1,0,4.1,4.8,5.1,3.2,14,18.6,13.8,9.3,8.3,13.9,0,0,0.1,0,0,0,0,0,0,0,0.2,0.2,3.7,4.5,2.7,3.4,3.7,3.7
2017,Nordeste,Urbana,Federal,96.3,100,95.6,100,100,100,100,100,95.8,95.1,94.6,96.7,82,76.4,83.2,86.9,87.8,82.3,3.7,0,4.4,0,0,0,0,0,4.2,4.9,5.2,3.3,14.3,19,14.1,9.7,8.4,13.8,0,0,0,0,0,0,0,0,0,0,0.2,0,3.7,4.6,2.7,3.4,3.8,3.9
2017,Nordeste,Rural,Federal,97.3,96.6,98.1,100,100,90,92.3,100,100,100,100,92.9,84.8,80.2,85.7,89.3,94.5,83.8,1.8,3.4,0,0,0,10,7.7,0,0,0,0,0,11.9,15.8,12.1,6.9,4.1,14.4,0.9,0,1.9,0,0,0,0,0,0,0,0,7.1,3.3,4,2.2,3.8,1.4,1.8
2017,Nordeste,Total,Estadual,80.9,87.9,79.4,94.8,95.9,84.5,84.2,85.6,73.4,77.7,81.8,84.7,81.6,74.6,83.6,89.4,79.9,85.1,14.8,9.8,15.8,2.7,2.4,13.2,13.5,11.7,21.1,17.5,13.8,11,10.6,15.1,9.1,5.6,16.6,9.4,4.3,2.3,4.8,2.5,1.7,2.3,2.3,2.7,5.5,4.8,4.4,4.3,7.8,10.3,7.3,5,3.5,5.5
2017,Nordeste,Urbana,Estadual,80.9,89,79.5,97.3,97.8,85.7,84.7,86.6,73.6,77.6,81.8,84.8,81.5,74.4,83.6,89.3,79.6,85.3,14.9,9.1,15.9,0.9,0.9,12.5,13.5,11.2,21.1,17.8,13.9,11,10.8,15.3,9.2,5.7,17,9.3,4.2,1.9,4.6,1.8,1.3,1.8,1.8,2.2,5.3,4.6,4.3,4.2,7.7,10.3,7.2,5,3.4,5.4
2017,Nordeste,Rural,Estadual,80.2,82.8,78.6,86.6,88.6,79.3,81.6,80.3,71,79.8,81.6,83.3,83,77.2,84.2,90.2,89.8,82.6,13.9,12.6,14.7,8.6,8.1,16,13.8,14.7,21,14.3,12,10.2,8.5,12.1,7.5,4.3,6.9,10.8,5.9,4.6,6.7,4.8,3.3,4.7,4.6,5,8,5.9,6.4,6.5,8.5,10.7,8.3,5.5,3.3,6.6
2017,Nordeste,Total,Municipal,86.8,90.2,81.9,97.4,96.8,84.1,87.3,88.1,76.3,80.7,84.6,88.9,79.1,69.8,80.8,89,90.8,73.3,10.3,8.2,13.2,1.2,2.1,14.4,10.8,9.9,18.1,14.3,10.8,6.8,9,13.9,8.1,4,2.2,5.3,2.9,1.6,4.9,1.4,1.1,1.5,1.9,2,5.6,5,4.6,4.3,11.9,16.3,11.1,7,7,21.4
2017,Nordeste,Urbana,Municipal,86.5,90.4,81.4,97.2,96.7,84,87.9,88.7,76.2,80.1,84.1,88.4,78.6,70.9,81.4,86.1,89.5,65.2,10.4,8,13.7,1.3,2.1,14.4,10.2,9.3,18.2,14.9,11.4,7.4,9.4,12.6,9.1,5.9,3.1,17.4,3.1,1.6,4.9,1.5,1.2,1.6,1.9,2,5.6,5,4.5,4.2,12,16.5,9.5,8,7.4,17.4
2017,Nordeste,Rural,Municipal,87.3,89.8,82.9,97.7,96.9,84.1,86.3,86.9,76.8,82.2,85.7,90.1,79.6,68.5,80.2,91.9,93.1,76.9,9.9,8.6,12.1,1,2,14.3,11.9,11,17.9,12.9,9.2,5.4,8.4,15.6,7.1,2,0.8,0,2.8,1.6,5,1.3,1.1,1.6,1.8,2.1,5.3,4.9,5.1,4.5,12,15.9,12.7,6.1,6.1,23.1
2017,Nordeste,Total,Privada,97.3,98.2,95.7,98,98.4,98.2,98.3,98.1,96,95.5,95.8,95.3,95,92.1,95.5,97.9,94.7,93,2.4,1.5,4.1,1.5,1.3,1.5,1.5,1.7,3.8,4.2,3.9,4.4,4.3,7.1,3.9,1.7,1.6,3.2,0.3,0.3,0.2,0.5,0.3,0.3,0.2,0.2,0.2,0.3,0.3,0.3,0.7,0.8,0.6,0.4,3.7,3.8
2017,Nordeste,Urbana,Privada,97.3,98.2,95.7,98,98.4,98.3,98.3,98.2,96,95.5,95.9,95.3,95.1,92.2,95.6,98,93.2,94.9,2.4,1.5,4,1.5,1.3,1.5,1.5,1.7,3.7,4.2,3.9,4.4,4.3,7.1,3.9,1.6,1.1,3.2,0.3,0.3,0.3,0.5,0.3,0.2,0.2,0.1,0.3,0.3,0.2,0.3,0.6,0.7,0.5,0.4,5.7,1.9
2017,Nordeste,Rural,Privada,95.8,96.5,94.1,96.7,97.4,95.7,96.2,96.6,92.3,93.3,94.5,96.9,90.5,88,90,94.2,96.2,51.5,3.9,3.1,5.5,2.7,2.3,4.1,3.6,3.1,7.4,6.2,5,2.9,4.8,5,6.9,3.1,2,3,0.3,0.4,0.4,0.6,0.3,0.2,0.2,0.3,0.3,0.5,0.5,0.2,4.7,7,3.1,2.7,1.8,45.5
2017,Nordeste,Total,Pública,86.1,90.1,81.4,97.3,96.8,84.1,87.2,88,75.8,80.1,84,87.8,81.6,74.6,83.6,89.3,83,84.5,10.8,8.3,13.8,1.2,2.1,14.3,10.9,10,18.6,15,11.4,7.9,10.7,15.2,9.2,5.7,13.3,10.3,3.1,1.6,4.8,1.5,1.1,1.6,1.9,2,5.6,4.9,4.6,4.3,7.7,10.2,7.2,5,3.7,5.2
2017,Nordeste,Urbana,Pública,85.6,90.3,80.9,97.2,96.8,84.1,87.8,88.6,75.6,79.5,83.5,87.2,81.5,74.4,83.6,89.2,82.7,84.6,11.1,8.1,14.2,1.2,2.1,14.3,10.4,9.4,18.8,15.6,12.1,8.6,10.9,15.4,9.4,5.8,13.7,10.2,3.3,1.6,4.9,1.6,1.1,1.6,1.8,2,5.6,4.9,4.4,4.2,7.6,10.2,7,5,3.6,5.2
2017,Nordeste,Rural,Pública,87.1,89.7,82.7,97.5,96.8,84,86.2,86.8,76.5,82,85.5,89.7,83,77.1,84.2,90.2,92.1,82.6,10,8.7,12.2,1.2,2.1,14.4,11.9,11.1,18.1,13,9.4,5.6,8.7,12.3,7.7,4.4,4.8,11,2.9,1.6,5.1,1.3,1.1,1.6,1.9,2.1,5.4,5,5.1,4.7,8.3,10.6,8.1,5.4,3.1,6.4
2017,Maranhão,Total,Total,89.7,92.9,85.6,98.1,97.7,91.1,89.6,89.4,82.4,84.7,86.7,89.7,86.5,82.1,87.6,91.2,91.3,87,7.8,5.8,10.4,0.7,1.2,7.7,9,8.8,14,11.3,9,5.8,7.4,10.4,6.4,4.6,1.2,3.7,2.5,1.3,4,1.2,1.1,1.2,1.4,1.8,3.6,4,4.3,4.5,6.1,7.5,6,4.2,7.5,9.3
2017,Maranhão,Urbana,Total,90.2,93.6,86,98.4,98,91.4,90.7,90.6,83.3,85,86.9,89.9,87,82.5,88.3,91.6,92,90.6,7.6,5.3,10.5,0.5,1.1,7.6,8.1,7.9,13.5,11.6,9.6,6.3,7.3,10.4,6.2,4.5,1,1.8,2.2,1.1,3.5,1.1,0.9,1,1.2,1.5,3.2,3.4,3.5,3.8,5.7,7.1,5.5,3.9,7,7.6
2017,Maranhão,Rural,Total,89,91.9,84.8,97.6,97.3,90.8,88,87.7,80.8,84.3,86.3,89.4,83.7,80,84,88.9,85.7,77.9,8,6.5,10.1,0.9,1.4,7.8,10.4,10.1,14.8,10.8,8,4.9,8,10.4,7.4,5,2.9,8.3,3,1.6,5.1,1.5,1.3,1.4,1.6,2.2,4.4,4.9,5.7,5.7,8.3,9.6,8.6,6.1,11.4,13.8
2017,Maranhão,Total,Federal,95.5,98,94.6,100,100,90,92.3,100,100,89.6,93.7,96.4,86.2,85.9,88.4,81.9,--,99.2,4.3,2,5,0,0,10,7.7,0,0,10.4,6.3,2.4,10.5,11,9.5,13,--,0.4,0.2,0,0.4,0,0,0,0,0,0,0,0,1.2,3.3,3.1,2.1,5.1,--,0.4
2017,Maranhão,Urbana,Federal,94.8,100,93.9,--,--,--,--,100,100,87.5,92.4,97.1,86.1,86.1,88.3,80.6,--,99.2,5.2,0,6.1,--,--,--,--,0,0,12.5,7.6,2.9,10.5,10.9,9.6,13.3,--,0.4,0,0,0,--,--,--,--,0,0,0,0,0,3.4,3,2.1,6.1,--,0.4
2017,Maranhão,Rural,Federal,97.3,96.6,98.1,100,100,90,92.3,100,100,100,100,92.9,86.9,85.3,88.9,87.1,--,--,1.8,3.4,0,0,0,10,7.7,0,0,0,0,0,10.7,11,9.3,12,--,--,0.9,0,1.9,0,0,0,0,0,0,0,0,7.1,2.4,3.7,1.8,0.9,--,--
2017,Maranhão,Total,Estadual,85.2,79.8,87.1,74.5,82.9,76.2,75.9,85,83.5,85.9,88.7,88.9,86,81.5,87.2,91.1,--,78.9,10,13.2,8.9,15.4,10.5,14.4,17.4,10,11.2,10.4,7.9,7,7.6,10.6,6.5,4.6,--,7,4.8,7,4,10.1,6.6,9.4,6.7,5,5.3,3.7,3.4,4.1,6.4,7.9,6.3,4.3,--,14.1
2017,Maranhão,Urbana,Estadual,90.4,91.9,90.3,100,100,89.4,91.2,91.8,87.8,88.5,91.6,92,86.4,81.8,87.8,91.4,--,76.7,8.3,7.1,8.4,0,0,7.7,8.8,7.1,11.1,10.5,7.3,6.1,7.5,10.6,6.3,4.5,--,4.2,1.3,1,1.3,0,0,2.9,0,1.1,1.1,1,1.1,1.9,6.1,7.6,5.9,4.1,--,19.1
2017,Maranhão,Rural,Estadual,76.5,76.3,76.7,74.1,82.4,75.5,74.2,75.7,70.8,78.1,79.4,77.5,83.6,79.7,83.9,89,--,81.7,12.8,14.9,10.3,15.7,10.8,14.8,18.3,14,11.3,10,9.9,10.4,8,10.6,7.4,4.8,--,10.8,10.7,8.8,13,10.2,6.8,9.7,7.5,10.3,17.9,11.9,10.7,12.1,8.4,9.7,8.7,6.2,--,7.5
2017,Maranhão,Total,Municipal,88.9,92.3,84.5,98.2,97.8,90.4,88.8,88.6,81.2,83.6,85.7,89.1,82.9,82.6,79.2,86.8,88.6,76.9,8.4,6.3,11.1,0.5,1.1,8.4,9.8,9.5,15,12,9.6,6,4.9,6.3,4.1,4.2,1.4,0,2.7,1.4,4.4,1.3,1.1,1.2,1.4,1.9,3.8,4.4,4.7,4.9,12.2,11.1,16.7,9,10,23.1
2017,Maranhão,Urbana,Municipal,88.7,92.4,84.2,98.2,97.7,89.8,89.2,89.2,81.3,83.2,85.2,88.6,86.9,87.8,82.7,89.1,91.4,--,8.7,6.2,11.7,0.5,1.2,9,9.4,9,15,12.8,10.7,6.8,3.9,3.7,3.8,4.6,0,--,2.6,1.4,4.1,1.3,1.1,1.2,1.4,1.8,3.7,4,4.1,4.6,9.2,8.5,13.5,6.3,8.6,--
2017,Maranhão,Rural,Municipal,89.3,92.3,85,98.2,97.8,91.2,88.3,87.8,81,84.4,86.5,89.9,76.8,74.3,74.4,82.6,85.7,76.9,7.9,6.3,10.2,0.5,1.1,7.7,10.3,10.1,15,10.9,8,4.7,6.4,10.6,4.5,3.5,2.9,0,2.8,1.4,4.8,1.3,1.1,1.1,1.4,2.1,4,4.7,5.5,5.4,16.8,15.1,21.1,13.9,11.4,23.1
2017,Maranhão,Total,Privada,97.7,98.6,96.1,99,99,98.2,98.3,98.1,96.1,96,95.9,96.5,94.9,91.8,95.9,97.6,92,69.8,2,1.1,3.6,0.5,0.7,1.4,1.5,1.7,3.8,3.6,3.7,3.3,3.6,6.1,3.2,1.6,1.1,1.9,0.3,0.3,0.3,0.5,0.3,0.4,0.2,0.2,0.1,0.4,0.4,0.2,1.5,2.1,0.9,0.8,6.9,28.3
2017,Maranhão,Urbana,Privada,97.7,98.6,96.1,99,99,98.3,98.2,98.1,96.1,96,95.9,96.4,95.7,92.8,96.6,97.9,92,100,2,1.1,3.7,0.5,0.7,1.4,1.5,1.7,3.8,3.7,3.8,3.4,3.5,6.2,2.8,1.5,1.1,0,0.3,0.3,0.2,0.5,0.3,0.3,0.3,0.2,0.1,0.3,0.3,0.2,0.8,1,0.6,0.6,6.9,0
2017,Maranhão,Rural,Privada,98.1,98.5,97,99,99,97.9,98.7,97.9,96.1,97.3,97,97.9,86.5,84.3,86.6,92.9,--,51.5,1.5,1,2.7,0.3,0.5,1.9,1,1.7,3.7,2.2,2.8,2.1,5.1,4.9,8,2.4,--,3,0.4,0.5,0.3,0.7,0.5,0.2,0.3,0.4,0.2,0.5,0.2,0,8.4,10.8,5.4,4.7,--,45.5
2017,Maranhão,Total,Pública,88.8,92.1,84.7,97.9,97.5,90.2,88.6,88.5,81.3,83.8,85.9,89.1,85.9,81.6,87.1,90.7,88.6,87.8,8.4,6.4,10.9,0.7,1.3,8.5,9.9,9.5,14.8,12,9.5,6,7.7,10.6,6.6,4.8,1.4,3.8,2.8,1.5,4.4,1.4,1.2,1.3,1.5,2,3.9,4.2,4.6,4.9,6.4,7.8,6.3,4.5,10,8.4
2017,Maranhão,Urbana,Pública,88.8,92.4,84.7,98.2,97.7,89.8,89.2,89.3,81.7,83.5,85.8,89,86.4,82,87.7,91.1,91.4,90.4,8.7,6.2,11.4,0.5,1.1,9,9.4,9,14.8,12.6,10.4,6.7,7.6,10.6,6.4,4.8,0,1.9,2.5,1.4,3.9,1.3,1.2,1.2,1.4,1.7,3.5,3.9,3.8,4.3,6,7.4,5.9,4.1,8.6,7.7
2017,Maranhão,Rural,Pública,88.9,91.8,84.7,97.5,97.3,90.7,87.8,87.6,80.7,84.1,86.2,89.3,83.6,79.8,84,88.8,85.7,80.9,8.1,6.6,10.2,0.9,1.4,7.9,10.6,10.2,14.9,10.9,8.1,4.9,8.1,10.6,7.4,5.1,2.9,8.9,3,1.6,5.1,1.6,1.3,1.4,1.6,2.2,4.4,5,5.7,5.8,8.3,9.6,8.6,6.1,11.4,10.2
2017,Piauí,Total,Total,88.5,90.6,85.8,96.9,95.6,85.6,87.2,89.6,80.5,84.7,88.4,91.5,82.8,75.3,84.3,90.5,95.1,93.4,9.4,8.3,11,2.3,3.5,13.3,11.4,9,16.1,11.8,8.5,5.5,7.7,12.5,6.8,2.8,4,1.4,2.1,1.1,3.2,0.8,0.9,1.1,1.4,1.4,3.4,3.5,3.1,3,9.5,12.2,8.9,6.7,0.9,5.2
2017,Piauí,Urbana,Total,89.2,91.5,86.3,97,95.7,87.2,88.4,90.6,81.7,85.1,88.8,91.4,83.1,75.5,84.7,90.8,94.7,93.2,8.8,7.4,10.6,2.2,3.4,11.6,10.3,8.1,15.1,11.6,8.4,5.9,7.9,12.7,6.8,2.8,4.3,1.6,2,1.1,3.1,0.8,0.9,1.2,1.3,1.3,3.2,3.3,2.8,2.7,9,11.8,8.5,6.4,1,5.2
2017,Piauí,Rural,Total,86.8,88.5,84,96.5,95.4,82,84.7,87.2,77.1,83.4,87,92,77.8,71.7,76.5,86.9,100,96.1,10.9,10.2,11.9,2.5,3.8,16.8,13.7,11,18.9,12.5,8.9,4,5.8,8.4,6.1,2.1,0,0,2.3,1.3,4.1,1,0.8,1.2,1.6,1.8,4,4.1,4.1,4,16.4,19.9,17.4,11,0,3.9
2017,Piauí,Total,Federal,--,--,--,--,--,--,--,--,--,--,--,--,80.1,69,79.2,93.4,94.9,--,--,--,--,--,--,--,--,--,--,--,--,--,16.7,25.1,18.7,6,4.1,--,--,--,--,--,--,--,--,--,--,--,--,--,3.2,5.9,2.1,0.6,1,--
2017,Piauí,Urbana,Federal,--,--,--,--,--,--,--,--,--,--,--,--,80,68.6,79.5,93,94.5,--,--,--,--,--,--,--,--,--,--,--,--,--,16.8,25.4,18.7,6.4,4.4,--,--,--,--,--,--,--,--,--,--,--,--,--,3.2,6,1.8,0.6,1.1,--
2017,Piauí,Rural,Federal,--,--,--,--,--,--,--,--,--,--,--,--,81.2,72.4,75.9,98.9,100,--,--,--,--,--,--,--,--,--,--,--,--,--,15.5,22.7,19.6,1.1,0,--,--,--,--,--,--,--,--,--,--,--,--,--,3.3,4.9,4.5,0,0,--
2017,Piauí,Total,Estadual,82.7,88.9,82.2,95.7,88.4,83.9,88.5,90.7,77,79.4,84.2,87.3,81.5,73.8,83.2,89.3,100,93.6,12,8.5,12.3,2.2,8.4,12.2,9.2,7.1,17.2,14.2,10.7,7.8,7.6,12.3,6.5,2.9,0,1.4,5.3,2.6,5.5,2.1,3.2,3.9,2.3,2.2,5.8,6.4,5.1,4.9,10.9,13.9,10.3,7.8,0,5
2017,Piauí,Urbana,Estadual,82.8,88.9,82.3,95.7,88.4,83.9,88.5,90.7,77.1,79.6,84.4,87.4,81.7,74,83.6,89.5,100,93.4,11.9,8.5,12.2,2.2,8.4,12.2,9.2,7.1,17,14.2,10.6,7.8,7.8,12.6,6.6,2.9,0,1.6,5.3,2.6,5.5,2.1,3.2,3.9,2.3,2.2,5.9,6.2,5,4.8,10.5,13.4,9.8,7.6,0,5
2017,Piauí,Rural,Estadual,68.2,--,68.2,--,--,--,--,--,64.7,60.5,65.7,79.6,77.5,71.5,76.5,86.2,100,96.1,17.9,--,17.9,--,--,--,--,--,29.4,21,16.2,7.8,5.2,7.4,5.4,2.2,0,0,13.9,--,13.9,--,--,--,--,--,5.9,18.5,18.1,12.6,17.3,21.1,18.1,11.6,0,3.9
2017,Piauí,Total,Municipal,87.7,89.3,85.1,96.6,95.1,83.6,85.7,88.4,79,84.3,88.4,92.6,74.2,68.8,77.4,78.4,--,--,10.2,9.3,11.6,2.4,3.9,15,12.8,10,17.5,12.3,8.5,4.5,24.5,28,22.6,21.6,--,--,2.1,1.4,3.3,1,1,1.4,1.5,1.6,3.5,3.4,3.1,2.9,1.3,3.2,0,0,--,--
2017,Piauí,Urbana,Municipal,88.2,89.8,85.7,96.7,94.9,84.6,86.3,89.1,79.9,84.7,89.1,92.9,74.2,68.8,77.4,78.4,--,--,9.8,8.8,11.4,2.3,4,14,12.2,9.4,16.9,12.2,8.4,4.8,24.5,28,22.6,21.6,--,--,2,1.4,2.9,1,1.1,1.4,1.5,1.5,3.2,3.1,2.5,2.3,1.3,3.2,0,0,--,--
2017,Piauí,Rural,Municipal,86.8,88.5,84.1,96.5,95.4,82,84.7,87.2,77.1,83.5,87.2,92.1,--,--,--,--,--,--,10.8,10.2,11.9,2.5,3.8,16.8,13.7,11,18.9,12.5,8.8,4,--,--,--,--,--,--,2.4,1.3,4,1,0.8,1.2,1.6,1.8,4,4,4,3.9,--,--,--,--,--,--
2017,Piauí,Total,Privada,96.6,98.1,94.4,98,98.7,98.4,97.9,97.3,95.2,94.6,94.2,93.6,94.6,91.1,94.4,98.7,--,63.6,3.3,1.8,5.5,1.9,1.2,1.6,2.1,2.6,4.7,5.3,5.6,6.3,4.9,8.4,5.2,0.9,--,0,0.1,0.1,0.1,0.1,0.1,0,0,0.1,0.1,0.1,0.2,0.1,0.5,0.5,0.4,0.4,--,36.4
2017,Piauí,Urbana,Privada,96.6,98.1,94.4,98,98.7,98.4,97.9,97.3,95.2,94.6,94.2,93.5,94.6,91.1,94.4,98.7,--,63.6,3.3,1.8,5.5,1.9,1.2,1.6,2.1,2.6,4.7,5.3,5.6,6.3,5,8.4,5.2,0.9,--,0,0.1,0.1,0.1,0.1,0.1,0,0,0.1,0.1,0.1,0.2,0.2,0.4,0.5,0.4,0.4,--,36.4
2017,Piauí,Rural,Privada,94.7,--,94.7,--,--,--,--,--,88.9,94.7,96.2,100,96.4,94.4,93.8,100,--,--,5.3,--,5.3,--,--,--,--,--,11.1,5.3,3.8,0,1.8,5.6,0,0,--,--,0,--,0,--,--,--,--,--,0,0,0,0,1.8,0,6.2,0,--,--
2017,Piauí,Total,Pública,87.3,89.3,84.5,96.6,95,83.6,85.7,88.4,78.7,83.3,87.5,91.2,81.4,73.6,83,89.4,95.1,93.6,10.4,9.3,11.7,2.4,3.9,15,12.7,9.9,17.5,12.7,9,5.4,8.1,12.9,7,3.1,4,1.4,2.3,1.4,3.8,1,1.1,1.4,1.6,1.7,3.8,4,3.5,3.4,10.5,13.5,10,7.5,0.9,5
2017,Piauí,Urbana,Pública,87.5,89.8,84.7,96.7,94.8,84.6,86.3,89.1,79.3,83.3,87.7,90.9,81.6,73.7,83.4,89.6,94.7,93.4,10.1,8.8,11.6,2.3,4,14,12.2,9.3,16.9,12.7,9,5.9,8.2,13.2,7.1,3.1,4.3,1.6,2.4,1.4,3.7,1,1.2,1.4,1.5,1.6,3.8,4,3.3,3.2,10.2,13.1,9.5,7.3,1,5
2017,Piauí,Rural,Pública,86.8,88.5,84,96.5,95.4,82,84.7,87.2,77,83.3,87,91.9,77.7,71.5,76.4,86.7,100,96.1,10.9,10.2,12,2.5,3.8,16.8,13.7,11,18.9,12.5,8.9,4,5.8,8.4,6.1,2.1,0,0,2.3,1.3,4,1,0.8,1.2,1.6,1.8,4.1,4.2,4.1,4.1,16.5,20.1,17.5,11.2,0,3.9
2017,Ceará,Total,Total,94.9,96.9,92.4,98.6,98.8,96,94.7,96.9,90.4,91.8,92.3,95.7,88.9,84.5,89.4,94.5,98.7,80.7,4,2.6,5.6,0.8,0.9,3.5,4.7,2.8,7.7,6.3,5.4,2.7,5.1,7.4,4.7,2.3,0,14.5,1.1,0.5,2,0.6,0.3,0.5,0.6,0.3,1.9,1.9,2.3,1.6,6,8.1,5.9,3.2,1.3,4.8
2017,Ceará,Urbana,Total,94.8,96.9,92.2,98.5,98.8,95.9,94.7,96.9,90.2,91.5,92.1,95.4,88.9,84.4,89.3,94.4,98.7,80.6,4.1,2.6,5.8,0.8,0.9,3.6,4.6,2.7,7.7,6.6,5.7,3,5.1,7.4,4.8,2.3,0,14.7,1.1,0.5,2,0.7,0.3,0.5,0.7,0.4,2.1,1.9,2.2,1.6,6,8.2,5.9,3.3,1.3,4.7
2017,Ceará,Rural,Total,95.4,97,93.4,98.8,98.7,96.6,94.5,96.8,90.8,93,93.2,97,90.3,85.8,91.4,95.5,--,88.6,3.5,2.6,4.8,0.6,1.1,3,5,2.8,7.5,5.2,4.4,1.4,4,6.3,3.5,1.3,--,6.8,1.1,0.4,1.8,0.6,0.2,0.4,0.5,0.4,1.7,1.8,2.4,1.6,5.7,7.9,5.1,3.2,--,4.6
2017,Ceará,Total,Federal,95.4,--,95.4,--,--,--,--,--,92.2,96.2,95.2,96.9,81,78.6,79.8,92.2,91.7,80.6,4.6,--,4.6,--,--,--,--,--,7.8,3.8,4.8,3.1,15,19,15.9,3.8,0,14.6,0,--,0,--,--,--,--,--,0,0,0,0,4,2.4,4.3,4,8.3,4.8
2017,Ceará,Urbana,Federal,95.4,--,95.4,--,--,--,--,--,92.2,96.2,95.2,96.9,81.2,79.6,79.8,93.7,91.7,80.5,4.6,--,4.6,--,--,--,--,--,7.8,3.8,4.8,3.1,14.5,17.6,15.3,1.1,0,14.8,0,--,0,--,--,--,--,--,0,0,0,0,4.3,2.8,4.9,5.2,8.3,4.7
2017,Ceará,Rural,Federal,--,--,--,--,--,--,--,--,--,--,--,--,79.3,73.3,80.2,86.7,--,88.6,--,--,--,--,--,--,--,--,--,--,--,--,19.9,26.1,19.8,13.3,--,6.8,--,--,--,--,--,--,--,--,--,--,--,--,0.8,0.6,0,0,--,4.6
2017,Ceará,Total,Estadual,88.5,94.4,87.7,95.4,97.7,93.5,92.8,93.4,86.9,86,86,89.2,88.3,83.7,88.7,94,100,--,7.1,4.6,7.4,3.1,2.2,5.2,5.9,5.9,9,8.8,8.8,6.1,5.1,7.4,4.8,2.4,0,--,4.4,1,4.9,1.5,0.1,1.3,1.3,0.7,4.1,5.2,5.2,4.7,6.6,8.9,6.5,3.6,0,--
2017,Ceará,Urbana,Estadual,88.1,95.5,87.6,97.4,100,94.6,93.7,93.2,86.5,85.7,85.8,89.1,88.1,83.5,88.5,93.9,100,--,7.3,3.8,7.5,1,0,4.5,5.4,6.3,9.1,9.2,9,6.2,5.2,7.5,4.9,2.5,0,--,4.6,0.7,4.9,1.6,0,0.9,0.9,0.5,4.4,5.1,5.2,4.7,6.7,9,6.6,3.6,0,--
2017,Ceará,Rural,Estadual,92,93.5,90,94.1,95.4,92.5,92,93.7,89,89.1,90.9,91.3,90.6,86.1,91.6,95.7,--,--,5.3,5.3,5.3,4.3,4.3,5.8,6.3,5.5,8.4,5.7,3.8,2.9,3.7,5.8,3.2,1.1,--,--,2.7,1.2,4.7,1.6,0.3,1.7,1.7,0.8,2.6,5.2,5.3,5.8,5.7,8.1,5.2,3.2,--,--
2017,Ceará,Total,Municipal,94.3,96.5,91.8,98.9,99,95.3,93.7,96.5,89,90.9,91.8,96.5,--,--,--,--,--,--,4.4,3,6.1,0.5,0.8,4.2,5.6,3.1,8.7,6.9,5.7,2.1,--,--,--,--,--,--,1.3,0.5,2.1,0.6,0.2,0.5,0.7,0.4,2.3,2.2,2.5,1.4,--,--,--,--,--,--
2017,Ceará,Urbana,Municipal,93.9,96.2,91.3,98.9,99.1,94.7,93.3,96.3,88.4,90.2,91.3,96.3,--,--,--,--,--,--,4.7,3.2,6.5,0.4,0.7,4.7,5.8,3.2,9.1,7.5,6.2,2.3,--,--,--,--,--,--,1.4,0.6,2.2,0.7,0.2,0.6,0.9,0.5,2.5,2.3,2.5,1.4,--,--,--,--,--,--
2017,Ceará,Rural,Municipal,95.5,97,93.4,98.9,98.8,96.7,94.6,96.9,90.8,93,93.3,97.1,--,--,--,--,--,--,3.5,2.6,4.8,0.6,1,3,5,2.8,7.5,5.2,4.4,1.4,--,--,--,--,--,--,1,0.4,1.8,0.5,0.2,0.3,0.4,0.3,1.7,1.8,2.3,1.5,--,--,--,--,--,--
2017,Ceará,Total,Privada,97.7,98.3,96.7,97.9,98.4,98.6,98.4,98.5,96.9,96.6,96.7,96.2,96.1,93.7,96.4,98.6,--,100,2,1.4,3.1,1.6,1.3,1.1,1.4,1.3,2.9,3.1,3.1,3.6,3.5,5.8,3.3,1.2,--,0,0.3,0.3,0.2,0.5,0.3,0.3,0.2,0.2,0.2,0.3,0.2,0.2,0.4,0.5,0.3,0.2,--,0
2017,Ceará,Urbana,Privada,97.7,98.3,96.7,97.9,98.4,98.6,98.4,98.5,96.9,96.6,96.7,96.2,96.2,93.7,96.4,98.6,--,100,2,1.4,3.1,1.6,1.3,1.1,1.4,1.3,2.9,3.1,3.1,3.6,3.5,5.8,3.3,1.2,--,0,0.3,0.3,0.2,0.5,0.3,0.3,0.2,0.2,0.2,0.3,0.2,0.2,0.3,0.5,0.3,0.2,--,0
2017,Ceará,Rural,Privada,98,98,98.2,97.8,97.7,100,96.4,98.1,96.4,100,100,--,91.5,82.6,94.4,100,--,--,2,2,1.8,2.2,2.3,0,3.6,1.9,3.6,0,0,--,0,0,0,0,--,--,0,0,0,0,0,0,0,0,0,0,0,--,8.5,17.4,5.6,0,--,--
2017,Ceará,Total,Pública,94.2,96.5,91.6,98.9,99,95.3,93.7,96.4,89,90.8,91.5,95.7,88.2,83.6,88.6,94,98.7,80.6,4.5,3,6.1,0.5,0.8,4.2,5.6,3.1,8.7,7,5.9,2.5,5.3,7.5,4.9,2.4,0,14.6,1.3,0.5,2.3,0.6,0.2,0.5,0.7,0.5,2.3,2.2,2.6,1.8,6.5,8.9,6.5,3.6,1.3,4.8
2017,Ceará,Urbana,Pública,93.7,96.2,91,98.9,99.1,94.7,93.3,96.3,88.3,90,90.9,95.2,88,83.5,88.5,93.9,98.7,80.5,4.8,3.2,6.6,0.4,0.7,4.7,5.8,3.2,9.1,7.5,6.4,2.9,5.3,7.6,5,2.5,0,14.8,1.5,0.6,2.4,0.7,0.2,0.6,0.9,0.5,2.6,2.5,2.7,1.9,6.7,8.9,6.5,3.6,1.3,4.7
2017,Ceará,Rural,Pública,95.4,97,93.4,98.8,98.7,96.6,94.5,96.8,90.8,93,93.2,97,90.3,85.8,91.4,95.5,--,88.6,3.6,2.6,4.8,0.6,1.1,3.1,5,2.8,7.5,5.2,4.4,1.4,4,6.4,3.5,1.3,--,6.8,1,0.4,1.8,0.6,0.2,0.3,0.5,0.4,1.7,1.8,2.4,1.6,5.7,7.8,5.1,3.2,--,4.6
2017,Rio Grande do Norte,Total,Total,84.4,90.4,77,98.1,98.3,96.1,78.8,85,67.4,74.7,84.3,87.3,75.4,66.9,78.5,84.1,92.3,76.7,12.6,8.1,18.1,0.6,0.9,3,19,12.9,27,20.6,11.4,8.2,15.4,21,13.1,9.7,5.9,9.3,3,1.5,4.9,1.3,0.8,0.9,2.2,2.1,5.6,4.7,4.3,4.5,9.2,12.1,8.4,6.2,1.8,14
2017,Rio Grande do Norte,Urbana,Total,84.7,91.3,77.4,98.3,98.5,96.6,80.5,86.4,68.2,74.7,84.7,87.3,75.3,66.8,78.4,84,92.2,76.7,12.4,7.4,18,0.5,0.9,2.6,17.5,11.7,26.5,20.7,11.4,8.5,15.5,21.1,13.3,9.8,6,9.3,2.9,1.3,4.6,1.2,0.6,0.8,2,1.9,5.3,4.6,3.9,4.2,9.2,12.1,8.3,6.2,1.8,14
2017,Rio Grande do Norte,Rural,Total,82.9,87,73.9,97.6,97.6,94,72.7,79.6,62,74.2,81.7,87.6,79.4,70.1,82,87.7,94.6,--,13.5,10.9,19.3,0.6,1,4.6,24.5,17.4,30.3,19.7,11.7,6.4,10.9,16.5,7.8,7.6,3.6,--,3.6,2.1,6.8,1.8,1.4,1.4,2.8,3,7.7,6.1,6.6,6,9.7,13.4,10.2,4.7,1.8,--
2017,Rio Grande do Norte,Total,Federal,100,100,--,100,100,100,100,100,--,--,--,--,84.5,80.4,81.5,87.6,92.5,--,0,0,--,0,0,0,0,0,--,--,--,--,13.2,17.1,16.1,10.2,6,--,0,0,--,0,0,0,0,0,--,--,--,--,2.3,2.5,2.4,2.2,1.5,--
2017,Rio Grande do Norte,Urbana,Federal,100,100,--,100,100,100,100,100,--,--,--,--,84.3,80.2,80.8,87.5,92.4,--,0,0,--,0,0,0,0,0,--,--,--,--,13.4,17.1,16.6,10.3,6.1,--,0,0,--,0,0,0,0,0,--,--,--,--,2.3,2.7,2.6,2.2,1.5,--
2017,Rio Grande do Norte,Rural,Federal,--,--,--,--,--,--,--,--,--,--,--,--,86.5,82.5,87,88.2,94.6,--,--,--,--,--,--,--,--,--,--,--,--,--,12.1,16.7,11.6,9.7,3.6,--,--,--,--,--,--,--,--,--,--,--,--,--,1.4,0.8,1.4,2.1,1.8,--
2017,Rio Grande do Norte,Total,Estadual,78.5,88.6,72.7,99.5,99.6,98.3,74.9,82.5,61.5,68.3,81.7,83.4,71.1,62.4,75.3,81.1,90.2,76.7,17.5,9.9,21.8,0,0,0.9,22.9,15,32.6,26.5,12.9,11.1,17.3,23.1,14.3,11.2,5.1,9.3,4,1.5,5.5,0.5,0.4,0.8,2.2,2.5,5.9,5.2,5.4,5.5,11.6,14.5,10.4,7.7,4.7,14
2017,Rio Grande do Norte,Urbana,Estadual,78.5,88.7,72.7,99.5,99.6,98.3,75.1,82.8,61.7,68.2,81.6,83.2,71,62.3,75.2,80.9,90.2,76.7,17.5,9.9,21.9,0,0,0.9,22.9,14.9,32.6,26.7,13.1,11.3,17.5,23.2,14.6,11.3,5.1,9.3,4,1.4,5.4,0.5,0.4,0.8,2,2.3,5.7,5.1,5.3,5.5,11.5,14.5,10.2,7.8,4.7,14
2017,Rio Grande do Norte,Rural,Estadual,79,86.8,72.4,99.4,99.7,98.5,72.5,78.5,58.7,70.3,84.6,88,76.1,65.1,80,87.2,--,--,15.7,10.2,20.4,0.6,0,0.5,22,16.4,34.2,23.7,6.9,4.3,10.5,16.5,6.3,6.9,--,--,5.3,3,7.2,0,0.3,1,5.5,5.1,7.1,6,8.5,7.7,13.4,18.4,13.7,5.9,--,--
2017,Rio Grande do Norte,Total,Municipal,82,87.9,73.1,97.8,98.1,94.8,74,81.7,62.7,71.5,81.2,86.7,--,--,--,--,--,--,14.4,10.1,20.8,0.4,0.8,4,23.2,15.6,30.3,22.5,13.6,7.8,--,--,--,--,--,--,3.6,2,6.1,1.8,1.1,1.2,2.8,2.7,7,6,5.2,5.5,--,--,--,--,--,--
2017,Rio Grande do Norte,Urbana,Municipal,81.6,88.4,72.9,97.9,98.3,95.3,74.7,82.6,62.8,70.7,81.2,86.5,--,--,--,--,--,--,14.7,9.7,21.2,0.3,0.7,3.6,22.5,14.8,30.4,23.4,13.9,8.1,--,--,--,--,--,--,3.7,1.9,5.9,1.8,1,1.1,2.8,2.6,6.8,5.9,4.9,5.4,--,--,--,--,--,--
2017,Rio Grande do Norte,Rural,Municipal,83,86.9,74,97.5,97.5,93.7,72.6,79.6,62.2,74.5,81.2,87.5,--,--,--,--,--,--,13.5,11,19.3,0.6,1.1,4.8,24.7,17.6,30,19.2,12.4,6.7,--,--,--,--,--,--,3.5,2.1,6.7,1.9,1.4,1.5,2.7,2.8,7.8,6.3,6.4,5.8,--,--,--,--,--,--
2017,Rio Grande do Norte,Total,Privada,97,98,95.4,98.3,98.2,98,98,97.6,95.2,95.4,96,95.3,94.5,91.8,94.9,97.3,--,--,2.7,1.7,4.3,1.1,1.5,1.8,1.8,2.3,4.5,4.3,3.9,4.5,5,7.8,4.6,2.3,--,--,0.3,0.3,0.3,0.6,0.3,0.2,0.2,0.1,0.3,0.3,0.1,0.2,0.5,0.4,0.5,0.4,--,--
2017,Rio Grande do Norte,Urbana,Privada,97,98,95.4,98.4,98.2,98,98,97.6,95.2,95.4,96,95.2,94.5,91.8,94.9,97.3,--,--,2.7,1.7,4.3,1.1,1.5,1.8,1.8,2.2,4.5,4.3,3.9,4.5,5,7.8,4.6,2.3,--,--,0.3,0.3,0.3,0.5,0.3,0.2,0.2,0.2,0.3,0.3,0.1,0.3,0.5,0.4,0.5,0.4,--,--
2017,Rio Grande do Norte,Rural,Privada,96.1,96.6,94.3,97.1,97.7,98.2,93.3,95.8,96.1,88.5,96.7,100,100,100,--,100,--,--,3.3,2.7,5.7,1.4,0.8,1.8,6.7,4.2,3.9,11.5,3.3,0,0,0,--,0,--,--,0.6,0.7,0,1.5,1.5,0,0,0,0,0,0,0,0,0,--,0,--,--
2017,Rio Grande do Norte,Total,Pública,81.1,88,73,98,98.3,95.4,74.2,81.9,62.3,70.3,81.4,85.3,72.6,63.8,75.9,81.7,92.3,76.7,15.2,10,21.2,0.3,0.7,3.4,23.1,15.5,31.1,24,13.3,9.2,16.9,22.6,14.5,11.1,5.9,9.3,3.7,2,5.8,1.7,1,1.2,2.7,2.6,6.6,5.7,5.3,5.5,10.5,13.6,9.6,7.2,1.8,14
2017,Rio Grande do Norte,Urbana,Pública,80.6,88.5,72.8,98.2,98.6,96,74.8,82.7,62.4,69.7,81.4,84.9,72.3,63.6,75.7,81.5,92.2,76.7,15.6,9.7,21.5,0.2,0.5,2.9,22.6,14.8,31.2,24.7,13.6,9.6,17.1,22.8,14.8,11.2,6,9.3,3.8,1.8,5.7,1.6,0.9,1.1,2.6,2.5,6.4,5.6,5,5.5,10.6,13.6,9.5,7.3,1.8,14
2017,Rio Grande do Norte,Rural,Pública,82.7,86.9,73.8,97.6,97.6,93.9,72.6,79.5,61.8,74,81.6,87.5,79.3,69.8,82,87.5,94.6,--,13.6,11,19.4,0.6,1,4.6,24.6,17.5,30.5,19.7,11.8,6.4,11,16.6,7.8,7.7,3.6,--,3.7,2.1,6.8,1.8,1.4,1.5,2.8,3,7.7,6.3,6.6,6.1,9.7,13.6,10.2,4.8,1.8,--
2017,Paraíba,Total,Total,86.1,90.6,80.5,96.3,95.3,86.5,87.9,88.4,74.4,80,83.2,86.9,78.9,70.5,81.6,89.2,87.6,88,10.1,7.5,13.3,1.9,3.4,11.9,9.9,9.2,18.2,14,11,7.8,9.9,15,8.4,3.8,2.9,6.8,3.8,1.9,6.2,1.8,1.3,1.6,2.2,2.4,7.4,6,5.8,5.3,11.2,14.5,10,7,9.5,5.2
2017,Paraíba,Urbana,Total,86.2,91.2,80.8,96.3,95.6,87,89.2,89.2,75,80.3,83.4,87,79,70.4,81.7,89.3,87.6,88,9.9,6.9,13.1,1.9,3.1,11.3,8.7,8.4,17.8,13.9,11,7.9,9.9,15,8.4,3.7,2.9,6.8,3.9,1.9,6.1,1.8,1.3,1.7,2.1,2.4,7.2,5.8,5.6,5.1,11.1,14.6,9.9,7,9.5,5.2
2017,Paraíba,Rural,Total,85.7,88.5,77.9,96.4,94.3,84.7,83.5,85.6,70.4,78,81.4,86.7,78,72.8,77.4,86.4,--,--,11,9.5,14.8,2.1,4.3,13.8,13.9,11.8,21.4,15.6,11.3,6.5,10.4,15.5,8.5,4.7,--,--,3.3,2,7.3,1.5,1.4,1.5,2.6,2.6,8.2,6.4,7.3,6.8,11.6,11.7,14.1,8.9,--,--
2017,Paraíba,Total,Federal,100,100,--,100,100,100,100,100,--,--,--,--,84.2,79.7,85.8,89,88.5,--,0,0,--,0,0,0,0,0,--,--,--,--,11.8,15.5,11.9,8.5,3,--,0,0,--,0,0,0,0,0,--,--,--,--,4,4.8,2.3,2.5,8.5,--
2017,Paraíba,Urbana,Federal,100,100,--,100,100,100,100,100,--,--,--,--,84.1,79.8,85.7,88.7,88.5,--,0,0,--,0,0,0,0,0,--,--,--,--,11.9,15.5,12,8.7,3,--,0,0,--,0,0,0,0,0,--,--,--,--,4,4.7,2.3,2.6,8.5,--
2017,Paraíba,Rural,Federal,--,--,--,--,--,--,--,--,--,--,--,--,85.3,76.4,87.3,94.7,--,--,--,--,--,--,--,--,--,--,--,--,--,--,11.5,16.4,11.1,5.3,--,--,--,--,--,--,--,--,--,--,--,--,--,--,3.2,7.2,1.6,0,--,--
2017,Paraíba,Total,Estadual,79.6,89.2,76.1,94,95.7,81.7,94.6,85,69.3,75.7,78.3,82.8,75.9,67,78.9,87.4,84.9,--,13.5,7.6,15.6,1.8,1.4,15.4,2.6,11.7,21.2,16.1,13.7,9.8,10.9,16.2,9.1,4.1,2.4,--,6.9,3.2,8.3,4.2,2.9,2.9,2.8,3.3,9.5,8.2,8,7.4,13.2,16.8,12,8.5,12.7,--
2017,Paraíba,Urbana,Estadual,79.7,89.6,76.1,94.6,96.1,81.5,95.1,85.6,69.4,75.5,78.3,82.9,75.9,66.8,79,87.4,84.9,--,13.3,7.4,15.5,1.5,1.1,15.5,2.3,11.2,21,16.2,13.7,9.9,10.9,16.2,9.1,4.1,2.4,--,7,3,8.4,3.9,2.8,3,2.6,3.2,9.6,8.3,8,7.2,13.2,17,11.9,8.5,12.7,--
2017,Paraíba,Rural,Estadual,78.2,85.1,75.6,88.8,90.9,83.9,88.1,78.4,67.4,77.8,78.2,81.8,77.7,72.7,76.9,86.1,--,--,15,10.8,16.6,4.5,4.9,14.5,7.3,17.6,24.1,15.7,14,9.8,10.3,15.5,8.4,4.7,--,--,6.8,4.1,7.8,6.7,4.2,1.6,4.6,4,8.5,6.5,7.8,8.4,12,11.8,14.7,9.2,--,--
2017,Paraíba,Total,Municipal,84.6,88.3,78.7,96,94.1,83.5,83.8,86.3,71.9,78.1,82.5,86.8,72.2,65.2,77.5,81.1,91.4,65.2,11.5,9.5,14.7,2.1,4.4,14.6,13.5,10.9,20.2,15.7,11.5,7.7,9.4,8.7,12.7,7.5,2.9,17.4,3.9,2.2,6.6,1.9,1.5,1.9,2.7,2.8,7.9,6.2,6,5.5,18.4,26.1,9.8,11.4,5.7,17.4
2017,Paraíba,Urbana,Municipal,84,88.1,78.7,95.7,94,82.9,84,86.4,72,78.1,82.5,86.5,72.2,65.2,77.5,81.1,91.4,65.2,11.8,9.5,14.8,2.1,4.4,15,13.2,10.6,20.1,15.7,11.7,8.1,9.4,8.7,12.7,7.5,2.9,17.4,4.2,2.4,6.5,2.2,1.6,2.1,2.8,3,7.9,6.2,5.8,5.4,18.4,26.1,9.8,11.4,5.7,17.4
2017,Paraíba,Rural,Municipal,86.4,88.6,78.6,96.6,94.4,84.7,83.4,85.9,71.2,78,82.4,88.4,--,--,--,--,--,--,10.6,9.5,14.2,2,4.3,13.9,14.2,11.5,20.6,15.5,10.5,5.3,--,--,--,--,--,--,3,1.9,7.2,1.4,1.3,1.4,2.4,2.6,8.2,6.5,7.1,6.3,--,--,--,--,--,--
2017,Paraíba,Total,Privada,97.4,98.3,95.9,97.6,98.4,98.5,98.6,98.4,96.5,95.9,95.7,95.7,95.2,92.3,95.9,97.9,82.4,93.6,2.2,1.4,3.7,1.6,1.2,1.3,1.2,1.4,3.2,3.8,4,4,3.9,6.7,3.3,1.5,5.9,4.3,0.4,0.3,0.4,0.8,0.4,0.2,0.2,0.2,0.3,0.3,0.3,0.3,0.9,1,0.8,0.6,11.7,2.1
2017,Paraíba,Urbana,Privada,97.5,98.3,96,97.6,98.4,98.5,98.6,98.4,96.5,96,95.7,95.7,95.2,92.3,95.9,97.9,82.4,93.6,2.2,1.3,3.7,1.6,1.2,1.3,1.2,1.4,3.1,3.8,4,4,3.9,6.7,3.3,1.5,5.9,4.3,0.3,0.4,0.3,0.8,0.4,0.2,0.2,0.2,0.4,0.2,0.3,0.3,0.9,1,0.8,0.6,11.7,2.1
2017,Paraíba,Rural,Privada,89.6,93.1,83.6,92.1,94.9,98.3,88.5,90.5,77.8,78.4,88.9,92.6,--,--,--,--,--,--,9.7,6.9,14.5,7.9,5.1,1.7,11.5,9.5,22.2,19.6,8.9,3.7,--,--,--,--,--,--,0.7,0,1.9,0,0,0,0,0,0,2,2.2,3.7,--,--,--,--,--,--
2017,Paraíba,Total,Pública,83.4,88.4,77.7,95.8,94.3,83.3,85.1,86.1,71,77.2,80.8,85.1,76.3,67.5,79.2,87.4,87.7,65.2,12,9.3,15,2,4.1,14.7,12.1,11,20.5,15.9,12.4,8.6,10.9,16.1,9.2,4.2,2.8,17.4,4.6,2.3,7.3,2.2,1.6,2,2.8,2.9,8.5,6.9,6.8,6.3,12.8,16.4,11.6,8.4,9.5,17.4
2017,Paraíba,Urbana,Pública,82.8,88.3,77.7,95.6,94.3,82.7,85.8,86.2,71.1,77.1,80.7,84.9,76.2,67.3,79.2,87.4,87.7,65.2,12.3,9.2,15.1,2,3.9,15,11.4,10.7,20.4,15.9,12.6,8.9,10.9,16.2,9.2,4.2,2.8,17.4,4.9,2.5,7.2,2.4,1.8,2.3,2.8,3.1,8.5,7,6.7,6.2,12.9,16.5,11.6,8.4,9.5,17.4
2017,Paraíba,Rural,Pública,85.7,88.5,77.9,96.4,94.3,84.7,83.5,85.6,70.3,78,81.4,86.6,78,72.8,77.4,86.4,--,--,11,9.6,14.8,2,4.3,13.9,13.9,11.8,21.4,15.5,11.3,6.5,10.4,15.5,8.5,4.7,--,--,3.3,1.9,7.3,1.6,1.4,1.4,2.6,2.6,8.3,6.5,7.3,6.9,11.6,11.7,14.1,8.9,--,--
2017,Pernambuco,Total,Total,90.1,92,87.7,97,97.3,83.4,94.5,89.5,84.3,86.8,89.7,91.1,92.6,89.9,93.2,96.9,84.4,84.2,8.1,7,9.6,2,2.1,15.5,4.7,9.3,12.6,10.4,8,6.5,5.9,8.3,5.6,2.3,10.7,10.9,1.8,1,2.7,1,0.6,1.1,0.8,1.2,3.1,2.8,2.3,2.4,1.5,1.8,1.2,0.8,4.9,4.9
2017,Pernambuco,Urbana,Total,90.6,92.6,88.2,97,97.4,84.8,94.7,90.6,85,87.2,90,91.4,93,90.4,93.5,97.1,83.7,84.5,7.8,6.5,9.3,2,2,14.2,4.5,8.2,12,10.1,7.8,6.4,5.7,8.1,5.4,2.3,10.9,10.7,1.6,0.9,2.5,1,0.6,1,0.8,1.2,3,2.7,2.2,2.2,1.3,1.5,1.1,0.6,5.4,4.8
2017,Pernambuco,Rural,Total,88.3,89.8,85,97,96.8,78.9,93.8,85.8,80.7,84.7,87.6,89.3,87.4,81.9,88.5,94.8,91.1,79.2,9.8,9,11.4,2,2.3,19.9,5.1,12.7,15.5,11.8,8.8,7.4,8.7,12.6,8.4,2.8,7.8,15.3,1.9,1.2,3.6,1,0.9,1.2,1.1,1.5,3.8,3.5,3.6,3.3,3.9,5.5,3.1,2.4,1.1,5.5
2017,Pernambuco,Total,Federal,98.1,--,98.1,--,--,--,--,--,97.8,100,98.1,96.6,77.5,76.6,75.6,84.9,70.3,81,1.7,--,1.7,--,--,--,--,--,2.2,0,1.2,3.4,17.2,19.3,20.6,9.5,19.7,15.8,0.2,--,0.2,--,--,--,--,--,0,0,0.7,0,5.3,4.1,3.8,5.6,10,3.2
2017,Pernambuco,Urbana,Federal,98.1,--,98.1,--,--,--,--,--,97.8,100,98.1,96.6,76.3,75.4,75.3,84.5,68.9,80.7,1.7,--,1.7,--,--,--,--,--,2.2,0,1.2,3.4,18,19.8,20.1,11.7,20.4,15.7,0.2,--,0.2,--,--,--,--,--,0,0,0.7,0,5.7,4.8,4.6,3.8,10.7,3.6
2017,Pernambuco,Rural,Federal,--,--,--,--,--,--,--,--,--,--,--,--,81.4,79.3,76.6,85.8,92.1,82.5,--,--,--,--,--,--,--,--,--,--,--,--,14.8,18.1,22,5,7.9,16.4,--,--,--,--,--,--,--,--,--,--,--,--,3.8,2.6,1.4,9.2,0,1.1
2017,Pernambuco,Total,Estadual,91.8,86.3,92.1,88.1,87.6,80.1,92.2,84.9,90.7,91.5,93,93,92.6,89.8,93.1,97,93.6,84.1,7.2,12.1,6.9,9.8,11.4,18.5,6.7,13,8.3,7.5,6.2,5.7,5.9,8.4,5.6,2.4,5,10.7,1,1.6,1,2.1,1,1.4,1.1,2.1,1,1,0.8,1.3,1.5,1.8,1.3,0.6,1.4,5.2
2017,Pernambuco,Urbana,Estadual,92.8,96.9,92.7,98.8,100,95.9,99.3,94,92,92,93.3,93.4,92.9,90.3,93.4,97,94,84.4,6.4,2.8,6.5,1.2,0,4.1,0.7,5.1,7.4,7.2,6,5.4,5.8,8.1,5.5,2.3,4.7,10.5,0.8,0.3,0.8,0,0,0,0,0.9,0.6,0.8,0.7,1.2,1.3,1.6,1.1,0.7,1.3,5.1
2017,Pernambuco,Rural,Estadual,84.3,83.2,84.9,86.5,84.5,75.9,89.8,80.7,79.6,85.7,89,87.1,87.9,82,89.2,95.6,90.7,77.9,12.8,14.9,11.8,11.1,14.3,22.4,8.7,16.6,15.9,11.4,8,10.4,8.2,12.2,7.5,2.7,7.7,14.9,2.9,1.9,3.3,2.4,1.2,1.7,1.5,2.7,4.5,2.9,3,2.5,3.9,5.8,3.3,1.7,1.6,7.2
2017,Pernambuco,Total,Municipal,87.2,89.9,82.6,97.1,97.1,78.7,93.2,87,78.2,81.8,85.4,88,87.5,84.3,90.6,88.4,87,--,10.4,8.9,13,1.8,2.1,20,5.7,11.5,17.1,13.8,10.7,8,7.3,12.1,9.4,3.3,1.3,--,2.4,1.2,4.4,1.1,0.8,1.3,1.1,1.5,4.7,4.4,3.9,4,5.2,3.6,0,8.3,11.7,--
2017,Pernambuco,Urbana,Municipal,86.8,89.8,82,96.8,97,78.7,92.9,87.5,77.4,81.1,84.9,87.5,85.8,94.7,100,70.7,87,--,10.7,8.9,13.5,1.9,2.2,20,6,11,17.5,14.3,11.1,8.2,2.5,0,0,7.3,1.3,--,2.5,1.3,4.5,1.3,0.8,1.3,1.1,1.5,5.1,4.6,4,4.3,11.7,5.3,0,22,11.7,--
2017,Pernambuco,Rural,Municipal,88.5,90,84.8,97.6,97.3,78.8,94,85.9,80.7,84.3,87.2,89.5,88.4,82.6,88.2,97.5,--,--,9.6,8.8,11.5,1.5,1.9,20,5,12.7,15.6,12,9,7,9.9,14,11.8,1.3,--,--,1.9,1.2,3.7,0.9,0.8,1.2,1,1.4,3.7,3.7,3.8,3.5,1.7,3.4,0,1.2,--,--
2017,Pernambuco,Total,Privada,97.3,97.9,96.3,97.3,97.9,98,98.2,98.1,97.1,96.2,96.4,95.4,95.6,92.8,95.8,98.2,100,96.8,2.4,1.9,3.4,2.2,1.8,1.8,1.7,1.8,2.7,3.6,3.4,4.3,3.9,6.5,3.6,1.4,0,2.3,0.3,0.2,0.3,0.5,0.3,0.2,0.1,0.1,0.2,0.2,0.2,0.3,0.5,0.7,0.6,0.4,0,0.9
2017,Pernambuco,Urbana,Privada,97.4,97.9,96.3,97.3,98,98.1,98.2,98.1,97.2,96.2,96.4,95.4,95.6,92.8,95.8,98.2,100,96.8,2.4,1.8,3.4,2.1,1.7,1.7,1.6,1.7,2.6,3.6,3.4,4.3,3.9,6.5,3.6,1.4,0,2.3,0.2,0.3,0.3,0.6,0.3,0.2,0.2,0.2,0.2,0.2,0.2,0.3,0.5,0.7,0.6,0.4,0,0.9
2017,Pernambuco,Rural,Privada,93.3,92.1,96.4,88.1,92.3,90.3,93.1,96.6,95.3,96.6,95.4,99,96.2,94.7,95.3,100,--,--,6.4,7.6,3.4,11.5,7.7,9.3,6.7,2.7,4.3,3.4,4.2,1,3.4,3.9,4.7,0,--,--,0.3,0.3,0.2,0.4,0,0.4,0.2,0.7,0.4,0,0.4,0,0.4,1.4,0,0,--,--
2017,Pernambuco,Total,Pública,88,89.8,85.8,96.9,97,78.7,93.2,87,81.6,84.8,88.1,90.1,92.3,89.5,92.9,96.8,84.3,83.8,9.9,9,11,1.9,2.2,19.9,5.7,11.5,14.7,11.8,9,7,6.2,8.6,5.9,2.5,10.7,11.2,2.1,1.2,3.2,1.2,0.8,1.4,1.1,1.5,3.7,3.4,2.9,2.9,1.5,1.9,1.2,0.7,5,5
2017,Pernambuco,Urbana,Pública,87.9,89.9,86,96.8,97,78.8,92.9,87.5,81.8,84.8,88.3,90.2,92.6,90.1,93.2,96.9,83.7,84.1,9.9,8.9,10.9,1.9,2.2,19.9,6,10.9,14.5,11.8,9.1,6.9,6,8.3,5.7,2.4,11,10.9,2.2,1.2,3.1,1.3,0.8,1.3,1.1,1.6,3.7,3.4,2.6,2.9,1.4,1.6,1.1,0.7,5.3,5
2017,Pernambuco,Rural,Pública,88.2,89.8,84.9,97.1,96.9,78.7,93.8,85.7,80.5,84.6,87.5,89.1,87.3,81.8,88.4,94.7,91.1,79.2,9.9,9.1,11.5,1.8,2.3,20,5.1,12.8,15.6,11.9,8.9,7.5,8.8,12.7,8.5,2.8,7.8,15.3,1.9,1.1,3.6,1.1,0.8,1.3,1.1,1.5,3.9,3.5,3.6,3.4,3.9,5.5,3.1,2.5,1.1,5.5
2017,Alagoas,Total,Total,89.3,92.7,84.8,96.8,97.4,85.8,96.5,89.7,80.8,84.1,86.6,89.5,83.5,77.3,85.7,90.6,89.6,93.8,7.4,5.6,9.6,1.4,1.4,12.4,2.1,8.3,12.8,10.2,8.2,5.9,7.8,10.5,6.9,4.6,7.6,6.2,3.3,1.7,5.6,1.8,1.2,1.8,1.4,2,6.4,5.7,5.2,4.6,8.7,12.2,7.4,4.8,2.8,0
2017,Alagoas,Urbana,Total,89.2,93.1,84.7,96.4,97,87.1,96.1,91.1,80.9,84.1,86.5,89.1,83.4,77.1,85.6,90.5,89.6,93.8,7.2,5.2,9.6,1.5,1.7,11.1,2.5,7,12.5,10.1,8.2,6.2,8,10.7,7,4.8,7.6,6.2,3.6,1.7,5.7,2.1,1.3,1.8,1.4,1.9,6.6,5.8,5.3,4.7,8.6,12.2,7.4,4.7,2.8,0
2017,Alagoas,Rural,Total,89.6,91.7,85.1,97.7,98.2,82.9,97.7,86.5,80.3,84.3,87.2,91.6,86.7,82.6,87.6,91.7,--,--,7.8,6.7,10,1,0.7,15.5,1.1,11.5,14.1,10.9,8.1,4.4,5.2,8.3,4.3,1.8,--,--,2.6,1.6,4.9,1.3,1.1,1.6,1.2,2,5.6,4.8,4.7,4,8.1,9.1,8.1,6.5,--,--
2017,Alagoas,Total,Federal,--,--,--,--,--,--,--,--,--,--,--,--,76.1,67.5,80.1,77.9,85.8,--,--,--,--,--,--,--,--,--,--,--,--,--,16.7,21.6,14.3,15.1,11.9,--,--,--,--,--,--,--,--,--,--,--,--,--,7.2,10.9,5.6,7,2.3,--
2017,Alagoas,Urbana,Federal,--,--,--,--,--,--,--,--,--,--,--,--,76.1,67.5,80.1,77.9,85.8,--,--,--,--,--,--,--,--,--,--,--,--,--,16.7,21.6,14.3,15.1,11.9,--,--,--,--,--,--,--,--,--,--,--,--,--,7.2,10.9,5.6,7,2.3,--
2017,Alagoas,Total,Estadual,85.2,91.8,83.7,94.3,94,86.1,96.2,90.6,79.8,82.8,85.1,87.6,81.9,75.7,84,89.4,95.3,100,8.9,6.5,9.4,3.5,4.5,12.1,2.9,7.5,12.1,9.9,8.8,6.7,8,10.5,7.1,4.9,1.4,0,5.9,1.7,6.9,2.2,1.5,1.8,0.9,1.9,8.1,7.3,6.1,5.7,10.1,13.8,8.9,5.7,3.3,0
2017,Alagoas,Urbana,Estadual,84.8,91.6,83.4,93.6,93.5,85.8,96,90.7,79.6,82.5,84.7,87.1,81.5,75.2,83.8,89.2,95.3,100,9,6.7,9.5,3.9,4.9,12.2,3,7.5,12.1,10,8.8,6.9,8.2,10.6,7.3,5.1,1.4,0,6.2,1.7,7.1,2.5,1.6,2,1,1.8,8.3,7.5,6.5,6,10.3,14.2,8.9,5.7,3.3,0
2017,Alagoas,Rural,Estadual,91.5,94.2,90.2,98.6,98.8,88.8,98.2,89.5,82.7,89.9,90.6,94.7,86.7,82.6,87.6,91.7,--,--,6.4,4.7,7.3,0.9,0.6,10.8,1.2,7.1,13,7.6,7.5,3.3,5.2,8.3,4.3,1.8,--,--,2.1,1.1,2.5,0.5,0.6,0.4,0.6,3.4,4.3,2.5,1.9,2,8.1,9.1,8.1,6.5,--,--
2017,Alagoas,Total,Municipal,88,91.4,82.7,96.3,97,83.4,95.8,88,78.2,82.1,84.8,88.6,--,--,--,--,--,--,8.4,6.7,11,1.6,1.5,14.6,2.5,9.7,14.6,11.6,9.1,6,--,--,--,--,--,--,3.6,1.9,6.3,2.1,1.5,2,1.7,2.3,7.2,6.3,6.1,5.4,--,--,--,--,--,--
2017,Alagoas,Urbana,Municipal,87.3,91.3,81.9,95.4,96.3,83.8,94.9,89,77.5,81.4,84.1,87.7,--,--,--,--,--,--,8.6,6.6,11.3,1.9,2,14,3.2,8.6,14.8,11.8,9.5,6.6,--,--,--,--,--,--,4.1,2.1,6.8,2.7,1.7,2.2,1.9,2.4,7.7,6.8,6.4,5.7,--,--,--,--,--,--
2017,Alagoas,Rural,Municipal,89.5,91.7,84.7,97.7,98.2,82.7,97.7,86.4,80.1,84,86.9,91.3,--,--,--,--,--,--,7.9,6.8,10.2,1,0.7,15.6,1.1,11.6,14.1,11.1,8.1,4.5,--,--,--,--,--,--,2.6,1.5,5.1,1.3,1.1,1.7,1.2,2,5.8,4.9,5,4.2,--,--,--,--,--,--
2017,Alagoas,Total,Privada,97.4,98.5,95.5,99,99.1,97.5,99.3,98,95.4,95.5,95.9,95.3,95,91.7,95.7,98,--,93.7,2.2,1,4.1,0.3,0.5,2.1,0.4,1.8,4.3,4.1,3.8,4.2,4.3,7.2,3.8,1.7,--,6.3,0.4,0.5,0.4,0.7,0.4,0.4,0.3,0.2,0.3,0.4,0.3,0.5,0.7,1.1,0.5,0.3,--,0
2017,Alagoas,Urbana,Privada,97.4,98.6,95.5,98.9,99.1,97.6,99.3,98,95.4,95.5,96,95.3,95,91.7,95.7,98,--,93.7,2.2,1,4.1,0.3,0.5,2,0.4,1.7,4.3,4,3.7,4.3,4.3,7.2,3.8,1.7,--,6.3,0.4,0.4,0.4,0.8,0.4,0.4,0.3,0.3,0.3,0.5,0.3,0.4,0.7,1.1,0.5,0.3,--,0
2017,Alagoas,Rural,Privada,95.9,97.1,91.4,99.3,100,91.4,100,95.7,92.5,89.1,87.5,100,--,--,--,--,--,--,4,2.7,8.6,0,0,8.6,0,4.3,7.5,10.9,12.5,0,--,--,--,--,--,--,0.1,0.2,0,0.7,0,0,0,0,0,0,0,0,--,--,--,--,--,--
2017,Alagoas,Total,Pública,87.6,91.4,82.9,96.2,96.9,83.5,95.9,88.2,78.5,82.2,84.9,88.3,81.6,75.3,83.8,89,89.6,100,8.4,6.7,10.6,1.6,1.7,14.5,2.5,9.6,14.1,11.2,9.1,6.2,8.4,11,7.5,5.3,7.6,0,4,1.9,6.5,2.2,1.4,2,1.6,2.2,7.4,6.6,6,5.5,10,13.7,8.7,5.7,2.8,0
2017,Alagoas,Urbana,Pública,86.8,91.3,82.3,95.3,96.2,83.9,94.9,89.1,78,81.7,84.3,87.5,81.2,74.9,83.6,88.8,89.6,100,8.7,6.6,10.8,2,2.2,13.9,3.2,8.5,14.2,11.3,9.3,6.7,8.6,11.2,7.7,5.5,7.6,0,4.5,2.1,6.9,2.7,1.6,2.2,1.9,2.4,7.8,7,6.4,5.8,10.2,13.9,8.7,5.7,2.8,0
2017,Alagoas,Rural,Pública,89.6,91.7,85,97.7,98.2,82.8,97.7,86.4,80.2,84.3,87.2,91.6,86.7,82.6,87.6,91.7,--,--,7.8,6.8,10,1,0.7,15.5,1.1,11.5,14.1,10.9,8,4.4,5.2,8.3,4.3,1.8,--,--,2.6,1.5,5,1.3,1.1,1.7,1.2,2.1,5.7,4.8,4.8,4,8.1,9.1,8.1,6.5,--,--
2017,Sergipe,Total,Total,82.2,87.8,74.9,98.2,96.5,81.5,81,86.3,67.5,74,79.5,83.8,78,68.1,81.7,89.2,93.9,91,14.7,10.6,20,0.6,2.4,16.9,17.2,11.7,27,21,15.7,11.4,11.5,17.8,8.7,4.6,3,2.6,3.1,1.6,5.1,1.2,1.1,1.6,1.8,2,5.5,5,4.8,4.8,10.5,14.1,9.6,6.2,3.1,6.4
2017,Sergipe,Urbana,Total,83.1,89.2,75.9,98.2,96.5,83.3,83.6,88,69,74.8,80.2,83.9,78.1,68.4,81.7,89.3,100,90.9,13.9,9.3,19.4,0.6,2.3,15.3,14.7,10.2,25.9,20.5,15.3,11.6,11.5,17.9,8.8,4.7,0,2.6,3,1.5,4.7,1.2,1.2,1.4,1.7,1.8,5.1,4.7,4.5,4.5,10.4,13.7,9.5,6,0,6.5
2017,Sergipe,Rural,Total,79.5,84.1,70.7,98.1,96.5,77.1,74.7,81.8,61.8,70.5,76.3,83.1,75.8,64.3,80.3,88.5,93.8,100,17.1,14.1,22.8,0.6,2.6,21.1,23.1,15.7,31.4,23.2,17.3,10.4,11,17,8.7,4.2,3.1,0,3.4,1.8,6.5,1.3,0.9,1.8,2.2,2.5,6.8,6.3,6.4,6.5,13.2,18.7,11,7.3,3.1,0
2017,Sergipe,Total,Federal,88.4,--,88.4,--,--,--,--,--,86.4,85.7,82.5,98.4,77.8,66.7,90.4,92.5,93.9,100,11.6,--,11.6,--,--,--,--,--,13.6,14.3,17.5,1.6,16.8,26.5,6.4,2.8,3,0,0,--,0,--,--,--,--,--,0,0,0,0,5.4,6.8,3.2,4.7,3.1,0
2017,Sergipe,Urbana,Federal,88.4,--,88.4,--,--,--,--,--,86.4,85.7,82.5,98.4,75.2,66.7,91.7,98.1,100,--,11.6,--,11.6,--,--,--,--,--,13.6,14.3,17.5,1.6,21.9,29.1,8.3,1.9,0,--,0,--,0,--,--,--,--,--,0,0,0,0,2.9,4.2,0,0,0,--
2017,Sergipe,Rural,Federal,--,--,--,--,--,--,--,--,--,--,--,--,81.2,66.8,89.1,89.1,93.8,100,--,--,--,--,--,--,--,--,--,--,--,--,9.8,19.8,4.6,3.4,3.1,0,--,--,--,--,--,--,--,--,--,--,--,--,9,13.4,6.3,7.5,3.1,0
2017,Sergipe,Total,Estadual,78.2,87.7,72,98.8,99.3,76.9,84.3,88.3,64.9,70.9,75.2,79.9,74.3,63.8,78.2,87.2,--,--,17.8,11,22.2,0,0,21.5,14.5,10,29.7,23.4,19.2,13.7,12.8,19.4,9.9,5.2,--,--,4,1.3,5.8,1.2,0.7,1.6,1.2,1.7,5.4,5.7,5.6,6.4,12.9,16.8,11.9,7.6,--,--
2017,Sergipe,Urbana,Estadual,78.1,87.6,72,98.7,99.2,76.9,84.2,88.4,65.2,70.6,75.1,79.6,74.3,63.8,78.2,87.1,--,--,17.9,11,22.3,0,0,21.5,14.6,9.9,29.5,23.6,19.3,14,12.9,19.5,10,5.2,--,--,4,1.4,5.7,1.3,0.8,1.6,1.2,1.7,5.3,5.8,5.6,6.4,12.8,16.7,11.8,7.7,--,--
2017,Sergipe,Rural,Estadual,79.9,88.3,73.5,100,100,76.8,86.1,87.3,58.9,77.7,78.4,88.1,74.8,63.9,78.8,88.4,--,--,16.9,10.4,21.9,0,0,21.2,12.3,10.9,34.8,19.1,17.3,7.7,11.2,16.5,9.5,4.3,--,--,3.2,1.3,4.6,0,0,2,1.6,1.8,6.3,3.2,4.3,4.2,14,19.6,11.7,7.3,--,--
2017,Sergipe,Total,Municipal,77.8,83.5,68.7,97.6,94.5,76.6,74.3,81.5,60.7,68,74.3,81.3,--,--,--,--,--,--,18.2,14.3,24.6,0.8,3.9,21.3,23.1,15.8,32.2,25.5,19,12.6,--,--,--,--,--,--,4,2.2,6.7,1.6,1.6,2.1,2.6,2.7,7.1,6.5,6.7,6.1,--,--,--,--,--,--
2017,Sergipe,Urbana,Municipal,76.8,83.3,67.8,97.2,93.2,76.4,74.4,81.5,60.1,66.9,73.4,80.6,--,--,--,--,--,--,18.9,14.2,25.5,1,4.7,21.3,22.6,15.6,32.5,26.5,19.9,13.7,--,--,--,--,--,--,4.3,2.5,6.7,1.8,2.1,2.3,3,2.9,7.4,6.6,6.7,5.7,--,--,--,--,--,--
2017,Sergipe,Rural,Municipal,79.3,83.8,70.3,98.1,96.4,76.9,74,81.4,61.7,69.9,75.9,82.5,--,--,--,--,--,--,17.3,14.4,23,0.6,2.7,21.4,23.6,16,31.4,23.6,17.4,10.7,--,--,--,--,--,--,3.4,1.8,6.7,1.3,0.9,1.7,2.4,2.6,6.9,6.5,6.7,6.8,--,--,--,--,--,--
2017,Sergipe,Total,Privada,96.8,98.6,94.1,99.2,99.3,98.1,98.1,98,93.4,93.4,96.2,93.8,94.4,91.4,95.6,96.6,--,90.9,3,1.2,5.7,0.5,0.5,1.7,1.7,1.9,6.3,6.4,3.8,6,5,8.2,3.9,2.6,--,2.6,0.2,0.2,0.2,0.3,0.2,0.2,0.2,0.1,0.3,0.2,0,0.2,0.6,0.4,0.5,0.8,--,6.5
2017,Sergipe,Urbana,Privada,96.8,98.6,94.1,99.2,99.3,98.2,98.1,98.1,93.4,93.5,96.1,93.8,94.4,91.4,95.6,96.6,--,90.9,3,1.2,5.7,0.5,0.5,1.6,1.7,1.9,6.3,6.3,3.8,6,5,8.2,3.9,2.6,--,2.6,0.2,0.2,0.2,0.3,0.2,0.2,0.2,0,0.3,0.2,0.1,0.2,0.6,0.4,0.5,0.8,--,6.5
2017,Sergipe,Rural,Privada,96.6,97,94.7,99.4,99.4,96.5,95,94.4,94.6,87.5,98,100,--,--,--,--,--,--,3.2,2.7,5.3,0,0.6,3.5,4.5,5.6,5.4,12.5,2,0,--,--,--,--,--,--,0.2,0.3,0,0.6,0,0,0.5,0,0,0,0,0,--,--,--,--,--,--
2017,Sergipe,Total,Pública,77.9,84.4,70,97.8,95.4,76.7,76.3,83,62.1,69.1,74.7,80.7,74.4,63.9,78.5,87.3,93.9,100,18.1,13.6,23.7,0.7,3.2,21.4,21.3,14.5,31.3,24.7,19.1,13.1,12.9,19.6,9.9,5.2,3,0,4,2,6.3,1.5,1.4,1.9,2.4,2.5,6.6,6.2,6.2,6.2,12.7,16.5,11.6,7.5,3.1,0
2017,Sergipe,Urbana,Pública,77.3,84.6,69.8,97.6,94.8,76.6,77.5,83.7,62.3,68.7,74.3,80.1,74.3,63.9,78.3,87.2,100,--,18.5,13.3,23.9,0.7,3.5,21.4,20.2,13.7,31.2,25.1,19.6,13.8,13,19.8,9.9,5.2,0,--,4.2,2.1,6.3,1.7,1.7,2,2.3,2.6,6.5,6.2,6.1,6.1,12.7,16.3,11.8,7.6,0,--
2017,Sergipe,Rural,Pública,79.3,83.9,70.5,98.1,96.5,76.9,74.4,81.6,61.5,70.4,76.1,82.9,75.8,64.3,80.3,88.5,93.8,100,17.2,14.3,22.9,0.6,2.6,21.4,23.4,15.9,31.6,23.3,17.4,10.5,11,17,8.7,4.2,3.1,0,3.5,1.8,6.6,1.3,0.9,1.7,2.2,2.5,6.9,6.3,6.5,6.6,13.2,18.7,11,7.3,3.1,0
2017,Bahia,Total,Total,83.5,89,76.8,97,96.4,81,85.9,88,71.5,75.5,79.5,83.5,74.7,65.6,77.8,84.5,78.8,70.6,12.8,9,17.4,1.4,2.3,17,11.7,9.6,21.6,18.8,15.4,11.8,16.8,23.4,14.5,9.6,17.8,26.1,3.7,2,5.8,1.6,1.3,2,2.4,2.4,6.9,5.7,5.1,4.7,8.5,11,7.7,5.9,3.4,3.3
2017,Bahia,Urbana,Total,83.8,90.2,76.8,96.9,96.6,82.5,88.2,89.5,72.2,75.4,79.1,82.8,74.5,65.4,77.6,84.2,77.8,70.6,12.7,8,17.8,1.5,2.2,15.7,9.7,8.4,21.2,19.2,16.2,12.8,17.1,23.7,14.7,9.8,18.7,26.1,3.5,1.8,5.4,1.6,1.2,1.8,2.1,2.1,6.6,5.4,4.7,4.4,8.4,10.9,7.7,6,3.5,3.3
2017,Bahia,Rural,Total,82.7,86.2,76.9,97.2,95.8,77.7,81.1,84.7,69,75.9,80.9,86.3,79.2,70.5,81.1,88.7,94,--,13.2,11.4,16.2,1,2.6,19.9,15.9,12.3,22.9,17.4,12.6,8.1,12.2,17.7,10.9,6.5,2.8,--,4.1,2.4,6.9,1.8,1.6,2.4,3,3,8.1,6.7,6.5,5.6,8.6,11.8,8,4.8,3.2,--
2017,Bahia,Total,Federal,96.7,--,96.7,--,--,--,--,--,100,95.5,97.1,95.6,84,75.7,87,92.6,95.8,47.1,3.3,--,3.3,--,--,--,--,--,0,4.5,2.9,4.4,13.2,20.3,11.2,5.3,2.6,48.3,0,--,0,--,--,--,--,--,0,0,0,0,2.8,4,1.8,2.1,1.6,4.6
2017,Bahia,Urbana,Federal,96.7,--,96.7,--,--,--,--,--,100,95.5,97.1,95.6,83.4,74.8,86.5,92,95.8,47.1,3.3,--,3.3,--,--,--,--,--,0,4.5,2.9,4.4,13.9,21.2,11.8,6.1,2.6,48.3,0,--,0,--,--,--,--,--,0,0,0,0,2.7,4,1.7,1.9,1.6,4.6
2017,Bahia,Rural,Federal,--,--,--,--,--,--,--,--,--,--,--,--,90.8,85.4,92.4,97.1,--,--,--,--,--,--,--,--,--,--,--,--,--,--,5.9,10.2,5.4,0,--,--,--,--,--,--,--,--,--,--,--,--,--,--,3.3,4.4,2.2,2.9,--,--
2017,Bahia,Total,Estadual,70.8,82.7,70.5,93.6,96,71.6,80.6,84.2,65,69.6,72,75.6,72.6,63.1,75.8,82.8,75.2,75.4,24.1,14.3,24.4,2.8,2.9,24,16.3,13.6,28.8,25.5,23.2,19.9,18.1,24.9,15.6,10.5,21.1,19.7,5.1,3,5.1,3.6,1.1,4.4,3.1,2.2,6.2,4.9,4.8,4.5,9.3,12,8.6,6.7,3.7,4.9
2017,Bahia,Urbana,Estadual,70.7,83.1,70.5,88.3,91.8,73.9,81.5,87.3,65.2,69.5,72,75.5,72.3,62.8,75.6,82.6,74.9,75.4,24.3,14.8,24.4,7.4,6.8,23.4,16.3,11.2,28.7,25.6,23.2,20,18.4,25.2,15.8,10.7,21.4,19.7,5,2.1,5.1,4.3,1.4,2.7,2.2,1.5,6.1,4.9,4.8,4.5,9.3,12,8.6,6.7,3.7,4.9
2017,Bahia,Rural,Estadual,72.7,82,69.9,96.4,98.7,67.6,78.7,75.6,59.5,71.4,71.2,76.9,77.3,68.6,79.8,87.3,88.3,--,20.8,13.6,23,0.3,0.3,25.1,16.3,19.9,30.7,22.5,22.1,17,13.6,19.1,11.9,7.5,6.1,--,6.5,4.4,7.1,3.3,1,7.3,5,4.5,9.8,6.1,6.7,6.1,9.1,12.3,8.3,5.2,5.6,--
2017,Bahia,Total,Municipal,82.3,87,75.5,96.8,95.8,77.6,83.5,86.1,69.3,73.9,79,84.1,77.4,62.3,81.1,91.3,93.2,--,13.5,10.7,17.6,1.3,2.6,20,13.7,11.1,22.5,19.2,14.9,10.3,10.3,18.5,8.5,2.6,2.8,--,4.2,2.3,6.9,1.9,1.6,2.4,2.8,2.8,8.2,6.9,6.1,5.6,12.3,19.2,10.4,6.1,4,--
2017,Bahia,Urbana,Municipal,82,87.4,74.8,96.5,95.8,77.6,85,86.9,69.4,73,77.9,82.9,74.4,59.8,81.2,87.4,90.1,--,13.7,10.3,18.3,1.4,2.6,20,12.3,10.4,22.4,20.1,16.2,11.5,12.3,19.4,10.6,4,6.2,--,4.3,2.3,6.9,2.1,1.6,2.4,2.7,2.7,8.2,6.9,5.9,5.6,13.3,20.8,8.2,8.6,3.7,--
2017,Bahia,Rural,Municipal,82.8,86.2,77,97.2,95.8,77.6,81,84.7,69.1,75.9,81.2,86.6,79.5,64.3,81,93.8,95.8,--,13.1,11.4,16.1,1,2.6,20,16,12.3,22.8,17.3,12.3,7.8,9,17.7,7.3,1.7,0,--,4.1,2.4,6.9,1.8,1.6,2.4,3,3,8.1,6.8,6.5,5.6,11.5,18,11.7,4.5,4.2,--
2017,Bahia,Total,Privada,97,98.2,94.8,97.8,98.4,98.3,98.2,98.2,95.2,94.4,94.8,94.9,94.3,91.1,94.9,97.6,96.8,95.7,2.7,1.5,4.9,1.8,1.3,1.5,1.6,1.6,4.4,5.3,4.9,4.8,5.1,8,4.6,2,1.7,4.3,0.3,0.3,0.3,0.4,0.3,0.2,0.2,0.2,0.4,0.3,0.3,0.3,0.6,0.9,0.5,0.4,1.5,0
2017,Bahia,Urbana,Privada,97.1,98.2,94.9,97.8,98.5,98.3,98.3,98.2,95.4,94.5,94.9,94.9,94.4,91.2,95.1,97.8,100,95.7,2.7,1.5,4.8,1.8,1.3,1.4,1.5,1.6,4.3,5.2,4.9,4.8,5.1,8.1,4.5,2,0,4.3,0.2,0.3,0.3,0.4,0.2,0.3,0.2,0.2,0.3,0.3,0.2,0.3,0.5,0.7,0.4,0.2,0,0
2017,Bahia,Rural,Privada,94,96.9,90.4,97.9,97.9,96.2,96.1,96,86,90.6,91.3,94.2,92.2,90.1,91.1,94.2,96.2,--,5.5,2.8,8.8,1.4,1.9,3.4,3.9,4,13.3,8.5,7.6,5.4,5,5.4,6.8,4,2,--,0.5,0.3,0.8,0.7,0.2,0.4,0,0,0.7,0.9,1.1,0.4,2.8,4.5,2.1,1.8,1.8,--
2017,Bahia,Total,Pública,81.1,86.9,74.4,96.8,95.8,77.6,83.5,86,68.5,73,77.3,81.9,72.9,63.4,76.1,83.1,78,58.8,14.6,10.7,19.1,1.3,2.6,20,13.7,11.1,23.7,20.5,16.9,12.8,17.9,24.8,15.5,10.4,18.5,36.5,4.3,2.4,6.5,1.9,1.6,2.4,2.8,2.9,7.8,6.5,5.8,5.3,9.2,11.8,8.4,6.5,3.5,4.7
2017,Bahia,Urbana,Pública,80.3,87.4,73.6,96.5,95.8,77.6,85,86.9,68.4,72.1,76.1,80.4,72.6,63.1,75.9,82.8,77.7,58.8,15.3,10.3,20.1,1.4,2.6,20.1,12.3,10.4,23.9,21.6,18.4,14.3,18.2,25.1,15.7,10.6,18.9,36.5,4.4,2.3,6.3,2.1,1.6,2.3,2.7,2.7,7.7,6.3,5.5,5.3,9.2,11.8,8.4,6.6,3.4,4.7
2017,Bahia,Rural,Pública,82.6,86.2,76.8,97.2,95.8,77.6,81,84.6,68.9,75.8,80.8,86.2,78,68.9,80.3,88.3,91.1,--,13.3,11.4,16.3,1,2.6,20,16,12.3,22.9,17.5,12.6,8.1,12.9,18.6,11.3,6.6,3.9,--,4.1,2.4,6.9,1.8,1.6,2.4,3,3.1,8.2,6.7,6.6,5.7,9.1,12.5,8.4,5.1,5,--
2017,Sudeste,Total,Total,93.8,96.6,90.1,98.2,98,93,96.9,97,89.2,90.1,91.1,90.2,85,78.4,86.3,92.4,81.9,90.9,5.3,3.1,8.2,1.5,1.7,6.6,2.8,2.6,9.4,8.4,7.3,7.6,10.5,15.7,9.6,5,5.2,7.1,0.9,0.3,1.7,0.3,0.3,0.4,0.3,0.4,1.4,1.5,1.6,2.2,4.5,5.9,4.1,2.6,12.9,2
2017,Sudeste,Urbana,Total,93.8,96.7,90.2,98.2,98.1,93.2,97,97.1,89.4,90.3,91.2,90.1,84.9,78.3,86.2,92.4,81.8,91,5.3,3,8.1,1.4,1.7,6.5,2.7,2.5,9.2,8.3,7.3,7.6,10.6,15.8,9.6,5,5.2,6.8,0.9,0.3,1.7,0.4,0.2,0.3,0.3,0.4,1.4,1.4,1.5,2.3,4.5,5.9,4.2,2.6,13,2.2
2017,Sudeste,Rural,Total,92.5,94.7,88.1,97.2,97,89.5,94.9,95.6,84.4,86.8,90,92.1,90.1,85.5,91,95.5,84.5,89,6.8,5,10.2,2.4,2.8,10.1,4.8,4.1,14.1,11.5,8.4,5.8,6.8,10.3,6.2,2.7,7.8,10.5,0.7,0.3,1.7,0.4,0.2,0.4,0.3,0.3,1.5,1.7,1.6,2.1,3.1,4.2,2.8,1.8,7.7,0.5
2017,Sudeste,Total,Federal,93.9,97.1,91.6,97.9,96.8,96.2,97.2,97.2,89.7,91,92.3,92.9,88.2,82.9,89.4,95.1,90.7,87.3,6,2.9,8.1,2.1,3.2,3.6,2.8,2.8,9.7,8.8,7.4,6.9,10.6,15.8,9.7,4.1,7.4,10.4,0.1,0,0.3,0,0,0.2,0,0,0.6,0.2,0.3,0.2,1.2,1.3,0.9,0.8,1.9,2.3
2017,Sudeste,Urbana,Federal,93.9,97.1,91.6,97.9,96.8,96.2,97.2,97.2,89.7,91,92.3,92.9,88.2,82.8,89.1,95.3,90.6,87.3,6,2.9,8.1,2.1,3.2,3.6,2.8,2.8,9.7,8.8,7.4,6.9,10.7,16,10,4.1,7.5,10.4,0.1,0,0.3,0,0,0.2,0,0,0.6,0.2,0.3,0.2,1.1,1.2,0.9,0.6,1.9,2.3
2017,Sudeste,Rural,Federal,--,--,--,--,--,--,--,--,--,--,--,--,88.7,83.1,91.5,94.1,97.8,--,--,--,--,--,--,--,--,--,--,--,--,--,9.7,14.6,7.9,4.3,0,--,--,--,--,--,--,--,--,--,--,--,--,--,1.6,2.3,0.6,1.6,2.2,--
2017,Sudeste,Total,Estadual,92.3,98.7,89.3,99.2,99.4,96.7,99.2,99.1,89,90.7,90.4,87,83,76,84.4,91.1,80.5,89.6,6.2,1,8.5,0.3,0.3,3,0.5,0.6,9.4,7.7,7.5,9.5,11.7,17.2,10.7,5.8,5.2,7.3,1.5,0.3,2.2,0.5,0.3,0.3,0.3,0.3,1.6,1.6,2.1,3.5,5.3,6.8,4.9,3.1,14.3,3.1
2017,Sudeste,Urbana,Estadual,92.3,98.7,89.3,99.2,99.4,96.7,99.2,99.1,89.1,90.7,90.4,87,82.9,75.8,84.3,91.1,80.6,89.9,6.1,0.9,8.5,0.3,0.3,3,0.5,0.5,9.3,7.6,7.5,9.6,11.8,17.3,10.8,5.8,5.1,5.2,1.6,0.4,2.2,0.5,0.3,0.3,0.3,0.4,1.6,1.7,2.1,3.4,5.3,6.9,4.9,3.1,14.3,4.9
2017,Sudeste,Rural,Estadual,92.3,98.5,89.4,99.5,99.1,96.7,98.6,98.6,87.9,88.9,90.7,90.1,89.9,85.3,90.6,95.6,74.2,89,6.3,1.2,8.8,0.1,0.6,3,1.2,1.1,10.8,9.6,7.3,7.2,6.7,10,6.3,2.5,13.1,10.5,1.4,0.3,1.8,0.4,0.3,0.3,0.2,0.3,1.3,1.5,2,2.7,3.4,4.7,3.1,1.9,12.7,0.5
2017,Sudeste,Total,Municipal,93.1,95.3,87.7,97.9,97.4,90.3,95.6,95.9,85.4,85.9,89,91.9,90.8,85.9,91.2,96.2,97.1,--,6.1,4.3,10.6,1.7,2.3,9.4,4.1,3.7,12.8,12.3,9.3,6.6,7.4,11.7,6.9,3.1,1.1,--,0.8,0.4,1.7,0.4,0.3,0.3,0.3,0.4,1.8,1.8,1.7,1.5,1.8,2.4,1.9,0.7,1.8,--
2017,Sudeste,Urbana,Municipal,93.2,95.4,87.7,98,97.4,90.4,95.6,95.9,85.6,86,89,91.8,90.8,85.8,91.3,96.1,97.1,--,6,4.2,10.5,1.6,2.3,9.2,4,3.6,12.5,12.3,9.3,6.7,7.5,11.8,7,3.1,1.1,--,0.8,0.4,1.8,0.4,0.3,0.4,0.4,0.5,1.9,1.7,1.7,1.5,1.7,2.4,1.7,0.8,1.8,--
2017,Sudeste,Rural,Municipal,92.4,94.3,87,97,96.8,88.7,94.5,95.2,82,85.2,89.2,93.5,92.1,89.4,89.7,98.3,--,--,7,5.4,11.4,2.6,3,11,5.2,4.5,16.3,13.1,9.3,4.9,4.4,7,4.4,1.1,--,--,0.6,0.3,1.6,0.4,0.2,0.3,0.3,0.3,1.7,1.7,1.5,1.6,3.5,3.6,5.9,0.6,--,--
2017,Sudeste,Total,Privada,97.8,98.6,96.6,98.1,98.8,98.7,98.8,98.7,97.1,96.3,96.5,96.6,95.9,92.9,96.4,98.6,93.2,96.6,2.1,1.3,3.3,1.7,1.1,1.3,1.2,1.2,2.8,3.6,3.4,3.3,3.9,6.8,3.4,1.3,1.4,2.2,0.1,0.1,0.1,0.2,0.1,0,0,0.1,0.1,0.1,0.1,0.1,0.2,0.3,0.2,0.1,5.4,1.2
2017,Sudeste,Urbana,Privada,97.8,98.6,96.6,98.1,98.8,98.7,98.8,98.7,97.1,96.4,96.5,96.6,95.9,92.9,96.4,98.6,92.2,96.6,2.1,1.3,3.3,1.7,1.1,1.3,1.2,1.2,2.8,3.6,3.4,3.3,3.9,6.8,3.4,1.3,1.4,2.2,0.1,0.1,0.1,0.2,0.1,0,0,0.1,0.1,0,0.1,0.1,0.2,0.3,0.2,0.1,6.4,1.2
2017,Sudeste,Rural,Privada,95.9,96.8,94.8,95.7,96.7,96.4,97,98.4,94.8,95.5,95.3,93.1,94.9,92.1,96.4,96.7,98.1,--,3.7,3.1,4.5,3.9,3.3,3.5,2.9,1.6,4,4,4.3,6,3.6,5.6,2.5,2.3,1.3,--,0.4,0.1,0.7,0.4,0,0.1,0.1,0,1.2,0.5,0.4,0.9,1.5,2.3,1.1,1,0.6,--
2017,Sudeste,Total,Pública,92.8,96.1,88.7,98.2,97.8,91.7,96.4,96.6,87.5,88.8,89.9,88.6,83.2,76.2,84.6,91.3,81.5,87.8,6.1,3.6,9.3,1.4,1.9,8,3.2,2.9,10.8,9.5,8.2,8.6,11.6,17.1,10.6,5.7,5.3,9.7,1.1,0.3,2,0.4,0.3,0.3,0.4,0.5,1.7,1.7,1.9,2.8,5.2,6.7,4.8,3,13.2,2.5
2017,Sudeste,Urbana,Pública,92.8,96.2,88.7,98.2,97.9,91.8,96.5,96.7,87.7,88.9,89.9,88.5,83.1,76,84.4,91.2,81.5,87.7,6.1,3.5,9.3,1.3,1.8,7.8,3.1,2.8,10.6,9.4,8.2,8.7,11.8,17.2,10.7,5.8,5.3,9.6,1.1,0.3,2,0.5,0.3,0.4,0.4,0.5,1.7,1.7,1.9,2.8,5.1,6.8,4.9,3,13.2,2.7
2017,Sudeste,Rural,Pública,92.4,94.7,87.9,97.2,97,89.4,94.9,95.5,84,86.6,89.8,92.1,89.8,85,90.7,95.4,77.6,89,6.8,5,10.4,2.4,2.8,10.3,4.8,4.1,14.4,11.8,8.5,5.8,7,10.6,6.4,2.7,11.2,10.5,0.8,0.3,1.7,0.4,0.2,0.3,0.3,0.4,1.6,1.6,1.7,2.1,3.2,4.4,2.9,1.9,11.2,0.5
2017,Minas Gerais,Total,Total,92.8,97.9,86.6,99.2,99.1,95.7,98.3,97.4,85,86.2,87.8,87.6,80.4,72,84,89,80.6,89.3,6,1.9,11,0.5,0.7,4.1,1.5,2.3,13.2,11.8,10,9,12.4,18.7,9.7,6.9,5.1,7.5,1.2,0.2,2.4,0.3,0.2,0.2,0.2,0.3,1.8,2,2.2,3.4,7.2,9.3,6.3,4.1,14.3,3.2
2017,Minas Gerais,Urbana,Total,92.6,97.9,86.5,99.2,99.1,95.7,98.3,97.4,84.9,86.1,87.7,87.3,80.2,71.7,83.8,88.8,80.7,89.3,6.1,1.9,11.1,0.5,0.7,4.2,1.5,2.2,13.2,11.9,10.2,9.2,12.5,18.9,9.8,7,5,7.5,1.3,0.2,2.4,0.3,0.2,0.1,0.2,0.4,1.9,2,2.1,3.5,7.3,9.4,6.4,4.2,14.3,3.2
2017,Minas Gerais,Rural,Total,95.1,97.8,89.6,99.1,99,95.7,98.2,97.3,86.5,88.6,90.7,92.6,88.9,83.7,90.5,95.4,74.2,--,4.1,1.9,8.4,0.6,0.8,4,1.6,2.4,11.9,9.5,7.2,4.8,6.6,10.2,5.5,2.4,13.1,--,0.8,0.3,2,0.3,0.2,0.3,0.2,0.3,1.6,1.9,2.1,2.6,4.5,6.1,4,2.2,12.7,--
2017,Minas Gerais,Total,Federal,93.5,96.3,91.6,100,95.8,96.7,95.3,94.1,90.1,88.5,93.3,94.3,89.5,83.2,91.6,95.6,99.3,89.2,6.4,3.7,8.2,0,4.2,3.3,4.7,5.9,9.9,11.3,6.5,5.7,9.7,15.7,7.9,3.7,0.5,10.1,0.1,0,0.2,0,0,0,0,0,0,0.2,0.2,0,0.8,1.1,0.5,0.7,0.2,0.7
2017,Minas Gerais,Urbana,Federal,93.5,96.3,91.6,100,95.8,96.7,95.3,94.1,90.1,88.5,93.3,94.3,89.3,82.6,90.9,95.7,99.3,89.2,6.4,3.7,8.2,0,4.2,3.3,4.7,5.9,9.9,11.3,6.5,5.7,10.1,16.4,8.5,3.8,0.5,10.1,0.1,0,0.2,0,0,0,0,0,0,0.2,0.2,0,0.6,1,0.6,0.5,0.2,0.7
2017,Minas Gerais,Rural,Federal,--,--,--,--,--,--,--,--,--,--,--,--,90.3,84.9,93.6,95.2,--,--,--,--,--,--,--,--,--,--,--,--,--,--,8.4,13.5,5.9,3.4,--,--,--,--,--,--,--,--,--,--,--,--,--,--,1.3,1.6,0.5,1.4,--,--
2017,Minas Gerais,Total,Estadual,89.7,99.4,84.5,99.6,99.6,99.4,99.5,99.2,83.1,84.2,85.5,85.2,78.6,69.8,82.4,87.6,80.3,69.1,8.2,0.2,12.4,0.1,0.2,0.3,0.2,0.4,14.5,13.4,11.7,10.1,13.3,19.8,10.4,7.6,5.2,1.5,2.1,0.4,3.1,0.3,0.2,0.3,0.3,0.4,2.4,2.4,2.8,4.7,8.1,10.4,7.2,4.8,14.5,29.4
2017,Minas Gerais,Urbana,Estadual,89.6,99.5,84.4,99.6,99.6,99.5,99.6,99.2,83,84,85.4,85,78.4,69.5,82.2,87.4,80.4,69.1,8.3,0.2,12.5,0.1,0.2,0.3,0.2,0.4,14.6,13.5,11.9,10.3,13.4,20,10.5,7.8,5.1,1.5,2.1,0.3,3.1,0.3,0.2,0.2,0.2,0.4,2.4,2.5,2.7,4.7,8.2,10.5,7.3,4.8,14.5,29.4
2017,Minas Gerais,Rural,Estadual,93,99,88.6,99.4,98.9,98.8,99,99,86.6,88.3,89.6,90,87.8,82.1,89.4,95.3,74.2,--,5.3,0.6,8.8,0.1,0.8,0.7,0.7,0.6,11.6,9.5,7.8,6.3,6.5,9.8,5.6,2.1,13.1,--,1.7,0.4,2.6,0.5,0.3,0.5,0.3,0.4,1.8,2.2,2.6,3.7,5.7,8.1,5,2.6,12.7,--
2017,Minas Gerais,Total,Municipal,94.4,96.9,87.8,99,98.8,93.3,97.6,96.2,84.6,87,89.8,90.5,88.7,82.9,88.7,95.9,71.4,--,4.9,2.9,10.6,0.8,1,6.5,2.2,3.5,13.9,11.3,8.4,7.8,7.9,12,7.7,3,0,--,0.7,0.2,1.6,0.2,0.2,0.2,0.2,0.3,1.5,1.7,1.8,1.7,3.4,5.1,3.6,1.1,28.6,--
2017,Minas Gerais,Urbana,Municipal,94.2,96.8,87.5,99,98.8,93,97.5,96,84.4,86.7,89.6,89.9,88.6,82.5,89,95.8,71.4,--,5.1,3,10.9,0.8,1,6.8,2.3,3.6,14.1,11.5,8.7,8.5,8,12.3,7.8,3.1,0,--,0.7,0.2,1.6,0.2,0.2,0.2,0.2,0.4,1.5,1.8,1.7,1.6,3.4,5.2,3.2,1.1,28.6,--
2017,Minas Gerais,Rural,Municipal,95.6,97.6,90.1,99.1,99,95.2,98.1,97,86.4,88.7,91.3,94.4,89.8,87.9,85.5,98,--,--,3.7,2.1,8.2,0.7,0.8,4.6,1.7,2.7,12.2,9.5,6.8,3.7,6.3,8.7,6.9,2,--,--,0.7,0.3,1.7,0.2,0.2,0.2,0.2,0.3,1.4,1.8,1.9,1.9,3.9,3.4,7.6,0,--,--
2017,Minas Gerais,Total,Privada,98,99.3,96.1,99.7,99.5,99.2,99.1,99,96.9,95.8,96,95.7,95,92,95.6,97.8,91.7,93.7,1.9,0.7,3.8,0.3,0.5,0.8,0.9,1,3.1,4.2,3.9,4.2,4.8,7.7,4.2,2,1.4,5.1,0.1,0,0.1,0,0,0,0,0,0,0,0.1,0.1,0.2,0.3,0.2,0.2,6.9,1.2
2017,Minas Gerais,Urbana,Privada,98,99.3,96.1,99.7,99.5,99.2,99.1,99,96.9,95.8,96,95.8,95,92,95.6,97.8,91.7,93.7,2,0.7,3.8,0.3,0.5,0.8,0.9,1,3.1,4.2,3.9,4.1,4.8,7.8,4.2,2,1.4,5.1,0,0,0.1,0,0,0,0,0,0,0,0.1,0.1,0.2,0.2,0.2,0.2,6.9,1.2
2017,Minas Gerais,Rural,Privada,94.8,97.7,92.9,100,98.4,97.3,93.8,98.3,95.6,95.5,93.8,88.1,94.7,93.2,95.1,96.8,--,--,4.2,2.3,5.4,0,1.6,2.7,6.2,1.7,2.2,1.8,6.2,9.6,3,3.2,3,2.6,--,--,1,0,1.7,0,0,0,0,0,2.2,2.7,0,2.3,2.3,3.6,1.9,0.6,--,--
2017,Minas Gerais,Total,Pública,92.1,97.7,85.5,99.1,99,95.2,98.2,97.2,83.6,85,86.8,86.6,79,70.2,82.7,87.9,80.6,86.5,6.5,2,11.8,0.6,0.8,4.6,1.5,2.4,14.3,12.7,10.7,9.5,13.1,19.6,10.3,7.5,5.1,9,1.4,0.3,2.7,0.3,0.2,0.2,0.3,0.4,2.1,2.3,2.5,3.9,7.9,10.2,7,4.6,14.3,4.5
2017,Minas Gerais,Urbana,Pública,91.8,97.7,85.3,99.1,99,95.1,98.2,97.2,83.4,84.8,86.6,86.3,78.7,69.9,82.5,87.7,80.7,86.5,6.8,2,12.1,0.6,0.8,4.7,1.5,2.4,14.5,12.9,11,9.8,13.3,19.9,10.4,7.6,5.1,9,1.4,0.3,2.6,0.3,0.2,0.2,0.3,0.4,2.1,2.3,2.4,3.9,8,10.2,7.1,4.7,14.2,4.5
2017,Minas Gerais,Rural,Pública,95.1,97.8,89.5,99.1,99,95.7,98.2,97.3,86.4,88.5,90.7,92.6,88.4,82.9,90.2,95.3,74.2,--,4.1,1.9,8.4,0.6,0.8,4.1,1.6,2.4,12,9.5,7.2,4.7,6.9,10.7,5.7,2.4,13.1,--,0.8,0.3,2.1,0.3,0.2,0.2,0.2,0.3,1.6,2,2.1,2.7,4.7,6.4,4.1,2.3,12.7,--
2017,Espírito Santo,Total,Total,90,94.1,84.6,98.5,97.6,88.2,92.3,94.6,81.5,82.9,86,90.2,84.8,75.6,87.3,95.1,92.9,100,9.2,5.6,14,1.2,2.1,11.5,7.3,4.9,17,15.8,12.8,8.6,12.3,20.2,10.1,3.4,4.4,0,0.8,0.3,1.4,0.3,0.3,0.3,0.4,0.5,1.5,1.3,1.2,1.2,2.9,4.2,2.6,1.5,2.7,0
2017,Espírito Santo,Urbana,Total,89.9,94.1,84.4,98.5,97.6,88.6,92.2,94.6,81.4,82.7,85.7,89.9,84.6,75.3,87.1,95.2,92,100,9.3,5.5,14.2,1.2,2.2,11,7.3,4.9,17.1,16,13.1,8.9,12.5,20.5,10.3,3.4,5,0,0.8,0.4,1.4,0.3,0.2,0.4,0.5,0.5,1.5,1.3,1.2,1.2,2.9,4.2,2.6,1.4,3,0
2017,Espírito Santo,Rural,Total,91,93.5,86.6,98.6,98.2,85.1,92.7,94.7,82,84.9,89.2,93.5,89.3,83.4,91.5,94.1,98,--,8.3,6.3,12,1.2,1.7,14.6,7,5,16.5,13.6,9.5,5.3,7.9,12.8,6.1,4,1,--,0.7,0.2,1.4,0.2,0.1,0.3,0.3,0.3,1.5,1.5,1.3,1.2,2.8,3.8,2.4,1.9,1,--
2017,Espírito Santo,Total,Federal,--,--,--,--,--,--,--,--,--,--,--,--,86.8,81.2,87.1,91.8,91.2,100,--,--,--,--,--,--,--,--,--,--,--,--,11.4,17.4,11.5,6.2,5,0,--,--,--,--,--,--,--,--,--,--,--,--,1.8,1.4,1.4,2,3.8,0
2017,Espírito Santo,Urbana,Federal,--,--,--,--,--,--,--,--,--,--,--,--,86.6,81,86.2,92,90.9,100,--,--,--,--,--,--,--,--,--,--,--,--,11.7,18.1,12.3,6.2,5.3,0,--,--,--,--,--,--,--,--,--,--,--,--,1.7,0.9,1.5,1.8,3.8,0
2017,Espírito Santo,Rural,Federal,--,--,--,--,--,--,--,--,--,--,--,--,87.5,82,92.7,90.6,97.8,--,--,--,--,--,--,--,--,--,--,--,--,--,9.9,14.9,6,6.5,0,--,--,--,--,--,--,--,--,--,--,--,--,--,2.6,3.1,1.3,2.9,2.2,--
2017,Espírito Santo,Total,Estadual,87.9,95,84,98.3,98.8,89.9,94.2,95.4,81.6,82.8,84.9,87.4,83,73.2,86,94.7,95,--,10.9,4.6,14.3,1.5,0.9,9.7,5.4,4,16.6,15.6,13.4,11,13.6,21.9,11,3.7,4.2,--,1.2,0.4,1.7,0.2,0.3,0.4,0.4,0.6,1.8,1.6,1.7,1.6,3.4,4.9,3,1.6,0.8,--
2017,Espírito Santo,Urbana,Estadual,87.6,94.9,83.8,98.1,98.7,89.9,94,95.4,81.5,82.6,84.6,87.2,82.9,73,85.9,94.6,95,--,11.1,4.7,14.5,1.7,0.9,9.7,5.6,3.9,16.6,15.7,13.6,11.1,13.7,22,11.1,3.7,4.2,--,1.3,0.4,1.7,0.2,0.4,0.4,0.4,0.7,1.9,1.7,1.8,1.7,3.4,5,3,1.7,0.8,--
2017,Espírito Santo,Rural,Estadual,91.5,95.7,86.6,99.6,99.2,90.1,95.4,95.3,83.5,85.5,88.6,90.6,88,81.4,88.6,96.4,--,--,8,4.2,12.3,0.4,0.5,9.9,4.5,4.5,15.9,12.8,10.4,8.6,8.9,14,8.3,2.6,--,--,0.5,0.1,1.1,0,0.3,0,0.1,0.2,0.6,1.7,1,0.8,3.1,4.6,3.1,1,--,--
2017,Espírito Santo,Total,Municipal,89.1,93,82.4,98.3,97,86.1,90.8,93.7,78.5,80.2,84.3,90.5,100,100,100,100,--,--,10.1,6.6,16.1,1.4,2.7,13.5,8.7,5.7,19.9,18.2,14.5,8.3,0,0,0,0,--,--,0.8,0.4,1.5,0.3,0.3,0.4,0.5,0.6,1.6,1.6,1.2,1.2,0,0,0,0,--,--
2017,Espírito Santo,Urbana,Municipal,88.8,92.9,81.9,98.2,96.9,86.4,90.5,93.5,78.2,79.7,83.6,90,--,--,--,--,--,--,10.4,6.6,16.6,1.4,2.8,13.1,8.9,5.8,20.2,18.7,15.2,8.8,--,--,--,--,--,--,0.8,0.5,1.5,0.4,0.3,0.5,0.6,0.7,1.6,1.6,1.2,1.2,--,--,--,--,--,--
2017,Espírito Santo,Rural,Municipal,90.9,93.1,86.2,98.5,98,84.3,92.3,94.6,81,84.4,89.2,94.3,100,100,100,100,--,--,8.5,6.6,12.4,1.3,1.9,15.4,7.3,5,17.4,14.2,9.5,4.5,0,0,0,0,--,--,0.6,0.3,1.4,0.2,0.1,0.3,0.4,0.4,1.6,1.4,1.3,1.2,0,0,0,0,--,--
2017,Espírito Santo,Total,Privada,98.1,99.4,96.3,99.9,99.9,99,99.1,98.9,97.1,95.8,96.4,95.9,95.4,91.5,95.9,98.6,98.1,--,1.9,0.6,3.6,0.1,0.1,1,0.9,1.1,2.8,4.1,3.5,4,4.4,8.1,3.9,1.2,1.3,--,0,0,0.1,0,0,0,0,0,0.1,0.1,0.1,0.1,0.2,0.4,0.2,0.2,0.6,--
2017,Espírito Santo,Urbana,Privada,98.2,99.4,96.4,99.9,99.9,99,99.1,98.9,97.2,96,96.5,95.9,95.5,91.7,95.8,98.9,--,--,1.8,0.6,3.6,0.1,0.1,1,0.9,1.1,2.8,4,3.4,4.1,4.4,8.1,4.1,1.1,--,--,0,0,0,0,0,0,0,0,0,0,0.1,0,0.1,0.2,0.1,0,--,--
2017,Espírito Santo,Rural,Privada,92.6,--,92.6,--,--,--,--,--,93.2,91.6,91.9,93.9,93.7,89.3,97.4,92.9,98.1,--,4.7,--,4.7,--,--,--,--,--,2.8,7,6.6,2,4.1,7.4,1.3,4.4,1.3,--,2.7,--,2.7,--,--,--,--,--,4,1.4,1.5,4.1,2.2,3.3,1.3,2.7,0.6,--
2017,Espírito Santo,Total,Pública,88.8,93.3,83,98.3,97.3,86.7,91.3,94,79.5,81.1,84.5,89.2,83.3,73.8,86,94.5,92.2,100,10.3,6.3,15.5,1.4,2.4,12.9,8.2,5.4,18.8,17.3,14.1,9.4,13.4,21.6,11,3.8,4.8,0,0.9,0.4,1.5,0.3,0.3,0.4,0.5,0.6,1.7,1.6,1.4,1.4,3.3,4.6,3,1.7,3,0
2017,Espírito Santo,Urbana,Pública,88.5,93.2,82.6,98.2,97.1,87,91.1,93.9,79.3,80.8,84,88.8,83.1,73.5,85.9,94.5,92,100,10.5,6.3,15.8,1.5,2.6,12.6,8.4,5.5,19,17.7,14.6,9.8,13.6,21.8,11.1,3.8,5,0,1,0.5,1.6,0.3,0.3,0.4,0.5,0.6,1.7,1.5,1.4,1.4,3.3,4.7,3,1.7,3,0
2017,Espírito Santo,Rural,Pública,91,93.5,86.3,98.6,98.2,85.1,92.7,94.7,81.5,84.6,89,93.5,88,81.9,89.9,94.4,97.8,--,8.4,6.3,12.4,1.2,1.7,14.6,7,5,17.1,13.9,9.7,5.4,9.1,14.2,7.5,3.9,0,--,0.6,0.2,1.3,0.2,0.1,0.3,0.3,0.3,1.4,1.5,1.3,1.1,2.9,3.9,2.6,1.7,2.2,--
2017,Rio de Janeiro,Total,Total,88.8,91.6,85.2,93.6,94.7,86,91,93.4,83.4,83.2,86.1,89.1,81.8,74.2,82.6,91.6,86,90.5,9.9,7.6,12.8,5.3,4.6,13.2,8.2,5.8,14.3,14.8,12.1,9.3,14.1,20.2,13.7,6.2,9.4,7.3,1.3,0.8,2,1.1,0.7,0.8,0.8,0.8,2.3,2,1.8,1.6,4.1,5.6,3.7,2.2,4.6,2.2
2017,Rio de Janeiro,Urbana,Total,89,91.9,85.4,93.8,94.9,86.5,91.2,93.6,83.8,83.4,86.2,89.1,81.7,74.1,82.4,91.5,86,90.5,9.7,7.3,12.6,5.1,4.4,12.7,8,5.6,13.9,14.5,11.9,9.3,14.2,20.3,13.8,6.3,9.4,7.3,1.3,0.8,2,1.1,0.7,0.8,0.8,0.8,2.3,2.1,1.9,1.6,4.1,5.6,3.8,2.2,4.6,2.2
2017,Rio de Janeiro,Rural,Total,84.9,87.7,79.8,91.4,91.8,79.2,87.3,90.8,74.4,77.4,83.1,87.7,86.4,80.4,87.6,93.9,--,--,13.9,11.7,18.1,7.8,7.9,20,12,8.6,23.3,20.5,15.2,10.1,10.4,15.4,9.8,4,--,--,1.2,0.6,2.1,0.8,0.3,0.8,0.7,0.6,2.3,2.1,1.7,2.2,3.2,4.2,2.6,2.1,--,--
2017,Rio de Janeiro,Total,Federal,93.8,97.1,91.6,97.2,96.9,95.8,97.6,97.9,89.6,91.9,92.1,92.5,86.8,81.1,86.8,95.7,83.8,86.6,6,2.9,8.1,2.8,3.1,4,2.4,2.1,9.6,8.1,7.6,7.3,11.7,16.9,12,3.9,15.4,10.8,0.2,0,0.3,0,0,0.2,0,0,0.8,0,0.3,0.2,1.5,2,1.2,0.4,0.8,2.6
2017,Rio de Janeiro,Urbana,Federal,93.8,97.1,91.6,97.2,96.9,95.8,97.6,97.9,89.6,91.9,92.1,92.5,87.1,81.6,87.4,95.8,83.8,86.6,6,2.9,8.1,2.8,3.1,4,2.4,2.1,9.6,8.1,7.6,7.3,11.4,16.6,11.4,3.8,15.4,10.8,0.2,0,0.3,0,0,0.2,0,0,0.8,0,0.3,0.2,1.5,1.8,1.2,0.4,0.8,2.6
2017,Rio de Janeiro,Rural,Federal,--,--,--,--,--,--,--,--,--,--,--,--,79.5,73.7,77.6,92.9,--,--,--,--,--,--,--,--,--,--,--,--,--,--,18.4,21.2,22.4,7.1,--,--,--,--,--,--,--,--,--,--,--,--,--,--,2.1,5.1,0,0,--,--
2017,Rio de Janeiro,Total,Estadual,77.5,79,77.5,79.4,76.8,75.8,78.4,84.2,75.9,76.2,77.6,80,78.4,70.3,79.3,89.6,--,81,19.9,17,20,5.6,16.2,22.1,19.8,13.8,21.5,21.4,19.9,17.2,16.5,22.8,16,7.5,--,13.2,2.6,4,2.5,15,7,2.1,1.8,2,2.6,2.4,2.5,2.8,5.1,6.9,4.7,2.9,--,5.8
2017,Rio de Janeiro,Urbana,Estadual,77.6,79,77.6,79.4,76.8,75.8,78.4,84.2,76.1,76.4,77.6,80.1,78.1,70,79,89.5,--,81,19.8,17,19.8,5.6,16.2,22.1,19.8,13.8,21.3,21.2,19.9,17.2,16.7,23,16.2,7.7,--,13.2,2.6,4,2.6,15,7,2.1,1.8,2,2.6,2.4,2.5,2.7,5.2,7,4.8,2.8,--,5.8
2017,Rio de Janeiro,Rural,Estadual,74.6,--,74.6,--,--,--,--,--,71.9,71.6,76.4,79.7,86.3,80.1,87.6,93.7,--,--,22.8,--,22.8,--,--,--,--,--,26.1,26.3,20.2,17.2,10.3,15.5,9.5,4,--,--,2.6,--,2.6,--,--,--,--,--,2,2.1,3.4,3.1,3.4,4.4,2.9,2.3,--,--
2017,Rio de Janeiro,Total,Municipal,86.9,89.2,83.3,93.2,93.5,81.2,88,91.6,80.1,80.2,85,90.4,81.8,73.1,81.8,92.8,97,--,11.4,9.8,14.1,5.5,5.7,17.8,10.9,7.4,16.8,17,12.6,7.7,13.7,20.7,13.1,5.3,3,--,1.7,1,2.6,1.3,0.8,1,1.1,1,3.1,2.8,2.4,1.9,4.5,6.2,5.1,1.9,0,--
2017,Rio de Janeiro,Urbana,Municipal,87,89.4,83.5,93.4,93.6,81.5,88.1,91.7,80.5,80.3,85.1,90.4,81.8,73.1,81.8,92.8,97,--,11.2,9.6,13.9,5.3,5.4,17.5,10.8,7.2,16.3,16.8,12.4,7.7,13.7,20.7,13.1,5.3,3,--,1.8,1,2.6,1.3,1,1,1.1,1.1,3.2,2.9,2.5,1.9,4.5,6.2,5.1,1.9,0,--
2017,Rio de Janeiro,Rural,Municipal,85.1,87.2,80,91.2,91.5,78.4,86.8,90.4,73.7,77.8,83.8,90,--,--,--,--,--,--,13.8,12.1,17.9,7.9,8.2,20.8,12.5,8.9,23.9,20,14.8,8,--,--,--,--,--,--,1.1,0.7,2.1,0.9,0.3,0.8,0.7,0.7,2.4,2.2,1.4,2,--,--,--,--,--,--
2017,Rio de Janeiro,Total,Privada,96,97,94.4,94.5,97.3,97.7,97.9,97.9,95.3,94,94.2,94.1,93.3,89.1,93.9,97.5,88.9,97.3,3.8,2.7,5.3,4.9,2.4,2,1.9,2,4.5,5.7,5.6,5.6,6.2,10.2,5.6,2.2,0,1.4,0.2,0.3,0.3,0.6,0.3,0.3,0.2,0.1,0.2,0.3,0.2,0.3,0.5,0.7,0.5,0.3,11.1,1.3
2017,Rio de Janeiro,Urbana,Privada,96,97,94.4,94.6,97.4,97.8,97.9,97.9,95.3,94,94.2,94.1,93.3,89.1,93.9,97.5,88.9,97.3,3.7,2.7,5.3,4.9,2.3,2,1.9,2,4.5,5.7,5.6,5.6,6.2,10.2,5.6,2.2,0,1.4,0.3,0.3,0.3,0.5,0.3,0.2,0.2,0.1,0.2,0.3,0.2,0.3,0.5,0.7,0.5,0.3,11.1,1.3
2017,Rio de Janeiro,Rural,Privada,95.3,95.7,94.7,93.6,95.1,95.6,96.5,98.2,94.6,95.9,95.5,92.4,95.6,92.1,97.9,98.3,--,--,4.5,4.1,5.1,5.8,4.8,4.1,3.4,1.8,5,4.1,4.3,7.6,4.1,7.6,2.1,1.1,--,--,0.2,0.2,0.2,0.6,0.1,0.3,0.1,0,0.4,0,0.2,0,0.3,0.3,0,0.6,--,--
2017,Rio de Janeiro,Total,Pública,85.8,89.2,81.8,93.2,93.5,81.3,88,91.6,79.3,79.3,83.2,87,78.8,70.7,79.5,89.8,84.4,86.4,12.4,9.8,15.6,5.5,5.7,17.7,10.9,7.3,17.7,18,14.4,10.8,16.2,22.6,15.8,7.4,14.8,10.8,1.8,1,2.6,1.3,0.8,1,1.1,1.1,3,2.7,2.4,2.2,5,6.7,4.7,2.8,0.8,2.8
2017,Rio de Janeiro,Urbana,Pública,85.9,89.4,82,93.4,93.6,81.5,88.1,91.7,79.7,79.4,83.2,87,78.5,70.4,79.3,89.7,84.4,86.4,12.3,9.5,15.4,5.3,5.4,17.4,10.8,7.2,17.3,17.8,14.3,10.8,16.4,22.8,16,7.5,14.8,10.8,1.8,1.1,2.6,1.3,1,1.1,1.1,1.1,3,2.8,2.5,2.2,5.1,6.8,4.7,2.8,0.8,2.8
2017,Rio de Janeiro,Rural,Pública,84.3,87.2,78.9,91.2,91.5,78.4,86.8,90.4,73.3,76.4,82.3,87.4,86,79.8,87.1,93.7,--,--,14.4,12.1,18.9,7.9,8.2,20.8,12.5,8.9,24.2,21.4,15.9,10.2,10.8,15.8,10.3,4.2,--,--,1.3,0.7,2.2,0.9,0.3,0.8,0.7,0.7,2.5,2.2,1.8,2.4,3.2,4.4,2.6,2.1,--,--
2017,São Paulo,Total,Total,96.5,98,94.4,99.3,98.8,95.1,98.7,98.4,94.4,95.6,95.3,92,88.3,83.4,88.4,93.9,96.3,92.9,2.9,1.8,4.4,0.5,1.1,4.8,1.1,1.4,4.7,3.6,3.6,6,8.4,12.4,8.2,4,3.3,6.4,0.6,0.2,1.2,0.2,0.1,0.1,0.2,0.2,0.9,0.8,1.1,2,3.3,4.2,3.4,2.1,0.4,0.7
2017,São Paulo,Urbana,Total,96.5,98,94.4,99.3,98.8,95.1,98.7,98.4,94.4,95.5,95.2,92,88.2,83.3,88.3,93.8,96.3,95,2.9,1.8,4.5,0.5,1.1,4.7,1.1,1.4,4.7,3.6,3.6,6.1,8.5,12.4,8.3,4,3.3,4.1,0.6,0.2,1.1,0.2,0.1,0.2,0.2,0.2,0.9,0.9,1.2,1.9,3.3,4.3,3.4,2.2,0.4,0.9
2017,São Paulo,Rural,Total,96.8,97.3,96,99.2,98.3,93.4,97.8,98,95.6,96.9,96.9,94.6,94.1,92.3,93.8,96.9,--,89,2.9,2.6,3.3,0.7,1.7,6.5,2.1,1.9,4.1,2.6,2.4,4.2,4.2,5.8,4.4,1.8,--,10.5,0.3,0.1,0.7,0.1,0,0.1,0.1,0.1,0.3,0.5,0.7,1.2,1.7,1.9,1.8,1.3,--,0.5
2017,São Paulo,Total,Federal,100,100,--,100,100,100,100,100,--,--,--,--,90,86.7,91.5,96.2,94.6,--,0,0,--,0,0,0,0,0,--,--,--,--,9.4,12.7,8,3.2,5.4,--,0,0,--,0,0,0,0,0,--,--,--,--,0.6,0.6,0.5,0.6,0,--
2017,São Paulo,Urbana,Federal,100,100,--,100,100,100,100,100,--,--,--,--,90,86.7,91.5,96.2,94.6,--,0,0,--,0,0,0,0,0,--,--,--,--,9.4,12.7,8,3.2,5.4,--,0,0,--,0,0,0,0,0,--,--,--,--,0.6,0.6,0.5,0.6,0,--
2017,São Paulo,Total,Estadual,95.2,98.5,93.7,99.1,99.4,95.6,99.4,99.3,93.9,96.4,95.2,89.1,86.6,81.3,86.6,92.8,0,92.1,3.5,1.1,4.7,0.4,0.3,4.1,0.3,0.4,5,2.5,3.3,8,9.5,13.6,9.3,4.7,100,6.9,1.3,0.4,1.6,0.5,0.3,0.3,0.3,0.3,1.1,1.1,1.5,2.9,3.9,5.1,4.1,2.5,0,1
2017,São Paulo,Urbana,Estadual,95.2,98.5,93.7,99.1,99.4,95.6,99.3,99.3,93.8,96.4,95.1,89.1,86.5,81.2,86.5,92.7,0,94.9,3.5,1.1,4.7,0.4,0.3,4.1,0.3,0.4,5.1,2.5,3.3,8.1,9.6,13.7,9.4,4.7,100,3.7,1.3,0.4,1.6,0.5,0.3,0.3,0.4,0.3,1.1,1.1,1.6,2.8,3.9,5.1,4.1,2.6,0,1.4
2017,São Paulo,Rural,Estadual,96.9,99,96.4,100,99.8,96.1,99.6,99.7,96.5,98.1,97.6,93.6,94,92.2,93.7,96.8,--,89,2.4,0.9,2.7,0,0.2,3.8,0.1,0.3,3.1,1.4,1.4,4.9,4.3,5.8,4.5,1.8,--,10.5,0.7,0.1,0.9,0,0,0.1,0.3,0,0.4,0.5,1,1.5,1.7,2,1.8,1.4,--,0.5
2017,São Paulo,Total,Municipal,96.5,97.4,93,99.2,98.4,93.6,98.3,97.9,93,91.8,93.2,94.7,93.3,89.6,93.8,96.9,97.9,--,3.2,2.4,6,0.6,1.5,6.3,1.5,1.9,6.2,7.2,5.7,4,6,9.5,5.5,2.6,0.8,--,0.3,0.2,1,0.2,0.1,0.1,0.2,0.2,0.8,1,1.1,1.3,0.7,0.9,0.7,0.5,1.3,--
2017,São Paulo,Urbana,Municipal,96.4,97.4,93,99.2,98.4,93.6,98.3,97.9,92.9,91.7,93.2,94.7,93.3,89.6,93.8,96.9,97.9,--,3.2,2.4,6,0.6,1.5,6.3,1.5,1.9,6.2,7.3,5.7,4.1,6,9.5,5.5,2.7,0.8,--,0.4,0.2,1,0.2,0.1,0.1,0.2,0.2,0.9,1,1.1,1.2,0.7,0.9,0.7,0.4,1.3,--
2017,São Paulo,Rural,Municipal,96.8,97.1,95.1,99.1,98.1,92.9,97.6,97.8,94,95,95.4,96.3,95,89.8,96.4,98.4,--,--,3.1,2.8,4.5,0.8,1.9,7,2.3,2.2,5.8,4.6,4.3,3,1.7,5.1,0,0,--,--,0.1,0.1,0.4,0.1,0,0.1,0.1,0,0.2,0.4,0.3,0.7,3.3,5.1,3.6,1.6,--,--
2017,São Paulo,Total,Privada,98.7,99.2,98,99.6,99.3,99,99.1,99.1,98.1,97.8,97.9,98.1,97.3,95.1,97.7,99.3,96.7,95.2,1.3,0.8,2,0.4,0.7,1,0.9,0.9,1.9,2.2,2.1,1.9,2.7,4.9,2.2,0.7,3.3,4.8,0,0,0,0,0,0,0,0,0,0,0,0,0,0,0.1,0,0,0
2017,São Paulo,Urbana,Privada,98.7,99.2,98,99.6,99.3,99,99.1,99.1,98.1,97.8,97.9,98.1,97.3,95.1,97.8,99.3,96.7,95.2,1.3,0.8,2,0.4,0.7,1,0.9,0.9,1.9,2.2,2.1,1.9,2.7,4.9,2.2,0.7,3.3,4.8,0,0,0,0,0,0,0,0,0,0,0,0,0,0,0,0,0,0
2017,São Paulo,Rural,Privada,98,98.6,97,99.1,99.5,97.6,98.3,98.6,96.2,97.5,98.3,96.1,96.3,93.1,96.6,99.6,--,--,2,1.4,3,0.9,0.5,2.4,1.7,1.4,3.8,2.5,1.7,3.9,3.7,6.9,3.4,0.4,--,--,0,0,0,0,0,0,0,0,0,0,0,0,0,0,0,0,--,--
2017,São Paulo,Total,Pública,95.9,97.7,93.5,99.2,98.6,94.1,98.6,98.2,93.6,95,94.6,90.4,86.7,81.5,86.7,92.8,96.1,92.1,3.4,2.1,5,0.6,1.2,5.7,1.2,1.5,5.4,3.9,4,7.1,9.4,13.6,9.3,4.6,3.3,6.9,0.7,0.2,1.5,0.2,0.2,0.2,0.2,0.3,1,1.1,1.4,2.5,3.9,4.9,4,2.6,0.6,1
2017,São Paulo,Urbana,Pública,95.9,97.7,93.5,99.2,98.7,94.1,98.6,98.2,93.6,95,94.6,90.3,86.6,81.3,86.6,92.8,96.1,94.9,3.4,2.1,5.1,0.6,1.2,5.7,1.2,1.5,5.4,3.9,4,7.2,9.5,13.7,9.3,4.7,3.3,3.7,0.7,0.2,1.4,0.2,0.1,0.2,0.2,0.3,1,1.1,1.4,2.5,3.9,5,4.1,2.5,0.6,1.4
2017,São Paulo,Rural,Pública,96.8,97.2,95.9,99.2,98.2,93.2,97.8,98,95.6,96.9,96.8,94.5,94,92.2,93.8,96.8,--,89,2.9,2.7,3.3,0.7,1.8,6.7,2.1,2,4.1,2.6,2.4,4.2,4.2,5.7,4.5,1.8,--,10.5,0.3,0.1,0.8,0.1,0,0.1,0.1,0,0.3,0.5,0.8,1.3,1.8,2.1,1.7,1.4,--,0.5
2017,Sul,Total,Total,90.8,94.7,86.2,98.8,96.5,89.9,94.2,94.6,84.9,84.7,86.5,89.3,79,71.6,80.1,87.8,91.8,91.2,8.3,5.1,12.2,1,3.3,9.9,5.5,5,13.7,13.8,11.8,8.7,14.1,20.3,12.9,6.9,4,5.7,0.9,0.2,1.6,0.2,0.2,0.2,0.3,0.4,1.4,1.5,1.7,2,6.9,8.1,7,5.3,4.2,3.1
2017,Sul,Urbana,Total,90.8,94.7,86.1,98.9,96.5,90,94.3,94.7,84.9,84.6,86.4,89.2,78.8,71.3,79.9,87.7,92,91.1,8.4,5,12.3,1,3.4,9.8,5.4,5,13.7,13.9,11.9,8.9,14.2,20.5,13.1,7,4.1,5.8,0.8,0.3,1.6,0.1,0.1,0.2,0.3,0.3,1.4,1.5,1.7,1.9,7,8.2,7,5.3,3.9,3.1
2017,Sul,Rural,Total,91.2,94.1,87.3,98.7,96.8,89.1,93.2,93.9,85,85.6,88,91.4,83.9,78.4,85.2,90.8,83.6,93.8,7.8,5.6,10.8,1.1,3,10.7,6.5,5.8,13.7,12.6,9.8,6.3,9.9,14.6,8.5,4.9,0.6,3.6,1,0.3,1.9,0.2,0.2,0.2,0.3,0.3,1.3,1.8,2.2,2.3,6.2,7,6.3,4.3,15.8,2.6
2017,Sul,Total,Federal,95.3,95.7,95.2,100,95.8,91.8,97.9,93.8,96.2,94.2,95.1,95.6,88.3,84.4,88.2,92.2,92.9,91.8,4.5,3.6,4.8,0,4.2,6.1,2.1,5.2,3.8,5.8,4.9,4.4,9.6,13.5,10.2,6,3.3,5.4,0.2,0.7,0,0,0,2.1,0,1,0,0,0,0,2.1,2.1,1.6,1.8,3.8,2.8
2017,Sul,Urbana,Federal,95.3,95.7,95.2,100,95.8,91.8,97.9,93.8,96.2,94.2,95.1,95.6,88.3,84.2,87.9,92,94.6,91.8,4.5,3.6,4.8,0,4.2,6.1,2.1,5.2,3.8,5.8,4.9,4.4,9.7,13.7,10.3,6.3,3.6,5.4,0.2,0.7,0,0,0,2.1,0,1,0,0,0,0,2,2.1,1.8,1.7,1.8,2.8
2017,Sul,Rural,Federal,--,--,--,--,--,--,--,--,--,--,--,--,88.4,86.1,90,93.6,77.8,--,--,--,--,--,--,--,--,--,--,--,--,--,8.7,12.2,9.3,4.6,0.7,--,--,--,--,--,--,--,--,--,--,--,--,--,2.9,1.7,0.7,1.8,21.5,--
2017,Sul,Total,Estadual,86.4,92.6,84.3,99.1,99.3,85.4,91.9,90.6,83.5,82.7,84.3,86.8,76.3,68.4,77.9,85.7,91.4,90.2,12,7,13.7,0.7,0.5,14.3,7.8,8.9,14.8,15.5,13.5,10.8,15.7,22.2,14.1,8,4.1,6.4,1.6,0.4,2,0.2,0.2,0.3,0.3,0.5,1.7,1.8,2.2,2.4,8,9.4,8,6.3,4.5,3.4
2017,Sul,Urbana,Estadual,86.2,92.7,84,99.2,99.3,85.2,91.9,90.7,83.3,82.4,84.1,86.5,76,68.1,77.6,85.5,91.5,89.7,12.2,7,14,0.5,0.5,14.5,7.7,8.9,15,15.7,13.8,11,15.9,22.5,14.4,8.1,4.2,6.9,1.6,0.3,2,0.3,0.2,0.3,0.4,0.4,1.7,1.9,2.1,2.5,8.1,9.4,8,6.4,4.3,3.4
2017,Sul,Rural,Estadual,89,92.4,87.5,97.6,98.3,87.2,91.3,90.3,86.3,85.9,88,89.9,83,77.2,84.2,90.1,89.9,93.8,9.4,7.1,10.4,1.8,1.4,12.4,8.1,9.1,12.2,12.1,9.6,7.4,10.2,15,8.7,5.2,0.4,3.6,1.6,0.5,2.1,0.6,0.3,0.4,0.6,0.6,1.5,2,2.4,2.7,6.8,7.8,7.1,4.7,9.7,2.6
2017,Sul,Total,Municipal,92.2,94.3,85.8,98.7,95.3,89.4,93.9,95,82.5,83.9,86.7,92.3,68.2,58.8,72.6,79.9,85.3,96,7.2,5.4,12.7,1.2,4.5,10.4,5.8,4.7,16,14.6,11.7,6.2,20.5,28,15.1,12.7,12.5,0,0.6,0.3,1.5,0.1,0.2,0.2,0.3,0.3,1.5,1.5,1.6,1.5,11.3,13.2,12.3,7.4,2.2,4
2017,Sul,Urbana,Municipal,92.2,94.3,85.7,98.6,95.2,89.4,93.9,95,82.4,83.8,86.6,92.1,66,57,70,77.5,85.3,96,7.3,5.4,12.9,1.2,4.6,10.4,5.8,4.6,16.1,14.8,11.9,6.4,22,29.3,16.6,14.4,12.5,0,0.5,0.3,1.4,0.2,0.2,0.2,0.3,0.4,1.5,1.4,1.5,1.5,12,13.7,13.4,8.1,2.2,4
2017,Sul,Rural,Municipal,92.4,94.5,86.9,98.9,96.5,89.5,93.7,94.7,83.3,85,87.8,93.4,83.8,74,87.1,96.6,--,--,7,5.3,11.4,0.9,3.4,10.4,6.1,5,15.5,13.3,10.2,4.7,9.7,17,6.7,1.4,--,--,0.6,0.2,1.7,0.2,0.1,0.1,0.2,0.3,1.2,1.7,2,1.9,6.5,9,6.2,2,--,--
2017,Sul,Total,Privada,98.2,99,97.2,99.4,98.9,98.6,99.1,99,97.8,96.9,96.9,97,96.1,93.8,96.2,98.4,98.4,88.3,1.8,1,2.8,0.6,1.1,1.4,0.9,1,2.1,3.1,3,2.9,3.7,6,3.6,1.5,0.8,6.9,0,0,0,0,0,0,0,0,0.1,0,0.1,0.1,0.2,0.2,0.2,0.1,0.8,4.8
2017,Sul,Urbana,Privada,98.3,99,97.2,99.4,98.9,98.6,99.1,99,97.8,96.9,97,97,96.1,93.9,96.2,98.4,98.4,88.3,1.7,1,2.8,0.6,1.1,1.4,0.9,1,2.2,3,3,2.9,3.7,5.9,3.6,1.5,0.8,6.9,0,0,0,0,0,0,0,0,0,0.1,0,0.1,0.2,0.2,0.2,0.1,0.8,4.8
2017,Sul,Rural,Privada,95.2,96.8,94.1,100,97.6,94.6,92,99,100,94.4,90.8,95,93.9,89.8,95.1,98.1,--,--,4.7,3.2,5.8,0,2.4,5.4,8,1,0,5.6,8.8,5,5.3,9.4,3.8,1.3,--,--,0.1,0,0.1,0,0,0,0,0,0,0,0.4,0,0.8,0.8,1.1,0.6,--,--
2017,Sul,Total,Pública,89.7,94,84.7,98.7,96.1,88.6,93.5,94,83.2,83.1,85.1,88.3,76.6,68.9,78.1,85.8,91.6,91.3,9.3,5.8,13.4,1.1,3.7,11.2,6.3,5.6,15.2,15.2,13,9.5,15.5,22,14,7.9,4,5.6,1,0.2,1.9,0.2,0.2,0.2,0.2,0.4,1.6,1.7,1.9,2.2,7.9,9.1,7.9,6.3,4.4,3.1
2017,Sul,Urbana,Pública,89.5,94,84.5,98.7,96,88.5,93.5,94,83.1,82.8,84.8,88,76.3,68.5,77.8,85.6,91.9,91.2,9.5,5.8,13.6,1.1,3.8,11.3,6.2,5.6,15.4,15.4,13.3,9.8,15.7,22.3,14.3,8.1,4.2,5.7,1,0.2,1.9,0.2,0.2,0.2,0.3,0.4,1.5,1.8,1.9,2.2,8,9.2,7.9,6.3,3.9,3.1
2017,Sul,Rural,Pública,91.2,94.1,87.2,98.7,96.8,89.1,93.2,93.8,84.9,85.5,88,91.3,83.6,78,84.9,90.5,83.6,93.8,7.8,5.6,10.9,1.1,3,10.7,6.5,5.8,13.7,12.7,9.8,6.3,10.1,14.8,8.7,5.1,0.6,3.6,1,0.3,1.9,0.2,0.2,0.2,0.3,0.4,1.4,1.8,2.2,2.4,6.3,7.2,6.4,4.4,15.8,2.6
2017,Paraná,Total,Total,91.7,95.3,87.4,98.3,93.6,91.2,95.8,97.8,88.3,86.7,86.4,88.1,81.5,75,80.9,88.8,95,95.9,7.4,4.6,10.6,1.6,6.4,8.7,4.1,2.1,10.1,11.5,11.5,9.3,11.7,16.9,11.7,6,3.3,0,0.9,0.1,2,0.1,0,0.1,0.1,0.1,1.6,1.8,2.1,2.6,6.8,8.1,7.4,5.2,1.7,4.1
2017,Paraná,Urbana,Total,91.6,95.4,87.2,98.4,93.7,91.3,96,98,88.2,86.6,86.2,87.9,81.3,74.7,80.7,88.7,95,95.9,7.4,4.5,10.8,1.5,6.2,8.6,3.9,1.9,10.2,11.6,11.7,9.5,11.8,17.1,11.9,6.1,3.3,0,1,0.1,2,0.1,0.1,0.1,0.1,0.1,1.6,1.8,2.1,2.6,6.9,8.2,7.4,5.2,1.7,4.1
2017,Paraná,Rural,Total,92.1,93.5,90.1,97.3,91.7,88.9,93.5,96.3,90.7,89.2,89.8,90.8,86,81.3,86,92,100,--,7,6.4,8,2.6,8.2,10.9,6.3,3.6,8.2,9.1,8.2,6.5,8.4,12.6,7.8,3.9,0,--,0.9,0.1,1.9,0.1,0.1,0.2,0.2,0.1,1.1,1.7,2,2.7,5.6,6.1,6.2,4.1,0,--
2017,Paraná,Total,Federal,98.3,--,98.3,--,--,--,--,--,94.6,100,100,97.8,91.7,90.8,90.6,91.9,93.2,95.7,1.7,--,1.7,--,--,--,--,--,5.4,0,0,2.2,6.9,8.6,8.1,6.8,5.5,0,0,--,0,--,--,--,--,--,0,0,0,0,1.4,0.6,1.3,1.3,1.3,4.3
2017,Paraná,Urbana,Federal,98.3,--,98.3,--,--,--,--,--,94.6,100,100,97.8,91.4,90.4,90,91.6,93.2,95.7,1.7,--,1.7,--,--,--,--,--,5.4,0,0,2.2,7.1,9,8.7,7,5.5,0,0,--,0,--,--,--,--,--,0,0,0,0,1.5,0.6,1.3,1.4,1.3,4.3
2017,Paraná,Rural,Federal,--,--,--,--,--,--,--,--,--,--,--,--,99.6,100,99.1,100,--,--,--,--,--,--,--,--,--,--,--,--,--,--,0,0,0,0,--,--,--,--,--,--,--,--,--,--,--,--,--,--,0.4,0,0.9,0,--,--
2017,Paraná,Total,Estadual,85.7,88.6,85.7,89.6,91.3,88.9,85.1,88.2,86.8,85,84.6,86.4,79,72,78.3,87,95,100,12,11,12,9.9,8.7,10.8,14.3,11.2,11.4,13,12.9,10.5,13.1,18.6,13.1,6.9,3.2,0,2.3,0.4,2.3,0.5,0,0.3,0.6,0.6,1.8,2,2.5,3.1,7.9,9.4,8.6,6.1,1.8,0
2017,Paraná,Urbana,Estadual,85.4,96.2,85.4,96,96.5,96.2,98,94.6,86.6,84.7,84.3,86.2,78.6,71.5,78,86.8,95,100,12.2,3.5,12.2,4,3.5,3.8,0.7,5.4,11.6,13.2,13.2,10.8,13.3,18.9,13.4,7.1,3.2,0,2.4,0.3,2.4,0,0,0,1.3,0,1.8,2.1,2.5,3,8.1,9.6,8.6,6.1,1.8,0
2017,Paraná,Rural,Estadual,89.9,86.4,90.1,87.9,89.7,87.2,81.2,86.2,90.9,89.2,89.8,90.7,85.6,80.8,85.6,91.7,100,--,8.3,13.2,8,11.5,10.3,12.5,18.4,13.1,8,9.1,8.2,6.5,8.6,12.8,8,4,0,--,1.8,0.4,1.9,0.6,0,0.3,0.4,0.7,1.1,1.7,2,2.8,5.8,6.4,6.4,4.3,0,--
2017,Paraná,Total,Municipal,94.6,94.7,90.4,98.2,92.8,90,95.3,97.7,88.4,88.1,90.3,95.9,100,--,100,--,--,--,5.3,5.2,8.7,1.7,7.1,10,4.6,2.2,11,10.6,8.5,3.6,0,--,0,--,--,--,0.1,0.1,0.9,0.1,0.1,0,0.1,0.1,0.6,1.3,1.2,0.5,0,--,0,--,--,--
2017,Paraná,Urbana,Municipal,94.7,94.8,90.7,98.2,92.8,90,95.4,97.7,88.7,88.3,90.6,96.1,100,--,100,--,--,--,5.2,5.1,8.3,1.6,7.1,9.9,4.5,2.1,10.6,10.3,8.1,3.4,0,--,0,--,--,--,0.1,0.1,1,0.2,0.1,0.1,0.1,0.2,0.7,1.4,1.3,0.5,0,--,0,--,--,--
2017,Paraná,Rural,Municipal,93.7,93.8,86.5,97.8,91.8,89,94.1,96.7,84.3,85,85.2,93.2,--,--,--,--,--,--,6.2,6,13.1,2.1,8.1,10.9,5.7,3.1,15.7,14.6,14.3,6.2,--,--,--,--,--,--,0.1,0.2,0.4,0.1,0.1,0.1,0.2,0.2,0,0.4,0.5,0.6,--,--,--,--,--,--
2017,Paraná,Total,Privada,98.3,98.8,97.7,99,98,98.7,99.1,99.2,98.3,97.7,97.3,97.6,96.6,94,96.7,98.9,99.2,100,1.7,1.2,2.3,1,2,1.3,0.9,0.8,1.7,2.3,2.7,2.4,3.3,5.9,3.1,1,0.8,0,0,0,0,0,0,0,0,0,0,0,0,0,0.1,0.1,0.2,0.1,0,0
2017,Paraná,Urbana,Privada,98.3,98.8,97.7,99,98,98.7,99.2,99.2,98.3,97.7,97.3,97.6,96.6,94,96.8,98.9,99.2,100,1.7,1.2,2.3,1,2,1.3,0.8,0.8,1.7,2.3,2.7,2.4,3.3,5.8,3.1,1,0.8,0,0,0,0,0,0,0,0,0,0,0,0,0,0.1,0.2,0.1,0.1,0,0
2017,Paraná,Rural,Privada,96.9,95.8,98.1,100,95.5,93.1,91.9,100,100,98.6,98.9,95.6,94,88.5,94.9,98.3,--,--,3.1,4.2,1.9,0,4.5,6.9,8.1,0,0,1.4,1.1,4.4,6,11.5,5.1,1.7,--,--,0,0,0,0,0,0,0,0,0,0,0,0,0,0,0,0,--,--
2017,Paraná,Total,Pública,90.6,94.7,85.8,98.2,92.8,90,95.2,97.6,86.8,85,84.8,86.6,79.2,72.4,78.5,87.1,94.9,95.7,8.3,5.2,11.9,1.7,7.2,10,4.7,2.3,11.4,12.9,12.8,10.4,12.9,18.4,13.1,6.9,3.4,0,1.1,0.1,2.3,0.1,0,0,0.1,0.1,1.8,2.1,2.4,3,7.9,9.2,8.4,6,1.7,4.3
2017,Paraná,Urbana,Pública,90.5,94.8,85.5,98.2,92.9,90,95.4,97.7,86.6,84.8,84.4,86.4,78.9,71.9,78.1,86.8,94.8,95.7,8.4,5.1,12.1,1.6,7.1,9.9,4.5,2.1,11.6,13.1,13.1,10.6,13.2,18.7,13.3,7.1,3.4,0,1.1,0.1,2.4,0.2,0,0.1,0.1,0.2,1.8,2.1,2.5,3,7.9,9.4,8.6,6.1,1.8,4.3
2017,Paraná,Rural,Pública,92.1,93.4,90.1,97.3,91.7,88.9,93.5,96.2,90.7,89.1,89.7,90.8,85.8,81.1,85.8,91.8,100,--,7.1,6.4,8.1,2.6,8.2,11,6.3,3.6,8.2,9.2,8.3,6.5,8.5,12.6,7.9,4,0,--,0.8,0.2,1.8,0.1,0.1,0.1,0.2,0.2,1.1,1.7,2,2.7,5.7,6.3,6.3,4.2,0,--
2017,Santa Catarina,Total,Total,93.8,96.5,90.4,99.2,97.7,93.3,97.5,95.5,88.9,89.1,90.9,93.3,83.6,78.1,87.5,87.5,91.1,92.6,5.8,3.4,8.7,0.7,2.2,6.6,2.5,4.3,10.3,10.1,8.2,5.5,10.1,15,7.4,5.3,2.6,6.3,0.4,0.1,0.9,0.1,0.1,0.1,0,0.2,0.8,0.8,0.9,1.2,6.3,6.9,5.1,7.2,6.3,1.1
2017,Santa Catarina,Urbana,Total,93.7,96.5,90.4,99.1,97.6,93.2,97.4,95.4,88.9,89,90.7,93.3,83.5,77.9,87.4,87.5,91.1,92.6,5.9,3.4,8.7,0.7,2.3,6.7,2.5,4.4,10.4,10.1,8.3,5.6,10.2,15.1,7.5,5.2,2.6,6.3,0.4,0.1,0.9,0.2,0.1,0.1,0.1,0.2,0.7,0.9,1,1.1,6.3,7,5.1,7.3,6.3,1.1
2017,Santa Catarina,Rural,Total,94.8,97,91.2,99.2,98.7,93.8,97.5,96.2,89.4,89.6,92.4,94,87.6,84.6,91.6,86.8,--,--,4.7,2.9,7.7,0.6,1.2,6.1,2.4,3.6,9.9,9.4,6.5,4.3,7.1,9.3,4.7,6.4,--,--,0.5,0.1,1.1,0.2,0.1,0.1,0.1,0.2,0.7,1,1.1,1.7,5.3,6.1,3.7,6.8,--,--
2017,Santa Catarina,Total,Federal,92.4,94.8,89.5,100,94.7,90.9,97.4,92,97.3,83.8,86.6,90.7,90.4,87.8,90.6,93.1,94.6,92.5,7.2,4.4,10.5,0,5.3,6.5,2.6,6.7,2.7,16.2,13.4,9.3,8.3,11.2,8.3,5.4,2.7,6.5,0.4,0.8,0,0,0,2.6,0,1.3,0,0,0,0,1.3,1,1.1,1.5,2.7,1
2017,Santa Catarina,Urbana,Federal,92.4,94.8,89.5,100,94.7,90.9,97.4,92,97.3,83.8,86.6,90.7,90.3,87.2,90.3,93.9,94.6,92.5,7.2,4.4,10.5,0,5.3,6.5,2.6,6.7,2.7,16.2,13.4,9.3,8.4,11.8,8.5,4.6,2.7,6.5,0.4,0.8,0,0,0,2.6,0,1.3,0,0,0,0,1.3,1,1.2,1.5,2.7,1
2017,Santa Catarina,Rural,Federal,--,--,--,--,--,--,--,--,--,--,--,--,91.7,93.8,93.3,85.8,--,--,--,--,--,--,--,--,--,--,--,--,--,--,7.3,5.3,6.3,12.2,--,--,--,--,--,--,--,--,--,--,--,--,--,--,1,0.9,0.4,2,--,--
2017,Santa Catarina,Total,Estadual,90.6,95.3,87.7,98.7,98.9,89.3,99.3,92.3,85.7,86.2,88.5,90.9,81.1,75.5,85.9,84.5,90,--,8.5,4.6,11,1.1,1,10.5,0.6,7.5,13.3,12.6,10.2,7.5,11.3,16.5,8.1,6.2,2.5,--,0.9,0.1,1.3,0.2,0.1,0.2,0.1,0.2,1,1.2,1.3,1.6,7.6,8,6,9.3,7.5,--
2017,Santa Catarina,Urbana,Estadual,90.5,95.2,87.6,98.7,98.9,89.1,99.3,92.1,85.5,86.1,88.3,90.8,81,75.3,85.7,84.5,90,--,8.6,4.7,11.1,1.1,1,10.8,0.6,7.6,13.4,12.8,10.3,7.7,11.4,16.6,8.2,6.2,2.5,--,0.9,0.1,1.3,0.2,0.1,0.1,0.1,0.3,1.1,1.1,1.4,1.5,7.6,8.1,6.1,9.3,7.5,--
2017,Santa Catarina,Rural,Estadual,92.3,96.6,89.3,99,99.2,92.3,99.4,94.6,87.2,87.4,90.7,92.4,86.3,82.7,90.8,85.9,--,--,6.8,3.3,9.3,0.8,0.7,7.6,0.6,5.3,11.8,11.2,7.8,5.6,7.4,10.1,4.8,5.1,--,--,0.9,0.1,1.4,0.2,0.1,0.1,0,0.1,1,1.4,1.5,2,6.3,7.2,4.4,9,--,--
2017,Santa Catarina,Total,Municipal,94.6,96.4,91.5,99.2,96.9,93.6,96.2,96.2,89.8,90.1,91.8,95.3,88.8,82.4,93.9,91.2,--,--,5,3.5,7.8,0.6,3,6.3,3.7,3.6,9.6,9.2,7.4,3.8,7.7,12.5,3.9,6.2,--,--,0.4,0.1,0.7,0.2,0.1,0.1,0.1,0.2,0.6,0.7,0.8,0.9,3.5,5.1,2.2,2.6,--,--
2017,Santa Catarina,Urbana,Municipal,94.5,96.3,91.3,99.2,96.7,93.5,96.1,96.2,89.7,89.9,91.6,95.3,88,81.7,92.6,91,--,--,5.2,3.6,7.9,0.7,3.2,6.4,3.8,3.7,9.7,9.3,7.7,3.9,8.3,12.7,4.9,6.6,--,--,0.3,0.1,0.8,0.1,0.1,0.1,0.1,0.1,0.6,0.8,0.7,0.8,3.7,5.6,2.5,2.4,--,--
2017,Santa Catarina,Rural,Municipal,95.9,97.1,92.9,99.3,98.6,94.2,97,96.7,91.2,91.7,94.1,95.5,92,85,97.4,92.3,--,--,3.8,2.8,6.3,0.5,1.4,5.7,2.9,3.1,8.3,7.7,5.1,3.1,5.6,11.7,1.3,3.8,--,--,0.3,0.1,0.8,0.2,0,0.1,0.1,0.2,0.5,0.6,0.8,1.4,2.4,3.3,1.3,3.9,--,--
2017,Santa Catarina,Total,Privada,98.8,99.4,97.8,99.5,99.3,99.3,99.6,99.4,98.6,97.6,97.5,97.4,96.6,94.8,97.2,98,96.5,95.7,1.2,0.6,2.1,0.4,0.7,0.7,0.4,0.6,1.4,2.3,2.4,2.5,3.2,5,2.6,1.7,1.8,0,0,0,0.1,0.1,0,0,0,0,0,0.1,0.1,0.1,0.2,0.2,0.2,0.3,1.7,4.3
2017,Santa Catarina,Urbana,Privada,98.8,99.4,97.8,99.5,99.3,99.3,99.6,99.4,98.6,97.6,97.5,97.4,96.6,94.8,97.2,98,96.5,95.7,1.2,0.6,2.1,0.4,0.7,0.7,0.4,0.6,1.4,2.3,2.4,2.5,3.2,5,2.6,1.7,1.8,0,0,0,0.1,0.1,0,0,0,0,0,0.1,0.1,0.1,0.2,0.2,0.2,0.3,1.7,4.3
2017,Santa Catarina,Rural,Privada,97,100,94.6,100,100,100,100,100,100,100,80,100,97.1,94.6,98.8,100,--,--,2.4,0,4.3,0,0,0,0,0,0,0,16,0,2.1,3.6,1.2,0,--,--,0.6,0,1.1,0,0,0,0,0,0,0,4,0,0.8,1.8,0,0,--,--
2017,Santa Catarina,Total,Pública,93,96.1,89.5,99.1,97.4,92.4,97.1,95,87.7,88,90,92.8,81.6,76.1,86.1,85,91,92.5,6.4,3.8,9.5,0.8,2.5,7.5,2.8,4.8,11.4,11,8.9,5.9,11.2,16.2,8.1,6.1,2.6,6.5,0.6,0.1,1,0.1,0.1,0.1,0.1,0.2,0.9,1,1.1,1.3,7.2,7.7,5.8,8.9,6.4,1
2017,Santa Catarina,Urbana,Pública,92.9,96,89.3,99.1,97.3,92.2,97.1,94.8,87.6,87.9,89.8,92.7,81.4,75.8,85.9,84.9,91,92.5,6.6,3.9,9.6,0.8,2.6,7.7,2.8,5,11.6,11.1,9.1,6.1,11.3,16.4,8.2,6.1,2.6,6.5,0.5,0.1,1.1,0.1,0.1,0.1,0.1,0.2,0.8,1,1.1,1.2,7.3,7.8,5.9,9,6.4,1
2017,Santa Catarina,Rural,Pública,94.7,97,91.2,99.2,98.7,93.8,97.5,96.2,89.4,89.6,92.4,94,87.2,84.1,91.4,86.1,--,--,4.8,2.9,7.7,0.6,1.2,6.1,2.4,3.6,9.9,9.4,6.4,4.3,7.3,9.5,4.9,6.8,--,--,0.5,0.1,1.1,0.2,0.1,0.1,0.1,0.2,0.7,1,1.2,1.7,5.5,6.4,3.7,7.1,--,--
2017,Rio Grande do Sul,Total,Total,88,92.9,82.3,99.2,99.2,86.4,90.4,90.7,79.1,79.9,83.8,88.2,72.8,63.9,72.8,86.4,87.3,88.2,11,6.7,16,0.5,0.6,13.2,9.1,8.6,19.3,18.4,14.4,10.1,19.7,27.1,19.1,9.1,5.8,8.5,1,0.4,1.7,0.3,0.2,0.4,0.5,0.7,1.6,1.7,1.8,1.7,7.5,9,8.1,4.5,6.9,3.3
2017,Rio Grande do Sul,Urbana,Total,87.9,92.9,82.1,99.2,99.2,86.3,90.4,90.6,78.9,79.7,83.6,87.9,72.6,63.6,72.4,86.2,87.7,87.8,11.1,6.7,16.2,0.5,0.6,13.2,9.1,8.7,19.5,18.7,14.6,10.5,19.9,27.4,19.4,9.2,6.4,8.9,1,0.4,1.7,0.3,0.2,0.5,0.5,0.7,1.6,1.6,1.8,1.6,7.5,9,8.2,4.6,5.9,3.3
2017,Rio Grande do Sul,Rural,Total,88.9,92.9,84,99.3,99.3,86.5,90.6,91,80.2,81.9,85,90.5,79.3,71.4,79.9,89.9,83.2,93.8,9.9,6.7,13.7,0.3,0.5,13.2,9,8.4,18.1,15.9,12.2,7,13.2,20,12,6.3,0.6,3.6,1.2,0.4,2.3,0.4,0.2,0.3,0.4,0.6,1.7,2.2,2.8,2.5,7.5,8.6,8.1,3.8,16.2,2.6
2017,Rio Grande do Sul,Total,Federal,95.9,99,95.6,100,100,95.2,100,100,96.5,94.6,95.5,95.8,84.9,78.6,85,91.8,91.9,86,4.1,1,4.4,0,0,4.8,0,0,3.5,5.4,4.5,4.2,12,17.8,12.7,6.1,2.7,11.3,0,0,0,0,0,0,0,0,0,0,0,0,3.1,3.6,2.3,2.1,5.4,2.7
2017,Rio Grande do Sul,Urbana,Federal,95.9,99,95.6,100,100,95.2,100,100,96.5,94.6,95.5,95.8,84.5,77.7,84.3,90.7,95.4,86,4.1,1,4.4,0,0,4.8,0,0,3.5,5.4,4.5,4.2,12.5,18.3,13,7.1,3.2,11.3,0,0,0,0,0,0,0,0,0,0,0,0,3,4,2.7,2.2,1.4,2.7
2017,Rio Grande do Sul,Rural,Federal,--,--,--,--,--,--,--,--,--,--,--,--,86.4,82.1,87.4,95.5,77.8,--,--,--,--,--,--,--,--,--,--,--,--,--,10,15.8,11.8,2.6,0.7,--,--,--,--,--,--,--,--,--,--,--,--,--,3.6,2.1,0.8,1.9,21.5,--
2017,Rio Grande do Sul,Total,Estadual,84.8,91.4,79,99.4,99.5,83.4,88.3,89.8,75.6,76,80.9,84.5,69.9,60.4,70.9,84.3,85.3,90.2,14.1,8.1,19.2,0.3,0.2,16.1,11.2,9.6,22.8,22.2,17,13.6,21.7,29.6,20.3,10.4,6.9,6.4,1.1,0.5,1.8,0.3,0.3,0.5,0.5,0.6,1.6,1.8,2.1,1.9,8.4,10,8.8,5.3,7.8,3.4
2017,Rio Grande do Sul,Urbana,Estadual,84.6,91.4,78.7,99.5,99.5,83.3,88.3,89.9,75.3,75.6,80.6,84.3,69.7,60.2,70.7,84.1,85.1,89.6,14.3,8.2,19.6,0.3,0.2,16.3,11.3,9.5,23.2,22.6,17.4,13.9,21.9,29.8,20.5,10.5,7.3,6.9,1.1,0.4,1.7,0.2,0.3,0.4,0.4,0.6,1.5,1.8,2,1.8,8.4,10,8.8,5.4,7.6,3.5
2017,Rio Grande do Sul,Rural,Estadual,86.6,91.3,82.4,98.4,99.1,84.8,88.7,88.8,79.3,80.5,83.8,87.1,76.5,67.6,76.9,87.7,89.5,93.8,11.6,8,14.7,0.8,0.4,14.6,10.4,10.3,18.6,17,12.7,9.8,14.7,21.7,12.7,7.7,0.4,3.6,1.8,0.7,2.9,0.8,0.5,0.6,0.9,0.9,2.1,2.5,3.5,3.1,8.8,10.7,10.4,4.6,10.1,2.6
2017,Rio Grande do Sul,Total,Municipal,88.1,92.2,82.2,99,98.8,85.4,89.7,89.5,78.3,80.1,83.5,90.2,64.7,55.7,67.6,77.6,85.3,96,10.8,7.3,15.8,0.7,0.9,14.1,9.7,9.7,19.8,18,14.4,7.9,22.6,30,17.7,14,12.5,0,1.1,0.5,2,0.3,0.3,0.5,0.6,0.8,1.9,1.9,2.1,1.9,12.7,14.3,14.7,8.4,2.2,4
2017,Rio Grande do Sul,Urbana,Municipal,87.7,92,81.8,98.9,98.7,85.1,89.5,89.1,77.9,79.7,83.1,89.7,62.7,54.2,65.7,74.7,85.3,96,11.1,7.5,16.2,0.7,0.9,14.4,9.9,10,20.1,18.4,14.9,8.4,24,31.2,18.8,16,12.5,0,1.2,0.5,2,0.4,0.4,0.5,0.6,0.9,2,1.9,2,1.9,13.3,14.6,15.5,9.3,2.2,4
2017,Rio Grande do Sul,Rural,Municipal,89.9,93.5,84.8,99.6,99.4,87,91.3,91.8,80.6,82.5,85.6,92.6,81,70.7,81.8,97.5,--,--,9.1,6.3,13.2,0.2,0.5,12.7,8.5,7.7,17.9,15.4,11.9,5.3,11.2,18.5,9.5,0.8,--,--,1,0.2,2,0.2,0.1,0.3,0.2,0.5,1.5,2.1,2.5,2.1,7.8,10.8,8.7,1.7,--,--
2017,Rio Grande do Sul,Total,Privada,97.8,99,96,99.8,99.7,98.1,98.8,98.4,96.7,95.4,96,96,94.8,92.8,93,97.7,97.3,84.9,2.2,1,3.9,0.1,0.3,1.9,1.2,1.5,3.2,4.5,3.9,3.9,4.9,6.8,6.7,2.1,0,9.4,0,0,0.1,0.1,0,0,0,0.1,0.1,0.1,0.1,0.1,0.3,0.4,0.3,0.2,2.7,5.7
2017,Rio Grande do Sul,Urbana,Privada,97.8,99,96.1,99.8,99.7,98.1,98.8,98.4,96.7,95.5,96.1,96,94.9,92.9,93,97.7,97.3,84.9,2.1,1,3.9,0.1,0.3,1.9,1.2,1.5,3.2,4.5,3.8,3.9,4.9,6.8,6.7,2.1,0,9.4,0.1,0,0,0.1,0,0,0,0.1,0.1,0,0.1,0.1,0.2,0.3,0.3,0.2,2.7,5.7
2017,Rio Grande do Sul,Rural,Privada,92.9,97.2,91.1,100,100,95.3,88.2,96.9,100,91.1,88,92.9,92.4,88.3,93.6,97.4,--,--,7.1,2.8,8.9,0,0,4.7,11.8,3.1,0,8.9,12,7.1,6.2,10.8,4.1,1.3,--,--,0,0,0,0,0,0,0,0,0,0,0,0,1.4,0.9,2.3,1.3,--,--
2017,Rio Grande do Sul,Total,Pública,86.6,91.9,80.6,99.1,99.1,84.6,89.2,89.6,77,78.1,82.2,87.1,70.5,61,71.4,84.5,87.1,88.5,12.2,7.6,17.5,0.5,0.6,14.9,10.3,9.6,21.2,20,15.7,11,21.3,29.2,19.9,10.3,5.9,8.5,1.2,0.5,1.9,0.4,0.3,0.5,0.5,0.8,1.8,1.9,2.1,1.9,8.2,9.8,8.7,5.2,7,3
2017,Rio Grande do Sul,Urbana,Pública,86.3,91.8,80.2,99.1,99,84.4,89,89.4,76.7,77.6,81.8,86.7,70.1,60.6,71,84.2,87.5,88,12.6,7.7,17.9,0.6,0.7,15.1,10.4,9.8,21.6,20.5,16.2,11.5,21.6,29.5,20.3,10.4,6.5,8.8,1.1,0.5,1.9,0.3,0.3,0.5,0.6,0.8,1.7,1.9,2,1.8,8.3,9.9,8.7,5.4,6,3.2
2017,Rio Grande do Sul,Rural,Pública,88.9,92.9,83.9,99.3,99.3,86.5,90.6,91,80.1,81.8,84.9,90.5,78.8,70.7,79.3,89.6,83.2,93.8,9.9,6.7,13.8,0.3,0.5,13.2,9,8.4,18.2,15.9,12.2,7,13.6,20.4,12.4,6.5,0.6,3.6,1.2,0.4,2.3,0.4,0.2,0.3,0.4,0.6,1.7,2.3,2.9,2.5,7.6,8.9,8.3,3.9,16.2,2.6
2017,Centro-Oeste,Total,Total,93.8,95.5,91.7,98.9,96.2,92.4,94.6,95.7,90.7,91.3,92.8,92,83.9,76.9,86.3,91.2,89.1,78.5,5.3,4.1,6.7,0.7,3.5,7.3,5,3.8,7.9,7.1,5.5,6,10.5,15.6,8.8,5.1,1.4,12.5,0.9,0.4,1.6,0.4,0.3,0.3,0.4,0.5,1.4,1.6,1.7,2,5.6,7.5,4.9,3.7,9.5,9
2017,Centro-Oeste,Urbana,Total,93.9,95.7,91.8,99,96.4,92.6,94.9,95.9,90.9,91.3,92.9,92,84.1,77.1,86.4,91.3,87.5,81,5.2,4,6.6,0.7,3.3,7.1,4.8,3.7,7.7,7.1,5.5,6.1,10.4,15.5,8.7,5.1,1.7,10.5,0.9,0.3,1.6,0.3,0.3,0.3,0.3,0.4,1.4,1.6,1.6,1.9,5.5,7.4,4.9,3.6,10.8,8.5
2017,Centro-Oeste,Rural,Total,92,93.2,90.4,98.1,93.5,89.9,92.2,93,87.6,90.2,92.6,91.7,80,73.5,83.5,89.9,98.9,74.9,6.4,5.9,7.1,1,5.7,9.3,6.9,5.9,10.1,7.4,4.6,5.5,12.1,16.8,9.9,5.1,0,15.3,1.6,0.9,2.5,0.9,0.8,0.8,0.9,1.1,2.3,2.4,2.8,2.8,7.9,9.7,6.6,5,1.1,9.8
2017,Centro-Oeste,Total,Federal,95.8,95.3,95.9,97.4,95,98.3,96.6,89.8,93.1,94.5,99.1,95.4,89.3,84.4,92.9,95.7,87.6,86.9,4.1,4.7,4,2.6,5,1.7,3.4,10.2,6.9,5.5,0.9,4.4,8.7,14.3,6.2,3.2,1.4,8.3,0.1,0,0.1,0,0,0,0,0,0,0,0,0.2,2,1.3,0.9,1.1,11,4.8
2017,Centro-Oeste,Urbana,Federal,95.8,95.3,95.9,97.4,95,98.3,96.6,89.8,93.1,94.5,99.1,95.4,89.8,85.6,92.7,95.4,87.6,88,4.1,4.7,4,2.6,5,1.7,3.4,10.2,6.9,5.5,0.9,4.4,8.1,13.3,6.3,3.4,1.4,7.3,0.1,0,0.1,0,0,0,0,0,0,0,0,0.2,2.1,1.1,1,1.2,11,4.7
2017,Centro-Oeste,Rural,Federal,--,--,--,--,--,--,--,--,--,--,--,--,87.5,80.9,93.6,97.1,--,82.4,--,--,--,--,--,--,--,--,--,--,--,--,10.9,17.5,5.9,2.5,--,12.7,--,--,--,--,--,--,--,--,--,--,--,--,1.6,1.6,0.5,0.4,--,4.9
2017,Centro-Oeste,Total,Estadual,92.3,94.8,91,98.6,96.3,89,96.2,95,90,90.7,92.5,90.7,81.5,74.1,84.2,89.8,91,73.3,6.2,4.9,6.9,1.1,3.4,10.7,3.4,4.6,8.1,7.2,5.5,6.9,11.7,17.1,9.9,5.9,1.4,15.1,1.5,0.3,2.1,0.3,0.3,0.3,0.4,0.4,1.9,2.1,2,2.4,6.8,8.8,5.9,4.3,7.6,11.6
2017,Centro-Oeste,Urbana,Estadual,92.2,94.8,90.9,98.6,96.3,88.9,96.2,95.1,89.9,90.6,92.4,90.7,81.8,74.2,84.4,89.8,87.1,73.1,6.3,4.9,7,1.1,3.4,10.8,3.5,4.6,8.1,7.3,5.6,6.9,11.7,17.1,9.8,5.9,2.2,14.3,1.5,0.3,2.1,0.3,0.3,0.3,0.3,0.3,2,2.1,2,2.4,6.5,8.7,5.8,4.3,10.7,12.6
2017,Centro-Oeste,Rural,Estadual,93.3,95,91.8,99,96.4,89.9,97,93.9,90.6,92.1,94,90.4,77.8,71.2,80.9,88.2,98.9,73.5,5.4,4.6,6,0.8,3.2,9.7,2.5,5.6,7.8,6,3.4,6.9,12.8,17.2,11,5.7,0,15.8,1.3,0.4,2.2,0.2,0.4,0.4,0.5,0.5,1.6,1.9,2.6,2.7,9.4,11.6,8.1,6.1,1.1,10.7
2017,Centro-Oeste,Total,Municipal,93.3,94.6,89.6,98.9,95.1,91.9,92.6,95.1,88.3,88.7,90.6,92.1,90.4,85.9,92.2,96.2,--,--,5.9,4.9,8.8,0.6,4.5,7.8,6.9,4.3,10.4,9.6,7.7,5.8,5.5,9.2,3,2.2,--,--,0.8,0.5,1.6,0.5,0.4,0.3,0.5,0.6,1.3,1.7,1.7,2.1,4.1,4.9,4.8,1.6,--,--
2017,Centro-Oeste,Urbana,Municipal,93.6,94.9,89.7,99,95.4,92.1,92.9,95.4,88.8,88.8,90.4,92,89.3,84.1,91.4,95.3,--,--,5.7,4.7,8.9,0.6,4.3,7.6,6.7,4.1,10.2,9.8,8.1,6.2,5.8,9.9,2.6,2.7,--,--,0.7,0.4,1.4,0.4,0.3,0.3,0.4,0.5,1,1.4,1.5,1.8,4.9,6,6,2,--,--
2017,Centro-Oeste,Rural,Municipal,91.3,92.5,89.2,97.8,92.6,89.8,90.5,92.7,85.7,88.4,91.3,92.7,93.3,90.3,93.6,100,--,--,6.9,6.4,7.9,1.1,6.5,9.3,8.4,6.1,11.5,8.7,5.6,4.3,4.8,7.5,3.8,0,--,--,1.8,1.1,2.9,1.1,0.9,0.9,1.1,1.2,2.8,2.9,3.1,3,1.9,2.2,2.6,0,--,--
2017,Centro-Oeste,Total,Privada,98.4,99.2,97.4,99.4,99.4,99.2,99,99,97.7,97.2,97.3,97.2,95.8,93.4,96.5,98,--,100,1.5,0.7,2.5,0.5,0.5,0.7,0.9,1,2.2,2.7,2.6,2.7,3.9,6.3,3.2,1.8,--,0,0.1,0.1,0.1,0.1,0.1,0.1,0.1,0,0.1,0.1,0.1,0.1,0.3,0.3,0.3,0.2,--,0
2017,Centro-Oeste,Urbana,Privada,98.4,99.2,97.4,99.4,99.4,99.2,99,99,97.7,97.2,97.3,97.2,95.9,93.4,96.5,98,--,100,1.5,0.7,2.5,0.5,0.5,0.7,0.9,1,2.2,2.7,2.6,2.7,3.9,6.3,3.2,1.8,--,0,0.1,0.1,0.1,0.1,0.1,0.1,0.1,0,0.1,0.1,0.1,0.1,0.2,0.3,0.3,0.2,--,0
2017,Centro-Oeste,Rural,Privada,97,98.4,96.2,100,100,99.4,98.8,95,94,97.6,97,95.1,95.2,93.1,95.4,97.4,--,--,3,1.6,3.8,0,0,0.6,1.2,5,6,2.4,3,4.9,4.4,6.9,3.9,1.9,--,--,0,0,0,0,0,0,0,0,0,0,0,0,0.4,0,0.7,0.7,--,--
2017,Centro-Oeste,Total,Pública,92.8,94.7,90.6,98.8,95.4,91,93.8,95,89.4,90.1,92,91,81.9,74.4,84.5,89.9,89.1,78.3,6,4.9,7.5,0.7,4.2,8.7,5.8,4.4,9,7.9,6,6.7,11.6,17,9.8,5.8,1.4,12.6,1.2,0.4,1.9,0.5,0.4,0.3,0.4,0.6,1.6,2,2,2.3,6.5,8.6,5.7,4.3,9.5,9.1
2017,Centro-Oeste,Urbana,Pública,92.9,94.9,90.6,98.9,95.7,91.1,93.9,95.3,89.5,90.1,91.9,91,82,74.6,84.6,90,87.5,80.8,6,4.8,7.5,0.7,4,8.6,5.7,4.2,8.8,8,6.2,6.8,11.5,17,9.7,5.8,1.7,10.7,1.1,0.3,1.9,0.4,0.3,0.3,0.4,0.5,1.7,1.9,1.9,2.2,6.5,8.4,5.7,4.2,10.8,8.5
2017,Centro-Oeste,Rural,Pública,91.9,93.1,90.3,98.1,93.5,89.8,92.1,93,87.6,90,92.5,91.6,79.3,72.7,82.8,89.3,98.9,74.9,6.4,5.9,7.1,1,5.7,9.4,6.9,5.9,10.1,7.5,4.7,5.5,12.5,17.2,10.2,5.3,0,15.3,1.7,1,2.6,0.9,0.8,0.8,1,1.1,2.3,2.5,2.8,2.9,8.2,10.1,7,5.4,1.1,9.8
2017,Mato Grosso do Sul,Total,Total,89.1,90.9,86.7,98.7,86.2,87.8,90.6,92.5,83.4,86,88.6,89.3,80.6,75.5,83,86.4,83.9,83.4,9.5,8.5,10.7,0.8,13.4,11.8,8.8,6.6,14.5,11.4,9.1,7.3,11.7,15.3,10,7.4,2.7,10.9,1.4,0.6,2.6,0.5,0.4,0.4,0.6,0.9,2.1,2.6,2.3,3.4,7.7,9.2,7,6.2,13.4,5.7
2017,Mato Grosso do Sul,Urbana,Total,89.6,91.5,87.1,98.9,86.7,88.7,91.4,93.2,84.2,86.3,88.9,89.3,80.8,75.6,83.4,86.5,83.9,83.8,9.1,8,10.6,0.7,12.9,11,8.2,6.1,14,11.2,9.1,7.5,11.7,15.5,9.9,7.4,2.7,10.3,1.3,0.5,2.3,0.4,0.4,0.3,0.4,0.7,1.8,2.5,2,3.2,7.5,8.9,6.7,6.1,13.4,5.9
2017,Mato Grosso do Sul,Rural,Total,85,86,83.4,97.4,82,81.3,84.9,87.3,77.6,82.7,86.1,90.2,78.5,74.4,78,84.9,--,81.3,12.2,12.3,12.2,1.3,16.6,17.1,13,10.6,18,13,9,6,11,12.5,10.2,7.3,--,14.1,2.8,1.7,4.4,1.3,1.4,1.6,2.1,2.1,4.4,4.3,4.9,3.8,10.5,13.1,11.8,7.8,--,4.6
2017,Mato Grosso do Sul,Total,Federal,94.6,--,94.6,--,--,--,--,--,91.5,93.3,98.5,94.3,87,88.6,88.6,95.1,--,86.5,5.4,--,5.4,--,--,--,--,--,8.5,6.7,1.5,5.7,8.5,11.4,11.4,4.9,--,8.4,0,--,0,--,--,--,--,--,0,0,0,0,4.5,0,0,0,--,5.1
2017,Mato Grosso do Sul,Urbana,Federal,94.6,--,94.6,--,--,--,--,--,91.5,93.3,98.5,94.3,88,88.6,88.6,95.1,--,87.6,5.4,--,5.4,--,--,--,--,--,8.5,6.7,1.5,5.7,7.7,11.4,11.4,4.9,--,7.4,0,--,0,--,--,--,--,--,0,0,0,0,4.3,0,0,0,--,5
2017,Mato Grosso do Sul,Rural,Federal,--,--,--,--,--,--,--,--,--,--,--,--,82.4,--,--,--,--,82.4,--,--,--,--,--,--,--,--,--,--,--,--,12.7,--,--,--,--,12.7,--,--,--,--,--,--,--,--,--,--,--,--,4.9,--,--,--,--,4.9
2017,Mato Grosso do Sul,Total,Estadual,87.4,90.7,85.6,99.6,84.9,87.7,90.6,92.8,81.9,85.8,87.6,86.9,78.6,73.7,81.3,84.8,83.9,76.6,10,8.8,10.7,0.1,14.7,11.8,8.7,6.4,15.4,10.3,9.1,8.4,12.7,16.2,10.7,8.2,2.7,16.3,2.6,0.5,3.7,0.3,0.4,0.5,0.7,0.8,2.7,3.9,3.3,4.7,8.7,10.1,8,7,13.4,7.1
2017,Mato Grosso do Sul,Urbana,Estadual,87.4,90.7,85.6,99.6,85.1,87.6,90.6,92.8,81.9,85.7,87.7,86.8,78.7,73.7,81.7,84.9,83.9,76.4,10,8.7,10.7,0,14.5,11.9,8.8,6.3,15.4,10.4,9.1,8.5,12.8,16.4,10.7,8.2,2.7,15.9,2.6,0.6,3.7,0.4,0.4,0.5,0.6,0.9,2.7,3.9,3.2,4.7,8.5,9.9,7.6,6.9,13.4,7.7
2017,Mato Grosso do Sul,Rural,Estadual,87.6,90.6,85.3,99.6,82.6,88.4,91.5,92.7,81.3,86.1,85.3,88.7,76.7,73,76.4,83.9,--,77.5,9.6,8.8,10.1,0.2,17.3,10.8,7.3,6.7,16,10,7.9,6.1,11.1,12.6,10.7,7.7,--,18.7,2.8,0.6,4.6,0.2,0.1,0.8,1.2,0.6,2.7,3.9,6.8,5.2,12.2,14.4,12.9,8.4,--,3.8
2017,Mato Grosso do Sul,Total,Municipal,88.3,89.6,85.4,98.4,84.5,86,89.2,91.3,82,83.8,87.6,91.5,97.5,96.5,97.4,100,--,--,10.7,9.8,12.8,1,15,13.5,10.1,7.7,16.1,14.3,10.8,6.8,2.5,3.5,2.6,0,--,--,1,0.6,1.8,0.6,0.5,0.5,0.7,1,1.9,1.9,1.6,1.7,0,0,0,0,--,--
2017,Mato Grosso do Sul,Urbana,Municipal,89.1,90.4,86.1,98.6,84.9,87.1,90.2,92.3,83.3,84.4,87.9,91.7,--,--,--,--,--,--,10.3,9.2,12.7,0.9,14.7,12.6,9.4,7,15.5,14.3,11.1,7,--,--,--,--,--,--,0.6,0.4,1.2,0.5,0.4,0.3,0.4,0.7,1.2,1.3,1,1.3,--,--,--,--,--,--
2017,Mato Grosso do Sul,Rural,Municipal,84.2,85.2,82.6,97,81.7,80.1,83.7,86.3,76.3,81.3,86.2,90.9,97.5,96.5,97.4,100,--,--,12.9,12.9,13,1.4,16.6,18.2,14,11.3,18.7,14.2,9.4,5.8,2.5,3.5,2.6,0,--,--,2.9,1.9,4.4,1.6,1.7,1.7,2.3,2.4,5,4.5,4.4,3.3,0,0,0,0,--,--
2017,Mato Grosso do Sul,Total,Privada,98.3,98.8,97.4,99.3,98.4,98.6,99,99,97.8,97.2,97.4,97.1,95.6,93.3,96.2,98.1,--,100,1.6,1.1,2.6,0.6,1.6,1.2,1,1,2.2,2.8,2.6,2.8,4.1,6.6,3.6,1.6,--,0,0.1,0.1,0,0.1,0,0.2,0,0,0,0,0,0.1,0.3,0.1,0.2,0.3,--,0
2017,Mato Grosso do Sul,Urbana,Privada,98.3,98.8,97.5,99.3,98.4,98.6,99,99,97.9,97.2,97.6,97.3,95.9,93.7,96.3,98.2,--,100,1.6,1.1,2.5,0.6,1.6,1.2,1,1,2.1,2.8,2.4,2.6,3.9,6.2,3.5,1.5,--,0,0.1,0.1,0,0.1,0,0.2,0,0,0,0,0,0.1,0.2,0.1,0.2,0.3,--,0
2017,Mato Grosso do Sul,Rural,Privada,94.7,98.8,91.7,100,100,100,98.6,97.1,89.5,97.6,91.7,88,90.6,85.7,93.2,96.3,--,--,5.3,1.2,8.3,0,0,0,1.4,2.9,10.5,2.4,8.3,12,9.1,14.3,5.9,3.7,--,--,0,0,0,0,0,0,0,0,0,0,0,0,0.3,0,0.9,0,--,--
2017,Mato Grosso do Sul,Total,Pública,88,89.8,85.6,98.6,84.6,86.4,89.6,91.7,81.9,84.9,87.6,88.5,79,73.8,81.4,84.9,83.9,83.2,10.4,9.5,11.6,0.8,14.9,13.1,9.8,7.3,15.8,12.2,9.8,7.8,12.5,16.2,10.7,8.2,2.7,11.1,1.6,0.7,2.8,0.6,0.5,0.5,0.6,1,2.3,2.9,2.6,3.7,8.5,10,7.9,6.9,13.4,5.7
2017,Mato Grosso do Sul,Urbana,Pública,88.4,90.4,85.8,98.8,85,87.3,90.3,92.5,82.6,85.2,87.9,88.3,79.1,73.8,81.7,84.9,83.9,83.6,10.2,9.1,11.5,0.8,14.6,12.4,9.3,6.8,15.4,12.1,9.9,8,12.6,16.4,10.8,8.2,2.7,10.5,1.4,0.5,2.7,0.4,0.4,0.3,0.4,0.7,2,2.7,2.2,3.7,8.3,9.8,7.5,6.9,13.4,5.9
2017,Mato Grosso do Sul,Rural,Pública,84.8,85.9,83.3,97.4,81.8,81.1,84.7,87.2,77.4,82.4,86,90.2,77.7,73.6,76.9,84.2,--,81.3,12.3,12.4,12.3,1.3,16.7,17.3,13.2,10.7,18.1,13.2,9,5.9,11.1,12.4,10.5,7.6,--,14.1,2.9,1.7,4.4,1.3,1.5,1.6,2.1,2.1,4.5,4.4,5,3.9,11.2,14,12.6,8.2,--,4.6
2017,Mato Grosso,Total,Total,97,98.1,95.6,99.4,99.4,96.3,97.5,98,96.4,97.2,96.9,91.8,73.3,62.6,77.7,87,98.3,72.5,2.3,1.7,3.2,0.3,0.4,3.5,2.3,1.7,3,1.8,1.6,6.3,16.5,24.1,13.8,6.4,1.3,14.5,0.7,0.2,1.2,0.3,0.2,0.2,0.2,0.3,0.6,1,1.5,1.9,10.2,13.3,8.5,6.6,0.4,13
2017,Mato Grosso,Urbana,Total,97.1,98.2,95.8,99.6,99.5,96.3,97.5,98.1,96.7,97.4,97,91.7,72.9,61.8,77.5,87,98,70.8,2.3,1.7,3.2,0.2,0.4,3.6,2.3,1.7,2.9,1.8,1.5,6.6,16.7,24.6,13.9,6.5,2,11.7,0.6,0.1,1,0.2,0.1,0.1,0.2,0.2,0.4,0.8,1.5,1.7,10.4,13.6,8.6,6.5,0,17.5
2017,Mato Grosso,Rural,Total,96.4,97.5,95,98.1,98.7,96.4,97.5,97.2,94.9,96.5,96,92.4,76,69.1,79.8,87.5,98.9,73.2,2.4,1.8,3.1,1,0.7,3.2,1.9,2,3.9,2,1.9,4.7,14.8,19.9,13,6.1,0,15.6,1.2,0.7,1.9,0.9,0.6,0.4,0.6,0.8,1.2,1.5,2.1,2.9,9.2,11,7.2,6.4,1.1,11.2
2017,Mato Grosso,Total,Federal,--,--,--,--,--,--,--,--,--,--,--,--,90.9,85,94.1,97.4,97.4,94.4,--,--,--,--,--,--,--,--,--,--,--,--,8.4,14,5.7,1.9,2.6,5.6,--,--,--,--,--,--,--,--,--,--,--,--,0.7,1,0.2,0.7,0,0
2017,Mato Grosso,Urbana,Federal,--,--,--,--,--,--,--,--,--,--,--,--,91.6,85.7,94.7,97.5,97.4,94.4,--,--,--,--,--,--,--,--,--,--,--,--,7.7,13.3,5,1.7,2.6,5.6,--,--,--,--,--,--,--,--,--,--,--,--,0.7,1,0.3,0.8,0,0
2017,Mato Grosso,Rural,Federal,--,--,--,--,--,--,--,--,--,--,--,--,88.4,83.1,91.7,97,--,--,--,--,--,--,--,--,--,--,--,--,--,--,11.1,16.2,8,3,--,--,--,--,--,--,--,--,--,--,--,--,--,--,0.5,0.7,0.3,0,--,--
2017,Mato Grosso,Total,Estadual,97.1,99.2,95.9,99.6,99.5,99.1,99.2,99,98.6,98.2,97.3,90.4,70.3,59.3,74.9,85.1,99.2,71.7,1.9,0.5,2.6,0.2,0.3,0.7,0.6,0.7,0.8,0.6,0.7,7.5,18,25.9,15.3,7.3,0,14.8,1,0.3,1.5,0.2,0.2,0.2,0.2,0.3,0.6,1.2,2,2.1,11.7,14.8,9.8,7.6,0.8,13.5
2017,Mato Grosso,Urbana,Estadual,97,99.3,95.9,99.5,99.5,99.1,99.2,99.1,98.6,98.2,97.3,90.2,69.7,58.3,74.6,85,100,67.2,1.9,0.5,2.7,0.3,0.3,0.7,0.6,0.7,0.8,0.7,0.7,7.7,18.5,26.5,15.5,7.4,0,12.6,1.1,0.2,1.4,0.2,0.2,0.2,0.2,0.2,0.6,1.1,2,2.1,11.8,15.2,9.9,7.6,0,20.2
2017,Mato Grosso,Rural,Estadual,97.5,99.1,96.4,99.9,99.3,99.2,98.9,98.6,98.3,98.3,97.5,91.9,74.9,67.4,78.4,86.7,98.9,73.2,1.3,0.4,2,0,0.1,0.6,0.7,0.6,0.7,0.5,0.7,5.6,15.1,20.4,13.6,6.3,0,15.6,1.2,0.5,1.6,0.1,0.6,0.2,0.4,0.8,1,1.2,1.8,2.5,10,12.2,8,7,1.1,11.2
2017,Mato Grosso,Total,Municipal,96.6,97.4,94.2,99.4,99.3,94.8,96.3,97.2,93.5,94.8,95.1,94.1,--,--,--,--,--,--,3,2.4,4.8,0.3,0.5,5,3.5,2.5,5.9,4.5,3.8,3.9,--,--,--,--,--,--,0.4,0.2,1,0.3,0.2,0.2,0.2,0.3,0.6,0.7,1.1,2,--,--,--,--,--,--
2017,Mato Grosso,Urbana,Municipal,96.7,97.5,94.4,99.7,99.5,94.7,96.2,97.3,93.7,94.7,95.2,94.8,--,--,--,--,--,--,3,2.4,5.1,0.1,0.4,5.2,3.7,2.5,5.9,4.9,4.2,4,--,--,--,--,--,--,0.3,0.1,0.5,0.2,0.1,0.1,0.1,0.2,0.4,0.4,0.6,1.2,--,--,--,--,--,--
2017,Mato Grosso,Rural,Municipal,95.8,97,93.8,97.5,98.5,95.5,97,96.8,92.8,95,94.6,92.9,--,--,--,--,--,--,2.9,2.2,4.1,1.3,0.9,3.9,2.3,2.5,5.9,3.3,3,3.7,--,--,--,--,--,--,1.3,0.8,2.1,1.2,0.6,0.6,0.7,0.7,1.3,1.7,2.4,3.4,--,--,--,--,--,--
2017,Mato Grosso,Total,Privada,98.6,99.1,97.8,99.3,99.3,99,99.1,98.8,97.9,97.7,98.2,97.6,96.2,93.9,96.6,98.2,--,--,1.3,0.8,2.1,0.7,0.6,0.9,0.8,1.2,2,2.3,1.8,2.4,3.5,5.8,3.1,1.5,--,--,0.1,0.1,0.1,0,0.1,0.1,0.1,0,0.1,0,0,0,0.3,0.3,0.3,0.3,--,--
2017,Mato Grosso,Urbana,Privada,98.6,99.1,97.8,99.3,99.3,99,99.1,98.8,97.9,97.7,98.1,97.6,96.2,93.9,96.6,98.2,--,--,1.3,0.8,2.1,0.7,0.6,0.9,0.8,1.1,2,2.2,1.8,2.4,3.5,5.8,3.1,1.5,--,--,0.1,0.1,0.1,0,0.1,0.1,0.1,0.1,0.1,0.1,0.1,0,0.3,0.3,0.3,0.3,--,--
2017,Mato Grosso,Rural,Privada,94.7,96.4,91.7,100,100,100,100,84.2,88.9,92.3,100,85.7,90.9,93.3,84.6,100,--,--,5.3,3.6,8.3,0,0,0,0,15.8,11.1,7.7,0,14.3,9.1,6.7,15.4,0,--,--,0,0,0,0,0,0,0,0,0,0,0,0,0,0,0,0,--,--
2017,Mato Grosso,Total,Pública,96.8,97.9,95.4,99.4,99.4,96,97.3,97.9,96.3,97.2,96.7,91.2,71.3,60.5,75.9,85.7,98.3,72.5,2.5,1.8,3.3,0.3,0.4,3.8,2.5,1.8,3.1,1.8,1.5,6.8,17.6,25.3,14.8,7,1.3,14.5,0.7,0.3,1.3,0.3,0.2,0.2,0.2,0.3,0.6,1,1.8,2,11.1,14.2,9.3,7.3,0.4,13
2017,Mato Grosso,Urbana,Pública,96.9,98,95.5,99.7,99.5,95.9,97.3,98,96.5,97.3,96.9,90.9,70.6,59.4,75.5,85.5,98,70.8,2.5,1.8,3.3,0.2,0.4,4,2.6,1.7,3,1.8,1.5,7.2,18,26,15,7.1,2,11.7,0.6,0.2,1.2,0.1,0.1,0.1,0.1,0.3,0.5,0.9,1.6,1.9,11.4,14.6,9.5,7.4,0,17.5
2017,Mato Grosso,Rural,Pública,96.4,97.5,95,98.1,98.7,96.4,97.5,97.2,94.9,96.5,96,92.4,76,69,79.8,87.5,98.9,73.2,2.4,1.8,3.1,1,0.7,3.2,1.9,2,3.9,2,1.9,4.7,14.8,19.9,13,6.1,0,15.6,1.2,0.7,1.9,0.9,0.6,0.4,0.6,0.8,1.2,1.5,2.1,2.9,9.2,11.1,7.2,6.4,1.1,11.2
2017,Goiás,Total,Total,95.3,96.4,94,98.9,98.6,94.5,94,96.4,93.3,93.4,94.1,95.4,92.5,89.7,92.3,95.7,83.1,91.3,3.9,3.2,4.8,0.6,1,5.2,5.6,3.1,5.7,5.4,4.5,3.3,5.2,7.8,5,2.5,0.8,4.3,0.8,0.4,1.2,0.5,0.4,0.3,0.4,0.5,1,1.2,1.4,1.3,2.3,2.5,2.7,1.8,16.1,4.4
2017,Goiás,Urbana,Total,95.4,96.5,94.1,98.9,98.7,94.5,94.2,96.5,93.4,93.5,94.1,95.4,92.4,89.8,92.2,95.6,83.1,91.3,3.8,3.1,4.7,0.6,1,5.2,5.4,3,5.6,5.3,4.5,3.3,5.2,7.8,5,2.5,0.8,4.3,0.8,0.4,1.2,0.5,0.3,0.3,0.4,0.5,1,1.2,1.4,1.3,2.4,2.4,2.8,1.9,16.1,4.4
2017,Goiás,Rural,Total,93.9,95,92.4,98.9,98.3,94.1,90.3,94.3,90,91,93.9,95.3,93.1,87.5,95.2,97.4,--,--,5,4.5,5.8,0.5,1.2,5.5,9.3,4.9,8.5,7.2,4.1,2.9,5.3,10.3,3.5,1.4,--,--,1.1,0.5,1.8,0.6,0.5,0.4,0.4,0.8,1.5,1.8,2,1.8,1.6,2.2,1.3,1.2,--,--
2017,Goiás,Total,Federal,94.9,95.3,94.5,97.4,95,98.3,96.6,89.8,93.3,91.4,98.3,95.1,89.7,84.7,92.5,94.7,82.9,--,4.9,4.7,5,2.6,5,1.7,3.4,10.2,6.7,8.6,1.7,3.3,8.5,14.2,6.1,3.7,0.9,--,0.2,0,0.5,0,0,0,0,0,0,0,0,1.6,1.8,1.1,1.4,1.6,16.2,--
2017,Goiás,Urbana,Federal,94.9,95.3,94.5,97.4,95,98.3,96.6,89.8,93.3,91.4,98.3,95.1,89.6,86.3,91.2,93.7,82.9,--,4.9,4.7,5,2.6,5,1.7,3.4,10.2,6.7,8.6,1.7,3.3,8.2,12.9,7,4.4,0.9,--,0.2,0,0.5,0,0,0,0,0,0,0,0,1.6,2.2,0.8,1.8,1.9,16.2,--
2017,Goiás,Rural,Federal,--,--,--,--,--,--,--,--,--,--,--,--,89.9,81.1,95.7,97.6,--,--,--,--,--,--,--,--,--,--,--,--,--,--,9.1,17.2,4,1.7,--,--,--,--,--,--,--,--,--,--,--,--,--,--,1,1.7,0.3,0.7,--,--
2017,Goiás,Total,Estadual,95.3,98.9,94.9,99.8,99.7,99.6,97.5,98.7,94.7,94.2,94.7,96.1,91.9,89.2,91.5,95.2,100,91.3,3.6,1,3.9,0,0.1,0.3,2.4,1.1,4.3,4.6,4,2.7,5.3,7.9,5.3,2.6,0,4.3,1.1,0.1,1.2,0.2,0.2,0.1,0.1,0.2,1,1.2,1.3,1.2,2.8,2.9,3.2,2.2,0,4.4
2017,Goiás,Urbana,Estadual,95.3,98.9,94.9,99.8,99.8,99.6,97.5,98.7,94.7,94.2,94.6,96.1,91.9,89.2,91.5,95.2,100,91.3,3.6,0.9,3.9,0,0.1,0.3,2.4,1.1,4.2,4.6,4,2.7,5.4,8,5.3,2.7,0,4.3,1.1,0.2,1.2,0.2,0.1,0.1,0.1,0.2,1.1,1.2,1.4,1.2,2.7,2.8,3.2,2.1,0,4.4
2017,Goiás,Rural,Estadual,96,98.5,95.4,98.8,98.4,99.3,97.4,99.2,94.5,94.2,96.2,96.9,94.5,91.3,94.5,97.5,--,--,3,1.1,3.5,0.6,0,0.7,2.6,0.8,5.2,4.6,2.4,1.6,3.4,5.6,3.5,1.1,--,--,1,0.4,1.1,0.6,1.6,0,0,0,0.3,1.2,1.4,1.5,2.1,3.1,2,1.4,--,--
2017,Goiás,Total,Municipal,94.3,95.5,89.9,98.8,98.4,93,92.6,95.6,89,89.3,90.4,91.6,89,83.6,91.1,95.7,--,--,4.9,3.9,8.2,0.6,1.2,6.6,6.9,3.8,9.6,8.6,7.4,6.1,6.1,10.4,3.1,2.5,--,--,0.8,0.6,1.9,0.6,0.4,0.4,0.5,0.6,1.4,2.1,2.2,2.3,4.9,6,5.8,1.8,--,--
2017,Goiás,Urbana,Municipal,94.3,95.6,89.8,98.8,98.4,93,92.8,95.7,89.1,89.3,90.1,91.2,89.3,84.1,91.4,95.3,--,--,4.9,3.9,8.3,0.6,1.2,6.6,6.7,3.7,9.6,8.6,7.7,6.5,5.8,9.9,2.6,2.7,--,--,0.8,0.5,1.9,0.6,0.4,0.4,0.5,0.6,1.3,2.1,2.2,2.3,4.9,6,6,2,--,--
2017,Goiás,Rural,Municipal,93.4,94.7,90.7,98.9,98.2,93.8,89.8,94,87.9,89.2,92.6,94.3,87.4,80.6,89.7,100,--,--,5.5,4.7,7.1,0.5,1.3,5.7,9.8,5.1,10.2,8.6,5,3.5,8,13.9,5.1,0,--,--,1.1,0.6,2.2,0.6,0.5,0.5,0.4,0.9,1.9,2.2,2.4,2.2,4.6,5.5,5.2,0,--,--
2017,Goiás,Total,Privada,98.4,99.2,97.3,99.3,99.5,99.3,98.9,99,97.4,97.1,97.2,97.5,96,93.6,96.4,98.3,--,--,1.5,0.7,2.5,0.5,0.5,0.6,1.1,1,2.4,2.8,2.5,2.3,3.6,5.9,3.1,1.4,--,--,0.1,0.1,0.2,0.2,0,0.1,0,0,0.2,0.1,0.3,0.2,0.4,0.5,0.5,0.3,--,--
2017,Goiás,Urbana,Privada,98.4,99.2,97.3,99.2,99.5,99.3,98.9,99,97.4,97.1,97.2,97.5,96,93.6,96.4,98.3,--,--,1.5,0.7,2.5,0.5,0.5,0.6,1.1,1,2.4,2.8,2.5,2.3,3.6,5.9,3.1,1.4,--,--,0.1,0.1,0.2,0.3,0,0.1,0,0,0.2,0.1,0.3,0.2,0.4,0.5,0.5,0.3,--,--
2017,Goiás,Rural,Privada,97.8,98.2,97.6,100,100,98.6,98.5,94.9,98.9,97.8,97.7,96.5,96.8,96.3,97.3,96.8,--,--,2.2,1.8,2.4,0,0,1.4,1.5,5.1,1.1,2.2,2.3,3.5,2.5,3.7,1.9,2,--,--,0,0,0,0,0,0,0,0,0,0,0,0,0.7,0,0.8,1.2,--,--
2017,Goiás,Total,Pública,94.6,95.7,93.3,98.9,98.4,93.4,92.9,95.8,92.4,92.6,93.4,95,91.8,89,91.6,95.2,83.1,91.3,4.5,3.8,5.3,0.6,1.2,6.2,6.6,3.6,6.4,5.9,5,3.5,5.5,8.2,5.3,2.7,0.8,4.3,0.9,0.5,1.4,0.5,0.4,0.4,0.5,0.6,1.2,1.5,1.6,1.5,2.7,2.8,3.1,2.1,16.1,4.4
2017,Goiás,Urbana,Pública,94.7,95.8,93.3,98.9,98.4,93.4,93.1,95.9,92.5,92.7,93.4,94.9,91.8,89.1,91.5,95.1,83.1,91.3,4.4,3.7,5.2,0.6,1.2,6.3,6.4,3.5,6.3,5.9,5,3.6,5.4,8.1,5.4,2.7,0.8,4.3,0.9,0.5,1.5,0.5,0.4,0.3,0.5,0.6,1.2,1.4,1.6,1.5,2.8,2.8,3.1,2.2,16.1,4.4
2017,Goiás,Rural,Pública,93.8,94.9,92.2,98.9,98.2,94,90.2,94.3,89.8,90.8,93.8,95.2,92.5,86.1,94.8,97.5,--,--,5.1,4.5,5.9,0.5,1.2,5.5,9.4,4.9,8.7,7.4,4.1,2.9,5.8,11.4,3.7,1.3,--,--,1.1,0.6,1.9,0.6,0.6,0.5,0.4,0.8,1.5,1.8,2.1,1.9,1.7,2.5,1.5,1.2,--,--
2017,Distrito Federal,Total,Total,91.3,95.3,86.7,98.5,99,88.2,97.2,94.5,85.5,85.3,89.2,87.1,82.8,76.1,85.9,89.2,--,--,7.5,4.6,11,1.3,0.9,11.7,2.5,5.4,11.8,12.4,8.8,10.6,12.6,17.4,10.2,8.4,--,--,1.2,0.1,2.3,0.2,0.1,0.1,0.3,0.1,2.7,2.3,2,2.3,4.6,6.5,3.9,2.4,--,--
2017,Distrito Federal,Urbana,Total,91.4,95.4,86.8,98.5,99,88.4,97.2,94.7,85.6,85.3,89.2,87.2,82.8,76.2,85.9,89,--,--,7.4,4.4,10.9,1.2,0.9,11.4,2.5,5.1,11.6,12.3,8.8,10.4,12.6,17.4,10.3,8.5,--,--,1.2,0.2,2.3,0.3,0.1,0.2,0.3,0.2,2.8,2.4,2,2.4,4.6,6.4,3.8,2.5,--,--
2017,Distrito Federal,Rural,Total,89.5,92.6,84.4,98.1,98.9,83,97,89.3,81,84,90.5,83,83.7,75.1,86.9,94.9,--,--,9.4,7.1,13.2,1.7,0.9,16.6,2.6,10.5,16.2,13.8,7.3,14.8,11.5,18.1,8.5,3.5,--,--,1.1,0.3,2.4,0.2,0.2,0.4,0.4,0.2,2.8,2.2,2.2,2.2,4.8,6.8,4.6,1.6,--,--
2017,Distrito Federal,Total,Federal,98,--,98,--,--,--,--,--,100,98.7,100,96.1,87.2,80.9,92,94.6,--,--,2,--,2,--,--,--,--,--,0,1.3,0,3.9,11,16.4,6.9,4.8,--,--,0,--,0,--,--,--,--,--,0,0,0,0,1.8,2.7,1.1,0.6,--,--
2017,Distrito Federal,Urbana,Federal,98,--,98,--,--,--,--,--,100,98.7,100,96.1,88.6,83,92.6,94.8,--,--,2,--,2,--,--,--,--,--,0,1.3,0,3.9,9.9,14.7,6.5,4.5,--,--,0,--,0,--,--,--,--,--,0,0,0,0,1.5,2.3,0.9,0.7,--,--
2017,Distrito Federal,Rural,Federal,--,--,--,--,--,--,--,--,--,--,--,--,78.2,68.5,86.6,93.5,--,--,--,--,--,--,--,--,--,--,--,--,--,--,18.1,26.2,10.4,6.5,--,--,--,--,--,--,--,--,--,--,--,--,--,--,3.7,5.3,3,0,--,--
2017,Distrito Federal,Total,Estadual,88.7,93.6,83,98,98.6,84.3,96.5,92.8,81.4,81.2,86.4,83.4,78.3,70.9,81.8,85.7,--,--,9.7,6.1,13.8,1.7,1.2,15.4,3.2,7,15,15.7,10.9,13.3,15.5,20.6,12.8,10.8,--,--,1.6,0.3,3.2,0.3,0.2,0.3,0.3,0.2,3.6,3.1,2.7,3.3,6.2,8.5,5.4,3.5,--,--
2017,Distrito Federal,Urbana,Estadual,88.7,93.7,83,98,98.6,84.4,96.4,93,81.4,81.2,86.3,83.5,78.2,70.9,81.7,85.5,--,--,9.7,6.1,13.8,1.7,1.2,15.3,3.3,6.7,14.9,15.7,11,13.2,15.6,20.6,12.9,11,--,--,1.6,0.2,3.2,0.3,0.2,0.3,0.3,0.3,3.7,3.1,2.7,3.3,6.2,8.5,5.4,3.5,--,--
2017,Distrito Federal,Rural,Estadual,89.2,92.6,83.3,98,98.9,82.9,97,89.2,81,81.9,89.6,81.7,82.9,74.1,86.4,94.1,--,--,9.7,7.1,14.2,1.7,0.9,16.7,2.7,10.6,16.2,15.6,8,16,11.7,18.3,8.4,3.9,--,--,1.1,0.3,2.5,0.3,0.2,0.4,0.3,0.2,2.8,2.5,2.4,2.3,5.4,7.6,5.2,2,--,--
2017,Distrito Federal,Total,Privada,98.5,99.5,97.2,99.7,99.8,99.6,99.3,99.2,98,97.2,97,96.5,95.5,92.9,96.7,97.5,--,--,1.5,0.5,2.8,0.2,0.2,0.4,0.7,0.8,2,2.7,3,3.4,4.4,7,3.3,2.4,--,--,0,0,0,0.1,0,0,0,0,0,0.1,0,0.1,0.1,0.1,0,0.1,--,--
2017,Distrito Federal,Urbana,Privada,98.5,99.5,97.2,99.7,99.8,99.6,99.3,99.2,98,97.2,97,96.5,95.5,92.9,96.7,97.5,--,--,1.5,0.5,2.8,0.2,0.2,0.4,0.7,0.8,2,2.7,3,3.5,4.4,7,3.3,2.4,--,--,0,0,0,0.1,0,0,0,0,0,0.1,0,0,0.1,0.1,0,0.1,--,--
2017,Distrito Federal,Rural,Privada,99,100,98.9,100,100,100,100,100,--,97.9,100,100,98,98.6,93.8,100,--,--,1,0,1.1,0,0,0,0,0,--,2.1,0,0,2,1.4,6.2,0,--,--,0,0,0,0,0,0,0,0,--,0,0,0,0,0,0,0,--,--
2017,Distrito Federal,Total,Pública,88.7,93.6,83,98,98.6,84.3,96.5,92.8,81.4,81.2,86.5,83.5,78.5,71.2,82.1,85.8,--,--,9.7,6.1,13.8,1.7,1.2,15.4,3.2,7,15,15.7,10.8,13.3,15.4,20.5,12.6,10.7,--,--,1.6,0.3,3.2,0.3,0.2,0.3,0.3,0.2,3.6,3.1,2.7,3.2,6.1,8.3,5.3,3.5,--,--
2017,Distrito Federal,Urbana,Pública,88.7,93.7,83,98,98.6,84.4,96.4,93,81.4,81.2,86.3,83.6,78.4,71.1,82,85.6,--,--,9.7,6.1,13.8,1.7,1.2,15.3,3.3,6.7,14.9,15.7,11,13.1,15.5,20.5,12.8,10.9,--,--,1.6,0.2,3.2,0.3,0.2,0.3,0.3,0.3,3.7,3.1,2.7,3.3,6.1,8.4,5.2,3.5,--,--
2017,Distrito Federal,Rural,Pública,89.2,92.6,83.3,98,98.9,82.9,97,89.2,81,81.9,89.6,81.7,82.3,73.3,86.4,94,--,--,9.7,7.1,14.2,1.7,0.9,16.7,2.7,10.6,16.2,15.6,8,16,12.4,19.4,8.7,4.1,--,--,1.1,0.3,2.5,0.3,0.2,0.4,0.3,0.2,2.8,2.5,2.4,2.3,5.3,7.3,4.9,1.9,--,--
2017,Distrito Federal,Rural,Pública,89.2,92.6,83.3,98,98.9,82.9,97,89.2,81,81.9,89.6,81.7,82.3,73.3,86.4,94,--,--,9.7,7.1,14.2,1.7,0.9,16.7,2.7,10.6,16.2,15.6,8,16,12.4,19.4,8.7,4.1,--,--,1.1,0.3,2.5,0.3,0.2,0.4,0.3,0.2,2.8,2.5,2.4,2.3,5.3,7.3,4.9,1.9,--,--
Fonte: Censo da Educação Básica 2017/INEP.,Distrito Federal,Rural,Pública,89.2,92.6,83.3,98,98.9,82.9,97,89.2,81,81.9,89.6,81.7,82.3,73.3,86.4,94,--,--,9.7,7.1,14.2,1.7,0.9,16.7,2.7,10.6,16.2,15.6,8,16,12.4,19.4,8.7,4.1,--,--,1.1,0.3,2.5,0.3,0.2,0.4,0.3,0.2,2.8,2.5,2.4,2.3,5.3,7.3,4.9,1.9,--,--
